u,t,theta
"[0.37439287114704495, -14.825847939964985, 0.0867589354192276, 0.37439287114715736]",65.25170902010773,0.0
"[0.37482947158694785, -14.8189188563973, 0.0867865064707262, 0.3748294715869743]",65.23606076702715,0.003143164235707647
"[0.37394041544213424, -14.783936173081926, 0.0870048783785529, 0.37394041544220014]",65.22202167633009,0.006286328471415294
"[0.37176207164516506, -14.721821481500598, 0.08741017923389403, 0.37176207164521596]",65.20956374411722,0.009429492707122941
"[0.36832062714188224, -14.633331678410226, 0.08800128971807046, 0.36832062714189356]",65.19867311852506,0.012572656942830588
"[0.36363239594501506, -14.519065276806543, 0.0887797782640767, 0.3636323959452017]",65.18934977603804,0.015715821178538234
"[0.3577038405874238, -14.379465324236248, 0.08974994800259074, 0.3577038405875018]",65.18160754806573,0.018858985414245882
"[0.35053123427560945, -14.214817525416384, 0.09091900900614132, 0.35053123427574434]",65.17547453314268,0.02200214964995353
"[0.34210009928336266, -14.02524715716377, 0.09229736279499987, 0.3421000992834185]",65.1709941859622,0.025145313885661175
"[0.33238414367576635, -13.810709059178478, 0.09389906110527119, 0.33238414367583524]",65.16822681273351,0.02828847812136882
"[0.32134391599812256, -13.570976917693715, 0.09574242915315756, 0.3213439159982813]",65.1672518881178,0.03143164235707647
"[0.30892473390261604, -13.305623620421954, 0.09785096625255327, 0.30892473390266784]",65.1681711468078,0.03457480659278411
"[0.2950540703754727, -13.013999312557957, 0.10025455340646343, 0.2950540703755123]",65.17111286970436,0.037717970828491765
"[0.2796376595981408, -12.695195058143481, 0.10299118369023616, 0.27963765959822084]",65.17623766687086,0.04086113506419941
"[0.2625545872768192, -12.34800339614867, 0.10610930944105051, 0.26255458727694136]",65.18374643343243,0.04400429929990706
"[0.243649792672729, -11.970851785522495, 0.10967130224447018, 0.243649792672863]",65.19389141920762,0.047147463535614706
"[0.2227243950686808, -11.561731092289369, 0.1137583008961366, 0.22272439506871736]",65.20699168080822,0.05029062777132235
"[0.1995205892013412, -11.118075660401828, 0.11847762599584977, 0.19952058920142818]",65.22345563912069,0.05343379200703
"[0.17369998021096494, -10.63661085593977, 0.12397397323232184, 0.17369998021203165]",65.24381417947521,0.05657695624273764
"[0.1448095924782986, -10.113122203407912, 0.13044727341740106, 0.1448095924783851]",65.26877158145203,0.05972012047844529
"[0.11222753408930168, -9.54211742396957, 0.1381821371043126, 0.11222753408931406]",65.299286290545,0.06286328471415294
"[0.0750698941168145, -8.916284410267103, 0.14759927633860168, 0.07506989411738402]",65.33670657743897,0.06600644894986059
"[0.03202352417842716, -8.22562708334744, 0.15935030451005808, 0.03202352417844703]",65.38300994572054,0.06914961318556823
"[-0.01898674653197334, -7.455907452173451, 0.17450812683450845, -0.018986746531898843]",65.44126379746733,0.07229277742127588
"[-0.08153497547925455, -6.585671889933211, 0.19498839329463763, -0.08153497547918673]",65.51660007594181,0.07543594165698353
"[-0.1626350725790101, -5.579658645470048, 0.22462031419970083, -0.16263507257894183]",65.61859310072806,0.07857910589269117
"[-0.2794461359081291, -4.37093252758934, 0.27239865211077346, -0.27944613590808093]",65.7683431276258,0.08172227012839882
"[-0.4996466210844889, -2.788003521566213, 0.36246259787220236, -0.49964662108447344]",66.02559497200419,0.08486543436410646
"[-1.0930633277453834, 0.021076324341458043, -0.619076202472122, -1.093063327745353]",65.81162898450508,0.08800859859981412
"[1.4406185686059907, -0.2899294653940052, -0.6312940959839805, 1.4406185686060147]",66.1830550663073,0.09115176283552176
"[0.6327665099714208, -3.0470805132483036, 0.31163066323097327, 0.6327665099714529]",64.81074959049329,0.09429492707122941
"[0.16893344267868368, -2.7937346760084774, 0.4060723387970463, 0.16893344267869187]",64.18870675038902,0.09743809130693705
"[-0.2231710939629937, 0.024464957477109223, -6.738951969830163, -0.22317109396314197]",60.463866029783276,0.1005812555426447
"[0.5467219281957001, -7.038154233683208, 0.16229939524619097, 0.5467219281957182]",64.65169327445678,0.10372441977835235
"[0.7967900848047029, -11.450243362785699, 0.0890334893789163, 0.796790084804948]",67.27009853914322,0.10686758401406
"[0.7543962710705167, -10.701908822757964, 0.09784085802423209, 0.7543962710705291]",63.586827526159205,0.11001074824976764
"[0.3036413837654665, -8.319426325800107, 0.15211239294881185, 0.3036413837655717]",64.63796179270004,0.11944024095689058
"[1.0303190777217364, -7.458956806411735, 0.10213393989532633, 1.030319077721913]",54.5285310597051,0.12258340519259824
"[-0.10908139108829339, -4.817186615845041, 0.2574863693832988, -0.10908139108824204]",67.09447783082375,0.12886973366401352
"[-0.3198208997723977, -3.2560403983385657, 0.3454877613113234, -0.3198208997723778]",63.75936384729698,0.13201289789972118
"[1.104182312183625, -22.45291637963252, 0.03413795006174511, 1.1041823121842584]",62.89957251720786,0.13515606213542883
"[1.3942891349617463, -0.3833708998728428, -0.5067874115139749, 1.3942891349617466]",61.52305511355904,0.1414423906068441
"[0.7781646325965739, -0.4476528851760408, -0.14037866631541163, 0.7781646325965825]",52.721812376421184,0.14458555484255176
"[-0.06313326965496352, -4.070978914019126, 0.29927123186853266, -0.06313326965494503]",54.65068579701053,0.15087188331396706
"[0.8322505834900382, -0.48545598213268437, -0.07410166083836728, 0.8322505834900531]",49.775212869926364,0.15401504754967468
"[0.7463603154590377, 0.1796459842808362, -1.4221748714964078, 0.746360315459034]",48.24206768795724,0.16030137602109001
"[-0.9054836050410415, -1.2839999991494189, 0.3310867779195608, -0.905483605041033]",67.14131216210939,0.16344454025679764
"[-0.9125788749437805, -1.2637673563132226, 0.3253277084806978, -0.9125788749437792]",70.65797495629177,0.1665877044925053
"[1.1002041015355173, -14.849996557721976, 0.05043200779106731, 1.1002041015355624]",61.148866478728934,0.1697308687282129
"[0.2161782849840062, -0.8436516245679684, 0.7478078584310274, 0.21617828498400782]",53.07405244178511,0.1728740329639206
"[0.47337818553568656, -7.895809391927517, 0.1511069720756627, 0.4733781855357487]",67.33278185260042,0.17601719719962824
"[0.6048693160922796, -1.9043428814416774, 0.4430960701479615, 0.6048693160922891]",69.86276279487892,0.17916036143533587
"[-0.8125183677132564, -0.6261204609726567, 0.10637141175584708, -0.8125183677132342]",68.48732289701073,0.18230352567104352
"[0.009650586278179366, -4.251488862994558, 0.28870794237952735, 0.009650586278206431]",68.13872754349764,0.18544668990675117
"[-0.07605211073135489, -3.3983634783395273, 0.3489147142527685, -0.07605211073093314]",67.39340348570826,0.18858985414245882
"[0.28316470208352723, -10.553437596275721, 0.12249636143189728, 0.2831647020836081]",67.6520602303109,0.19173301837816648
"[0.5163016926053708, -2.486366025956901, 0.39190103992001896, 0.5163016926053718]",54.21457988271603,0.1948761826138741
"[-0.5874043275664877, 0.1644633625686463, -1.4372783624504017, -0.5874043275664836]",68.47280911406168,0.19801934684958175
"[1.162472326578768, -0.5195929908583506, -0.19451683411961027, 1.1624723265787726]",45.36605675092662,0.2011625110852894
"[1.200230004480852, -0.3811194095752223, -0.37527401458740145, 1.2002300044808623]",45.055094790817655,0.20430567532099703
"[0.4820353247916998, -1.088750817584633, 0.6694790439483429, 0.4820353247916998]",53.95530032234091,0.2074488395567047
"[0.20075234518158513, 0.05663132476204461, -1.4061741369734397, 0.2007523451815973]",44.6053286483381,0.21059200379241236
"[0.3605731936270489, -0.15255146873247924, -0.81040196142252, 0.3605731936270554]",44.36154409421426,0.21373516802812
"[0.28695996249405314, -0.4073134946557354, -0.3269581507052851, 0.28695996249406125]",44.025624661877586,0.21687833226382763
"[0.29071840746119704, -0.24432025806946586, -0.7206292779735481, 0.29071840746120775]",43.934393549100264,0.22630782497095056
"[1.1301776138437465, -0.4690775821315783, -0.2302280352136804, 1.1301776138437882]",44.77288015111558,0.2294509892066582
"[0.1786642322410875, -4.6636814266624, 0.2626798816300984, 0.17866423224109415]",66.69302263036383,0.23888048191378117
"[0.6409651051342831, -18.65826459161546, 0.06233016516771107, 0.6409651051345377]",66.57930862954109,0.24202364614948882
"[0.5758707392231257, -1.3026617530806357, 0.563451174739253, 0.5758707392231329]",65.08817872055754,0.24516681038519647
"[-0.22164171864190077, 0.29888140279818115, -2.0348383245404302, -0.22164171864190463]",60.733732144852475,0.2483099746209041
"[-0.5244247669795222, -0.5005172195178499, -0.3060386515425495, -0.524424766979456]",49.94587978616787,0.25145313885661175
"[1.2480833749923845, -0.1757425777199135, -0.6467625333143244, 1.2480833749923872]",46.15683824624991,0.2545963030923194
"[1.0444489502338437, 0.278779472396813, -1.0924318853260224, 1.0444489502338439]",46.38091609506383,0.2608826315637347
"[0.8974664923033524, -7.020939744437266, 0.1259296971352339, 0.8974664923034574]",65.7626011407394,0.26402579579944235
"[0.7119479055025317, -10.57946070789421, 0.10184913984867944, 0.7119479055025358]",58.796708152262276,0.26716896003515
"[0.597058619783369, -0.6296523099455202, 0.32508595040802485, 0.597058619783372]",46.822621363303014,0.27031212427085766
"[0.9778239161143587, -0.23463447183948843, -0.69387076087875, 0.97782391611436]",47.466935880162865,0.2734552885065653
"[0.4857994201858933, -8.51860924464701, 0.14025337859514742, 0.48579942018591915]",58.6069349383454,0.2765984527422729
"[1.050502374829688, -21.138818386768516, 0.038873427721511575, 1.050502374829912]",60.280394470840164,0.3017437666279341
"[0.8774622420406214, -18.72743521150804, 0.052494152926035154, 0.877462242040706]",60.68688214357728,0.30488693086364177
"[-0.9070711944272749, 0.09170531395108983, -0.7767091421635121, -0.9070711944272737]",62.24748647440806,0.30803009509934937
"[-0.9870497888531937, -0.14561957385698807, -0.468828846550448, -0.9870497888531908]",57.62521103528907,0.311173259335057
"[0.6125650798298038, 0.4455639892966708, -0.9820381799745016, 0.6125650798298078]",67.90083912448716,0.3268890805135953
"[0.15517922007091764, -5.3328944688143265, 0.23410350525777793, 0.15517922007094245]",62.72251178382915,0.3300322447493029
"[1.1791112314837573, -0.42332455024133986, -0.31321677569905004, 1.1791112314837642]",45.44030040093938,0.33631857322071823
"[-0.20003418753682253, -0.001203735224662853, -36.416651823367616, -0.2000341842323338]",46.81795021725483,0.3394617374564258
"[1.1634495996716279, 0.17671135832980212, -1.012401768032073, 1.1634495996716308]",45.81002950039144,0.3426049016921335
"[-0.12857456577037715, -4.314677253283086, 0.283005219322765, -0.12857456577033302]",69.96716626450791,0.3457480659278412
"[0.2787323808979481, -0.7515836483585423, 0.563377125537331, 0.2787323808979576]",52.78778179478397,0.34889123016354884
"[-0.9102461048648669, -0.10758046210958173, -0.5713002362664341, -0.9102461048648535]",64.14174120906623,0.3520343943992565
"[0.8419621590019737, -23.734565410901535, 0.043159882381545576, 0.8419621590019865]",65.75196157994803,0.3551775586349641
"[1.1397949193852581, -30.369005904663968, 0.02429538220142533, 1.1397949193858592]",65.42578368480595,0.35832072287067174
"[1.1814730033242287, -31.127115673622548, 0.022173787117678673, 1.1814730033256349]",65.26151026900197,0.3614638871063794
"[1.1332182776763358, -29.83546521959404, 0.024961222640516575, 1.1332182776765087]",65.170415607136,0.36460705134208704
"[1.0526089337132156, -27.852408469110255, 0.02982067472574691, 1.052608933713237]",65.1231135494039,0.3677502155777947
"[0.9610110087651128, -25.676345024755218, 0.035828946032572924, 0.9610110087655523]",65.10536522524184,0.37089337981350234
"[0.8661207749809354, -23.48395950204506, 0.04272204671640465, 0.8661207749812456]",65.10975503590504,0.37403654404921
"[0.7701765345490186, -21.327493927271373, 0.05053767730810924, 0.7701765345496024]",65.1326030595065,0.37717970828491765
"[0.6730072374240528, -19.20832371115555, 0.05952025747006164, 0.6730072374240713]",65.17263390163573,0.3803228725206253
"[0.5730838648640911, -17.10415445440803, 0.0701485277606275, 0.5730838648643161]",65.23052424297912,0.38346603675633295
"[0.4676291079629622, -14.977117810951157, 0.08328823653492419, 0.46762910796311713]",65.30912737811174,0.38660920099204055
"[0.3519173760062587, -12.771166775839694, 0.10060982940257726, 0.35191737600642653]",65.41468257574654,0.3897523652277482
"[0.21688602039711513, -10.396593115133344, 0.1258397488724065, 0.21688602039719532]",65.56053342655218,0.3928955294634559
"[0.04009858882010292, -7.678857007413763, 0.16975897383277438, 0.04009858882011477]",65.78068594279439,0.3960386936991635
"[-0.28136726886543056, -4.100063858505995, 0.28769112888225307, -0.2813672688654228]",66.21782867807762,0.39918185793487115
"[-0.6690708931159782, -0.5125648214554099, -0.14338818107414458, -0.6690708931159545]",67.05743401736021,0.4023250221705788
"[1.3890286168160089, -0.1440698580387931, -0.7348997820142441, 1.3890286168160129]",55.70614917633642,0.40861135064199405
"[0.3153783054447102, -0.4700775473800233, -0.1354055748699076, 0.3153783054447121]",55.784242409098184,0.41175451487770176
"[-0.2351711933216269, 0.02374377308038666, -5.965660522990742, -0.23517119332194386]",57.55346108221255,0.4148976791134094
"[-0.007094099260360098, -5.266452109955882, 0.23910187876966132, -0.007094099260336078]",65.43131944182754,0.418040843349117
"[-0.428487461783947, -1.1703356867666987, 0.631047023070564, -0.4284874617839338]",53.57799946908331,0.4243271718205323
"[0.6531707981913079, -1.6093888721461593, 0.4680508142082229, 0.6531707981913325]",63.85566507970396,0.42747033605624
"[0.3863014882750884, -0.503653645323066, 0.00700968139092917, 0.3863014882750904]",53.3732659959402,0.4306135002919476
"[0.4871502114084713, 0.09750215401147894, -1.0633426361684755, 0.4871502114084736]",53.93161318141062,0.43375666452765527
"[-0.2025719827753385, 0.00785941438524775, -13.831061481045067, -0.2025719828155756]",53.305440849886075,0.43689982876336286
"[0.7191588496593433, -1.1082525580554352, 0.4945452547769554, 0.7191588496593517]",65.45896780243072,0.44004299299907057
"[-0.9607063271658628, -0.44580446860296113, -0.11685171508529438, -0.9607063271658542]",65.446519123703,0.4431861572347783
"[0.29234988856574967, -5.345314148390555, 0.22765703252912525, 0.29234988856585903]",68.87383402744476,0.4463293214704859
"[0.6697070340684423, -9.835527046590549, 0.11190588880018627, 0.6697070340684805]",67.57283956774347,0.4494724857061935
"[-0.14369553483968786, -5.460309697716785, 0.22955217439744674, -0.1436955348396433]",69.64960574746436,0.4526156499419011
"[0.4461467174065969, -14.735971678193257, 0.08525434271593883, 0.44614671740678]",69.00723436725336,0.45575881417760883
"[0.7290179809893389, -20.655108867122774, 0.053610389457444924, 0.7290179809894437]",68.87030562064548,0.4589019784133164
"[0.9112554496547534, -24.805064951610337, 0.03891471284953349, 0.9112554496548239]",68.87624301370766,0.46204514264902413
"[0.9912604410534505, -26.78145717042164, 0.03330462536704696, 0.9912604410543259]",68.96889311780951,0.46518830688473173
"[0.9467643316991037, -25.92528104806011, 0.03602373230369976, 0.9467643316993077]",69.12469634076629,0.4683314711204394
"[0.7726387224800355, -22.118660919694552, 0.04871567708397865, 0.7726387224801077]",69.3338366533012,0.4714746353561471
"[0.48411092039492193, -15.99539653481252, 0.07773296795913677, 0.4841109203950933]",69.61643345478583,0.4746177995918547
"[0.05918494319252814, -8.318432595084287, 0.15755208209725519, 0.0591849431928603]",70.0921638538738,0.47776096382756233
"[-0.07249059308513696, -4.139952956659658, 0.2947868077052505, -0.07249059308511514]",57.611966732583525,0.48090412806326993
"[-0.09078183102050566, -4.021714816548009, 0.30187186006492034, -0.09078183102048791]",57.65724982486327,0.48404729229897764
"[0.2139233224460444, -6.315876776830944, 0.19934902620016107, 0.21392332244606124]",57.35837585673442,0.48719045653468523
"[0.5384519740748777, -9.343747924288428, 0.1258819225028728, 0.5384519740748852]",57.09592547917433,0.49033362077039294
"[0.8052813174018013, -12.067608470865357, 0.08424802989282824, 0.8052813174018977]",56.90238267409325,0.49347678500610054
"[0.9679522660475862, -13.709133626796708, 0.06425396175704638, 0.9679522660476638]",56.75211424375146,0.4966199492418082
"[0.9857102116724648, -13.720466708649713, 0.06293533352769713, 0.9857102116727212]",56.647010716370886,0.4997631134775159
"[0.8514659896490103, -12.09274118131921, 0.08090225278946171, 0.8514659896490828]",56.61480700811027,0.5029062777132235
"[0.577797607061609, -9.17724669407929, 0.1255616759668882, 0.5777976070616314]",56.712423965393185,0.5060494419489312
"[0.32621536370412624, -3.634703441551139, 0.3147227804976744, 0.32621536370433357]",50.50869972993268,0.5091926061846388
"[0.035405539057912154, -3.9608312608681477, 0.3068142722852271, 0.035405539057919065]",63.09361047824908,0.5123357704203465
"[-0.6597267174600505, -0.8345313788698733, 0.37751052663426926, -0.6597267174600473]",60.556193903749744,0.5154789346560541
"[-0.8387579130487299, 0.15462244029722033, -0.9062736187603524, -0.8387579130487283]",61.06323447729806,0.5217652631274694
"[0.2424217410634876, -4.636956739390388, 0.2609681018079702, 0.2424217410635389]",60.021191502216425,0.524908427363177
"[0.13355470409293094, -4.407630172458255, 0.2776490323517276, 0.1335547040929495]",60.64597870469517,0.5280515915988847
"[-0.9567609367220624, -0.4680405317770993, -0.09108533592421164, -0.9567609367220562]",59.34629662099907,0.5311947558345923
"[0.4962615306166299, -0.2998981281314016, -0.43756902769359235, 0.4962615306166483]",48.57724413205037,0.5343379200703
"[0.8025460564004795, -0.007017182183905218, -7.272051918138861, 0.8025460564024072]",55.39305673418676,0.5374810843060076
"[-0.047453763628009314, 0.4043424488262603, -1.6101887995781876, -0.04745376362801219]",55.8417612722457,0.5406242485417153
"[-0.3599356827604205, -2.891044334825475, 0.37535598930954456, -0.3599356827603585]",61.520885718920766,0.5437674127774229
"[0.138771292331359, -6.645053640746781, 0.192429136197992, 0.1387712923314001]",60.819118733829114,0.5469105770131306
"[0.32584849012003314, -8.590821511809262, 0.14684262695714131, 0.32584849012008915]",60.51877543532498,0.5500537412488382
"[0.43452486372969307, -9.775071270528505, 0.12597494202629736, 0.4345248637297295]",60.31829921716156,0.5531969054845458
"[0.5008939620797515, -10.482561382416439, 0.11504357971111637, 0.5008939620798131]",60.16731862867484,0.5563400697202535
"[0.539034007800136, -10.85268637397474, 0.10953534327694717, 0.5390340078001501]",60.04808811027207,0.5594832339559611
"[0.5562777649363487, -10.969077980178477, 0.10758209058232485, 0.5562777649364312]",59.952445003092606,0.5626263981916688
"[0.556947213743274, -10.886346750228583, 0.10830940705388618, 0.5569472137433417]",59.87617549332321,0.5657695624273764
"[0.5436353807453468, -10.640721289793042, 0.1113305469052793, 0.5436353807454055]",59.81714246598997,0.5689127266630841
"[0.5177028415631953, -10.254895493887487, 0.11657555683178797, 0.5177028415632184]",59.774608871947606,0.5720558908987917
"[0.4794129180370181, -9.740039342461074, 0.12426476640569795, 0.47941291803706626]",59.74909999698784,0.5751990551344994
"[0.4277807242231672, -9.095660383516027, 0.1349983006556675, 0.4277807242232271]",59.7426761941208,0.578342219370207
"[0.3599917736036317, -8.306707794245712, 0.15003849167239897, 0.35999177360367246]",59.75981993090333,0.5814853836059147
"[0.26979525856394637, -7.335172636531026, 0.172099408833914, 0.26979525856416603]",59.809785690863976,0.5846285478416223
"[0.1424561464425756, -6.096387484992639, 0.2079661509068682, 0.14245614644259633]",59.9137797082178,0.5877717120773299
"[-0.06898033375888259, -4.37208772958406, 0.2811908493073637, -0.06898033375886614]",60.13629695748751,0.5909148763130376
"[-1.014143241082066, -0.8924631649519323, 0.18021305676325564, -1.0141432410820623]",60.5789538220748,0.5940580405487452
"[0.8130292144516337, -1.8110806377509294, 0.36438936554062684, 0.8130292144516442]",58.06504077413778,0.5972012047844529
"[0.11619295241132574, -0.8130411459405972, 0.6005403775935797, 0.11619295241132903]",58.282978025055044,0.6003443690201605
"[1.420693931956729, -0.030886391248418577, -0.8691252982698036, 1.4206939319567686]",52.592481497453804,0.6034875332558682
"[0.39808487012108157, -3.8027640374354927, 0.2956673263730155, 0.39808487012108584]",58.54389489041675,0.6066306974915759
"[-0.3325805828538202, 0.12503925324458784, -2.658176739420379, -0.33258058285386866]",56.65315534467955,0.6097738617272835
"[-0.5937953496811013, -1.921547974832972, 0.44196926174422796, -0.5937953496810988]",64.25000939914665,0.6129170259629911
"[0.1908834371124416, -4.797165378546501, 0.2557582007799555, 0.1908834371124544]",62.54494291667526,0.6160601901986987
"[0.43451840811209663, -0.3147754795632083, -0.417396836455684, 0.434518408112181]",51.23528735752219,0.6192033544344064
"[-0.41129750066092047, -0.6899939692325935, 0.13373730735579284, -0.41129750066091325]",50.28547387669641,0.622346518670114
"[-0.07285177762017418, -0.6837714556104431, 0.14143201160503732, -0.07285177762015774]",50.31070638070868,0.6254896829058217
"[1.4714376151861546, -0.243985261084276, -0.7003635030920449, 1.4714376151861739]",56.96074426750772,0.6286328471415293
"[0.2728377417261093, 0.9704209636418104, -1.1137476342641854, 0.2728377417261125]",60.81607454551414,0.631776011377237
"[-0.48359026779945874, -1.889171496729566, 0.48364340143318757, -0.48359026779944425]",70.6670504478315,0.6349191756129448
"[0.8897310667278943, -12.448760478870666, 0.07607172752489783, 0.889731066728117]",64.87269348135159,0.6380623398486523
"[-0.25880200925599645, -2.8644132179522943, 0.3902900886909863, -0.2588020092559926]",62.15706016902695,0.6412055040843601
"[1.0586152592786569, -0.6363404193666766, 0.0019764088110756856, 1.058615259278658]",53.16547777386986,0.6506349967914828
"[0.3960857012670403, -0.01762725909721854, -0.9771425196539512, 0.39608570126704923]",51.62836258452297,0.6537781610271906
"[0.31693819066722967, -0.5698884209053404, 0.1225087832536043, 0.3169381906672333]",51.29563847083929,0.6569213252628981
"[0.02247409641957438, -4.815261621636212, 0.25881790261544774, 0.022474096419591482]",60.98410247882454,0.6600644894986059
"[1.2231871243058001, -16.370646740216333, 0.03736611732312863, 1.2231871243059511]",59.70294663423917,0.6632076537343136
"[1.0663890226815655, -14.235051961750308, 0.054997621896281775, 1.0663890226817634]",59.506747682768584,0.6663508179700212
"[0.856785094954582, -11.794907204530176, 0.08239510179118761, 0.8567850949547374]",59.47802708694137,0.6694939822057289
"[0.6567413738740568, -9.661249387413212, 0.11465786881660417, 0.656741373874064]",59.53343575647896,0.6726371464414365
"[0.45464289993374246, -7.705775180530565, 0.15564805707694943, 0.4546428999337923]",59.66172405124609,0.6757803106771441
"[0.22076942930039534, -5.728639515627495, 0.21737212067272377, 0.2207694293004167]",59.88972192349946,0.6789234749128517
"[-0.1495100339365667, -3.3359543609821602, 0.35168930764810424, -0.14951003393651113]",60.345497109354575,0.6820666391485594
"[0.1882085606401632, 0.9749599203320016, -1.1097221780936124, 0.18820856064016428]",59.33259930012695,0.685209803384267
"[0.8078099906147996, -2.557994519262657, 0.3009573184934704, 0.807809990614802]",58.43700965402932,0.6883529676199747
"[-0.3242423772215167, 0.2132669143690655, -2.2486283186436733, -0.3242423772215324]",53.320108372839535,0.6914961318556824
"[-0.7419915495781717, -0.9853502971576149, 0.41718391322585646, -0.7419915495781693]",59.89305814915516,0.69463929609139
"[0.80425543776603, 0.014005394645507426, -5.183815909341966, 0.8042554377658695]",54.23370302041493,0.6977824603270977
"[1.0399303907894621, -7.640516351235178, 0.09876736689605427, 1.0399303907897999]",60.60062736891816,0.7009256245628053
"[-0.1903353681577958, -0.00306651387991173, -12.462866845277476, -0.19033536815183386]",58.90544285566034,0.704068788798513
"[0.35911450867814826, 0.5595782760161087, -0.9911363085042322, 0.3591145086781484]",50.119065673592075,0.7072119530342206
"[0.42287550441002647, 0.5001590257862296, -0.980233988586776, 0.4228755044100279]",50.23380618096645,0.7103551172699282
"[0.4114942782812443, 0.47905688492560766, -0.9958430893325559, 0.4114942782812461]",50.26107549075846,0.7134982815056359
"[0.31323022066452355, 0.49517311446778844, -1.06341805395106, 0.31323022066452455]",50.200197160698515,0.7166414457413435
"[-0.8571239499783899, -0.5360515237529996, -0.010201491720772426, -0.8571239499783816]",63.21832117197358,0.7197846099770512
"[-0.8230198898869056, -0.538918706601821, -0.012439607349636153, -0.8230198898868999]",61.100083439815464,0.7229277742127588
"[0.5058438109467945, -2.5069303892788017, 0.39189075337164264, 0.5058438109468183]",60.22298002185315,0.7260709384484665
"[0.23629394680229115, -2.2652180056233666, 0.4730152651752526, 0.23629394680232038]",60.82808271423894,0.7292141026841741
"[-0.1943723476610024, 0.19605105002651083, -2.602014931306428, -0.19437234766102712]",54.73949825317993,0.7323572669198818
"[-0.7914501799577347, 0.3424676234660338, -1.0428072955325736, -0.7914501799577299]",61.362040145584004,0.7355004311555894
"[0.2514109811389338, -5.253539010964471, 0.2333751169224225, 0.2514109811390993]",61.04887219375711,0.738643595391297
"[0.5132255203666778, -6.875957221051464, 0.16836716286015418, 0.5132255203666892]",60.63012765102624,0.7417867596270047
"[0.6283488458428381, -7.496045108347096, 0.1468263402317764, 0.6283488458428649]",60.367599258555614,0.7449299238627123
"[0.6678964175369277, -7.566037903903028, 0.14215963438198786, 0.6678964175369757]",60.1821762985059,0.74807308809842
"[0.6583519631425575, -7.297883115092549, 0.14770366849716488, 0.6583519631425874]",60.05094859290538,0.7512162523341276
"[0.6113248727832647, -6.8010643522609175, 0.1617430687717877, 0.6113248727833147]",59.96638724091196,0.7543594165698353
"[0.5283050548022548, -6.117197256309439, 0.1855653634802589, 0.5283050548022705]",59.93061987541001,0.7575025808055429
"[0.3972123662836625, -5.2181975051937775, 0.22536053185568178, 0.3972123662836685]",59.96009283430022,0.7606457450412506
"[0.16555880577336657, -3.928557612246506, 0.3054355935150396, 0.16555880577337864]",60.11546486219158,0.7637889092769582
"[-0.9474764739531821, -0.8756105912805248, 0.22844208000878288, -0.9474764739531785]",60.41546562994607,0.7669320735126659
"[0.9738422750795943, -0.0861136091842294, -1.153649745124207, 0.9738422750795988]",55.60080314813108,0.7700752377483735
"[0.9500462361850189, -0.05446955735239251, -1.3459181738641273, 0.9500462361850718]",59.266334913708,0.7732184019840811
"[-0.2525804511514179, 0.12015022136189682, -3.2531054940714488, -0.25258045115152056]",56.55187181392124,0.7763615662197888
"[-0.20733589386164078, 0.002538865941511436, -14.275277929909585, -0.2073358938904238]",55.86905339859727,0.7795047304554964
"[0.13896951703063481, -1.7759447740375154, 0.5803987946215777, 0.13896951703064264]",58.70074756150613,0.7826478946912041
"[-0.9574272850576406, -0.05295031153027895, -0.5906675439703619, -0.957427285057637]",61.39515251101102,0.7857910589269118
"[1.0587994909844032, -7.197366039176818, 0.1010533456889184, 1.0587994909844516]",61.429839863439284,0.7889342231626194
"[0.055695915835461005, -1.0108056993603576, 0.8157567438324058, 0.055695915835461074]",57.40952957655737,0.792077387398327
"[-0.2033743928463973, 0.03149369149903151, -6.968028012378499, -0.20337439284671968]",57.28803404144562,0.7952205516340346
"[0.8645129042170908, -6.899448061492374, 0.13210516254179996, 0.8645129042172341]",60.51127574208316,0.7983637158697423
"[1.1417175554586467, -7.501593070280279, 0.08535139761197216, 1.1417175554586663]",59.76902450272385,0.80150688010545
"[0.8374591304704102, -5.6410670799224665, 0.1608445961726567, 0.8374591304704373]",59.69335904340652,0.8046500443411576
"[0.5756126380496387, -4.316125496923743, 0.24455596012232553, 0.5756126380496437]",59.780632839734054,0.8077932085768653
"[0.29819513724020075, -3.1996581164951077, 0.3528465445811096, 0.29819513724025304]",60.00764702681351,0.8109363728125729
"[-0.17621189067373688, -1.935322487102229, 0.5397103141457493, -0.17621189067372356]",60.44288404833308,0.8140795370482805
"[-0.8426017188791153, 0.10253455256502268, -0.8656262190036749, -0.842601718879111]",59.53402800497876,0.8172227012839881
"[0.059213160358308474, -0.8567253354795507, 0.6612577189320329, 0.05921316035831154]",60.73214095876757,0.8203658655196959
"[0.5525609773027517, 0.6653612330926135, -0.9189544600684427, 0.5525609773027644]",60.73168649414465,0.8266521939911111
"[0.7621604450901178, 0.5061030813655348, -1.0129770193869565, 0.762160445090119]",60.86049702987098,0.8297953582268188
"[0.6063352177275185, -0.32511437225826106, -0.4033639116350937, 0.6063352177275346]",60.274649936902016,0.8329385224625264
"[-0.29178317169224105, -0.9742940762247627, 0.6537984827598057, -0.29178317169223894]",61.45203774450099,0.836081686698234
"[-0.7384470550182954, -1.0289736489923405, 0.43070354597736066, -0.7384470550182922]",61.1589710058607,0.8392248509339416
"[0.5076232296035716, -2.8926689336877422, 0.3510012689721349, 0.5076232296035977]",60.907785013211786,0.8423680151696494
"[0.8039065159518506, -3.1556800638694353, 0.26180721545407104, 0.8039065159518524]",60.47603072588862,0.845511179405357
"[0.9161860653491584, -2.922024809995078, 0.2413671381445092, 0.916186065349161]",60.173040334925275,0.8486543436410646
"[0.9411663137794721, -2.5067563124348013, 0.255123455586755, 0.9411663137794818]",59.95233902434646,0.8517975078767724
"[0.9221381964622133, -2.047370376502872, 0.29169471319341217, 0.922138196462224]",59.79518947083106,0.85494067211248
"[0.8756812765115534, -1.5972655744320285, 0.34863190878454303, 0.8756812765115919]",59.701857602447596,0.8580838363481876
"[0.788965159688885, -1.1736888388850883, 0.43660921842196604, 0.7889651596888876]",59.717540867662926,0.8612270005838952
"[0.46919177439576104, -0.8152658139929282, 0.6872155263667782, 0.4691917743957673]",60.44809848148388,0.8643701648196029
"[-0.6920289780378986, -0.6819486140937442, 0.18148304142975225, -0.6920289780378913]",63.21251190224128,0.8675133290553105
"[0.47573844031847234, -0.5855150214927545, 0.24455130508409562, 0.4757384403184739]",61.314497889836495,0.8706564932910181
"[0.7962984759419587, 0.5687416701810847, -1.0330102914956694, 0.7962984759419595]",61.87822224851711,0.8737996575267257
"[0.41741410342942104, -0.6500380876058427, 0.38212817090986617, 0.4174141034294257]",61.5326614570714,0.8769428217624335
"[1.0121351906726048, -0.6574569368002177, 0.060820091452418956, 1.0121351906726377]",60.900143850649066,0.8800859859981411
"[0.9882228681982279, 0.580442719975365, -1.162618557028931, 0.9882228681982314]",60.35980274556917,0.8832291502338487
"[0.5385788117849911, 0.9161057710152878, -1.1785180847852812, 0.5385788117849929]",60.49909828901877,0.8863723144695566
"[0.1598747510174766, 1.0163692509352364, -1.2048739536453787, 0.15987475101747714]",60.889253283713884,0.8895154787052642
"[-0.14335789830033624, 0.941214646378808, -1.1931350350755614, -0.143357898300284]",61.361423789740975,0.8926586429409717
"[-0.350126812675526, 0.774031494794498, -1.2207163273268153, -0.35012681267552526]",61.692195264380096,0.8958018071766793
"[-0.6636874433017879, 0.5771818319883716, -1.1678907910061267, -0.6636874433017865]",61.68102519374122,0.898944971412387
"[-0.9475460362212561, 0.3120728067807141, -0.908476153459511, -0.9475460362212098]",61.70730890109551,0.9020881356480946
"[-1.113956572240825, -0.02362094075847554, -0.5767775017507735, -1.1139565722407998]",61.819377046519755,0.9052312998838022
"[-1.1629244386142057, -0.40497979856266375, -0.23348151647943352, -1.1629244386142044]",61.96475456944312,0.9083744641195101
"[-1.1059078793828092, -0.7991466603266087, 0.06450338096689699, -1.1059078793828014]",62.1024613545284,0.9115176283552177
"[-0.984489483163413, -1.1745788393993823, 0.2641612521167807, -0.9844894831634086]",62.19069782209671,0.9146607925909253
"[-0.8571113913723026, -1.5143329220934891, 0.3587879546341622, -0.857111391372299]",62.21374220288595,0.9178039568266328
"[-0.753663229217177, -1.8188216734119291, 0.3888206934821161, -0.7536632292171762]",62.19434979117341,0.9209471210623407
"[-0.67425260792907, -2.095224068030618, 0.39066717702903225, -0.6742526079290666]",62.15806682591394,0.9240902852980483
"[-0.612065396117551, -2.3501701586871717, 0.3818236218965224, -0.612065396117441]",62.11763005545671,0.9272334495337559
"[-0.5616628846626902, -2.5884304162188685, 0.36933376563376524, -0.5616628846626833]",62.07789825214383,0.9303766137694635
"[-0.5195142469475503, -2.813327226901149, 0.35598739540304414, -0.5195142469475394]",62.04049251704443,0.9335197780051712
"[-0.48336100679203553, -3.027225414956812, 0.3428965250254527, -0.48336100679187954]",62.005811698887456,0.9366629422408788
"[-0.4517181881140429, -3.2318596653645217, 0.330488244667672, -0.45171818811400566]",61.973805872698556,0.9398061064765864
"[-0.4235733473996627, -3.428543808265349, 0.318899395179858, -0.4235733473996066]",61.94427182872287,0.9429492707122942
"[-0.39821196495972216, -3.6182994606692125, 0.30814190967112604, -0.39821196495969957]",61.91696793795311,0.9460924349480018
"[-0.3751139314350218, -3.801939455952427, 0.29817521206067144, -0.37511393143502164]",61.89165820315199,0.9492355991837094
"[-0.3538901397462164, -3.9801246221486566, 0.2889388617660581, -0.3538901397462117]",61.868127477945606,0.952378763419417
"[-0.3342426737381819, -4.153400712178825, 0.2803675700628889, -0.334242673738168]",61.84618551312004,0.9555219276551247
"[-0.31593883944253726, -4.322224234079053, 0.27239795594064, -0.31593883944252116]",61.82566634910062,0.9586650918908323
"[-0.29879346603480195, -4.4869835126545015, 0.26497126216996186, -0.2987934660347826]",61.80642564361692,0.9618082561265399
"[-0.28265708932370054, -4.648010633229734, 0.25803439390433675, -0.2826570893236717]",61.78833819912113,0.9649514203622477
"[-0.26740721275244994, -4.805594297597733, 0.25153986937112416, -0.26740721275243606]",61.771294982134144,0.9680945845979553
"[-0.2529423482822495, -4.959986295944044, 0.2454455489884756, -0.2529423482822323]",61.75520091589645,0.9712377488336629
"[-0.23917751092198622, -5.111407761666328, 0.23971413314251563, -0.23917751092197428]",61.739972824031824,0.9743809130693705
"[-0.22604070478082905, -5.260055796397183, 0.23431256340146897, -0.22604070478079802]",61.725537475479165,0.9775240773050783
"[-0.21347056994029695, -5.406105263355895, 0.22921158904436337, -0.21347056994027894]",61.71183034948125,0.9806672415407859
"[-0.20141432748931762, -5.549712961988502, 0.2243852556598988, -0.20141432748929203]",61.69879428106226,0.9838104057764935
"[-0.18982624187049885, -5.6910203504314545, 0.21981048146859442, -0.18982624187049396]",61.686378415569976,0.9869535700122011
"[-0.17866639967191164, -5.830155917067108, 0.21546668305880234, -0.17866639967187964]",61.67453731843563,0.9900967342479088
"[-0.16789988779341633, -5.967235230466439, 0.21133550879871962, -0.1678998877934157]",61.663230403972534,0.9932398984836164
"[-0.15749579662997173, -6.102365246408871, 0.2074004748483259, -0.15749579662995852]",61.65242104184598,0.996383062719324
"[-0.14742683349869554, -6.2356425163319615, 0.20364681857660225, -0.14742683349868171]",61.642076322201135,0.9995262269550318
"[-0.1376686235080407, -6.367156649489996, 0.20006122159856654, -0.1376686235080267]",61.6321663983037,1.0026693911907394
"[-0.12819939475380185, -6.4969898207573555, 0.1966316729595585, -0.12819939475375708]",61.62266421066779,1.005812555426447
"[-0.11899960237279635, -6.625217865031218, 0.19334730606760012, -0.1189996023727911]",61.613545146649365,1.0089557196621546
"[-0.11005161068695861, -6.7519112947674955, 0.19019825730754236, -0.11005161068691868]",61.60478673808387,1.0120988838978624
"[-0.10133948183329926, -6.877135394162037, 0.18717556369298066, -0.10133948183326975]",61.59636843493149,1.01524204813357
"[-0.09284873334965783, -7.000951207933228, 0.18427105111282743, -0.09284873334958983]",61.58827137700911,1.0183852123692776
"[-0.08456621694208112, -7.12341516979491, 0.18147726661122163, -0.08456621694207214]",61.58047827121661,1.0215283766049854
"[-0.07647990334948335, -7.244580414982427, 0.17878738061047747, -0.07647990334941666]",61.57297316580186,1.024671540840693
"[-0.06857878927085226, -7.364496585290533, 0.17619513319614286, -0.06857878927084457]",61.56574132749515,1.0278147050764006
"[-0.06085279310952935, -7.483210000805753, 0.17369477819504164, -0.06085279310951677]",61.55876916405878,1.0309578693121082
"[-0.05329258710650798, -7.600765019433103, 0.17128100915800387, -0.05329258710648194]",61.552044018362885,1.0341010335478158
"[-0.04588964593829765, -7.717202219894771, 0.16894895699318144, -0.04588964593819826]",61.54555421649341,1.0372441977835234
"[-0.0386360401931004, -7.832560668773208, 0.16669410739570156, -0.03863604019303207]",61.53928885205488,1.040387362019231
"[-0.03152444447779824, -7.94687698434161, 0.16451228878120563, -0.031524444477784595]",61.53323778353878,1.0435305262549388
"[-0.024548069748279482, -8.060185670235605, 0.16239963724932271, -0.024548069748274]",61.52739155343847,1.0466736904906464
"[-0.01770057502150207, -8.172519894197912, 0.16035255716597757, -0.017700575021401044]",61.52174128887648,1.049816854726354
"[-0.01097611202559481, -8.283910172017542, 0.15836772293317394, -0.010976112025510612]",61.51627875663461,1.0529600189620616
"[-0.0043691757341919775, -8.394386298929248, 0.1564420237454181, -0.004369175733971535]",61.510996177847815,1.0561031831977694
"[0.0021253541997766487, -8.503976209968288, 0.15457256647887457, 0.002125354199802199]",61.50588627997595,1.059246347433477
"[0.008512274310750384, -8.612706573151545, 0.15275664898752236, 0.008512274310889014]",61.5009422204982,1.0623895116691846
"[0.014796068140826813, -8.720602594176482, 0.15099174889494213, 0.01479606814083903]",61.49615758621309,1.0655326759048922
"[0.020980957361790346, -8.827688548936074, 0.14927550172057547, 0.020980957361806336]",61.49152630337382,1.0686758401406
"[0.02707088714384018, -8.93398722302776, 0.14760569817593633, 0.027070887143953556]",61.48704267442072,1.0718190043763076
"[0.03306959730575583, -9.039520868056048, 0.14598025828032118, 0.033069597306231886]",61.48270130168787,1.0749621686120152
"[0.03898058680086103, -9.144310330746126, 0.14439723544458904, 0.03898058680087862]",61.47849709112781,1.078105332847723
"[0.04480716403930832, -9.248375703301848, 0.14285479748168167, 0.04480716404036209]",61.474425226032835,1.0812484970834306
"[0.0505524548574148, -9.351736259041662, 0.14135121975735662, 0.050552454857508096]",61.470481138706624,1.0843916613191382
"[0.056219411163176684, -9.45441041574424, 0.13988487846918865, 0.056219411163213565]",61.46666050085659,1.0875348255548458
"[0.06181081050132043, -9.556415547148708, 0.13845424655400634, 0.061810810501608936]",61.46295923536688,1.0906779897905536
"[0.06732931034426715, -9.65776881051626, 0.13705787597081542, 0.06732931034491904]",61.45937341899604,1.0938211540262612
"[0.07277743095043018, -9.758486695609324, 0.13569439881491452, 0.07277743095061175]",61.45589934651962,1.0969643182619688
"[0.07815752455803376, -9.858584311977726, 0.13436253162993578, 0.07815752455812318]",61.45253351789989,1.1001074824976764
"[0.08347186132426301, -9.958076852858312, 0.1330610509234786, 0.08347186132426979]",61.44927256818345,1.103250646733384
"[0.08872258841926171, -10.056978727569703, 0.13178880072881397, 0.08872258841926885]",61.446113310084115,1.1063938109690916
"[0.09391174386638831, -10.155303710489738, 0.13054468656969742, 0.09391174386675238]",61.443052701745664,1.1095369752047992
"[0.09904127975177088, -10.25306528279624, 0.12932766752867195, 0.09904127975180206]",61.44008783192317,1.112680139440507
"[0.10411306061187159, -10.350276516241523, 0.12813675454660278, 0.10411306061228495]",61.43721591118016,1.1158233036762146
"[0.10912883883697133, -10.446949514787853, 0.12697101409391784, 0.10912883883730388]",61.43443431667005,1.1189664679119222
"[0.11409029702544464, -10.543096145145116, 0.12582955624907924, 0.11409029702549646]",61.431740509328975,1.1221096321476298
"[0.11899906017899582, -10.638728207810573, 0.12471153028553489, 0.11899906017906767]",61.42913205646275,1.1252527963833376
"[0.12385666773335148, -10.733856829397912, 0.123616129496348, 0.12385666773435249]",61.42660663975198,1.1283959606190452
"[0.12866459501975952, -10.828492815779091, 0.12254258472102228, 0.1286645950198125]",61.42416203546611,1.1315391248547528
"[0.13342424643551118, -10.922646459700442, 0.12149016444118099, 0.1334242464355759]",61.42179611487252,1.1346822890904606
"[0.1381369679513328, -11.016327731499148, 0.12045817063361643, 0.1381369679514076]",61.41950684206623,1.1378254533261682
"[0.1428040659087138, -11.109546605285813, 0.119445933474696, 0.14280406590873815]",61.417292245847044,1.1409686175618758
"[0.14742676668374763, -11.202312207917426, 0.1184528189667092, 0.14742676668379504]",61.415150452703834,1.1441117817975834
"[0.15200627977428904, -11.294634036862751, 0.11747821420913743, 0.15200627977429995]",61.413079641190116,1.1472549460332913
"[0.1565437333932929, -11.386520626804252, 0.11652154022460787, 0.15654373339342365]",61.411078084595616,1.1503981102689989
"[0.1610402316612081, -11.477980661381364, 0.11558223877744446, 0.16104023166121012]",61.409144106355484,1.1535412745047064
"[0.16549681999550309, -11.569022237657574, 0.1146597788103244, 0.16549681999554094]",61.407276111105546,1.156684438740414
"[0.16991453532082665, -11.659653857240933, 0.11375364519969311, 0.1699145353208875]",61.405472523286306,1.1598276029761219
"[0.17429431894250919, -11.749882609413257, 0.11286335589188223, 0.17429431894251762]",61.40373188745066,1.1629707672118295
"[0.17863714867911562, -11.839716855607426, 0.11198843413980122, 0.1786371486791743]",61.40205273693051,1.166113931447537
"[0.1829438999841554, -11.929163341659443, 0.11112843607001222, 0.18294389998422417]",61.40043370899983,1.1692570956832447
"[0.18721546080021562, -12.018229542721391, 0.1102829267946223, 0.18721546080028653]",61.39887345133344,1.1724002599189522
"[0.1914526541813871, -12.106922034097316, 0.10945149530790409, 0.19145265418141943]",61.39737069805476,1.1755434241546598
"[0.19565631335892117, -12.195248034468525, 0.10863373908045611, 0.19565631335893954]",61.395924183713326,1.1786865883903674
"[0.1998272043587315, -12.283213764489872, 0.10782927870828728, 0.1998272043587442]",61.39453272031251,1.1818297526260753
"[0.2039660777171904, -12.37082550739408, 0.10703774722894456, 0.2039660777172518]",61.3931951545171,1.1849729168617829
"[0.20807367384751427, -12.458089708035747, 0.10625878871879055, 0.20807367384751532]",61.39191035434401,1.1881160810974905
"[0.21215069738823059, -12.545012412342983, 0.10549206276230062, 0.21215069738825743]",61.39067723728601,1.1912592453331983
"[0.21619781335559946, -12.631599162992412, 0.10473724464509632, 0.21619781335564675]",61.38949476922072,1.1944024095689059
"[0.22021569238941638, -12.717855949877046, 0.10399401648736446, 0.22021569238946034]",61.38836192664067,1.1975455738046135
"[0.22420496968718925, -12.8037883185576, 0.10326207457437923, 0.22420496968726975]",61.38727772688003,1.200688738040321
"[0.22816624316019518, -12.889401310329651, 0.10254112921945013, 0.2281662431602019]",61.386241244662756,1.2038319022760289
"[0.23210012946281455, -12.974700659094612, 0.10183089422165234, 0.2321001294628718]",61.38525153194641,1.2069750665117365
"[0.236007189633847, -13.059691171321996, 0.10113110008062645, 0.23600718963393613]",61.38430771787789,1.210118230747444
"[0.23988799249527254, -13.144378086222869, 0.10044148220206472, 0.23988799249534393]",61.38340893256547,1.2132613949831519
"[0.2437430766749045, -13.22876623994896, 0.09976178745420289, 0.2437430766749605]",61.38255434309808,1.2164045592188595
"[0.2475729587398251, -13.312860228599085, 0.09909177238136598, 0.24757295873984342]",61.381743139824025,1.219547723454567
"[0.25137815278836495, -13.396664827691916, 0.098431199514706, 0.25137815278845366]",61.3809745370371,1.2226908876902747
"[0.25515914448398747, -13.480184411837113, 0.09777984166677997, 0.25515914448402943]",61.38024777656163,1.2258340519259823
"[0.25891642604080184, -13.563423716830112, 0.09713747564721291, 0.2589164260408465]",61.379562105698454,1.2289772161616899
"[0.2626504456443155, -13.646386711701245, 0.09650389072245479, 0.2626504456443712]",61.37891682145369,1.2321203803973975
"[0.2663616577851356, -13.729077703377124, 0.09587887976358496, 0.26636165778514953]",61.378311221303996,1.2352635446331053
"[0.27005050660641594, -13.811500961883103, 0.09526224194016641, 0.2700505066064467]",61.377744627734366,1.2384067088688129
"[0.2737174109539344, -13.893660377618305, 0.09465378501188129, 0.27371741095402274]",61.37721638122702,1.2415498731045205
"[0.2773627811144726, -13.97555982628452, 0.09405332231721066, 0.2773627811144885]",61.3767258437065,1.244693037340228
"[0.2809870207808812, -14.057203206962722, 0.0934606722976387, 0.28098702078098153]",61.37627240033427,1.2478362015759359
"[0.28459051275215685, -14.138594113162155, 0.09287566067174023, 0.28459051275217545]",61.37585544343211,1.2509793658116435
"[0.2881736466610991, -14.21973645200483, 0.09229811576415864, 0.28817364666115786]",61.37547438237519,1.254122530047351
"[0.2917367798922334, -14.300633554501683, 0.09172787468584832, 0.2917367798922399]",61.37512864705995,1.2572656942830587
"[0.2952802821984355, -14.381289179944362, 0.09116477599804351, 0.2952802821984567]",61.37481768585049,1.2604088585187665
"[0.29880449093208755, -14.461706493633951, 0.09060866673759105, 0.29880449093214906]",61.37454095378916,1.263552022754474
"[0.3023097478901093, -14.54188889871027, 0.09005939640412054, 0.30230974789017445]",61.37429793067801,1.2666951869901817
"[0.3057963928322578, -14.621839885885963, 0.08951681791335532, 0.3057963928323536]",61.374088095985485,1.2698383512258895
"[0.3092647355493492, -14.70156238741886, 0.08898079181379653, 0.30926473554944856]",61.37391095597552,1.272981515461597
"[0.312715097934958, -14.781059736874433, 0.08845117962168221, 0.3127150979349973]",61.373766022063606,1.2761246796973047
"[0.31614777425348606, -14.860334751361755, 0.08792784985387775, 0.31614777425350404]",61.37365282598104,1.2792678439330123
"[0.3195630709414634, -14.939390644163312, 0.08741067181383533, 0.3195630709415303]",61.373570896003855,1.2824110081687201
"[0.32296127513148115, -15.018230294656856, 0.0868995203104167, 0.32296127513148565]",61.37351979570259,1.2855541724044277
"[0.3263426667690392, -15.096856523163964, 0.08639427369630662, 0.32634266676904083]",61.373499078084265,1.2886973366401353
"[0.32970752626238264, -15.175272265497723, 0.0858948126438639, 0.3297075262624264]",61.373508316657244,1.291840500875843
"[0.33305611235163396, -15.253480053661246, 0.08540102334512227, 0.33305611235171456]",61.37354710367168,1.2949836651115505
"[0.3363886999439047, -15.331482894970328, 0.08491279182980917, 0.33638869994399473]",61.37361501845422,1.298126829347258
"[0.3397055295044424, -15.409283085935343, 0.08443001133421359, 0.3397055295045161]",61.37371167891288,1.3012699935829657
"[0.3430068673927741, -15.486883621655771, 0.08395257339279098, 0.34300686739279174]",61.37383668677173,1.3044131578186735
"[0.3462929450819074, -15.564286767345727, 0.08348037661775766, 0.3462929450819481]",61.37398967524998,1.307556322054381
"[0.3495640027957918, -15.641495079211646, 0.08301332028284357, 0.34956400279588257]",61.37417026544586,1.3106994862900887
"[0.3528202733709685, -15.718511022939152, 0.0825513066028323, 0.3528202733710601]",61.374378107684194,1.3138426505257963
"[0.35606197723645233, -15.79533685131194, 0.08209424136436148, 0.3560619772364552]",61.3746128451466,1.3169858147615041
"[0.35928934291072145, -15.87197508704072, 0.08164203096834663, 0.3592893429108129]",61.374874139056345,1.3201289789972117
"[0.36250258601071156, -15.948428023304189, 0.08119458534081427, 0.36250258601079716]",61.37516164875377,1.3232721432329193
"[0.3657019164863211, -16.024697892032826, 0.08075181684167852, 0.3657019164863778]",61.37547505370272,1.3264153074686271
"[0.36888753541792085, -16.100786784728594, 0.08031364064425915, 0.36888753541801406]",61.375814032917965,1.3295584717043347
"[0.3720596491232057, -16.176696987094175, 0.07987997274128134, 0.37205964912332923]",61.37617827334642,1.3327016359400423
"[0.3752184552847926, -16.252430646097253, 0.07945073181295588, 0.37521845528487674]",61.376567472392914,1.33584480017575
"[0.3783641463767697, -16.32798984923959, 0.07902583869795879, 0.3783641463768634]",61.37698132645113,1.3389879644114577
"[0.3814969084886788, -16.40337659393586, 0.07860521649905222, 0.38149690848880136]",61.37741955054789,1.3421311286471653
"[0.3846169209217192, -16.47859277528114, 0.07818879058176151, 0.3846169209217333]",61.37788186428161,1.345274292882873
"[0.38772437575129687, -16.55364065642241, 0.07777648593126707, 0.38772437575139396]",61.37836797527469,1.3484174571185805
"[0.3908194378056968, -16.628521901126955, 0.07736823243819302, 0.39081943780576345]",61.37887762400986,1.3515606213542881
"[0.3939022855295339, -16.70323855824692, 0.07696395942349785, 0.3939022855295508]",61.379410538093445,1.3547037855899957
"[0.39697308877114984, -16.77779252389537, 0.07656359855278846, 0.3969730887711762]",61.37996646088754,1.3578469498257033
"[0.4000320018788259, -16.852185370663342, 0.07616708467116345, 0.4000320018788319]",61.380545134542345,1.3609901140614111
"[0.40307920448822676, -16.926419338015343, 0.0757743504800579, 0.40307920448832146]",61.38114630917152,1.3641332782971187
"[0.40611483393381637, -17.000495685906795, 0.07538533524409984, 0.4061148339338468]",61.38176974849884,1.3672764425328263
"[0.4091390628237516, -17.074416583074743, 0.0749999747575693, 0.40913906282378043]",61.38241520643296,1.370419606768534
"[0.4121520333898213, -17.14818350471624, 0.07461820974527153, 0.41215203338992656]",61.38308245100825,1.3735627710042417
"[0.41515389697835847, -17.221798194827123, 0.07423998077123736, 0.4151538969783658]",61.38377125903781,1.3767059352399493
"[0.41814479482954325, -17.295262194804344, 0.07386523065255529, 0.4181447948296804]",61.38448140265062,1.379849099475657
"[0.421124873731963, -17.368577226126256, 0.0734939024597123, 0.42112487373202706]",61.385212661732986,1.3829922637113647
"[0.42409427181552634, -17.44174484042038, 0.07312594127247736, 0.42409427181558396]",61.385964823406916,1.3861354279470723
"[0.42705312724508593, -17.51476663178968, 0.07276129306376358, 0.42705312724511485]",61.38673767800639,1.38927859218278
"[0.43000156988734656, -17.58764403004156, 0.07239990570074549, 0.4300015698874754]",61.38753102433899,1.3924217564184875
"[0.4329397300348525, -17.660378514582064, 0.07204172783975192, 0.43293973003490355]",61.3883446589517,1.3955649206541954
"[0.43586774528962396, -17.732971784699856, 0.07168670807894127, 0.43586774528970357]",61.38917837824745,1.398708084889903
"[0.4387857320652637, -17.805425052162832, 0.07133479839374908, 0.4387857320652776]",61.39003199322292,1.4018512491256105
"[0.441693822010287, -17.877739943128386, 0.07098594969540702, 0.44169382201029256]",61.39090531837858,1.4049944133613184
"[0.4445921282124007, -17.94991765812278, 0.07064011588674814, 0.4445921282124605]",61.3917981657292,1.408137577597026
"[0.4474807644870031, -18.021959449506895, 0.07029725150574029, 0.4474807644870651]",61.392710360134956,1.4112807418327336
"[0.45035986189889254, -18.093867034040308, 0.06995730976855562, 0.45035986189899646]",61.39364171355624,1.4144239060684412
"[0.45322953253694315, -18.165641688742134, 0.06962024685297019, 0.45322953253704795]",61.39459205590333,1.4175670703041487
"[0.45608987399875994, -18.237284359407365, 0.06928602130409817, 0.45608987399879364]",61.39556121685468,1.4207102345398563
"[0.4589410170501471, -18.308796853821782, 0.0689545884523966, 0.45894101705023327]",61.39654903329244,1.423853398775564
"[0.4617830491990653, -18.38017992616036, 0.06862590931660573, 0.4617830491991756]",61.39755533293929,1.4269965630112718
"[0.46461608606032323, -18.45143506518658, 0.06829994227321953, 0.46461608606043436]",61.39857995814309,1.4301397272469794
"[0.46744023444209926, -18.522563568334647, 0.06797664734273207, 0.4674402344422206]",61.39962276010299,1.433282891482687
"[0.47025558413886914, -18.59356633263081, 0.06765598708487848, 0.4702555841389345]",61.40068357283788,1.4364260557183945
"[0.4730622488586878, -18.664444885658902, 0.06733792191263949, 0.47306224885869]",61.40176225342696,1.4395692199541024
"[0.47586031476918406, -18.73520008718958, 0.06702241593712394, 0.47586031476931306]",61.40285864615021,1.44271238418981
"[0.47864988477276144, -18.805833245965736, 0.06670943192450038, 0.47864988477278386]",61.403972608756206,1.4458555484255176
"[0.48143105175647594, -18.876345443487395, 0.06639893431186455, 0.48143105175658313]",61.40510400025793,1.4489987126612252
"[0.48420390483689607, -18.94673769058029, 0.06609088847789475, 0.4842039048369606]",61.40625267743688,1.452141876896933
"[0.48696853942415114, -19.01701118243241, 0.06578525961338726, 0.4869685394241619]",61.40741851070602,1.4552850411326406
"[0.4897250455640603, -19.087167002359216, 0.0654820140086054, 0.4897250455641992]",61.4086013533514,1.4584282053683482
"[0.49247350183456795, -19.157205964940253, 0.06518111969660718, 0.49247350183457805]",61.409801084763345,1.461571369604056
"[0.49521400325840875, -19.227129326534246, 0.06488254338061777, 0.49521400325851456]",61.41101756986435,1.4647145338397636
"[0.49794662856870214, -19.296937950756412, 0.06458625400986084, 0.49794662856878436]",61.41225068520532,1.4678576980754712
"[0.5006714665538696, -19.366632979886393, 0.0642922198928516, 0.5006714665539765]",61.413500303765005,1.4710008623111788
"[0.5033885904600671, -19.436215180192704, 0.06400041145809783, 0.5033885904601275]",61.41476630333291,1.4741440265468864
"[0.5060980806645782, -19.505685520930868, 0.06371079878905306, 0.5060980806646813]",61.416048566679486,1.477287190782594
"[0.5088000304420023, -19.575045323250468, 0.06342335102299547, 0.5088000304420123]",61.41734697337778,1.4804303550183016
"[0.511494494861985, -19.644294947752023, 0.06313804177410734, 0.5114944948621011]",61.418661410555835,1.4835735192540094
"[0.5141815623843492, -19.71343563168394, 0.06285484150394065, 0.5141815623844626]",61.41999176598236,1.486716683489717
"[0.5168613045662481, -19.782468197396813, 0.06257372286051195, 0.5168613045662713]",61.42133792516531,1.4898598477254246
"[0.519533792467339, -19.851393472890265, 0.06229465892128487, 0.5195337924674799]",61.42269978574055,1.4930030119611322
"[0.5221990991126522, -19.92021235509555, 0.062017622930332576, 0.5221990991127211]",61.42407723650033,1.49614617619684
"[0.5248572998366153, -19.988925818857172, 0.06174258826118338, 0.5248572998368263]",61.42547017652447,1.4992893404325476
"[0.5275084545457694, -20.057534457703955, 0.061469530238932056, 0.5275084545457964]",61.426878495209955,1.5024325046682552
"[0.5301526320230792, -20.126039111454247, 0.06119842361186664, 0.5301526320232216]",61.428302097355484,1.5055756689039628
"[0.5327899042700963, -20.194440720394677, 0.06092924314287253, 0.5327899042701645]",61.429740888432825,1.5087188331396706
"[0.5354203360019546, -20.26274005264963, 0.060661964676004786, 0.5354203360019626]",61.431194770401994,1.5118619973753782
"[0.5380439852495084, -20.330937718564495, 0.06039656505366044, 0.5380439852495513]",61.43266364360393,1.5150051616110858
"[0.5406609162048162, -20.399034503998354, 0.06013302080559916, 0.5406609162048993]",61.43414741244355,1.5181483258467936
"[0.5432712017907322, -20.46703143796775, 0.059871307900612986, 0.543271201790758]",61.43564599611169,1.5212914900825012
"[0.5458748833106264, -20.534928740873248, 0.05961140577957133, 0.5458748833106555]",61.43715929739301,1.5244346543182088
"[0.5484720423523456, -20.602727697968827, 0.05935329015085619, 0.5484720423524829]",61.438687231651606,1.5275778185539164
"[0.5510627245248187, -20.670428670720597, 0.059096940603138144, 0.551062724524984]",61.44022971031853,1.5307209827896242
"[0.5536469889165484, -20.738032386200178, 0.058842335660824086, 0.5536469889166576]",61.44178664707357,1.5338641470253318
"[0.5562248878190353, -20.80553940749294, 0.058589454793365366, 0.5562248878190659]",61.443357965519596,1.5370073112610394
"[0.5587964843807891, -20.8729505956255, 0.05833827667590662, 0.558796484380889]",61.44494358019975,1.540150475496747
"[0.5613618345729084, -20.940266637366314, 0.058088780958001164, 0.5613618345730454]",61.44654340865859,1.5432936397324546
"[0.5639209836290637, -21.007487950551393, 0.0578409485883584, 0.563920983629148]",61.448157383589994,1.5464368039681622
"[0.566473990432351, -21.07461532404431, 0.0575947594421172, 0.5664739904323776]",61.44978541416851,1.5495799682038698
"[0.5690209019058762, -21.141649245006892, 0.05735019479880222, 0.5690209019058822]",61.451427432198855,1.5527231324395776
"[0.5715617698457006, -21.20859034087853, 0.05710723570803377, 0.5715617698457601]",61.453083367269755,1.5558662966752852
"[0.5740966454253967, -21.27543923486453, 0.056865863517843986, 0.5740966454254292]",61.45475313833832,1.5590094609109928
"[0.5766255834650762, -21.342196658469966, 0.056626059465760575, 0.5766255834651888]",61.45643668375825,1.5621526251467004
"[0.5791486203156635, -21.40886286715728, 0.056387806766462094, 0.5791486203158026]",61.458133927502395,1.5652957893824082
"[0.5816658152152594, -21.47543873220767, 0.05615108669105937, 0.5816658152154051]",61.45984480351656,1.5684389536181158
"[0.5841772034379232, -21.541924502563855, 0.055915882986990455, 0.5841772034379286]",61.4615692468442,1.5715821178538236
"[0.586682830830228, -21.608320717306047, 0.05568217861387904, 0.5866828308302399]",61.46330718973901,1.574725282089531
"[0.589182748317991, -21.674628061064233, 0.05544995626997011, 0.5891827483180294]",61.465058570779796,1.5778684463252388
"[0.5916769983953116, -21.740847005688234, 0.05521919964587188, 0.5916769983960036]",61.46682332266429,1.5810116105609466
"[0.594165626660691, -21.80697811569026, 0.054989892345012274, 0.5941656266608325]",61.46860138695821,1.584154774796654
"[0.5966486671720732, -21.87302165896403, 0.05476201922733119, 0.5966486671721445]",61.47039270640014,1.5872979390323618
"[0.599126164758504, -21.938978199372333, 0.054535564350251337, 0.5991261647586332]",61.472197215142536,1.5904411032680692
"[0.6015981621891373, -22.004848255949522, 0.05431051215129171, 0.6015981621891823]",61.47401485818809,1.593584267503777
"[0.6040646985651577, -22.07063225964478, 0.054086847586999984, 0.6040646985652612]",61.475845579304014,1.5967274317394846
"[0.6065258113388655, -22.136330606668004, 0.05386455594171724, 0.6065258113389219]",61.47768932511773,1.5998705959751922
"[0.6089815358044988, -22.201943644614094, 0.05364362286769524, 0.6089815358048507]",61.47954603300362,1.6030137602109
"[0.6114319138724651, -22.267471906798114, 0.053424033594166295, 0.6114319138725136]",61.48141566234153,1.6061569244466076
"[0.6138769835428631, -22.332915831155567, 0.05320577387404432, 0.6138769835429987]",61.483298151653514,1.6093000886823152
"[0.6163167774522418, -22.39827572064441, 0.05298883010379739, 0.6163167774523631]",61.48519345301414,1.6124432529180228
"[0.6187513330373516, -22.463552015220188, 0.05277318841320306, 0.618751333037633]",61.487101514575265,1.6155864171537306
"[0.6211806836406726, -22.528745053479604, 0.05255883545462671, 0.6211806836410907]",61.48902229183942,1.618729581389438
"[0.6236048593821453, -22.593855095529232, 0.052345758317324895, 0.6236048593822584]",61.490955733247375,1.6218727456251458
"[0.6260239016118926, -22.65888271125234, 0.05213394325669519, 0.6260239016122219]",61.492901791967114,1.6250159098608536
"[0.6284378366721393, -22.723828075202153, 0.051923377995398604, 0.628437836672302]",61.494860429989664,1.628159074096561
"[0.6308466974101085, -22.78869154442343, 0.05171404983025569, 0.6308466974102567]",61.49683159195002,1.6313022383322688
"[0.6332505176106549, -22.85347350895137, 0.05150594612216712, 0.6332505176106857]",61.49881523741289,1.6344454025679762
"[0.6356493249896826, -22.918174202811382, 0.05129905489869113, 0.6356493249897062]",61.50081132847424,1.637588566803684
"[0.638043147112821, -22.982793863081774, 0.05109336433470417, 0.638043147112897]",61.50281981577951,1.6407317310393918
"[0.6404320181110581, -23.047332911320638, 0.050888862176490246, 0.6404320181111538]",61.50484066383441,1.6438748952750992
"[0.642815970599372, -23.1117917356364, 0.05068553643823073, 0.6428159705998683]",61.50687383594746,1.647018059510807
"[0.6451950180237827, -23.176170212498292, 0.050483376895106034, 0.6451950180239358]",61.508919287376926,1.6501612237465149
"[0.6475691962712623, -23.240468832024032, 0.05028237153507386, 0.647569196271263]",61.51097698151674,1.6533043879822222
"[0.6499385389606263, -23.304688030298113, 0.05008250867272791, 0.6499385389608076]",61.513046883052205,1.65644755221793
"[0.6523030577671587, -23.368827655137064, 0.049883778594560314, 0.6523030577674981]",61.5151289557986,1.6595907164536376
"[0.6546627830363607, -23.432888066667577, 0.04968617012889585, 0.6546627830363885]",61.51722316261997,1.6627338806893452
"[0.6570177456840839, -23.49686964737379, 0.0494896721801675, 0.6570177456843644]",61.51932947773184,1.6658770449250528
"[0.6593679645526521, -23.56077245807318, 0.049294274777597916, 0.6593679645527071]",61.52144785696281,1.6690202091607604
"[0.6617134600889383, -23.624596609025417, 0.0490999679243044, 0.6617134600890734]",61.52357826905513,1.672163373396468
"[0.6640542614243311, -23.68834245286108, 0.048906741015033145, 0.6640542614249093]",61.525720689629544,1.6753065376321759
"[0.6663903910642157, -23.75201016799678, 0.0487145841045893, 0.6663903910642622]",61.52787508753534,1.6784497018678832
"[0.6687218673355894, -23.815599824788038, 0.04852348769617461, 0.6687218673357899]",61.5300414229956,1.681592866103591
"[0.671048707565163, -23.879111471669603, 0.0483334424751708, 0.6710487075652056]",61.53221967669732,1.6847360303392989
"[0.6733709326762012, -23.942545260738544, 0.04814443893271582, 0.6733709326764429]",61.53440981577032,1.6878791945750062
"[0.675688573000295, -24.00590160693014, 0.0479564668991596, 0.6756885730003847]",61.53661181539444,1.691022358810714
"[0.6780016418126928, -24.069180464737656, 0.04776951769107242, 0.6780016418127839]",61.538825650700936,1.6941655230464219
"[0.6803101495635254, -24.13238171612675, 0.04758358294183793, 0.6803101495635545]",61.5410512920185,1.6973086872821292
"[0.6826141254389974, -24.195505761189374, 0.047398652868933404, 0.6826141254390453]",61.5432887151846,1.700451851517837
"[0.6849135830520626, -24.258552578940964, 0.047214719038344115, 0.6849135830520849]",61.54553789968959,1.7035950157535449
"[0.6872085387291452, -24.321522227659912, 0.047031772886639775, 0.6872085387293171]",61.54779881855527,1.7067381799892523
"[0.6894990092016312, -24.38441478168331, 0.04684980590671633, 0.6894990092016565]",61.55007145200112,1.70988134422496
"[0.6917850085967708, -24.447230248742688, 0.046668809884976965, 0.6917850085969304]",61.55235577340033,1.7130245084606674
"[0.6940665553175319, -24.50996875887526, 0.04648877635488289, 0.6940665553181049]",61.55465176991825,1.7161676726963753
"[0.6963436627011564, -24.572630307643472, 0.046309697335005735, 0.6963436627011986]",61.556959412813306,1.719310836932083
"[0.6986163458579872, -24.635214944099946, 0.04613156478594298, 0.6986163458579996]",61.55927868916556,1.7224540011677905
"[0.7008846158056808, -24.697722609114376, 0.04595437106930453, 0.7008846158062483]",61.56160957477914,1.7255971654034983
"[0.7031484837187254, -24.76015325216326, 0.04577810861110231, 0.7031484837188691]",61.56395205949436,1.7287403296392059
"[0.7054079646850102, -24.822506935146933, 0.04560276960976388, 0.7054079646851096]",61.56630611932455,1.7318834938749135
"[0.7076630699970561, -24.884783619653444, 0.04542834663569789, 0.707663069997153]",61.568671740920145,1.735026658110621
"[0.7099138176070493, -24.946983455654976, 0.04525483182071485, 0.709913817607526]",61.57104890695572,1.7381698223463289
"[0.7121602061504166, -25.00910606344649, 0.04508221885837864, 0.7121602061504658]",61.57343760498702,1.7413129865820363
"[0.7144022502796152, -25.071151510027487, 0.04491050027692279, 0.7144022502796855]",61.575837816899565,1.744456150817744
"[0.7166399605936122, -25.133119754503753, 0.044739668988358315, 0.7166399605938678]",61.578249530043365,1.7475993150534515
"[0.7188733515246327, -25.195010866346536, 0.044569717683315226, 0.7188733515249104]",61.58067273921185,1.7507424792891593
"[0.7211024175671481, -25.25682436635085, 0.04440064063499794, 0.721102417568017]",61.583107420355255,1.753885643524867
"[0.723327179920134, -25.318560519379666, 0.044232430153420724, 0.7233271799206211]",61.58555357059822,1.7570288077605745
"[0.7255476363171296, -25.380218943386645, 0.04406508039186774, 0.7255476363173018]",61.588011177257044,1.7601719719962823
"[0.7277638001260718, -25.441799693935376, 0.04389858438525535, 0.7277638001262575]",61.590480229142244,1.76331513623199
"[0.7299756722355492, -25.50330248367905, 0.043732936170147375, 0.7299756722363225]",61.592960721034345,1.7664583004676975
"[0.7321832588792497, -25.564727177240588, 0.043568129440772346, 0.7321832588793253]",61.595452635611544,1.7696014647034053
"[0.7343865665657582, -25.626073650661233, 0.04340415793107932, 0.7343865665664684]",61.597955973175814,1.772744628939113
"[0.736585604028452, -25.6873418454854, 0.04324101527036833, 0.736585604028572]",61.60047072493529,1.7758877931748205
"[0.7387803609740288, -25.748531176541437, 0.04307869655397485, 0.7387803609744165]",61.60299687681991,1.7790309574105283
"[0.740970853305827, -25.80964179201805, 0.04291719499211171, 0.7409708533060095]",61.60553443791543,1.7821741216462357
"[0.7431570799805408, -25.87067337120791, 0.04275650510509043, 0.7431570799808896]",61.608083393002865,1.7853172858819435
"[0.7453390471321288, -25.931625796958077, 0.04259662093862565, 0.745339047132444]",61.61064373945037,1.788460450117651
"[0.7475167437720451, -25.992498476906512, 0.04243753784362448, 0.7475167437723107]",61.61321546883525,1.7916036143533587
"[0.7496901805237074, -26.053291425681916, 0.04227924963992093, 0.7496901805238486]",61.615798586440384,1.7947467785890663
"[0.7518593538590481, -26.114004265560506, 0.042121751232433786, 0.7518593538591977]",61.61839308330694,1.797889942824774
"[0.7540242656293895, -26.174636772352272, 0.04196503718333424, 0.7540242656299933]",61.62099895759461,1.8010331070604815
"[0.7561849144280818, -26.23518863369234, 0.041809102339904786, 0.756184914428318]",61.62361621664124,1.8041762712961893
"[0.7583412957371196, -26.29565945296974, 0.04165394181976248, 0.7583412957373761]",61.62624485340709,1.8073194355318971
"[0.7604934105474498, -26.356048990892184, 0.041499550389729495, 0.7604934105474784]",61.62888486885089,1.8104625997676045
"[0.7626412549712636, -26.416356874303098, 0.04134592321298359, 0.7626412549716357]",61.631536263283124,1.8136057640033123
"[0.7647848182848982, -26.476582540645662, 0.04119305598290108, 0.7647848182850411]",61.63419903930958,1.8167489282390201
"[0.7669241088838251, -26.5367259674199, 0.04104094307243795, 0.7669241088851027]",61.63687319943866,1.8198920924747275
"[0.7690591133164159, -26.596786520834033, 0.0408895804541039, 0.7690591133167474]",61.63955874557167,1.8230352567104353
"[0.771189823768076, -26.656763728097463, 0.040738963736318155, 0.7711898237681573]",61.642255679006674,1.8261784209461427
"[0.7733162420210277, -26.716657389223773, 0.0405890878906044, 0.7733162420212044]",61.644964009857794,1.8293215851818505
"[0.7754383584823663, -26.77646698671377, 0.04043994873258034, 0.7754383584829587]",61.64768374086759,1.8324647494175583
"[0.7775561654975351, -26.836192060107805, 0.04029154197839387, 0.7775561654980829]",61.65041487125533,1.8356079136532657
"[0.7796696495281978, -26.89583198540379, 0.040143863792050295, 0.7796696495282354]",61.65315741406447,1.8387510778889735
"[0.7817788178471242, -26.955386728557308, 0.03999690892187214, 0.7817788178474343]",61.65591138044889,1.8418942421246813
"[0.7838836366462117, -27.01485509798461, 0.03985067501484509, 0.783883636646256]",61.65867676470318,1.8450374063603887
"[0.7859841157153505, -27.074237135814545, 0.03970515671737748, 0.785984115715417]",61.66145358701362,1.8481805705960965
"[0.7880802354296317, -27.13353205556104, 0.039560350754778914, 0.7880802354298925]",61.664241847207656,1.8513237348318041
"[0.7901719847641664, -27.192739315961326, 0.03941625328704152, 0.7901719847645223]",61.66704156275962,1.8544668990675117
"[0.7922593485084396, -27.251858259503415, 0.039272860794002544, 0.7922593485085679]",61.669852733634755,1.8576100633032193
"[0.7943423254059272, -27.310888626322217, 0.039130168830117336, 0.7943423254061096]",61.67267538343743,1.860753227538927
"[0.7964208886089152, -27.3698294336599, 0.038988174735228434, 0.7964208886093694]",61.675509513222714,1.8638963917746345
"[0.7984950368458834, -27.428680425932836, 0.03884687412909663, 0.7984950368461279]",61.678355142102674,1.8670395560103423
"[0.8005647393753618, -27.487440513719786, 0.038706264669684895, 0.8005647393755534]",61.681212275632845,1.8701827202460497
"[0.8026299884181023, -27.546109261152782, 0.038566342477969084, 0.802629988419146]",61.684080934559994,1.8733258844817575
"[0.804690774556936, -27.604686188329772, 0.03842710381906116, 0.8046907745571722]",61.68696113043145,1.8764690487174653
"[0.8067470714077175, -27.66317033531685, 0.038288546131564065, 0.8067470714079398]",61.68985287435863,1.8796122129531727
"[0.8087988614127727, -27.72156099474791, 0.03815066628120051, 0.8087988614127785]",61.69275618584596,1.8827553771888805
"[0.8108461241334901, -27.779857379274297, 0.03801346135203529, 0.8108461241340286]",61.695671081988564,1.8858985414245883
"[0.8128888438363576, -27.838058837467116, 0.03787692813744191, 0.8128888438382358]",61.698597572960196,1.8890417056602957
"[0.8149270020983771, -27.896164643280628, 0.03774106363649256, 0.8149270020987673]",61.70153568444312,1.8921848698960035
"[0.8169605683366805, -27.954173725942713, 0.03760586567972003, 0.8169605683368053]",61.704485426438126,1.8953280341317114
"[0.818989531485966, -28.01208557302258, 0.037471330821069425, 0.8189895314862793]",61.70744682437206,1.8984711983674187
"[0.8210138635942228, -28.069899192242033, 0.037337456759007195, 0.8210138635943819]",61.71041989875284,1.9016143626031266
"[0.8230335392164124, -28.127613664487985, 0.037204241044076505, 0.8230335392168018]",61.713404660659826,1.904757526838834
"[0.8250485383317124, -28.18522822740282, 0.03707168088942002, 0.8250485383320194]",61.7164011397597,1.9079006910745417
"[0.8270588326410399, -28.24274188380662, 0.03693977407313218, 0.8270588326415345]",61.719409353212995,1.9110438553102493
"[0.82906439445991, -28.300153655599406, 0.03680851834993391, 0.829064394459952]",61.7224293252629,1.914187019545957
"[0.8310651999463925, -28.35746267643543, 0.036677911241049375, 0.8310651999466764]",61.725461078091904,1.9173301837816645
"[0.8330612217794614, -28.414667982050403, 0.03654795051358981, 0.8330612217797766]",61.728504635939466,1.9204733480173724
"[0.8350524223675503, -28.47176831528534, 0.036418634617936166, 0.8350524223677378]",61.73156001894796,1.9236165122530797
"[0.8370387837436669, -28.52876298328646, 0.03628996074511427, 0.8370387837442644]",61.7346272573238,1.9267596764887875
"[0.839020269692576, -28.585650771462273, 0.03616192728700366, 0.8390202696926035]",61.73770637585035,1.9299028407244954
"[0.8409968462613491, -28.642430531520453, 0.03603453250087475, 0.8409968462615303]",61.740797397455836,1.9330460049602027
"[0.8429684831834657, -28.69910122249472, 0.03590777441996431, 0.8429684831844032]",61.743900352856485,1.9361891691959106
"[0.8449351543851072, -28.75566192567268, 0.03578165082395363, 0.8449351543860261]",61.74701527223736,1.939332333431618
"[0.8468968112708851, -28.812111076107698, 0.035656160948973586, 0.8468968112711724]",61.75014217507204,1.9424754976673257
"[0.8488534224679744, -28.868447605462297, 0.035531302936698206, 0.8488534224685529]",61.75328109880495,1.9456186619030336
"[0.8508049590754915, -28.924670518276084, 0.03540707478592577, 0.8508049590757456]",61.75643207059887,1.948761826138741
"[0.8527513752044944, -28.98077833125288, 0.03528347558848068, 0.8527513752045921]",61.75959512063554,1.9519049903744488
"[0.8546926372585364, -29.036769916587144, 0.035160503663594196, 0.8546926372587875]",61.76277028166329,1.9550481546101566
"[0.8566287011717035, -29.092643845950725, 0.035038158004064596, 0.8566287011720354]",61.76595757886797,1.958191318845864
"[0.8585595380540956, -29.14839913045022, 0.03491643665349165, 0.85855953805426]",61.76915706395519,1.9613344830815718
"[0.8604850865923144, -29.204033846296863, 0.03479533970767978, 0.860485086593387]",61.77236874737231,1.9644776473172796
"[0.8624053203627136, -29.259547078605102, 0.03467486507227132, 0.8624053203647474]",61.775592679708204,1.967620811552987
"[0.8643201903459041, -29.31493726104967, 0.0345550120826761, 0.8643201903460185]",61.77882888871731,1.9707639757886948
"[0.8662296507445905, -29.370202921781154, 0.03443577987674833, 0.8662296507448467]",61.78207741609195,1.9739071400244022
"[0.8681336506660852, -29.425342442382096, 0.03431716791530623, 0.8681336506665115]",61.785338290949056,1.97705030426011
"[0.8700321531831223, -29.480354610222186, 0.03419917479498344, 0.8700321531831763]",61.78861155774605,1.9801934684958176
"[0.8719250963468217, -29.535237489002057, 0.03408180067304986, 0.8719250963469477]",61.79189724610254,1.9833366327315252
"[0.8738124502585802, -29.589990072781674, 0.03396504372306626, 0.8738124502589204]",61.79519540797588,1.9864797969672328
"[0.8756941404219529, -29.64461006327264, 0.033848904883134225, 0.8756941404225954]",61.79850606747595,1.9896229612029406
"[0.8775701340586289, -29.69909637380438, 0.033733382515256156, 0.8775701340588382]",61.80182928024661,1.992766125438648
"[0.8794403676725134, -29.753447027337756, 0.033618476880085735, 0.879440367672856]",61.805165078481835,1.9959092896743558
"[0.8813047844859234, -29.80766024270135, 0.03350418782346366, 0.8813047844862665]",61.80851350549072,1.9990524539100636
"[0.8831633386558666, -29.861734558014433, 0.033390514523619165, 0.8831633386558676]",61.81187460953012,2.002195618145771
"[0.8850159617101058, -29.915667854332646, 0.03327745754472838, 0.8850159617107606]",61.815248428588454,2.005338782381479
"[0.8868626068332103, -29.96945864404814, 0.033165016128246586, 0.8868626068337784]",61.81863501339753,2.0084819466171866
"[0.8887032007150446, -30.023104669141627, 0.033053191129770274, 0.8887032007153706]",61.822034399741504,2.011625110852894
"[0.890537687876604, -30.07660419198376, 0.032941982317402224, 0.8905376878767747]",61.825446638315064,2.014768275088602
"[0.8923660128068363, -30.129955475575546, 0.03283138946316444, 0.8923660128079093]",61.828871785882654,2.017911439324309
"[0.8941881039674474, -30.183156316341098, 0.03272141330764071, 0.894188103967479]",61.8323098790116,2.021054603560017
"[0.8960038940481228, -30.236204635084945, 0.03261205433076724, 0.8960038940490715]",61.835760968156826,2.024197767795725
"[0.8978133199300601, -30.28909847598864, 0.03250331275746691, 0.8978133199310919]",61.839225107104774,2.027340932031432
"[0.8996163079629894, -30.34183557657814, 0.03239518944226077, 0.8996163079632471]",61.84270234121357,2.03048409626714
"[0.90141279628568, -30.39441402032413, 0.032287684528552414, 0.9014127962857068]",61.84619273214565,2.033627260502848
"[0.9032027078903883, -30.44683144866161, 0.03218079906319824, 0.9032027078909077]",61.84969632140967,2.036770424738555
"[0.9049859688289246, -30.499085593395282, 0.03207453390347852, 0.9049859688290819]",61.853213166061764,2.039913588974263
"[0.9067625032616977, -30.551174132004203, 0.0319688900132913, 0.9067625032618227]",61.856743321220094,2.043056753209971
"[0.908532242377421, -30.603094949234226, 0.03186386793362304, 0.9085322423776563]",61.86028684402594,2.046199917445678
"[0.9102951033160037, -30.65484551897418, 0.03175946903399311, 0.9102951033168724]",61.863843789027264,2.049343081681386
"[0.9120510038051817, -30.706423333120778, 0.03165569464013273, 0.9120510038058758]",61.86741421438001,2.0524862459170934
"[0.9137998614658366, -30.757825881429284, 0.031552546075528154, 0.9137998614658869]",61.87099816841936,2.055629410152801
"[0.9155415987746905, -30.809050797603856, 0.031450024369909076, 0.9155415987746922]",61.8745957235673,2.058772574388509
"[0.9172761318416358, -30.860095529439043, 0.03134813092111121, 0.9172761318416798]",61.87820693956793,2.0619157386242164
"[0.9190033669327023, -30.910957236024355, 0.031246867695241765, 0.9190033669330463]",61.88183186772346,2.065058902859924
"[0.920723214221048, -30.9616331922542, 0.03114623641757571, 0.9207232142218402]",61.88547056917715,2.0682020670956316
"[0.922435592320937, -31.012120923034036, 0.03104623831073362, 0.9224355923212374]",61.88912311993212,2.0713452313313394
"[0.9241404025971306, -31.062417446149023, 0.030946875595615982, 0.9241404025976271]",61.89278957296679,2.074488395567047
"[0.9258375538995564, -31.112520001087812, 0.030848150044730984, 0.9258375539000423]",61.89646999890685,2.0776315598027546
"[0.9275269460716754, -31.162425562690725, 0.030750063943292716, 0.9275269460722502]",61.900164456370035,2.080774724038462
"[0.929208485861525, -31.212131310887884, 0.03065261916352772, 0.9292084858621649]",61.903873023057145,2.08391788827417
"[0.9308820744405805, -31.261634262284232, 0.030555817890079096, 0.9308820744423578]",61.907595763526395,2.0870610525098776
"[0.9325475988567591, -31.310931016559486, 0.030459663110541223, 0.9325475988568925]",61.911332738089946,2.090204216745585
"[0.934204960893458, -31.360018610702454, 0.030364156946506144, 0.9342049608940479]",61.915084024476776,2.093347380981293
"[0.9358540587504492, -31.40889397705079, 0.030269301715087123, 0.9358540587511066]",61.91884969540293,2.096490545217
"[0.9374947791663155, -31.457553709725822, 0.030175100379059218, 0.9374947791666772]",61.92262982238652,2.099633709452708
"[0.9391270123764244, -31.505994507692343, 0.030081555684941967, 0.9391270123764542]",61.92642447645804,2.102776873688416
"[0.9407506392868291, -31.554212794291985, 0.029988670898430037, 0.9407506392875462]",61.930233730275134,2.105920037924123
"[0.9423655558755775, -31.60220544180434, 0.02989644840803316, 0.9423655558757936]",61.93405766829063,2.109063202159831
"[0.9439716382647917, -31.649968734353504, 0.02980489172236239, 0.9439716382650067]",61.937896359696474,2.112206366395539
"[0.9455687635494104, -31.697498985986513, 0.02971400427661827, 0.9455687635497503]",61.94174988846583,2.115349530631246
"[0.9471568115860567, -31.744792594370793, 0.02962378933208372, 0.9471568115866276]",61.94561832419925,2.118492694866954
"[0.9487356570917742, -31.791845805743925, 0.029534250425781398, 0.9487356570920109]",61.94950175529767,2.121635859102662
"[0.9503051774564168, -31.838654947768998, 0.029445390926584648, 0.9503051774566595]",61.95340026592059,2.124779023338369
"[0.9518652368841899, -31.885215956547363, 0.029357214932715644, 0.951865236884967]",61.95731393461436,2.127922187574077
"[0.9534157037624931, -31.931524894371563, 0.02926972628691777, 0.9534157037625981]",61.96124284358109,2.1310653518097844
"[0.9549564443845694, -31.977577762957154, 0.02918292893224591, 0.9549564443854571]",61.96518708145621,2.134208516045492
"[0.9564873196275986, -32.023370403874786, 0.02909682709861636, 0.9564873196301985]",61.969146734527044,2.1373516802812
"[0.9580081915128862, -32.068898694662906, 0.029011424932966746, 0.9580081915131784]",61.97312189104872,2.1404948445169074
"[0.9595189142570992, -32.11415828155908, 0.02892672700132774, 0.9595189142576637]",61.977112639575765,2.1436380087526152
"[0.9610193423297224, -32.15914481996004, 0.028842737835950188, 0.9610193423300625]",61.981119073502676,2.146781172988323
"[0.9625093267081953, -32.20385386281608, 0.0287594621448971, 0.9625093267097189]",61.98514128070472,2.1499243372240304
"[0.9639887168826453, -32.24828092048674, 0.028676904699738832, 0.96398871688333]",61.9891793585889,2.1530675014597382
"[0.9654573513433629, -32.29242117525358, 0.028595070865026027, 0.9654573513438202]",61.99323339395758,2.156210665695446
"[0.966915076947191, -32.336270062842054, 0.02851396551801053, 0.9669150769474233]",61.997303486964825,2.1593538299311534
"[0.9683617376347942, -32.37982293419484, 0.028433593679133846, 0.9683617376356716]",62.00138974389568,2.1624969941668613
"[0.9697971597470533, -32.42307461275932, 0.028353961325711614, 0.9697971597471214]",62.005492253301156,2.1656401584025686
"[0.9712211857169774, -32.46602040939953, 0.028275073520425378, 0.9712211857177606]",62.0096111238463,2.1687833226382764
"[0.9726336344762057, -32.508654929028346, 0.028196936607495816, 0.9726336344776645]",62.01374644535745,2.1719264868739843
"[0.9740343412310049, -32.5509732702839, 0.028119556008519692, 0.974034341231009]",62.01789833465451,2.1750696511096916
"[0.9754231229272589, -32.592969983629466, 0.028042938133317683, 0.9754231229275112]",62.022066887429844,2.1782128153453995
"[0.9767998000673968, -32.634639729641286, 0.027967089173098772, 0.9767998000680984]",62.02625221329195,2.1813559795811073
"[0.9781641890681927, -32.675977048552355, 0.02789201552277445, 0.9781641890682036]",62.03045442224887,2.1844991438168146
"[0.979516103968673, -32.716976412148554, 0.02781772368653769, 0.9795161039693899]",62.03467362182713,2.1876423080525225
"[0.9808553473566934, -32.75763194814724, 0.02774422077586076, 0.9808553473570185]",62.03890992083318,2.19078547228823
"[0.9821817326471459, -32.797938116645646, 0.0276715132858912, 0.9821817326472929]",62.04316344123185,2.1939286365239377
"[0.9834950559490842, -32.83788885605483, 0.02759960863953961, 0.9834950559492326]",62.04743429028807,2.197071800759645
"[0.9847951145570757, -32.877478144442286, 0.027528514172151942, 0.9847951145571997]",62.05172258268167,2.200214964995353
"[0.9860816995920209, -32.916699775940664, 0.027458237534703292, 0.9860816995921087]",62.05602843611611,2.2033581292310607
"[0.9873546064903498, -32.95554768071897, 0.027388786120963824, 0.9873546064903734]",62.06035197708485,2.206501293466768
"[0.9886136120351916, -32.994015224310154, 0.027320168321009825, 0.9886136120353064]",62.064693317091184,2.209644457702476
"[0.9898585089371776, -33.03209626353326, 0.02725239163514322, 0.9898585089375678]",62.069052594778626,2.2127876219381832
"[0.9910890647131103, -33.06978389006241, 0.027185464914868323, 0.9910890647140117]",62.0734299175749,2.215930786173891
"[0.9923050562165372, -33.10707148611553, 0.027119396481833723, 0.9923050562177199]",62.07782542269177,2.2190739504095984
"[0.9935062506409589, -33.14395214351086, 0.027054195162182108, 0.9935062506417667]",62.08223923746597,2.2222171146453062
"[0.9946924140321485, -33.18041892477111, 0.02698986982367672, 0.9946924140368311]",62.086671493704934,2.225360278881014
"[0.9958633071006443, -33.216464734204315, 0.026926429603940233, 0.995863307100798]",62.091122322762914,2.2285034431167214
"[0.9970186787683225, -33.252082120110096, 0.02686388425853434, 0.997018678768368]",62.095591855376156,2.2316466073524293
"[0.9981582834633366, -33.28726380632908, 0.026802243225473206, 0.9981582834638361]",62.10008023497,2.234789771588137
"[0.9992818677194318, -33.32200228062639, 0.0267415163512148, 0.9992818677199716]",62.10458759693349,2.2379329358238444
"[1.0003891670543974, -33.356289697370265, 0.026681714058811486, 1.0003891670550424]",62.109114075450535,2.2410761000595523
"[1.001479925185197, -33.39011847253445, 0.026622846310461343, 1.0014799251862472]",62.11365982738635,2.2442192642952596
"[1.0025538685369313, -33.42348049457962, 0.026564923984717815, 1.0025538685369966]",62.11822498948449,2.2473624285309675
"[1.0036107199419884, -33.4563675483864, 0.02650795813644411, 1.0036107199439506]",62.122809707504004,2.2505055927666753
"[1.00465020230801, -33.48877142973201, 0.026451959800497814, 1.0046502023089718]",62.12741412832614,2.2536487570023827
"[1.0056720321030062, -33.52068374392198, 0.02639694034332944, 1.0056720321035428]",62.13203841388956,2.2567919212380905
"[1.0066759179873896, -33.552095862489416, 0.026342911537337338, 1.0066759179884837]",62.1366827127493,2.2599350854737983
"[1.0076615619604086, -33.58299895868236, 0.026289885499649824, 1.0076615619606535]",62.14134717703867,2.2630782497095057
"[1.0086286650944678, -33.613384187890276, 0.02623787438432782, 1.0086286650948204]",62.146031970193185,2.2662214139452135
"[1.0095769178805396, -33.64324238489686, 0.02618689090284544, 1.0095769178813256]",62.1507372492026,2.2693645781809213
"[1.010506008804149, -33.67256433348671, 0.02613694786371858, 1.010506008804256]",62.15546318083425,2.2725077424166287
"[1.0114156251434834, -33.7013407935627, 0.026088058130750817, 1.0114156251440671]",62.16020994570844,2.2756509066523365
"[1.0123054268238663, -33.72956167291705, 0.02604023602947639, 1.0123054268249068]",62.16497767662383,2.2787940708880443
"[1.0131750963714066, -33.7572176094569, 0.02599349466350455, 1.0131750963719197]",62.169766579665,2.2819372351237517
"[1.01402429058154, -33.784298440569806, 0.02594784851344305, 1.0140242905816033]",62.17457681267486,2.2850803993594595
"[1.01485266400245, -33.81079394691274, 0.025903312176336846, 1.0148526640025117]",62.179408549566844,2.288223563595167
"[1.0156598713622211, -33.83669393271797, 0.025859900236510847, 1.0156598713646798]",62.18426198279939,2.2913667278308747
"[1.0164455524315257, -33.861987741306834, 0.025817628081353294, 1.0164455524317026]",62.189137285483945,2.2945098920665825
"[1.0172093413087846, -33.88666455226578, 0.02577651140359094, 1.017209341308837]",62.194034638767846,2.29765305630229
"[1.0179508716809749, -33.91071355266434, 0.025736565920180234, 1.0179508716829777]",62.1989542406883,2.3007962205379977
"[1.018669765783078, -33.93412358155021, 0.025697807968442548, 1.0186697657831003]",62.20389628807387,2.3039393847737055
"[1.0193656341254813, -33.95688311931972, 0.02566025452342142, 1.0193656341256232]",62.208860953227884,2.307082549009413
"[1.0200380881525608, -33.97898070102152, 0.025623922517840896, 1.020038088152977]",62.21384845071246,2.3102257132451207
"[1.0206867275397888, -34.000404503172604, 0.025588829529369733, 1.0206867275397984]",62.218858976323745,2.313368877480828
"[1.0213111423927919, -34.02114241410995, 0.025554993665521115, 1.0213111423928625]",62.223892725376686,2.316512041716536
"[1.021910924373634, -34.04118240536649, 0.02552243296302209, 1.021910924374304]",62.22894992874264,2.3196552059522437
"[1.0224856442218453, -34.06051178391685, 0.02549116660983236, 1.0224856442220545]",62.234030772632764,2.322798370187951
"[1.0230348745325515, -34.079117952636594, 0.025461213712376, 1.0230348745327484]",62.23913548796937,2.325941534423659
"[1.023558173182869, -34.0969878551405, 0.025432594199875105, 1.023558173185182]",62.24426427157493,2.3290846986593663
"[1.0240550964522244, -34.1141084212334, 0.02540532811232127, 1.024055096452374]",62.249417366855646,2.332227862895074
"[1.0245251873405206, -34.13046617107088, 0.025379436241765318, 1.0245251873406058]",62.254594994376085,2.3353710271307815
"[1.0249679811499086, -34.14604740492366, 0.025354939832197457, 1.0249679811503394]",62.25979737924763,2.3385141913664893
"[1.0253830045965755, -34.16083817461744, 0.025331860631880757, 1.0253830045969514]",62.265024752084734,2.3416573556021967
"[1.025769774824332, -34.17482424954389, 0.025310220952639663, 1.0257697748243655]",62.27027735348097,2.3448005198379045
"[1.0261278007900647, -34.18799116777763, 0.025290043597178923, 1.0261278007903833]",62.27555542088703,2.3479436840736123
"[1.0264565825826213, -34.20032421514185, 0.02527135190056447, 1.026456582582906]",62.280859206257176,2.3510868483093197
"[1.0267556089467527, -34.211808333873584, 0.025254169876085916, 1.0267556089471006]",62.28618895563265,2.3542300125450275
"[1.0270243596672155, -34.22242821149578, 0.02523852208663381, 1.027024359667655]",62.291544920840494,2.357373176780735
"[1.0272623058753168, -34.23216829984591, 0.025224433629016687, 1.0272623058756767]",62.29692737007359,2.3605163410164427
"[1.02746890649897, -34.24101267479871, 0.02521193034795474, 1.0274689065000449]",62.30233655790238,2.3636595052521505
"[1.0276436110456522, -34.24894514747938, 0.025201038680929044, 1.0276436110458267]",62.307772752173854,2.366802669487858
"[1.027785858900033, -34.25594924300061, 0.02519178570271088, 1.0277858589000692]",62.31323622550764,2.3699458337235657
"[1.027895078684991, -34.262008179380935, 0.025184199168238077, 1.027895078685198]",62.31872726140665,2.3730889979592735
"[1.0279706875103614, -34.267104829867705, 0.025178307571097524, 1.0279706875112444]",62.32424614327412,2.376232162194981
"[1.0280120917207627, -34.27122176946286, 0.025174140097644286, 1.0280120917209083]",62.32979316164682,2.3793753264306887
"[1.0280186860450702, -34.27434123205588, 0.025171726693210595, 1.028018686045734]",62.33536860555668,2.3825184906663965
"[1.0279898537606578, -34.27644511814596, 0.02517109806244237, 1.0279898537627143]",62.34097277294244,2.385661654902104
"[1.0279249661318999, -34.27751500039401, 0.025172285693571505, 1.0279249661323506]",62.346605977729844,2.3888048191378117
"[1.027823382470361, -34.27753209280941, 0.02517532189047103, 1.0278233824706535]",62.35226852682077,2.3919479833735195
"[1.027684450118139, -34.276477265496034, 0.025180239775334505, 1.0276844501202436]",62.35796072591183,2.395091147609227
"[1.0275075025931035, -34.274331017320506, 0.02518707337707298, 1.0275075025947031]",62.36368292336293,2.3982343118449347
"[1.0272918618568456, -34.27107349038427, 0.02519585756706125, 1.0272918618570976]",62.369435431827476,2.401377476080642
"[1.027036835665167, -34.266684439193114, 0.02520662817538351, 1.0270368356652477]",62.37521859965529,2.40452064031635
"[1.0267417195836395, -34.26114325683004, 0.025219421927426523, 1.0267417195848068]",62.38103276443949,2.4076638045520578
"[1.0264057939900342, -34.25442892024216, 0.02523427658923421, 1.0264057939900384]",62.38687828387952,2.410806968787765
"[1.026028326619511, -34.246520035142176, 0.025251230876655748, 1.0260283266197587]",62.39275550595644,2.413950133023473
"[1.0256085709026306, -34.23739480414859, 0.025270324546244217, 1.0256085709049276]",62.398664801230844,2.4170932972591808
"[1.0251457622635172, -34.227030940858334, 0.0252915985869932, 1.0251457622651547]",62.40460655745971,2.420236461494888
"[1.0246391263213284, -34.21540585031332, 0.02531509486617205, 1.0246391263233112]",62.41058114693571,2.423379625730596
"[1.0240878726671667, -34.202496494269795, 0.025340856433532323, 1.0240878726674458]",62.416588945131984,2.4265227899663038
"[1.0234911903777346, -34.18827928009555, 0.025368927758255683, 1.0234911903784478]",62.42263037524868,2.429665954202011
"[1.0228482561319554, -34.17273024866647, 0.025399354375379116, 1.0228482561323708]",62.428705844574274,2.432809118437719
"[1.022158231882708, -34.15582502362134, 0.025432183017118998, 1.022158231882782]",62.434815757187586,2.4359522826734263
"[1.0214202597570985, -34.1375386859998, 0.025467461882608695, 1.0214202597587378]",62.44096054808446,2.439095446909134
"[1.0206334674280506, -34.11784590476413, 0.025505240411503236, 1.0206334674292084]",62.44714065381101,2.442238611144842
"[1.019796963597575, -34.09672082571404, 0.025545569529185158, 1.0197969635977089]",62.45335651580832,2.4453817753805493
"[1.0189098373206522, -34.07413705250838, 0.02558850171263507, 1.018909837321034]",62.45960860658933,2.448524939616257
"[1.0179711667369795, -34.05006786999517, 0.025634090600363323, 1.0179711667371691]",62.46589737033078,2.4516681038519645
"[1.0169799981086356, -34.024485708342745, 0.02568239204440071, 1.016979998108884]",62.472223316698276,2.4548112680876724
"[1.015935371244918, -33.99736279502436, 0.02573346291285894, 1.0159353712454078]",62.47858692408829,2.4579544323233797
"[1.0148363047300906, -33.96867077856228, 0.02578736184443419, 1.0148363047324165]",62.48498868344979,2.4610975965590876
"[1.0136817856842197, -33.93838045831405, 0.02584414979544757, 1.0136817856848441]",62.49142913991705,2.464240760794795
"[1.0124707937433208, -33.90646241240556, 0.02590388890644766, 1.0124707937436161]",62.49790880705689,2.4673839250305027
"[1.011202280306221, -33.872886455821465, 0.025966643567122867, 1.0112022803064258]",62.50442823647979,2.4705270892662106
"[1.0098751773314691, -33.83762187208645, 0.02603248003263951, 1.0098751773315278]",62.51098798430626,2.473670253501918
"[1.008488393997993, -33.80063732670041, 0.026101466639676954, 1.0084883939984015]",62.517588628962415,2.4768134177376258
"[1.0070408201784598, -33.76190096156296, 0.026173673687562772, 1.0070408201794758]",62.524230746804896,2.479956581973333
"[1.0055313130161516, -33.72138003735854, 0.02624917416554525, 1.0055313130165298]",62.53091496293854,2.483099746209041
"[1.003958718109837, -33.679041503118505, 0.026328042755828313, 1.0039587181102048]",62.53764187915811,2.4862429104447488
"[1.0023218457254692, -33.63485136002091, 0.02641035708738261, 1.0023218457258283]",62.54441214751903,2.489386074680456
"[1.0006194864773754, -33.588775085012244, 0.026496197019431317, 1.0006194864784803]",62.5512264208973,2.492529238916164
"[0.9988504043573612, -33.540777446016214, 0.026585645062762255, 0.9988504043579755]",62.558085379967835,2.4956724031518718
"[0.9970133327299133, -33.49082239579265, 0.026678786659830683, 0.9970133327304911]",62.56498972394311,2.498815567387579
"[0.995106976486847, -33.43887313263533, 0.02677571015906795, 0.99510697648715]",62.57194017580606,2.501958731623287
"[0.9931300242569191, -33.3848924375, 0.026876506278309637, 0.9931300242571164]",62.578937461474425,2.505101895858995
"[0.9910811203243383, -33.328841911963735, 0.026981269625427195, 0.9910811203243791]",62.58598235386215,2.508245060094702
"[0.9889588890026693, -33.27068264707227, 0.027090097554902458, 0.9889588890028053]",62.59307563155135,2.51138822433041
"[0.986761916548398, -33.21037473331414, 0.027203091195209913, 0.9867619165490435]",62.600218110939416,2.5145313885661174
"[0.9844887574353495, -33.147877436466295, 0.027320355239949485, 0.9844887574358983]",62.60741063735222,2.517674552801825
"[0.982137936191964, -33.083149253611474, 0.02744199796944831, 0.9821379361922712]",62.614654070784255,2.520817717037533
"[0.9797079558997809, -33.016148153907665, 0.027568130930996616, 0.9797079559026945]",62.62194928090303,2.5239608812732404
"[0.9771972567060561, -32.94683044037064, 0.02769887122500571, 0.9771972567067748]",62.629297217090006,2.527104045508948
"[0.9746042626499145, -32.87515204746044, 0.027834339218763507, 0.9746042626509587]",62.63669882464977,2.530247209744656
"[0.9719273534168009, -32.80106776877459, 0.02797466016355308, 0.9719273534172626]",62.64415508841371,2.5333903739803634
"[0.9691648613091686, -32.72453118005741, 0.02811996452067061, 0.9691648613097623]",62.65166704664472,2.536533538216071
"[0.9663150914384301, -32.64549520636509, 0.028270387073687467, 0.9663150914387492]",62.65923574958676,2.539676702451779
"[0.9633763183724106, -32.563912039866, 0.028426067277677883, 0.9633763183735453]",62.66686226658988,2.5428198666874864
"[0.9603467262894413, -32.47973148694694, 0.02858715263232848, 0.9603467262894849]",62.674547787123515,2.545963030923194
"[0.9572244997515782, -32.39290349866439, 0.028753794085002372, 0.9572244997517428]",62.68229346687046,2.5491061951589016
"[0.9540077737397925, -32.30337679582466, 0.028926148892463015, 0.9540077737400556]",62.690100504656904,2.5522493593946094
"[0.9506946013413662, -32.21109798044937, 0.029104382605912315, 0.9506946013421802]",62.69797021009262,2.555392523630317
"[0.9472830255935103, -32.116013548511106, 0.029288665477598487, 0.9472830255937048]",62.70590387146418,2.5585356878660246
"[0.94377100527356, -32.01806783768797, 0.029479176727054017, 0.9437710052739189]",62.71390288075142,2.5616788521017324
"[0.9401564486234542, -31.917203981049322, 0.02967610303467602, 0.9401564486243759]",62.72196867477282,2.5648220163374402
"[0.9364372235495667, -31.813364208879644, 0.029879638298642364, 0.9364372235496968]",62.730102728349486,2.5679651805731476
"[0.9326111241548796, -31.706488932763765, 0.030089985803305366, 0.9326111241551963]",62.73830659629995,2.5711083448088554
"[0.9286758712592316, -31.59651677826397, 0.030307358580308037, 0.9286758712592825]",62.74658190941185,2.574251509044563
"[0.924629162143496, -31.483385996394677, 0.030531977056720238, 0.9246291621437928]",62.754930319574754,2.5773946732802706
"[0.9204685758607515, -31.367031839745458, 0.030764074725829472, 0.9204685758610951]",62.76335361352853,2.580537837515978
"[0.916191649533304, -31.24738871946507, 0.031003894395653653, 0.9161916495333624]",62.77185361420254,2.583681001751686
"[0.9117958587892463, -31.124389685692815, 0.031251689757489494, 0.9117958587897511]",62.78043221280229,2.586824165987393
"[0.9072785169387249, -30.997963634677383, 0.031507731641610054, 0.9072785169393244]",62.78909150125979,2.589967330223101
"[0.9026369766980575, -30.868040985328264, 0.031772297212555034, 0.9026369766981053]",62.797833496791505,2.5931104944588084
"[0.8978684065093626, -30.734547453750075, 0.03204568327500451, 0.8978684065100216]",62.80666044838074,2.596253658694516
"[0.8929699292307463, -30.5974079718483, 0.0323281991119763, 0.8929699292313008]",62.81557464703404,2.599396822930224
"[0.8879385642919165, -30.45654510911298, 0.03262017053243748, 0.88793856429224]",62.82457851366477,2.6025399871659314
"[0.882771208783672, -30.31187858736241, 0.03292194181764151, 0.8827712087842662]",62.833674603209275,2.605683151401639
"[0.8774646914620081, -30.16332684101885, 0.03323387347666369, 0.8774646914620081]",62.84286556189956,2.608826315637347
"[0.8720156675670195, -30.010804125692765, 0.03355634939857915, 0.872015667567501]",62.852154233315495,2.6119694798730544
"[0.8664207211135739, -29.854223439603583, 0.03388977193213061, 0.86642072111385]",62.861543562416294,2.615112644108762
"[0.8606763263256546, -29.693495507070622, 0.03423456528310058, 0.86067632632577]",62.87103661650861,2.61825580834447
"[0.8547787186447633, -29.528525239425424, 0.03459118458977381, 0.8547787186450401]",62.88063676803563,2.6213989725801774
"[0.8487240850180635, -29.3592171361574, 0.03496010593615586, 0.8487240850184097]",62.89034744102382,2.624542136815885
"[0.8425084330537165, -29.185471707957774, 0.03534183575323485, 0.8425084330538671]",62.900172295201486,2.6276853010515926
"[0.8361276154522601, -29.007186253103022, 0.03573691107400379, 0.8361276154523843]",62.91011518863415,2.6308284652873004
"[0.8295772442773818, -28.82425256545162, 0.03614590677480911, 0.8295772442785739]",62.92018028056669,2.6339716295230082
"[0.8228528569310235, -28.636561683708372, 0.03656942734356259, 0.8228528569313935]",62.93037183829631,2.6371147937587156
"[0.8159496717818392, -28.443997193061396, 0.03700812447817253, 0.815949671782331]",62.9406945322088,2.6402579579944234
"[0.8088627453156132, -28.246439753289863, 0.03746268986614394, 0.8088627453157899]",62.9511532560205,2.6434011222301312
"[0.8015869205235925, -28.043765811093312, 0.03793386123801728, 0.8015869205237184]",62.961753195913246,2.6465442864658386
"[0.7941167672265795, -27.835846109027877, 0.03842242940411706, 0.7941167672267686]",62.97249989182413,2.6496874507015464
"[0.7864465863015171, -27.622545996752255, 0.03892924159091963, 0.7864465863016937]",62.98339925072406,2.6528306149372542
"[0.7785703508339945, -27.403724010451466, 0.03945520935213851, 0.7785703508340115]",62.9944576149399,2.6559737791729616
"[0.7704817970979536, -27.17923464107046, 0.040001306969574234, 0.770481797098027]",63.00568167715608,2.6591169434086694
"[0.7621742752783222, -26.94892445479389, 0.04056858639706565, 0.7621742752784654]",63.01707864622804,2.6622601076443773
"[0.7536407628577019, -26.712632771767797, 0.041158182113794815, 0.7536407628581594]",63.02865625527718,2.6654032718800846
"[0.744873782339182, -26.470189732503123, 0.04177132326078719, 0.7448737823392446]",63.040422841335726,2.6685464361157925
"[0.7358655731795425, -26.221421436803826, 0.042409328793044127, 0.7358655731796468]",63.05238721449112,2.6716896003515
"[0.726607724827867, -25.966140235672746, 0.043073641403079475, 0.7266077248278763]",63.06455903058666,2.6748327645872076
"[0.7170913714516742, -25.704150617204743, 0.04376582332404837, 0.7170913714521884]",63.07694862841284,2.6779759288229155
"[0.7073070780170667, -25.43524662540356, 0.04448757502617496, 0.7073070780171145]",63.089567161739254,2.681119093058623
"[0.6972447284996208, -25.159209436500944, 0.045240755706171004, 0.6972447284999683]",63.102426756700694,2.6842622572943307
"[0.686893605108871, -24.87581027366339, 0.04602739139095853, 0.6868936051091133]",63.11554044336273,2.6874054215300385
"[0.6762420700403112, -24.58480253923616, 0.04684971514900352, 0.6762420700404693]",63.12892254463961,2.690548585765746
"[0.6652777416683037, -24.28592763084755, 0.04771017260741609, 0.6652777416683273]",63.142588512588304,2.6936917500014537
"[0.6539871888705994, -23.978907732553935, 0.048611467373570236, 0.6539871888706514]",63.15655532119853,2.696834914237161
"[0.6423559787820051, -23.66344845246627, 0.04955658291274349, 0.6423559787821517]",63.17084144842414,2.699978078472869
"[0.6303684552670131, -23.339234347614504, 0.05054883003890684, 0.6303684552670611]",63.185467190171785,2.7031212427085762
"[0.6180076119533151, -23.005927310193446, 0.05159189260418202, 0.6180076119534305]",63.20045485786073,2.706264406944284
"[0.6052548270130168, -22.663161565800234, 0.052689891612035904, 0.6052548270130347]",63.21582914271311,2.7094075711799914
"[0.5920899201020525, -22.31054774175889, 0.05384742980792358, 0.5920899201020575]",63.23161718610047,2.7125507354156992
"[0.5784906548181769, -21.947662510574055, 0.0550696936341655, 0.5784906548186273]",63.24784918035377,2.7156938996514066
"[0.5644325455896355, -21.574047070506246, 0.05636254218166454, 0.5644325455897863]",63.26455875281321,2.7188370638871144
"[0.5498884674612268, -21.189201124087372, 0.05773262925076236, 0.5498884674612378]",63.28178352631421,2.7219802281228223
"[0.5348284332652039, -20.7925822398875, 0.059187529167308905, 0.5348284332652463]",63.29956558175737,2.7251233923585296
"[0.5192188838845028, -20.383593537683737, 0.06073593332200666, 0.5192188838845142]",63.3179524343993,2.7282665565942374
"[0.5030222340740679, -19.961579706372024, 0.06238785514397176, 0.503022234074195]",63.33699782667084,2.7314097208299453
"[0.4861961068232317, -19.525816800788167, 0.06415490652631718, 0.48619610682330405]",63.35676290644243,2.7345528850656526
"[0.46869250849703653, -19.07550306516278, 0.0660506343451391, 0.4686925084972112]",63.37731756055864,2.7376960493013605
"[0.450456605116782, -18.6097428089143, 0.06809097055841314, 0.4504566051168843]",63.398742272532274,2.740839213537068
"[0.43142550575632055, -18.127534924944662, 0.07029477692060379, 0.43142550575633093]",63.4211301296883,2.7439823777727756
"[0.41152621731120204, -17.62774626131877, 0.07268461222104372, 0.41152621731120576]",63.4445898943481,2.7471255420084835
"[0.39067355371739504, -17.109092115147543, 0.07528768484339421, 0.39067355371742557]",63.469249395642244,2.750268706244191
"[0.3687671584096556, -16.570105611697148, 0.07813715770615488, 0.36876715840965735]",63.49526022043641,2.7534118704798987
"[0.34568730737839376, -16.00909281297136, 0.08127396206939226, 0.3456873073784317]",63.52280413843343,2.7565550347156065
"[0.3212896066171235, -15.424083688847919, 0.08474927295307756, 0.32128960661718664]",63.55210148421344,2.759698198951314
"[0.29539740435215955, -14.812761237767017, 0.08862806062889392, 0.29539740435216877]",63.5834228647529,2.7628413631870217
"[0.26779122546361883, -14.172370131132299, 0.09299423579447275, 0.26779122546363415]",63.61710554886073,2.7659845274227295
"[0.2381931155814736, -13.499584267245808, 0.09795839412445612, 0.23819311558151482]",63.653577454845156,2.769127691658437
"[0.206243513339731, -12.790328009753392, 0.10366972455554328, 0.20624351333975488]",63.693392523907846,2.7722708558941447
"[0.1714648035502409, -12.039506726308039, 0.11033518086197436, 0.17146480355029656]",63.73728578575632,2.7754140201298525
"[0.13320208321670116, -11.24060353264863, 0.1182516221655122, 0.13320208321677074]",63.78626197618688,2.77855718436556
"[0.09052101267286256, -10.385040209838305, 0.12786276642859137, 0.09052101267287764]",63.84174608528897,2.7817003486012677
"[0.042018851076650404, -9.461105124392445, 0.13986715837839456, 0.04201885107713961]",63.905856361791415,2.784843512836975
"[-0.014558864917430352, -8.45201450611501, 0.15544127748530032, -0.014558864917235877]",63.981942805596844,2.787986677072683
"[-0.08319944758411858, -7.332051602421436, 0.17675576129396653, -0.08319944758407531]",64.07577391579886,2.7911298413083907
"[-0.17206469867004673, -6.057645229733374, 0.2083720803563361, -0.17206469867002863]",64.19860107668974,2.794273005544098
"[-0.3027346379408749, -4.541281970539391, 0.26194591975817677, -0.3027346379408562]",64.37719926827083,2.797416169779806
"[-0.581345035494266, -2.5249417328858854, 0.37114378523613156, -0.581345035494251]",64.69835452216253,2.8005593340155137
"[-0.326374293043873, 0.8018491766272723, -1.2139696148975794, -0.3263742930438703]",64.30203333767224,2.803702498251221
"[0.8334717468081216, -1.3308988053084818, 0.39497486269285675, 0.8334717468081277]",62.37708247377854,2.806845662486929
"[0.6688157706925647, -0.11487677753699302, -1.2042670181520971, 0.6688157706926044]",62.687068936992524,2.8099888267226367
"[0.025498781564994067, -2.5162387776434234, 0.44805783562701074, 0.02549878156500357]",64.76032473680917,2.813131990958344
"[0.649389712872652, -7.5977750029764115, 0.14325873050890167, 0.6493897128726794]",63.1288308077825,2.816275155194052
"[-0.837210142643538, -0.9683465266356179, 0.3445086497350831, -0.8372101426435329]",63.73636794896583,2.8194183194297593
"[0.7372129223428805, -11.44894266997968, 0.09306342852081877, 0.7372129223429367]",63.24240458860508,2.822561483665467
"[-0.4930117724910211, 0.5536822534006423, -1.294048792334141, -0.49301177249101896]",67.02689591212106,2.8257046479011745
"[0.5678001609183412, -10.982423329366137, 0.1068651595058937, 0.5678001609183945]",62.87026276623152,2.8288478121368823
"[0.627036221198724, -0.2074439378327061, -0.7691197024498738, 0.62703622119877]",68.91508960392898,2.8319909763725897
"[0.3937651279810329, -10.629270141503703, 0.11811736812404582, 0.3937651279811344]",65.9740031185705,2.8351341406082975
"[-0.4444934018637077, -2.602338742467702, 0.3931433037684873, -0.4444934018637002]",63.364218813510384,2.838277304844005
"[0.7592549690777344, 0.05223585906630605, -2.3851838333653, 0.7592549690777207]",48.48546490337341,2.8414204690797127
"[-0.6142041186067785, 0.5430779478500861, -1.2055029060904863, -0.6142041186067748]",68.9764330944872,2.8445636333154205
"[-0.25662049208780047, -2.6276122871819694, 0.4184914539229491, -0.25662049208776366]",64.98352412816003,2.847706797551128
"[-0.39876297376382625, -1.5751659601362358, 0.5701726670665599, -0.3987629737638148]",61.63059745354015,2.8508499617868357
"[0.41972144638140396, -12.47359361971625, 0.10076574206506532, 0.41972144638141834]",62.535245596672546,2.8539931260225435
"[-0.2361707018499118, -4.306123766612954, 0.2786751475544661, -0.23617070184990985]",63.94854496999747,2.857136290258251
"[0.04376890212322045, -5.578378087002043, 0.2269463593706933, 0.0437689021232476]",62.91391425457383,2.8602794544939587
"[-0.3797090192794251, -0.8333651124393037, 0.44298193898555827, -0.3797090192794175]",55.507209322580465,2.863422618729666
"[0.8079457054695833, 0.012405113399891744, -5.165331267182359, 0.8079457054661549]",41.442583883264874,2.866565782965374
"[0.39084551250152877, -4.365101341795207, 0.26371899216827166, 0.3908455125015351]",47.71794256084603,2.872852111436789
"[0.8350144536031269, -23.011665307286957, 0.044714452854912455, 0.8350144536037951]",64.6596300861429,2.8791384399082047
"[-0.7672929687560406, -0.7546608317095707, 0.2617845302109379, -0.7672929687560346]",60.50052046425784,2.88542476837962
"[-0.11993007403739142, 0.5159435129104859, -1.4562915432182755, -0.11993007403739447]",56.36480390471285,2.8885679326153277
"[0.3821744526886549, -13.38443736107209, 0.09539975160486436, 0.3821744526886826]",61.1870576534247,2.891711096851035
"[0.8212925813466049, -22.5344650902857, 0.04612770104925166, 0.8212925813467273]",60.8930156274171,2.894854261086743
"[1.1296984729016846, -29.857123307833408, 0.02507740636952084, 1.1296984729020685]",60.93019801193046,2.8979974253224503
"[0.35097532967878964, -13.39002590093453, 0.09622191546481977, 0.35097532967886047]",61.82908655802857,2.901140589558158
"[-0.07507380144621074, -4.339232901369593, 0.2829393573455729, -0.07507380144619194]",64.3574192480601,2.904283753793866
"[1.1788978820870506, -0.418729541527318, -0.31866129384370195, 1.178897882087061]",41.07263810956397,2.9074269180295733
"[0.014395371874656534, -3.431536839034855, 0.3469567204149364, 0.014395371874669436]",50.40826642581717,2.919999574972404
"[1.1101634488427288, -8.069738582536315, 0.0848538610047783, 1.1101634488430385]",51.19165121078729,2.923142739208112
"[0.2093120452111848, -3.0924870772566577, 0.3708613695057583, 0.2093120452111984]",52.79184101087528,2.9262859034438193
"[0.6263537385830986, -1.5614034093469582, 0.4887388378127577, 0.6263537385831018]",50.362013661939606,2.929429067679527
"[0.8565712443684856, 0.22650599318249565, -1.2937631652815447, 0.8565712443684812]",41.724397476450704,2.9357153961509423
"[0.7781299306820826, 0.17269455900509162, -1.4780853123209015, 0.778129930682075]",41.670420731289454,2.93885856038665
"[-0.26132270359335746, -1.3171767504304497, 0.6744343041361052, -0.26132270359335324]",46.96478042139928,2.9420017246223575
"[0.4862598017594549, -5.942948876663892, 0.19405747187657627, 0.4862598017594778]",58.4899835276975,2.9451448888580654
"[0.4262960540235698, -6.056210400080152, 0.19548302110693913, 0.4262960540235704]",55.15787384946118,2.9482880530937727
"[0.1433006972189575, -7.77201182424845, 0.16664179853594174, 0.14330069721900124]",56.7101480644533,2.9514312173294805
"[1.1038243583996632, -22.401897276558337, 0.034228965987612756, 1.10382435839974]",55.81039870293009,2.954574381565188
"[1.069978770943467, -21.456341610856263, 0.03736566259773128, 1.0699787709437119]",55.62637364439999,2.9577175458008957
"[0.820434163589105, -17.087014053641415, 0.06009293184670283, 0.8204341635891692]",55.64740329123748,2.960860710036603
"[0.4791399840139307, -11.73592018033484, 0.10442955602692022, 0.4791399840139639]",55.864143416954384,2.964003874272311
"[-0.19370721324559165, -4.1045082062761615, 0.29281010447942774, -0.19370721324556672]",56.674847975220096,2.9671470385080188
"[0.10684044238607705, -3.731577470901637, 0.32147386827369007, 0.10684044238608202]",54.956576437483704,2.970290202743726
"[1.1962951993519735, -0.3090210604932301, -0.46647478431783185, 1.1962951993519797]",44.75623964575661,2.973433366979434
"[0.7574306361487909, -16.173664884379136, 0.06638014087266048, 0.7574306361489854]",59.505062575996156,2.9765765312151413
"[0.24800835972662008, -0.7282677078664066, 0.4815445146795102, 0.24800835972663118]",59.469524222649454,2.979719695450849
"[0.798346658705647, -0.005355984960968975, -8.406553643006571, 0.7983466587083303]",44.283030485759575,2.982862859686557
"[0.7969850943474747, 0.0009687653984259989, -11.213167049653613, 0.7969850943257003]",40.95565788154817,2.989149188157972
"[-0.04248020146360798, -3.511729982537309, 0.3399841779540442, -0.04248020146356783]",58.47540933727404,2.99229235239368
"[0.4708722367789595, -9.824052698286417, 0.12369637522780372, 0.47087223677898876]",57.58537970665997,2.9954355166293873
"[0.12523789436340294, -4.143780205318107, 0.29322034418938997, 0.12523789436341776]",58.4311136606228,2.998578680865095
"[-0.8596871271657499, 0.36777348080503297, -0.9907075335209448, -0.8596871271657455]",53.09018042363094,3.0142945020436334
"[-0.41771987941390576, -2.816866291539705, 0.37434967539376557, -0.4177198794139044]",53.40584801431479,3.017437666279341
"[-0.16046335370785775, -4.523221039556077, 0.2705162925560608, -0.1604633537078547]",53.11100344053572,3.0205808305150486
"[-0.024629543724566345, -5.7721941775607615, 0.22021285947176517, -0.024629543724535474]",52.951456911961685,3.0237239947507564
"[0.067556490789714, -6.750306029376137, 0.19081317628377525, 0.06755649078974485]",52.849219253453754,3.026867158986464
"[0.13380943203185083, -7.510942232062315, 0.17214001149605446, 0.13380943203185444]",52.77964163089729,3.0300103232221716
"[0.18004861973823247, -8.065387136378265, 0.16029418019239633, 0.1800486197384138]",52.732777720068924,3.0331534874578794
"[0.20772752588668858, -8.401737528794822, 0.15370451958932063, 0.20772752588678495]",52.704748370277194,3.036296651693587
"[0.21556896745812815, -8.488653468788327, 0.15204867006914502, 0.21556896745814766]",52.69547641316758,3.0394398159292946
"[0.19950247477809588, -8.271589029076669, 0.1561453774545547, 0.19950247477899008]",52.70887249795445,3.0425829801650024
"[-0.0011933868328852814, -8.565374866439566, 0.153544327981769, -0.0011933868327748205]",65.54905126779175,3.04572614440071
"[-0.2042136624775091, -5.576336365468083, 0.22332289460202073, -0.20421366247744596]",65.8109145346402,3.0488693086364176
"[0.7403594808116379, -1.0442804011878706, 0.4789161684523643, 0.7403594808116423]",64.00468944794143,3.0520124728721254
"[0.5870257055477377, -8.9600122220019, 0.12774554487000195, 0.5870257055477437]",63.99125257413469,3.0551556371078328
"[0.9400841482632086, -19.024017655637426, 0.04871831571613844, 0.9400841482636116]",63.576610579014115,3.0582988013435406
"[0.7098324421915517, -2.6735415260037794, 0.3224215714101404, 0.7098324421915662]",67.29717274933941,3.0614419655792484
"[1.068990210034003, -28.654899772365024, 0.02841270467075834, 1.0689902100341493]",62.181024401938664,3.0677282940506636
"[-0.6538693971385319, -1.675302396343499, 0.45205607650597895, -0.6538693971385294]",51.01483791925232,3.070871458286371
"[0.07824618368236358, -2.6872825488733234, 0.42374650842410944, 0.07824618368237311]",50.208196873122134,3.074014622522079
"[0.36301591263290056, -0.08839972575651635, -0.9137128984685959, 0.36301591263290484]",39.99741891411215,3.0928736079363244
"[-1.0118836042217156, 0.08288934285705173, -0.6926825499522563, -1.0118836042217132]",53.978015345137784,3.096016772172032
"[0.6492596892202307, -2.1641867972993474, 0.39279240597325493, 0.6492596892202307]",49.72447013469007,3.0991599364077396
"[-0.15852445917726674, -1.6254537111898586, 0.6139084853281623, -0.15852445917726557]",55.325427993196776,3.1023031006434474
"[0.7575127392708099, -0.5669972291236165, 0.12356890906773799, 0.7575127392708211]",40.985949413193545,3.1085894291148626
"[1.3314561271413894, -0.3772005678471242, -0.46140880341780294, 1.3314561271413896]",41.013260919147015,3.1117325933505704
"[0.46895490310286847, -8.158323824767917, 0.1469183037949966, 0.46895490310287574]",53.33399923127524,3.114875757586278
"[-0.1891921021102971, -3.297912108493954, 0.3528575793467702, -0.1891921021102818]",62.820934060930924,3.1180189218219856
"[0.6373753807423151, -0.19199241375337397, -0.8352728592048834, 0.637375380742319]",58.82810414604112,3.1211620860576934
"[0.11031786998805453, -2.0271286138438325, 0.5276510417893212, 0.11031786998806313]",50.23073148162175,3.124305250293401
"[-0.9803360203964545, -0.8428781596339465, 0.1890239711377759, -0.9803360203964474]",54.12723252300353,3.1274484145291086
"[-0.27206243361203, 0.5451998975376365, -1.4245385878972652, -0.2720624336120308]",58.31498640486519,3.1305915787648164
"[0.8343483851187349, -0.48447641838679834, -0.07698671418270313, 0.8343483851187632]",50.27127348133203,3.133734743000524
"[0.6133175653519658, -1.960578849390495, 0.43187695886466226, 0.6133175653519728]",54.67017617328524,3.1368779072362316
"[1.2064589412004554, -16.08770716200203, 0.03922444258804644, 1.2064589412012006]",63.44535492260369,3.1400210714719394
"[-0.5259619159630755, -0.04774280483351786, -1.5638148450224696, -0.5259619159630158]",65.78629352667231,3.1463073999433546
"[-1.0688918689003788, 0.08911597555118918, -0.6858367696267211, -1.0688918689002629]",65.26740372741416,3.149450564179062
"[-1.0025011732709372, 0.21984050756866574, -0.8169490459485635, -1.0025011732708986]",65.1802987315882,3.1525937284147703
"[-0.7441993302253203, -0.874289884571088, 0.3670494381234033, -0.7441993302253098]",66.40240217656606,3.1557368926504776
"[0.37907924726032116, -3.5084228401541693, 0.318455917776686, 0.379079247260346]",63.367260178987785,3.158880056886185
"[0.808563197025502, -6.5577396307790465, 0.14526185604896524, 0.8085631970257047]",64.56810840978102,3.1620232211218933
"[0.06493814551306562, -0.6970026600305386, 0.26035431063424946, 0.06493814551306826]",54.298665493987464,3.1651663853576006
"[0.21579337487081013, -0.8450919290970716, 0.7507869889050452, 0.21579337487081057]",48.90896142268615,3.168309549593308
"[1.08635316261129, -21.690787194522525, 0.03616906402567799, 1.0863531626113785]",62.04837345252882,3.1714527138290163
"[0.5386266822961646, -0.2875427058098508, -0.47455714988822484, 0.5386266822961837]",48.16544824670385,3.1745958780647237
"[-0.17312859143731965, 0.04007546534028747, -5.586472580954546, -0.17312859143865414]",46.92413879708908,3.177739042300431
"[-1.0353318966673528, -0.28013089365058663, -0.30454448376227994, -1.0353318966673517]",63.81337230646864,3.1808822065361384
"[-0.44519071013369405, -1.3906434305706523, 0.5909929434154527, -0.4451907101336924]",68.56162387076257,3.1840253707718467
"[-0.16556948792785844, -0.018847529220807256, -6.175069138796716, -0.16556948792705087]",52.43059642640868,3.187168535007554
"[1.3219503683825709, -0.008517079495339945, -0.8430378960478818, 1.321950368382577]",44.73090484053522,3.1903116992432614
"[0.17587191158960416, 0.07477587625372603, -1.4917516657813532, 0.17587191158962626]",44.05626069126184,3.1934548634789692
"[-0.7571342036007702, -0.1279550920177376, -0.7690475472879892, -0.7571342036007669]",51.485212460073534,3.2028843561860922
"[0.49486350906409654, -0.7193413572630963, 0.5348838053004241, 0.49486350906410137]",69.44633617036133,3.2060275204218
"[0.18221577758985813, 0.9866642309865588, -1.1364932861153623, 0.1822157775898639]",67.76430224780309,3.2091706846575074
"[-1.1069659350063723, -0.6324464487871928, -0.024440765088058165, -1.1069659350063654]",61.16020395063889,3.2217433416003383
"[1.03257052584086, -21.260410248934544, 0.03954339282133013, 1.0325705258422084]",60.09803773630618,3.2248865058360456
"[0.7991366772476947, -0.0003075815005990884, -20.876792427395948, 0.7991366776552888]",48.85393605148021,3.228029670071753
"[0.7238855871762531, -0.6484709180415609, 0.2815230721121866, 0.723885587176254]",50.70175008456015,3.2311728343074613
"[0.4223967075112358, -7.8646636492888815, 0.15460770110352828, 0.4223967075112846]",57.565776935899805,3.237459162778876
"[0.5489921993964741, -0.25200816838021545, -0.5690628586283162, 0.5489921993964741]",49.123929178553325,3.2406023270145843
"[1.1629138968603085, -30.703911118924008, 0.023174282292790116, 1.1629138968608308]",65.04953892694847,3.2437454912502917
"[0.8724053490634144, -23.66445715934082, 0.04217807212913581, 0.8724053490635258]",64.93646584078493,3.246888655485999
"[0.49255020960769325, -15.5024823772714, 0.07982147664804932, 0.4925502096078449]",65.13677982579992,3.2500318197217073
"[-0.10073251096490592, -5.894900160929354, 0.21524750705070217, -0.10073251096484831]",65.82955664600941,3.2531749839574147
"[0.7567843824161534, -11.575290090844359, 0.09084952526000764, 0.7567843824162304]",67.95878229544499,3.256318148193122
"[0.22108629501227023, -3.2532892581460193, 0.35474439481427805, 0.22108629501236784]",54.794202636306586,3.2594613124288294
"[0.5056976521055427, -1.1100856877674128, 0.6489214041332728, 0.5056976521055436]",63.46122872842458,3.2626044766645377
"[0.7139223723732027, -15.443121804428575, 0.07142631046470675, 0.7139223723732662]",65.95136104053837,3.265747640900245
"[-1.0367436384924391, 0.14289831183821436, -0.7406134042339858, -1.0367436384924105]",69.71468813972818,3.2688908051359524
"[0.9539141476728635, -25.800964926166323, 0.03592664557138473, 0.9539141476732093]",68.75965227634028,3.2720339693716607
"[0.2922744621951568, 0.15338019574548642, -1.2146066060270129, 0.2922744621951604]",60.58963268237163,3.275177133607368
"[0.4766352316753902, -6.225864672439648, 0.18697225223468192, 0.4766352316754561]",66.11194811966847,3.2877497905501984
"[0.7773507979791227, -0.027241971863506336, -3.2426367812402987, 0.7773507979791978]",55.378402688983854,3.2908929547859067
"[0.5404489560471026, -1.4030277815575065, 0.5607281942581358, 0.5404489560471052]",50.72007645222568,3.294036119021614
"[0.5427341386270905, -1.4179452154653116, 0.5563989924533262, 0.542734138627094]",50.77507043940492,3.2971792832573215
"[0.35446363244776385, -0.7626874627591322, 0.6322090910655722, 0.3544636324477665]",45.33760615446127,3.303465611728737
"[-0.2898125682720183, -1.9063508632599147, 0.5284195636935871, -0.28981256827201674]",56.44200893031526,3.3066087759644445
"[-0.9476967494197273, 0.06422843144009283, -0.714632766132218, -0.9476967494195586]",51.91833928008282,3.3097519402001523
"[0.3522963202659488, -3.546503976970103, 0.31858240591788245, 0.35229632026595853]",54.953735301810845,3.31289510443586
"[0.4127653781032109, -8.115050034005465, 0.15073887413293607, 0.4127653781032275]",57.49218737260467,3.3160382686715675
"[0.8659133823293923, -12.682427808247336, 0.07643574298339509, 0.8659133823296375]",57.13337911405206,3.3191814329072753
"[0.9820643667521454, -13.794353097072158, 0.06288600153243779, 0.9820643667525528]",56.98723725715786,3.322324597142983
"[0.9643856302380039, -13.461791266633156, 0.06559822356912165, 0.9643856302383247]",56.9206633510241,3.3254677613786905
"[0.8984119832392053, -12.649252705212605, 0.07434216779691456, 0.8984119832392217]",56.900876738717386,3.3286109256143983
"[-0.19433493921121464, 0.09279027392669131, -3.9422129404569093, -0.1943349392116338]",55.216967366262644,3.4480511665712887
"[-0.33804547986783334, -1.2910794924825315, 0.65403498733652, -0.33804547986779715]",58.60445603965685,3.463766987749827
"[0.5607661216235752, -4.507935267619295, 0.23774468561435544, 0.5607661216235824]",59.500848909675526,3.4669101519855348
"[0.47337653542291, -0.17609260395034326, -0.713764778957823, 0.4733765354229245]",55.841434839195216,3.514057615521149
"[0.7989565649699716, -0.001067653573189017, -16.349512849536847, 0.7989565651625378]",55.645825683189685,3.517200779756857
"[-0.1363938813503662, -4.1441447175107955, 0.29281658414375467, -0.13639388135027264]",64.775094312714,3.5203439439925646
"[0.48657801902935277, -0.13390040534565736, -0.8018401453012077, 0.4865780190293651]",52.132202468663685,3.523487108228272
"[-0.3700004182848721, -3.0396455219808924, 0.3592142585132545, -0.37000041828480973]",65.78312524533246,3.52663027246398
"[0.5845520121952485, -0.566274736747371, 0.19722252623758543, 0.5845520121952557]",53.99955186201504,3.5297734366996876
"[-0.6548837046290991, -0.8763509322052069, 0.41501334377561305, -0.6548837046290297]",61.48192580337085,3.532916600935395
"[0.4607635657597343, -12.11269095580026, 0.10209179173213855, 0.4607635657597867]",63.58850644375928,3.536059765171103
"[0.9541053176981685, -19.892031391074145, 0.04603338253946092, 0.9541053176981884]",63.117881016798606,3.5392029294068106
"[0.9946396999799774, -20.314370091101498, 0.04317732744950341, 0.9946396999800482]",62.90182507989938,3.542346093642518
"[0.7826017404295693, -16.60337186479776, 0.06358009166168993, 0.7826017404298388]",62.84925032922148,3.545489257878226
"[0.3829144716198642, -10.466860283269419, 0.12023763917561849, 0.38291447161989245]",63.05119356897347,3.5486324221139336
"[0.8874922782816567, -2.5935479060206585, 0.2703603813533483, 0.8874922782816618]",62.03132115985966,3.551775586349641
"[-0.26442187981514786, -1.1358316790391079, 0.707583559295206, -0.2644218798151469]",63.17827478026267,3.5549187505853492
"[1.0585299529151728, -14.508431541857272, 0.05462562848979698, 1.0585299529158372]",60.1024314820711,3.5580619148210566
"[0.9287753561277956, -0.19178920827013657, -0.898330862999342, 0.9287753561278218]",49.13439044269795,3.561205079056764
"[-0.08029512430213398, -1.1936701126106322, 0.7524172832019205, -0.08029512430213352]",59.686092827950326,3.5643482432924714
"[0.2680035164728905, -0.67098908796232, 0.3469829432233236, 0.2680035164728939]",47.62839690707134,3.5674914075281796
"[0.030502820726161745, -2.004944785045562, 0.5353195448658239, 0.030502820726176036]",58.45406779000429,3.570634571763887
"[0.7078891941098242, 0.6556169237072375, -1.0075596277608792, 0.7078891941098309]",53.50050278404187,3.5737777359995944
"[-0.7879803514475413, -0.5242889635786849, -0.04667903623376296, -0.7879803514475358]",61.37519686740671,3.576920900235302
"[-0.06691738808861791, -5.134017816810319, 0.2441320170236654, -0.0669173880886136]",59.91686860919399,3.58006406447101
"[0.3093617540019136, -9.340186771348554, 0.1364587780898576, 0.3093617540019742]",59.45496508333025,3.5832072287067174
"[0.5659420329104278, -12.975254896368137, 0.09148796816800506, 0.56594203291049]",59.22989178597046,3.586350392942425
"[0.7995634855811123, -16.681597556557183, 0.06249049039693157, 0.7995634855811148]",59.11226011908076,3.5894935571781326
"[1.0293181133359413, -20.639607500232515, 0.04082947155698774, 1.0293181133362166]",59.095110333641834,3.5926367214138404
"[1.1740229966169056, -23.473398292816285, 0.029340589366649957, 1.1740229966176303]",59.256977677879654,3.595779885649548
"[-0.201163399778385, -4.254630606475131, 0.2834941426881032, -0.2011633997783781]",60.7558050452369,3.5989230498852556
"[0.42662609744418767, -7.683796584626233, 0.1576901926572678, 0.4266260974442458]",65.30251162833743,3.602066214120963
"[0.8303341733271454, 0.07293986733345856, -2.186546439845408, 0.8303341733270956]",45.13220449501401,3.605209378356671
"[0.1353412928252634, -2.0356278854083505, 0.5241921289215812, 0.13534129282526655]",57.29594569077384,3.6083525425923786
"[0.8059342479475156, 0.012375307155943401, -5.355123476665507, 0.8059342479473514]",42.75887562680911,3.611495706828086
"[0.3488418119707665, -2.500654209455226, 0.42283421379867864, 0.34884181197077135]",50.24597622236651,3.6146388710637942
"[0.903311593202675, -0.056564604555598655, -1.6237699443857307, 0.9033115932027265]",51.99810001504527,3.6177820352995016
"[1.0197885137432516, -14.390487766177511, 0.05784366494868414, 1.0197885137436722]",54.34131765831564,3.620925199535209
"[0.4657925820455462, -7.946233303886672, 0.15068774990714434, 0.46579258204558516]",54.25435599279699,3.6240683637709172
"[-0.2517473073538024, 0.2274125388983426, -2.3504124096627406, -0.25174730735385414]",51.88574940546654,3.6272115280066246
"[1.2274547365485762, -0.0872237021017294, -0.7553440498811939, 1.2274547365485793]",46.11693415185711,3.630354692242332
"[0.7829405930803509, -2.6091127409933574, 0.3052826350755345, 0.7829405930803619]",61.90724054573719,3.639784184949455
"[0.6332496527430532, -7.290615236432783, 0.150099349594912, 0.6332496527430959]",62.58209524421337,3.6429273491851624
"[0.5407000380296515, -0.25451587282076815, -0.5584520166138184, 0.5407000380296579]",54.603115413163735,3.6460705134208706
"[0.06583454469802139, -2.736875320323237, 0.4178556762913748, 0.06583454469804724]",72.2845546482617,3.649213677656578
"[-0.1488960597282622, 0.05502940615924537, -4.4037379429771155, -0.14889605972879205]",44.15884735794718,3.658643170363701
"[0.79917707192142, 0.0015717507616067393, -14.996903671626411, 0.7991770716320185]",44.4171347159158,3.6617863345994084
"[0.2639639023131749, -0.7575981764653398, 0.5687257245605816, 0.26396390231317945]",48.39078923153002,3.6649294988351167
"[-0.29508464037612014, 0.07045935016186677, -3.4075710379131516, -0.29508464037623805]",57.52442308533023,3.668072663070824
"[0.5661871895820445, -0.8662751808244448, 0.6207379934933728, 0.5661871895820452]",61.286145893300684,3.6712158273065314
"[0.2746818797906187, -2.4647098409320773, 0.438279534270673, 0.2746818797906204]",64.18176979104058,3.6743589915422397
"[-0.18532560611623403, -0.7582477959899663, 0.310205798473187, -0.18532560611622578]",46.93345192489335,3.677502155777947
"[0.5083470819902264, -0.126237171061132, -0.8312312667207822, 0.508347081990245]",47.71778397425793,3.6837884842493627
"[1.0168230188903695, -14.011993937859742, 0.05949572217656634, 1.0168230188903844]",60.10003779381876,3.68693164848507
"[0.49809167627203527, -6.678007437000269, 0.17400792992137976, 0.4980916762720393]",58.00853464383065,3.6900748127207774
"[1.115087206782183, -8.110972818320361, 0.08381273049358999, 1.1150872067824011]",57.744248521904545,3.6932179769564852
"[0.9056801196585231, -2.4381707858855144, 0.27334187323570125, 0.9056801196585301]",57.56787698304367,3.696361141192193
"[-0.706269520891951, 0.5068514638075974, -1.139971517648923, -0.7062695208919473]",59.30844976959346,3.6995043054279004
"[-0.4116417513725477, -2.987543536003402, 0.35825520827189355, -0.41164175137253933]",59.60542391523816,3.7026474696636082
"[-0.22481899733038707, -4.288114129526961, 0.280332871267344, -0.22481899733037752]",59.41466962831594,3.7057906338993156
"[-0.1803876137402751, -4.690688729957171, 0.26127901870388254, -0.18038761374027318]",59.39805775605279,3.7089337981350234
"[-0.2311873116091657, -4.26902193452714, 0.2810578155690254, -0.2311873116091645]",59.508172180055944,3.7120769623707313
"[-0.49229352276655647, -2.604425728760187, 0.38328374597935655, -0.4922935227665433]",59.858795786110214,3.7152201266064386
"[-0.6528964542887992, -1.0603731723353118, 0.49408518843054067, -0.6528964542887975]",61.886272283089816,3.718363290842146
"[0.37743659054488815, -3.532424439203057, 0.31684836744220163, 0.37743659054491]",57.80192358303214,3.721506455077854
"[-0.7000135306468991, -0.8556935626124536, 0.37791839819149525, -0.7000135306468971]",61.642029447879,3.7246496193135616
"[0.42963915613070663, -2.621002069050648, 0.39413872587647336, 0.4296391561307118]",55.00455088839258,3.727792783549269
"[0.20753635860972705, -6.841363597700495, 0.18561159420810466, 0.2075363586099218]",57.44085995166236,3.7309359477849764
"[0.676188519120184, 0.13666319558582157, -1.4052423217940235, 0.6761885191201766]",40.71814263624773,3.7340791120206847
"[-0.06196403348284444, -1.0854581078293581, 0.7806639281165237, -0.0619640334828428]",45.76956941943818,3.737222276256392
"[-0.08339692216298981, -1.0570695294478516, 0.7756379621601741, -0.08339692216298834]",56.61503725095561,3.7403654404920994
"[0.6263330993943292, -1.9988277607931004, 0.42189429661828476, 0.6263330993943383]",51.69067542281007,3.7435086047278077
"[0.47678232396479153, -8.107275995119553, 0.14730022905453907, 0.47678232396483133]",57.54328106769208,3.746651768963515
"[1.1544660806442049, -8.088496807961013, 0.07843604724331363, 1.1544660806442475]",60.55176152441227,3.7497949331992224
"[0.7787701060497727, -5.801077221908541, 0.16548506080918501, 0.7787701060497727]",47.5305550509815,3.7529380974349307
"[0.7154132505727328, 0.12059208693323333, -1.581678322267217, 0.7154132505727139]",40.910346769553826,3.756081261670638
"[0.7703160782100482, 0.022455799423129655, -3.208211079512287, 0.7703160782094933]",40.7635127768868,3.7592244259063454
"[0.7994237011844961, 0.015026683160393878, -5.11402706921612, 0.7994237011823064]",40.79574485593894,3.765510754377761
"[0.5527817193995781, -0.39475909869066284, -0.2073281080188745, 0.5527817193996308]",48.18257644928365,3.7717970828491767
"[-0.13446430088714734, 0.06730190463833768, -3.8937814719242154, -0.134464300887254]",40.46963535863323,3.774940247084884
"[-0.11310313575289285, 0.0943002801293173, -3.271525034687318, -0.11310313575291021]",39.798713100009785,3.79379923249913
"[-0.3020941204798245, -0.756126520779517, 0.28784530607900666, -0.3020941204797844]",43.26145442025617,3.7969423967348375
"[1.0466268630534286, -21.131040057384947, 0.03907958708707354, 1.046626863053646]",56.511188492607424,3.800085560970545
"[-0.06825225512068757, -2.6609186103760476, 0.42739777895167474, -0.06825225512068445]",48.658524436020485,3.803228725206253
"[-0.24586420335030382, 0.3217465239549342, -1.9381047417985233, -0.24586420335031195]",52.40898980294971,3.8063718894419605
"[-0.22047144102426697, 0.036794024579235814, -6.003484372701344, -0.22047144102630553]",55.26204036771252,3.809515053677668
"[-0.3524631025735402, -3.6156298901903816, 0.3134267194207508, -0.3524631025735384]",60.46356332148499,3.812658217913376
"[0.08844196922462962, -8.598331985733795, 0.1525356897410195, 0.08844196922475304]",59.91817492828645,3.8158013821490835
"[0.3599776296701881, -7.343020446734212, 0.16798230890599045, 0.3599776296702242]",47.02611107772836,3.818944546384791
"[0.40986873291826337, -7.827283272167696, 0.15596061784284415, 0.4098687329182983]",47.00078904136596,3.8220877106204987
"[0.42939027803448493, -8.036006052579394, 0.1512112923422707, 0.42939027803452157]",46.997945153327336,3.8252308748562065
"[0.42655420021318247, -8.033279463704138, 0.15141198272927034, 0.4265542002131839]",47.00942075411826,3.828374039091914
"[0.4061661557711244, -7.863018224067817, 0.1555078522234329, 0.406166155771143]",47.03147563285831,3.8315172033276217
"[0.37120299685255587, -7.556493853335281, 0.16309296764176537, 0.37120299685259495]",47.06265117317002,3.834660367563329
"[0.3233412598060891, -7.135733934209187, 0.17421092574508942, 0.32334125980609213]",47.102976521388776,3.837803531799037
"[0.2630977113042054, -6.615085378267178, 0.18934608105457001, 0.2630977113042173]",47.15377889361184,3.8409466960347447
"[0.1896518578041721, -6.001564350602475, 0.2095796475114417, 0.1896518578042195]",47.21794453406518,3.844089860270452
"[0.1001395315978013, -5.293729994665744, 0.23702413100738137, 0.10013953159780968]",47.300824722056795,3.8472330245061594
"[-0.012474778350505445, -4.477525596383969, 0.27594042015992815, -0.01247477835049286]",47.41260872922718,3.8503761887418677
"[-0.16713001865234428, -3.5128578557891768, 0.3358568724417482, -0.16713001865233357]",47.5750632420021,3.853519352977575
"[-0.4430704402431996, -2.273311644545832, 0.43525043134430996, -0.4430704402431885]",47.83889719546045,3.8566625172132825
"[0.5624813323795338, -0.18557763891818976, -0.750780727770536, 0.5624813323795416]",41.51699351032441,3.878664666863236
"[0.8032639276870337, -0.016927155416419554, -4.73736987730409, 0.803263927687113]",44.21891382084877,3.881807831098944
"[-0.6141269346079669, -0.5988694913005892, 0.004117839315800542, -0.614126934607958]",47.647268166432475,3.8849509953346515
"[-0.17390507459586527, 0.07121012020064242, -4.395763616862351, -0.17390507459657192]",49.67531588606965,3.888094159570359
"[-0.6751073904407466, -0.886192075936835, 0.41208923301336875, -0.6751073904407459]",54.51274274231942,3.891237323806067
"[-0.6354823014883586, -0.9392622847237062, 0.46527805946547574, -0.6354823014883555]",51.0202055314147,3.8943804880417745
"[0.08333709249487131, 0.777685767345519, -1.0658863970297956, 0.08333709249487155]",51.5541942888606,3.897523652277482
"[0.2394117100036034, -5.965414283302512, 0.20887603259085702, 0.23941171000361616]",50.703609267784124,3.90066681651319
"[0.6113530900967981, -9.326740505433184, 0.12154501473502734, 0.6113530900968522]",50.35868912159753,3.9038099807488975
"[0.8850081714168668, -12.237509390224478, 0.07762469459494532, 0.8850081714169219]",50.22979492293317,3.906953144984605
"[1.0965631887760112, -14.753251436594985, 0.051006021597293796, 1.0965631887760379]",50.233764115548965,3.910096309220313
"[1.1507770432264186, -15.69685642070646, 0.04429683289231542, 1.1507770432268298]",50.38894878603607,3.9132394734560205
"[0.6576526757776031, -10.602224094479462, 0.10518605035931887, 0.6576526757777255]",50.84969214567176,3.916382637691728
"[-0.7972957803471425, 0.24624087968252367, -1.0080512524375183, -0.79729578034714]",45.54250123294949,3.919525801927436
"[0.4956558509471736, -4.097202261526581, 0.2663928333622268, 0.4956558509471833]",51.9930895940493,3.9226689661631435
"[0.44618499805620876, -6.193853588780592, 0.1901626774325158, 0.4461849980562273]",52.82458741048684,3.925812130398851
"[0.3480446863941473, 0.105965073908067, -1.1161246293576015, 0.3480446863941562]",42.259680289163654,3.928955294634559
"[0.4337044851173223, -0.1672203505224328, -0.7331840523612502, 0.433704485117344]",41.93240926587829,3.9320984588702665
"[0.4223792340435196, -0.06853338769517076, -0.9013500161097531, 0.42237923404353017]",41.91444800929311,3.935241623105974
"[-0.24797243408483619, -0.8013826024450597, 0.4015260334305334, -0.24797243408482872]",40.76768519859408,3.9383847873416817
"[0.8003849490984313, -0.0012923865083322367, -17.204118717284217, 0.8003849494448786]",44.096285778880315,3.95410060852022
"[0.9191064983107374, -0.026627131598565515, -1.6202520546265968, 0.9191064983107676]",43.3297481092191,3.9572437727559273
"[-0.6204888117358531, -0.046708538247626545, -1.2223319473427392, -0.6204888117358475]",47.033783225799525,3.960386936991635
"[0.5388899218723591, -1.32136266334588, 0.5795844689188178, 0.5388899218723621]",44.1232073316308,3.9635301012273425
"[0.6115049738341519, -2.369917015773414, 0.3805911581472206, 0.6115049738341629]",44.36336139108519,3.9666732654630503
"[-0.7317767565173777, -0.9921159839595683, 0.42609992546994896, -0.7317767565173756]",44.44581052595304,3.969816429698758
"[-0.7122385657836987, -0.7423597890688453, 0.26299830305866745, -0.7122385657836873]",44.12474619311117,3.9729595939344655
"[-0.8587285913699524, -0.45369982591007474, -0.12615104611429415, -0.8587285913699523]",43.76752773933524,3.9761027581701733
"[-0.193405173207862, -0.0025190115136784707, -14.972246584777096, -0.19340517320674683]",39.81946357507628,3.979245922405881
"[-0.4734537414408089, -1.1773314498155811, 0.6075278141164114, -0.47345374144080693]",43.91439967595993,3.9823890866415885
"[-0.5029135743887803, -1.5228272552393303, 0.5420113836538218, -0.5029135743887648]",45.78078569869917,3.985532250877296
"[0.4113921930747409, -4.224151260510767, 0.269172002557009, 0.4113921930747865]",45.29930322364921,3.988675415113004
"[0.9101670719495575, 0.08777369595475995, -1.595283724952931, 0.9101670719495507]",38.96736152720578,3.9918185793487115
"[0.8753876030891097, 0.07419608954109551, -1.8624151596337468, 0.8753876030890587]",38.915961777610185,3.994961743584419
"[0.8896825790331718, 0.08059954988001718, -1.7357976740768695, 0.8896825790331334]",38.93544559200707,3.998104907820127
"[0.48562629641246174, -4.576994358842308, 0.2436797528849425, 0.4856262964126461]",45.25982976458713,4.0012480720558345
"[0.2476639501555974, -3.5238685103551055, 0.3298811096148677, 0.24766395015560402]",45.37756716903304,4.004391236291542
"[0.3955050564017087, -0.5935135176018279, 0.2348677682649589, 0.39550505640171535]",45.920516738159826,4.00753440052725
"[-0.8251155583226786, -0.7148196726565348, 0.2029503292568821, -0.8251155583226754]",43.308185862142466,4.010677564762958
"[-0.19444054484587456, -0.0035408063019946538, -15.4995347537135, -0.19444054483459025]",39.86515843137662,4.013820728998665
"[-0.6416548662240397, -0.03395462181947476, -1.1753158708226694, -0.6416548662240292]",43.07203563340185,4.016963893234373
"[-0.8546197380066758, -0.48873288068519105, -0.07661127072166987, -0.8546197380066569]",43.78580858110773,4.020107057470081
"[-0.7843026422937013, -0.6653762460367262, 0.15793443383588932, -0.784302642293694]",44.00108673008429,4.023250221705788
"[-0.6116629805580107, -0.8023041843917409, 0.3567791820717232, -0.6116629805580094]",44.17849389657975,4.026393385941495
"[-0.9015148517766124, -0.1288256031233651, -0.5545525520091701, -0.9015148517766103]",43.46067067312503,4.029536550177204
"[0.18084216837830933, -2.118196276783451, 0.5044573138815303, 0.1808421683783166]",44.721232145471305,4.032679714412911
"[0.5489033326901558, -2.4576500418424225, 0.38738206046923024, 0.5489033326901862]",44.431762864243204,4.035822878648618
"[0.6368126554156557, -2.1869617716661023, 0.39419218974833936, 0.6368126554156616]",44.2463010275297,4.038966042884327
"[0.6131161624255789, -1.7388303858851661, 0.46537375269950937, 0.6131161624255801]",44.13460147960571,4.042109207120034
"[0.5260996128048103, -1.2750326707275945, 0.5970520519451665, 0.5260996128048104]",44.09757328909404,4.045252371355741
"[0.2933467539587928, -0.8692564854345192, 0.8644520859982433, 0.29334675395879334]",46.678308064651844,4.04839553559145
"[-0.8800497055865563, -0.7098357709328696, 0.17569855709828816, -0.8800497055865519]",47.83850497557259,4.051538699827157
"[-0.5266539052424873, -0.017470055512602767, -1.604354303595128, -0.5266539052424724]",46.90669431859289,4.054681864062864
"[1.051437850901472, 0.38833683733462326, -1.0968829676664364, 1.051437850901473]",46.6188614697678,4.057825028298573
"[-0.059055852171750085, -2.5197442343378857, 0.44686058058567435, -0.05905585217174689]",49.630290610169325,4.06096819253428
"[-0.025688782823718604, -2.6600381887177247, 0.4283829591828863, -0.02568878282371788]",49.65917566895343,4.064111356769987
"[0.8548104188366326, 0.011965839501731822, -2.5688306764805087, 0.8548104188365953]",43.19361414309101,4.07354084947711
"[-0.07984239305374037, -2.4569190800879817, 0.45528356101632167, -0.07984239305373439]",49.714022914920996,4.076684013712819
"[-0.6988118506641506, -0.09429744974931425, -0.9427074333573263, -0.6988118506641214]",47.24508963696792,4.079827177948526
"[0.5242960508199308, -1.2802558823494723, 0.5967956989738119, 0.524296050819933]",44.27074925329411,4.082970342184233
"[-0.4233890202925212, -1.3525211919989228, 0.6074938786046501, -0.42338902029251674]",44.97052388196452,4.086113506419942
"[0.8803321477976773, 0.07393172908348528, -1.8294564894209506, 0.8803321477976267]",39.21608063766682,4.089256670655649
"[0.9187872723456029, -0.31943748434243513, -0.4899161124069516, 0.9187872723456068]",39.12243818050744,4.092399834891356
"[0.16186376569615407, -4.457946120178916, 0.27392430303156134, 0.16186376569617242]",50.60607648521641,4.095542999127065
"[0.7913366719050027, 0.012244134848768278, -5.117980482253782, 0.7913366719008154]",41.47932018082299,4.101829327598479
"[0.19008571204042357, -4.727296067765786, 0.2591092455637392, 0.1900857120404387]",58.57699544117553,4.104972491834187
"[-0.3208700906853113, 0.16184665123648684, -2.5204807076761333, -0.3208700906853338]",44.98448034343061,4.142690462662679
"[0.5496418563538117, -6.5891113724055295, 0.17191371884355983, 0.5496418563538208]",51.262731414312086,4.145833626898386
"[0.24783028495325013, -3.621689896180853, 0.3223437326448199, 0.24783028495325277]",52.95257139069446,4.148976791134094
"[0.9269395138668272, 0.4581220393489962, -1.079225078480082, 0.9269395138668355]",54.27723383944604,4.152119955369802
"[0.8211321269166433, -5.6186583592786326, 0.1638488600057372, 0.8211321269166589]",50.95982633665295,4.155263119605509
"[1.0676500162605356, -7.526260034077399, 0.09610414386752762, 1.0676500162605767]",54.79666640679808,4.158406283841217
"[0.8520509582517536, -2.94063177392744, 0.26077885880479873, 0.8520509582517652]",51.7374467938527,4.161549448076924
"[0.5876045617367476, 0.576560577774591, -0.9341962597820108, 0.5876045617367482]",56.709721692854416,4.164692612312632
"[-0.6622277760582269, 0.5227626525948204, -1.1726170295923752, -0.6622277760582251]",53.17841600567261,4.16783577654834
"[-0.5466256430955694, -2.2587748536863534, 0.4113109058091631, -0.5466256430955257]",53.592551089681756,4.170978940784047
"[-0.245434022626887, -3.884814457641717, 0.3038535724481789, -0.24543402262688696]",53.282516468008076,4.174122105019755
"[-0.09879444831946126, -5.090497522351405, 0.24544279890594617, -0.09879444831945997]",53.107069469169815,4.177265269255463
"[0.002515543045311093, -6.089382296959696, 0.2098991340507497, 0.0025155430453253727]",52.98984354368988,4.18040843349117
"[0.08117602434560048, -6.952414211235913, 0.1855959251041081, 0.08117602434560196]",52.90363771901763,4.183551597726877
"[0.14580467815247372, -7.713844302052865, 0.16775038340066717, 0.14580467815252074]",52.83659620504609,4.186694761962586
"[0.20060432278644502, -8.393087990125949, 0.15402726846306902, 0.20060432278648005]",52.78253846397435,4.189837926198293
"[0.24792677040871663, -9.002124437667511, 0.14314148728059015, 0.24792677040873476]",52.73785276311248,4.192981090434
"[0.2892043168849943, -9.548690874846509, 0.1343236591136698, 0.28920431688502557]",52.70025922482852,4.196124254669709
"[0.3253564916457884, -10.037869984836142, 0.12708425414124275, 0.32535649164584896]",52.66823960838722,4.199267418905416
"[0.3569914915788766, -10.472964328007418, 0.12109768901609218, 0.35699149157889887]",52.64074497479034,4.202410583141123
"[0.384515121727565, -10.856011642598277, 0.11614058853689825, 0.38451512172758706]",52.617033838331636,4.205553747376832
"[0.40819396807321734, -11.188108214192534, 0.11205674170387346, 0.40819396807326]",52.59657704415641,4.208696911612539
"[0.42819337835066934, -11.469612974594156, 0.10873633221645156, 0.428193378350672]",52.57899997137217,4.211840075848246
"[0.4446016070374728, -11.700287704661156, 0.10610312324041357, 0.4446016070375213]",52.564046004525984,4.214983240083955
"[0.45744453738947016, -11.879382122207474, 0.10410657336046511, 0.45744453738953667]",52.55155430644629,4.218126404319662
"[0.46669500568553246, -12.005691963331428, 0.10271697590069036, 0.46669500568560035]",52.541446260009714,4.221269568555369
"[0.4722774491976961, -12.077584880912456, 0.10192282729101765, 0.47227744919776377]",52.53371919898209,4.224412732791078
"[0.4740691561636284, -12.093004364907484, 0.1017298730615123, 0.4740691561637067]",52.52844566163709,4.227555897026785
"[0.4718979159054794, -12.04944642394672, 0.10216174352418654, 0.4718979159055144]",52.525778391093475,4.230699061262492
"[0.4655357712053158, -11.94390670710229, 0.10326230847930519, 0.4655357712053752]",52.525961669782504,4.233842225498201
"[0.454687571444458, -11.772787155589425, 0.10510027092467158, 0.45468757144451155]",52.52935090244874,4.236985389733908
"[0.43897213285064923, -11.531746843323516, 0.10777701836112423, 0.4389721328506846]",52.536444165980015,4.240128553969615
"[0.4178918467429451, -11.215468343725593, 0.11143969569860059, 0.4178918467429949]",52.547932101587534,4.243271718205324
"[0.3907830913168825, -10.817290485522431, 0.11630326357403238, 0.39078309131689204]",52.564778238593156,4.246414882441031
"[0.3567328600695103, -10.32862141375159, 0.12268906233755372, 0.35673286006957583]",52.58835279731887,4.249558046676738
"[0.23036336825881298, -13.111441179425617, 0.10085313812557607, 0.2303633682588281]",65.30685364730986,4.252701210912446
"[0.1617451785378943, -11.640663300266898, 0.11404639711157478, 0.16174517853791526]",65.37649953698312,4.255844375148154
"[0.06828172679504435, -9.79247298238218, 0.13528637546784084, 0.06828172679577377]",65.48087292957585,4.258987539383861
"[-0.07367979195278067, -7.365268819294263, 0.1761278287899314, -0.07367979195271053]",65.65582951506295,4.262130703619569
"[-0.3902358978546829, -3.7071284651860594, 0.30288784829282706, -0.39023589785465573]",66.0675210303549,4.265273867855277
"[0.9100301357468256, -1.886427439258492, 0.3086302160226397, 0.9100301357468307]",64.0020276602104,4.268417032090984
"[0.6669567723001608, -7.404119911199093, 0.1450243858792338, 0.6669567723002459]",64.42955954268153,4.271560196326692
"[0.6446541855351933, -1.629061677588561, 0.4689843546075592, 0.6446541855352328]",65.11512535586462,4.2747033605624
"[0.8024811853051329, -6.497962720808962, 0.1471828201164819, 0.8024811853053032]",55.155090554397134,4.2778465247981075
"[0.17983064656905928, -8.692965038932902, 0.1495606105158733, 0.179830646569069]",64.0519615232402,4.284132853269523
"[1.1955279029197607, 0.18602436752173723, -1.0079143224113467, 1.195527902919761]",42.002083866186815,4.2872760175052305
"[-0.07666059518362149, 0.09247564219722298, -2.922179354649119, -0.07666059518373855]",47.53822265395902,4.290419181740938
"[0.4957589956012177, -4.805140159420602, 0.232638988956775, 0.4957589956012518]",48.688292381113214,4.293562345976646
"[-0.7617403056143284, -1.5085747912168994, 0.41578266538392844, -0.7617403056143238]",69.0530591542258,4.2967055102123535
"[0.07246665176841321, -8.20265818111588, 0.1595009748973486, 0.07246665176852954]",62.6647608463315,4.299848674448061
"[1.0740994890635605, -28.660340283705725, 0.02821633154156267, 1.0740994890640894]",62.102300480144095,4.302991838683769
"[0.3076669144718868, -9.934948544139703, 0.12888348925996806, 0.30766691447192324]",64.68852292526003,4.3061350029194765
"[-0.32070076411138637, -1.0532610122647827, 0.6770879644031276, -0.32070076411138365]",57.68338846936581,4.309278167155184
"[0.04222402781894249, -2.9131404067873174, 0.39750865151854925, 0.04222402781895163]",51.573658356775084,4.318707659862307
"[1.1801076599162643, -0.3896874492865928, -0.35530381278989775, 1.180107659916269]",39.84330193758004,4.321850824098015
"[0.3539254800399557, 0.013942912496875437, -1.048008508448928, 0.3539254800399562]",39.334517266926845,4.3249939883337225
"[-0.2021560906286543, 0.009866818204273, -12.500723275488593, -0.20215609063861625]",43.901182690210526,4.32813715256943
"[0.17585171261269078, -0.05720126339158987, -1.3714107597724083, 0.17585171261271496]",39.59339892682611,4.331280316805137
"[-0.009290544923040251, -0.5919130606398929, -0.1025253083851615, -0.009290544923015504]",38.83085793538346,4.3532824664550915
"[0.3707657737042681, -0.09140212004908616, -0.9012016626316922, 0.37076577370428565]",39.99830606994705,4.4161457511692435
"[0.3480961998282535, -0.030965409025998415, -1.0081453418710615, 0.3480961998282604]",40.069704376086634,4.419288915404952
"[0.3090583388563624, 0.022858283713543783, -1.1227732676831454, 0.3090583388563758]",40.13119791441319,4.422432079640659
"[0.25090213299739295, 0.06721614110446822, -1.2756036900472285, 0.25090213299740405]",40.17945362544583,4.4255752438763665
"[0.1627016343936235, 0.09904587402228038, -1.5384927627027067, 0.16270163439363042]",40.208538578769684,4.428718408112074
"[0.39078952844519377, -2.267181655197602, 0.4480140785150893, 0.39078952844520276]",55.6896100415768,4.431861572347782
"[0.1980035135300813, -0.8463741300617525, 0.7396577471959781, 0.1980035135300883]",49.61087674501037,4.4350047365834895
"[1.034618341402472, -7.101923085962415, 0.10578123802909586, 1.0346183414025056]",50.5025875416522,4.438147900819197
"[0.2783254263371572, -1.7158461721095195, 0.5744132963086052, 0.27832542633715873]",47.599686239125205,4.441291065054905
"[-0.20070761011824143, -0.0017521986453809593, -29.055116833452253, -0.2007076093262738]",42.275806867601396,4.450720557762028
"[0.0662427682941305, -4.877469168921318, 0.25548451499418584, 0.06624276829413511]",53.343843954157464,4.4538637219977355
"[1.2493066717607275, -0.2880121576273275, -0.5094940997690598, 1.2493066717607364]",40.69675360415404,4.457006886233443
"[1.0217774086637637, -0.47745990281595285, -0.16405076076391978, 1.021777408663765]",40.757268596775575,4.460150050469151
"[0.7091039218618043, -0.5723687237565449, 0.16005077340938548, 0.7091039218618127]",41.07385672986658,4.469579543176274
"[0.7932040310156062, -0.5758562873966535, 0.11869577244691179, 0.7932040310156122]",41.08026643872812,4.4727227074119815
"[1.0128730694079382, -0.5655265553146082, -0.03721391452835837, 1.0128730694079595]",41.08932968520467,4.475865871647689
"[1.2881342894942598, -0.44368029294014827, -0.36433216317961065, 1.2881342894942729]",41.098435081316694,4.479009035883397
"[1.3695372336068599, -0.1455765722371248, -0.7217900249981423, 1.36953723360686]",41.050967472640004,4.4821522001191045
"[1.2217437002029108, 0.14542400268031452, -0.9760737950756124, 1.2217437002029177]",40.979934377440024,4.485295364354812
"[0.670014940562121, -10.160376548228232, 0.10858877995985285, 0.6700149405621261]",53.311795337130576,4.488438528590519
"[0.36561571424949624, -7.198118363497641, 0.17076827777753933, 0.36561571424950284]",53.493318704546276,4.4915816928262275
"[0.5414718061451731, -2.922394853834937, 0.3415797778398002, 0.5414718061451781]",66.04508545437311,4.494724857061935
"[-0.19804046679892873, -0.0018401591101007018, -24.345909212745905, -0.19804046663256022]",49.56624563206544,4.501011185533351
"[0.7302579734878692, -0.6623345808143484, 0.29672460309787374, 0.7302579734878692]",65.7674338091083,4.504154349769058
"[0.5288157817529885, -6.6587544301596315, 0.17203438606665514, 0.528815781752992]",62.385602644770685,4.507297514004765
"[0.7553096286391239, -16.100402077929555, 0.06676600747957559, 0.7553096286391993]",63.136730735429765,4.510440678240474
"[0.665806191244878, -15.288285760582639, 0.07429121391321945, 0.6658061912450488]",63.68263375908592,4.513583842476181
"[1.1330705696027505, -8.108617241868942, 0.08131891783001678, 1.1330705696027894]",59.87846996362581,4.516727006711888
"[-0.7976887700516548, -1.2320683658662794, 0.4068637184328532, -0.797688770051646]",63.90651473366342,4.519870170947597
"[0.9544073342806052, 0.005850940808753116, -1.4360939422224654, 0.9544073342806112]",50.0556352465753,4.523013335183304
"[1.1836055625759607, -0.05323102344845258, -0.8140295162150343, 1.1836055625759618]",46.06995378283628,4.526156499419011
"[0.8015647589724422, -0.022949945968336997, -4.074485572012318, 0.8015647589725252]",47.42801215137551,4.52929966365472
"[-0.6464852579250435, -1.505047290892794, 0.47844191036806033, -0.6464852579250144]",59.29553857676848,4.532442827890427
"[0.5509406887481323, -4.899090809618681, 0.2226616430572082, 0.5509406887482429]",51.01416484183584,4.535585992126134
"[-0.07007576329874132, -3.903634615369503, 0.31017725339905133, -0.07007576329869401]",64.96928040377368,4.54187232059755
"[0.800913774358671, 0.004414466826709021, -9.392182937422515, 0.8009137743530768]",55.365226239166475,4.545015484833257
"[0.40180584224894367, -0.480208698631702, -0.04075332908356136, 0.40180584224895116]",50.52840375333471,4.548158649068966
"[-0.8988593415774409, -0.22265368502921049, -0.43490879433855656, -0.8988593415774327]",59.01692525731721,4.551301813304673
"[0.1009013533807972, 0.9872377384236445, -1.1477171756774924, 0.10090135338080838]",62.932068059190904,4.55444497754038
"[-0.13431928510857943, -4.186738931544091, 0.2903068935977161, -0.13431928510857513]",63.59069831040557,4.557588141776089
"[0.03753824460166815, -5.520569137473402, 0.22912085138962854, 0.037538244601705045]",63.33158578067473,4.560731306011796
"[0.09244201679100744, -5.973709479249991, 0.21282711415238117, 0.09244201679101584]",63.22869942104031,4.563874470247503
"[0.10565282412088631, -6.060359175290611, 0.20985789960508325, 0.10565282412089895]",63.18426116001713,4.567017634483211
"[0.09913951196042153, -5.971893916215153, 0.21277456812574366, 0.09913951196042972]",63.16981414750493,4.570160798718919
"[0.08226491741430157, -5.796655603543789, 0.21882801413964903, 0.08226491741431832]",63.172968572864995,4.573303962954626
"[0.05966779639047983, -5.579335154680985, 0.22675879905132768, 0.059667796390496096]",63.187225515344856,4.576447127190334
"[0.03382008467379083, -5.343558661848941, 0.23591719896209867, 0.03382008467379548]",63.20881777061498,4.579590291426042
"[0.0060742837609156, -5.101958001761392, 0.2459482343903599, 0.006074283760945115]",63.23544265930059,4.582733455661749
"[-0.022846569002448268, -4.861112303482875, 0.2566589372304527, -0.02284656900244605]",63.26566466645519,4.585876619897457
"[-0.0526002230027085, -4.624135170382688, 0.2679560429600783, -0.05260022300270329]",63.29860136569348,4.589019784133165
"[-0.08309312976423078, -4.392095361253924, 0.27981451245200584, -0.08309312976421394]",63.33374528373,4.592162948368872
"[-0.1144102258502151, -4.164824656570309, 0.2922607856520241, -0.1144102258497068]",63.37085752822564,4.59530611260458
"[-0.14678168378841033, -3.9413846333192524, 0.3053635370419186, -0.146781683788409]",63.409902570714124,4.598449276840288
"[-0.1805759185232302, -3.7203324812869902, 0.31922806210301946, -0.18057591852321414]",63.4510083242958,4.601592441075995
"[-0.2163155759683949, -3.4998655209187537, 0.3339908036907954, -0.21631557596838658]",63.49444102283725,4.604735605311703
"[-0.2547225312660747, -3.2778733100503987, 0.34980992929296767, -0.25472253126606414]",63.5405885873102,4.607878769547411
"[-0.2968054302014191, -3.051918106920653, 0.3668415160491298, -0.29680543020140343]",63.5899405418001,4.611021933783118
"[-0.3440229572151704, -2.8191324753008846, 0.3851757276544863, -0.34402295721515824]",63.643040734820644,4.614165098018826
"[-0.3985929237200093, -2.576002928906572, 0.40465939932188777, -0.39859292372000166]",63.70034386923093,4.617308262254534
"[-0.46410128737036915, -2.3179600069529154, 0.42437751858371375, -0.4641012873703662]",63.76176224699224,4.620451426490241
"[-0.5467232221918221, -2.0386170023624306, 0.44102045368689774, -0.5467232221918202]",63.82518468246832,4.623594590725949
"[-0.657296834007963, -1.728454363026853, 0.4433810232020018, -0.6572968340079605]",63.881532257480536,4.626737754961656
"[-0.8101420441576277, -1.373672188845975, 0.395521561365153, -0.8101420441576251]",63.900943121145296,4.629880919197364
"[-0.9912573509039124, -0.9628073013841099, 0.22108208980832234, -0.9912573509039015]",63.82807909680973,4.633024083433072
"[-1.1100656682107803, -0.5124628182649302, -0.11128479768820763, -1.110065668210779]",63.662927510972224,4.636167247668779
"[-1.0834565498108928, -0.07361237814510098, -0.5233165343361978, -1.0834565498108748]",63.48283712860003,4.6393104119044875
"[-0.8901381265712388, 0.3000225983605161, -0.9336939529856753, -0.8901381265712323]",63.36337828518886,4.642453576140195
"[0.8763489949580838, 0.36302360228447667, -1.1023421273408647, 0.8763489949580849]",65.30967246753983,4.645596740375902
"[0.1036913276486504, 0.7205453984504523, -1.0884494582457744, 0.10369132764865112]",64.10595853762445,4.64873990461161
"[-0.007471138269624184, 0.946354223129485, -1.1305823259326384, -0.007471138269620857]",62.94461952782282,4.651883068847318
"[0.3571368956525666, 0.962247728859011, -1.1356395877687369, 0.3571368956525682]",62.271658041970525,4.655026233083025
"[0.802682414803659, 0.7039669287285824, -1.1211690742067473, 0.8026824148036608]",61.94693533864135,4.658169397318733
"[1.4403449153728851, -0.41857487691638323, -0.5183264359639269, 1.4403449153728864]",62.31178513309026,4.66131256155444
"[0.10874344507114544, -1.6081081258483851, 0.62654284572962, 0.10874344507116557]",65.29282490900675,4.664455725790148
"[0.44988264994091326, -0.5227338734355371, 0.08704120854446695, 0.4498826499409227]",66.7892401057597,4.670742054261563
"[0.6437243212858749, -0.3043646415213989, -0.4830139462542661, 0.6437243212858935]",62.471277688533974,4.67388521849727
"[-0.8053739720425456, -0.46704643807769336, -0.13179142477551223, -0.8053739720424938]",64.53828921258044,4.677028382732979
"[0.5122761387859166, -1.6136453810526323, 0.5285561664698619, 0.5122761387859213]",64.77336115084712,4.680171546968686
"[0.6393055393214137, -1.0251645257674824, 0.5638900604021682, 0.6393055393214182]",61.36841331870776,4.683314711204393
"[0.7504189057701675, -1.3843988303548458, 0.44565070871895685, 0.7504189057701782]",61.29722825900511,4.686457875440102
"[0.8102454252611265, -1.7558587652150217, 0.3712374891275671, 0.8102454252611684]",61.367590414448145,4.689601039675809
"[0.8463599594953798, -2.1330668880732873, 0.3200001184629314, 0.8463599594953833]",61.49239132462718,4.692744203911516
"[0.8576924269955626, -2.4974797337537344, 0.2877097290557311, 0.8576924269955641]",61.65770849685668,4.695887368147225
"[0.8311468321014327, -2.8069807732694882, 0.2756792693933788, 0.8311468321014656]",61.86531572197592,4.699030532382932
"[0.740278396998756, -2.976608675695292, 0.29051025338155306, 0.7402783969987653]",62.12554340236642,4.702173696618639
"[0.5323321065502452, -2.841571730511242, 0.3509280225366789, 0.5323321065502499]",62.461912502195396,4.705316860854348
"[0.013783784344755093, -2.00341313894886, 0.5358156661495448, 0.013783784344755102]",62.93685162761858,4.708460025090055
"[-0.6907496805785086, 0.15422887233134924, -1.17312708273094, -0.6907496805785021]",61.66966374988662,4.711603189325762
"[-0.2946267401761929, -1.0428300430345203, 0.6866223473630337, -0.2946267401761911]",63.16665602010827,4.71474635356147
"[0.6422900264970048, -0.22508257095717127, -0.7308471818198369, 0.6422900264970242]",61.712001930192905,4.717889517797178
"[0.25472182654717485, -0.7129034404193015, 0.4464872681051424, 0.25472182654718406]",65.99642893500781,4.721032682032885
"[-0.03712401826798623, 0.3776479441377702, -1.6543234401526699, -0.03712401826798884]",57.866226500678835,4.724175846268593
"[-0.12184384352969356, 0.3471135607903132, -1.8297718294696494, -0.12184384352970504]",57.67352817059428,4.727319010504301
"[-0.1684592624689711, 0.33246186017109747, -1.9074630281355114, -0.16845926246899368]",57.53962236174568,4.730462174740008
"[-0.20177943237876642, 0.32652298860283263, -1.9349403424609504, -0.2017794323787717]",57.43364824590648,4.733605338975716
"[-0.22893747845867726, 0.3260323027125557, -1.9315146399916021, -0.22893747845868423]",57.34543382265484,4.736748503211424
"[-0.2529461899906488, 0.3291246178903025, -1.9085430992405028, -0.2529461899906648]",57.26992956247818,4.739891667447131
"[-0.2753054458101512, 0.334586301828748, -1.8734986178120718, -0.27530544581016275]",57.20412796448888,4.743034831682839
"[-0.29682840958976486, 0.34155298782228244, -1.8314656188873126, -0.2968284095897671]",57.14605444027662,4.746177995918547
"[-0.31797227424015, 0.34936747070551116, -1.7859169750042672, -0.31797227424015134]",57.09434459009038,4.749321160154254
"[-0.3389869159021261, 0.3575060338260285, -1.7392091329379407, -0.3389869159021354]",57.04804195916788,4.752464324389962
"[-0.3599815381408781, 0.3655374456111161, -1.692934940841703, -0.35998153814088896]",57.00649464076081,4.75560748862567
"[-0.3809417346321866, 0.3730984328714023, -1.6482006181847815, -0.380941734632191]",56.96931051349755,4.758750652861377
"[-0.40169975074678943, 0.3798780829382386, -1.6058776528182823, -0.40169975074679415]",56.9363636662131,4.761893817097085
"[-0.4218309551629124, 0.38560749811039496, -1.566901248426946, -0.4218309551629127]",56.9078769284478,4.765036981332793
"[-0.4403991084182691, 0.3900533573777308, -1.532751543860478, -0.4403991084182765]",56.88465684200883,4.7681801455685004
"[-0.4554307783415064, 0.3930173963555405, -1.5063121437988223, -0.4554307783415123]",56.86859822386576,4.771323309804208
"[-0.46344340192977873, 0.39434985567862924, -1.4926425900631828, -0.463443401929779]",56.86313033733309,4.774466474039916
"[-0.4613025247077711, 0.39398862230297743, -1.4962979076532064, -0.4613025247077718]",56.87132805721537,4.7776096382756235
"[-0.4502232279285493, 0.3919984566242286, -1.515439077130749, -0.45022322792855013]",56.89188871846725,4.780752802511331
"[-0.43410605433592303, 0.3885479627003908, -1.544283474493755, -0.4341060543359248]",56.92080526614679,4.783895966747039
"[-0.41578483717070336, 0.3838535866948176, -1.5786118910386284, -0.41578483717070625]",56.95514682887682,4.7870391309827465
"[-0.39667274823069815, 0.3781483408723362, -1.6162388060749102, -0.3966727482307043]",56.99343572689634,4.790182295218454
"[-0.3774160198475491, 0.3716727651784522, -1.6560014935612046, -0.3774160198475562]",57.03500734383187,4.793325459454161
"[-0.3582981880334858, 0.3646744125220665, -1.6971210549279965, -0.35829818803349034]",57.079614163315746,4.7964686236898695
"[-0.3394218788138707, 0.35741042798366224, -1.7388858115856871, -0.33942187881387914]",57.127249603359424,4.799611787925577
"[-0.3207852656724422, 0.3501516179895967, -1.7804779090280702, -0.320785265672451]",57.17807692466692,4.802754952161284
"[-0.3023110795081206, 0.3431886079347708, -1.8208509861374462, -0.3023110795081228]",57.23240468658764,4.8058981163969925
"[-0.28384909661923197, 0.33684063733217473, -1.8586214067778184, -0.28384909661928953]",57.290690445706794,4.8090412806327
"[-0.2651594426266871, 0.33146927172009544, -1.891949704650528, -0.2651594426267138]",57.35356470925403,4.812184444868407
"[-0.24587215101545026, 0.32749995437095997, -1.9183979009557834, -0.24587215101545995]",57.42188401948764,4.8153276091041155
"[-0.22540957668975678, 0.3254579963360954, -1.9347361102527654, -0.22540957668976586]",57.49682755821168,4.818470773339823
"[-0.2028330693530805, 0.3260309853097823, -1.9366482208596152, -0.20283306935310008]",57.580085154317224,4.82161393757553
"[-0.17651434484433096, 0.33018483619870415, -1.9181950823085008, -0.17651434484434275]",57.674251445760255,4.8247571018112385
"[-0.14331682298915205, 0.33940208876048106, -1.8705787632095476, -0.14331682298917353]",57.78379012316903,4.827900266046946
"[-0.09597761309248903, 0.3562583719523275, -1.7782597266949582, -0.0959776130925]",57.91805738668972,4.831043430282653
"[-0.00857484844705447, 0.3863762383369156, -1.5972944651484187, -0.008574848447054554]",58.10780906660014,4.8341865945183615
"[0.2587493827635263, -0.7023175156256121, 0.42186720049421045, 0.2587493827635312]",66.22970264680454,4.837329758754069
"[-0.11126892999611673, -0.9964664837959994, 0.7496904698660747, -0.11126892999611641]",63.17707403207072,4.8436160872254845
"[-0.356949951776013, -0.9704695303628986, 0.6216853813176024, -0.3569499517760097]",63.24690644154955,4.846759251461192
"[-0.8163550900960003, 0.06251878658957317, -0.8750973149824934, -0.8163550900959704]",61.968844922089275,4.849902415696899
"[-0.1545421918941483, -1.7475355207830874, 0.5839594944814472, -0.1545421918941482]",63.250678403479775,4.8530455799326075
"[0.3974214548056303, -2.6461400575964573, 0.3968614869449291, 0.3974214548056314]",62.876396114450365,4.856188744168315
"[0.6306504913138118, -2.9442226523553265, 0.3203281279091543, 0.6306504913138211]",62.58728323163705,4.859331908404022
"[0.758016759123756, -2.9656156035688515, 0.2864879749790759, 0.758016759123763]",62.35989371385406,4.8624750726397306
"[0.825009778975742, -2.8324125446171173, 0.27593132372350304, 0.8250097789757435]",62.17339346875556,4.865618236875438
"[0.8534223275903986, -2.6139213497024945, 0.28118766211404805, 0.8534223275904115]",62.017932845838544,4.868761401111145
"[0.8562776766530705, -2.351977568814815, 0.2987849344013964, 0.8562776766530859]",61.888055486413286,4.871904565346853
"[0.8415681324948745, -2.071380075986608, 0.32724120557351083, 0.8415681324948974]",61.78105562589069,4.875047729582561
"[0.8135441272492304, -1.786154207854222, 0.3665673078983982, 0.8135441272492343]",61.697221326024646,4.878190893818268
"[0.7725859132407688, -1.503562865028272, 0.41862800673185985, 0.7725859132407706]",61.6422709049283,4.881334058053976
"[0.7121410390334031, -1.2266527666805342, 0.4892416350440302, 0.7121410390334035]",61.63728586220817,4.884477222289684
"[0.6008040267399395, -0.9577112366658077, 0.598921719685017, 0.600804026739941]",61.78537899723491,4.887620386525391
"[0.4894505350497456, -1.488019181493351, 0.5646952443299874, 0.48945053504975566]",65.09709547555967,4.890763550761099
"[-0.334342441497137, -0.8360796690097378, 0.456440152400547, -0.3343424414971233]",65.43499668753164,4.893906714996806
"[0.8126099804031621, 0.5399289361942432, -1.0366710596350641, 0.812609980403173]",63.757169760140364,4.900193043468222
"[0.45631322300485805, -0.5159627352057067, 0.07304275474221833, 0.4563132230048727]",67.17170923759977,4.903336207703929
"[-0.6942840037605865, -0.5941887157126516, 0.033872384410086595, -0.6942840037605664]",65.42052908764654,4.912765700411052
"[1.4114519830997627, 0.06930161521307572, -0.9631666811522609, 1.4114519830998298]",62.57597965132267,4.9159088646467595
"[0.7786231816834587, 0.7230455047045111, -1.119269418458277, 0.7786231816834617]",62.39421029647426,4.919052028882467
"[0.4106788037495948, 0.9448558620221653, -1.131991682198103, 0.4106788037495961]",62.66077321438831,4.922195193118175
"[0.08003723157773877, 0.9777433104502108, -1.1358124109068095, 0.08003723157773962]",63.183009490949495,4.9253383573538825
"[-0.07667131143864059, 0.8381595405117295, -1.1327676693302247, -0.07667131143863982]",63.903381693084235,4.92848152158959
"[0.4424591462406333, 0.555093119605312, -0.9477382065556172, 0.44245914624063576]",65.29093025851299,4.931624685825298
"[-0.6120515827717067, 0.5033363709009632, -1.2206081545819996, -0.6120515827716592]",63.89732745776261,4.9347678500610055
"[-0.9324555537767456, 0.24633495609753997, -0.8702079200526128, -0.9324555537767439]",63.874987690108114,4.937911014296713
"[-1.0884060067762258, -0.09480486044158712, -0.5018345583291348, -1.0884060067761527]",64.0010593657747,4.941054178532421
"[-1.112019278816083, -0.4909990167739919, -0.12949376669388574, -1.1120192788160694]",64.1737357525678,4.9441973427681285
"[-1.0129207748893094, -0.9033918431503192, 0.1849561075995857, -1.0129207748892983]",64.33927392260453,4.947340507003836
"[-0.8475132001224915, -1.29062398121719, 0.3723703157108997, -0.8475132001224904]",64.43414704475175,4.950483671239543
"[-0.694886062986612, -1.6324824476276127, 0.43811067469948917, -0.694886062986609]",64.44191777830677,4.9536268354752515
"[-0.5802327743316779, -1.9336146356403665, 0.4450500525960966, -0.5802327743316649]",64.4050769185513,4.956769999710959
"[-0.49426186655577187, -2.204673612989015, 0.4324726868119336, -0.4942618665557352]",64.35595737323786,4.959913163946666
"[-0.4266663538365935, -2.4536987059624744, 0.41462860516483935, -0.42666635383657847]",64.30661901430221,4.9630563281823745
"[-0.37110684226358454, -2.685971140834985, 0.3961775925455215, -0.37110684226337565]",64.26064267748288,4.966199492418082
"[-0.3238551450723446, -2.9049993434259336, 0.3786191991961231, -0.32385514507230573]",64.21881714685067,4.969342656653789
"[-0.282628759783318, -3.1132085385510337, 0.36237939939924646, -0.2826287597832994]",64.18104941779326,4.9724858208894975
"[-0.24595689550769056, -3.312341676593368, 0.3475055577695542, -0.24595689550769045]",64.1469926073491,4.975628985125205
"[-0.2128464891513485, -3.5036924960861695, 0.3339137408302608, -0.21284648915131604]",64.11625654468452,4.978772149360912
"[-0.1825997036892227, -3.6882472899795764, 0.3214812492203984, -0.18259970368919567]",64.08847658487271,4.9819153135966205
"[-0.15470913645647752, -3.8667764102293973, 0.31008170338049096, -0.1547091364564746]",64.06333227133996,4.985058477832328
"[-0.12879595458963602, -4.039888105554583, 0.29959819259094694, -0.12879595458893445]",64.04054943596489,4.988201642068035
"[-0.1045701179078509, -4.2080721744773815, 0.28992685430695364, -0.10457011790781001]",64.01989513301449,4.9913448063037436
"[-0.08180559385875448, -4.371723713569431, 0.2809773537760842, -0.0818055938587505]",64.00117239190551,4.994487970539451
"[-0.06032297748014152, -4.5311655769209365, 0.27267161702216247, -0.06032297748011312]",63.984214178138224,4.997631134775158
"[-0.03997821455739206, -4.686659813894591, 0.26494248274854443, -0.039978214557367685]",63.96887884483604,5.000774299010867
"[-0.020654061721348867, -4.838420512957591, 0.2577320664287263, -0.02065406172132029]",63.95504572148911,5.003917463246574
"[-0.0022544774843271343, -4.986619286551182, 0.2509905033595578, -0.002254477484326552]",63.94261197480457,5.007060627482281
"[0.015300111674799948, -5.131394327722311, 0.2446746107357256, 0.015300111674804207]",63.93148950032418,5.01020379171799
"[0.032075660837173205, -5.2728518444007735, 0.23874701927376485, 0.03207566083719849]",63.92160298103662,5.013346955953697
"[0.048127206070924675, -5.4110715452815175, 0.23317523363668985, 0.04812720607094936]",63.91288782501257,5.016490120189404
"[0.06350062946417546, -5.546108371946974, 0.2279309652172377, 0.06350062946417899]",63.9052887370755,5.019633284425112
"[0.07823427403871083, -5.677995944694007, 0.22298948861594522, 0.07823427403873398]",63.89875838208095,5.02277644866082
"[0.09235979459300034, -5.806745557152638, 0.2183292483441751, 0.09235979459301706]",63.89325653228998,5.025919612896527
"[0.1059033945160549, -5.932350359881706, 0.21393133604539355, 0.10590339451607284]",63.88874902258384,5.029062777132235
"[0.11888625352088715, -6.054783619557769, 0.20977924369052353, 0.11888625352089872]",63.88520722365547,5.032205941367943
"[0.13132521389948296, -6.1740003457426536, 0.20585853825758843, 0.13132521389952678]",63.88260738504535,5.03534910560365
"[0.14323326140431056, -6.28993791974615, 0.20215661463176807, 0.14323326140432918]",63.88093017659635,5.038492269839358
"[0.15461981731364657, -6.40251559717269, 0.1986625177944404, 0.15461981731365407]",63.88016031486079,5.041635434075066
"[0.16549095362168662, -6.511633766413924, 0.19536679698686943, 0.1654909536216921]",63.88028627794384,5.044778598310773
"[0.17584968320969477, -6.61717440598626, 0.19226134589384514, 0.1758496832098165]",63.88130003402377,5.047921762546481
"[0.18569606850458323, -6.719000125146945, 0.18933930677946212, 0.1856960685045952]",63.88319686568228,5.051064926782189
"[0.1950273526707586, -6.8169537394330915, 0.18659497507626155, 0.1950273526708488]",63.88597522940022,5.054208091017896
"[0.20383791986734762, -6.910856325578654, 0.18402376125221115, 0.20383791986749408]",63.88963666764417,5.057351255253604
"[0.21211949472571698, -7.0005080404005815, 0.1816220889810776, 0.21211949472575936]",63.8941857780471,5.060494419489312
"[0.2198609369519884, -7.085684862464604, 0.17938741786255138, 0.21986093695212153]",63.899630217598684,5.063637583725019
"[0.22704821219520993, -7.166137337792039, 0.17731821988314272, 0.22704821219530075]",63.90598069492429,5.066780747960727
"[0.23366439398822486, -7.241589911455682, 0.17541395333490029, 0.23366439398823746]",63.91325112881506,5.069923912196435
"[0.2396894794669914, -7.311738408074954, 0.17367509633017492, 0.2396894794670622]",63.921458793850285,5.073067076432142
"[0.24510014586745238, -7.376246967351771, 0.17210320362086987, 0.245100145867678]",63.93062443752688,5.07621024066785
"[0.2498696038697113, -7.434746316545973, 0.1707009426463947, 0.2498696038698013]",63.94077261163834,5.079353404903558
"[0.25396730899018455, -7.486830681265797, 0.16947217827341693, 0.25396730899080266]",63.95193199971169,5.082496569139265
"[0.2573585803828445, -7.5320538346090755, 0.16842209440548106, 0.25735858038287623]",63.96413576557694,5.085639733374973
"[0.2600042584278132, -7.569926076526511, 0.16755731436798518, 0.2600042584278516]",63.977422228148924,5.088782897610681
"[0.2618601248938497, -7.59990859090777, 0.1668861078786116, 0.2618601248939003]",63.99183519419035,5.091926061846388
"[0.2628763934078927, -7.621409565072347, 0.1664185900689208, 0.26287639340791424]",64.00742514560531,5.095069226082096
"[0.26299691720076807, -7.6337772583728345, 0.16616703188379303, 0.26299691720084856]",64.0242499147686,5.098212390317803
"[0.2621583208212775, -7.636293340916152, 0.1661462187930982, 0.26215832082139356]",64.04237606057863,5.101355554553511
"[0.2602888995480334, -7.628164502223129, 0.1663739202949105, 0.2602888995485807]",64.0618803075223,5.104498718789219
"[0.25730724753006495, -7.608512558916066, 0.16687148971043528, 0.25730724753084655]",64.08285155668783,5.107641883024926
"[0.25312055391558186, -7.576362597651429, 0.1676646379064714, 0.25312055391571436]",64.10539324353542,5.110785047260634
"[0.24762239637684422, -7.530628291279819, 0.16878445021243887, 0.24762239637700087]",64.12962660572309,5.113928211496342
"[0.24068995004274754, -7.470094143049665, 0.17026872107181257, 0.24068995004278923]",64.15569464304211,5.117071375732049
"[0.23218028509622834, -7.393392896710058, 0.17216375183937369, 0.23218028509623626]",64.18376757630737,5.120214539967757
"[0.22192553053180628, -7.298977614388103, 0.1745267771538094, 0.22192553053192535]",64.21404983501905,5.123357704203465
"[0.2097260871287917, -7.185083535641848, 0.17742937742478007, 0.20972608712887886]",64.24679015737256,5.126500868439172
"[0.19534158290585368, -7.049681034546528, 0.18096221711707863, 0.19534158290591092]",64.28229459953874,5.1296440326748804
"[0.17847779982471257, -6.890410343463645, 0.185241943906581, 0.17847779982481596]",64.32094553280247,5.132787196910588
"[0.15876754210527733, -6.704491173538487, 0.19042143457546298, 0.15876754210532032]",64.36322923004825,5.135930361146295
"[0.13574166574603302, -6.488593767406005, 0.19670548850157932, 0.13574166574607321]",64.40977703869031,5.139073525382003
"[0.1087842265714701, -6.23865596352141, 0.2043755098189907, 0.1087842265714727]",64.46142761859873,5.142216689617711
"[0.07705793484924556, -5.94959858589083, 0.21383042696640156, 0.0770579348492943]",64.51932827432293,5.145359853853418
"[0.03937402702579275, -5.6148715852001985, 0.22565765776565266, 0.039374027025812997]",64.58510552666515,5.148503018089126
"[-0.006052260704653204, -5.225688331735713, 0.24076360328511406, -0.006052260704644691]",64.66116970864807,5.151646182324833
"[-0.06210934426849636, -4.7696258078593115, 0.2606313896766415, -0.06210934426845928]",64.75130202966217,5.154789346560541
"[-0.13400194893057746, -4.227750128985117, 0.2878746507702914, -0.1340019489305514]",64.86190264351765,5.157932510796249
"[-0.23280392958086377, -3.5677502717723506, 0.32750700359340273, -0.23280392958085117]",65.00494692639265,5.161075675031956
"[-0.39029326768902106, -2.722360483450778, 0.38901615973120746, -0.39029326768883843]",65.20523851169834,5.164218839267663
"[-0.7808706366366546, -1.474714406450671, 0.4074601592049829, -0.7808706366366512]",65.44981283226433,5.167362003503372
"[-0.7599137188332759, 0.43445309263666565, -1.090884613827806, -0.7599137188332689]",64.9289591837835,5.170505167739079
"[1.148265034936289, 0.416292302065009, -1.139257100372074, 1.1482650349362966]",63.6187589147773,5.173648331974786
"[-0.8824862685172644, -0.6958658626505186, 0.1627087333774792, -0.882486268517264]",66.39689607881333,5.176791496210495
"[0.829227303864718, -2.907542385800893, 0.2697900058991258, 0.8292273038647205]",63.56180512174517,5.179934660446202
"[-0.1939389840978613, 0.371605967218642, -1.792071318314721, -0.19393898409791205]",59.12859691610699,5.183077824681909
"[0.36679547892946346, -1.639886869021473, 0.5713610151764155, 0.3667954789294666]",70.55109079559728,5.186220988917617
"[1.0610238209270424, -7.058179101399789, 0.10235774665456834, 1.0610238209270861]",62.67864910520177,5.189364153153325
"[1.2409989451041619, 0.25533535784333516, -1.0575435011042664, 1.2409989451041774]",58.28898268589104,5.192507317389032
"[-0.892395000160458, 0.11268455919318984, -0.8096120270702332, -0.8923950001604543]",64.0668049301473,5.198793645860448
"[0.3508910629908466, -5.1605791186675924, 0.23105466662626334, 0.3508910629910444]",62.87296780665828,5.201936810096155
"[0.34816258102480196, -5.7150063246344835, 0.21128271221473213, 0.3481625810248626]",63.425214540662154,5.205079974331863
"[0.45946758423035694, -2.577556500263236, 0.3934939765442057, 0.459467584230371]",63.04472278896285,5.208223138567571
"[0.4543999266411638, 0.22153220781737348, -1.0616788237501682, 0.45439992664116485]",52.60756152111561,5.211366302803278
"[0.5117126810460375, -0.21801429102798672, -0.6337902290133282, 0.5117126810460529]",52.2142754577951,5.214509467038986
"[0.37522171752016037, -0.5231607464542277, 0.047965707440736964, 0.3752217175201659]",52.05428009852454,5.217652631274694
"[0.18408111679233227, -0.6974763367800804, 0.35151307518263614, 0.18408111679233866]",51.931966681875736,5.220795795510401
"[0.015153764889638818, -0.7881685006675272, 0.4728524821086949, 0.015153764889645234]",51.83214918448731,5.223938959746109
"[0.5315121913438398, -1.1028229973787935, 0.6336074017215364, 0.5315121913438422]",62.47050843172657,5.227082123981817
"[0.6710686115602577, -1.6699299857067882, 0.4503729900677206, 0.6710686115602644]",62.541794516335194,5.230225288217524
"[0.7275055517698823, -2.2939935009764922, 0.3516824026094637, 0.7275055517698976]",62.77880316375838,5.233368452453232
"[0.6233654727052568, -2.6945274660420897, 0.34398082108620176, 0.623365472705265]",63.155388884759084,5.23651161668894
"[-0.006255561816576172, -1.915539340012567, 0.5543527721215381, -0.006255561816569879]",63.74111656315257,5.239654780924647
"[-0.3741718420236226, -0.8863289488341779, 0.5274370271114854, -0.37417184202362247]",63.520426172886864,5.242797945160355
"[-0.3898678941181869, -1.11341357110457, 0.6511102492222847, -0.3898678941181749]",63.94156993633065,5.245941109396063
"[-0.2664093388121412, 0.1448014367915029, -2.913796303324299, -0.26640933881215867]",57.05699099189147,5.24908427363177
"[0.18695811271184207, -2.2566415115514484, 0.47977405118251454, 0.18695811271185214]",63.25881950740397,5.252227437867478
"[0.8056261079974195, -0.005519361976122499, -7.076323641058488, 0.8056261080120156]",61.04516593313321,5.255370602103185
"[-0.463857578054429, -1.966108855760235, 0.47666411398684977, -0.4638575780544279]",64.8963763894969,5.2585137663388934
"[0.08438921593622935, -4.168046686301051, 0.29283037895056496, 0.08438921593627725]",64.29614950888896,5.261656930574601
"[0.2705588576990369, -5.1918446790253325, 0.2348277039398238, 0.2705588576992532]",64.01644613109288,5.264800094810308
"[0.36252790045277267, -5.672435509485864, 0.21176268339274368, 0.3625279004527957]",63.83397964780455,5.2679432590460165
"[0.3972485213528768, -5.780640191138547, 0.20587948608105075, 0.39724852135290223]",63.70551837147822,5.271086423281724
"[0.3874091342402428, -5.602869115737448, 0.2123738928068125, 0.38740913424026785]",63.619610360620385,5.274229587517431
"[0.33629420889462724, -5.18508905584903, 0.23109877795785475, 0.3362942088949746]",63.576916939749076,5.2773727517531395
"[0.2373888591633763, -4.532720674439485, 0.266476163601594, 0.23738885916339633]",63.58960750357523,5.280515915988847
"[0.05923136083284744, -3.5731468157184194, 0.33476565036431083, 0.05923136083285933]",63.696651992665885,5.283659080224554
"[-0.42816216755995784, -1.8843397211984383, 0.5005611316632881, -0.4281621675599533]",64.04681763977574,5.2868022444602625
"[-0.24292802748893516, -1.2382243704795748, 0.699068415650484, -0.2429280274889333]",52.378808372212035,5.28994540869597
"[-0.19753177995674553, -1.267872711362091, 0.7053597113022956, -0.1975317799567438]",52.42392397919629,5.293088572931677
"[-0.15182581727092373, -1.2948824073475327, 0.7088363388002292, -0.15182581727092329]",52.46181692137185,5.2962317371673855
"[-0.10680816428120497, -1.317512352514792, 0.7102884054004092, -0.1068081642812022]",52.49143716324438,5.299374901403093
"[-0.0644358620110468, -1.3331488594103298, 0.7108977247454985, -0.06443586201104314]",52.512000000498844,5.3025180656388
"[-0.029386027802379925, -1.3429764489100466, 0.7107197969640757, -0.02938602780235601]",52.5288031312056,5.3056612298745085
"[-0.020725237884459426, -1.3843365226965343, 0.6976175760493893, -0.0207252378844582]",52.59030804166302,5.308804394110216
"[-0.7387237396972801, -0.8528681259368891, 0.3563196019455435, -0.7387237396972656]",52.010104423012386,5.311947558345923
"[-0.18006789104759427, -0.009966756611516674, -8.320550813567896, -0.18006789104521354]",47.63250088111801,5.3150907225816315
"[0.5096808441429139, -4.655863642420806, 0.23745712606498257, 0.5096808441430061]",53.36280516859788,5.318233886817339
"[0.7994965902417187, 0.002634171919514117, -12.190790373272852, 0.7994965900785829]",46.809224652820646,5.321377051053046
"[0.7452687678928195, -0.5237547925877776, 0.04429159493273045, 0.7452687678928265]",47.584871650948045,5.3245202152887545
"[0.7947333138579957, 0.0026485140463086755, -8.203419232394948, 0.7947333138396903]",46.74560454015125,5.327663379524462
"[0.6669626024086486, 0.12461020008958866, -1.4058292465941666, 0.6669626024086431]",46.905996534243606,5.330806543760169
"[0.3220677552245825, -3.641205979137537, 0.3146469684648872, 0.3220677552247704]",53.80522747193841,5.333949707995877
"[-0.015497144633484485, -3.6452971826942786, 0.3295957793419566, -0.01549714463329226]",64.2217467978086,5.340236036467292
"[0.4804259344660233, -6.17838424893363, 0.18794958319150232, 0.4804259344660292]",62.752801571576434,5.343379200703
"[-0.006225371759709628, -5.263974160850117, 0.23920330143566798, -0.006225371759677566]",64.51271047561606,5.346522364938708
"[0.37949747910292475, -8.987761411755038, 0.13869474677787777, 0.3794974791029841]",63.81460139179827,5.349665529174415
"[0.36008213951506873, -8.53325189286357, 0.14635976847774035, 0.3600821395150988]",63.59743273769091,5.352808693410123
"[0.08464124755602548, -5.666513234915777, 0.2232995079169201, 0.08464124755610358]",63.71538283074757,5.355951857645831
"[0.41052242496535807, -2.6656110866562592, 0.3923795772863582, 0.4105224249653675]",62.969195879972354,5.359095021881538
"[-0.19881949315330477, 0.09003236072410033, -4.011301423156678, -0.19881949315352518]",57.84229559361938,5.362238186117246
"[0.5818373821049555, -4.634568611096318, 0.2295265997716591, 0.5818373821049778]",65.66832856854457,5.365381350352954
"[0.9603334103910068, -0.33332587456628066, -0.44132577412817475, 0.9603334103910098]",53.60500225515413,5.368524514588661
"[0.5213496950231249, -6.725987752998322, 0.17109160693847952, 0.5213496950231454]",66.8832243459765,5.371667678824369
"[1.1798922202381505, -8.218469426974313, 0.07377788481378277, 1.1798922202383224]",58.61231864383961,5.374810843060077
"[0.34605876706323957, -0.4249062987460274, -0.22014519111508635, 0.34605876706325467]",55.12468964960562,5.377954007295784
"[0.860242647400281, -11.890828695530024, 0.08153196872144891, 0.8602426474003378]",63.31978990098156,5.381097171531492
"[0.5798552671483264, -1.0016412528725862, 0.6143969108447701, 0.5798552671483276]",61.91230186665251,5.384240335767199
"[0.5320416892146113, -8.684377198501789, 0.13504381519504843, 0.5320416892146466]",67.05382019205197,5.387383500002907
"[0.4090284686968003, -0.7339077779611773, 0.5769486395441848, 0.4090284686968287]",55.74649779868339,5.390526664238615
"[0.6269946868287508, -4.8795576190083665, 0.21389405973727485, 0.6269946868287667]",68.28054922080736,5.393669828474322
"[0.46503261300137083, -6.51944710169006, 0.18029317412328963, 0.46503261300140236]",64.7476850283332,5.3968129927100295
"[0.299089217263782, -4.693506000724826, 0.254792082368086, 0.2990892172639217]",64.10621152623663,5.399956156945738
"[-0.22020395126438777, 0.03903925340262066, -5.870041659018127, -0.2202039512646226]",60.70193512131172,5.403099321181445
"[0.08371020886873339, -2.5654801200860544, 0.4397439232036315, 0.08371020886884682]",64.24428505548808,5.409385649652861
"[-0.1691780809564036, 0.49332240047569154, -1.5115586594712842, -0.16917808095640838]",60.02500403824395,5.412528813888568
"[0.8087047962195993, -3.077505958259812, 0.26520051561259783, 0.8087047962196036]",64.52796266957674,5.4156719781242755
"[0.4234104677324292, -1.259474628556399, 0.6525417942263864, 0.4234104677324347]",67.14407319432706,5.418815142359983
"[1.2113969896798842, 0.36446208730367785, -1.1297834369117143, 1.2113969896799006]",64.4756596903453,5.421958306595691
"[-0.7774778345939368, 0.4604193321670436, -1.0819153011959868, -0.7774778345939177]",65.71959626270753,5.4251014708313985
"[-0.8167133318393964, -1.5120820254992917, 0.3834119227112176, -0.8167133318393958]",66.23472287286522,5.428244635067106
"[-0.44683351078310074, -2.854584209885123, 0.3655803548318925, -0.44683351078308853]",66.00394294012229,5.431387799302813
"[-0.29600467660746627, -3.8136397016511996, 0.304838386414148, -0.29600467660742796]",65.81891823061916,5.4345309635385215
"[-0.20047965153091948, -4.595066810625722, 0.26516061022789095, -0.20047965153086528]",65.6878399562492,5.437674127774229
"[-0.13001292487526409, -5.262745727300671, 0.23758511872006474, -0.130012924875211]",65.58730375676886,5.440817292009936
"[-0.07410775094438198, -5.847015519508327, 0.21724447618556006, -0.07410775094434363]",65.50604039152955,5.4439604562456445
"[-0.02787836166735913, -6.365362804529419, 0.2015811223811339, -0.02787836166729815]",65.43803659039907,5.447103620481352
"[0.01135250646218159, -6.8290383780209405, 0.1891391167501473, 0.011352506462196226]",65.3797456894227,5.450246784717059
"[0.0452151179104182, -7.245839647727137, 0.17902752106468275, 0.04521511791047365]",65.3289116971174,5.4533899489527675
"[0.07477793223753308, -7.621463192984581, 0.17066877674699524, 0.07477793223760024]",65.28401718013744,5.456533113188475
"[0.1007808386078005, -7.960247072725594, 0.1636707314193996, 0.10078083860790368]",65.24399700418026,5.459676277424182
"[0.12375954123435583, -8.26562006574222, 0.15775671347013936, 0.1237595412345556]",65.20807727683248,5.4628194416598905
"[0.14411560897626066, -8.540370359537764, 0.1527254181271112, 0.1441156089763772]",65.17568147536811,5.465962605895598
"[0.16215996726344234, -8.786836665181667, 0.14842629637960789, 0.1621599672635122]",65.14637030231627,5.469105770131305
"[0.1781401007768286, -9.00703297801661, 0.14474411698720666, 0.17814010077723227]",65.11980343888274,5.4722489343670135
"[0.19225844760738622, -9.202742342914128, 0.14158875898581508, 0.1922584476074791]",65.09571322328169,5.475392098602721
"[0.20468477117919737, -9.375581952384243, 0.13888836686581538, 0.2046847711792215]",65.07388691195173,5.478535262838428
"[0.21556540144261466, -9.527058913973418, 0.13658448243650279, 0.21556540144268438]",65.0541532032786,5.481678427074136
"[0.22502941074453123, -9.658605370243404, 0.13462868923281138, 0.22502941074460012]",65.03637355935552,5.484821591309844
"[0.23319399139203167, -9.771616970932582, 0.13297999646090364, 0.23319399139209349]",65.0204342538106,5.487964755545551
"[0.24016793788031152, -9.867474684199784, 0.1316030122075827, 0.24016793788035146]",65.00624169749543,5.491107919781259
"[0.24605471885429378, -9.947567533132679, 0.1304664708580598, 0.24605471885430444]",64.99371813698525,5.494251084016967
"[0.250954742005384, -10.013308698075214, 0.129542116652361, 0.2509547420054507]",64.98279876563501,5.497394248252674
"[0.2549672046454866, -10.066148978876825, 0.12880380879858402, 0.25496720464558903]",64.97342925409092,5.500537412488382
"[0.2581912015494793, -10.10758226488991, 0.12822687163399116, 0.258191201549555]",64.96556480004261,5.50368057672409
"[0.2607265471523247, -10.139148425629877, 0.1277875788914076, 0.26072654715234156]",64.95916926245845,5.506823740959797
"[0.26267377209678666, -10.162425915051864, 0.1274628573904069, 0.26267377209691534]",64.9542158219395,5.509966905195505
"[0.26413344943851413, -10.179015623622789, 0.12723017475978313, 0.2641334494386071]",64.95068851925934,5.513110069431213
"[0.2652044477264014, -10.190510218129075, 0.127067683727506, 0.26520444772650015]",64.9485853892349,5.51625323366692
"[0.2659808686677722, -10.198445087558735, 0.12695467238540442, 0.26598086866778137]",64.947923459235,5.519396397902628
"[0.2665471722822442, -10.204223551354087, 0.12687241773390998, 0.2665471722823205]",64.94874628958765,5.522539562138336
"[0.26697092030867703, -10.20900746061302, 0.12680555619537145, 0.26697092030876657]",64.95113469331638,5.525682726374043
"[0.2672922773751058, -10.213559956018674, 0.1267441361967663, 0.2672922773751596]",64.95522174098107,5.528825890609751
"[0.267509163461717, -10.218022743907932, 0.12668656655840868, 0.2675091634618454]",64.96121334794229,5.531969054845459
"[0.26755633981681687, -10.221600942010737, 0.126643795273618, 0.2675563398168301]",64.96941638517194,5.535112219081166
"[0.2672759356959347, -10.222116515058135, 0.1266452353695214, 0.26727593569597624]",64.98027728072105,5.538255383316874
"[0.26637530922271224, -10.215368160085408, 0.12674736192293592, 0.26637530922275754]",64.99443580163916,5.541398547552582
"[0.4282385385758246, -6.012440409156912, 0.19660824267954433, 0.42823853857583233]",52.21860124650695,5.544541711788289
"[0.4250290892303051, -6.009372329241778, 0.1969321169741561, 0.4250290892303139]",52.24116238836128,5.547684876023997
"[0.4195610879303948, -5.996026108622926, 0.1977187894941689, 0.41956108793040625]",52.269653846532954,5.550828040259705
"[0.4105516369124463, -5.964438731417583, 0.1992964326587194, 0.4105516369124547]",52.305799190513426,5.553971204495412
"[0.39602739030879447, -5.902107301885626, 0.20219148586201857, 0.3960273903093803]",52.352056587681915,5.55711436873112
"[0.3728830918329724, -5.789213387304499, 0.20728066703788664, 0.3728830918330055]",52.412084137557166,5.560257532966827
"[0.3360184741214104, -5.593581943472855, 0.2161224232243872, 0.3360184741214271]",52.49169457474971,5.563400697202535
"[0.27639299828711744, -5.260572764466825, 0.23179635059267115, 0.2763929982872419]",52.60113258166556,5.566543861438243
"[0.17548322050767895, -4.688997445844026, 0.2615618093698891, 0.1754832205076955]",52.76184565898055,5.56968702567395
"[-0.019292660181168358, -3.6510728232785565, 0.3291313666463925, -0.019292660180889168]",53.03538860605585,5.572830189909658
"[-0.9159283984416744, -1.0281142171560311, 0.2980313910538332, -0.9159283984416713]",53.502670055287645,5.575973354145366
"[0.7564704823454239, -0.032523473498296644, -2.568729231207543, 0.7564704823454568]",51.64957688442263,5.579116518381073
"[-0.15269966940407234, 0.21981650946488612, -2.400794724859444, -0.15269966940408425]",46.45939750938705,5.582259682616781
"[-0.5031146348374815, -0.9962456179297273, 0.5650012598753602, -0.5031146348374584]",52.39972677195727,5.585402846852489
"[0.5884614846671933, -2.670495478298297, 0.3549463162902206, 0.5884614846671933]",51.905617553467486,5.588546011088196
"[0.6204463128676727, -1.5784115076917031, 0.4886592809760636, 0.6204463128676785]",51.11556649109738,5.591689175323904
"[-0.7171597728288805, -0.7112615726036811, 0.22305135791559624, -0.717159772828873]",52.60047758168392,5.594832339559612
"[-0.3502463445590114, -2.5248702606909093, 0.4190716849979871, -0.35024634455899906]",55.70090083029045,5.597975503795319
"[0.4572836402221305, 0.15337341419422468, -1.0636154070183481, 0.4572836402221345]",41.579720406256044,5.601118668031027
"[0.5079243484410875, -0.01448298082076841, -1.0081020719171851, 0.5079243484410993]",41.42972220116862,5.604261832266735
"[0.4923757764172691, -0.1740910254401981, -0.7234097695767157, 0.4923757764172757]",41.283879464153074,5.607404996502442
"[0.4527584551080767, -0.3280275032386309, -0.37916296765466023, 0.4527584551081139]",41.18065498533507,5.61054816073815
"[0.37998176573588777, -0.46542159022929946, -0.0919179447288858, 0.3799817657358921]",41.092422038946964,5.613691324973858
"[0.2820062769613727, -0.576468824834192, 0.11037450856021544, 0.28200627696138375]",41.00188135257435,5.616834489209565
"[0.17288036385537445, -0.6590488432440723, 0.2384463955468879, 0.17288036385538544]",40.907048253430816,5.6199776534452734
"[0.06289583022389068, -0.71574042164047, 0.31084945558752497, 0.06289583022390403]",40.81160197870727,5.623120817680981
"[-0.042083839328115914, -0.7505051274249159, 0.34324938495602864, -0.04208383932810917]",40.718657845477395,5.626263981916688
"[-0.1390128921393283, -0.7672375203261643, 0.3468874634445074, -0.13901289213931783]",40.62949115552419,5.629407146152396
"[-0.2264522911046439, -0.7693608721110612, 0.3295426406060729, -0.2264522911046436]",40.54406519322907,5.632550310388104
"[-0.28885198835207293, -0.02250987739910242, -3.8591431762832746, -0.2888519883520343]",38.67468142487536,5.679697773923718
"[-0.32072864721496036, -0.03124682406914829, -3.2015098929109267, -0.3207286472148835]",38.68578254679238,5.682840938159425
"[-0.36498490777576986, -0.04388267756812584, -2.6038062823330117, -0.36498490777572745]",38.713648302469295,5.685984102395133
"[-0.42412575913716954, -0.06387687935859025, -2.0658514439140245, -0.42412575913715894]",38.761616657432036,5.689127266630841
"[0.04807819046175853, -0.642805868604889, 0.09324414747338368, 0.04807819046176193]",40.438524136137595,5.701699923573671
"[0.3930427661644336, -0.25135707253853373, -0.5840802241776352, 0.39304276616444]",40.95752320727604,5.704843087809379
"[0.42481322149949946, -0.4018245314407279, -0.21732045486302726, 0.4248132214995042]",40.63392685542964,5.707986252045087
"[0.5562757526327885, 0.869643450533528, -1.1082121378404504, 0.5562757526327927]",54.843317633079096,5.711129416280794
"[0.8763620749361879, -0.11740898224955526, -1.3910649401857373, 0.8763620749362301]",40.47499414723284,5.714272580516502
"[-0.18255998683408356, 0.102267701462873, -3.7121519300719523, -0.18255998683448874]",50.86286212204161,5.717415744752209
"[0.9623730718202071, -13.221003744784086, 0.06684436136573281, 0.9623730718202563]",51.38521909773458,5.720558908987917
"[0.8205081836905948, -0.44456617757139777, -0.16127911766555975, 0.8205081836905977]",46.58533174827336,5.723702073223625
"[0.4507228955085667, -2.5622983407641042, 0.3970200087019045, 0.45072289550858347]",53.60769941761817,5.72998840169504
"[0.7446121446566465, -1.2054385254031736, 0.46803585722971597, 0.7446121446566704]",53.15429230896019,5.736274730166455
"[-0.33390322688620455, -3.2395661251354992, 0.34538356487923527, -0.33390322688619034]",55.40003692399011,5.739417894402163
"[0.05105863989135807, -6.475147716824408, 0.19833136122563103, 0.05105863989136775]",54.95250393888213,5.742561058637871
"[0.2230644778267237, -8.515187961867717, 0.1514137364426532, 0.22306447782734748]",54.790372684926865,5.745704222873578
"[0.3339920145981624, -9.996256396482565, 0.12729007712419704, 0.33399201459819317]",54.71153873157067,5.7488473871092864
"[0.5908543073470074, -5.076680207939694, 0.2112998314198385, 0.5908543073470295]",41.8783454579186,5.751990551344994
"[0.6289728117209626, -5.287116446138399, 0.19950472266168331, 0.628972811721057]",41.88999759681188,5.755133715580701
"[0.6545901785093791, -5.4411636091953675, 0.191522591321848, 0.6545901785094359]",41.90774291371305,5.7582768798164095
"[0.668780529280152, -5.541242729484059, 0.1867994086805573, 0.6687805292801859]",41.93018669350185,5.761420044052117
"[0.672336629698952, -5.589381240660846, 0.18497581510084257, 0.6723366296989686]",41.956398074006536,5.764563208287824
"[0.6658624710446777, -5.587407250794062, 0.18582951058946187, 0.6658624710446888]",41.985775318449946,5.7677063725235325
"[0.6498133283429999, -5.537015024858554, 0.1892465902087059, 0.6498133283430707]",42.017975548572025,5.77084953675924
"[0.624502311165547, -5.439740250910157, 0.19521148161305668, 0.624502311165661]",42.05288332878385,5.773992700994947
"[0.5900808452813875, -5.296867529828215, 0.20381164730842596, 0.5900808452814218]",42.09061051752845,5.7771358652306555
"[0.5464932495037095, -5.109277809223147, 0.21525765090148008, 0.5464932495037258]",42.13152592086848,5.780279029466363
"[0.4933953718897825, -4.877224466646441, 0.22992425555436294, 0.4933953718897995]",42.17632524311848,5.78342219370207
"[0.43001012564339125, -4.599994669811976, 0.24842646620662212, 0.43001012564339264]",42.22616640168301,5.786565357937778
"[0.3548605171230738, -4.275377829618968, 0.2717593281928119, 0.35486051712309596]",42.28292030243307,5.789708522173486
"[0.26521430022160575, -3.8986984191642424, 0.3015694233319281, 0.26521430022162]",42.34965591768117,5.792851686409193
"[0.15577067924839214, -3.460860591558032, 0.3407105829046876, 0.1557706792484054]",42.431610638321644,5.795994850644901
"[0.014807054277527881, -2.943505969932026, 0.39441288548331094, 0.01480705427761516]",42.538152077669245,5.799138014880609
"[-0.19170726729054827, -2.3033877112624253, 0.4713196729028965, -0.1917072672905399]",42.68445369398563,5.802281179116316
"[-0.6325220213081865, -1.395818054930152, 0.4995476543304207, -0.6325220213081842]",42.78726838064063,5.805424343352024
"[-1.0249828244065555, -0.12142571403555795, -0.48089694251106696, -1.024982824406548]",42.10244423632852,5.808567507587732
"[0.5955492963208672, -0.22144023351372796, -0.6887412218084269, 0.5955492963208909]",42.858099903274315,5.811710671823439
"[0.14512530588204267, 0.8832076525477602, -0.9938660518009684, 0.1451253058820427]",41.50950870345733,5.814853836059147
"[0.7995203890435387, -0.0010342540746489698, -18.714269474566006, 0.7995203900057302]",39.17225909580899,5.843142314180516
"[-0.5684250392199227, 0.07497547739658103, -1.5019241486483956, -0.5684250392199183]",42.38029285974149,5.852571806887639
"[-0.5587604184223903, -0.7197018976361723, 0.2298303376710735, -0.558760418422382]",43.54521891213196,5.855714971123347
"[-0.6845967125182113, 0.058667634868506485, -1.1445401049614898, -0.6845967125182099]",42.79313640858254,5.858858135359054
"[0.31298127230387673, -1.2606736051943048, 0.6960551027186773, 0.3129812723038785]",43.78634965833993,5.862001299594762
"[1.3436057216869257, -0.5170976064554416, -0.3481558225925656, 1.3436057216869315]",41.1529348584395,5.865144463830469
"[1.2115357856812903, 0.30416791851129393, -1.0852334240625061, 1.2115357856812912]",40.995483339953005,5.868287628066177
"[0.699103830391273, 0.7006727184599033, -1.0299061641400473, 0.6991038303912751]",40.986968313858924,5.871430792301885
"[0.291496240432413, 0.925094401652872, -1.0090894089038047, 0.2914962404324141]",41.686060999266275,5.874573956537592
"[0.6179988049423109, -0.6443917675513708, 0.34267243068649433, 0.6179988049423132]",45.378912819452886,5.8777171207733
"[-0.7012449195021132, 0.3129193068468813, -1.1604026155622214, -0.7012449195021098]",43.216705955067226,5.880860285009008
"[1.179555510409083, -0.2079817588716319, -0.6078913090842131, 1.179555510409097]",37.52974190000286,5.893432941951838
"[1.1913406439905847, -0.15356158836650302, -0.6815419212862992, 1.1913406439905938]",37.56662137296787,5.8965761061875455
"[1.180749958269667, -0.07728711615704528, -0.7868221118010489, 1.1807499582696734]",37.59786366304288,5.899719270423254
"[1.1202694159811604, 0.019680686215690045, -0.9544144264499126, 1.120269415981166]",37.6110227427937,5.902862434658961
"[0.24666828836836513, -6.3332354672318285, 0.1976307371244868, 0.24666828836854932]",50.34305336580216,5.9060055988946685
"[-0.9265084317042775, -1.068654789310783, 0.296893200446946, -0.9265084317042738]",51.11305596587488,5.909148763130376
"[0.5020896249454724, 0.8724373710118956, -1.0618668246534906, 0.502089624945474]",53.1311263212575,5.912291927366084
"[0.6407178222682272, -1.95358644662053, 0.4227711880941101, 0.6407178222682341]",46.38599277602629,5.9154350916017915
"[-0.8822648180488143, -0.32306668988498327, -0.3060501644785143, -0.8822648180488133]",41.60618481753675,5.950009898194575
"[0.6458345490149766, -0.12391830286316362, -1.0952620473318773, 0.6458345490149859]",44.1945305358508,5.953153062430283
"[0.2850792419121258, -3.695862442626286, 0.3139845054505139, 0.28507924191215633]",44.11597263309405,5.956296226665991
"[0.8489975101427728, 0.04428586988008503, -2.381614843400221, 0.8489975101426398]",37.66059273908313,5.959439390901698
"[0.808646820335884, 0.010330206585000761, -5.404084264491669, 0.8086468203321431]",37.57009317987634,5.962582555137406
"[1.0868901615574247, -0.2219366925051421, -0.6257672743657917, 1.0868901615574287]",37.865515119916886,5.968868883608821
"[1.0257810590547505, -0.19935556642783495, -0.7325059032947369, 1.025781059054761]",37.90641718014802,5.972012047844529
"[0.9454937065243861, -0.13626294742694078, -1.0745868950234596, 0.9454937065244234]",38.03348710810125,5.975155212080237
"[0.004150353310374137, -1.6374699676769284, 0.6222654810263615, 0.004150353310377863]",44.568900087970356,5.978298376315944
"[1.1438173980662696, -15.359131431569741, 0.045704339674822805, 1.1438173980671298]",52.85618245027765,5.981441540551652
"[0.5811098865132146, -0.09483664377306066, -1.0082968076992167, 0.5811098865132304]",44.038052688322416,5.98458470478736
"[0.7469264976924489, -3.0657827474363804, 0.2826151808570466, 0.7469264976924702]",55.117444609110755,5.987727869023067
"[0.09586412004553707, -7.17989790010278, 0.18002473501132632, 0.09586412004562533]",55.959438417638,5.990871033258775
"[0.4429838233888837, -11.833304665199321, 0.10504247838322286, 0.4429838233889409]",55.61253634000039,5.994014197494483
"[0.6435621853547145, -14.896093572269884, 0.0771237669151316, 0.6435621853547681]",55.44312854803291,5.99715736173019
"[0.7781645169452632, -17.030065557785143, 0.062273784402811755, 0.7781645169453506]",55.33039824222657,6.000300525965898
"[0.8675467223648113, -18.454092170656043, 0.053701214212632034, 0.8675467223649789]",55.24621881324819,6.003443690201606
"[0.9210404899329679, -19.28626569552225, 0.04901223775445474, 0.9210404899336574]",55.18063143857975,6.006586854437313
"[1.0246335545245708, -7.39741087648661, 0.10364660722095864, 1.0246335545249685]",42.49779973373835,6.009730018673021
"[1.0240740347809145, -7.319456543381435, 0.10465257467844329, 1.024074034781308]",42.45860195866499,6.012873182908729
"[1.0046024695189144, -7.145275647796852, 0.1095840250985112, 1.004602469519162]",42.427903994968936,6.016016347144436
"[0.9695591017323096, -6.896362454716003, 0.11797147229353126, 0.9695591017327869]",42.40581025224813,6.019159511380144
"[0.9218275750689091, -6.591218807373251, 0.1294919701243363, 0.9218275750691234]",42.392498612148216,6.022302675615851
"[0.8637328744710252, -6.244843781252296, 0.14396423739462513, 0.8637328744712158]",42.38824244964083,6.025445839851559
"[0.6720797627507404, -14.870585624865404, 0.07598133176736882, 0.6720797627507702]",55.093060069436845,6.028589004087267
"[0.5777417223324075, -13.386872935108725, 0.08832612537809997, 0.5777417223324136]",55.14099118904621,6.031732168322974
"[0.46843956796324604, -11.742632678655161, 0.104808843515682, 0.46843956796326397]",55.213572911969294,6.034875332558682
"[0.3383798903711019, -9.902649499472586, 0.1282619415126273, 0.33837989037115496]",55.3216576703524,6.03801849679439
"[0.17285858877500082, -7.775736149241005, 0.1659555699703385, 0.17285858877501573]",55.489679201765306,6.041161661030097
"[-0.07914469402703458, -5.104337040609769, 0.24520962555833015, -0.07914469402703218]",55.794632240826175,6.044304825265805
"[-1.0570821477728822, 0.05496333419607683, -0.6538899900598136, -1.0570821477728767]",55.99029709074949,6.047447989501513
"[0.10527111593088134, 0.9387934128835386, -1.0640546071769492, 0.1052711159308838]",64.4795213326922,6.05059115373722
"[0.5399705664863962, -6.747426534319287, 0.16910720758582495, 0.5399705664864236]",71.44368714851849,6.053734317972928
"[0.3360725841378229, -11.422017023456855, 0.11227187993886392, 0.3360725841379253]",67.23498914759206,6.056877482208636
"[1.0659357177009587, -0.4388443653798759, -0.24122739042598942, 1.06593571770096]",44.607417872189,6.060020646444343
"[0.22166129678280838, -4.905349388278238, 0.24943431323151366, 0.22166129678285165]",67.4060008726569,6.063163810680051
"[-0.020819514437877294, -5.002363464776002, 0.2502455677939991, -0.02081951443785841]",63.89981129747788,6.066306974915759
"[0.20270758370237407, -8.085621040898719, 0.15937784165109029, 0.2027075837024357]",66.23672664302315,6.069450139151466
"[0.8299345373547815, 0.044108468153192096, -2.6721342671518435, 0.8299345373544635]",59.79372515704312,6.072593303387174
"[0.7371813319560778, -20.77741589614927, 0.053018976242115774, 0.737181331956174]",64.95832196365939,6.075736467622882
"[0.9521467246104491, -26.10668942618798, 0.035587319790040955, 0.9521467246107465]",65.22462576606326,6.078879631858589
"[0.8097648042972576, 0.028519799606573918, -3.5879521719765615, 0.8097648042958695]",53.19162382289843,6.088309124565712
"[0.5278096013785311, -4.429397864529817, 0.2455327504549908, 0.5278096013785433]",54.93838154718291,6.09145228880142
"[1.1262950411659436, -15.13432118348216, 0.04763969307185128, 1.1262950411660138]",56.392524971089856,6.094595453037128
"[-0.14172097870755118, 0.06504023413826526, -4.056179511161025, -0.14172097870767758]",46.35597300671421,6.097738617272835
"[-0.056328731907040505, -1.146626321894749, 0.7697956656664795, -0.05632873190703932]",51.90886682454347,6.1008817815085425
"[-0.18968687619670574, -4.648028700315751, 0.2629911749043689, -0.18968687619669305]",65.46360468970758,6.104024945744251
"[-0.0992874799499941, -5.425301742544301, 0.23190624229812146, -0.09928747994998585]",65.19420841432388,6.107168109979958
"[-1.1347444462017757, -0.2240112902143951, -0.3824250618455664, -1.1347444462017675]",65.48081901720131,6.1103112742156656
"[1.4845846769633273, -0.1896605921803863, -0.7626391026802491, 1.484584676963342]",64.24117961592995,6.113454438451374
"[-0.9578690238433513, -1.145837145174779, 0.28227430424449224, -0.9578690238433394]",65.85945451327447,6.116597602687081
"[-0.1303372549649059, -5.090695599172087, 0.24469379160084917, -0.13033725496489615]",65.35668452515297,6.119740766922789
"[0.07559079417838906, -7.431032530358579, 0.17467682266747925, 0.07559079417841987]",65.19171816323312,6.122883931158497
"[0.15522911598170722, -8.557858055629008, 0.15223844986657095, 0.15522911598186814]",65.21610330097636,6.126027095394204
"[0.11666374235877326, -8.111083058278469, 0.1606408844897818, 0.11666374235887465]",65.39757012212625,6.129170259629912
"[-0.17183556427022909, -4.841512178334596, 0.2544390015436993, -0.17183556427019905]",65.90779529240007,6.13231342386562
"[1.1412103188616076, -8.230865100651073, 0.07918325325299669, 1.141210318862091]",64.61027842093998,6.135456588101327
"[0.36358905921713564, -3.5581680801390894, 0.316490862686958, 0.3635890592171416]",66.9847710612672,6.138599752337035
"[0.2879227999938019, -4.858455454475505, 0.24791962819151456, 0.2879227999939444]",64.04495263528958,6.14488608080845
"[0.09283290319865345, -0.75245793333428, 0.43031758764117306, 0.09283290319865634]",52.421306790072165,6.148029245044158
"[0.023145170880984195, -5.483604055700238, 0.23058489278052433, 0.023145170881023927]",65.25619958960878,6.151172409279865
"[0.19328021787260655, -6.768833793599288, 0.18785316023290857, 0.19328021787281344]",64.61565132676972,6.154315573515572
"[0.5309208763411668, -1.084171715005638, 0.6380168095591129, 0.5309208763411685]",51.21236711335764,6.157458737751281
"[-0.801265829687105, -0.24506518358082022, -0.5120617430369263, -0.8012658296870648]",54.24691728913933,6.160601901986988
"[0.922547210422048, -0.44467427856216685, -0.18871414093516709, 0.9225472104220581]",49.1419761117138,6.163745066222695
"[0.777473744028707, -0.4996567681804388, -0.021257786682906624, 0.7774737440287107]",50.33946589444679,6.170031394694111
"[0.11193557421627409, -6.329741582017193, 0.20165458362907243, 0.11193557421628374]",64.33834554481116,6.173174558929818
"[0.3519550816525702, -11.503865159936717, 0.11104046842504033, 0.3519550816525704]",64.46776970722135,6.176317723165526
"[0.06695397289778354, -1.730234894013623, 0.5966661637333187, 0.06695397289778542]",61.626076047719,6.179460887401234
"[0.7993276605166152, 0.0008643920987710675, -19.097146896230246, 0.7993276599713268]",49.72771085957145,6.182604051636941
"[1.1474890011444712, -23.155050921025694, 0.031051056101607334, 1.1474890011455123]",64.32600169533967,6.188890380108356
"[0.9428344987886991, -13.53433591799308, 0.0667995032656679, 0.9428344987887938]",65.16786381049259,6.192033544344064
"[1.0061954963945539, -7.109309512545826, 0.10982111682492318, 1.0061954963949444]",55.44771852260972,6.195176708579772
"[0.46117458597041394, -9.54349828611303, 0.12754474967116325, 0.4611745859705427]",64.84106610065805,6.198319872815479
"[0.9390429894179821, -13.023712680976143, 0.0694859250075547, 0.9390429894184064]",69.87150117175663,6.201463037051187
"[0.33698598251427475, -0.8772178788291052, 0.8329883064559577, 0.336985982514275]",66.18313652809077,6.204606201286895
"[0.5943049252143006, -6.679295550560528, 0.16593115809127273, 0.5943049252143798]",64.85544834527607,6.207749365522602
"[0.6121151626611813, -4.494546390046765, 0.2313474033213012, 0.6121151626611864]",64.57601052013152,6.21089252975831
"[0.8961184628133494, -1.815424612858816, 0.3210019032460605, 0.8961184628133682]",64.50051870440993,6.214035693994018
"[-0.9781158099547237, 0.2619156564191273, -0.8591389874184673, -0.978115809954723]",66.41625573552122,6.217178858229725
"[-0.39098098199195197, -3.5579000110163417, 0.313337328672631, -0.39098098199193804]",66.55145650250228,6.220322022465433
"[-0.18116684573561576, -5.548852709886625, 0.2251397355523195, -0.18116684573555927]",66.25854287940277,6.223465186701141
"[-0.06631479556258492, -7.031849701694188, 0.18383830282765393, -0.06631479556249288]",66.08546113882178,6.226608350936848
"[0.013931967437480016, -8.232396378928504, 0.15928042040475376, 0.013931967437546074]",65.96158637416508,6.229751515172556
"[0.07557057397886505, -9.240053028397474, 0.14277154090822097, 0.07557057397988846]",65.86466870223573,6.232894679408264
"[0.12529892159293343, -10.102424677050525, 0.13084073070887645, 0.1252989215930448]",65.78488793781138,6.236037843643971
"[0.16659020377509914, -10.848780767774219, 0.12180532516501662, 0.16659020377523107]",65.71704253747716,6.239181007879679
"[0.20149107901176308, -11.498794184158868, 0.11474104566774188, 0.20149107901188526]",65.65804592589755,6.242324172115387
"[0.23131681598028575, -12.066537167601306, 0.10909375610817991, 0.2313168159803264]",65.60591720714406,6.245467336351094
"[0.2569674287775489, -12.562547788809256, 0.10450907090943597, 0.2569674287777192]",65.55931032118475,6.248610500586802
"[0.2790879886707493, -12.994983828305353, 0.10074899047636063, 0.2790879886708047]",65.5172716158994,6.25175366482251
"[0.29815858740496115, -13.370343158737429, 0.09764729498323843, 0.2981585874050677]",65.47910190537813,6.254896829058217
"[0.3145470615741065, -13.693913578224036, 0.09508427211814345, 0.314547061574281]",65.44427509349242,6.258039993293925
"[0.32854184266415637, -13.970072365390722, 0.09297156425192302, 0.328541842664206]",65.41238726315665,6.261183157529633
"[0.34037348936378686, -14.202496489523043, 0.09124265546663217, 0.3403734893638489]",65.38312300544528,6.26432632176534
"[0.3502288468098366, -14.394305205518558, 0.08984674823708184, 0.35022884681000677]",65.35623357151023,6.267469486001048
"[0.3582612237174729, -14.548171177722633, 0.08874461594658385, 0.3582612237176556]",65.33152069994635,6.270612650236756
"[0.36459733935484695, -14.66639737634749, 0.08790580123095819, 0.3645973393549882]",65.30882580785111,6.273755814472463
"[0.36934233002635686, -14.750974867156298, 0.08730665981033488, 0.3693423300264726]",65.28802225820309,6.276898978708171
"[0.3725834637585282, -14.803627858716151, 0.0869289685623927, 0.3725834637586812]",65.26900957665562,6.280042142943879
"[0.37439287114704495, -14.825847939964985, 0.0867589354192276, 0.37439287114715736]",65.25170902010773,6.283185307179586
