u,t,theta
"[0.20014115584866554, 0.8659006594421584, -0.8660785846416564, 0.20014115584866554]",12.980878131886229,0.0
"[0.2001414609950296, 0.8659003897773989, -0.8660786996072234, 0.2001414609950296]",12.984551623675047,0.003143164235707647
"[0.20014176701640285, 0.8659001193393896, -0.8660788149024586, 0.20014176701640285]",12.988225101074947,0.006286328471415294
"[0.2001420739150264, 0.8658998481261508, -0.8660789305282064, 0.2001420739150264]",12.991898558023031,0.009429492707122941
"[0.20014238169286325, 0.8658995761359476, -0.8660790464852062, 0.20014238169286325]",12.99557198399444,0.012572656942830588
"[0.20014269035077836, 0.8658993033680159, -0.866079162773784, 0.20014269035077836]",12.999245361287285,0.015715821178538234
"[0.20014299989201956, 0.8658990298194855, -0.8660792793951635, 0.20014299989201956]",13.002918684662902,0.018858985414245882
"[0.20014331031767169, 0.8658987554893979, -0.8660793963497536, 0.20014331031767169]",13.006591941705278,0.02200214964995353
"[0.20014362162964458, 0.8658984803760653, -0.8660795136382737, 0.20014362162964458]",13.01026511968974,0.025145313885661175
"[0.20014393382962642, 0.8658982044779963, -0.8660796312613597, 0.20014393382962642]",13.013938207076535,0.02828847812136882
"[0.20014424691950936, 0.8658979277935188, -0.8660797492197247, 0.20014424691950936]",13.017611196669053,0.03143164235707647
"[0.20014456090172658, 0.8658976503204825, -0.8660798675142857, 0.20014456090172658]",13.021284071826859,0.03457480659278411
"[0.20014487577669948, 0.8658973720585156, -0.866079986145201, 0.20014487577669948]",13.024956822264642,0.037717970828491765
"[0.2001451915476731, 0.8658970930047499, -0.8660801051136937, 0.2001451915476731]",13.028629442928988,0.04086113506419941
"[0.20014550821564425, 0.8658968131583049, -0.8660802244201388, 0.20014550821564425]",13.032301917090894,0.04400429929990706
"[0.20014582578218795, 0.8658965325177892, -0.8660803440651301, 0.20014582578218795]",13.035974233656452,0.047147463535614706
"[0.200146144249294, 0.8658962510814442, -0.8660804640494175, 0.200146144249294]",13.039646380217969,0.05029062777132235
"[0.20014646361897936, 0.8658959688474874, -0.8660805843737607, 0.20014646361897936]",13.043318350266977,0.05343379200703
"[0.20014678389345733, 0.8658956858139636, -0.8660807050389935, 0.20014678389345733]",13.046990134310205,0.05657695624273764
"[0.20014710507306552, 0.865895401980574, -0.8660808260452433, 0.20014710507306552]",13.050661710805906,0.05972012047844529
"[0.20014742716065484, 0.8658951173447998, -0.866080947393584, 0.20014742716065484]",13.054333077561735,0.06286328471415294
"[0.2001477501567154, 0.8658948319062076, -0.8660810690842007, 0.2001477501567154]",13.05800422200866,0.06600644894986059
"[0.20014807406419943, 0.8658945456621892, -0.8660811911182054, 0.20014807406419943]",13.06167512932112,0.06914961318556823
"[0.2001483988842398, 0.8658942586117429, -0.8660813134960251, 0.2001483988842398]",13.065345792577617,0.07229277742127588
"[0.20014872461901878, 0.8658939707529408, -0.8660814362184817, 0.20014872461901878]",13.069016200759016,0.07543594165698353
"[0.20014905126960017, 0.8658936820848429, -0.8660815592859763, 0.20014905126960017]",13.072686340027884,0.07857910589269117
"[0.20014937883789377, 0.8658933926057615, -0.8660816826992287, 0.20014937883789377]",13.076356201491448,0.08172227012839882
"[0.20014970732555606, 0.8658931023142329, -0.8660818064588625, 0.20014970732555606]",13.080025773486009,0.08486543436410646
"[0.20015003673362441, 0.8658928112093407, -0.8660819305652687, 0.20015003673362441]",13.083695043480283,0.08800859859981412
"[0.2001503670645258, 0.86589251928894, -0.8660820550193621, 0.2001503670645258]",13.087364001332496,0.09115176283552176
"[0.2001506983195056, 0.8658922265519305, -0.8660821798216116, 0.2001506983195056]",13.091032639524567,0.09429492707122941
"[0.2001510305004153, 0.8658919329966762, -0.8660823049727148, 0.2001510305004153]",13.094700942689846,0.09743809130693705
"[0.20015136360908192, 0.8658916386215627, -0.8660824304733604, 0.20015136360908192]",13.098368903139955,0.1005812555426447
"[0.20015169764594837, 0.8658913434261989, -0.8660825563237147, 0.20015169764594837]",13.10203650645571,0.10372441977835235
"[0.2001520326142, 0.8658910474077696, -0.8660826825249784, 0.2001520326142]",13.105703743070805,0.10686758401406
"[0.2001523685132052, 0.8658907505668335, -0.866082809076913, 0.2001523685132052]",13.109370604543091,0.11001074824976764
"[0.20015270534692897, 0.8658904528998866, -0.866082935981013, 0.20015270534692897]",13.11303707708306,0.11315391248547528
"[0.20015304311568183, 0.8658901544066546, -0.8660830632373954, 0.20015304311568183]",13.116703150320124,0.11629707672118293
"[0.20015338182125061, 0.8658898550855587, -0.8660831908467329, 0.20015338182125061]",13.120368815106795,0.11944024095689058
"[0.2001537214647142, 0.865889554935646, -0.8660833188094322, 0.2001537214647142]",13.124034061259007,0.12258340519259824
"[0.2001540620479257, 0.8658892539552784, -0.8660834471261919, 0.2001540620479257]",13.1276988737459,0.12572656942830587
"[0.2001544035721681, 0.8658889521433226, -0.866083575797495, 0.2001544035721681]",13.131363245749327,0.12886973366401352
"[0.20015474604009603, 0.8658886494974328, -0.8660837048243417, 0.20015474604009603]",13.135027164874414,0.13201289789972118
"[0.20015508945133795, 0.8658883460179374, -0.8660838342065922, 0.20015508945133795]",13.138690620671259,0.13515606213542883
"[0.20015543380863557, 0.8658880417024137, -0.8660839639452796, 0.20015543380863557]",13.142353604132202,0.13829922637113645
"[0.20015577911271415, 0.865887736550221, -0.8660840940406769, 0.20015577911271415]",13.146016103629561,0.1414423906068441
"[0.20015612536526717, 0.8658874305598631, -0.8660842244934224, 0.20015612536526717]",13.14967810768321,0.14458555484255176
"[0.200156472568256, 0.8658871237296062, -0.8660843553042551, 0.200156472568256]",13.153339605523755,0.1477287190782594
"[0.20015682072229954, 0.8658868160589043, -0.8660844864734079, 0.20015682072229954]",13.157000587401031,0.15087188331396706
"[0.20015716982898923, 0.8658865075463508, -0.8660846180014806, 0.20015716982898923]",13.160661043535361,0.15401504754967468
"[0.2001575198901065, 0.8658861981903716, -0.8660847498891446, 0.2001575198901065]",13.164320962428093,0.15715821178538233
"[0.20015787090665269, 0.8658858879900821, -0.8660848821367769, 0.20015787090665269]",13.167980331927426,0.16030137602109001
"[0.20015822287997714, 0.8658855769442898, -0.8660850147448864, 0.20015822287997714]",13.17163914707478,0.16344454025679764
"[0.2001585758122309, 0.8658852650510943, -0.8660851477142828, 0.2001585758122309]",13.175297391825712,0.1665877044925053
"[0.20015892970349572, 0.8658849523104233, -0.8660852810449977, 0.20015892970349572]",13.178955059860753,0.1697308687282129
"[0.2001592845558478, 0.8658846387204421, -0.8660854147378128, 0.2001592845558478]",13.18261213845308,0.1728740329639206
"[0.20015964037070566, 0.8658843242798976, -0.8660855487932628, 0.20015964037070566]",13.186268619259396,0.17601719719962824
"[0.20015999714902544, 0.8658840089879448, -0.866085683211708, 0.20015999714902544]",13.189924489053473,0.17916036143533587
"[0.20016035489222792, 0.8658836928433281, -0.866085817993684, 0.20016035489222792]",13.193579738658341,0.18230352567104352
"[0.2001607136015344, 0.8658833758449691, -0.8660859531396502, 0.2001607136015344]",13.197234358420484,0.18544668990675117
"[0.2001610732784434, 0.865883057991543, -0.8660860886501719, 0.2001610732784434]",13.200888339653831,0.18858985414245882
"[0.2001614339236077, 0.8658827392824733, -0.8660862245254948, 0.2001614339236077]",13.20454167043196,0.19173301837816648
"[0.20016179553935012, 0.8658824197157075, -0.8660863607664943, 0.20016179553935012]",13.20819434205974,0.1948761826138741
"[0.20016215812589067, 0.8658820992910516, -0.8660864973732529, 0.20016215812589067]",13.211846341290654,0.19801934684958175
"[0.20016252168510287, 0.8658817780068497, -0.8660866343464769, 0.20016252168510287]",13.215497663273922,0.2011625110852894
"[0.2001628862179105, 0.8658814558622859, -0.8660867716865144, 0.2001628862179105]",13.219148294656705,0.20430567532099703
"[0.2001632517255225, 0.8658811328562918, -0.8660869093938205, 0.2001632517255225]",13.222798224467574,0.2074488395567047
"[0.20016361820883202, 0.8658808089880785, -0.8660870474687323, 0.20016361820883202]",13.226447444796746,0.21059200379241236
"[0.20016398566969013, 0.8658804842560103, -0.8660871859119469, 0.20016398566969013]",13.230095946790263,0.21373516802812
"[0.20016435410930777, 0.8658801586590172, -0.8660873247239206, 0.20016435410930777]",13.233743719714573,0.21687833226382763
"[0.20016472352793613, 0.8658798321968776, -0.8660874639047479, 0.20016472352793613]",13.237390751374473,0.22002149649953529
"[0.200165093926917, 0.8658795048684056, -0.8660876034549347, 0.200165093926917]",13.241037034042058,0.22316466073524294
"[0.2001654653079864, 0.8658791766720674, -0.866087743375135, 0.2001654653079864]",13.244682559537582,0.22630782497095056
"[0.2001658376725587, 0.8658788476066134, -0.8660878836658817, 0.2001658376725587]",13.248327317017631,0.2294509892066582
"[0.20016621101996745, 0.8658785176726325, -0.8660880243269238, 0.20016621101996745]",13.25197129790935,0.23259415344236586
"[0.2001665853533988, 0.8658781868673096, -0.8660881653594616, 0.2001665853533988]",13.255614490783623,0.23573731767807354
"[0.2001669606722927, 0.8658778551911392, -0.8660883067632843, 0.2001669606722927]",13.25925688356487,0.23888048191378117
"[0.20016733697876413, 0.8658775226422529, -0.8660884485391889, 0.20016733697876413]",13.26289847450911,0.24202364614948882
"[0.20016771427379887, 0.8658771892197797, -0.8660885906875465, 0.20016771427379887]",13.266539247992977,0.24516681038519647
"[0.20016809255749085, 0.865876854923637, -0.8660887332083925, 0.20016809255749085]",13.270179194839624,0.2483099746209041
"[0.20016847183179373, 0.865876519752098, -0.8660888761024633, 0.20016847183179373]",13.273818308371741,0.25145313885661175
"[0.20016885209744734, 0.8658761837045094, -0.8660890193700377, 0.20016885209744734]",13.277456580020582,0.2545963030923194
"[0.2001692333547719, 0.8658758467805883, -0.8660891630112361, 0.2001692333547719]",13.28109399600796,0.25773946732802705
"[0.20016961560659374, 0.8658755089778373, -0.8660893070271236, 0.20016961560659374]",13.284730549923246,0.2608826315637347
"[0.20016999885204464, 0.8658751702970237, -0.8660894514173731, 0.20016999885204464]",13.288366236009619,0.26402579579944235
"[0.20017038309251917, 0.8658748307369157, -0.8660895961825098, 0.20017038309251917]",13.292001037325562,0.26716896003515
"[0.20017076832973651, 0.8658744902959937, -0.8660897413231818, 0.20017076832973651]",13.295634952499265,0.27031212427085766
"[0.20017115456377993, 0.8658741489741847, -0.8660898868394207, 0.20017115456377993]",13.29926796714955,0.2734552885065653
"[0.20017154179556942, 0.8658738067706757, -0.8660900327315724, 0.20017154179556942]",13.302900078373785,0.2765984527422729
"[0.2001719300265291, 0.8658734636842084, -0.8660901790001744, 0.2001719300265291]",13.306531271018683,0.27974161697798056
"[0.20017231925715345, 0.8658731197143461, -0.8660903256454123, 0.20017231925715345]",13.310161536438503,0.2828847812136882
"[0.200172709488979, 0.8658727748597309, -0.8660904726678654, 0.200172709488979]",13.313790871247583,0.28602794544939586
"[0.20017310072208863, 0.8658724291202902, -0.8660906200675649, 0.20017310072208863]",13.31741926248797,0.2891711096851035
"[0.20017349295744244, 0.8658720824951753, -0.8660907678448726, 0.20017349295744244]",13.3210467022632,0.29231427392081116
"[0.2001738861964097, 0.8658717349831767, -0.8660909160003045, 0.2001738861964097]",13.324673182012424,0.2954574381565188
"[0.20017428043923607, 0.8658713865840774, -0.866091064533953, 0.20017428043923607]",13.328298694594872,0.29860060239222647
"[0.2001746756867312, 0.8658710372971621, -0.8660912134461233, 0.2001746756867312]",13.331923229343367,0.3017437666279341
"[0.20017507194022668, 0.8658706871212539, -0.8660913627373171, 0.20017507194022668]",13.335546778684634,0.30488693086364177
"[0.20017546919992016, 0.8658703360561788, -0.8660915124076092, 0.20017546919992016]",13.339169332502653,0.30803009509934937
"[0.20017586746753277, 0.865869984100416, -0.8660916624576475, 0.20017586746753277]",13.342790888210057,0.311173259335057
"[0.20017626674271122, 0.8658696312542777, -0.8660918128872995, 0.20017626674271122]",13.346411429882785,0.31431642357076467
"[0.20017666702693543, 0.8658692775164564, -0.8660919636971225, 0.20017666702693543]",13.350030952608817,0.3174595878064724
"[0.2001770683201259, 0.8658689228870223, -0.8660921148870869, 0.2001770683201259]",13.35364944902876,0.32060275204218003
"[0.20017747062399416, 0.8658685673644636, -0.866092266457837, 0.20017747062399416]",13.357266911569145,0.3237459162778876
"[0.20017787393865094, 0.8658682109486824, -0.8660924184094152, 0.20017787393865094]",13.360883328314808,0.3268890805135953
"[0.20017827826464354, 0.8658678536391949, -0.8660925707420275, 0.20017827826464354]",13.36449869569738,0.3300322447493029
"[0.2001786836032094, 0.8658674954349085, -0.8660927234561399, 0.2001786836032094]",13.368113002954052,0.3331754089850106
"[0.20017908995504147, 0.8658671363352105, -0.8660928765520138, 0.20017908995504147]",13.371726243974683,0.33631857322071823
"[0.20017949732013654, 0.8658667763401041, -0.8660930300296482, 0.20017949732013654]",13.375338409085925,0.3394617374564258
"[0.2001799056994643, 0.8658664154487326, -0.8660931838894084, 0.2001799056994643]",13.378949492341604,0.3426049016921335
"[0.20018031509351658, 0.8658660536606614, -0.8660933381314795, 0.20018031509351658]",13.382559481590636,0.3457480659278412
"[0.20018072550327998, 0.8658656909750191, -0.8660934927562333, 0.20018072550327998]",13.38616837473878,0.34889123016354884
"[0.20018113692973413, 0.86586532739094, -0.8660936477640391, 0.20018113692973413]",13.389776161068475,0.3520343943992565
"[0.20018154937203253, 0.8658649629091726, -0.8660938031545778, 0.20018154937203253]",13.393382836596798,0.3551775586349641
"[0.20018196283215636, 0.8658645975279662, -0.8660939589285963, 0.20018196283215636]",13.396988386562546,0.35832072287067174
"[0.20018237730941793, 0.8658642312479288, -0.866094115085835, 0.20018237730941793]",13.400592810711212,0.3614638871063794
"[0.20018279280575113, 0.8658638640673515, -0.8660942716270231, 0.20018279280575113]",13.404196096830358,0.36460705134208704
"[0.2001832093204065, 0.8658634959868966, -0.8660944285518779, 0.2001832093204065]",13.40779824232031,0.3677502155777947
"[0.2001836268548479, 0.8658631270052712, -0.8660945858609511, 0.2001836268548479]",13.411399234893699,0.37089337981350234
"[0.20018404540898702, 0.8658627571225532, -0.8660947435542097, 0.20018404540898702]",13.414999070806564,0.37403654404921
"[0.2001844649836024, 0.865862386338055, -0.8660949016319465, 0.2001844649836024]",13.418597742670014,0.37717970828491765
"[0.200184885579052, 0.8658620146514604, -0.866095060094297, 0.200184885579052]",13.422195239343376,0.3803228725206253
"[0.20018530719619315, 0.865861642062012, -0.8660952189415839, 0.20018530719619315]",13.425791558334323,0.38346603675633295
"[0.2001857298350984, 0.8658612685696458, -0.8660953781738346, 0.2001857298350984]",13.429386690846693,0.38660920099204055
"[0.20018615349572771, 0.8658608941743977, -0.8660955377910343, 0.20018615349572771]",13.432980627945968,0.3897523652277482
"[0.20018657817939006, 0.8658605188751108, -0.8660956977936762, 0.20018657817939006]",13.436573370474061,0.3928955294634559
"[0.20018700388638933, 0.8658601426715171, -0.8660958581818745, 0.20018700388638933]",13.440164901091345,0.3960386936991635
"[0.20018743061629418, 0.8658597655639978, -0.866096018955467, 0.20018743061629418]",13.443755220478584,0.39918185793487115
"[0.20018785837071743, 0.8658593875511279, -0.8660961801150615, 0.20018785837071743]",13.447344319196947,0.4023250221705788
"[0.20018828714890352, 0.8658590086335755, -0.8660963416603732, 0.20018828714890352]",13.450932190752724,0.40546818640628646
"[0.20018871695188098, 0.8658586288104315, -0.8660965035917895, 0.20018871695188098]",13.454518829055635,0.40861135064199405
"[0.20018914777966607, 0.865858248081682, -0.866096665909317, 0.20018914777966607]",13.458104228142604,0.41175451487770176
"[0.20018957963297904, 0.8658578664466907, -0.8660968286132269, 0.20018957963297904]",13.461688379716934,0.4148976791134094
"[0.20019001251127266, 0.8658574839059416, -0.8660969917033129, 0.20019001251127266]",13.465271279908528,0.418040843349117
"[0.20019044641648204, 0.8658571004577246, -0.8660971551803045, 0.20019044641648204]",13.468852920382574,0.4211840075848247
"[0.20019088134716476, 0.8658567161033148, -0.8660973190436579, 0.20019088134716476]",13.472433296339112,0.4243271718205323
"[0.20019131730461048, 0.8658563308415727, -0.8660974832938593, 0.20019131730461048]",13.47601240057596,0.42747033605624
"[0.2001917542886186, 0.8658559446726755, -0.8660976479308333, 0.2001917542886186]",13.479590225425383,0.4306135002919476
"[0.20019219229938245, 0.865855557596453, -0.8660978129546524, 0.20019219229938245]",13.48316676761485,0.43375666452765527
"[0.20019263133821283, 0.8658551696117469, -0.8660979783658107, 0.20019263133821283]",13.486742023487734,0.43689982876336286
"[0.20019307140416026, 0.8658547807193966, -0.8660981441639507, 0.20019307140416026]",13.490315980801219,0.44004299299907057
"[0.20019351249711087, 0.8658543909195027, -0.8660983103490293, 0.20019351249711087]",13.493888637449343,0.4431861572347783
"[0.2001939546184138, 0.8658540002108732, -0.8660984769215552, 0.2001939546184138]",13.49745998614332,0.4463293214704859
"[0.2001943977680226, 0.86585360859355, -0.8660986438815103, 0.2001943977680226]",13.501030025481242,0.4494724857061935
"[0.20019484194578865, 0.8658532160676639, -0.8660988112288394, 0.20019484194578865]",13.504598740039302,0.4526156499419011
"[0.20019528715197543, 0.8658528226329825, -0.8660989789636412, 0.20019528715197543]",13.508166136787802,0.45575881417760883
"[0.200195733386747, 0.8658524282893615, -0.8660991470859779, 0.200195733386747]",13.51173220218387,0.4589019784133164
"[0.20019618064976846, 0.8658520330370965, -0.8660993155957235, 0.20019618064976846]",13.515296931819512,0.46204514264902413
"[0.20019662894142043, 0.8658516368758515, -0.8660994844930211, 0.20019662894142043]",13.518860321016758,0.46518830688473173
"[0.20019707826318434, 0.865851239804318, -0.8660996537784292, 0.20019707826318434]",13.522422366261049,0.4683314711204394
"[0.20019752861295181, 0.8658508418243589, -0.8660998234511534, 0.20019752861295181]",13.52598305741713,0.4714746353561471
"[0.20019797999219327, 0.8658504429346753, -0.8660999935117477, 0.20019797999219327]",13.529542393974625,0.4746177995918547
"[0.20019843240057633, 0.8658500431355609, -0.8661001639600869, 0.20019843240057633]",13.533100371016111,0.47776096382756233
"[0.20019888583787426, 0.8658496424272168, -0.8661003347960857, 0.20019888583787426]",13.53665697957027,0.48090412806326993
"[0.2001993403047972, 0.8658492408090156, -0.8661005060200117, 0.2001993403047972]",13.540212216417778,0.48404729229897764
"[0.20019979580106492, 0.8658488382812046, -0.8661006776317595, 0.20019979580106492]",13.543766079051764,0.48719045653468523
"[0.20020025232662753, 0.8658484348438287, -0.86610084963131, 0.20020025232662753]",13.547318560381338,0.49033362077039294
"[0.20020070988161828, 0.8658480304967702, -0.8661010220187139, 0.20020070988161828]",13.55086965579089,0.49347678500610054
"[0.20020116846526548, 0.8658476252407112, -0.8661011947936802, 0.20020116846526548]",13.554419358291591,0.4966199492418082
"[0.20020162807932, 0.8658472190741049, -0.8661013679568687, 0.20020162807932]",13.557967668149153,0.4997631134775159
"[0.20020208872220188, 0.8658468119983476, -0.8661015415076843, 0.20020208872220188]",13.561514577205244,0.5029062777132235
"[0.2002025503938966, 0.8658464040134525, -0.8661017154461214, 0.2002025503938966]",13.565060080980516,0.5060494419489312
"[0.2002030130957342, 0.8658459951182442, -0.8661018897726813, 0.2002030130957342]",13.568604178229672,0.5091926061846388
"[0.2002034768258088, 0.8658455853144075, -0.866102064486646, 0.2002034768258088]",13.572146860543732,0.5123357704203465
"[0.20020394158530316, 0.8658451746008973, -0.8661022395884611, 0.20020394158530316]",13.575688125876848,0.5154789346560541
"[0.20020440737352507, 0.8658447629783258, -0.8661024150778657, 0.20020440737352507]",13.579227970654479,0.5186220988917617
"[0.20020487419088098, 0.8658443504463337, -0.8661025909550134, 0.20020487419088098]",13.582766385461785,0.5217652631274694
"[0.2002053420369789, 0.8658439370052678, -0.8661027672197562, 0.2002053420369789]",13.586303373801119,0.524908427363177
"[0.20020581091162293, 0.8658435226553014, -0.8661029438720206, 0.20020581091162293]",13.589838929289822,0.5280515915988847
"[0.20020628081460817, 0.865843107396616, -0.8661031209117293, 0.20020628081460817]",13.593373043676053,0.5311947558345923
"[0.20020675174627225, 0.8658426912289133, -0.8661032983390096, 0.20020675174627225]",13.59690571859354,0.5343379200703
"[0.2002072237059411, 0.8658422741527892, -0.8661034761536078, 0.2002072237059411]",13.600436944859071,0.5374810843060076
"[0.20020769669344435, 0.865841856168395, -0.8661036543554593, 0.20020769669344435]",13.603966725291812,0.5406242485417153
"[0.2002081707091574, 0.8658414372753984, -0.8661038329447059, 0.2002081707091574]",13.607495049721631,0.5437674127774229
"[0.200208645752132, 0.8658410174746382, -0.8661040119209906, 0.200208645752132]",13.611021918932252,0.5469105770131306
"[0.20020912182219244, 0.8658405967662699, -0.8661041912842469, 0.20020912182219244]",13.614547322563393,0.5500537412488382
"[0.2002095989202562, 0.8658401751494826, -0.8661043710348206, 0.2002095989202562]",13.618071269377653,0.5531969054845458
"[0.20021007704456822, 0.8658397526258281, -0.8661045511720505, 0.20021007704456822]",13.621593745936835,0.5563400697202535
"[0.2002105561953552, 0.8658393291951058, -0.8661047316960225, 0.2002105561953552]",13.625114750156843,0.5594832339559611
"[0.20021103637339047, 0.8658389048566327, -0.8661049126070274, 0.20021103637339047]",13.628634280520082,0.5626263981916688
"[0.20021151757716832, 0.8658384796117397, -0.8661050939044982, 0.20021151757716832]",13.632152336340344,0.5657695624273764
"[0.20021199980650237, 0.8658380534605918, -0.866105275588365, 0.20021199980650237]",13.63566890944115,0.5689127266630841
"[0.20021248306187803, 0.8658376264027604, -0.8661054576588102, 0.20021248306187803]",13.639183999273655,0.5720558908987917
"[0.20021296734220403, 0.8658371984392096, -0.8661056401154233, 0.20021296734220403]",13.642697603849157,0.5751990551344994
"[0.20021345264798684, 0.8658367695694928, -0.8661058229583946, 0.20021345264798684]",13.646209717532832,0.578342219370207
"[0.20021393897843195, 0.8658363397943117, -0.8661060061874256, 0.20021393897843195]",13.649720339446175,0.5814853836059147
"[0.20021442633253902, 0.8658359091145513, -0.8661061898021386, 0.20021442633253902]",13.653229464732506,0.5846285478416223
"[0.20021491471120886, 0.8658354775294151, -0.8661063738028735, 0.20021491471120886]",13.656737092853987,0.5877717120773299
"[0.2002154041129609, 0.8658350450402122, -0.8661065581890726, 0.2002154041129609]",13.660243220426832,0.5909148763130376
"[0.20021589453795716, 0.8658346116467996, -0.8661067429607968, 0.20021589453795716]",13.663747844997674,0.5940580405487452
"[0.20021638598647984, 0.865834177348928, -0.8661069281181526, 0.20021638598647984]",13.667250962969154,0.5972012047844529
"[0.20000390976964788, 0.8660219485385642, -0.8660268767907523, 0.20000390976964788]",6.836690110081275,0.6003443690201605
"[0.2000039186654233, 0.8660219406769554, -0.8660268801422378, 0.2000039186654233]",6.840190104077946,0.6034875332558682
"[0.20000392757960683, 0.8660219327990785, -0.8660268835006584, 0.20000392757960683]",6.843688583834082,0.6066306974915759
"[0.20000393651219062, 0.8660219249049403, -0.8660268868660115, 0.20000393651219062]",6.847185544673817,0.6097738617272835
"[0.20000394546317538, 0.8660219169945405, -0.8660268902382969, 0.20000394546317538]",6.850680990075952,0.6129170259629911
"[0.20000395443255933, 0.8660219090678806, -0.8660268936175145, 0.20000395443255933]",6.85417491746099,0.6160601901986987
"[0.20000396342031737, 0.8660219011249826, -0.8660268970036542, 0.20000396342031737]",6.85766731978945,0.6192033544344064
"[0.20000397242645268, 0.8660218931658434, -0.8660269003967179, 0.20000397242645268]",6.861158201476095,0.622346518670114
"[0.20000398145094495, 0.8660218851904817, -0.8660269037966974, 0.20000398145094495]",6.8646475542630165,0.6254896829058217
"[0.2000039904938029, 0.8660218771988895, -0.8660269072035962, 0.2000039904938029]",6.8681353794224105,0.6286328471415293
"[0.20000399955499396, 0.8660218691910953, -0.8660269106174019, 0.20000399955499396]",6.871621674812589,0.631776011377237
"[0.20000400863452883, 0.8660218611670899, -0.8660269140381188, 0.20000400863452883]",6.875106440305361,0.6349191756129448
"[0.20000401773239004, 0.8660218531268885, -0.8660269174657402, 0.20000401773239004]",6.878589670883121,0.6380623398486523
"[0.20000402684858004, 0.8660218450704893, -0.8660269209002669, 0.20000402684858004]",6.882071372208615,0.6412055040843601
"[0.2000040359830673, 0.86602183699792, -0.8660269243416872, 0.2000040359830673]",6.885551531030812,0.6443486683200677
"[0.20000404513585976, 0.8660218289091735, -0.8660269277900038, 0.20000404513585976]",6.8890301530401175,0.6474918325557752
"[0.20000405430694243, 0.8660218208042629, -0.8660269312452114, 0.20000405430694243]",6.892507236828059,0.6506349967914828
"[0.20000406349629218, 0.8660218126832093, -0.866026934707301, 0.20000406349629218]",6.895982780423437,0.6537781610271906
"[0.20000407270392764, 0.8660218045459956, -0.8660269381762797, 0.20000407270392764]",6.899456783192294,0.6569213252628981
"[0.20000408192980484, 0.8660217963926605, -0.8660269416521312, 0.20000408192980484]",6.902929240181409,0.6600644894986059
"[0.2000040911739383, 0.866021788223192, -0.8660269451348606, 0.2000040911739383]",6.906400155773321,0.6632076537343136
"[0.20000410043630631, 0.8660217800376085, -0.8660269486244598, 0.20000410043630631]",6.909869523514925,0.6663508179700212
"[0.20000410971690397, 0.8660217718359148, -0.8660269521209273, 0.20000410971690397]",6.913337347361117,0.6694939822057289
"[0.20000411901570836, 0.866021763618131, -0.8660269556242539, 0.20000411901570836]",6.916803624309853,0.6726371464414365
"[0.20000412833271547, 0.8660217553842605, -0.8660269591344386, 0.20000412833271547]",6.920268352133102,0.6757803106771441
"[0.20000413766791827, 0.8660217471343098, -0.8660269626514785, 0.20000413766791827]",6.9237315310448695,0.6789234749128517
"[0.20000414702129105, 0.8660217388683014, -0.866026966175364, 0.20000414702129105]",6.927193160902225,0.6820666391485594
"[0.20000415639283747, 0.866021730586232, -0.8660269697060963, 0.20000415639283747]",6.930653239040393,0.685209803384267
"[0.20000416578254288, 0.8660217222881146, -0.8660269732436701, 0.20000416578254288]",6.934111768946774,0.6883529676199747
"[0.20000417519038105, 0.8660217139739728, -0.8660269767880752, 0.20000417519038105]",6.937568743717642,0.6914961318556824
"[0.20000418461636307, 0.8660217056437962, -0.8660269803393162, 0.20000418461636307]",6.9410241696062345,0.69463929609139
"[0.20000419406044978, 0.8660216972976198, -0.8660269838973781, 0.20000419406044978]",6.944478041307604,0.6977824603270977
"[0.20000420352265108, 0.8660216889354344, -0.8660269874622647, 0.20000420352265108]",6.947930361458715,0.7009256245628053
"[0.2000042130029377, 0.8660216805572665, -0.866026991033965, 0.2000042130029377]",6.951381127723814,0.704068788798513
"[0.20000422250131317, 0.8660216721631125, -0.8660269946124802, 0.20000422250131317]",6.954830341772093,0.7072119530342206
"[0.2000042320177565, 0.8660216637529913, -0.8660269981978026, 0.2000042320177565]",6.958278002751348,0.7103551172699282
"[0.20000424155225013, 0.8660216553269182, -0.8660270017899253, 0.20000424155225013]",6.961724108211796,0.7134982815056359
"[0.2000042511047806, 0.866021646884905, -0.8660270053888434, 0.2000042511047806]",6.965168660591006,0.7166414457413435
"[0.20000426067533808, 0.8660216384269606, -0.8660270089945533, 0.20000426067533808]",6.968611659828651,0.7197846099770512
"[0.20000427026390102, 0.8660216299531039, -0.8660270126070466, 0.20000427026390102]",6.972053104775365,0.7229277742127588
"[0.20000427987047295, 0.8660216214633317, -0.8660270162263249, 0.20000427987047295]",6.975492997241985,0.7260709384484665
"[0.2000042894950377, 0.8660216129576588, -0.8660270198523821, 0.2000042894950377]",6.978931338855704,0.7292141026841741
"[0.20000429913755902, 0.8660216044361168, -0.8660270234852042, 0.20000429913755902]",6.982368123396452,0.7323572669198818
"[0.20000430879803777, 0.8660215958987048, -0.866027027124792, 0.20000430879803777]",6.985803357596287,0.7355004311555894
"[0.20000431847646455, 0.8660215873454312, -0.8660270307711416, 0.20000431847646455]",6.9892370383785645,0.738643595391297
"[0.20000432817281708, 0.866021578776316, -0.8660270344242448, 0.20000432817281708]",6.992669168817924,0.7417867596270047
"[0.2000043378870832, 0.8660215701913698, -0.8660270380840969, 0.2000043378870832]",6.996099746498803,0.7449299238627123
"[0.20000434761924282, 0.8660215615906103, -0.8660270417506905, 0.20000434761924282]",6.999528774807946,0.74807308809842
"[0.20000435736929445, 0.8660215529740386, -0.8660270454240249, 0.20000435736929445]",7.002956252786024,0.7512162523341276
"[0.20000436713721031, 0.8660215443416797, -0.8660270491040893, 0.20000436713721031]",7.006382184540124,0.7543594165698353
"[0.2000043769229743, 0.8660215356935475, -0.8660270527908784, 0.2000043769229743]",7.009806563744656,0.7575025808055429
"[0.20000438672658705, 0.8660215270296415, -0.8660270564843919, 0.20000438672658705]",7.013229395953913,0.7606457450412506
"[0.20000439654802063, 0.8660215183499864, -0.8660270601846195, 0.20000439654802063]",7.016650682220797,0.7637889092769582
"[0.2000044063872479, 0.8660215096546062, -0.8660270638915507, 0.2000044063872479]",7.020070419708757,0.7669320735126659
"[0.20000441624428056, 0.866021500943491, -0.8660270676051901, 0.20000441624428056]",7.023488616576227,0.7700752377483735
"[0.20000442611908398, 0.8660214922166705, -0.8660270713255248, 0.20000442611908398]",7.026905269925862,0.7732184019840811
"[0.20000443601164591, 0.8660214834741561, -0.86602707505255, 0.20000443601164591]",7.030320377436946,0.7763615662197888
"[0.20000444592195424, 0.8660214747159584, -0.8660270787862612, 0.20000444592195424]",7.033733942792566,0.7795047304554964
"[0.20000445584999904, 0.8660214659420863, -0.8660270825266544, 0.20000445584999904]",7.037145973167605,0.7826478946912041
"[0.20000446579574194, 0.8660214571525733, -0.8660270862737156, 0.20000446579574194]",7.040556460457013,0.7857910589269118
"[0.20000447575919594, 0.8660214483474086, -0.8660270900274493, 0.20000447575919594]",7.0439654117935095,0.7889342231626194
"[0.20000448574031, 0.8660214395266367, -0.8660270937878364, 0.20000448574031]",7.047372826190271,0.792077387398327
"[0.20000449573910845, 0.8660214306902363, -0.8660270975548864, 0.20000449573910845]",7.050778705500943,0.7952205516340346
"[0.2000045057555383, 0.8660214218382543, -0.8660271013285789, 0.2000045057555383]",7.0541830530544205,0.7983637158697423
"[0.2000045157895968, 0.8660214129706929, -0.8660271051089129, 0.2000045157895968]",7.057585867413448,0.80150688010545
"[0.20000452584127643, 0.8660214040875591, -0.8660271088958857, 0.20000452584127643]",7.060987151762793,0.8046500443411576
"[0.20000453591056164, 0.8660213951888663, -0.8660271126894914, 0.20000453591056164]",7.064386909861067,0.8077932085768653
"[0.20000454599740444, 0.8660213862746571, -0.866027116489712, 0.20000454599740444]",7.067785143675117,0.8109363728125729
"[0.20000455610182688, 0.866021377344912, -0.8660271202965557, 0.20000455610182688]",7.071181846676063,0.8140795370482805
"[0.2000045662237816, 0.866021368399673, -0.8660271241100047, 0.2000045662237816]",7.074577032770918,0.8172227012839881
"[0.20000457636327734, 0.8660213594389321, -0.8660271279300621, 0.20000457636327734]",7.077970695702875,0.8203658655196959
"[0.2000045865202641, 0.8660213504627335, -0.8660271317567095, 0.2000045865202641]",7.081362841736272,0.8235090297554035
"[0.20000459669475956, 0.8660213414710617, -0.8660271355899534, 0.20000459669475956]",7.084753469223995,0.8266521939911111
"[0.20000460688673308, 0.8660213324639437, -0.8660271394297819, 0.20000460688673308]",7.088142584077911,0.8297953582268188
"[0.20000461709615913, 0.8660213234414024, -0.8660271432761858, 0.20000461709615913]",7.091530183624571,0.8329385224625264
"[0.20000462732302213, 0.866021314403451, -0.8660271471291588, 0.20000462732302213]",7.09491627355039,0.836081686698234
"[0.20000463756730819, 0.8660213053501019, -0.8660271509886963, 0.20000463756730819]",7.0983008575414335,0.8392248509339416
"[0.20000464782900967, 0.8660212962813625, -0.866027154854795, 0.20000464782900967]",7.101683937102652,0.8423680151696494
"[0.20000465810808563, 0.8660212871972681, -0.8660271587274395, 0.20000465810808563]",7.1050655117900865,0.845511179405357
"[0.2000046684045437, 0.8660212780978124, -0.8660271626066327, 0.2000046684045437]",7.108445584996439,0.8486543436410646
"[0.20000467871835145, 0.8660212689830242, -0.8660271664923623, 0.20000467871835145]",7.111824161787576,0.8517975078767724
"[0.20000468904948907, 0.8660212598529204, -0.8660271703846212, 0.20000468904948907]",7.115201237551211,0.85494067211248
"[0.20000469939793497, 0.8660212507075209, -0.8660271742834007, 0.20000469939793497]",7.1185768281242785,0.8580838363481876
"[0.20000470976369047, 0.866021241546824, -0.8660271781887019, 0.20000470976369047]",7.121950924704868,0.8612270005838952
"[0.200004720146716, 0.8660212323708648, -0.8660271821005094, 0.200004720146716]",7.1253235342978565,0.8643701648196029
"[0.20000473054701215, 0.8660212231796428, -0.8660271860188237, 0.20000473054701215]",7.128694657852359,0.8675133290553105
"[0.2000047409645518, 0.8660212139731818, -0.8660271899436345, 0.2000047409645518]",7.132064300828341,0.8706564932910181
"[0.20000475139930535, 0.8660212047515082, -0.8660271938749305, 0.20000475139930535]",7.1354324641323315,0.8737996575267257
"[0.2000047618512716, 0.866021195514623, -0.8660271978127115, 0.2000047618512716]",7.138799151114066,0.8769428217624335
"[0.20000477232041847, 0.8660211862625545, -0.8660272017569652, 0.20000477232041847]",7.142164362182959,0.8800859859981411
"[0.20000478280674258, 0.8660211769953057, -0.8660272057076907, 0.20000478280674258]",7.145528109138166,0.8832291502338487
"[0.20000479331021948, 0.866021167712898, -0.8660272096648783, 0.20000479331021948]",7.148890385413014,0.8863723144695566
"[0.20000480383082106, 0.8660211584153569, -0.8660272136285178, 0.20000480383082106]",7.152251197239144,0.8895154787052642
"[0.20000481436853654, 0.8660211491026911, -0.8660272175986048, 0.20000481436853654]",7.155610547252347,0.8926586429409717
"[0.20000482492335167, 0.8660211397749137, -0.8660272215751341, 0.20000482492335167]",7.158968442176678,0.8958018071766793
"[0.2000048354952329, 0.8660211304320542, -0.8660272255580933, 0.2000048354952329]",7.1623248805836806,0.898944971412387
"[0.20000484608417893, 0.8660211210741137, -0.8660272295474813, 0.20000484608417893]",7.165679866840415,0.9020881356480946
"[0.20000485669016765, 0.866021111701112, -0.8660272335432904, 0.20000485669016765]",7.169033410846623,0.9052312998838022
"[0.2000048673131618, 0.8660211023130815, -0.8660272375455064, 0.2000048673131618]",7.172385504832337,0.9083744641195101
"[0.20000487795317368, 0.8660210929100118, -0.8660272415541335, 0.20000487795317368]",7.175736162266432,0.9115176283552177
"[0.20000488861015095, 0.8660210834919492, -0.8660272455691524, 0.20000488861015095]",7.179085380488694,0.9146607925909253
"[0.20000489928411505, 0.8660210740588744, -0.8660272495905714, 0.20000489928411505]",7.182433166218077,0.9178039568266328
"[0.20000490997500342, 0.8660210646108429, -0.8660272536183664, 0.20000490997500342]",7.1857795225897965,0.9209471210623407
"[0.20000492068282408, 0.8660210551478478, -0.8660272576525406, 0.20000492068282408]",7.189124451669038,0.9240902852980483
"[0.2000049314075512, 0.8660210456699113, -0.8660272616930844, 0.2000049314075512]",7.192467959400249,0.9272334495337559
"[0.20000494214915732, 0.8660210361770582, -0.8660272657399875, 0.20000494214915732]",7.195810046453054,0.9303766137694635
"[0.20000495290765224, 0.8660210266692799, -0.8660272697932533, 0.20000495290765224]",7.199150720526426,0.9335197780051712
"[0.2000049636829618, 0.8660210171466416, -0.866027273852854, 0.2000049636829618]",7.202489980747718,0.9366629422408788
"[0.20000497447513385, 0.8660210076091013, -0.8660272779188077, 0.20000497447513385]",7.2058278353320775,0.9398061064765864
"[0.20000498528410882, 0.8660209980567112, -0.866027281991092, 0.20000498528410882]",7.209164289624971,0.9429492707122942
"[0.20000499610988196, 0.8660209884894762, -0.8660272860697049, 0.20000499610988196]",7.21249934385229,0.9460924349480018
"[0.20000500695242465, 0.8660209789074207, -0.8660272901546356, 0.20000500695242465]",7.215833000483292,0.9492355991837094
"[0.2000050178117178, 0.8660209693105624, -0.8660272942458773, 0.2000050178117178]",7.219165268774928,0.952378763419417
"[0.20000502868774572, 0.8660209596989149, -0.8660272983434238, 0.20000502868774572]",7.222496146580679,0.9555219276551247
"[0.20000503958049215, 0.8660209500724922, -0.866027302447269, 0.20000503958049215]",7.225825643971405,0.9586650918908323
"[0.2000050504899496, 0.8660209404313015, -0.86602730655741, 0.2000050504899496]",7.229153763987675,0.9618082561265399
"[0.20000506141607038, 0.8660209307753846, -0.866027310673829, 0.20000506141607038]",7.232480508388542,0.9649514203622477
"[0.20000507235885492, 0.8660209211047412, -0.8660273147965261, 0.20000507235885492]",7.235805886049515,0.9680945845979553
"[0.20000508331828634, 0.8660209114193862, -0.8660273189254949, 0.20000508331828634]",7.239129895622464,0.9712377488336629
"[0.200005094294336, 0.8660209017193449, -0.8660273230607245, 0.200005094294336]",7.242452544233046,0.9743809130693705
"[0.20000510528698473, 0.8660208920046342, -0.8660273272022079, 0.20000510528698473]",7.2457738369852756,0.9775240773050783
"[0.2000051162962233, 0.8660208822752623, -0.8660273313499415, 0.2000051162962233]",7.249093778464619,0.9806672415407859
"[0.20000512732203088, 0.8660208725312477, -0.8660273355039174, 0.20000512732203088]",7.2524123699199325,0.9838104057764935
"[0.2000051383643835, 0.8660208627726115, -0.8660273396641268, 0.2000051383643835]",7.255729624772789,0.9869535700122011
"[0.20000514942326666, 0.8660208529993665, -0.8660273438305642, 0.20000514942326666]",7.259045537400079,0.9900967342479088
"[0.2000051604986526, 0.8660208432115372, -0.8660273480032189, 0.2000051604986526]",7.2623601161338005,0.9932398984836164
"[0.20000517159052494, 0.8660208334091383, -0.8660273521820848, 0.20000517159052494]",7.265673365805346,0.996383062719324
"[0.2000051826988825, 0.8660208235921706, -0.8660273563671614, 0.2000051826988825]",7.268985295609342,0.9995262269550318
"[0.20000519382368762, 0.8660208137606673, -0.8660273605584349, 0.20000519382368762]",7.272295900202652,1.0026693911907394
"[0.20000520496492605, 0.8660208039146412, -0.8660273647558995, 0.20000520496492605]",7.275605196262872,1.005812555426447
"[0.20000521612258645, 0.8660207940541024, -0.8660273689595512, 0.20000521612258645]",7.278913179201975,1.0089557196621546
"[0.200005227296645, 0.8660207841790718, -0.8660273731693808, 0.200005227296645]",7.282219860437113,1.0120988838978624
"[0.20000523848708118, 0.8660207742895674, -0.8660273773853808, 0.20000523848708118]",7.285525240472769,1.01524204813357
"[0.2000052496938721, 0.8660207643856096, -0.8660273816075423, 0.2000052496938721]",7.288829325267167,1.0183852123692776
"[0.20000526091700363, 0.866020754467211, -0.8660273858358605, 0.20000526091700363]",7.292132123354024,1.0215283766049854
"[0.20000527215647362, 0.8660207445343734, -0.8660273900703338, 0.20000527215647362]",7.295433637106777,1.024671540840693
"[0.20000528341223736, 0.866020734587136, -0.866027394310946, 0.20000528341223736]",7.298733869949781,1.0278147050764006
"[0.2000052946842898, 0.8660207246255038, -0.866027398557695, 0.2000052946842898]",7.3020328306653814,1.0309578693121082
"[0.20000530597262367, 0.866020714649483, -0.8660274028105778, 0.20000530597262367]",7.305330520974468,1.0341010335478158
"[0.20000531727720058, 0.8660207046591075, -0.8660274070695803, 0.20000531727720058]",7.308626948399439,1.0372441977835234
"[0.20000532859801695, 0.8660206946543804, -0.8660274113347011, 0.20000532859801695]",7.3119221171232525,1.040387362019231
"[0.20000533993503916, 0.8660206846353314, -0.8660274156059274, 0.20000533993503916]",7.315216034211831,1.0435305262549388
"[0.2000053512882716, 0.8660206746019568, -0.8660274198832609, 0.2000053512882716]",7.31850870596735,1.0466736904906464
"[0.20000536265766744, 0.8660206645542978, -0.866027424166684, 0.20000536265766744]",7.3218001305144735,1.049816854726354
"[0.20000537404324017, 0.8660206544923426, -0.8660274284562018, 0.20000537404324017]",7.325090323738933,1.0529600189620616
"[0.20000538544495833, 0.866020644416119, -0.8660274327518023, 0.20000538544495833]",7.328379282471715,1.0561031831977694
"[0.20000539686279653, 0.8660206343256494, -0.8660274370534761, 0.20000539686279653]",7.331667017893837,1.059246347433477
"[0.2000054082967454, 0.8660206242209421, -0.8660274413612195, 0.2000054082967454]",7.334953531898045,1.0623895116691846
"[0.20000541974680033, 0.866020614102001, -0.866027445675031, 0.20000541974680033]",7.338238833726172,1.0655326759048922
"[0.2000054312129131, 0.8660206039688689, -0.8660274499948922, 0.2000054312129131]",7.34152292307467,1.0686758401406
"[0.20000544269508688, 0.8660205938215432, -0.8660274543208045, 0.20000544269508688]",7.3448058114242585,1.0718190043763076
"[0.20000545419331206, 0.866020583660032, -0.8660274586527642, 0.20000545419331206]",7.348087505469643,1.0749621686120152
"[0.2000054657075485, 0.8660205734843708, -0.866027462990756, 0.2000054657075485]",7.351368003394675,1.078105332847723
"[0.20000547723779774, 0.8660205632945586, -0.8660274673347806, 0.20000547723779774]",7.354647318514458,1.0812484970834306
"[0.20000548878403598, 0.8660205530906161, -0.8660274716848293, 0.20000548878403598]",7.357925450659567,1.0843916613191382
"[0.20000550034623368, 0.8660205428725694, -0.8660274760408906, 0.20000550034623368]",7.361202411460472,1.0875348255548458
"[0.2000055119244199, 0.8660205326403931, -0.8660274804029756, 0.2000055119244199]",7.36447820206847,1.0906779897905536
"[0.20000552351851825, 0.8660205223941545, -0.8660274847710554, 0.20000552351851825]",7.367752830547154,1.0938211540262612
"[0.20000553512855457, 0.8660205121338309, -0.8660274891451399, 0.20000553512855457]",7.371026304451744,1.0969643182619688
"[0.20000554675449284, 0.8660205018594539, -0.8660274935252156, 0.20000554675449284]",7.374298625612913,1.1001074824976764
"[0.20000555839633155, 0.866020491571025, -0.8660274979112818, 0.20000555839633155]",7.377569804533601,1.103250646733384
"[0.20000557005403632, 0.8660204812685744, -0.8660275023033254, 0.20000557005403632]",7.380839845674531,1.1063938109690916
"[0.20000558172760086, 0.8660204709521082, -0.8660275067013442, 0.20000558172760086]",7.384108751024789,1.1095369752047992
"[0.2000055934170126, 0.866020460621637, -0.8660275111053335, 0.2000055934170126]",7.387376532352913,1.112680139440507
"[0.20000560512224583, 0.8660204502771834, -0.8660275155152837, 0.20000560512224583]",7.390643194486981,1.1158233036762146
"[0.20000561684330773, 0.8660204399187414, -0.866027519931197, 0.20000561684330773]",7.393908745883136,1.1189664679119222
"[0.20000562858014537, 0.8660204295463578, -0.866027524353054, 0.20000562858014537]",7.397173183601689,1.1221096321476298
"[0.20000564033278484, 0.8660204191600094, -0.8660275287808642, 0.20000564033278484]",7.400436524974009,1.1252527963833376
"[0.20000565210116553, 0.8660204087597497, -0.8660275332146052, 0.20000565210116553]",7.403698767906422,1.1283959606190452
"[0.20000566388530563, 0.8660203983455628, -0.8660275376542834, 0.20000566388530563]",7.406959920060046,1.1315391248547528
"[0.2000056756851947, 0.8660203879174577, -0.8660275420998952, 0.2000056756851947]",7.410219995706051,1.1346822890904606
"[0.20000568750080053, 0.8660203774754629, -0.8660275465514281, 0.20000568750080053]",7.413478994626059,1.1378254533261682
"[0.2000056993321181, 0.8660203670195833, -0.8660275510088805, 0.2000056993321181]",7.416736920695621,1.1409686175618758
"[0.20000571117911983, 0.8660203565498427, -0.8660275554722421, 0.20000571117911983]",7.419993784730213,1.1441117817975834
"[0.200005723041795, 0.8660203460662509, -0.8660275599415084, 0.200005723041795]",7.42324959142873,1.1472549460332913
"[0.2000057349201419, 0.8660203355688091, -0.8660275644166789, 0.2000057349201419]",7.426504351304069,1.1503981102689989
"[0.2000057468141506, 0.8660203250575264, -0.8660275688977503, 0.2000057468141506]",7.429758067057634,1.1535412745047064
"[0.20000575872377335, 0.8660203145324449, -0.8660275733847042, 0.20000575872377335]",7.433010742752311,1.156684438740414
"[0.20000577064903516, 0.8660203039935424, -0.8660275778775501, 0.20000577064903516]",7.43626239006124,1.1598276029761219
"[0.2000057825898929, 0.8660202934408571, -0.866027582376272, 0.2000057825898929]",7.4395130140674395,1.1629707672118295
"[0.20000579454635073, 0.8660202828743851, -0.866027586880871, 0.20000579454635073]",7.442762616416874,1.166113931447537
"[0.20000580651839647, 0.8660202722941378, -0.8660275913913427, 0.20000580651839647]",7.446011214030948,1.1692570956832447
"[0.20000581850600516, 0.8660202617001366, -0.8660275959076777, 0.20000581850600516]",7.449258803729604,1.1724002599189522
"[0.20000583050917872, 0.8660202510923799, -0.8660276004298771, 0.20000583050917872]",7.452505398381166,1.1755434241546598
"[0.20000584252788578, 0.8660202404708958, -0.8660276049579286, 0.20000584252788578]",7.455751001225801,1.1786865883903674
"[0.20000585456212808, 0.8660202298356825, -0.866027609491833, 0.20000585456212808]",7.45899562145328,1.1818297526260753
"[0.20000586661188285, 0.8660202191867599, -0.8660276140315818, 0.20000586661188285]",7.462239262955552,1.1849729168617829
"[0.20000587867716293, 0.8660202085241171, -0.8660276185771798, 0.20000587867716293]",7.465481937886431,1.1881160810974905
"[0.20000589075791525, 0.8660201978478007, -0.8660276231286067, 0.20000589075791525]",7.4687236471880585,1.1912592453331983
"[0.2000059028541671, 0.8660201871577867, -0.8660276276858734, 0.2000059028541671]",7.471964400327892,1.1944024095689059
"[0.20000591496588238, 0.866020176454107, -0.8660276322489657, 0.20000591496588238]",7.475204205958016,1.1975455738046135
"[0.20000592709305526, 0.8660201657367667, -0.8660276368178818, 0.20000592709305526]",7.478443069502225,1.200688738040321
"[0.20000593923568094, 0.86602015500577, -0.8660276413926197, 0.20000593923568094]",7.481680995272809,1.2038319022760289
"[0.2000059513937431, 0.8660201442611316, -0.8660276459731734, 0.2000059513937431]",7.484917993203213,1.2069750665117365
"[0.20000596356723177, 0.86602013350286, -0.866027650559539, 0.20000596356723177]",7.488154071472026,1.210118230747444
"[0.20000597575613502, 0.8660201227309658, -0.8660276551517119, 0.20000597575613502]",7.491389232693514,1.2132613949831519
"[0.20000598796045677, 0.8660201119454458, -0.866027659749694, 0.20000598796045677]",7.49462348820162,1.2164045592188595
"[0.20000600018016335, 0.8660201011463293, -0.8660276643534721, 0.20000600018016335]",7.497856843849478,1.219547723454567
"[0.20000601241526028, 0.8660200903336118, -0.8660276689630486, 0.20000601241526028]",7.501089305701822,1.2226908876902747
"[0.20000602466572084, 0.8660200795073166, -0.8660276735784134, 0.20000602466572084]",7.5043208814997735,1.2258340519259823
"[0.20000603693155594, 0.8660200686674345, -0.8660276781995706, 0.20000603693155594]",7.507551580653609,1.2289772161616899
"[0.2000060492127474, 0.8660200578139812, -0.8660276828265132, 0.2000060492127474]",7.510781405180329,1.2321203803973975
"[0.2000060615092877, 0.8660200469469636, -0.8660276874592385, 0.2000060615092877]",7.514010367640194,1.2352635446331053
"[0.20000607382116767, 0.8660200360663894, -0.8660276920977431, 0.20000607382116767]",7.517238470722352,1.2384067088688129
"[0.20000608614838178, 0.8660200251722638, -0.8660276967420248, 0.20000608614838178]",7.520465727094605,1.2415498731045205
"[0.200006098490913, 0.8660200142646018, -0.8660277013920774, 0.200006098490913]",7.523692138150564,1.244693037340228
"[0.20000611084875036, 0.8660200033434132, -0.8660277060478964, 0.20000611084875036]",7.5269177148456805,1.2478362015759359
"[0.2000061232218978, 0.8660199924086943, -0.8660277107094836, 0.2000061232218978]",7.530142465213605,1.2509793658116435
"[0.20000613561034364, 0.8660199814604557, -0.8660277153768343, 0.20000613561034364]",7.5333663929159025,1.254122530047351
"[0.20000614801408456, 0.8660199704986998, -0.8660277200499478, 0.20000614801408456]",7.536589505771753,1.2572656942830587
"[0.20000616043310393, 0.8660199595234419, -0.8660277247288171, 0.20000616043310393]",7.539811815105557,1.2604088585187665
"[0.20000617286740058, 0.8660199485346828, -0.8660277294134422, 0.20000617286740058]",7.543033325393396,1.263552022754474
"[0.20000618531696635, 0.8660199375324297, -0.86602773410382, 0.20000618531696635]",7.546254043327014,1.2666951869901817
"[0.2000061977817898, 0.8660199265166926, -0.8660277387999462, 0.2000061977817898]",7.549473977420823,1.2698383512258895
"[0.20000621026186682, 0.8660199154874754, -0.8660277435018192, 0.20000621026186682]",7.552693136571298,1.272981515461597
"[0.20000622275720178, 0.866019904444774, -0.8660277482094405, 0.20000622275720178]",7.555911529008468,1.2761246796973047
"[0.2000062352677779, 0.8660198933886033, -0.866027752922804, 0.2000062352677779]",7.559129158776945,1.2792678439330123
"[0.200006247793592, 0.8660198823189661, -0.8660277576419084, 0.200006247793592]",7.562346034646058,1.2824110081687201
"[0.20000626033464264, 0.8660198712358638, -0.8660277623667533, 0.20000626033464264]",7.565562163418805,1.2855541724044277
"[0.20000627289092654, 0.8660198601392991, -0.8660277670973371, 0.20000627289092654]",7.568777554993975,1.2886973366401353
"[0.2000062854624216, 0.8660198490292916, -0.8660277718336519, 0.2000062854624216]",7.57199221473344,1.291840500875843
"[0.20000629804913536, 0.8660198379058349, -0.8660277765757003, 0.20000629804913536]",7.575206149203135,1.2949836651115505
"[0.20000631065107985, 0.8660198267689179, -0.8660277813234869, 0.20000631065107985]",7.5784193711720995,1.298126829347258
"[0.20000632326821344, 0.8660198156185777, -0.866027786076996, 0.20000632326821344]",7.581631882848118,1.3012699935829657
"[0.20000633590057953, 0.8660198044547759, -0.8660277908362439, 0.20000633590057953]",7.584843696222368,1.3044131578186735
"[0.20000634854812985, 0.8660197932775551, -0.8660277956012126, 0.20000634854812985]",7.588054815709041,1.307556322054381
"[0.20000636121089402, 0.8660197820868891, -0.8660278003719131, 0.20000636121089402]",7.591265251164006,1.3106994862900887
"[0.20000637388884676, 0.8660197708828004, -0.8660278051483359, 0.20000637388884676]",7.594475006094803,1.3138426505257963
"[0.20000638658199513, 0.8660197596652824, -0.8660278099304834, 0.20000638658199513]",7.597684095576261,1.3169858147615041
"[0.2000063992903309, 0.8660197484343428, -0.8660278147183531, 0.2000063992903309]",7.600892517521287,1.3201289789972117
"[0.20000641201388364, 0.8660197371899554, -0.8660278195119556, 0.20000641201388364]",7.604100291624308,1.3232721432329193
"[0.20000642475260455, 0.8660197259321631, -0.8660278243112729, 0.20000642475260455]",7.607307417902911,1.3264153074686271
"[0.2000064375065192, 0.8660197146609434, -0.8660278291163144, 0.2000064375065192]",7.610513903551341,1.3295584717043347
"[0.2000064502756289, 0.8660197033762953, -0.8660278339270805, 0.2000064502756289]",7.613719759842267,1.3327016359400423
"[0.20000646305991454, 0.8660196920782353, -0.8660278387435644, 0.20000646305991454]",7.616924991657336,1.33584480017575
"[0.20000647585939335, 0.8660196807667486, -0.8660278435657721, 0.20000647585939335]",7.620129612364812,1.3389879644114577
"[0.2000064886740501, 0.8660196694418484, -0.8660278483936982, 0.2000064886740501]",7.623333622682242,1.3421311286471653
"[0.20000650150389296, 0.8660196581035278, -0.8660278532273457, 0.20000650150389296]",7.626537029579975,1.345274292882873
"[0.2000065143489335, 0.8660196467517761, -0.8660278580667188, 0.2000065143489335]",7.629739851730532,1.3484174571185805
"[0.2000065272091621, 0.8660196353866023, -0.8660278629118142, 0.2000065272091621]",7.632942091003627,1.3515606213542881
"[0.2000065400845572, 0.8660196240080247, -0.8660278677626236, 0.2000065400845572]",7.636143748193432,1.3547037855899957
"[0.2000065529751673, 0.8660196126160014, -0.8660278726191651, 0.2000065529751673]",7.6393448423839185,1.3578469498257033
"[0.2000065658809542, 0.8660196012105654, -0.8660278774814246, 0.2000065658809542]",7.642545375115556,1.3609901140614111
"[0.20000657880194794, 0.8660195897916907, -0.8660278823494133, 0.20000657880194794]",7.645745356360186,1.3641332782971187
"[0.20000659173813107, 0.8660195783593924, -0.8660278872231244, 0.20000659173813107]",7.6489447947435485,1.3672764425328263
"[0.2000066046895092, 0.8660195669136656, -0.8660278921025605, 0.2000066046895092]",7.652143694394814,1.370419606768534
"[0.20000661765608968, 0.8660195554545037, -0.8660278969877239, 0.20000661765608968]",7.655342069530827,1.3735627710042417
"[0.20000663063789215, 0.8660195439818895, -0.8660279018786223, 0.20000663063789215]",7.658539925996171,1.3767059352399493
"[0.20000664363489026, 0.8660195324958464, -0.8660279067752455, 0.20000664363489026]",7.6617372680695945,1.379849099475657
"[0.2000066566471084, 0.8660195209963526, -0.8660279116776032, 0.2000066566471084]",7.664934105993927,1.3829922637113647
"[0.20000666967454656, 0.8660195094834081, -0.8660279165856948, 0.20000666967454656]",7.668130447770998,1.3861354279470723
"[0.20000668271718566, 0.8660194979570299, -0.8660279214995134, 0.20000668271718566]",7.671326301464388,1.38927859218278
"[0.2000066957750727, 0.8660194864171765, -0.8660279264190766, 0.2000066957750727]",7.674521676654328,1.3924217564184875
"[0.20000670884820793, 0.8660194748638477, -0.8660279313443846, 0.20000670884820793]",7.677716582836119,1.3955649206541954
"[0.20000672193654828, 0.8660194632970812, -0.8660279362754213, 0.20000672193654828]",7.6809110212772,1.398708084889903
"[0.2000067350401438, 0.8660194517168331, -0.8660279412122054, 0.2000067350401438]",7.684105006581036,1.4018512491256105
"[0.20000674815900732, 0.8660194401230923, -0.8660279461547414, 0.20000674815900732]",7.687298546398854,1.4049944133613184
"[0.2000067612931162, 0.8660194285158781, -0.8660279511030214, 0.2000067612931162]",7.690491644250888,1.408137577597026
"[0.20000677444250406, 0.8660194168951615, -0.8660279560570575, 0.20000677444250406]",7.693684312114476,1.4112807418327336
"[0.20000678760717328, 0.8660194052609399, -0.8660279610168512, 0.20000678760717328]",7.696876559631535,1.4144239060684412
"[0.20000680078710717, 0.8660193936132282, -0.866027965982396, 0.20000680078710717]",7.700068388959418,1.4175670703041487
"[0.20000681398233175, 0.8660193819520038, -0.8660279709537011, 0.20000681398233175]",7.703259812451591,1.4207102345398563
"[0.2000068271928506, 0.8660193702772628, -0.8660279759307685, 0.2000068271928506]",7.706450839174536,1.423853398775564
"[0.20000684041870084, 0.8660193585889729, -0.8660279809136122, 0.20000684041870084]",7.709641477353399,1.4269965630112718
"[0.2000068536598532, 0.8660193468871599, -0.8660279859022207, 0.2000068536598532]",7.712831731424539,1.4301397272469794
"[0.20000686691634278, 0.8660193351717926, -0.8660279908966078, 0.20000686691634278]",7.716021612133312,1.433282891482687
"[0.2000068801881804, 0.8660193234428617, -0.866027995896777, 0.2000068801881804]",7.7192111292670065,1.4364260557183945
"[0.20000689347534645, 0.8660193117003845, -0.8660280009027214, 0.20000689347534645]",7.72240028588631,1.4395692199541024
"[0.20000690677788763, 0.8660192999443193, -0.8660280059144583, 0.20000690677788763]",7.725589095052907,1.44271238418981
"[0.20000692009578216, 0.8660192881746859, -0.8660280109319796, 0.20000692009578216]",7.728777564480646,1.4458555484255176
"[0.20000693342909107, 0.86601927639143, -0.8660280159553083, 0.20000693342909107]",7.731965699173182,1.4489987126612252
"[0.20000694677778474, 0.8660192645945781, -0.8660280209844331, 0.20000694677778474]",7.735153512617378,1.452141876896933
"[0.20000696014187966, 0.8660192527841152, -0.8660280260193606, 0.20000696014187966]",7.738341008903947,1.4552850411326406
"[0.2000069735213952, 0.8660192409600246, -0.8660280310600975, 0.2000069735213952]",7.741528196051044,1.4584282053683482
"[0.2000069869163568, 0.8660192291222836, -0.8660280361066538, 0.2000069869163568]",7.744715085577965,1.461571369604056
"[0.20000700032677396, 0.866019217270884, -0.8660280411590332, 0.20000700032677396]",7.747901682310436,1.4647145338397636
"[0.20000701375264765, 0.8660192054058244, -0.8660280462172357, 0.20000701375264765]",7.7510879980321175,1.4678576980754712
"[0.20000702719400784, 0.8660191935270791, -0.8660280512812728, 0.20000702719400784]",7.754274040420266,1.4710008623111788
"[0.20000704065085612, 0.8660191816346461, -0.8660280563511451, 0.20000704065085612]",7.757459814890437,1.4741440265468864
"[0.20000705412322656, 0.8660191697284955, -0.8660280614268654, 0.20000705412322656]",7.760645333738443,1.477287190782594
"[0.2000070676111151, 0.8660191578086308, -0.8660280665084321, 0.2000070676111151]",7.763830600772416,1.4804303550183016
"[0.20000708111453264, 0.8660191458750425, -0.8660280715958493, 0.20000708111453264]",7.767015626582003,1.4835735192540094
"[0.2000070946335274, 0.866019133927688, -0.8660280766891353, 0.2000070946335274]",7.770200418395782,1.486716683489717
"[0.2000071081680875, 0.8660191219665777, -0.8660280817882855, 0.2000071081680875]",7.773384989073296,1.4898598477254246
"[0.20000712171825927, 0.8660191099916706, -0.8660280868933175, 0.20000712171825927]",7.7765693428990526,1.4930030119611322
"[0.2000071352840305, 0.8660190980029776, -0.8660280920042264, 0.2000071352840305]",7.7797534857947,1.49614617619684
"[0.20000714886543158, 0.866019086000472, -0.8660280971210241, 0.20000714886543158]",7.782937430486053,1.4992893404325476
"[0.2000071624625021, 0.8660190739841185, -0.8660281022437253, 0.2000071624625021]",7.7861211837348545,1.5024325046682552
"[0.20000717607523197, 0.8660190619539262, -0.8660281073723258, 0.20000717607523197]",7.789304757856352,1.5055756689039628
"[0.20000718970366677, 0.8660190499098546, -0.8660281125068436, 0.20000718970366677]",7.7924881548981695,1.5087188331396706
"[0.2000072033477994, 0.8660190378519103, -0.8660281176472753, 0.2000072033477994]",7.795671387462437,1.5118619973753782
"[0.200007217007673, 0.866019025780055, -0.8660281227936374, 0.200007217007673]",7.798854462268824,1.5150051616110858
"[0.20000723068328788, 0.8660190136942885, -0.8660281279459303, 0.20000723068328788]",7.80203738651174,1.5181483258467936
"[0.20000724437469086, 0.8660190015945691, -0.8660281331041711, 0.20000724437469086]",7.805220171820906,1.5212914900825012
"[0.20000725808188094, 0.8660189894808983, -0.8660281382683598, 0.20000725808188094]",7.808402822078167,1.5244346543182088
"[0.2000072718048866, 0.8660189773532502, -0.8660281434385072, 0.2000072718048866]",7.81158534827839,1.5275778185539164
"[0.20000728554376146, 0.8660189652115783, -0.8660281486146331, 0.20000728554376146]",7.814767760316527,1.5307209827896242
"[0.20000729929849542, 0.8660189530558904, -0.866028153796734, 0.20000729929849542]",7.8179500636562,1.5338641470253318
"[0.20000731306912042, 0.8660189408861594, -0.8660281589848219, 0.20000731306912042]",7.821132270855309,1.5370073112610394
"[0.2000073268556532, 0.8660189287023697, -0.8660281641789029, 0.2000073268556532]",7.824314385698155,1.540150475496747
"[0.20000734065814638, 0.8660189165044752, -0.8660281693789973, 0.20000734065814638]",7.8274964184684865,1.5432936397324546
"[0.20000735447661439, 0.866018904292463, -0.86602817458511, 0.20000735447661439]",7.83067838299134,1.5464368039681622
"[0.20000736831104496, 0.8660188920663441, -0.8660281797972367, 0.20000736831104496]",7.83386027453793,1.5495799682038698
"[0.2000073821615164, 0.8660188798260491, -0.8660281850154067, 0.2000073821615164]",7.837042113851824,1.5527231324395776
"[0.20000739602804044, 0.8660188675715679, -0.8660281902396246, 0.20000739602804044]",7.840223903852552,1.5558662966752852
"[0.20000740991063168, 0.8660188553028871, -0.8660281954698958, 0.20000740991063168]",7.84340565157639,1.5590094609109928
"[0.20000742380932873, 0.8660188430199731, -0.8660282007062351, 0.20000742380932873]",7.846587367612484,1.5621526251467004
"[0.2000074377241636, 0.8660188307227973, -0.8660282059486543, 0.2000074377241636]",7.849769064367539,1.5652957893824082
"[0.20000745165515527, 0.8660188184113432, -0.8660282111971601, 0.20000745165515527]",7.8529507454809275,1.5684389536181158
"[0.20000746560233026, 0.866018806085587, -0.8660282164517635, 0.20000746560233026]",7.856132417251177,1.5715821178538236
"[0.2000074795657502, 0.8660187937454745, -0.866028221712487, 0.2000074795657502]",7.859314094582113,1.574725282089531
"[0.20000749354541025, 0.8660187813910099, -0.8660282269793291, 0.20000749354541025]",7.8624957800148865,1.5778684463252388
"[0.20000750754136015, 0.8660187690221494, -0.8660282322523083, 0.20000750754136015]",7.865677486754504,1.5810116105609466
"[0.20000752155362375, 0.8660187566388714, -0.8660282375314338, 0.20000752155362375]",7.8688592186365565,1.584154774796654
"[0.20000753558223489, 0.8660187442411468, -0.8660282428167179, 0.20000753558223489]",7.872040990074982,1.5872979390323618
"[0.20000754962720918, 0.8660187318289612, -0.8660282481081673, 0.20000754962720918]",7.875222801402844,1.5904411032680692
"[0.20000756368861491, 0.8660187194022543, -0.8660282534058069, 0.20000756368861491]",7.8784046646948305,1.593584267503777
"[0.2000075777664736, 0.8660187069610074, -0.8660282587096453, 0.2000075777664736]",7.881586591990188,1.5967274317394846
"[0.20000759186078973, 0.8660186945052163, -0.866028264019684, 0.20000759186078973]",7.884768587288325,1.5998705959751922
"[0.20000760597164022, 0.8660186820348129, -0.8660282693359522, 0.20000760597164022]",7.887950660216133,1.6030137602109
"[0.2000076200990401, 0.8660186695497841, -0.8660282746584554, 0.2000076200990401]",7.8911328191279795,1.6061569244466076
"[0.2000076342430392, 0.8660186570500861, -0.8660282799872121, 0.2000076342430392]",7.894315073335189,1.6093000886823152
"[0.2000076484036397, 0.8660186445357164, -0.8660282853222238, 0.2000076484036397]",7.897497430327647,1.6124432529180228
"[0.20000766258092492, 0.866018632006602, -0.866028290663521, 0.20000766258092492]",7.9006799004964785,1.6155864171537306
"[0.2000076767749008, 0.866018619462737, -0.8660282960111068, 0.2000076767749008]",7.9038624892332745,1.618729581389438
"[0.20000769098562945, 0.8660186069040671, -0.8660283013650042, 0.20000769098562945]",7.9070452073599595,1.6218727456251458
"[0.2000077052131168, 0.8660185943305866, -0.8660283067252151, 0.2000077052131168]",7.910228060180115,1.6250159098608536
"[0.20000771945742324, 0.8660185817422426, -0.8660283120917629, 0.20000771945742324]",7.913411058115382,1.628159074096561
"[0.2000077337185801, 0.8660185691390069, -0.8660283174646592, 0.2000077337185801]",7.916594210552824,1.6313022383322688
"[0.20000774799665721, 0.8660185565208182, -0.8660283228439299, 0.20000774799665721]",7.919777525339855,1.6344454025679762
"[0.20000776229164316, 0.8660185438876863, -0.8660283282295714, 0.20000776229164316]",7.9229610095292875,1.637588566803684
"[0.2000077766036136, 0.8660185312395445, -0.8660283336216115, 0.2000077766036136]",7.926144669755408,1.6407317310393918
"[0.20000779093260146, 0.8660185185763637, -0.8660283390200629, 0.20000779093260146]",7.929328518545975,1.6438748952750992
"[0.20000780527866727, 0.8660185058980905, -0.8660283444249486, 0.20000780527866727]",7.932512563840031,1.647018059510807
"[0.2000078196418389, 0.8660184932046999, -0.8660283498362791, 0.2000078196418389]",7.935696813085152,1.6501612237465149
"[0.20000783402213404, 0.8660184804961767, -0.8660283552540605, 0.20000783402213404]",7.938881271027713,1.6533043879822222
"[0.20000784841964692, 0.8660184677724372, -0.866028360678329, 0.20000784841964692]",7.942065951896116,1.65644755221793
"[0.20000786283438762, 0.866018455033473, -0.8660283661090881, 0.20000786283438762]",7.945250861139202,1.6595907164536376
"[0.2000078772664473, 0.8660184422792032, -0.8660283715463719, 0.2000078772664473]",7.948436008518279,1.6627338806893452
"[0.20000789171578515, 0.8660184295096638, -0.8660283769901654, 0.20000789171578515]",7.951621395913122,1.6658770449250528
"[0.20000790618254202, 0.8660184167247305, -0.8660283824405215, 0.20000790618254202]",7.954807044200568,1.6690202091607604
"[0.2000079206667182, 0.866018403924403, -0.8660283878974404, 0.2000079206667182]",7.957992951950311,1.672163373396468
"[0.2000079351683309, 0.866018391108666, -0.8660283933609285, 0.2000079351683309]",7.961179125775262,1.6753065376321759
"[0.20000794968749933, 0.8660183782774146, -0.8660283988310307, 0.20000794968749933]",7.9643655829784485,1.6784497018678832
"[0.20000796422424624, 0.8660183654306279, -0.8660284043077556, 0.20000796422424624]",7.967552327841499,1.681592866103591
"[0.2000079787785915, 0.866018352568289, -0.8660284097911106, 0.2000079787785915]",7.970739364161198,1.6847360303392989
"[0.2000079933506087, 0.8660183396903325, -0.8660284152811238, 0.2000079933506087]",7.973926703344114,1.6878791945750062
"[0.20000800794036003, 0.8660183267967038, -0.8660284207778182, 0.20000800794036003]",7.9771143574196355,1.691022358810714
"[0.20000802254787756, 0.8660183138873739, -0.866028426281206, 0.20000802254787756]",7.980302332335873,1.6941655230464219
"[0.20000803717322094, 0.8660183009622909, -0.8660284317913097, 0.20000803717322094]",7.9834906347548085,1.6973086872821292
"[0.20000805181644718, 0.866018288021404, -0.8660284373081509, 0.20000805181644718]",7.986679272361902,1.700451851517837
"[0.2000080664775945, 0.8660182750646793, -0.8660284428317438, 0.2000080664775945]",7.989868256321053,1.7035950157535449
"[0.2000080811567434, 0.866018262092046, -0.8660284483621189, 0.2000080811567434]",7.993057592754634,1.7067381799892523
"[0.20000809585392398, 0.8660182491034772, -0.8660284538992873, 0.20000809585392398]",7.996247289880672,1.70988134422496
"[0.20000811056920337, 0.8660182360989137, -0.8660284594432744, 0.20000811056920337]",7.999437356973876,1.7130245084606674
"[0.20000812530262088, 0.866018223078321, -0.866028464994095, 0.20000812530262088]",8.002627800153347,1.7161676726963753
"[0.2000081400542485, 0.8660182100416349, -0.8660284705517766, 0.2000081400542485]",8.005818630155735,1.719310836932083
"[0.20000815482415868, 0.8660181969887919, -0.8660284761163459, 0.20000815482415868]",8.009009856062402,1.7224540011677905
"[0.20000816961235426, 0.8660181839197894, -0.8660284816878043, 0.20000816961235426]",8.012201480142233,1.7255971654034983
"[0.2000081844189871, 0.8660181708344927, -0.8660284872662091, 0.2000081844189871]",8.015393518915408,1.7287403296392059
"[0.20000819924402086, 0.8660181577329344, -0.8660284928515464, 0.20000819924402086]",8.018585975036357,1.7318834938749135
"[0.20000821408758301, 0.866018144615002, -0.8660284984438642, 0.20000821408758301]",8.021778857986073,1.735026658110621
"[0.2000082289496695, 0.8660181314806987, -0.8660285040431611, 0.2000082289496695]",8.024972175580803,1.7381698223463289
"[0.20000824383040514, 0.8660181183299145, -0.8660285096494841, 0.20000824383040514]",8.028165938163998,1.7413129865820363
"[0.2000082587298147, 0.8660181051626271, -0.8660285152628425, 0.2000082587298147]",8.031360150769665,1.744456150817744
"[0.2000082736479624, 0.8660180919787801, -0.8660285208832605, 0.2000082736479624]",8.034554821139638,1.7475993150534515
"[0.20000828858492775, 0.8660180787783031, -0.8660285265107681, 0.20000828858492775]",8.037749959604154,1.7507424792891593
"[0.20000830354077814, 0.8660180655611366, -0.8660285321453907, 0.20000830354077814]",8.04094557614223,1.753885643524867
"[0.20000831851554327, 0.8660180523272543, -0.8660285377871393, 0.20000831851554327]",8.04414167277219,1.7570288077605745
"[0.20000833350933078, 0.866018039076561, -0.8660285434360545, 0.20000833350933078]",8.047338264142423,1.7601719719962823
"[0.200008348522191, 0.8660180258090125, -0.8660285490921555, 0.200008348522191]",8.050535355119766,1.76331513623199
"[0.20000836355417503, 0.8660180125245635, -0.8660285547554615, 0.20000836355417503]",8.053732954368478,1.7664583004676975
"[0.20000837860532736, 0.8660179992231742, -0.8660285604259893, 0.20000837860532736]",8.056931064537242,1.7696014647034053
"[0.20000839367579132, 0.8660179859047188, -0.8660285661037925, 0.20000839367579132]",8.060129702123506,1.772744628939113
"[0.2000084087655828, 0.8660179725691828, -0.8660285717888774, 0.2000084087655828]",8.063328873366991,1.7758877931748205
"[0.20000842387477588, 0.8660179592165006, -0.8660285774812718, 0.20000842387477588]",8.066528581571347,1.7790309574105283
"[0.2000084390034322, 0.866017945846618, -0.8660285831809992, 0.2000084390034322]",8.069728836483526,1.7821741216462357
"[0.2000084541516512, 0.8660179324594469, -0.8660285888880968, 0.2000084541516512]",8.072929649375924,1.7853172858819435
"[0.20000846931948615, 0.8660179190549404, -0.8660285946025846, 0.20000846931948615]",8.07613102591784,1.788460450117651
"[0.20000848450700584, 0.8660179056330377, -0.8660286003244888, 0.20000848450700584]",8.07933297532395,1.7916036143533587
"[0.20000849971428142, 0.8660178921936758, -0.8660286060538359, 0.20000849971428142]",8.082535500707339,1.7947467785890663
"[0.20000851494141975, 0.8660178787367603, -0.8660286117906664, 0.20000851494141975]",8.08573861769489,1.797889942824774
"[0.20000853018843284, 0.8660178652622805, -0.8660286175349847, 0.20000853018843284]",8.088942326543517,1.8010331070604815
"[0.20000854545546232, 0.8660178517701115, -0.8660286232868443, 0.20000854545546232]",8.09214664199884,1.8041762712961893
"[0.2000085607425124, 0.8660178382602496, -0.8660286290462466, 0.2000085607425124]",8.095351564129,1.8073194355318971
"[0.2000085760497142, 0.8660178247325784, -0.866028634813241, 0.2000085760497142]",8.098557109245549,1.8104625997676045
"[0.20000859137714802, 0.8660178111870274, -0.8660286405878579, 0.20000859137714802]",8.101763280426926,1.8136057640033123
"[0.20000860672485557, 0.8660177976235596, -0.8660286463701129, 0.20000860672485557]",8.104970085483412,1.8167489282390201
"[0.2000086220929383, 0.8660177840420856, -0.8660286521600442, 0.2000086220929383]",8.108177534979003,1.8198920924747275
"[0.20000863748145237, 0.8660177704425552, -0.8660286579576734, 0.20000863748145237]",8.111385630169183,1.8230352567104353
"[0.2000086528905118, 0.866017756824868, -0.8660286637630428, 0.2000086528905118]",8.114594387487916,1.8261784209461427
"[0.200008668320169, 0.866017743188978, -0.8660286695761723, 0.200008668320169]",8.117803811404583,1.8293215851818505
"[0.20000868377050368, 0.8660177295348142, -0.8660286753970922, 0.20000868377050368]",8.12101390473057,1.8324647494175583
"[0.2000086992416285, 0.8660177158622772, -0.8660286812258449, 0.2000086992416285]",8.124224682097747,1.8356079136532657
"[0.20000871473358242, 0.8660177021713327, -0.8660286870624448, 0.20000871473358242]",8.127436145375647,1.8387510778889735
"[0.20000873024648724, 0.8660176884618728, -0.8660286929069381, 0.20000873024648724]",8.1306483085738,1.8418942421246813
"[0.20000874578041408, 0.8660176747338348, -0.8660286987593514, 0.20000874578041408]",8.133861175375783,1.8450374063603887
"[0.2000087613354342, 0.866017660987156, -0.8660287046197116, 0.2000087613354342]",8.137074754393051,1.8481805705960965
"[0.2000087769116737, 0.8660176472217247, -0.8660287104880663, 0.2000087769116737]",8.1402890532205,1.8513237348318041
"[0.2000087925091576, 0.8660176334375186, -0.8660287163644247, 0.2000087925091576]",8.143504077277973,1.8544668990675117
"[0.20000880812801525, 0.8660176196344238, -0.8660287222488359, 0.20000880812801525]",8.146719838310442,1.8576100633032193
"[0.20000882376830206, 0.8660176058123912, -0.8660287281413203, 0.20000882376830206]",8.14993633824671,1.860753227538927
"[0.20000883943014974, 0.8660175919713039, -0.8660287340419279, 0.20000883943014974]",8.153153590602814,1.8638963917746345
"[0.20000885511363428, 0.8660175781110954, -0.8660287399506872, 0.20000885511363428]",8.15637159995736,1.8670395560103423
"[0.2000088708188458, 0.866017564231686, -0.8660287458676321, 0.2000088708188458]",8.159590376361926,1.8701827202460497
"[0.20000888654584584, 0.8660175503330209, -0.866028751792786, 0.20000888654584584]",8.162809922189037,1.8733258844817575
"[0.2000089022947502, 0.8660175364149981, -0.8660287577261921, 0.2000089022947502]",8.166030249788157,1.8764690487174653
"[0.2000089180656337, 0.8660175224775513, -0.8660287636678792, 0.2000089180656337]",8.169251363140157,1.8796122129531727
"[0.20000893385862462, 0.8660175085205671, -0.8660287696178951, 0.20000893385862462]",8.172473273575159,1.8827553771888805
"[0.20000894967377283, 0.8660174945440018, -0.8660287755762588, 0.20000894967377283]",8.175695981759477,1.8858985414245883
"[0.20000896551123593, 0.8660174805477157, -0.8660287815430298, 0.20000896551123593]",8.178919505301216,1.8890417056602957
"[0.20000898137104065, 0.8660174665316855, -0.8660287875182175, 0.20000898137104065]",8.182143841900634,1.8921848698960035
"[0.20000899725331137, 0.866017452495801, -0.8660287935018699, 0.20000899725331137]",8.185369004298213,1.8953280341317114
"[0.20000901315814504, 0.8660174384399767, -0.8660287994940227, 0.20000901315814504]",8.188594997358685,1.8984711983674187
"[0.20000902908566182, 0.8660174243641062, -0.8660288054947214, 0.20000902908566182]",8.19182183371344,1.9016143626031266
"[0.2000090450359185, 0.8660174102681395, -0.8660288115039873, 0.2000090450359185]",8.19504951136011,1.904757526838834
"[0.20000906100905969, 0.866017396151949, -0.8660288175218749, 0.20000906100905969]",8.198278046582526,1.9079006910745417
"[0.2000090770051229, 0.866017382015501, -0.8660288235483985, 0.2000090770051229]",8.201507437908322,1.9110438553102493
"[0.2000090930242631, 0.866017367858659, -0.8660288295836165, 0.2000090930242631]",8.204737699308076,1.914187019545957
"[0.20000910906656813, 0.8660173536813452, -0.8660288356275616, 0.20000910906656813]",8.207968836767911,1.9173301837816645
"[0.2000091251321412, 0.8660173394834684, -0.8660288416802732, 0.2000091251321412]",8.211200856698293,1.9204733480173724
"[0.20000914122106264, 0.8660173252649578, -0.8660288477417811, 0.20000914122106264]",8.214433763633181,1.9236165122530797
"[0.2000091573334478, 0.866017311025711, -0.8660288538121291, 0.2000091573334478]",8.217667568440566,1.9267596764887875
"[0.20000917346942496, 0.8660172967656152, -0.8660288598913655, 0.20000917346942496]",8.220902276722015,1.9299028407244954
"[0.20000918962909645, 0.8660172824845797, -0.8660288659795284, 0.20000918962909645]",8.224137896814769,1.9330460049602027
"[0.20000920581256626, 0.8660172681825123, -0.8660288720766576, 0.20000920581256626]",8.227374437039135,1.9361891691959106
"[0.20000922201988564, 0.8660172538593682, -0.8660288781827722, 0.20000922201988564]",8.230611897314429,1.939332333431618
"[0.20000923825124314, 0.8660172395149804, -0.8660288842979431, 0.20000923825124314]",8.233850293243197,1.9424754976673257
"[0.20000925450670476, 0.866017225149291, -0.8660288904221952, 0.20000925450670476]",8.237089627186808,1.9456186619030336
"[0.20000927078640954, 0.8660172107621767, -0.8660288965555809, 0.20000927078640954]",8.240329906543208,1.948761826138741
"[0.2000092870903886, 0.8660171963536103, -0.8660289026981122, 0.2000092870903886]",8.243571136021249,1.9519049903744488
"[0.20000930341887882, 0.8660171819233823, -0.8660289088498779, 0.20000930341887882]",8.246813330663457,1.9550481546101566
"[0.20000931977188646, 0.8660171674714868, -0.8660289150108806, 0.20000931977188646]",8.25005648708227,1.958191318845864
"[0.2000093361495723, 0.8660171529977826, -0.8660289211811808, 0.2000093361495723]",8.2533006197173,1.9613344830815718
"[0.20000935255203206, 0.8660171385021842, -0.8660289273608148, 0.20000935255203206]",8.256545729093153,1.9644776473172796
"[0.20000936897940425, 0.86601712398457, -0.8660289335498343, 0.20000936897940425]",8.25979182895607,1.967620811552987
"[0.20000938543179245, 0.8660171094448478, -0.8660289397482788, 0.20000938543179245]",8.263038923219364,1.9707639757886948
"[0.20000940190928335, 0.8660170948829414, -0.8660289459561805, 0.20000940190928335]",8.266287016412353,1.9739071400244022
"[0.2000094184120675, 0.8660170802986821, -0.8660289521736116, 0.2000094184120675]",8.269536118600781,1.97705030426011
"[0.20000943494017095, 0.8660170656920472, -0.8660289584005819, 0.20000943494017095]",8.272786230600728,1.9801934684958176
"[0.20000945149379157, 0.8660170510628616, -0.8660289646371657, 0.20000945149379157]",8.276037366612188,1.9833366327315252
"[0.2000094680729803, 0.8660170364110802, -0.8660289708833823, 0.2000094680729803]",8.279289527771686,1.9864797969672328
"[0.20000948467793453, 0.866017021736529, -0.8660289771393059, 0.20000948467793453]",8.282542726562019,1.9896229612029406
"[0.20000950130868128, 0.8660170070391836, -0.8660289834049472, 0.20000950130868128]",8.285796960558375,1.992766125438648
"[0.20000951796541022, 0.8660169923188766, -0.8660289896803772, 0.20000951796541022]",8.289052241796087,1.9959092896743558
"[0.20000953464826512, 0.8660169775754811, -0.8660289959656502, 0.20000953464826512]",8.292308579057694,1.9990524539100636
"[0.2000095513573101, 0.8660169628089402, -0.8660290022607902, 0.2000095513573101]",8.295565976719338,2.002195618145771
"[0.20000956809268192, 0.8660169480191332, -0.8660290085658487, 0.20000956809268192]",8.298824438812527,2.005338782381479
"[0.20000958485451775, 0.8660169332059389, -0.8660290148808778, 0.20000958485451775]",8.30208397270187,2.0084819466171866
"[0.2000096016429642, 0.8660169183692272, -0.8660290212059325, 0.2000096016429642]",8.30534458699348,2.011625110852894
"[0.20000961845810183, 0.8660169035089277, -0.866029027541043, 0.20000961845810183]",8.308606287537943,2.014768275088602
"[0.20000963530010843, 0.8660168886248829, -0.8660290338862766, 0.20000963530010843]",8.311869079275185,2.017911439324309
"[0.20000965216908598, 0.8660168737170026, -0.8660290402416714, 0.20000965216908598]",8.315132969613197,2.021054603560017
"[0.2000096690651545, 0.8660168587851809, -0.8660290466072728, 0.2000096690651545]",8.318397963860763,2.024197767795725
"[0.20000968598848384, 0.8660168438292675, -0.8660290529831447, 0.20000968598848384]",8.321664070489316,2.027340932031432
"[0.2000097029391448, 0.8660168288492001, -0.8660290593693137, 0.2000097029391448]",8.324931289930774,2.03048409626714
"[0.20000971991732894, 0.8660168138448091, -0.8660290657658524, 0.20000971991732894]",8.328199635621088,2.033627260502848
"[0.2000097369231561, 0.866016798815989, -0.8660290721728052, 0.2000097369231561]",8.33146911067573,2.036770424738555
"[0.2000097539567263, 0.8660167837626511, -0.8660290785902104, 0.2000097539567263]",8.334739719564134,2.039913588974263
"[0.20000977101821557, 0.8660167686846397, -0.8660290850181341, 0.20000977101821557]",8.338011471303256,2.043056753209971
"[0.20000978810769865, 0.8660167535818893, -0.8660290914566046, 0.20000978810769865]",8.341284366072871,2.046199917445678
"[0.2000098052254285, 0.8660167384541757, -0.866029097905717, 0.2000098052254285]",8.344558421512989,2.049343081681386
"[0.2000098223714071, 0.8660167233014976, -0.8660291043654721, 0.2000098223714071]",8.34783363004917,2.0524862459170934
"[0.20000983954585197, 0.8660167081236627, -0.866029110835952, 0.20000983954585197]",8.35111000471157,2.055629410152801
"[0.20000985674892074, 0.8660166929205313, -0.866029117317216, 0.20000985674892074]",8.354387554183356,2.058772574388509
"[0.20000987398070025, 0.8660166776920272, -0.8660291238092966, 0.20000987398070025]",8.357666279258154,2.0619157386242164
"[0.20000989124135016, 0.8660166624380089, -0.8660291303122546, 0.20000989124135016]",8.360946185510858,2.065058902859924
"[0.20000990853100187, 0.8660166471583606, -0.8660291368261386, 0.20000990853100187]",8.36422728314757,2.0682020670956316
"[0.2000099258498223, 0.8660166318529346, -0.8660291433510121, 0.2000099258498223]",8.36750957211314,2.0713452313313394
"[0.20000994319796442, 0.8660166165215959, -0.8660291498869326, 0.20000994319796442]",8.37079306467507,2.074488395567047
"[0.20000996057549902, 0.8660166011642815, -0.8660291564339266, 0.20000996057549902]",8.374077759449632,2.0776315598027546
"[0.2000099779826465, 0.8660165857807972, -0.8660291629920772, 0.2000099779826465]",8.377363666851325,2.080774724038462
"[0.2000099954195366, 0.8660165703710277, -0.8660291695614337, 0.2000099954195366]",8.38065079173363,2.08391788827417
"[0.2000100128863289, 0.8660165549348328, -0.8660291761420557, 0.2000100128863289]",8.383939141150615,2.0870610525098776
"[0.2000100303831113, 0.8660165394721339, -0.8660291827339766, 0.2000100303831113]",8.387228715766154,2.090204216745585
"[0.20001004791012392, 0.8660165239827196, -0.8660291893372866, 0.20001004791012392]",8.390519527768433,2.093347380981293
"[0.2000100654674391, 0.8660165084665252, -0.8660291959520132, 0.2000100654674391]",8.393811574655553,2.096490545217
"[0.20001008305523066, 0.8660164929233978, -0.8660292025782217, 0.20001008305523066]",8.3971048686721,2.099633709452708
"[0.20001010067369318, 0.866016477353165, -0.8660292092159856, 0.20001010067369318]",8.400399412954288,2.102776873688416
"[0.2000101183229017, 0.8660164617557605, -0.8660292158653331, 0.2000101183229017]",8.403695212437361,2.105920037924123
"[0.20001013600308737, 0.8660164461309804, -0.8660292225263513, 0.20001013600308737]",8.406992272696122,2.109063202159831
"[0.20001015371433725, 0.8660164304787475, -0.8660292291990729, 0.20001015371433725]",8.410290598109286,2.112206366395539
"[0.20001017145687158, 0.866016414798867, -0.8660292358835809, 0.20001017145687158]",8.41359019609258,2.115349530631246
"[0.20001018923078656, 0.8660163990912543, -0.8660292425799117, 0.20001018923078656]",8.416891069597941,2.118492694866954
"[0.20001020703628908, 0.8660163833557261, -0.8660292492881431, 0.20001020703628908]",8.420193225077186,2.121635859102662
"[0.20001022487347045, 0.866016367592202, -0.8660292560083094, 0.20001022487347045]",8.423496665084892,2.124779023338369
"[0.2000102427426085, 0.8660163518004363, -0.8660292627405155, 0.2000102427426085]",8.426801403910188,2.127922187574077
"[0.20001026064374028, 0.8660163359803965, -0.8660292694847754, 0.20001026064374028]",8.430107434179286,2.1310653518097844
"[0.20001027857706302, 0.866016320131908, -0.866029276241163, 0.20001027857706302]",8.433414765374689,2.134208516045492
"[0.2000102965427951, 0.8660163042547782, -0.866029283009761, 0.2000102965427951]",8.436723405807207,2.1373516802812
"[0.20001031454103627, 0.8660162883489184, -0.8660292897906069, 0.20001031454103627]",8.440033357221992,2.1404948445169074
"[0.20001033257195217, 0.8660162724141827, -0.8660292965837629, 0.20001033257195217]",8.44334462573981,2.1436380087526152
"[0.20001035063576933, 0.8660162564503707, -0.8660293033893145, 0.20001035063576933]",8.446657216693598,2.146781172988323
"[0.20001036873254463, 0.866016240457432, -0.8660293102072832, 0.20001036873254463]",8.44997113086308,2.1499243372240304
"[0.20001038686256556, 0.8660162244351127, -0.8660293170377771, 0.20001038686256556]",8.453286379152154,2.1530675014597382
"[0.2000104050259124, 0.8660162083833423, -0.8660293238808267, 0.2000104050259124]",8.456602962170273,2.156210665695446
"[0.20001042322278764, 0.8660161923019409, -0.866029330736508, 0.20001042322278764]",8.459920884401045,2.1593538299311534
"[0.20001044145338812, 0.8660161761907351, -0.8660293376048953, 0.20001044145338812]",8.463240154933487,2.1624969941668613
"[0.20001045971781234, 0.8660161600496379, -0.866029344486026, 0.20001045971781234]",8.466560772604387,2.1656401584025686
"[0.20001047801628374, 0.8660161438784517, -0.8660293513799836, 0.20001047801628374]",8.469882743274495,2.1687833226382764
"[0.20001049634899745, 0.8660161276770043, -0.8660293582868424, 0.20001049634899745]",8.473206076922379,2.1719264868739843
"[0.2000105147160399, 0.866016111445219, -0.8660293652066343, 0.2000105147160399]",8.476530769322984,2.1750696511096916
"[0.20001053311764225, 0.8660160951828914, -0.8660293721394469, 0.20001053311764225]",8.4798568306271,2.1782128153453995
"[0.20001055155395783, 0.8660160788898862, -0.8660293790853376, 0.20001055155395783]",8.483184262033156,2.1813559795811073
"[0.20001057002523523, 0.866016062565984, -0.8660293860444002, 0.20001057002523523]",8.486513074003781,2.1844991438168146
"[0.20001058853158155, 0.8660160462110896, -0.866029393016675, 0.20001058853158155]",8.489843264977024,2.1876423080525225
"[0.20001060707315232, 0.8660160298250658, -0.866029400002221, 0.20001060707315232]",8.493174838072543,2.19078547228823
"[0.20001062565014036, 0.8660160134077425, -0.8660294070011101, 0.20001062565014036]",8.496507801087995,2.1939286365239377
"[0.20001064426280463, 0.8660159969588902, -0.8660294140134402, 0.20001064426280463]",8.499842158050965,2.197071800759645
"[0.20001066291125116, 0.8660159804784159, -0.8660294210392515, 0.20001066291125116]",8.503177913396371,2.200214964995353
"[0.20001068159562438, 0.8660159639661914, -0.8660294280785981, 0.20001068159562438]",8.50651506559809,2.2033581292310607
"[0.200010700316205, 0.8660159474219691, -0.8660294351315858, 0.200010700316205]",8.509853625220908,2.206501293466768
"[0.20001071907315307, 0.866015930845607, -0.8660294421982753, 0.20001071907315307]",8.513193597116413,2.209644457702476
"[0.2000107378665457, 0.8660159142370374, -0.866029449278695, 0.2000107378665457]",8.51653497520172,2.2127876219381832
"[0.2000107566967002, 0.8660158975959797, -0.8660294563729648, 0.2000107566967002]",8.519877774774693,2.215930786173891
"[0.2000107755637506, 0.8660158809223155, -0.8660294634811354, 0.2000107755637506]",8.523221994792738,2.2190739504095984
"[0.2000107944679289, 0.8660158642158396, -0.8660294706032938, 0.2000107944679289]",8.526567640755708,2.2222171146453062
"[0.20001081340928809, 0.8660158474765056, -0.8660294777394603, 0.20001081340928809]",8.529914711218593,2.225360278881014
"[0.20001083238816994, 0.8660158307040112, -0.8660294848897631, 0.20001083238816994]",8.533263214501142,2.2285034431167214
"[0.20001085140468366, 0.8660158138982598, -0.8660294920542441, 0.20001085140468366]",8.53661315346031,2.2316466073524293
"[0.20001087045898464, 0.866015797059114, -0.8660294992329612, 0.20001087045898464]",8.539964527665266,2.234789771588137
"[0.2000108895514285, 0.8660157801862599, -0.8660295064260488, 0.2000108895514285]",8.54331735137672,2.2379329358238444
"[0.20001090868199073, 0.866015763279719, -0.8660295136334976, 0.20001090868199073]",8.546671615026622,2.2410761000595523
"[0.20001092785105584, 0.8660157463391512, -0.8660295208554523, 0.20001092785105584]",8.550027332335912,2.2442192642952596
"[0.20001094705870226, 0.8660157293644876, -0.8660295280919426, 0.20001094705870226]",8.553384501709017,2.2473624285309675
"[0.20001096630513057, 0.8660157123555505, -0.8660295353430439, 0.20001096630513057]",8.55674312395931,2.2505055927666753
"[0.2000109855906023, 0.8660156953121093, -0.8660295426088549, 0.2000109855906023]",8.56010320811389,2.2536487570023827
"[0.20001100491525542, 0.8660156782340417, -0.8660295498894276, 0.20001100491525542]",8.56346475461653,2.2567919212380905
"[0.20001102427927464, 0.8660156611211846, -0.8660295571848315, 0.20001102427927464]",8.566827764530279,2.2599350854737983
"[0.20001104368292721, 0.8660156439733017, -0.8660295644951672, 0.20001104368292721]",8.570192244649858,2.2630782497095057
"[0.20001106312636494, 0.8660156267902589, -0.8660295718204921, 0.20001106312636494]",8.573558195767248,2.2662214139452135
"[0.20001108260980413, 0.8660156095718653, -0.8660295791608876, 0.20001108260980413]",8.576925623092603,2.2693645781809213
"[0.20001110213344986, 0.8660155923179392, -0.8660295865164309, 0.20001110213344986]",8.580294528089924,2.2725077424166287
"[0.2000111216974933, 0.8660155750283121, -0.8660295938871939, 0.2000111216974933]",8.58366491273807,2.2756509066523365
"[0.20001114130210507, 0.8660155577028327, -0.8660296012732415, 0.20001114130210507]",8.587036779862338,2.2787940708880443
"[0.20001116094759153, 0.8660155403412307, -0.8660296086746881, 0.20001116094759153]",8.590410136050492,2.2819372351237517
"[0.20001118063401752, 0.8660155229434489, -0.8660296160915592, 0.20001118063401752]",8.593784978038341,2.2850803993594595
"[0.20001120036173878, 0.8660155055091723, -0.866029623523988, 0.20001120036173878]",8.59716131511736,2.288223563595167
"[0.20001122013083653, 0.8660154880383296, -0.8660296309720057, 0.20001122013083653]",8.600539143915768,2.2913667278308747
"[0.20001123994158745, 0.8660154705306764, -0.8660296384357162, 0.20001123994158745]",8.60391847041055,2.2945098920665825
"[0.20001125979419096, 0.8660154529860362, -0.8660296459151945, 0.20001125979419096]",8.607299296655,2.29765305630229
"[0.20001127968882942, 0.8660154354042476, -0.8660296534105094, 0.20001127968882942]",8.610681623669988,2.3007962205379977
"[0.20001129962575764, 0.8660154177850861, -0.8660296609217574, 0.20001129962575764]",8.614065456959354,2.3039393847737055
"[0.20001131960518093, 0.8660154001283695, -0.8660296684490152, 0.20001131960518093]",8.617450797216105,2.307082549009413
"[0.20001133962723489, 0.8660153824339785, -0.8660296759923343, 0.20001133962723489]",8.620837643631445,2.3102257132451207
"[0.2000113596922286, 0.8660153647016399, -0.8660296835518307, 0.2000113596922286]",8.624226003086923,2.313368877480828
"[0.20001137980033928, 0.8660153469311966, -0.8660296911275718, 0.20001137980033928]",8.627615875225024,2.316512041716536
"[0.2000113999517733, 0.8660153291224668, -0.8660296987196349, 0.2000113999517733]",8.631007263203186,2.3196552059522437
"[0.20001142014678575, 0.8660153112752249, -0.8660297063281162, 0.20001142014678575]",8.634400171181673,2.322798370187951
"[0.20001144038552063, 0.8660152933893436, -0.8660297139530699, 0.20001144038552063]",8.637794594682129,2.325941534423659
"[0.20001146066827788, 0.8660152754645576, -0.8660297215946091, 0.20001146066827788]",8.641190543631787,2.3290846986593663
"[0.20001148099524033, 0.8660152575007057, -0.8660297292528026, 0.20001148099524033]",8.644588014523183,2.332227862895074
"[0.20001150136658757, 0.8660152394976289, -0.8660297369277185, 0.20001150136658757]",8.647987009053162,2.3353710271307815
"[0.2000115217826089, 0.866015221455072, -0.8660297446194647, 0.2000115217826089]",8.651387534036294,2.3385141913664893
"[0.20001154224351408, 0.866015203372849, -0.8660297523281214, 0.20001154224351408]",8.654789587120826,2.3416573556021967
"[0.2000115627495137, 0.8660151852507743, -0.8660297600537674, 0.2000115627495137]",8.658193170619265,2.3448005198379045
"[0.2000115833007762, 0.8660151670886986, -0.8660297677964661, 0.2000115833007762]",8.661598284610472,2.3479436840736123
"[0.20001160389763248, 0.8660151488863299, -0.8660297755563425, 0.20001160389763248]",8.665004936606913,2.3510868483093197
"[0.20001162454019825, 0.8660151306435656, -0.8660297833334399, 0.20001162454019825]",8.668413118625207,2.3542300125450275
"[0.20001164522879328, 0.8660151123601233, -0.8660297911278788, 0.20001164522879328]",8.671822840238503,2.357373176780735
"[0.20001166596358202, 0.8660150940358575, -0.8660297989397212, 0.20001166596358202]",8.675234100451005,2.3605163410164427
"[0.200011686744844, 0.8660150756705215, -0.8660298067690727, 0.200011686744844]",8.678646900323356,2.3636595052521505
"[0.20001170757276207, 0.8660150572639533, -0.8660298146160015, 0.20001170757276207]",8.682061241530986,2.366802669487858
"[0.2000117284476115, 0.8660150388159101, -0.8660298224806121, 0.2000117284476115]",8.685477124449465,2.3699458337235657
"[0.20001174936955418, 0.8660150203262482, -0.866029830362965, 0.20001174936955418]",8.688894549197375,2.3730889979592735
"[0.2000117703388754, 0.866015001794716, -0.8660298382631678, 0.2000117703388754]",8.692313517609971,2.376232162194981
"[0.20001179135581332, 0.8660149832211028, -0.8660298461813101, 0.20001179135581332]",8.695734033476926,2.3793753264306887
"[0.20001181242058028, 0.8660149646052211, -0.8660298541174721, 0.20001181242058028]",8.699156096487037,2.3825184906663965
"[0.2000118335334032, 0.8660149459468701, -0.8660298620717394, 0.2000118335334032]",8.702579703147034,2.385661654902104
"[0.20001185469449734, 0.8660149272458599, -0.8660298700441927, 0.20001185469449734]",8.70600485922381,2.3888048191378117
"[0.2000118759041853, 0.8660149085019052, -0.8660298780349539, 0.2000118759041853]",8.709431566423342,2.3919479833735195
"[0.2000118971626772, 0.8660148897148202, -0.8660298860441019, 0.2000118971626772]",8.712859823499775,2.395091147609227
"[0.20001191847011787, 0.8660148708844772, -0.8660298940716916, 0.20001191847011787]",8.716289628013755,2.3982343118449347
"[0.20001193982684304, 0.8660148520105794, -0.866029902117849, 0.20001193982684304]",8.71972098735517,2.401377476080642
"[0.20001196123300397, 0.8660148330929929, -0.8660299101826316, 0.20001196123300397]",8.72315389176334,2.40452064031635
"[0.2000119826889657, 0.8660148141313954, -0.8660299182661767, 0.2000119826889657]",8.7265883534474,2.4076638045520578
"[0.200012004194879, 0.8660147951256536, -0.866029926368541, 0.200012004194879]",8.730024366797759,2.410806968787765
"[0.2000120257510113, 0.8660147760755309, -0.8660299344898253, 0.2000120257510113]",8.733461931843806,2.413950133023473
"[0.2000120473575815, 0.8660147569808341, -0.8660299426301122, 0.2000120473575815]",8.736901050239707,2.4170932972591808
"[0.2000120690148499, 0.8660147378413331, -0.8660299507894998, 0.2000120690148499]",8.740341720190209,2.420236461494888
"[0.20001209072308027, 0.8660147186567948, -0.8660299589680872, 0.20001209072308027]",8.743783945691705,2.423379625730596
"[0.2000121124825239, 0.8660146994269973, -0.8660299671659692, 0.2000121124825239]",8.747227725605683,2.4265227899663038
"[0.20001213429341072, 0.866014680151737, -0.8660299753832327, 0.20001213429341072]",8.750673058018247,2.429665954202011
"[0.20001215615594647, 0.8660146608308323, -0.8660299836199549, 0.20001215615594647]",8.754119942460974,2.432809118437719
"[0.20001217807043883, 0.8660146414640113, -0.8660299918762517, 0.20001217807043883]",8.7575683819869,2.4359522826734263
"[0.2000122000370955, 0.8660146220510905, -0.8660300001522016, 0.2000122000370955]",8.761018376442816,2.439095446909134
"[0.20001222205620728, 0.866014602591813, -0.8660300084479137, 0.20001222205620728]",8.764469919987901,2.442238611144842
"[0.20001224412802696, 0.866014583085955, -0.8660300167634839, 0.20001224412802696]",8.767923020587677,2.4453817753805493
"[0.2000122662527469, 0.8660145635333469, -0.8660300250989842, 0.2000122662527469]",8.771377672377083,2.448524939616257
"[0.20001228843064284, 0.8660145439337449, -0.8660300334545185, 0.20001228843064284]",8.77483387470728,2.4516681038519645
"[0.20001231066201217, 0.8660145242868861, -0.866030041830199, 0.20001231066201217]",8.778291631705871,2.4548112680876724
"[0.20001233294704468, 0.8660145045926027, -0.8660300502260971, 0.20001233294704468]",8.781750938442043,2.4579544323233797
"[0.20001235528605166, 0.8660144848506198, -0.8660300586423303, 0.20001235528605166]",8.78521179521106,2.4610975965590876
"[0.20001237767922556, 0.8660144650607673, -0.8660300670789708, 0.20001237767922556]",8.788674200838141,2.464240760794795
"[0.2000124001269441, 0.8660144452227113, -0.8660300755361612, 0.2000124001269441]",8.792138159934549,2.4673839250305027
"[0.20001242262931102, 0.8660144253363601, -0.8660300840139403, 0.20001242262931102]",8.795603663306588,2.4705270892662106
"[0.20001244518664008, 0.8660144054014366, -0.8660300925124264, 0.20001244518664008]",8.799070714657232,2.473670253501918
"[0.20001246779926324, 0.8660143854176471, -0.8660301010317447, 0.20001246779926324]",8.802539314862742,2.4768134177376258
"[0.2000124904673701, 0.8660143653848246, -0.8660301095719664, 0.2000124904673701]",8.806009460214439,2.479956581973333
"[0.20001251319124397, 0.8660143453027183, -0.8660301181331985, 0.20001251319124397]",8.809481150671633,2.483099746209041
"[0.20001253597109792, 0.8660143251711399, -0.8660301267155209, 0.20001253597109792]",8.812954385573356,2.4862429104447488
"[0.20001255880719837, 0.8660143049898539, -0.8660301353190346, 0.20001255880719837]",8.816429157660616,2.489386074680456
"[0.20001258169988054, 0.8660142847585642, -0.8660301439438652, 0.20001258169988054]",8.819905474389657,2.492529238916164
"[0.20001260464945955, 0.8660142644769925, -0.8660301525901319, 0.20001260464945955]",8.823383333236515,2.4956724031518718
"[0.20001262765599812, 0.866014244145083, -0.8660301612578581, 0.20001262765599812]",8.82686272977233,2.498815567387579
"[0.2000126507198847, 0.8660142237624927, -0.8660301699471902, 0.2000126507198847]",8.830343660756245,2.501958731623287
"[0.20001267384133015, 0.8660142033290351, -0.8660301786582079, 0.20001267384133015]",8.833826127028807,2.505101895858995
"[0.20001269702075739, 0.8660141828443365, -0.86603018739107, 0.20001269702075739]",8.837310130485148,2.508245060094702
"[0.20001272025822656, 0.8660141623083438, -0.8660301961457996, 0.20001272025822656]",8.840795661471159,2.51138822433041
"[0.20001274355412627, 0.8660141417207132, -0.866030204922543, 0.20001274355412627]",8.844282725307105,2.5145313885661174
"[0.20001276690871622, 0.8660141210812158, -0.866030213721398, 0.20001276690871622]",8.84777132042054,2.517674552801825
"[0.20001279032222374, 0.8660141003896504, -0.8660302225424499, 0.20001279032222374]",8.851261440000386,2.520817717037533
"[0.20001281379493463, 0.8660140796457643, -0.8660302313858071, 0.20001281379493463]",8.854753085248115,2.5239608812732404
"[0.20001283732711436, 0.8660140588493231, -0.8660302402515692, 0.20001283732711436]",8.858246253761912,2.527104045508948
"[0.20001286091906323, 0.8660140380000613, -0.8660302491398494, 0.20001286091906323]",8.861740941602616,2.530247209744656
"[0.20001288457107513, 0.8660140170977191, -0.8660302580507582, 0.20001288457107513]",8.865237150265536,2.5333903739803634
"[0.2000129082833628, 0.8660139961421089, -0.8660302669843759, 0.2000129082833628]",8.868734875639314,2.536533538216071
"[0.20001293205623302, 0.866013975132959, -0.8660302759408184, 0.20001293205623302]",8.872234117731079,2.539676702451779
"[0.20001295588995455, 0.8660139540700322, -0.8660302849201865, 0.20001295588995455]",8.875734866704246,2.5428198666874864
"[0.20001297978472637, 0.8660139329531528, -0.8660302939225555, 0.20001297978472637]",8.879237127161062,2.545963030923194
"[0.20001300374098888, 0.8660139117819313, -0.866030302948091, 0.20001300374098888]",8.882740897655285,2.5491061951589016
"[0.20001302775886784, 0.8660138905562565, -0.8660303119968408, 0.20001302775886784]",8.886246170796612,2.5522493593946094
"[0.20001305183871157, 0.8660138692758211, -0.8660303210689356, 0.20001305183871157]",8.889752946420224,2.555392523630317
"[0.20001307598079804, 0.8660138479403791, -0.8660303301644805, 0.20001307598079804]",8.893261221706894,2.5585356878660246
"[0.20001310018541232, 0.8660138265496783, -0.8660303392835831, 0.20001310018541232]",8.89677099424495,2.5616788521017324
"[0.20001312445279304, 0.8660138051035083, -0.8660303484263326, 0.20001312445279304]",8.900282260211059,2.5648220163374402
"[0.20001314878326648, 0.8660137836015803, -0.8660303575928526, 0.20001314878326648]",8.903795017348708,2.5679651805731476
"[0.20001317317709982, 0.8660137620436587, -0.8660303667832434, 0.20001317317709982]",8.907309265739627,2.5711083448088554
"[0.20001319763447972, 0.866013740429578, -0.8660303759975756, 0.20001319763447972]",8.910824994988598,2.574251509044563
"[0.20001322215585945, 0.8660137187589382, -0.8660303852360195, 0.20001322215585945]",8.914342207886987,2.5773946732802706
"[0.20001324674139806, 0.8660136970315984, -0.8660303944986355, 0.20001324674139806]",8.917860900262127,2.580537837515978
"[0.20001327139145622, 0.8660136752472395, -0.8660304037855593, 0.20001327139145622]",8.921381069909192,2.583681001751686
"[0.20001329610622542, 0.866013653405693, -0.866030413096863, 0.20001329610622542]",8.924902709390146,2.586824165987393
"[0.20001332088604576, 0.866013631506658, -0.8660304224326747, 0.20001332088604576]",8.928425819868673,2.589967330223101
"[0.2000133457312748, 0.8660136095498185, -0.8660304317931293, 0.2000133457312748]",8.931950398903236,2.5931104944588084
"[0.20001337064208113, 0.8660135875350253, -0.8660304411782902, 0.20001337064208113]",8.935476438558076,2.596253658694516
"[0.20001339561876566, 0.8660135654620131, -0.8660304505882707, 0.20001339561876566]",8.939003935926896,2.599396822930224
"[0.20001342066168024, 0.8660135433304703, -0.8660304600232035, 0.20001342066168024]",8.942532889317528,2.6025399871659314
"[0.20001344577104513, 0.8660135211402025, -0.8660304694831714, 0.20001344577104513]",8.946063293715577,2.605683151401639
"[0.2000134709471965, 0.8660134988909126, -0.8660304789683013, 0.2000134709471965]",8.94959514824547,2.608826315637347
"[0.20001349619041056, 0.8660134765823565, -0.8660304884786971, 0.20001349619041056]",8.953128444721479,2.6119694798730544
"[0.20001352150095614, 0.8660134542142968, -0.8660304980144603, 0.20001352150095614]",8.95666318207699,2.615112644108762
"[0.20001354687915573, 0.8660134317864482, -0.866030507575712, 0.20001354687915573]",8.960199356550222,2.61825580834447
"[0.2000135723252778, 0.8660134092985736, -0.8660305171625535, 0.2000135723252778]",8.96373696008281,2.6213989725801774
"[0.2000135978395977, 0.8660133867504297, -0.8660305267750886, 0.2000135978395977]",8.967275993912564,2.624542136815885
"[0.20001362342244539, 0.8660133641417248, -0.8660305364134419, 0.20001362342244539]",8.970816452447732,2.6276853010515926
"[0.20001364907412908, 0.8660133414721866, -0.866030546077729, 0.20001364907412908]",8.97435833299015,2.6308284652873004
"[0.20001367479484855, 0.8660133187416383, -0.8660305557680253, 0.20001367479484855]",8.977901624286776,2.6339716295230082
"[0.20001370058499643, 0.8660132959497334, -0.8660305654844791, 0.20001370058499643]",8.9814463313545,2.6371147937587156
"[0.2000137264448359, 0.8660132730962391, -0.866030575227189, 0.2000137264448359]",8.984992442562424,2.6402579579944234
"[0.2000137523746105, 0.8660132501809399, -0.8660305849962473, 0.2000137523746105]",8.988539955157746,2.6434011222301312
"[0.20001377837469436, 0.8660132272035053, -0.8660305947917945, 0.20001377837469436]",8.9920888692477,2.6465442864658386
"[0.20001380444534192, 0.8660132041637109, -0.8660306046139266, 0.20001380444534192]",8.995639174196732,2.6496874507015464
"[0.20001383058684477, 0.8660131810612984, -0.8660306144627535, 0.20001383058684477]",8.999190867918452,2.6528306149372542
"[0.200013856799494, 0.8660131578960107, -0.8660306243383851, 0.200013856799494]",9.00274394299797,2.6559737791729616
"[0.20001388308361676, 0.8660131346675589, -0.8660306342409443, 0.20001388308361676]",9.006298399982441,2.6591169434086694
"[0.200013909439495, 0.8660131113756937, -0.8660306441705373, 0.200013909439495]",9.009854230546418,2.6622601076443773
"[0.20001393586739144, 0.8660130880201828, -0.8660306541272633, 0.20001393586739144]",9.013411429099838,2.6654032718800846
"[0.20001396236767477, 0.8660130646007008, -0.8660306641112613, 0.20001396236767477]",9.016969992751447,2.6685464361157925
"[0.2000139889406156, 0.8660130411170082, -0.8660306741226329, 0.2000139889406156]",9.02052991550297,2.6716896003515
"[0.20001401558647225, 0.8660130175688764, -0.8660306841614756, 0.20001401558647225]",9.024091190994017,2.6748327645872076
"[0.20001404230556247, 0.866012993956025, -0.8660306942279092, 0.20001404230556247]",9.027653813013387,2.6779759288229155
"[0.2000140690982397, 0.8660129702781421, -0.8660307043220667, 0.2000140690982397]",9.031217781859887,2.681119093058623
"[0.2000140959647471, 0.8660129465350118, -0.8660307144440399, 0.2000140959647471]",9.034783088184774,2.6842622572943307
"[0.2000141229053709, 0.8660129227263818, -0.8660307245939365, 0.2000141229053709]",9.03834972486907,2.6874054215300385
"[0.2000141499205115, 0.8660128988518981, -0.8660307347719073, 0.2000141499205115]",9.041917691380608,2.690548585765746
"[0.2000141770103949, 0.8660128749113611, -0.8660307449780377, 0.2000141770103949]",9.045486979633415,2.6936917500014537
"[0.20001420417528828, 0.8660128509045345, -0.866030755212428, 0.20001420417528828]",9.049057580536996,2.696834914237161
"[0.20001423141558175, 0.8660128268310736, -0.8660307654752253, 0.20001423141558175]",9.052629494657866,2.699978078472869
"[0.2000142587314741, 0.8660128026908027, -0.8660307757665046, 0.2000142587314741]",9.056202711088114,2.7031212427085762
"[0.20001428612334235, 0.8660127784833888, -0.866030786086408, 0.20001428612334235]",9.059777226373175,2.706264406944284
"[0.20001431359150046, 0.866012754208554, -0.8660307964350538, 0.20001431359150046]",9.063353033851593,2.7094075711799914
"[0.2000143411362297, 0.8660127298660504, -0.8660308068125475, 0.2000143411362297]",9.066930129070776,2.7125507354156992
"[0.20001436875785633, 0.8660127054555888, -0.8660308172190126, 0.20001436875785633]",9.070508506155996,2.7156938996514066
"[0.20001439645658306, 0.8660126809769908, -0.8660308276545252, 0.20001439645658306]",9.07408815691866,2.7188370638871144
"[0.20001442423284388, 0.8660126564298727, -0.8660308381192489, 0.20001442423284388]",9.077669073579298,2.7219802281228223
"[0.2000144520868953, 0.8660126318140077, -0.8660308486132802, 0.2000144520868953]",9.081251257522961,2.7251233923585296
"[0.20001448001902555, 0.866012607129141, -0.8660308591367277, 0.20001448001902555]",9.08483469550814,2.7282665565942374
"[0.20001450802955367, 0.8660125823749907, -0.866030869689712, 0.20001450802955367]",9.088419381108968,2.7314097208299453
"[0.20001453611881867, 0.8660125575512573, -0.8660308802723603, 0.20001453611881867]",9.092005314488103,2.7345528850656526
"[0.20001456428704756, 0.8660125326577401, -0.8660308908847583, 0.20001456428704756]",9.095592480939237,2.7376960493013605
"[0.20001459253461792, 0.8660125076941055, -0.8660309015270483, 0.20001459253461792]",9.099180879238345,2.740839213537068
"[0.20001462086177926, 0.8660124826601329, -0.8660309121993243, 0.20001462086177926]",9.102770500863656,2.7439823777727756
"[0.2000146492688888, 0.8660124575555068, -0.8660309229017207, 0.2000146492688888]",9.10636133984019,2.7471255420084835
"[0.20001467775628026, 0.8660124323799321, -0.8660309336343636, 0.20001467775628026]",9.109953388372027,2.750268706244191
"[0.20001470632417584, 0.8660124071332124, -0.8660309443973364, 0.20001470632417584]",9.113546642139177,2.7534118704798987
"[0.20001473497291178, 0.8660123818150506, -0.866030955190766, 0.20001473497291178]",9.117141091787634,2.7565550347156065
"[0.20001476370285284, 0.8660123564251243, -0.8660309660147896, 0.20001476370285284]",9.120736733045304,2.759698198951314
"[0.2000147925142129, 0.8660123309632446, -0.8660309768694879, 0.2000147925142129]",9.124333555454744,2.7628413631870217
"[0.20001482140736987, 0.8660123054290776, -0.8660309877550033, 0.20001482140736987]",9.127931553548661,2.7659845274227295
"[0.2000148503826503, 0.8660122798223345, -0.8660309986714588, 0.2000148503826503]",9.131530722762601,2.769127691658437
"[0.20001487944030732, 0.8660122541427918, -0.8660310096189497, 0.20001487944030732]",9.135131051209147,2.7722708558941447
"[0.20001490858063464, 0.8660122283901898, -0.866031020597587, 0.20001490858063464]",9.138732535400738,2.7754140201298525
"[0.2000149378040305, 0.8660122025641763, -0.86603103160752, 0.2000149378040305]",9.14233516826191,2.77855718436556
"[0.20001496711072378, 0.8660121766645495, -0.8660310426488358, 0.20001496711072378]",9.145938938566665,2.7817003486012677
"[0.20001499650102206, 0.8660121506910377, -0.8660310537216498, 0.20001499650102206]",9.149543842968805,2.784843512836975
"[0.20001502597529783, 0.8660121246433109, -0.8660310648261023, 0.20001502597529783]",9.15314987242127,2.787986677072683
"[0.20001505553383866, 0.8660120985211158, -0.8660310759623017, 0.20001505553383866]",9.156757018130385,2.7911298413083907
"[0.20001508517691893, 0.8660120723242096, -0.8660310871303514, 0.20001508517691893]",9.160365275279084,2.794273005544098
"[0.20001511490483678, 0.8660120460523286, -0.866031098330364, 0.20001511490483678]",9.163974635136753,2.797416169779806
"[0.20001514471798346, 0.8660120197051274, -0.8660311095624864, 0.20001514471798346]",9.167585088924273,2.8005593340155137
"[0.2000151746166291, 0.8660119932823671, -0.8660311208268207, 0.2000151746166291]",9.17119663022919,2.803702498251221
"[0.2000152046010244, 0.8660119667838263, -0.8660311321234613, 0.2000152046010244]",9.174809250972848,2.806845662486929
"[0.2000152346715999, 0.8660119402091241, -0.8660311434525704, 0.2000152346715999]",9.178422944896369,2.8099888267226367
"[0.2000152648285533, 0.8660119135580864, -0.8660311548142224, 0.2000152648285533]",9.182037699126644,2.813131990958344
"[0.20001529507224014, 0.8660118868303984, -0.8660311662085513, 0.20001529507224014]",9.185653510783633,2.816275155194052
"[0.2000153254029933, 0.8660118600257664, -0.8660311776356827, 0.2000153254029933]",9.18927036895166,2.8194183194297593
"[0.20001535582106117, 0.8660118331439705, -0.8660311890957099, 0.20001535582106117]",9.192888267802584,2.822561483665467
"[0.20001538632683774, 0.8660118061846628, -0.8660312005887812, 0.20001538632683774]",9.196507197080122,2.8257046479011745
"[0.2000154169205691, 0.8660117791476257, -0.8660312121149898, 0.2000154169205691]",9.200127150317957,2.8288478121368823
"[0.20001544760256168, 0.8660117520325885, -0.8660312236744508, 0.20001544760256168]",9.203748119395225,2.8319909763725897
"[0.20001547837317307, 0.8660117248392347, -0.8660312352672993, 0.20001547837317307]",9.207370092696966,2.8351341406082975
"[0.20001550923271014, 0.8660116975672939, -0.8660312468936505, 0.20001550923271014]",9.210993065235103,2.838277304844005
"[0.20001554018143577, 0.8660116702165334, -0.8660312585536035, 0.20001554018143577]",9.214617029286043,2.8414204690797127
"[0.2000155712196773, 0.8660116427866636, -0.8660312702472818, 0.2000155712196773]",9.218241973008203,2.8445636333154205
"[0.2000156023477313, 0.8660116152774229, -0.8660312819747971, 0.2000156023477313]",9.221867888914328,2.847706797551128
"[0.2000156335660094, 0.8660115876884474, -0.8660312937363042, 0.2000156335660094]",9.225494771990807,2.8508499617868357
"[0.20001566487472977, 0.8660115600195439, -0.8660313055318859, 0.20001566487472977]",9.229122610061042,2.8539931260225435
"[0.20001569627414645, 0.8660115322704885, -0.8660313173616373, 0.20001569627414645]",9.232751393694448,2.857136290258251
"[0.20001572776470317, 0.8660115044408888, -0.8660313292257257, 0.20001572776470317]",9.236381116665568,2.8602794544939587
"[0.20001575934663196, 0.8660114765305396, -0.8660313411242387, 0.20001575934663196]",9.240011769638222,2.863422618729666
"[0.200015791020213, 0.8660114485391935, -0.8660313530572818, 0.200015791020213]",9.243643342589849,2.866565782965374
"[0.20001582278580574, 0.8660114204665328, -0.8660313650249903, 0.20001582278580574]",9.247275826695338,2.8697089472010817
"[0.20001585464374785, 0.8660113923122589, -0.8660313770274918, 0.20001585464374785]",9.250909215020302,2.872852111436789
"[0.20001588659427477, 0.8660113640761639, -0.8660313890648746, 0.20001588659427477]",9.254543497892627,2.875995275672497
"[0.20001591863782464, 0.8660113357578607, -0.8660314011373038, 0.20001591863782464]",9.258178666841317,2.8791384399082047
"[0.20001595077450685, 0.8660113073572524, -0.8660314132448207, 0.20001595077450685]",9.261814709689954,2.882281604143912
"[0.20001598300474835, 0.8660112788739619, -0.8660314253875864, 0.20001598300474835]",9.26545161930063,2.88542476837962
"[0.200016015328909, 0.866011250307671, -0.8660314375657361, 0.200016015328909]",9.269089387309892,2.8885679326153277
"[0.20001604774719703, 0.8660112216581957, -0.8660314497793484, 0.20001604774719703]",9.272728004707574,2.891711096851035
"[0.20001608025995474, 0.8660111929252335, -0.8660314620285524, 0.20001608025995474]",9.276367458954196,2.894854261086743
"[0.20001611286754883, 0.8660111641084606, -0.8660314743134858, 0.20001611286754883]",9.280007745804584,2.8979974253224503
"[0.2000161455701303, 0.8660111352077432, -0.866031486634206, 0.2000161455701303]",9.28364885129803,2.901140589558158
"[0.20001617836819188, 0.866011106222646, -0.8660314989908985, 0.20001617836819188]",9.287290772157679,2.904283753793866
"[0.20001621126193253, 0.8660110771529931, -0.8660315113836381, 0.20001621126193253]",9.29093349094622,2.9074269180295733
"[0.20001624425172282, 0.8660110479984571, -0.8660315238125645, 0.20001624425172282]",9.294577003174112,2.910570082265281
"[0.2000162773377398, 0.8660110187588814, -0.8660315362777445, 0.2000162773377398]",9.298221297731448,2.913713246500989
"[0.20001631052040225, 0.8660109894338964, -0.8660315487793355, 0.20001631052040225]",9.30186636600118,2.9168564107366963
"[0.20001634379999383, 0.866010960023251, -0.8660315613174447, 0.20001634379999383]",9.305512196388756,2.919999574972404
"[0.20001637717683643, 0.8660109305266603, -0.8660315738921939, 0.20001637717683643]",9.309158780792803,2.923142739208112
"[0.2000164106512003, 0.8660109009438863, -0.8660315865036838, 0.2000164106512003]",9.312806109508768,2.9262859034438193
"[0.2000164442234438, 0.8660108712746118, -0.8660315991520502, 0.2000164442234438]",9.316454175637654,2.929429067679527
"[0.2000164778938215, 0.866010841518612, -0.8660316118373886, 0.2000164778938215]",9.320102964522333,2.9325722319152345
"[0.20001651166263898, 0.8660108116756169, -0.8660316245598145, 0.20001651166263898]",9.32375246937688,2.9357153961509423
"[0.2000165455302324, 0.8660107817453292, -0.8660316373194542, 0.2000165455302324]",9.327402677345193,2.93885856038665
"[0.20001657949687782, 0.8660107517275051, -0.866031650116412, 0.20001657949687782]",9.33105358425866,2.9420017246223575
"[0.20001661356285322, 0.8660107216218991, -0.8660316629507923, 0.20001661356285322]",9.334705171856584,2.9451448888580654
"[0.20001664772851954, 0.8660106914281918, -0.8660316758227312, 0.20001664772851954]",9.338357439280584,2.9482880530937727
"[0.20001668199414085, 0.8660106611461501, -0.8660316887323285, 0.20001668199414085]",9.342010368070099,2.9514312173294805
"[0.20001671636000468, 0.8660106307755199, -0.8660317016796922, 0.20001671636000468]",9.345663952348593,2.954574381565188
"[0.20001675082647005, 0.8660106003159838, -0.8660317146649578, 0.20001675082647005]",9.34931818490274,2.9577175458008957
"[0.2000167853937779, 0.8660105697673293, -0.8660317276882157, 0.2000167853937779]",9.352973047225289,2.960860710036603
"[0.20001682006224925, 0.8660105391292718, -0.8660317407495871, 0.20001682006224925]",9.356628537985797,2.964003874272311
"[0.20001685483226697, 0.8660105084014741, -0.8660317538492162, 0.20001685483226697]",9.360284644544015,2.9671470385080188
"[0.2000168897039904, 0.8660104775837945, -0.8660317669871631, 0.2000168897039904]",9.363941353783625,2.970290202743726
"[0.2000169246777803, 0.8660104466759144, -0.8660317801635636, 0.2000169246777803]",9.367598659110477,2.973433366979434
"[0.20001695975396108, 0.8660104156775472, -0.8660317933785401, 0.20001695975396108]",9.371256545764956,2.9765765312151413
"[0.20001699493279576, 0.8660103845884606, -0.8660318066321915, 0.20001699493279576]",9.374915007494915,2.979719695450849
"[0.20001703021455816, 0.8660103534084123, -0.866031819924621, 0.20001703021455816]",9.378574032193915,2.982862859686557
"[0.20001706559958538, 0.8660103221371045, -0.8660318332559557, 0.20001706559958538]",9.382233609250196,2.9860060239222643
"[0.2000171010882174, 0.8660102907742369, -0.8660318466263237, 0.2000171010882174]",9.385893729375733,2.989149188157972
"[0.2000171366806244, 0.8660102593196591, -0.8660318600357889, 0.2000171366806244]",9.389554380700071,2.99229235239368
"[0.20001717237718977, 0.8660102277730319, -0.8660318734844961, 0.20001717237718977]",9.393215553836656,2.9954355166293873
"[0.20001720817824736, 0.8660101961340607, -0.8660318869725706, 0.20001720817824736]",9.396877238219119,2.998578680865095
"[0.20001724408397098, 0.8660101644025918, -0.8660319005000784, 0.20001724408397098]",9.400539421763886,3.001721845100803
"[0.2000172800947844, 0.8660101325782505, -0.8660319140671787, 0.2000172800947844]",9.40420209579989,3.0048650093365104
"[0.2000173162108296, 0.8660101006609116, -0.8660319276739253, 0.2000173162108296]",9.407865249874169,3.008008173572218
"[0.20001735243256188, 0.8660100686501725, -0.8660319413204897, 0.20001735243256188]",9.411528871792397,3.0111513378079255
"[0.20001738876011813, 0.8660100365459124, -0.8660319550069233, 0.20001738876011813]",9.415192952339515,3.0142945020436334
"[0.20001742519389207, 0.8660100043477832, -0.8660319687333747, 0.20001742519389207]",9.418857476960294,3.017437666279341
"[0.20001746173419394, 0.8660099720555109, -0.8660319824999604, 0.20001746173419394]",9.42252244389719,3.0205808305150486
"[0.2000174983811386, 0.866009939668994, -0.8660319963067239, 0.2000174983811386]",9.426187829647494,3.0237239947507564
"[0.20001753513525894, 0.8660099071877612, -0.8660320101538662, 0.20001753513525894]",9.42985363555982,3.026867158986464
"[0.20001757199665612, 0.8660098746117236, -0.8660320240414251, 0.20001757199665612]",9.433519843961145,3.0300103232221716
"[0.2000176089656928, 0.8660098419405603, -0.8660320379695373, 0.2000176089656928]",9.437186444770113,3.0331534874578794
"[0.2000176460426491, 0.866009809174024, -0.8660320519383083, 0.2000176460426491]",9.440853430302722,3.036296651693587
"[0.2000176832278584, 0.8660097763118199, -0.8660320659478637, 0.2000176832278584]",9.444520787914065,3.0394398159292946
"[0.200017720521446, 0.8660097433538375, -0.8660320799982508, 0.200017720521446]",9.448188505346245,3.0425829801650024
"[0.20001775792393744, 0.8660097102996124, -0.8660320940896677, 0.20001775792393744]",9.451856572388513,3.04572614440071
"[0.20001779543541032, 0.8660096771490755, -0.8660321082221434, 0.20001779543541032]",9.45552498029954,3.0488693086364176
"[0.20001783305617166, 0.866009643901956, -0.8660321223957935, 0.20001783305617166]",9.45919371318607,3.0520124728721254
"[0.2000178707866303, 0.8660096105578923, -0.8660321366107724, 0.2000178707866303]",9.462862767889566,3.0551556371078328
"[0.20001790862692415, 0.8660095771167629, -0.8660321508671317, 0.20001790862692415]",9.466532124380349,3.0582988013435406
"[0.200017946577419, 0.8660095435782441, -0.8660321651650095, 0.200017946577419]",9.470201780535564,3.0614419655792484
"[0.2000179846383903, 0.8660095099420928, -0.8660321795045094, 0.2000179846383903]",9.473871716183337,3.064585129814956
"[0.20001802281006925, 0.8660094762081044, -0.8660321938857186, 0.20001802281006925]",9.477541926760079,3.0677282940506636
"[0.20001806109272943, 0.8660094423760374, -0.8660322083087401, 0.20001806109272943]",9.481212400984182,3.070871458286371
"[0.2000180994867695, 0.8660094084455391, -0.8660322227737239, 0.2000180994867695]",9.484883126686308,3.074014622522079
"[0.20001813799230594, 0.8660093744165069, -0.8660322372807144, 0.20001813799230594]",9.488554091980815,3.077157786757786
"[0.2000181766097467, 0.8660093402885803, -0.866032251829865, 0.2000181766097467]",9.492225285901144,3.080300950993494
"[0.2000182153391991, 0.8660093060616645, -0.866032266421216, 0.2000182153391991]",9.495896697535827,3.0834441152292014
"[0.20001825418111188, 0.8660092717353627, -0.8660322810549365, 0.20001825418111188]",9.499568316864282,3.086587279464909
"[0.20001829313561167, 0.8660092373095629, -0.8660322957310743, 0.20001829313561167]",9.503240131869966,3.089730443700617
"[0.2000183322030768, 0.8660092027839311, -0.866032310449772, 0.2000183322030768]",9.506912130844402,3.0928736079363244
"[0.20001837138374962, 0.8660091681582528, -0.8660323252111208, 0.20001837138374962]",9.510584302511688,3.096016772172032
"[0.20001841067785014, 0.8660091334323339, -0.8660323400152038, 0.20001841067785014]",9.514256636755798,3.0991599364077396
"[0.20001845008568292, 0.8660090986059051, -0.8660323548621355, 0.20001845008568292]",9.51792912607617,3.1023031006434474
"[0.2000184896075621, 0.8660090636786887, -0.8660323697520343, 0.2000184896075621]",9.521601751308959,3.105446264879155
"[0.20001852924366456, 0.8660090286505285, -0.8660323846849669, 0.20001852924366456]",9.525274506102429,3.1085894291148626
"[0.20001856899429923, 0.8660089935211512, -0.8660323996610496, 0.20001856899429923]",9.52894737961378,3.1117325933505704
"[0.20001860885978048, 0.8660089582902794, -0.866032414680401, 0.20001860885978048]",9.532620359950645,3.114875757586278
"[0.20001864884029122, 0.8660089229577513, -0.8660324297430899, 0.20001864884029122]",9.53629343401058,3.1180189218219856
"[0.20001868893608543, 0.8660088875233425, -0.8660324448492118, 0.20001868893608543]",9.539966593532334,3.1211620860576934
"[0.20001872914747987, 0.8660088519867729, -0.8660324599988865, 0.20001872914747987]",9.543639824754543,3.124305250293401
"[0.20001876947473826, 0.8660088163478096, -0.866032475192213, 0.20001876947473826]",9.547313118608937,3.1274484145291086
"[0.2000188099180499, 0.8660087806062852, -0.8660324904292627, 0.2000188099180499]",9.550986462293942,3.1305915787648164
"[0.20001885047775142, 0.8660087447619021, -0.8660325057101624, 0.20001885047775142]",9.554659845646942,3.133734743000524
"[0.20001889115407062, 0.8660087088144593, -0.8660325210349981, 0.20001889115407062]",9.558333256953103,3.1368779072362316
"[0.20001893194726628, 0.8660086727637281, -0.8660325364038669, 0.20001893194726628]",9.562006684639725,3.1400210714719394
"[0.20001897285751208, 0.8660086366095545, -0.8660325518168348, 0.20001897285751208]",9.565680118429796,3.1431642357076472
"[0.20001901388519855, 0.866008600351594, -0.8660325672740483, 0.20001901388519855]",9.56935354754364,3.1463073999433546
"[0.20001905503049505, 0.8660085639896966, -0.8660325827755718, 0.20001905503049505]",9.573026959776946,3.149450564179062
"[0.200019096293636, 0.8660085275236552, -0.8660325983214934, 0.200019096293636]",9.576700344522624,3.1525937284147703
"[0.2000191376749966, 0.8660084909531383, -0.8660326139119542, 0.2000191376749966]",9.580373687677975,3.1557368926504776
"[0.20001917917465914, 0.8660084542780728, -0.8660326295469856, 0.20001917917465914]",9.584046982557659,3.158880056886185
"[0.20001922079296158, 0.8660084174981606, -0.8660326452267146, 0.20001922079296158]",9.587720212105483,3.1620232211218933
"[0.2000192625300895, 0.8660083806132374, -0.8660326609512113, 0.2000192625300895]",9.591393373973663,3.1651663853576006
"[0.20001930438642684, 0.8660083436229639, -0.8660326767206205, 0.20001930438642684]",9.595066449154869,3.168309549593308
"[0.20001934636204877, 0.8660083065272736, -0.8660326925349702, 0.20001934636204877]",9.598739427885652,3.1714527138290163
"[0.2000193884572737, 0.8660082693258854, -0.8660327083943804, 0.2000193884572737]",9.60241230222384,3.1745958780647237
"[0.20001943067238284, 0.8660082320185506, -0.8660327242989572, 0.20001943067238284]",9.60608505735722,3.177739042300431
"[0.20001947300755687, 0.8660081946051092, -0.8660327402487686, 0.20001947300755687]",9.609757685141235,3.1808822065361384
"[0.20001951546301794, 0.8660081570853654, -0.8660327562438984, 0.20001951546301794]",9.613430171656075,3.1840253707718467
"[0.20001955803903804, 0.8660081194590789, -0.8660327722844487, 0.20001955803903804]",9.617102507984795,3.187168535007554
"[0.20001960073589517, 0.8660080817260033, -0.8660327883705248, 0.20001960073589517]",9.62077468327819,3.1903116992432614
"[0.2000196435537795, 0.8660080438859713, -0.8660328045021981, 0.2000196435537795]",9.624446681738938,3.1934548634789692
"[0.200019686492861, 0.8660080059388323, -0.8660328206795325, 0.200019686492861]",9.628118497732522,3.196598027714677
"[0.20001972955351105, 0.8660079678842582, -0.8660328369026679, 0.20001972955351105]",9.631790117765203,3.1997411919503844
"[0.20001977273585694, 0.8660079297221365, -0.8660328531716527, 0.20001977273585694]",9.635461531191929,3.2028843561860922
"[0.20001981604019017, 0.8660078914522097, -0.8660328694865961, 0.20001981604019017]",9.639132727224938,3.2060275204218
"[0.20001985946665174, 0.8660078530743531, -0.8660328858475517, 0.20001985946665174]",9.642803691789798,3.2091706846575074
"[0.20001990301552236, 0.8660078145883182, -0.866032902254625, 0.20001990301552236]",9.646474417922256,3.2123138488932153
"[0.20001994668710266, 0.8660077759938402, -0.8660329187079293, 0.20001994668710266]",9.650144893589808,3.2154570131289226
"[0.20001999048149197, 0.8660077372908306, -0.8660329352075022, 0.20001999048149197]",9.653815104639426,3.2186001773646304
"[0.20002003439895402, 0.8660076984790568, -0.8660329517534429, 0.20002003439895402]",9.6574850444824,3.2217433416003383
"[0.20002007843973352, 0.8660076595583021, -0.8660329683458436, 0.20002007843973352]",9.661154700473508,3.2248865058360456
"[0.20002012260404048, 0.8660076205283812, -0.8660329849847833, 0.20002012260404048]",9.664824060908842,3.228029670071753
"[0.20002016689205743, 0.8660075813891329, -0.866033001670331, 0.20002016689205743]",9.668493113594788,3.2311728343074613
"[0.20002021130417064, 0.8660075421402155, -0.8660330184026322, 0.20002021130417064]",9.672161851881869,3.2343159985431686
"[0.2000202558403545, 0.866007502781652, -0.8660330351816773, 0.2000202558403545]",9.675830259445709,3.237459162778876
"[0.20002030050090325, 0.8660074633131818, -0.866033052007577, 0.20002030050090325]",9.679498328847167,3.2406023270145843
"[0.20002034528610968, 0.8660074237345469, -0.8660330688804415, 0.20002034528610968]",9.683166047618673,3.2437454912502917
"[0.20002039019610696, 0.8660073840456292, -0.8660330858003212, 0.20002039019610696]",9.68683340645642,3.246888655485999
"[0.20002043523114757, 0.8660073442462054, -0.8660331027673114, 0.20002043523114757]",9.690500392048268,3.2500318197217073
"[0.2000204803914251, 0.8660073043361048, -0.8660331197814846, 0.2000204803914251]",9.694166996381622,3.2531749839574147
"[0.200020525677147, 0.8660072643151437, -0.8660331368429189, 0.200020525677147]",9.697833206346038,3.256318148193122
"[0.2000205710885239, 0.8660072241831365, -0.8660331539516942, 0.2000205710885239]",9.701499012831638,3.2594613124288294
"[0.2000206166257358, 0.8660071839399237, -0.866033171107878, 0.2000206166257358]",9.705164406910635,3.2626044766645377
"[0.20002066228902474, 0.8660071435852914, -0.8660331883115616, 0.20002066228902474]",9.708829370702317,3.265747640900245
"[0.20002070807858852, 0.8660071031190649, -0.8660332055628194, 0.20002070807858852]",9.712493899998822,3.2688908051359524
"[0.2000207539945526, 0.8660070625411335, -0.8660332228616986, 0.2000207539945526]",9.7161579821949,3.2720339693716607
"[0.2000208000372415, 0.8660070218512101, -0.8660332402083215, 0.2000208000372415]",9.719821606644398,3.275177133607368
"[0.20002084620675786, 0.866006981049204, -0.8660332576027269, 0.20002084620675786]",9.723484763664368,3.2783202978430754
"[0.20002089250328653, 0.8660069401349522, -0.8660332750449845, 0.20002089250328653]",9.727147438964195,3.2814634620787837
"[0.2000209389271589, 0.8660068991081615, -0.866033292535219, 0.2000209389271589]",9.730809626361003,3.284606626314491
"[0.2000209854783164, 0.866006857968884, -0.8660333100734081, 0.2000209854783164]",9.734471311473495,3.2877497905501984
"[0.20002103215721106, 0.8660068167167198, -0.8660333276597227, 0.20002103215721106]",9.73813248779276,3.2908929547859067
"[0.20002107896391283, 0.8660067753516072, -0.8660333452941887, 0.20002107896391283]",9.741793140295393,3.294036119021614
"[0.20002112589859222, 0.8660067338733958, -0.8660333629768704, 0.20002112589859222]",9.745453263581865,3.2971792832573215
"[0.20002117296149247, 0.8660066922818702, -0.8660333807078597, 0.20002117296149247]",9.749112843699706,3.3003224474930297
"[0.20002122015268856, 0.8660066505769647, -0.8660333984871844, 0.20002122015268856]",9.752771870568,3.303465611728737
"[0.2000212674725738, 0.8660066087583312, -0.8660334163149932, 0.2000212674725738]",9.756430334976075,3.3066087759644445
"[0.20002131492109432, 0.8660065668260176, -0.8660334341912654, 0.20002131492109432]",9.760088226616624,3.3097519402001523
"[0.20002136249853167, 0.8660065247797749, -0.8660334521161072, 0.20002136249853167]",9.763745531360682,3.31289510443586
"[0.20002141020514397, 0.8660064826193752, -0.866033470089616, 0.20002141020514397]",9.767402246039694,3.3160382686715675
"[0.20002145804092392, 0.8660064403448248, -0.8660334881117888, 0.20002145804092392]",9.771058353793725,3.3191814329072753
"[0.20002150600620652, 0.8660063979558278, -0.8660335061827518, 0.20002150600620652]",9.774713846399598,3.322324597142983
"[0.2000215541011033, 0.8660063554522853, -0.8660335243025473, 0.2000215541011033]",9.778368716465442,3.3254677613786905
"[0.20002160232580055, 0.8660063128340331, -0.8660335424712453, 0.20002160232580055]",9.782022949423737,3.3286109256143983
"[0.20002165068050407, 0.866006270100889, -0.8660335606889235, 0.20002165068050407]",9.78567653930614,3.3317540898501057
"[0.200021699165278, 0.8660062272527966, -0.8660335789556057, 0.200021699165278]",9.789329471654025,3.3348972540858135
"[0.20002174778038193, 0.8660061842895264, -0.86603359727139, 0.20002174778038193]",9.792981740813039,3.338040418321521
"[0.20002179652595325, 0.8660061412109568, -0.8660336156363281, 0.20002179652595325]",9.796633333791588,3.3411835825572287
"[0.20002184540218718, 0.8660060980169153, -0.8660336340504936, 0.20002184540218718]",9.800284242055794,3.344326746792936
"[0.20002189440907275, 0.8660060547074118, -0.8660336525138824, 0.20002189440907275]",9.803934454020322,3.347469911028644
"[0.20002194354700742, 0.8660060112820952, -0.8660336710266441, 0.20002194354700742]",9.807583961948014,3.3506130752643517
"[0.2000219928160512, 0.8660059677409118, -0.8660336895888012, 0.2000219928160512]",9.81123275538249,3.353756239500059
"[0.2000220422163727, 0.8660059240837134, -0.8660337082004175, 0.2000220422163727]",9.81488082448509,3.3568994037357665
"[0.20002209174805047, 0.86600588031043, -0.8660337268615226, 0.20002209174805047]",9.818528156359585,3.3600425679714747
"[0.20002214141133098, 0.866005836420844, -0.8660337455722091, 0.20002214141133098]",9.822174745950601,3.363185732207182
"[0.20002219120635797, 0.8660057924148284, -0.8660337643325315, 0.20002219120635797]",9.825820581788443,3.3663288964428895
"[0.20002224113322997, 0.8660057482922962, -0.8660337831425265, 0.20002224113322997]",9.829465651918085,3.3694720606785977
"[0.20002229119215162, 0.8660057040530662, -0.8660338020022715, 0.20002229119215162]",9.833109951754242,3.372615224914305
"[0.2000223413832184, 0.8660056596970547, -0.8660338209118025, 0.2000223413832184]",9.836753468453475,3.3757583891500125
"[0.20002239170662872, 0.8660056152240856, -0.866033839871194, 0.20002239170662872]",9.840396189790194,3.3789015533857207
"[0.2000224421625214, 0.8660055706340366, -0.8660338588804986, 0.2000224421625214]",9.844038114355806,3.382044717621428
"[0.20002249275092038, 0.8660055259268866, -0.8660338779397249, 0.20002249275092038]",9.847679223486878,3.3851878818571355
"[0.20002254347215917, 0.8660054811023408, -0.8660338970489989, 0.20002254347215917]",9.851319513213937,3.3883310460928437
"[0.20002259432625952, 0.8660054361603798, -0.8660339162083289, 0.20002259432625952]",9.854958974534458,3.391474210328551
"[0.20002264531330544, 0.8660053911009297, -0.8660339354177462, 0.20002264531330544]",9.858597594181429,3.3946173745642585
"[0.20002269643357257, 0.8660053459237467, -0.866033954677355, 0.20002269643357257]",9.862235366944399,3.3977605387999668
"[0.20002274768711226, 0.8660053006287853, -0.8660339739871743, 0.20002274768711226]",9.86587228219861,3.400903703035674
"[0.2000227990739747, 0.8660052552160014, -0.8660339933472232, 0.2000227990739747]",9.869508330162544,3.4040468672713815
"[0.2000228505944926, 0.8660052096851009, -0.8660340127576269, 0.2000228505944926]",9.873143503400794,3.4071900315070898
"[0.20002290224856398, 0.8660051640361739, -0.8660340322183472, 0.20002290224856398]",9.876777789539549,3.410333195742797
"[0.20002295403655856, 0.8660051182688935, -0.8660340517295234, 0.20002295403655856]",9.880411183962732,3.4134763599785045
"[0.20002300595839437, 0.8660050723833322, -0.8660340712911246, 0.20002300595839437]",9.884043672156428,3.416619524214212
"[0.20002305801425482, 0.8660050263793284, -0.8660340909032196, 0.20002305801425482]",9.88767525003329,3.41976268844992
"[0.20002311020432986, 0.8660049802567137, -0.8660341105658803, 0.20002311020432986]",9.89130590763206,3.4229058526856275
"[0.2000231625287062, 0.8660049340154117, -0.866034130279139, 0.2000231625287062]",9.894935634869258,3.426049016921335
"[0.20002321498743902, 0.8660048876553733, -0.8660341500430171, 0.20002321498743902]",9.898564424707498,3.429192181157043
"[0.20002326758069774, 0.8660048411764494, -0.8660341698575779, 0.20002326758069774]",9.902192265992172,3.4323353453927505
"[0.20002332030858436, 0.8660047945785492, -0.86603418972286, 0.20002332030858436]",9.905819153141213,3.435478509628458
"[0.20002337317116978, 0.8660047478616105, -0.86603420963889, 0.20002337317116978]",9.909445075646541,3.438621673864166
"[0.2000234261686888, 0.8660047010254258, -0.8660342296057566, 0.2000234261686888]",9.913070024791706,3.4417648380998735
"[0.2000234793010768, 0.866004654070052, -0.8660342496234352, 0.2000234793010768]",9.916693991526929,3.444908002335581
"[0.2000235325685451, 0.8660046069953024, -0.8660342696920057, 0.2000235325685451]",9.920316972363985,3.4480511665712887
"[0.20002358597124176, 0.8660045598010462, -0.8660342898115236, 0.20002358597124176]",9.92393895249976,3.4511943308069966
"[0.20002363950915444, 0.8660045124872942, -0.8660343099819846, 0.20002363950915444]",9.92755992552488,3.454337495042704
"[0.20002369318244048, 0.8660044650539077, -0.8660343302034474, 0.20002369318244048]",9.931179882968902,3.4574806592784117
"[0.20002374699123632, 0.8660044175007654, -0.8660343504759641, 0.20002374699123632]",9.934798819111421,3.460623823514119
"[0.2000238009355586, 0.8660043698278533, -0.8660343707995404, 0.2000238009355586]",9.938416721318072,3.463766987749827
"[0.20002385501556455, 0.8660043220350323, -0.8660343911742358, 0.20002385501556455]",9.942033587941951,3.4669101519855348
"[0.2000239092313287, 0.8660042741222365, -0.8660344116000783, 0.2000239092313287]",9.94564940291465,3.470053316221242
"[0.20002396358295835, 0.8660042260893709, -0.8660344320771087, 0.20002396358295835]",9.94926416495836,3.4731964804569495
"[0.20002401807051082, 0.8660041779363851, -0.866034452605348, 0.20002401807051082]",9.952877861650942,3.4763396446926578
"[0.20002407269405817, 0.8660041296632152, -0.8660344731848236, 0.20002407269405817]",9.956490487774088,3.479482808928365
"[0.20002412745378642, 0.8660040812696971, -0.8660344938156056, 0.20002412745378642]",9.960102034538393,3.4826259731640725
"[0.20002418234968775, 0.8660040327558374, -0.8660345144976912, 0.20002418234968775]",9.963712496479394,3.485769137399781
"[0.20002423738186725, 0.8660039841215433, -0.8660345352311196, 0.20002423738186725]",9.967321862832529,3.488912301635488
"[0.2000242925504011, 0.8660039353667476, -0.86603455601592, 0.2000242925504011]",9.970930124476569,3.4920554658711955
"[0.20002434785537376, 0.8660038864913756, -0.8660345768521239, 0.20002434785537376]",9.974537276969183,3.495198630106903
"[0.20002440329691612, 0.8660038374953116, -0.8660345977397806, 0.20002440329691612]",9.978143311646278,3.498341794342611
"[0.20002445887499562, 0.8660037883785846, -0.8660346186788781, 0.20002445887499562]",9.981748221874186,3.5014849585783185
"[0.20002451458975787, 0.8660037391410654, -0.866034639669471, 0.20002451458975787]",9.985352000168016,3.504628122814026
"[0.20002457044131658, 0.8660036897826542, -0.8660346607116023, 0.20002457044131658]",9.988954638462756,3.507771287049734
"[0.20002462642969943, 0.866003640303326, -0.8660346818052821, 0.20002462642969943]",9.99255612922566,3.5109144512854416
"[0.2000246825549199, 0.8660035907030692, -0.866034702950516, 0.2000246825549199]",9.99615646302588,3.514057615521149
"[0.20002473881702057, 0.8660035409818462, -0.8660347241473196, 0.20002473881702057]",9.999755638483974,3.517200779756857
"[0.20002479521628322, 0.8660034911394076, -0.8660347453957993, 0.20002479521628322]",10.00335364240539,3.5203439439925646
"[0.20002485175251447, 0.8660034411759244, -0.8660347666958822, 0.20002485175251447]",10.006950472910829,3.523487108228272
"[0.20002490842591558, 0.8660033910912192, -0.8660347880476441, 0.20002490842591558]",10.010546120826579,3.52663027246398
"[0.20002496523657828, 0.8660033408852105, -0.8660348094511194, 0.20002496523657828]",10.014140575033101,3.5297734366996876
"[0.20002502218445078, 0.8660032905579442, -0.866034830906289, 0.20002502218445078]",10.017733837289564,3.532916600935395
"[0.20002507926961116, 0.8660032401093514, -0.866034852413182, 0.20002507926961116]",10.021325891726839,3.536059765171103
"[0.20002513649214568, 0.8660031895393557, -0.866034873971831, 0.20002513649214568]",10.024916738332848,3.5392029294068106
"[0.20002519385213394, 0.8660031388478867, -0.8660348955822659, 0.20002519385213394]",10.028506365572026,3.542346093642518
"[0.2000252513495778, 0.8660030880349431, -0.8660349172444874, 0.2000252513495778]",10.032094770728762,3.545489257878226
"[0.20002530898456244, 0.8660030371004492, -0.8660349389585279, 0.20002530898456244]",10.035681945850127,3.5486324221139336
"[0.20002536675709653, 0.8660029860443977, -0.8660349607243901, 0.20002536675709653]",10.039267883408778,3.551775586349641
"[0.2000254246672605, 0.8660029348667173, -0.8660349825421049, 0.2000254246672605]",10.042852578608436,3.5549187505853492
"[0.2000254827150251, 0.8660028835674339, -0.8660350044116609, 0.2000254827150251]",10.046436021536676,3.5580619148210566
"[0.2000255409005087, 0.866002832146443, -0.8660350263331029, 0.2000255409005087]",10.050018211514901,3.561205079056764
"[0.20002559922375035, 0.86600278060371, -0.8660350483064454, 0.20002559922375035]",10.05359913610261,3.5643482432924714
"[0.20002565768482392, 0.8660027289391697, -0.8660350703317165, 0.20002565768482392]",10.057178793946616,3.5674914075281796
"[0.20002571628357152, 0.8660026771529618, -0.8660350924088565, 0.20002571628357152]",10.060757177789682,3.570634571763887
"[0.2000257750203772, 0.8660026252447464, -0.8660351145380099, 0.2000257750203772]",10.064334279192128,3.5737777359995944
"[0.20002583389485984, 0.8660025732148606, -0.8660351367190336, 0.20002583389485984]",10.067910096411621,3.576920900235302
"[0.20002589290734044, 0.8660025210630209, -0.8660351589520483, 0.20002589290734044]",10.071484618832113,3.58006406447101
"[0.20002595205778784, 0.8660024687892547, -0.8660351812370422, 0.20002595205778784]",10.075057842674076,3.5832072287067174
"[0.20002601134615106, 0.8660024163936066, -0.8660352035739963, 0.20002601134615106]",10.078629763699492,3.586350392942425
"[0.20002607077258336, 0.8660023638759421, -0.8660352259629681, 0.20002607077258336]",10.082200372844532,3.5894935571781326
"[0.20002613033699615, 0.8660023112363388, -0.8660352484039243, 0.20002613033699615]",10.085769668616718,3.5926367214138404
"[0.2000261900393804, 0.8660022584748049, -0.8660352708968616, 0.2000261900393804]",10.089337642006091,3.595779885649548
"[0.20002624987994608, 0.8660022055911548, -0.8660352934418591, 0.20002624987994608]",10.09290428806852,3.5989230498852556
"[0.20002630985854752, 0.8660021525855172, -0.8660353160388619, 0.20002630985854752]",10.096469600837597,3.602066214120963
"[0.20002636997523515, 0.8660020994578476, -0.8660353386878887, 0.20002636997523515]",10.100033575624604,3.605209378356671
"[0.20002643023005703, 0.8660020462081034, -0.866035361388958, 0.20002643023005703]",10.103596207819866,3.6083525425923786
"[0.200026490622955, 0.8660019928363365, -0.866035384142048, 0.200026490622955]",10.107157492286376,3.611495706828086
"[0.20002655115406187, 0.8660019393424288, -0.8660354069472082, 0.20002655115406187]",10.110717421356087,3.6146388710637942
"[0.20002661182326587, 0.8660018857264796, -0.8660354298043966, 0.20002661182326587]",10.114275991558596,3.6177820352995016
"[0.20002667263068158, 0.8660018319883875, -0.8660354527136569, 0.20002667263068158]",10.117833199541998,3.620925199535209
"[0.20002673357628525, 0.8660017781281734, -0.8660354756749797, 0.20002673357628525]",10.121389036797504,3.6240683637709172
"[0.20002679465994724, 0.8660017241459519, -0.8660354986883163, 0.20002679465994724]",10.124943501458675,3.6272115280066246
"[0.20002685588192268, 0.8660016700414976, -0.8660355217537627, 0.20002685588192268]",10.128496585768584,3.630354692242332
"[0.20002691724196583, 0.8660016158150278, -0.8660355448712265, 0.20002691724196583]",10.132048287834689,3.6334978564780402
"[0.20002697874027658, 0.8660015614663656, -0.8660355680407829, 0.20002697874027658]",10.135598600644851,3.6366410207137476
"[0.20002704037670568, 0.866001506995643, -0.8660355912623756, 0.20002704037670568]",10.139147520436232,3.639784184949455
"[0.20002710215132044, 0.8660014524028007, -0.8660356145360302, 0.20002710215132044]",10.142695043519087,3.6429273491851624
"[0.2000271640641254, 0.8660013976878345, -0.8660356378617481, 0.2000271640641254]",10.14624116317271,3.6460705134208706
"[0.20002722611508605, 0.8660013428507748, -0.8660356612395165, 0.20002722611508605]",10.149785876726236,3.649213677656578
"[0.2000272883041164, 0.8660012878916977, -0.866035684669303, 0.2000272883041164]",10.153329178496328,3.6523568418922854
"[0.2000273506314122, 0.8660012328104304, -0.8660357081511814, 0.2000273506314122]",10.156871065324522,3.6555000061279936
"[0.20002741309681416, 0.8660011776071133, -0.8660357316850914, 0.20002741309681416]",10.16041153169331,3.658643170363701
"[0.20002747570030746, 0.8660011222817598, -0.8660357552710277, 0.20002747570030746]",10.163950576280039,3.6617863345994084
"[0.20002753844187784, 0.8660010668343827, -0.8660357789089848, 0.20002753844187784]",10.167488190095469,3.6649294988351167
"[0.20002760132157466, 0.8660010112649377, -0.8660358025989815, 0.20002760132157466]",10.171024372834076,3.668072663070824
"[0.20002766433938043, 0.8660009555734408, -0.8660358263410108, 0.20002766433938043]",10.174559116420713,3.6712158273065314
"[0.20002772749519152, 0.8660008997599837, -0.8660358501350341, 0.20002772749519152]",10.178092423050325,3.6743589915422397
"[0.20002779078903501, 0.8660008438245419, -0.8660358739810613, 0.20002779078903501]",10.18162428691586,3.677502155777947
"[0.20002785422091085, 0.866000787767116, -0.8660358978790926, 0.20002785422091085]",10.185154699465391,3.6806453200136544
"[0.20002791779070297, 0.8660007315878083, -0.8660359218290841, 0.20002791779070297]",10.188683662123584,3.6837884842493627
"[0.20002798149851594, 0.8660006752865265, -0.8660359458310755, 0.20002798149851594]",10.192211167167507,3.68693164848507
"[0.20002804534419463, 0.8660006188634075, -0.8660359698850078, 0.20002804534419463]",10.195737215069387,3.6900748127207774
"[0.2000281093278518, 0.8660005623183519, -0.8660359939909239, 0.2000281093278518]",10.199261801666523,3.6932179769564852
"[0.2000281734493214, 0.8660005056515062, -0.8660360181487611, 0.2000281734493214]",10.20278492035308,3.696361141192193
"[0.20002823770864622, 0.8660004488628329, -0.8660360423585358, 0.20002823770864622]",10.206306571104948,3.6995043054279004
"[0.200028302105726, 0.8660003919524204, -0.8660360666202098, 0.200028302105726]",10.209826748031906,3.7026474696636082
"[0.20002836664061835, 0.866000334920218, -0.8660360909338048, 0.20002836664061835]",10.213345450050886,3.7057906338993156
"[0.200028431313284, 0.86600027776626, -0.8660361152993066, 0.200028431313284]",10.216862673367869,3.7089337981350234
"[0.20002849612355797, 0.8660002204906925, -0.8660361397166526, 0.20002849612355797]",10.220378414021045,3.7120769623707313
"[0.20002856107153857, 0.8660001630934288, -0.8660361641858797, 0.20002856107153857]",10.223892669799369,3.7152201266064386
"[0.200028626157104, 0.8660001055745761, -0.8660361887069424, 0.200028626157104]",10.22740543848791,3.718363290842146
"[0.20002869138025914, 0.8660000479341303, -0.8660362132798424, 0.20002869138025914]",10.23091671241143,3.721506455077854
"[0.20002875674093387, 0.8659999901721535, -0.866036237904553, 0.20002875674093387]",10.234426494194551,3.7246496193135616
"[0.2000288222390457, 0.8659999322887186, -0.8660362625810433, 0.2000288222390457]",10.23793478015211,3.727792783549269
"[0.20002888787460826, 0.8659998742838131, -0.8660362873093187, 0.20002888787460826]",10.24144156373059,3.7309359477849764
"[0.20002895364750392, 0.8659998161575417, -0.8660363120893345, 0.20002895364750392]",10.244946847361723,3.7340791120206847
"[0.20002901955782285, 0.8659997579098241, -0.866036336921125, 0.20002901955782285]",10.248450624386473,3.737222276256392
"[0.2000290856054038, 0.8659996995408031, -0.8660363618046292, 0.2000290856054038]",10.251952894244269,3.7403654404920994
"[0.20002915179016897, 0.8659996410505474, -0.866036386739818, 0.20002915179016897]",10.255453658644448,3.7435086047278077
"[0.20002921811205612, 0.865999582439112, -0.8660364117266677, 0.20002921811205612]",10.25895290775471,3.746651768963515
"[0.200029284571123, 0.8659995237064458, -0.8660364367652003, 0.200029284571123]",10.262450640818896,3.7497949331992224
"[0.2000293511672342, 0.8659994648526687, -0.8660364618553645, 0.2000293511672342]",10.265946860516191,3.7529380974349307
"[0.20002941790033466, 0.865999405877829, -0.8660364869971399, 0.20002941790033466]",10.269441556645873,3.756081261670638
"[0.20002948477035162, 0.8659993467819914, -0.8660365121904988, 0.20002948477035162]",10.272934734829967,3.7592244259063454
"[0.20002955177725115, 0.8659992875651858, -0.8660365374354286, 0.20002955177725115]",10.276426389535642,3.7623675901420537
"[0.20002961892099655, 0.8659992282274442, -0.8660365627319154, 0.20002961892099655]",10.279916523085978,3.765510754377761
"[0.20002968620140832, 0.865999168768926, -0.8660365880798917, 0.20002968620140832]",10.283405123959973,3.7686539186134684
"[0.2000297536185279, 0.8659991091895938, -0.866036613479373, 0.2000297536185279]",10.286892200182482,3.7717970828491767
"[0.200029821172267, 0.8659990494895261, -0.866036638930326, 0.200029821172267]",10.290377741191273,3.774940247084884
"[0.2000298888625283, 0.8659989896688091, -0.8660366644327141, 0.2000298888625283]",10.293861755558861,3.7780834113205914
"[0.2000299566892991, 0.8659989297274532, -0.8660366899865324, 0.2000299566892991]",10.297344232642816,3.7812265755562997
"[0.20003002465247346, 0.865998869665553, -0.866036715591741, 0.20003002465247346]",10.300825174222753,3.784369739792007
"[0.200030092751943, 0.8659988094832037, -0.8660367412482993, 0.200030092751943]",10.304304578570335,3.7875129040277145
"[0.20003016098767384, 0.8659987491804352, -0.8660367669561944, 0.20003016098767384]",10.307782447936503,3.7906560682634227
"[0.20003022935961964, 0.8659986887572889, -0.8660367927154088, 0.20003022935961964]",10.311258774442162,3.79379923249913
"[0.20003029786757887, 0.8659986282139426, -0.8660368185258667, 0.20003029786757887]",10.31473355961094,3.7969423967348375
"[0.20003036651161155, 0.8659985675503431, -0.8660368443875905, 0.20003036651161155]",10.3182068020436,3.800085560970545
"[0.2000304352916393, 0.8659985067665601, -0.866036870300551, 0.2000304352916393]",10.321678504410842,3.803228725206253
"[0.2000305042074372, 0.8659984458627922, -0.866036896264663, 0.2000305042074372]",10.325148658793227,3.8063718894419605
"[0.2000305732590084, 0.8659983848390365, -0.866036922279928, 0.2000305732590084]",10.328617267833227,3.809515053677668
"[0.20003064244638943, 0.8659983236952608, -0.8660369483463597, 0.20003064244638943]",10.332084334154278,3.812658217913376
"[0.20003071176925077, 0.8659982624317565, -0.8660369744638339, 0.20003071176925077]",10.33554984744187,3.8158013821490835
"[0.20003078122769288, 0.8659982010484344, -0.8660370006323885, 0.20003078122769288]",10.339013814975118,3.818944546384791
"[0.2000308508215965, 0.8659981395454003, -0.8660370268519788, 0.2000308508215965]",10.342476230600091,3.8220877106204987
"[0.2000309205508436, 0.8659980779227583, -0.8660370531225599, 0.2000309205508436]",10.345937101821976,3.8252308748562065
"[0.20003099041535785, 0.8659980161805759, -0.8660370794441032, 0.20003099041535785]",10.349396418113233,3.828374039091914
"[0.20003106041504198, 0.8659979543189391, -0.8660371058165723, 0.20003106041504198]",10.352854182981387,3.8315172033276217
"[0.20003113054981256, 0.8659978923379218, -0.8660371322399356, 0.20003113054981256]",10.356310397770201,3.834660367563329
"[0.2000312008195468, 0.8659978302376321, -0.8660371587141468, 0.2000312008195468]",10.359765061094805,3.837803531799037
"[0.2000312712242036, 0.8659977680181066, -0.8660371852391903, 0.2000312712242036]",10.363218170208125,3.8409466960347447
"[0.20003134176367754, 0.8659977056794386, -0.8660372118150265, 0.20003134176367754]",10.366669727722371,3.844089860270452
"[0.20003141243775205, 0.8659976432218192, -0.8660372384415739, 0.20003141243775205]",10.370119732493029,3.8472330245061594
"[0.20003148324654849, 0.8659975806451412, -0.8660372651188781, 0.20003148324654849]",10.373568181881557,3.8503761887418677
"[0.2000315541898199, 0.8659975179496232, -0.8660372918468462, 0.2000315541898199]",10.377015079065282,3.853519352977575
"[0.2000316252674597, 0.865997455135359, -0.866037318625438, 0.2000316252674597]",10.380460422506392,3.8566625172132825
"[0.2000316964795146, 0.8659973922023075, -0.8660373454546708, 0.2000316964795146]",10.383904212100662,3.8598056814489907
"[0.20003176782570303, 0.8659973291507175, -0.866037372334439, 0.20003176782570303]",10.387346451599806,3.862948845684698
"[0.20003183930598784, 0.8659972659806218, -0.8660373992647282, 0.20003183930598784]",10.39078713319453,3.8660920099204055
"[0.20003191092029943, 0.8659972026920819, -0.8660374262455126, 0.20003191092029943]",10.394226262715215,3.8692351741561137
"[0.2000319826685367, 0.8659971392851872, -0.8660374532767537, 0.2000319826685367]",10.397663839182977,3.872378338391821
"[0.20003205455050777, 0.8659970757601073, -0.8660374803583794, 0.20003205455050777]",10.40109986186496,3.8755215026275285
"[0.20003212656619368, 0.8659970121168592, -0.8660375074903826, 0.20003212656619368]",10.404534332646097,3.878664666863236
"[0.2000321987154889, 0.8659969483555355, -0.8660375346727234, 0.2000321987154889]",10.40796725359053,3.881807831098944
"[0.2000322709981459, 0.8659968844763555, -0.8660375619053087, 0.2000322709981459]",10.411398620326082,3.8849509953346515
"[0.20003234341427917, 0.865996820479218, -0.8660375891881815, 0.20003234341427917]",10.414828437388064,3.888094159570359
"[0.20003241596366952, 0.8659967563643165, -0.8660376165212593, 0.20003241596366952]",10.41825670673758,3.891237323806067
"[0.20003248864617507, 0.8659966921317765, -0.8660376439044886, 0.20003248864617507]",10.4216834223602,3.8943804880417745
"[0.2000325614615802, 0.8659966277817887, -0.8660376713377882, 0.2000325614615802]",10.425108589706202,3.897523652277482
"[0.20003263441007654, 0.8659965633141834, -0.8660376988212304, 0.20003263441007654]",10.428532213223985,3.90066681651319
"[0.20003270749127433, 0.8659964987293054, -0.8660377263546681, 0.20003270749127433]",10.431954286453509,3.9038099807488975
"[0.2000327807051745, 0.8659964340271535, -0.8660377539381018, 0.2000327807051745]",10.435374811913153,3.906953144984605
"[0.20003285405160315, 0.8659963692078819, -0.8660377815714662, 0.20003285405160315]",10.438793794618192,3.910096309220313
"[0.20003292753057098, 0.8659963042714809, -0.8660378092547648, 0.20003292753057098]",10.442211230038232,3.9132394734560205
"[0.20003300114189848, 0.8659962392181089, -0.8660378369879306, 0.20003300114189848]",10.4456271266815,3.916382637691728
"[0.20003307488536462, 0.8659961740479616, -0.8660378647708799, 0.20003307488536462]",10.449041476541165,3.919525801927436
"[0.2000331487609601, 0.8659961087610472, -0.8660378926036091, 0.2000331487609601]",10.452454289715732,3.9226689661631435
"[0.20003322276848268, 0.8659960433575441, -0.8660379204860424, 0.20003322276848268]",10.455865560878717,3.925812130398851
"[0.2000332969079144, 0.8659959778374684, -0.8660379484181728, 0.2000332969079144]",10.459275293926565,3.928955294634559
"[0.20003337117904793, 0.8659959122010034, -0.8660379763999224, 0.20003337117904793]",10.462683489375584,3.9320984588702665
"[0.200033445581794, 0.8659958464482279, -0.8660380044312572, 0.200033445581794]",10.46609015421556,3.935241623105974
"[0.2000335201161408, 0.8659957805791523, -0.8660380325121733, 0.2000335201161408]",10.469495280667125,3.9383847873416817
"[0.20003359478173932, 0.8659957145940852, -0.8660380606425385, 0.20003359478173932]",10.472898877716572,3.9415279515773896
"[0.20003366957859756, 0.8659956484930194, -0.8660380888223563, 0.20003366957859756]",10.476300942475877,3.944671115813097
"[0.2000337445066165, 0.8659955822760426, -0.8660381170515894, 0.2000337445066165]",10.479701478104609,3.9478142800488043
"[0.20003381956553665, 0.8659955159433836, -0.8660381453301397, 0.20003381956553665]",10.483100482995606,3.950957444284512
"[0.20003389475549477, 0.8659954494949222, -0.8660381736580591, 0.20003389475549477]",10.486497969604327,3.95410060852022
"[0.2000339700760441, 0.8659953829310529, -0.8660382020351791, 0.2000339700760441]",10.489893931006712,3.9572437727559273
"[0.20003404552728044, 0.8659953162516911, -0.8660382304615359, 0.20003404552728044]",10.493288366643002,3.960386936991635
"[0.2000341211089252, 0.8659952494570831, -0.8660382589370245, 0.2000341211089252]",10.496681284812055,3.9635301012273425
"[0.20003419682093268, 0.865995182547269, -0.8660382874616275, 0.20003419682093268]",10.500072684071222,3.9666732654630503
"[0.20003427266323304, 0.8659951155223108, -0.8660383160353188, 0.20003427266323304]",10.503462569234983,3.969816429698758
"[0.20003434863559924, 0.865995048382409, -0.8660383446580128, 0.20003434863559924]",10.506850942148876,3.9729595939344655
"[0.20003442473790597, 0.8659949811276745, -0.8660383733296624, 0.20003442473790597]",10.5102378026396,3.9761027581701733
"[0.2000345009700406, 0.8659949137582066, -0.866038402050225, 0.2000345009700406]",10.513623154430078,3.979245922405881
"[0.2000345773318801, 0.8659948462741143, -0.8660384308196543, 0.2000345773318801]",10.517007000305043,3.9823890866415885
"[0.2000346538233259, 0.8659947786754846, -0.866038459637913, 0.2000346538233259]",10.520389338950572,3.985532250877296
"[0.2000347304442327, 0.865994710962446, -0.8660384885049466, 0.2000347304442327]",10.523770180232495,3.988675415113004
"[0.20003480719436126, 0.8659946431352097, -0.8660385174206653, 0.20003480719436126]",10.527149518656849,3.9918185793487115
"[0.20003488407368444, 0.8659945751937999, -0.8660385463850581, 0.20003488407368444]",10.530527358992272,3.994961743584419
"[0.2000349610820646, 0.8659945071383381, -0.8660385753980734, 0.2000349610820646]",10.533903708354307,3.998104907820127
"[0.2000350382192841, 0.865994438969017, -0.8660386044596295, 0.2000350382192841]",10.537278563155303,4.0012480720558345
"[0.20003511548531575, 0.86599437068586, -0.8660386335697161, 0.20003511548531575]",10.54065193161912,4.004391236291542
"[0.20003519287999164, 0.865994302289016, -0.8660386627282699, 0.20003519287999164]",10.544023812193736,4.00753440052725
"[0.20003527040309335, 0.8659942337786779, -0.8660386919352082, 0.20003527040309335]",10.54739421324028,4.010677564762958
"[0.20003534805463935, 0.8659941651548292, -0.8660387211905386, 0.20003534805463935]",10.550763127871054,4.013820728998665
"[0.20003542583435616, 0.865994096417712, -0.8660387504941576, 0.20003542583435616]",10.55413056861331,4.016963893234373
"[0.20003550374215187, 0.865994027567407, -0.866038779846031, 0.20003550374215187]",10.557496530859757,4.020107057470081
"[0.20003558177787986, 0.8659939586040443, -0.8660388092461029, 0.20003558177787986]",10.560861024750132,4.023250221705788
"[0.20003565994136513, 0.8659938895277783, -0.8660388386943079, 0.20003565994136513]",10.564224050608143,4.026393385941495
"[0.20003573823259868, 0.8659938203386168, -0.8660388681906426, 0.20003573823259868]",10.567585609386557,4.029536550177204
"[0.20003581665139428, 0.8659937510367247, -0.8660388977350366, 0.20003581665139428]",10.570945705679993,4.032679714412911
"[0.20003589519753578, 0.8659936816222928, -0.8660389273274086, 0.20003589519753578]",10.574304345493246,4.035822878648618
"[0.2000359738708844, 0.8659936120954439, -0.8660389569677063, 0.2000359738708844]",10.577661525082839,4.038966042884327
"[0.200036052671396, 0.865993542456217, -0.8660389866559132, 0.200036052671396]",10.581017252837214,4.042109207120034
"[0.2000361315987922, 0.865993472704858, -0.8660390163919242, 0.2000361315987922]",10.58437153255499,4.045252371355741
"[0.20003621065312838, 0.8659934028413181, -0.8660390461757602, 0.20003621065312838]",10.587724364460716,4.04839553559145
"[0.2000362898341772, 0.865993332865798, -0.8660390760073358, 0.2000362898341772]",10.591075756057101,4.051538699827157
"[0.20003636914170458, 0.865993262778505, -0.8660391058865623, 0.20003636914170458]",10.594425709977788,4.054681864062864
"[0.2000364485756873, 0.865993192579459, -0.8660391358134316, 0.2000364485756873]",10.597774226214266,4.057825028298573
"[0.20003652813591255, 0.8659931222688487, -0.866039165787863, 0.20003652813591255]",10.601121308956763,4.06096819253428
"[0.20003660782228042, 0.8659930518467621, -0.8660391958098193, 0.20003660782228042]",10.604466969569337,4.064111356769987
"[0.20003668763464028, 0.8659929813133324, -0.8660392258792433, 0.20003668763464028]",10.607811198543107,4.067254521005696
"[0.20003676757283434, 0.8659929106686987, -0.8660392559960758, 0.20003676757283434]",10.611154013473207,4.070397685241403
"[0.20003684763668672, 0.865992839913017, -0.8660392861602505, 0.20003684763668672]",10.614495408261567,4.07354084947711
"[0.2000369278262372, 0.8659927690462518, -0.8660393163717822, 0.2000369278262372]",10.617835391184133,4.076684013712819
"[0.20003700814113198, 0.8659926980687159, -0.866039346630538, 0.20003700814113198]",10.62117396252889,4.079827177948526
"[0.20003708858128685, 0.8659926269804836, -0.8660393769364862, 0.20003708858128685]",10.624511132724646,4.082970342184233
"[0.20003716914656947, 0.865992555781672, -0.8660394072895763, 0.20003716914656947]",10.627846899467661,4.086113506419942
"[0.20003724983700874, 0.8659924844722553, -0.86603943768982, 0.20003724983700874]",10.631181271811569,4.089256670655649
"[0.20003733065226978, 0.8659924130525299, -0.8660394681370904, 0.20003733065226978]",10.634514248597732,4.092399834891356
"[0.20003741159205804, 0.8659923415227557, -0.866039498631277, 0.20003741159205804]",10.637845835160578,4.095542999127065
"[0.20003749265659398, 0.8659922698827381, -0.8660395291724629, 0.20003749265659398]",10.641176038619717,4.098686163362772
"[0.20003757384543566, 0.8659921981328679, -0.866039559760481, 0.20003757384543566]",10.644504863547187,4.101829327598479
"[0.20003765515873628, 0.8659921262730093, -0.8660395903953896, 0.20003765515873628]",10.647832312027651,4.104972491834187
"[0.20003773659604973, 0.8659920543035565, -0.8660396210770206, 0.20003773659604973]",10.651158385628086,4.108115656069895
"[0.20003781815751281, 0.8659919822243888, -0.8660396518054254, 0.20003781815751281]",10.654483094644855,4.111258820305602
"[0.20003789984276546, 0.8659919100358247, -0.8660396825804683, 0.20003789984276546]",10.657806436997467,4.11440198454131
"[0.20003798165179332, 0.8659918377378761, -0.866039713402144, 0.20003798165179332]",10.661128427119682,4.117545148777018
"[0.2000380635843305, 0.8659917653307788, -0.8660397442703522, 0.2000380635843305]",10.664449055872973,4.120688313012725
"[0.20003814564045086, 0.8659916928144671, -0.866039775185121, 0.20003814564045086]",10.667768341015261,4.123831477248433
"[0.20003822781982525, 0.8659916201892319, -0.866039806146326, 0.20003822781982525]",10.671086277649042,4.126974641484141
"[0.2000383101223243, 0.8659915474551878, -0.8660398371539189, 0.2000383101223243]",10.674402873976053,4.130117805719848
"[0.20003839254788133, 0.8659914746123937, -0.866039868207874, 0.20003839254788133]",10.677718134761015,4.133260969955556
"[0.20003847509635178, 0.8659914016609769, -0.8660398993081372, 0.20003847509635178]",10.68103206592825,4.136404134191263
"[0.20003855776766502, 0.8659913286010001, -0.8660399304546821, 0.20003855776766502]",10.68434467234697,4.1395472984269714
"[0.20003864056144519, 0.8659912554327958, -0.8660399616473667, 0.20003864056144519]",10.68765595484193,4.142690462662679
"[0.20003872347768595, 0.8659911821563693, -0.8660399928861889, 0.20003872347768595]",10.690965916049255,4.145833626898386
"[0.20003880651636322, 0.8659911087717417, -0.8660400241711395, 0.20003880651636322]",10.694274572164403,4.148976791134094
"[0.20003888967719485, 0.8659910352791627, -0.8660400555021123, 0.20003888967719485]",10.69758191848312,4.152119955369802
"[0.2000389729601761, 0.8659909616786361, -0.8660400868791052, 0.2000389729601761]",10.70088796616529,4.155263119605509
"[0.20003905636503538, 0.8659908879704025, -0.8660401183020162, 0.20003905636503538]",10.7041927158703,4.158406283841217
"[0.2000391398916096, 0.8659908141546055, -0.8660401497707838, 0.2000391398916096]",10.70749617263158,4.161549448076924
"[0.2000392235399049, 0.8659907402312401, -0.8660401812854103, 0.2000392235399049]",10.710798342693568,4.164692612312632
"[0.2000393073096872, 0.8659906662005128, -0.8660402128458073, 0.2000393073096872]",10.714099229572142,4.16783577654834
"[0.20003939120091024, 0.8659905920624645, -0.8660402444519577, 0.20003939120091024]",10.717398842830706,4.170978940784047
"[0.20003947521330095, 0.8659905178173368, -0.8660402761037586, 0.20003947521330095]",10.720697182650547,4.174122105019755
"[0.20003955934686465, 0.865990443465125, -0.8660403078012118, 0.20003955934686465]",10.72399425787258,4.177265269255463
"[0.20003964360140308, 0.8659903690060041, -0.8660403395442424, 0.20003964360140308]",10.727290072172128,4.18040843349117
"[0.20003972797676023, 0.865990294440112, -0.8660403713327922, 0.20003972797676023]",10.73058462971942,4.183551597726877
"[0.20003981247287264, 0.865990219767505, -0.866040403166837, 0.20003981247287264]",10.733877939886142,4.186694761962586
"[0.2000398970895358, 0.8659901449883636, -0.8660404350462997, 0.2000398970895358]",10.737170003733684,4.189837926198293
"[0.20003998182650456, 0.8659900701029043, -0.866040466971088, 0.20003998182650456]",10.740460828516904,4.192981090434
"[0.20004006668390759, 0.865989995111014, -0.8660404989412505, 0.20004006668390759]",10.743750416633471,4.196124254669709
"[0.2000401516615284, 0.8659899200128837, -0.8660405309567055, 0.2000401516615284]",10.747038780576036,4.199267418905416
"[0.20004023675915528, 0.8659898448087002, -0.866040563017373, 0.20004023675915528]",10.75032592203287,4.202410583141123
"[0.2000403219767228, 0.8659897694985218, -0.8660405951232287, 0.2000403219767228]",10.753611842389148,4.205553747376832
"[0.20004040731405384, 0.8659896940825047, -0.8660406272742059, 0.20004040731405384]",10.756896552420042,4.208696911612539
"[0.2000404927710699, 0.8659896185607184, -0.866040659470275, 0.2000404927710699]",10.760180060529562,4.211840075848246
"[0.20004057834764138, 0.8659895429332778, -0.8660406917113868, 0.20004057834764138]",10.763462365372801,4.214983240083955
"[0.2000406640436235, 0.86598946720031, -0.8660407239974872, 0.2000406640436235]",10.766743478391986,4.218126404319662
"[0.200040749858944, 0.8659893913618797, -0.8660407563285487, 0.200040749858944]",10.770023400531604,4.221269568555369
"[0.2000408357932619, 0.8659893154182878, -0.8660407887044429, 0.2000408357932619]",10.773302139899402,4.224412732791078
"[0.20004092184666816, 0.865989239369454, -0.8660408211252044, 0.20004092184666816]",10.776579700227153,4.227555897026785
"[0.20004100801910837, 0.8659891632154265, -0.8660408535908122, 0.20004100801910837]",10.779856091804735,4.230699061262492
"[0.20004109431016773, 0.8659890869565717, -0.8660408861011104, 0.20004109431016773]",10.783131315923155,4.233842225498201
"[0.20004118072000215, 0.8659890105927519, -0.8660409186561574, 0.20004118072000215]",10.786405385962762,4.236985389733908
"[0.2000412672483445, 0.8659889341242035, -0.8660409512558527, 0.2000412672483445]",10.78967829794328,4.240128553969615
"[0.20004135389515976, 0.865988857550957, -0.8660409839001834, 0.20004135389515976]",10.792950065585545,4.243271718205324
"[0.20004144066013635, 0.8659887808732878, -0.8660410165890317, 0.20004144066013635]",10.796220686214285,4.246414882441031
"[0.20004152754344598, 0.8659887040910442, -0.8660410493224625, 0.20004152754344598]",10.799490178252585,4.249558046676738
"[0.2000416145447139, 0.8659886272045575, -0.8660410821003347, 0.2000416145447139]",10.802758540518862,4.252701210912446
"[0.20004170166396357, 0.8659885502138072, -0.8660411149226568, 0.20004170166396357]",10.806025775334426,4.255844375148154
"[0.2000417889010297, 0.8659884731189389, -0.8660411477893668, 0.2000417889010297]",10.809291895702707,4.258987539383861
"[0.20004187625578096, 0.8659883959200687, -0.8660411807004151, 0.20004187625578096]",10.812556907081015,4.262130703619569
"[0.20004196372822391, 0.8659883186171913, -0.8660412136558042, 0.20004196372822391]",10.815820811611566,4.265273867855277
"[0.20004205131809047, 0.8659882412105434, -0.8660412466554331, 0.20004205131809047]",10.819083618828671,4.268417032090984
"[0.2000421390253215, 0.8659881637001768, -0.8660412796992798, 0.2000421390253215]",10.822345335190528,4.271560196326692
"[0.20004222684982456, 0.8659880860861737, -0.8660413127873091, 0.20004222684982456]",10.825605964449142,4.2747033605624
"[0.2000423147914614, 0.8659880083686563, -0.866041345919469, 0.2000423147914614]",10.82886551373397,4.2778465247981075
"[0.2000424028501119, 0.8659879305477304, -0.8660413790957144, 0.2000424028501119]",10.832123993157472,4.280989689033815
"[0.20004249102583152, 0.8659878526233473, -0.8660414123160661, 0.20004249102583152]",10.835381405794708,4.284132853269523
"[0.20004257931827255, 0.8659877745958142, -0.866041445580393, 0.20004257931827255]",10.838637758740576,4.2872760175052305
"[0.20004266772743, 0.8659876964651357, -0.8660414788886932, 0.20004266772743]",10.841893056818263,4.290419181740938
"[0.20004275625323384, 0.8659876182313733, -0.8660415122409406, 0.20004275625323384]",10.845147310197492,4.293562345976646
"[0.20004284489563517, 0.8659875398945703, -0.8660415456371167, 0.20004284489563517]",10.848400518749626,4.2967055102123535
"[0.20004293365431852, 0.865987461455006, -0.8660415790771023, 0.20004293365431852]",10.851652696535822,4.299848674448061
"[0.20004302252929235, 0.8659873829126723, -0.866041612560901, 0.20004302252929235]",10.854903848055862,4.302991838683769
"[0.20004311152050833, 0.8659873042676121, -0.8660416460884943, 0.20004311152050833]",10.858153979569714,4.3061350029194765
"[0.20004320062783376, 0.865987225519943, -0.8660416796598324, 0.20004320062783376]",10.861403096260661,4.309278167155184
"[0.2000432898511497, 0.8659871466697696, -0.8660417132748706, 0.2000432898511497]",10.864651201477004,4.312421331390892
"[0.2000433791904632, 0.865987067717086, -0.866041746933611, 0.2000433791904632]",10.867898311764112,4.3155644956265995
"[0.20004346864560701, 0.8659869886620403, -0.8660417806359912, 0.20004346864560701]",10.87114442953468,4.318707659862307
"[0.2000435582163667, 0.8659869095048212, -0.8660418143819302, 0.2000435582163667]",10.874389557317999,4.321850824098015
"[0.20004364790271228, 0.865986830245456, -0.8660418481714167, 0.20004364790271228]",10.877633702199,4.3249939883337225
"[0.20004373770475561, 0.8659867508838454, -0.8660418820044927, 0.20004373770475561]",10.880876876709294,4.32813715256943
"[0.20004382762213938, 0.8659866714203052, -0.8660419158810239, 0.20004382762213938]",10.884119084279334,4.331280316805137
"[0.20004391765490429, 0.8659865918547996, -0.8660419498010253, 0.20004391765490429]",10.88736033259661,4.3344234810408455
"[0.20004400780295975, 0.8659865121874084, -0.8660419837644631, 0.20004400780295975]",10.89060062749659,4.337566645276553
"[0.20004409806628204, 0.865986432418153, -0.866042017771328, 0.20004409806628204]",10.893839979089247,4.34070980951226
"[0.20004418844465444, 0.8659863525472247, -0.8660420518215387, 0.20004418844465444]",10.897078389343088,4.3438529737479685
"[0.2000442789380021, 0.8659862725746895, -0.8660420859150669, 0.2000442789380021]",10.900315867184702,4.346996137983676
"[0.2000443695463287, 0.8659861925005444, -0.8660421200519137, 0.2000443695463287]",10.903552421210895,4.350139302219383
"[0.20004446026951078, 0.8659861123248984, -0.8660421542320331, 0.20004446026951078]",10.90678805835102,4.3532824664550915
"[0.20004455110745853, 0.8659860320478309, -0.8660421884553907, 0.20004455110745853]",10.910022781886672,4.356425630690799
"[0.2000446420601815, 0.8659859516693335, -0.8660422227219904, 0.2000446420601815]",10.91325660558951,4.359568794926506
"[0.20004473312753215, 0.8659858711895363, -0.8660422570317768, 0.20004473312753215]",10.916489531417353,4.3627119591622145
"[0.2000448243092572, 0.8659857906086635, -0.8660422913846542, 0.2000448243092572]",10.919721565994347,4.365855123397922
"[0.20004491560566273, 0.8659857099264445, -0.8660423257807379, 0.20004491560566273]",10.922952718541048,4.368998287633629
"[0.20004500701636627, 0.8659856291432175, -0.8660423602198839, 0.20004500701636627]",10.926182997201922,4.372141451869338
"[0.20004509854146507, 0.8659855482588961, -0.866042394702129, 0.20004509854146507]",10.92941240654793,4.375284616105045
"[0.20004519018090222, 0.8659854672735309, -0.8660424292274516, 0.20004519018090222]",10.932640955996819,4.378427780340752
"[0.2000452819344119, 0.8659853861873568, -0.8660424637957513, 0.2000452819344119]",10.935868652339344,4.38157094457646
"[0.2000453738021665, 0.8659853050002214, -0.8660424984070935, 0.2000453738021665]",10.939095500207282,4.384714108812168
"[0.20004546578405494, 0.8659852237122229, -0.8660425330614361, 0.20004546578405494]",10.942321512436736,4.387857273047875
"[0.20004555787984402, 0.8659851423235674, -0.8660425677586913, 0.20004555787984402]",10.945546690404559,4.391000437283583
"[0.2000456500896838, 0.8659850608341224, -0.8660426024989156, 0.2000456500896838]",10.948771044029938,4.39414360151929
"[0.20004574241342019, 0.865984979244024, -0.8660426372820509, 0.20004574241342019]",10.951994580683085,4.397286765754998
"[0.20004583485096905, 0.8659848975533465, -0.8660426721080656, 0.20004583485096905]",10.955217310539794,4.400429929990706
"[0.200045927402378, 0.8659848157620479, -0.8660427069769777, 0.200045927402378]",10.95843923538749,4.403573094226413
"[0.2000460200674696, 0.8659847338702846, -0.8660427418887204, 0.2000460200674696]",10.96166036626528,4.406716258462121
"[0.2000461128463163, 0.8659846518779933, -0.8660427768433208, 0.2000461128463163]",10.964880708787302,4.409859422697829
"[0.20004620573880086, 0.8659845697852772, -0.8660428118407348, 0.20004620573880086]",10.968100273965687,4.413002586933536
"[0.2000462987449427, 0.8659844875921193, -0.8660428468809694, 0.2000462987449427]",10.971319064120085,4.4161457511692435
"[0.20004639186457954, 0.8659844052986627, -0.8660428819639643, 0.20004639186457954]",10.974537092121745,4.419288915404952
"[0.2000464850977172, 0.8659843229049028, -0.8660429170897209, 0.2000464850977172]",10.977754359298139,4.422432079640659
"[0.20004657844432702, 0.8659842404108643, -0.8660429522582287, 0.20004657844432702]",10.980970878591748,4.4255752438763665
"[0.20004667190452013, 0.8659841578164498, -0.8660429874695295, 0.20004667190452013]",10.984186657859315,4.428718408112074
"[0.20004676547805042, 0.8659840751218758, -0.8660430227235307, 0.20004676547805042]",10.987401700488409,4.431861572347782
"[0.2000468591649104, 0.8659839923271497, -0.8660430580202295, 0.2000468591649104]",10.990616012440517,4.4350047365834895
"[0.20004695296504657, 0.8659839094323184, -0.8660430933596054, 0.20004695296504657]",10.993829608545083,4.438147900819197
"[0.20004704687863223, 0.865983826437229, -0.8660431287417242, 0.20004704687863223]",10.997042495495153,4.441291065054905
"[0.20004714090542275, 0.8659837433420977, -0.8660431641664932, 0.20004714090542275]",11.000254671325795,4.4444342292906125
"[0.20004723504550115, 0.8659836601468508, -0.8660431996339442, 0.20004723504550115]",11.00346615504887,4.44757739352632
"[0.20004732929881106, 0.8659835768515385, -0.8660432351440556, 0.20004732929881106]",11.006676949430268,4.450720557762028
"[0.2000474236652677, 0.8659834934562356, -0.8660432706967955, 0.2000474236652677]",11.009887060111069,4.4538637219977355
"[0.20004751814489713, 0.8659834099609188, -0.8660433062921741, 0.20004751814489713]",11.013096499479987,4.457006886233443
"[0.20004761273782723, 0.8659833263654755, -0.866043341930239, 0.20004761273782723]",11.01630527403039,4.460150050469151
"[0.20004770744379818, 0.865983242670135, -0.8660433776108928, 0.20004770744379818]",11.019513388958758,4.4632932147048585
"[0.20004780226290567, 0.8659831588748131, -0.8660434133341712, 0.20004780226290567]",11.022720852901037,4.466436378940566
"[0.20004789719525268, 0.8659830749794186, -0.8660434491001132, 0.20004789719525268]",11.025927677588058,4.469579543176274
"[0.20004799224071076, 0.8659829909840652, -0.8660434849086702, 0.20004799224071076]",11.029133865831383,4.4727227074119815
"[0.2000480873992143, 0.8659829068888102, -0.8660435207598179, 0.2000480873992143]",11.032339423880014,4.475865871647689
"[0.20004818267078353, 0.8659828226936366, -0.8660435566535636, 0.20004818267078353]",11.035544367596735,4.479009035883397
"[0.20004827805550437, 0.865982738398468, -0.8660435925899397, 0.20004827805550437]",11.038748698330606,4.4821522001191045
"[0.20004837355334643, 0.8659826540033313, -0.8660436285689347, 0.20004837355334643]",11.041952425665002,4.485295364354812
"[0.20004846916432978, 0.8659825695082088, -0.8660436645905563, 0.20004846916432978]",11.045155559427146,4.488438528590519
"[0.200048564888435, 0.865982484913118, -0.8660437006547972, 0.200048564888435]",11.048358105372744,4.4915816928262275
"[0.20004866072554955, 0.8659824002181578, -0.866043736761615, 0.20004866072554955]",11.051560070331016,4.494724857061935
"[0.200048756675857, 0.8659823154231663, -0.8660437729110785, 0.200048756675857]",11.054761463749728,4.497868021297642
"[0.20004885273936426, 0.8659822305281374, -0.8660438091031908, 0.20004885273936426]",11.057962292819667,4.501011185533351
"[0.20004894891596597, 0.8659821455331641, -0.866043845337912, 0.20004894891596597]",11.06116256522261,4.504154349769058
"[0.2000490452058098, 0.8659820604381161, -0.8660438816152976, 0.2000490452058098]",11.064362292356341,4.507297514004765
"[0.20004914160885012, 0.8659819752430336, -0.8660439179353308, 0.20004914160885012]",11.067561482332493,4.510440678240474
"[0.20004923812513403, 0.8659818899478747, -0.8660439542980289, 0.20004923812513403]",11.070760136327685,4.513583842476181
"[0.20004933475457815, 0.8659818045527136, -0.8660439907033608, 0.20004933475457815]",11.07395826712347,4.516727006711888
"[0.20004943149728008, 0.8659817190574637, -0.866044027151363, 0.20004943149728008]",11.077155881348146,4.519870170947597
"[0.20004952835336445, 0.8659816334620152, -0.8660440636420828, 0.20004952835336445]",11.080352991057392,4.523013335183304
"[0.2000496253226636, 0.8659815477665157, -0.8660441001754567, 0.2000496253226636]",11.083549597232958,4.526156499419011
"[0.20004972240550947, 0.8659814619706725, -0.86604413675161, 0.20004972240550947]",11.086745715562126,4.52929966365472
"[0.2000498196016515, 0.8659813760747068, -0.8660441733704483, 0.2000498196016515]",11.089941349022643,4.532442827890427
"[0.2000499169111969, 0.8659812900785236, -0.8660442100320117, 0.2000499169111969]",11.09313650367228,4.535585992126134
"[0.20005001433418085, 0.8659812039820921, -0.8660442467363139, 0.20005001433418085]",11.096331191163893,4.538729156361843
"[0.20005011187090954, 0.8659811177851418, -0.8660442834834698, 0.20005011187090954]",11.099525423104847,4.54187232059755
"[0.20005020952104896, 0.8659810314879675, -0.8660443202733538, 0.20005020952104896]",11.10271920249599,4.545015484833257
"[0.20005030728473933, 0.8659809450904455, -0.8660443571060189, 0.20005030728473933]",11.105912536587702,4.548158649068966
"[0.20005040516241637, 0.8659808585921909, -0.8660443939816289, 0.20005040516241637]",11.109105442174052,4.551301813304673
"[0.2000505031535286, 0.8659807719936908, -0.8660444308999763, 0.2000505031535286]",11.112297914425044,4.55444497754038
"[0.2000506012586119, 0.865980685294472, -0.8660444678612628, 0.2000506012586119]",11.115489971490394,4.557588141776089
"[0.20005069947750242, 0.865980598494679, -0.8660445048654267, 0.20005069947750242]",11.118681617164684,4.560731306011796
"[0.20005079781021698, 0.8659805115942968, -0.8660445419124745, 0.20005079781021698]",11.121872857386164,4.563874470247503
"[0.20005089625706907, 0.8659804245930486, -0.8660445790025243, 0.20005089625706907]",11.125063706303495,4.567017634483211
"[0.200050994817781, 0.86598033749118, -0.8660446161354711, 0.200050994817781]",11.128254167216545,4.570160798718919
"[0.20005109349290778, 0.8659802502882001, -0.8660446533115247, 0.20005109349290778]",11.131444253599074,4.573303962954626
"[0.20005119228212867, 0.8659801629843927, -0.8660446905305637, 0.20005119228212867]",11.13463397036491,4.576447127190334
"[0.2000512911855988, 0.8659800755796205, -0.8660447277926465, 0.2000512911855988]",11.137823324074871,4.579590291426042
"[0.20005139020349888, 0.8659799880737238, -0.8660447650978417, 0.20005139020349888]",11.141012326611847,4.582733455661749
"[0.2000514893357457, 0.8659799004667763, -0.8660448024461174, 0.2000514893357457]",11.14420098243002,4.585876619897457
"[0.20005158858262728, 0.8659798127585231, -0.8660448398375826, 0.20005158858262728]",11.147389300618169,4.589019784133165
"[0.20005168794401482, 0.8659797249490788, -0.8660448772721882, 0.20005168794401482]",11.150577290682659,4.592162948368872
"[0.2000517874203959, 0.8659796370380118, -0.8660449147501186, 0.2000517874203959]",11.15376496653558,4.59530611260458
"[0.20005188701131182, 0.8659795490257276, -0.8660449522712004, 0.20005188701131182]",11.156952323170788,4.598449276840288
"[0.20005198671728833, 0.8659794609117618, -0.8660449898356319, 0.20005198671728833]",11.160139380128268,4.601592441075995
"[0.20005208653823195, 0.865979372696197, -0.8660450274433779, 0.20005208653823195]",11.163326142480107,4.604735605311703
"[0.2000521864743412, 0.8659792843788575, -0.8660450650945131, 0.2000521864743412]",11.16651261378236,4.607878769547411
"[0.20005228652575585, 0.8659791959596199, -0.8660451027890905, 0.20005228652575585]",11.169698811457074,4.611021933783118
"[0.20005238669252995, 0.8659791074384366, -0.8660451405271299, 0.20005238669252995]",11.17288473921859,4.614165098018826
"[0.2000524869746356, 0.8659790188153325, -0.8660451783086212, 0.2000524869746356]",11.176070401330938,4.617308262254534
"[0.20005258737231932, 0.8659789300900889, -0.8660452161336571, 0.20005258737231932]",11.179255811400806,4.620451426490241
"[0.20005268788585875, 0.865978841262461, -0.8660452540023422, 0.20005268788585875]",11.182440975369982,4.623594590725949
"[0.2000527885151589, 0.865978752332533, -0.866045291914641, 0.2000527885151589]",11.185625902701467,4.626737754961656
"[0.20005288926057274, 0.8659786632999926, -0.8660453298706859, 0.20005288926057274]",11.188810603770474,4.629880919197364
"[0.20005299012180147, 0.8659785741651036, -0.8660453678703651, 0.20005299012180147]",11.191995081211976,4.633024083433072
"[0.20005309109934344, 0.8659784849274262, -0.8660454059138658, 0.20005309109934344]",11.195179347048233,4.636167247668779
"[0.2000531921933871, 0.8659783955867936, -0.8660454440012592, 0.2000531921933871]",11.198363413100944,4.6393104119044875
"[0.20005329340377292, 0.8659783061433468, -0.8660454821324851, 0.20005329340377292]",11.20154727820036,4.642453576140195
"[0.2000533947308476, 0.8659782165967794, -0.866045520307674, 0.2000533947308476]",11.204730961651794,4.645596740375902
"[0.20005349617490883, 0.8659781269468283, -0.8660455585269383, 0.20005349617490883]",11.20791446596403,4.64873990461161
"[0.2000535977355585, 0.8659780371938454, -0.8660455967901283, 0.2000535977355585]",11.211097795103356,4.651883068847318
"[0.20005369941360537, 0.865977947337116, -0.8660456350975478, 0.20005369941360537]",11.214280967905633,4.655026233083025
"[0.20005380120887312, 0.8659778573767959, -0.8660456734491311, 0.20005380120887312]",11.217463985705436,4.658169397318733
"[0.20005390312138752, 0.865977767312862, -0.8660457118448878, 0.20005390312138752]",11.220646855205455,4.66131256155444
"[0.20005400515162952, 0.8659776771448899, -0.8660457502849989, 0.20005400515162952]",11.22382959287039,4.664455725790148
"[0.20005410729953219, 0.8659775868729382, -0.8660457887694395, 0.20005410729953219]",11.227012198450675,4.667598890025856
"[0.2000542095655275, 0.8659774964966255, -0.8660458272983721, 0.2000542095655275]",11.23019468879022,4.670742054261563
"[0.2000543119495313, 0.8659774060160261, -0.8660458658717648, 0.2000543119495313]",11.233377065157413,4.67388521849727
"[0.20005441445179614, 0.8659773154309166, -0.8660459044897133, 0.20005441445179614]",11.236559338671565,4.677028382732979
"[0.20005451707253533, 0.8659772247411086, -0.8660459431522975, 0.20005451707253533]",11.23974151483034,4.680171546968686
"[0.20005461981191067, 0.8659771339464596, -0.8660459818595787, 0.20005461981191067]",11.242923609703002,4.683314711204393
"[0.2000547226701135, 0.8659770430467997, -0.8660460206116287, 0.2000547226701135]",11.246105624383482,4.686457875440102
"[0.20005482564751523, 0.8659769520418013, -0.8660460594085876, 0.20005482564751523]",11.249287571182453,4.689601039675809
"[0.20005492874392958, 0.8659768609316286, -0.866046098250385, 0.20005492874392958]",11.252469452860705,4.692744203911516
"[0.20005503195995808, 0.8659767697157504, -0.866046137137248, 0.20005503195995808]",11.25565128600891,4.695887368147225
"[0.2000551352954298, 0.8659766783943176, -0.8660461760691117, 0.2000551352954298]",11.258833074189159,4.699030532382932
"[0.20005523875089673, 0.8659765869668423, -0.8660462150461842, 0.20005523875089673]",11.262014827749407,4.702173696618639
"[0.2000553423263822, 0.865976495433304, -0.8660462540684745, 0.2000553423263822]",11.265196551107605,4.705316860854348
"[0.20005544602208838, 0.865976403793524, -0.8660462931360585, 0.20005544602208838]",11.268378258001054,4.708460025090055
"[0.20005554983836457, 0.8659763120471935, -0.866046332249068, 0.20005554983836457]",11.271559951678896,4.711603189325762
"[0.20005565377522666, 0.8659762201942985, -0.866046371407509, 0.20005565377522666]",11.27474164385722,4.71474635356147
"[0.20005575783324642, 0.8659761282343341, -0.8660464106115966, 0.20005575783324642]",11.277923344311391,4.717889517797178
"[0.20005586201226838, 0.8659760361674373, -0.8660464498612725, 0.20005586201226838]",11.281105059714758,4.721032682032885
"[0.20005596631265635, 0.8659759439932867, -0.8660464891566739, 0.20005596631265635]",11.284286797637126,4.724175846268593
"[0.20005607073484055, 0.865975851711502, -0.8660465284979627, 0.20005607073484055]",11.287468565335166,4.727319010504301
"[0.20005617527877256, 0.8659757593221262, -0.8660465678851205, 0.20005617527877256]",11.290650375273254,4.730462174740008
"[0.20005627994488503, 0.8659756668247767, -0.8660466073183107, 0.20005627994488503]",11.29383223132011,4.733605338975716
"[0.20005638473332893, 0.8659755742193205, -0.8660466467975899, 0.20005638473332893]",11.297014145165152,4.736748503211424
"[0.2000564896445509, 0.8659754815053624, -0.8660466863231263, 0.2000564896445509]",11.300196126542726,4.739891667447131
"[0.20005659467854148, 0.8659753886829112, -0.8660467258949165, 0.20005659467854148]",11.303378178164058,4.743034831682839
"[0.20005669983582117, 0.8659752957515066, -0.8660467655131566, 0.20005669983582117]",11.306560316038492,4.746177995918547
"[0.20005680511633098, 0.8659752027112008, -0.8660468051778244, 0.20005680511633098]",11.309742540042103,4.749321160154254
"[0.20005691052064173, 0.8659751095614894, -0.8660468448891349, 0.20005691052064173]",11.312924864955686,4.752464324389962
"[0.2000570160488605, 0.8659750163022779, -0.8660468846471284, 0.2000570160488605]",11.316107294594085,4.75560748862567
"[0.2000571217013142, 0.865974922933277, -0.8660469244519282, 0.2000571217013142]",11.319289844501581,4.758750652861377
"[0.20005722747833954, 0.8659748294541899, -0.866046964303661, 0.20005722747833954]",11.322472514709478,4.761893817097085
"[0.20005733338025197, 0.8659747358647372, -0.8660470042024456, 0.20005733338025197]",11.325655318464776,4.765036981332793
"[0.20005743940719956, 0.865974642164788, -0.8660470441483381, 0.20005743940719956]",11.328838265935811,4.7681801455685004
"[0.20005754555949226, 0.865974548354069, -0.8660470841414551, 0.20005754555949226]",11.332021358123338,4.771323309804208
"[0.20005765183752117, 0.8659744544322339, -0.8660471241819439, 0.20005765183752117]",11.335204610886478,4.774466474039916
"[0.2000577582415641, 0.8659743603990375, -0.866047164269909, 0.2000577582415641]",11.338388026907198,4.7776096382756235
"[0.2000578647718811, 0.86597426625425, -0.8660472044054488, 0.2000578647718811]",11.341571620841256,4.780752802511331
"[0.2000579714287977, 0.8659741719975838, -0.8660472445886856, 0.2000579714287977]",11.344755393901309,4.783895966747039
"[0.20005807821276067, 0.8659740776286438, -0.8660472848197879, 0.20005807821276067]",11.34793936202341,4.7870391309827465
"[0.2000581851237262, 0.8659739831474691, -0.8660473250987392, 0.2000581851237262]",11.351123526973304,4.790182295218454
"[0.20005829216253632, 0.8659738885533154, -0.8660473654258565, 0.20005829216253632]",11.354307900385333,4.793325459454161
"[0.20005839932911548, 0.8659737938462494, -0.8660474058011116, 0.20005839932911548]",11.35749248900321,4.7964686236898695
"[0.2000585066240088, 0.8659736990257892, -0.8660474462247101, 0.2000585066240088]",11.36067730375496,4.799611787925577
"[0.20005861404739364, 0.8659736040917784, -0.8660474866967182, 0.20005861404739364]",11.363862348988484,4.802754952161284
"[0.20005872159967067, 0.865973509043863, -0.8660475272172871, 0.20005872159967067]",11.367047637498704,4.8058981163969925
"[0.20005882928119284, 0.8659734138817308, -0.86604756778655, 0.20005882928119284]",11.370233173237965,4.8090412806327
"[0.2000589370925001, 0.8659733186049046, -0.8660476084047101, 0.2000589370925001]",11.373418969816399,4.812184444868407
"[0.2000590450336577, 0.865973223213327, -0.866047649071792, 0.2000590450336577]",11.37660503142266,4.8153276091041155
"[0.20005915310510558, 0.8659731277066091, -0.8660476897879616, 0.20005915310510558]",11.379791367176887,4.818470773339823
"[0.2000592613070983, 0.8659730320845258, -0.8660477305533149, 0.2000592613070983]",11.382977982658321,4.82161393757553
"[0.2000593696404003, 0.8659729363464018, -0.8660477713681396, 0.2000593696404003]",11.386164894394023,4.8247571018112385
"[0.20005947810507985, 0.8659728404921766, -0.8660478122324614, 0.20005947810507985]",11.389352102164537,4.827900266046946
"[0.20005958670159305, 0.8659727445214471, -0.8660478531464525, 0.20005958670159305]",11.392539620228066,4.831043430282653
"[0.200059695430176, 0.865972648434005, -0.8660478941102014, 0.200059695430176]",11.395727454014041,4.8341865945183615
"[0.20005980429147047, 0.8659725522292826, -0.8660479351239503, 0.20005980429147047]",11.398915610755088,4.837329758754069
"[0.20005991328561704, 0.8659724559071562, -0.866047976187752, 0.20005991328561704]",11.402104099048652,4.840472922989776
"[0.20006002241314727, 0.8659723594671558, -0.8660480173018066, 0.20006002241314727]",11.405292928391706,4.8436160872254845
"[0.20006013167442568, 0.865972262908959, -0.8660480584662519, 0.20006013167442568]",11.408482108641257,4.846759251461192
"[0.20006024106992612, 0.8659721662321476, -0.8660480996812658, 0.20006024106992612]",11.411671644332754,4.849902415696899
"[0.200060350599985, 0.8659720694364238, -0.8660481409469758, 0.200060350599985]",11.414861547538102,4.8530455799326075
"[0.20006046026494564, 0.8659719725214846, -0.8660481822635103, 0.20006046026494564]",11.41805182214249,4.856188744168315
"[0.20006057006540426, 0.8659718754868031, -0.8660482236310948, 0.20006057006540426]",11.421242479413838,4.859331908404022
"[0.20006068000167834, 0.8659717783320985, -0.8660482650498484, 0.20006068000167834]",11.424433526204151,4.8624750726397306
"[0.20006079007429267, 0.8659716810569069, -0.866048306519969, 0.20006079007429267]",11.427624973002194,4.865618236875438
"[0.20006090028346185, 0.8659715836610391, -0.8660483480415375, 0.20006090028346185]",11.430816825041374,4.868761401111145
"[0.20006101062993073, 0.8659714861438367, -0.8660483896148343, 0.20006101062993073]",11.434009093458942,4.871904565346853
"[0.20006112111367583, 0.8659713885053202, -0.8660484312398509, 0.20006112111367583]",11.437201781372746,4.875047729582561
"[0.20006123173565116, 0.8659712907446468, -0.8660484729169465, 0.20006123173565116]",11.440394899972405,4.878190893818268
"[0.2000613424959674, 0.8659711928617185, -0.8660485146461627, 0.2000613424959674]",11.443588459932352,4.881334058053976
"[0.20006145339540854, 0.8659710948558427, -0.8660485564277952, 0.20006145339540854]",11.446782466178787,4.884477222289684
"[0.20006156443408732, 0.8659709967269197, -0.8660485982618861, 0.20006156443408732]",11.449976927262703,4.887620386525391
"[0.20006167561282898, 0.8659708984742199, -0.8660486401487467, 0.20006167561282898]",11.45317185624719,4.890763550761099
"[0.20006178693169874, 0.8659708000976862, -0.8660486820884011, 0.20006178693169874]",11.45636725265258,4.893906714996806
"[0.20006189839133265, 0.8659707015967563, -0.8660487240810893, 0.20006189839133265]",11.459563126906126,4.897049879232514
"[0.20006200999226845, 0.8659706029709546, -0.8660487661270142, 0.20006200999226845]",11.462759490837929,4.900193043468222
"[0.2000621217353013, 0.8659705042195789, -0.8660488082264746, 0.2000621217353013]",11.465956353141564,4.903336207703929
"[0.2000622336202022, 0.8659704053428314, -0.8660488503793847, 0.2000622336202022]",11.46915371270651,4.9064793719396365
"[0.20006234564806694, 0.8659703063397437, -0.8660488925861571, 0.20006234564806694]",11.472351592178901,4.909622536175345
"[0.20006245781910947, 0.865970207210127, -0.8660489348468727, 0.20006245781910947]",11.475549987324957,4.912765700411052
"[0.2000625701339189, 0.8659701079534601, -0.8660489771617534, 0.2000625701339189]",11.478748907739567,4.9159088646467595
"[0.2000626825930568, 0.8659700085692471, -0.8660490195310107, 0.2000626825930568]",11.481948366502106,4.919052028882467
"[0.2000627951971496, 0.8659699090569346, -0.8660490619548804, 0.2000627951971496]",11.485148372631336,4.922195193118175
"[0.2000629079463471, 0.8659698094163899, -0.8660491044334193, 0.2000629079463471]",11.488348926690186,4.9253383573538825
"[0.20006302084157515, 0.8659697096467949, -0.8660491469669759, 0.20006302084157515]",11.491550042902418,4.92848152158959
"[0.20006313388298438, 0.8659696097480164, -0.8660491895556074, 0.20006313388298438]",11.494751723599455,4.931624685825298
"[0.20006324707150233, 0.865969509719235, -0.8660492321996627, 0.20006324707150233]",11.497953983150104,4.9347678500610055
"[0.20006336040735326, 0.8659694095602523, -0.8660492748992266, 0.20006336040735326]",11.501156824308453,4.937911014296713
"[0.2000634738913217, 0.865969309270375, -0.8660493176545947, 0.2000634738913217]",11.50436025797222,4.941054178532421
"[0.20006358752358464, 0.8659692088494466, -0.8660493604658336, 0.20006358752358464]",11.50756428722146,4.9441973427681285
"[0.2000637013053202, 0.8659691082964265, -0.8660494033333871, 0.2000637013053202]",11.510768928726568,4.947340507003836
"[0.20006381523663175, 0.8659690076112223, -0.8660494462572943, 0.20006381523663175]",11.513974184312412,4.950483671239543
"[0.20006392931817008, 0.86596890679326, -0.8660494892378002, 0.20006392931817008]",11.517180061484206,4.9536268354752515
"[0.20006404355059643, 0.8659688058419546, -0.8660495322751544, 0.20006404355059643]",11.520386572187581,4.956769999710959
"[0.20006415793438506, 0.8659687047568871, -0.8660495753695349, 0.20006415793438506]",11.523593719382005,4.959913163946666
"[0.20006427247013686, 0.8659686035375266, -0.8660496185211685, 0.20006427247013686]",11.526801511723427,4.9630563281823745
"[0.20006438715853364, 0.8659685021832706, -0.866049661730312, 0.20006438715853364]",11.530009960748089,4.966199492418082
"[0.20006450200005216, 0.8659684006936977, -0.8660497049971448, 0.20006450200005216]",11.533219068999934,4.969342656653789
"[0.20006461699546532, 0.8659682990681248, -0.8660497483219586, 0.20006461699546532]",11.536428849649003,4.9724858208894975
"[0.20006473214511958, 0.8659681973062457, -0.8660497917048835, 0.20006473214511958]",11.539639303607375,4.975628985125205
"[0.20006484744978503, 0.86596809540738, -0.8660498351462096, 0.20006484744978503]",11.54285044427372,4.978772149360912
"[0.20006496291026551, 0.8659679933708173, -0.8660498786462402, 0.20006496291026551]",11.546062281102536,4.9819153135966205
"[0.20006507852691352, 0.8659678911962461, -0.8660499222051076, 0.20006507852691352]",11.549274817459525,4.985058477832328
"[0.20006519430041186, 0.8659677888830628, -0.8660499658230694, 0.20006519430041186]",11.552488060084006,4.988201642068035
"[0.20006531023155188, 0.8659676864305683, -0.8660500095004238, 0.20006531023155188]",11.55570202016278,4.9913448063037436
"[0.200065426320702, 0.8659675838384369, -0.8660500532373091, 0.200065426320702]",11.558916702534558,4.994487970539451
"[0.2000655425685407, 0.8659674811060691, -0.8660500970339814, 0.2000655425685407]",11.56213211608975,4.997631134775158
"[0.2000656589758475, 0.865967378232776, -0.8660501408907341, 0.2000656589758475]",11.565348266892054,5.000774299010867
"[0.20006577554322258, 0.8659672752180272, -0.8660501848077936, 0.20006577554322258]",11.568565162565754,5.003917463246574
"[0.20006589227179572, 0.8659671720608242, -0.8660502287855855, 0.20006589227179572]",11.57178281908277,5.007060627482281
"[0.20006600916136355, 0.8659670687613469, -0.8660502728240328, 0.20006600916136355]",11.575001230294856,5.01020379171799
"[0.20006612621326764, 0.8659669653184096, -0.8660503169236414, 0.20006612621326764]",11.578220414047735,5.013346955953697
"[0.20006624342772228, 0.8659668617318228, -0.8660503610844918, 0.20006624342772228]",11.581440370907847,5.016490120189404
"[0.2000663608055986, 0.865966758000817, -0.8660504053069124, 0.2000663608055986]",11.584661111000386,5.019633284425112
"[0.20006647834819372, 0.8659666541242456, -0.8660504495913918, 0.20006647834819372]",11.587882648604454,5.02277644866082
"[0.2000665960551536, 0.8659665501024216, -0.8660504939377964, 0.2000665960551536]",11.59110497863074,5.025919612896527
"[0.20006671392763603, 0.8659664459343218, -0.8660505383465626, 0.20006671392763603]",11.594328114829983,5.029062777132235
"[0.20006683196661643, 0.8659663416190841, -0.8660505828180581, 0.20006683196661643]",11.597552065624335,5.032205941367943
"[0.20006695017250023, 0.8659662371563507, -0.8660506273524351, 0.20006695017250023]",11.600776838275175,5.03534910560365
"[0.20006706854616774, 0.8659661325453432, -0.8660506719500258, 0.20006706854616774]",11.604002438633575,5.038492269839358
"[0.20006718708801668, 0.8659660277857102, -0.8660507166109797, 0.20006718708801668]",11.607228872421423,5.041635434075066
"[0.20006730579904555, 0.865965922876569, -0.8660507613356734, 0.20006730579904555]",11.610456149031535,5.044778598310773
"[0.20006742468011035, 0.8659658178171639, -0.8660508061244289, 0.20006742468011035]",11.613684278537244,5.047921762546481
"[0.20006754373187532, 0.8659657126069072, -0.8660508509774966, 0.20006754373187532]",11.61691326264699,5.051064926782189
"[0.20006766295486209, 0.8659656072453383, -0.8660508958950732, 0.20006766295486209]",11.62014311056885,5.054208091017896
"[0.20006778234991565, 0.8659655017317103, -0.866050940877477, 0.20006778234991565]",11.623373832568735,5.057351255253604
"[0.2000679019181698, 0.8659653960650213, -0.8660509859251351, 0.2000679019181698]",11.626605433092015,5.060494419489312
"[0.20006802165971987, 0.8659652902451869, -0.8660510310380835, 0.20006802165971987]",11.629837918021154,5.063637583725019
"[0.2000681415759314, 0.8659651842710008, -0.8660510762168365, 0.2000681415759314]",11.633071297052503,5.066780747960727
"[0.20006826166722488, 0.8659650781420909, -0.8660511214615527, 0.20006826166722488]",11.636305573765084,5.069923912196435
"[0.20006838193485027, 0.8659649718573528, -0.866051166772703, 0.20006838193485027]",11.639540764593178,5.073067076432142
"[0.200068502378875, 0.8659648654167268, -0.8660512121503129, 0.200068502378875]",11.642776863942462,5.07621024066785
"[0.20006862300060738, 0.8659647588190567, -0.8660512575948751, 0.20006862300060738]",11.646013886826477,5.079353404903558
"[0.20006874380075118, 0.8659646520637209, -0.8660513031066549, 0.20006874380075118]",11.649251838641291,5.082496569139265
"[0.20006886478001012, 0.8659645451500971, -0.866051348685917, 0.20006886478001012]",11.652490722997328,5.085639733374973
"[0.20006898593924943, 0.8659644380774209, -0.8660513943329883, 0.20006898593924943]",11.655730551034097,5.088782897610681
"[0.20006910727926164, 0.8659643308449919, -0.8660514400481664, 0.20006910727926164]",11.658971328079279,5.091926061846388
"[0.20006922880118377, 0.8659642234518053, -0.8660514858318803, 0.20006922880118377]",11.662213062539378,5.095069226082096
"[0.20006935050536506, 0.8659641158975523, -0.8660515316842615, 0.20006935050536506]",11.665455759296005,5.098212390317803
"[0.2000694723929996, 0.8659640081811778, -0.8660515776057597, 0.2000694723929996]",11.668699427460844,5.101355554553511
"[0.2000695944647216, 0.8659639003021214, -0.8660516235966138, 0.2000695944647216]",11.671944070644615,5.104498718789219
"[0.20006971672154422, 0.8659637922594877, -0.8660516696572058, 0.20006971672154422]",11.67518970023064,5.107641883024926
"[0.20006983916402282, 0.8659636840527858, -0.8660517157877448, 0.20006983916402282]",11.678436314877372,5.110785047260634
"[0.20006996179348527, 0.8659635756808424, -0.8660517619887308, 0.20006996179348527]",11.681683932834506,5.113928211496342
"[0.20007008461043785, 0.8659634671432099, -0.8660518082603549, 0.20007008461043785]",11.684932551089846,5.117071375732049
"[0.20007020761594052, 0.8659633584389519, -0.8660518546030164, 0.20007020761594052]",11.688182180133678,5.120214539967757
"[0.20007033081083606, 0.8659632495673231, -0.8660519010170329, 0.20007033081083606]",11.691432828844732,5.123357704203465
"[0.20007045419581856, 0.8659631405277106, -0.8660519475026656, 0.20007045419581856]",11.694684499170402,5.126500868439172
"[0.20007057777193463, 0.8659630313191894, -0.866051994060309, 0.20007057777193463]",11.697937200187061,5.1296440326748804
"[0.2000707015405249, 0.8659629219405747, -0.8660520406904682, 0.2000707015405249]",11.701190942470241,5.132787196910588
"[0.20007082550164285, 0.8659628123918192, -0.8660520873931632, 0.20007082550164285]",11.704445723264703,5.135930361146295
"[0.20007094965664124, 0.8659627026717273, -0.8660521341689039, 0.20007094965664124]",11.707701553307578,5.139073525382003
"[0.20007107400643165, 0.8659625927794936, -0.8660521810180337, 0.20007107400643165]",11.710958443596766,5.142216689617711
"[0.2000711985518861, 0.8659624827143477, -0.866052227940881, 0.2000711985518861]",11.714216394124298,5.145359853853418
"[0.20007132329449245, 0.8659623724749742, -0.8660522749380063, 0.20007132329449245]",11.717475420187839,5.148503018089126
"[0.20007144823414613, 0.8659622620614661, -0.8660523220093705, 0.20007144823414613]",11.720735517108723,5.151646182324833
"[0.20007157337232967, 0.8659621514725128, -0.866052369155532, 0.20007157337232967]",11.723996695717942,5.154789346560541
"[0.20007169871025202, 0.8659620407070459, -0.8660524163769463, 0.20007169871025202]",11.727258966620383,5.157932510796249
"[0.20007182424852302, 0.8659619297645269, -0.8660524636738427, 0.20007182424852302]",11.730522331747354,5.161075675031956
"[0.20007194998800884, 0.8659618186441901, -0.8660525110465483, 0.20007194998800884]",11.733786793508393,5.164218839267663
"[0.20007207592997953, 0.865961707344913, -0.8660525584955413, 0.20007207592997953]",11.737052367344166,5.167362003503372
"[0.20007220207537735, 0.8659615958658633, -0.8660526060211765, 0.20007220207537735]",11.740319054328147,5.170505167739079
"[0.2000723284250682, 0.8659614842062754, -0.8660526536237805, 0.2000723284250682]",11.74358686275114,5.173648331974786
"[0.20007245498009757, 0.8659613723652255, -0.8660527013037468, 0.20007245498009757]",11.746855795164617,5.176791496210495
"[0.20007258174142958, 0.8659612603418615, -0.8660527490614387, 0.20007258174142958]",11.750125860928362,5.179934660446202
"[0.20007270870997956, 0.8659611481353747, -0.8660527968972013, 0.20007270870997956]",11.75339706335456,5.183077824681909
"[0.2000728358866684, 0.8659610357449512, -0.8660528448113815, 0.2000728358866684]",11.75666940882728,5.186220988917617
"[0.20007296327309404, 0.8659609231691788, -0.8660528928045812, 0.20007296327309404]",11.759942909491619,5.189364153153325
"[0.20007309086970226, 0.8659608104076637, -0.8660529408769684, 0.20007309086970226]",11.76321756320297,5.192507317389032
"[0.20007321867778663, 0.8659606974592626, -0.8660529890290304, 0.20007321867778663]",11.766493380656511,5.19565048162474
"[0.20007334669830754, 0.8659605843231268, -0.8660530372611293, 0.20007334669830754]",11.769770367887233,5.198793645860448
"[0.2000734749321632, 0.8659604709984627, -0.866053085573603, 0.2000734749321632]",11.77304852537418,5.201936810096155
"[0.2000736033805966, 0.8659603574841717, -0.8660531339669205, 0.2000736033805966]",11.776327866165918,5.205079974331863
"[0.20007373204468185, 0.8659602437793045, -0.8660531824414859, 0.20007373204468185]",11.779608390820432,5.208223138567571
"[0.20007386092504195, 0.8659601298833105, -0.8660532309975341, 0.20007386092504195]",11.782890106537062,5.211366302803278
"[0.20007399002379392, 0.8659600157943194, -0.8660532796358626, 0.20007399002379392]",11.786173024497877,5.214509467038986
"[0.200074119340701, 0.8659599015125399, -0.8660533283563824, 0.200074119340701]",11.789457141773429,5.217652631274694
"[0.2000742488776626, 0.8659597870362934, -0.8660533771598091, 0.2000742488776626]",11.792742466731479,5.220795795510401
"[0.20007437863558017, 0.8659596723647834, -0.8660534260464822, 0.20007437863558017]",11.796029007361664,5.223938959746109
"[0.20007450861548162, 0.8659595574971017, -0.8660534750167891, 0.20007450861548162]",11.799316765763384,5.227082123981817
"[0.20007463881856913, 0.8659594424321857, -0.8660535240711824, 0.20007463881856913]",11.802605753279348,5.230225288217524
"[0.20007476924579173, 0.865959327169197, -0.8660535732100201, 0.20007476924579173]",11.80589596862922,5.233368452453232
"[0.20007489989858934, 0.8659592117068625, -0.8660536224338444, 0.20007489989858934]",11.809187422796112,5.23651161668894
"[0.20007503077776465, 0.8659590960444736, -0.8660536717429579, 0.20007503077776465]",11.812480120046759,5.239654780924647
"[0.2000751618847406, 0.8659589801807723, -0.8660537211378967, 0.2000751618847406]",11.815774064021298,5.242797945160355
"[0.20007529322022125, 0.8659588641151367, -0.8660537706189257, 0.20007529322022125]",11.819069258037356,5.245941109396063
"[0.2000754247856265, 0.8659587478463118, -0.8660538201865805, 0.2000754247856265]",11.822365712783556,5.24908427363177
"[0.20007555658200307, 0.8659586313733727, -0.8660538698412548, 0.20007555658200307]",11.825663430172717,5.252227437867478
"[0.20007568861083322, 0.8659585146950095, -0.8660539195835073, 0.20007568861083322]",11.828962418168569,5.255370602103185
"[0.20007582087270814, 0.8659583978106996, -0.866053969413561, 0.20007582087270814]",11.832262675533238,5.2585137663388934
"[0.20007595336939835, 0.8659582807188784, -0.8660540193320826, 0.20007595336939835]",11.835564217081357,5.261656930574601
"[0.20007608610149105, 0.8659581634190273, -0.8660540693392935, 0.20007608610149105]",11.838867039588317,5.264800094810308
"[0.20007621907075004, 0.8659580459095875, -0.8660541194358581, 0.20007621907075004]",11.84217115384612,5.2679432590460165
"[0.20007635227795253, 0.8659579281898717, -0.8660541696220694, 0.20007635227795253]",11.845476562460137,5.271086423281724
"[0.20007648572446998, 0.8659578102586684, -0.8660542198984441, 0.20007648572446998]",11.848783269819123,5.274229587517431
"[0.2000766194113425, 0.8659576921150581, -0.8660542702653737, 0.2000766194113425]",11.852091280515662,5.2773727517531395
"[0.20007675333981256, 0.865957573757943, -0.8660543207233269, 0.20007675333981256]",11.85540060052179,5.280515915988847
"[0.20007688751127484, 0.8659574551860906, -0.8660543712728286, 0.20007688751127484]",11.858711234533645,5.283659080224554
"[0.20007702192701204, 0.8659573363983674, -0.8660544219143623, 0.20007702192701204]",11.862023189741942,5.2868022444602625
"[0.20007715658784117, 0.8659572173940511, -0.8660544726482359, 0.20007715658784117]",11.865336467666674,5.28994540869597
"[0.20007729149538425, 0.8659570981717086, -0.8660545234750605, 0.20007729149538425]",11.868651074712504,5.293088572931677
"[0.20007742665076486, 0.8659569787303468, -0.8660545743952593, 0.20007742665076486]",11.871967016407496,5.2962317371673855
"[0.20007756205523228, 0.8659568590688621, -0.866054625409303, 0.20007756205523228]",11.875284292186882,5.299374901403093
"[0.2000776977098766, 0.8659567391862905, -0.8660546765176022, 0.2000776977098766]",11.878602915294511,5.3025180656388
"[0.2000778336162729, 0.8659566190812403, -0.8660547277207507, 0.2000778336162729]",11.881922883812933,5.3056612298745085
"[0.20007796977544204, 0.8659564987528097, -0.8660547790191324, 0.20007796977544204]",11.885244204988146,5.308804394110216
"[0.2000781061888496, 0.8659563781997031, -0.8660548304133002, 0.2000781061888496]",11.888566882576571,5.311947558345923
"[0.2000782428577203, 0.8659562574208384, -0.8660548819037153, 0.2000782428577203]",11.891890919724364,5.3150907225816315
"[0.2000783797829109, 0.8659561364154583, -0.8660549334907003, 0.2000783797829109]",11.895216321922874,5.318233886817339
"[0.20007851696656592, 0.8659560151816681, -0.8660549851750633, 0.20007851696656592]",11.898543095730147,5.321377051053046
"[0.20007865440938455, 0.8659558937188493, -0.8660550369570678, 0.20007865440938455]",11.901871242886683,5.3245202152887545
"[0.20007879211276935, 0.8659557720257628, -0.8660550888372419, 0.20007879211276935]",11.905200769244033,5.327663379524462
"[0.20007893007817876, 0.8659556501011196, -0.8660551408161354, 0.20007893007817876]",11.908531675561644,5.330806543760169
"[0.2000790683068706, 0.8659555279438083, -0.8660551928942223, 0.2000790683068706]",11.911863972326927,5.333949707995877
"[0.20007920680031369, 0.8659554055525309, -0.8660552450720557, 0.20007920680031369]",11.915197660726976,5.337092872231585
"[0.20007934555934428, 0.865955282926548, -0.8660552973499507, 0.20007934555934428]",11.918532738322503,5.340236036467292
"[0.20007948458586858, 0.8659551600641755, -0.8660553497286254, 0.20007948458586858]",11.921869219730825,5.343379200703
"[0.20007962388123607, 0.8659550369642205, -0.8660554022085885, 0.20007962388123607]",11.925207104840505,5.346522364938708
"[0.20007976344636214, 0.8659549136258744, -0.8660554547901846, 0.20007976344636214]",11.928546394329699,5.349665529174415
"[0.20007990328265257, 0.8659547900478944, -0.8660555074739436, 0.20007990328265257]",11.931887095398348,5.352808693410123
"[0.20008004339218702, 0.8659546662284432, -0.8660555602606489, 0.20008004339218702]",11.93522921314604,5.355951857645831
"[0.20008018377550688, 0.8659545421670422, -0.8660556131505044, 0.20008018377550688]",11.93857274731517,5.359095021881538
"[0.20008032443450915, 0.8659544178620147, -0.8660556661442249, 0.20008032443450915]",11.941917705361293,5.362238186117246
"[0.2000804653703513, 0.8659542933123382, -0.8660557192422463, 0.2000804653703513]",11.945264089609132,5.365381350352954
"[0.20008060658439872, 0.8659541685168057, -0.8660557724450832, 0.20008060658439872]",11.948611903412527,5.368524514588661
"[0.20008074807852208, 0.8659540434737643, -0.8660558257534406, 0.20008074807852208]",11.951961152913144,5.371667678824369
"[0.20008088985327582, 0.8659539181827242, -0.8660558791675271, 0.20008088985327582]",11.95531183711836,5.374810843060077
"[0.20008103191100768, 0.8659537926416102, -0.8660559326882271, 0.20008103191100768]",11.958663963447036,5.377954007295784
"[0.2000811742524443, 0.8659536668497806, -0.8660559863158146, 0.2000811742524443]",11.962017531619457,5.381097171531492
"[0.20008131687968733, 0.8659535408053778, -0.8660560400510815, 0.20008131687968733]",11.965372551891868,5.384240335767199
"[0.2000814597933428, 0.8659534145078664, -0.8660560938942559, 0.2000814597933428]",11.968729018932239,5.387383500002907
"[0.20008160299553981, 0.865953287955365, -0.8660561478461399, 0.20008160299553981]",11.972086942065282,5.390526664238615
"[0.20008174648756424, 0.8659531611467369, -0.8660562019072182, 0.20008174648756424]",11.975446323612697,5.393669828474322
"[0.20008189027078954, 0.8659530340807687, -0.8660562560780081, 0.20008189027078954]",11.978807165234333,5.3968129927100295
"[0.2000820343464702, 0.8659529067563515, -0.8660563103589825, 0.2000820343464702]",11.982169469301459,5.399956156945738
"[0.2000821787164824, 0.8659527791718274, -0.8660563647508478, 0.2000821787164824]",11.985533242335793,5.403099321181445
"[0.20008232338253676, 0.865952651325685, -0.8660564192542486, 0.20008232338253676]",11.988898486675883,5.4062424854171525
"[0.20008246834525875, 0.8659525232173712, -0.8660564738694209, 0.20008246834525875]",11.992265201688378,5.409385649652861
"[0.2000826136069024, 0.865952394844894, -0.8660565285972138, 0.2000826136069024]",11.995633395521283,5.412528813888568
"[0.2000827591687112, 0.8659522662071547, -0.8660565834380957, 0.2000827591687112]",11.999003068325518,5.4156719781242755
"[0.20008290503221324, 0.8659521373028028, -0.8660566383926421, 0.20008290503221324]",12.002374222810339,5.418815142359983
"[0.2000830511987642, 0.8659520081306404, -0.866056693461364, 0.2000830511987642]",12.00574686197168,5.421958306595691
"[0.20008319767025343, 0.8659518786889978, -0.8660567486449734, 0.20008319767025343]",12.009120989838094,5.4251014708313985
"[0.20008334444765596, 0.8659517489770133, -0.8660568039438374, 0.20008334444765596]",12.01249660536718,5.428244635067106
"[0.2000834915330172, 0.8659516189928793, -0.8660568593587266, 0.2000834915330172]",12.01587371684168,5.431387799302813
"[0.20008363892768866, 0.8659514887354016, -0.8660569148901502, 0.20008363892768866]",12.01925232124812,5.4345309635385215
"[0.20008378663334705, 0.8659513582030982, -0.8660569705387401, 0.20008378663334705]",12.022632427017701,5.437674127774229
"[0.2000839346514992, 0.8659512273946378, -0.8660570263050639, 0.2000839346514992]",12.02601403197912,5.440817292009936
"[0.2000840829835922, 0.8659510963087413, -0.8660570821896668, 0.2000840829835922]",12.029397139843937,5.4439604562456445
"[0.2000842316312167, 0.8659509649440033, -0.8660571381931479, 0.2000842316312167]",12.032781751876799,5.447103620481352
"[0.200084380596263, 0.8659508332987531, -0.8660571943162197, 0.200084380596263]",12.036167877555767,5.450246784717059
"[0.2000845298795756, 0.8659507013722443, -0.8660572505592002, 0.2000845298795756]",12.039555507123836,5.4533899489527675
"[0.2000846794839799, 0.8659505691619804, -0.8660573069231539, 0.2000846794839799]",12.04294465451655,5.456533113188475
"[0.2000848294095773, 0.8659504366678715, -0.866057363408119, 0.2000848294095773]",12.046335311742226,5.459676277424182
"[0.20008497965917899, 0.8659503038874335, -0.8660574200151547, 0.20008497965917899]",12.049727487843072,5.4628194416598905
"[0.20008513023391206, 0.8659501708196701, -0.8660574767446858, 0.20008513023391206]",12.053121180707333,5.465962605895598
"[0.200085281135722, 0.8659500374628624, -0.8660575335974448, 0.200085281135722]",12.056516397948425,5.469105770131305
"[0.20008543236554463, 0.865949903816183, -0.8660575905737845, 0.20008543236554463]",12.059913134538736,5.4722489343670135
"[0.20008558392534878, 0.8659497698778924, -0.8660576476744468, 0.20008558392534878]",12.06331139633218,5.475392098602721
"[0.2000857358172711, 0.8659496356461023, -0.8660577049002366, 0.2000857358172711]",12.066711187181083,5.478535262838428
"[0.20008588804240582, 0.8659495011198455, -0.8660577622515662, 0.20008588804240582]",12.070112503572838,5.481678427074136
"[0.20008604060251997, 0.8659493662975605, -0.8660578197291015, 0.20008604060251997]",12.073515351602433,5.484821591309844
"[0.20008619349915183, 0.865949231177888, -0.8660578773334215, 0.20008619349915183]",12.07691972973172,5.487964755545551
"[0.20008634673437617, 0.8659490957589946, -0.8660579350653085, 0.20008634673437617]",12.080325641730248,5.491107919781259
"[0.20008650030966324, 0.8659489600395809, -0.8660579929253162, 0.20008650030966324]",12.083733088386385,5.494251084016967
"[0.20008665422638236, 0.8659488240184366, -0.8660580509139604, 0.20008665422638236]",12.087142069941024,5.497394248252674
"[0.20008680848666893, 0.865948687693675, -0.8660581090320457, 0.20008680848666893]",12.09055259196922,5.500537412488382
"[0.20008696309204804, 0.8659485510639481, -0.8660581672801468, 0.20008696309204804]",12.093964647958565,5.50368057672409
"[0.2000871180442937, 0.8659484141276883, -0.8660582256589319, 0.2000871180442937]",12.097378248764226,5.506823740959797
"[0.20008727334489476, 0.8659482768835798, -0.866058284168962, 0.20008727334489476]",12.100793390299287,5.509966905195505
"[0.20008742899601112, 0.8659481393297139, -0.8660583428110509, 0.20008742899601112]",12.10421007741098,5.513110069431213
"[0.20008758499865892, 0.8659480014651927, -0.8660584015855812, 0.20008758499865892]",12.107628302662889,5.51625323366692
"[0.200087741354858, 0.8659478632882308, -0.8660584604933144, 0.200087741354858]",12.111048074141802,5.519396397902628
"[0.20008789806686886, 0.8659477247968312, -0.8660585195351016, 0.20008789806686886]",12.11446939257956,5.522539562138336
"[0.2000880551359207, 0.8659475859899073, -0.8660585787114062, 0.2000880551359207]",12.117892258718745,5.525682726374043
"[0.20008821256397316, 0.8659474468657274, -0.8660586380229667, 0.20008821256397316]",12.121316672791636,5.528825890609751
"[0.2000883703522835, 0.8659473074231805, -0.8660586974702562, 0.2000883703522835]",12.124742632387,5.531969054845459
"[0.20008852850301526, 0.8659471676603544, -0.8660587570540903, 0.20008852850301526]",12.12817014306244,5.535112219081166
"[0.20008868701871446, 0.8659470275749994, -0.8660588167754283, 0.20008868701871446]",12.131599207265737,5.538255383316874
"[0.20008884589961562, 0.8659468871669082, -0.8660588766343582, 0.20008884589961562]",12.135029817283135,5.541398547552582
"[0.20008900514864375, 0.8659467464334958, -0.8660589366319822, 0.20008900514864375]",12.138461982181994,5.544541711788289
"[0.20008916476675295, 0.8659466053739191, -0.8660589967686598, 0.20008916476675295]",12.1418956940531,5.547684876023997
"[0.20008932475638208, 0.8659464639860229, -0.8660590570453097, 0.20008932475638208]",12.145330960149092,5.550828040259705
"[0.20008948511945807, 0.8659463222681044, -0.8660591174626581, 0.20008948511945807]",12.148767781007937,5.553971204495412
"[0.20008964585700265, 0.8659461802192607, -0.8660591780210898, 0.20008964585700265]",12.152206153116342,5.55711436873112
"[0.2000898069715188, 0.8659460378372796, -0.8660592387215478, 0.2000898069715188]",12.155646079478068,5.560257532966827
"[0.2000899684646474, 0.8659458951207112, -0.8660592995646504, 0.2000899684646474]",12.15908755934929,5.563400697202535
"[0.20009013033815623, 0.8659457520679934, -0.8660593605510637, 0.20009013033815623]",12.162530592670564,5.566543861438243
"[0.20009029259354075, 0.8659456086778045, -0.866059421681351, 0.20009029259354075]",12.165975177184036,5.56968702567395
"[0.2000904552335103, 0.8659454649477504, -0.8660594829565329, 0.2000904552335103]",12.169421320985075,5.572830189909658
"[0.20009061825903351, 0.8659453208769748, -0.8660595443769744, 0.20009061825903351]",12.172869012549148,5.575973354145366
"[0.2000907816724101, 0.8659451764634456, -0.8660596059435424, 0.2000907816724101]",12.176318260328607,5.579116518381073
"[0.2000909454753642, 0.8659450317056393, -0.8660596676568859, 0.2000909454753642]",12.179769062259446,5.582259682616781
"[0.20009110966997176, 0.8659448866017211, -0.8660597295177875, 0.20009110966997176]",12.183221418051307,5.585402846852489
"[0.20009127425765807, 0.8659447411504314, -0.8660597915267838, 0.20009127425765807]",12.186675322266739,5.588546011088196
"[0.20009143924070674, 0.8659445953497525, -0.8660598536847353, 0.20009143924070674]",12.190130783394132,5.591689175323904
"[0.20009160462093806, 0.8659444491980754, -0.866059915992328, 0.20009160462093806]",12.193587795168256,5.594832339559612
"[0.20009177039991097, 0.8659443026940228, -0.866059978450149, 0.20009177039991097]",12.197046358031455,5.597975503795319
"[0.20009193658013835, 0.8659441558353739, -0.8660600410591448, 0.20009193658013835]",12.200506473045678,5.601118668031027
"[0.2000921031627342, 0.8659440086211438, -0.8660601038197359, 0.2000921031627342]",12.203968137141946,5.604261832266735
"[0.2000922701502811, 0.8659438610490511, -0.8660601667328944, 0.2000922701502811]",12.207431350590259,5.607404996502442
"[0.20009243754434658, 0.8659437131177099, -0.8660602297992116, 0.20009243754434658]",12.210896113736613,5.61054816073815
"[0.20009260534683684, 0.865943564825436, -0.8660602930194053, 0.20009260534683684]",12.214362422783053,5.613691324973858
"[0.20009277356014504, 0.8659434161701142, -0.8660603563943773, 0.20009277356014504]",12.21783028322918,5.616834489209565
"[0.2000929421857624, 0.8659432671504269, -0.8660604199246892, 0.2000929421857624]",12.221299688539,5.6199776534452734
"[0.2000931112252182, 0.8659431177650226, -0.8660604836109175, 0.2000931112252182]",12.224770636100047,5.623120817680981
"[0.20009328068140936, 0.8659429680113415, -0.8660605474541534, 0.20009328068140936]",12.228243132734175,5.626263981916688
"[0.20009345055543026, 0.8659428178884163, -0.8660606114548093, 0.20009345055543026]",12.231717169059774,5.629407146152396
"[0.20009362084989665, 0.8659426673939351, -0.8660606756138705, 0.20009362084989665]",12.235192748157745,5.632550310388104
"[0.2000937915662917, 0.8659425165265876, -0.8660607399318961, 0.2000937915662917]",12.238669867234501,5.635693474623811
"[0.20009396270708268, 0.8659423652841935, -0.8660608044098156, 0.20009396270708268]",12.242148528754637,5.638836638859519
"[0.20009413427373463, 0.865942213665458, -0.8660608690481808, 0.20009413427373463]",12.245628723781806,5.641979803095227
"[0.20009430626843608, 0.8659420616684469, -0.8660609338478166, 0.20009430626843608]",12.249110457403042,5.645122967330934
"[0.20009447869316374, 0.8659419092914138, -0.8660609988094671, 0.20009447869316374]",12.252593726424106,5.648266131566642
"[0.20009465154985748, 0.8659417565326437, -0.866061063933864, 0.20009465154985748]",12.256078526995186,5.651409295802349
"[0.2000948248407447, 0.8659416033901689, -0.8660611292218457, 0.2000948248407447]",12.259564858757985,5.654552460038057
"[0.20009499856747545, 0.8659414498625311, -0.8660611946740343, 0.20009499856747545]",12.263052722133978,5.657695624273765
"[0.20009517273185762, 0.8659412959481325, -0.8660612602911109, 0.20009517273185762]",12.266542112780359,5.660838788509472
"[0.2000953473367323, 0.8659411416444623, -0.8660613260741458, 0.2000953473367323]",12.270033027572591,5.663981952745179
"[0.20009552238330208, 0.865940986950458, -0.8660613920235922, 0.20009552238330208]",12.2735254665114,5.667125116980888
"[0.200095697874324, 0.8659408318636831, -0.8660614581404886, 0.200095697874324]",12.277019432558495,5.670268281216595
"[0.20009587381113433, 0.8659406763829565, -0.866061524425339, 0.20009587381113433]",12.280514914141946,5.673411445452302
"[0.20009605019622995, 0.8659405205060718, -0.8660615908790835, 0.20009605019622995]",12.284011915380857,5.67655460968801
"[0.20009622703134428, 0.8659403642314975, -0.8660616575023755, 0.20009622703134428]",12.287510432080564,5.679697773923718
"[0.20009640431875125, 0.8659402075572237, -0.8660617242960718, 0.20009640431875125]",12.291010461817425,5.682840938159425
"[0.20009658206043662, 0.8659400504814957, -0.86606179126092, 0.20009658206043662]",12.294512002822424,5.685984102395133
"[0.200096760258179, 0.8659398930027419, -0.8660618583975908, 0.200096760258179]",12.298015051650163,5.689127266630841
"[0.2000969389145055, 0.8659397351187285, -0.8660619257070363, 0.2000969389145055]",12.301519608449704,5.692270430866548
"[0.20009711803085517, 0.8659395768281842, -0.8660619931897983, 0.20009711803085517]",12.305025666351957,5.695413595102256
"[0.20009729761025663, 0.8659394181284329, -0.8660620608470181, 0.20009729761025663]",12.308533228877584,5.698556759337964
"[0.20009747765387717, 0.8659392590184425, -0.8660621286791356, 0.20009747765387717]",12.312042286974188,5.701699923573671
"[0.2000976581641558, 0.8659390994960579, -0.8660621966870693, 0.2000976581641558]",12.315552840438713,5.704843087809379
"[0.20009783914326237, 0.8659389395593615, -0.8660622648716372, 0.20009783914326237]",12.319064889370065,5.707986252045087
"[0.20009802059346166, 0.8659387792063521, -0.866062333233692, 0.20009802059346166]",12.32257842750208,5.711129416280794
"[0.20009820251597318, 0.8659386184359515, -0.8660624017736939, 0.20009820251597318]",12.32609344981785,5.714272580516502
"[0.20009838491372153, 0.8659384572455757, -0.8660624704927442, 0.20009838491372153]",12.32960995853312,5.717415744752209
"[0.20009856778863278, 0.8659382956335224, -0.8660625393915686, 0.20009856778863278]",12.333127947030269,5.720558908987917
"[0.20009875114274908, 0.8659381335979871, -0.8660626084709367, 0.20009875114274908]",12.336647412474036,5.723702073223625
"[0.20009893497824996, 0.8659379711370435, -0.8660626777316697, 0.20009893497824996]",12.340168353824698,5.726845237459332
"[0.20009911929711605, 0.8659378082489415, -0.8660627471745136, 0.20009911929711605]",12.343690765397112,5.72998840169504
"[0.20009930410133187, 0.8659376449319272, -0.8660628168002164, 0.20009930410133187]",12.34721464354531,5.733131565930748
"[0.20009948939375183, 0.8659374811834784, -0.866062886609853, 0.20009948939375183]",12.350739988667936,5.736274730166455
"[0.20009967517602498, 0.8659373170021372, -0.8660629566040454, 0.20009967517602498]",12.35426679586611,5.739417894402163
"[0.20009986144968256, 0.8659371523865513, -0.8660630267833697, 0.20009986144968256]",12.357795054954547,5.742561058637871
"[0.2001000482176299, 0.8659369873341525, -0.8660630971489213, 0.2001000482176299]",12.361324770842053,5.745704222873578
"[0.20010023548193084, 0.8659368218431174, -0.8660631677014771, 0.20010023548193084]",12.364855937215047,5.7488473871092864
"[0.2001004232445614, 0.8659366559116994, -0.866063238441782, 0.2001004232445614]",12.368388547199245,5.751990551344994
"[0.2001006115078035, 0.8659364895378826, -0.8660633093706955, 0.2001006115078035]",12.371922601264815,5.755133715580701
"[0.2001008002738042, 0.8659363227197692, -0.8660633804890268, 0.2001008002738042]",12.375458094935626,5.7582768798164095
"[0.20010098954478406, 0.8659361554553967, -0.8660634517976122, 0.20010098954478406]",12.378995022289645,5.761420044052117
"[0.20010117932241575, 0.8659359877432872, -0.8660635232970822, 0.20010117932241575]",12.382533378684142,5.764563208287824
"[0.2001013696096179, 0.8659358195808613, -0.8660635949885364, 0.2001013696096179]",12.38607316278695,5.7677063725235325
"[0.20010156040819543, 0.8659356509665244, -0.8660636668726543, 0.20010156040819543]",12.38961436757098,5.77084953675924
"[0.200101751719937, 0.8659354818986953, -0.8660637389501105, 0.200101751719937]",12.393156990041243,5.773992700994947
"[0.2001019435475596, 0.8659353123749736, -0.8660638112219281, 0.2001019435475596]",12.396701025488449,5.7771358652306555
"[0.20010213589352724, 0.865935142393181, -0.866063883689036, 0.20010213589352724]",12.400246473779513,5.780279029466363
"[0.20010232875943482, 0.8659349719519089, -0.8660639563520344, 0.20010232875943482]",12.40379332378953,5.78342219370207
"[0.20010252214730836, 0.8659348010493665, -0.8660640292116872, 0.20010252214730836]",12.407341574228038,5.786565357937778
"[0.20010271605981272, 0.8659346296831989, -0.8660641022689982, 0.20010271605981272]",12.410891221259883,5.789708522173486
"[0.2001029104995706, 0.8659344578510884, -0.8660641755249555, 0.2001029104995706]",12.41444225733898,5.792851686409193
"[0.20010310546771634, 0.8659342855520326, -0.8660642489799866, 0.20010310546771634]",12.41799468223925,5.795994850644901
"[0.20010330096713477, 0.8659341127834822, -0.8660643226351779, 0.20010330096713477]",12.421548486436254,5.799138014880609
"[0.2001034970001091, 0.8659339395434194, -0.8660643964913903, 0.2001034970001091]",12.425103668415568,5.802281179116316
"[0.20010369356792268, 0.86593376583071, -0.866064470549107, 0.20010369356792268]",12.428660220265856,5.805424343352024
"[0.20010389067437415, 0.8659335916419976, -0.8660645448097593, 0.20010389067437415]",12.432218141558252,5.808567507587732
"[0.20010408832039916, 0.8659334169764549, -0.8660646192736993, 0.20010408832039916]",12.43577742222314,5.811710671823439
"[0.20010428650876874, 0.8659332418316331, -0.8660646939419715, 0.20010428650876874]",12.439338059501399,5.814853836059147
"[0.2001044852413194, 0.8659330662059098, -0.8660647688152677, 0.2001044852413194]",12.442900047536288,5.817997000294855
"[0.20010468452110722, 0.8659328900965838, -0.8660648438947393, 0.20010468452110722]",12.446463385366,5.821140164530562
"[0.20010488434914006, 0.8659327135027646, -0.8660649191807658, 0.20010488434914006]",12.450028059549105,5.82428332876627
"[0.2001050847288132, 0.865932536421452, -0.8660649946746266, 0.2001050847288132]",12.453594071360744,5.827426493001978
"[0.20010528566174424, 0.8659323588512162, -0.8660650703769313, 0.20010528566174424]",12.457161412022437,5.830569657237685
"[0.20010548715000062, 0.8659321807902303, -0.8660651462884585, 0.20010548715000062]",12.460730075278626,5.833712821473393
"[0.20010568919661667, 0.8659320022358129, -0.8660652224103516, 0.20010568919661667]",12.464300059526852,5.836855985709101
"[0.20010589180343133, 0.8659318231863388, -0.8660652987433033, 0.20010589180343133]",12.467871359082544,5.839999149944808
"[0.20010609497257023, 0.8659316436399297, -0.8660653752881147, 0.20010609497257023]",12.471443963310573,5.843142314180516
"[0.20010629870635074, 0.8659314635945379, -0.8660654520456587, 0.20010629870635074]",12.47501787010086,5.846285478416224
"[0.200106503006637, 0.8659312830485157, -0.8660655290166376, 0.200106503006637]",12.478593070061583,5.849428642651931
"[0.20010670787667312, 0.8659311019989964, -0.8660656062022738, 0.20010670787667312]",12.482169563223618,5.852571806887639
"[0.20010691331794228, 0.8659309204446695, -0.8660656836031262, 0.20010691331794228]",12.485747338674676,5.855714971123347
"[0.2001071193332042, 0.865930738383096, -0.8660657612202343, 0.2001071193332042]",12.489326393035418,5.858858135359054
"[0.20010732592418665, 0.865930555812749, -0.866065839054249, 0.20010732592418665]",12.492906719835453,5.862001299594762
"[0.20010753309300344, 0.8659303727317611, -0.8660659171059669, 0.20010753309300344]",12.49648830856371,5.865144463830469
"[0.20010774084306202, 0.8659301891371202, -0.866065995376672, 0.20010774084306202]",12.500071159866312,5.868287628066177
"[0.20010794917545388, 0.8659300050278625, -0.8660660738667749, 0.20010794917545388]",12.503655262043466,5.871430792301885
"[0.20010815809321716, 0.8659298204013031, -0.8660661525774209, 0.20010815809321716]",12.507240612808316,5.874573956537592
"[0.20010836759834932, 0.8659296352556763, -0.866066231509362, 0.20010836759834932]",12.510827204406613,5.8777171207733
"[0.20010857769294096, 0.8659294495891354, -0.8660663106633862, 0.20010857769294096]",12.514415026874076,5.880860285009008
"[0.2001087883796122, 0.8659292633993643, -0.8660663900404808, 0.2001087883796122]",12.518004079483312,5.884003449244715
"[0.20010899966020174, 0.8659290766847386, -0.8660664696413383, 0.20010899966020174]",12.521594351568321,5.887146613480423
"[0.20010921153767586, 0.8659288894426369, -0.8660665494670762, 0.20010921153767586]",12.525185836560347,5.890289777716131
"[0.2001094240136392, 0.8659287016716413, -0.8660666295182992, 0.2001094240136392]",12.528778529304978,5.893432941951838
"[0.2001096370906711, 0.865928513369472, -0.8660667097959792, 0.2001096370906711]",12.53237242346667,5.8965761061875455
"[0.20010985077150148, 0.865928324533717, -0.8660667903011445, 0.20010985077150148]",12.535967511500361,5.899719270423254
"[0.20011006505757584, 0.8659281351630987, -0.8660668710343398, 0.20011006505757584]",12.539563784112415,5.902862434658961
"[0.20011027995164304, 0.8659279452551881, -0.8660669519966009, 0.20011027995164304]",12.543161236188126,5.9060055988946685
"[0.20011049545643114, 0.8659277548075742, -0.8660670331889554, 0.20011049545643114]",12.546759862945038,5.909148763130376
"[0.2001107115730872, 0.8659275638192435, -0.8660671146118355, 0.2001107115730872]",12.550359651065147,5.912291927366084
"[0.20011092830533547, 0.8659273722869049, -0.8660671962666446, 0.20011092830533547]",12.553960601448535,5.9154350916017915
"[0.20011114565448027, 0.8659271802094056, -0.866067278153874, 0.20011114565448027]",12.557562702061746,5.918578255837499
"[0.20011136362298632, 0.8659269875845678, -0.866067360274452, 0.20011136362298632]",12.561165946797601,5.921721420073206
"[0.20011158221378922, 0.865926794409797, -0.866067442629485, 0.20011158221378922]",12.564770328258131,5.9248645843089145
"[0.20011180142800286, 0.8659266006841092, -0.8660675252193926, 0.20011180142800286]",12.568375838120534,5.928007748544622
"[0.200112021268817, 0.8659264064046855, -0.8660676080453763, 0.200112021268817]",12.571982468097037,5.931150912780329
"[0.2001122417382494, 0.8659262115697427, -0.8660676911081967, 0.2001122417382494]",12.57559021415355,5.9342940770160375
"[0.20011246283899067, 0.8659260161769031, -0.8660677744088673, 0.20011246283899067]",12.579199065389615,5.937437241251745
"[0.20011268457272774, 0.865925820224676, -0.8660678579480237, 0.20011268457272774]",12.582809015369184,5.940580405487452
"[0.20011290694238004, 0.8659256237104817, -0.8660679417267662, 0.20011290694238004]",12.586420058175474,5.94372356972316
"[0.2001131299495875, 0.8659254266328709, -0.8660680257457118, 0.2001131299495875]",12.590032183008734,5.946866733958868
"[0.20011335359728022, 0.8659252289892543, -0.8660681100059652, 0.20011335359728022]",12.593645382196813,5.950009898194575
"[0.2001135778878019, 0.8659250307775604, -0.8660681945084092, 0.2001135778878019]",12.597259650773108,5.953153062430283
"[0.2001138028224688, 0.8659248319966266, -0.8660682792535396, 0.2001138028224688]",12.600874977521423,5.956296226665991
"[0.20011402840509993, 0.8659246326430776, -0.8660683642427954, 0.20011402840509993]",12.604491356801757,5.959439390901698
"[0.20011425463709992, 0.8659244327156727, -0.8660684494767057, 0.20011425463709992]",12.608108781368793,5.962582555137406
"[0.20011448152020764, 0.8659242322128746, -0.8660685349559258, 0.20011448152020764]",12.611727238650978,5.965725719373114
"[0.20011470905794387, 0.8659240311315723, -0.8660686206817821, 0.20011470905794387]",12.61534672360761,5.968868883608821
"[0.20011493725196375, 0.8659238294703033, -0.8660687066548982, 0.20011493725196375]",12.618967228399915,5.972012047844529
"[0.20011516610510813, 0.8659236272265572, -0.8660687928763444, 0.20011516610510813]",12.622588745836351,5.975155212080237
"[0.20011539561887084, 0.8659234243990137, -0.8660688793466834, 0.20011539561887084]",12.626211263405388,5.978298376315944
"[0.20011562579622985, 0.8659232209850412, -0.8660689660670374, 0.20011562579622985]",12.629834777657726,5.981441540551652
"[0.20011585663931794, 0.865923016982755, -0.8660690530382099, 0.20011585663931794]",12.633459277578439,5.98458470478736
"[0.20011608815008186, 0.8659228123904347, -0.8660691402609344, 0.20011608815008186]",12.637084753032298,5.987727869023067
"[0.2001163203313965, 0.8659226072055399, -0.8660692277362939, 0.2001163203313965]",12.640711198099556,5.990871033258775
"[0.20011655318490348, 0.8659224014266202, -0.866069315464907, 0.20011655318490348]",12.6443386026444,5.994014197494483
"[0.200116786713739, 0.8659221950509036, -0.8660694034479552, 0.200116786713739]",12.647966958922693,5.99715736173019
"[0.20011702091994488, 0.865921988076586, -0.866069491686208, 0.20011702091994488]",12.651596260366627,6.000300525965898
"[0.20011725580516623, 0.8659217805022138, -0.8660695801802848, 0.20011725580516623]",12.655226493613657,6.003443690201606
"[0.20011749137272986, 0.8659215723248468, -0.8660696689314397, 0.20011749137272986]",12.658857653035058,6.006586854437313
"[0.20011772762422536, 0.8659213635430806, -0.866069757940271, 0.20011772762422536]",12.662489728616034,6.009730018673021
"[0.20011796456186387, 0.8659211541549608, -0.8660698472076122, 0.20011796456186387]",12.666122710078291,6.012873182908729
"[0.2001182021883828, 0.865920944158069, -0.8660699367344943, 0.2001182021883828]",12.669756591651968,6.016016347144436
"[0.20011844050630975, 0.8659207335501713, -0.8660700265218694, 0.20011844050630975]",12.67339136563896,6.019159511380144
"[0.20011867951717657, 0.865920522329914, -0.8660701165703153, 0.20011867951717657]",12.677027017809694,6.022302675615851
"[0.20011891922414052, 0.8659203104945069, -0.8660702068810212, 0.20011891922414052]",12.68066354111686,6.025445839851559
"[0.20011915962851337, 0.865920098042791, -0.8660702974544813, 0.20011915962851337]",12.684300925493059,6.028589004087267
"[0.2001194007335077, 0.8659198849719272, -0.866070388291906, 0.2001194007335077]",12.687939166489599,6.031732168322974
"[0.20011964254113432, 0.865919671280139, -0.8660704793940529, 0.20011964254113432]",12.69157825050084,6.034875332558682
"[0.2001198850532961, 0.8659194569657442, -0.8660705707616392, 0.2001198850532961]",12.695218169259123,6.03801849679439
"[0.20012012827274384, 0.8659192420263128, -0.8660706623957006, 0.20012012827274384]",12.698858914618441,6.041161661030097
"[0.2001203722012331, 0.8659190264602926, -0.8660707542968994, 0.2001203722012331]",12.702500472878596,6.044304825265805
"[0.20012061684218493, 0.8659188102646608, -0.866070846466524, 0.20012061684218493]",12.706142840436032,6.047447989501513
"[0.20012086219631786, 0.8659185934387826, -0.8660709389048451, 0.20012086219631786]",12.70978600315491,6.05059115373722
"[0.20012110826696689, 0.8659183759797108, -0.8660710316131194, 0.20012110826696689]",12.71342995522766,6.053734317972928
"[0.20012135505687242, 0.8659181578850235, -0.8660711245923792, 0.20012135505687242]",12.717074687394696,6.056877482208636
"[0.20012160256690797, 0.8659179391539492, -0.8660712178429539, 0.20012160256690797]",12.720720185042476,6.060020646444343
"[0.2001218507997094, 0.8659177197841581, -0.8660713113658366, 0.2001218507997094]",12.724366440502717,6.063163810680051
"[0.20012209975822096, 0.865917499773049, -0.8660714051621361, 0.20012209975822096]",12.728013446785516,6.066306974915759
"[0.2001223494441582, 0.8659172791191055, -0.8660714992324994, 0.2001223494441582]",12.731661192192716,6.069450139151466
"[0.20012259986101574, 0.8659170578192396, -0.8660715935782425, 0.20012259986101574]",12.735309669724145,6.072593303387174
"[0.2001228510091766, 0.865916835873113, -0.86607168819951, 0.2001228510091766]",12.738958865902513,6.075736467622882
"[0.20012310289148066, 0.8659166132782156, -0.866071783097372, 0.20012310289148066]",12.742608769986562,6.078879631858589
"[0.2001233555112155, 0.865916390031643, -0.866071878273067, 0.2001233555112155]",12.746259377950702,6.082022796094297
"[0.200123608869497, 0.8659161661324083, -0.8660719737270157, 0.200123608869497]",12.749910674181127,6.085165960330005
"[0.20012386296955503, 0.8659159415776578, -0.8660720694604346, 0.20012386296955503]",12.753562651738305,6.088309124565712
"[0.2001241178127295, 0.8659157163662075, -0.8660721654738285, 0.2001241178127295]",12.757215298547223,6.09145228880142
"[0.20012437340138894, 0.8659154904959641, -0.8660722617680903, 0.20012437340138894]",12.760868607290062,6.094595453037128
"[0.20012462973819717, 0.865915263964574, -0.8660723583442228, 0.20012462973819717]",12.764522563697426,6.097738617272835
"[0.20012488682553073, 0.8659150367699366, -0.8660724552031224, 0.20012488682553073]",12.768177165106394,6.1008817815085425
"[0.20012514466512502, 0.8659148089105188, -0.8660725523454422, 0.20012514466512502]",12.771832392918707,6.104024945744251
"[0.20012540325923928, 0.8659145803843237, -0.8660726497720338, 0.20012540325923928]",12.77548824201578,6.107168109979958
"[0.20012566261011025, 0.8659143511893751, -0.8660727474837396, 0.20012566261011025]",12.779144699091958,6.1103112742156656
"[0.20012592272043936, 0.8659141213232858, -0.8660728454815777, 0.20012592272043936]",12.78280175620506,6.113454438451374
"[0.2001261835917755, 0.8659138907846871, -0.8660729437661314, 0.2001261835917755]",12.786459403260197,6.116597602687081
"[0.20012644522725895, 0.8659136595708035, -0.8660730423385841, 0.20012644522725895]",12.790117630325744,6.119740766922789
"[0.20012670762824397, 0.865913427680439, -0.8660731411994459, 0.20012670762824397]",12.793776424342019,6.122883931158497
"[0.2001269707971504, 0.8659131951114546, -0.8660732403496283, 0.2001269707971504]",12.797435776740517,6.126027095394204
"[0.20012723473628585, 0.8659129618618117, -0.8660733397900012, 0.20012723473628585]",12.801095675773587,6.129170259629912
"[0.20012749944802674, 0.8659127279294101, -0.8660734395214598, 0.20012749944802674]",12.804756113903867,6.13231342386562
"[0.200127764933816, 0.8659124933129743, -0.8660735395445475, 0.200127764933816]",12.808417077202478,6.135456588101327
"[0.20012803119730205, 0.8659122580092806, -0.8660736398606391, 0.20012803119730205]",12.812078559651452,6.138599752337035
"[0.2001282982392315, 0.8659120220176695, -0.8660737404700158, 0.2001282982392315]",12.81574054565561,6.141742916572742
"[0.20012856606231277, 0.8659117853357473, -0.8660738413736984, 0.20012856606231277]",12.819403027194957,6.14488608080845
"[0.20012883466894862, 0.8659115479613908, -0.8660739425725915, 0.20012883466894862]",12.823065993784672,6.148029245044158
"[0.20012910406080683, 0.8659113098931263, -0.8660740440673239, 0.20012910406080683]",12.82672943380964,6.151172409279865
"[0.200129374240544, 0.8659110711286061, -0.8660741458588966, 0.200129374240544]",12.830393337607882,6.154315573515572
"[0.20012964521023277, 0.8659108316659989, -0.8660742479480903, 0.20012964521023277]",12.834057692939405,6.157458737751281
"[0.20012991697202398, 0.8659105915034039, -0.8660743503357154, 0.20012991697202398]",12.83772249115131,6.160601901986988
"[0.20013018952761694, 0.8659103506393193, -0.8660744530224121, 0.20013018952761694]",12.841387720581256,6.163745066222695
"[0.20013046288015843, 0.8659101090709646, -0.8660745560093663, 0.20013046288015843]",12.845053372289513,6.166888230458403
"[0.20013073703069445, 0.8659098667974156, -0.8660746592969719, 0.20013073703069445]",12.848719432624621,6.170031394694111
"[0.20013101198237265, 0.8659096238158904, -0.8660747628864145, 0.20013101198237265]",12.852385892623415,6.173174558929818
"[0.20013128773608035, 0.8659093801256051, -0.8660748667780289, 0.20013128773608035]",12.856052739112613,6.176317723165526
"[0.2001315642951937, 0.8659091357235766, -0.8660749709730869, 0.2001315642951937]",12.859719963182945,6.179460887401234
"[0.20013184166093975, 0.86590889060872, -0.8660750754720509, 0.20013184166093975]",12.863387555473862,6.182604051636941
"[0.20013211983619447, 0.8659086447784944, -0.8660751802760044, 0.20013211983619447]",12.867055502473242,6.185747215872649
"[0.20013239882262715, 0.8659083982314247, -0.866075285385576, 0.20013239882262715]",12.870723794515424,6.188890380108356
"[0.20013267862214434, 0.865908150965826, -0.8660753908014849, 0.20013267862214434]",12.874392419298932,6.192033544344064
"[0.2001329592374182, 0.8659079029793366, -0.866075496524737, 0.2001329592374182]",12.878061369454677,6.195176708579772
"[0.2001332406701404, 0.865907654270462, -0.8660756025559703, 0.2001332406701404]",12.881730629231585,6.198319872815479
"[0.20013352292222, 0.8659074048375154, -0.8660757088959038, 0.20013352292222]",12.885400188812929,6.201463037051187
"[0.20013380599599312, 0.8659071546784323, -0.8660758155454176, 0.20013380599599312]",12.889070038930084,6.204606201286895
"[0.2001340898939095, 0.8659069037910476, -0.8660759225054346, 0.2001340898939095]",12.89274017209164,6.207749365522602
"[0.20013437461751968, 0.865906652173992, -0.8660760297765393, 0.20013437461751968]",12.896410569880002,6.21089252975831
"[0.20013466016908438, 0.8659063998252667, -0.8660761373595834, 0.20013466016908438]",12.900081225574835,6.214035693994018
"[0.20013494655036143, 0.865906146743319, -0.8660762452552291, 0.20013494655036143]",12.903752125065406,6.217178858229725
"[0.2001352337640433, 0.8659058929257698, -0.8660763534644907, 0.2001352337640433]",12.90742326046863,6.220322022465433
"[0.2001355218114095, 0.865905638371488, -0.8660764619878506, 0.2001355218114095]",12.911094621448594,6.223465186701141
"[0.20013581069542008, 0.8659053830778582, -0.8660765708264236, 0.20013581069542008]",12.914766192837835,6.226608350936848
"[0.2001361004168886, 0.8659051270441613, -0.866076679980517, 0.2001361004168886]",12.918437965709504,6.229751515172556
"[0.20013639097846697, 0.8659048702680541, -0.8660767894511292, 0.20013639097846697]",12.922109928253828,6.232894679408264
"[0.20013668238289384, 0.8659046127471165, -0.8660768992392924, 0.20013668238289384]",12.925782071635618,6.236037843643971
"[0.20013697463072055, 0.8659043544808612, -0.8660770093452143, 0.20013697463072055]",12.929454383469198,6.239181007879679
"[0.20013726772521281, 0.8659040954664027, -0.8660771197701249, 0.20013726772521281]",12.933126850316006,6.242324172115387
"[0.20013756166776253, 0.8659038357025107, -0.8660772305145494, 0.20013756166776253]",12.936799464914618,6.245467336351094
"[0.20013785646048415, 0.8659035751873166, -0.866077341579284, 0.20013785646048415]",12.940472213192454,6.248610500586802
"[0.20013815210529437, 0.8659033139191274, -0.8660774529650507, 0.20013815210529437]",12.944145085508834,6.25175366482251
"[0.20013844860390217, 0.8659030518964325, -0.8660775646724936, 0.20013844860390217]",12.947818069411456,6.254896829058217
"[0.20013874595916056, 0.8659027891167107, -0.8660776767026879, 0.20013874595916056]",12.95149115588529,6.258039993293925
"[0.20013904417181375, 0.8659025255793047, -0.8660777890559135, 0.20013904417181375]",12.955164330232511,6.261183157529633
"[0.20013934324473484, 0.8659022612816752, -0.8660779017332532, 0.20013934324473484]",12.958837584822325,6.26432632176534
"[0.20013964317960076, 0.8659019962223407, -0.8660780147353387, 0.20013964317960076]",12.962510907138126,6.267469486001048
"[0.20013994397774537, 0.8659017304001226, -0.8660781280626727, 0.20013994397774537]",12.966184281803807,6.270612650236756
"[0.20014024564216232, 0.8659014638123754, -0.866078241716383, 0.20014024564216232]",12.969857705096903,6.273755814472463
"[0.20014054817395222, 0.8659011964581268, -0.8660783556968842, 0.20014054817395222]",12.973531159488203,6.276898978708171
"[0.2001408515753927, 0.8659009283353638, -0.8660784700050346, 0.2001408515753927]",12.977204641254687,6.280042142943879
"[0.20014115584866554, 0.8659006594421584, -0.8660785846416564, 0.20014115584866554]",12.980878131886229,6.283185307179586
