u,t,theta
"[-0.3600172041127849, 0.400507723997783, -0.40050772399778306, 0.7715616782529451]",37.26938953848243,0.18544668990675117
"[-0.8253106289266615, 0.6222120701031902, -0.6222120701032058, -0.18120626863090444]",37.09402188639173,0.19173301837816648
"[-0.8643466517853893, 0.6814210782579827, -0.6814210782579866, -0.23030368615838495]",37.09394777450238,0.1948761826138741
"[-0.7313171223032866, 0.745578177548844, -0.7455781775488454, -0.1605209593469982]",37.09419879694439,0.19801934684958175
"[-0.28244733708911035, 0.6415665632871864, -0.6415665632871894, 0.26931130779094375]",36.915018775671754,0.2011625110852894
"[0.5788291640186064, 0.06343055249158253, -0.06343055249172741, 3.8599737317849883]",38.50089524492226,0.20430567532099703
"[0.2515570362247146, 0.5766194755289089, -0.5766194755289101, 0.7014536114376225]",37.74655741711031,0.2074488395567047
"[-5.457906990481191, 0.2573763714876115, -0.2573763714876686, -0.21730809214797364]",48.86341310237894,0.21059200379241236
"[-0.8203265363406198, 0.6937345301408204, -0.6937345301408242, -0.20411544771088003]",40.41196194368391,0.21373516802812
"[0.6285577332309288, -0.012355891471237309, 0.012355891473345537, 5.57951640407948]",45.942677903302965,0.21687833226382763
"[-5.7742646760987775, 0.03279887712084155, -0.03279887712086649, -0.2126108277040302]",52.08421246477757,0.22002149649953529
"[-11.073772841215213, 0.49501504482544684, -0.49501504482548747, -0.10589896401062748]",51.69748899757684,0.22316466073524294
"[-14.622504899723028, 0.743592065791604, -0.743592065791683, -0.0709644958720768]",51.61649955095092,0.22630782497095056
"[-16.945587685612555, 0.8881200752837869, -0.8881200752838395, -0.05477186402555039]",51.66122554317819,0.2294509892066582
"[-17.260895980316256, 0.8922359241341294, -0.892235924135577, -0.05361784148441161]",51.81127378185192,0.23259415344236586
"[-13.550209590815314, 0.6263850219742053, -0.62638502197421, -0.08216708064772066]",52.11403550481231,0.23573731767807354
"[-2.4177495342117976, -0.05190091926114485, 0.05190091926113933, -0.4308446892306445]",39.823788713960234,0.23888048191378117
"[0.5934192844011565, 0.0011090108098577856, -0.0011090108322559357, 11.487319405056082]",36.1830713333251,0.24202364614948882
"[-2.9223658706495224, 0.232955045292844, -0.23295504529284886, -0.36603195384498816]",40.66294663442513,0.24516681038519647
"[-0.4049675382499295, -0.0001869768540483443, 0.0001869767710439431, 15.073968188033819]",36.658067231655515,0.2483099746209041
"[-0.1721637294017525, 0.9879291097796445, -0.9879291097796454, 0.08716874174650743]",38.91206366002297,0.25145313885661175
"[0.1263293002274439, -0.24397900907540498, 0.24397900907539605, 1.0673178136812855]",41.54703265155739,0.2545963030923194
"[-1.5585889967056998, 1.269930158779563, -1.2699301587795817, -0.04220370316140761]",48.52471391333479,0.2608826315637347
"[-6.528817080898974, 0.6059263402095305, -0.6059263402095496, -0.16177200309637088]",45.76983524964882,0.26402579579944235
"[0.6414257743899364, -0.004842589936271264, 0.004842589937320244, 4.882267911752405]",38.28477326171282,0.26716896003515
"[-0.27392038221008386, 0.0463093249337117, -0.046309324933592966, 2.4029258114662246]",41.49838901639341,0.27031212427085766
"[0.5790894016326059, -0.026942982613746874, 0.026942982612819553, 5.296921541329436]",37.116147345950935,0.2734552885065653
"[0.5608088148857096, -0.03437915021500581, 0.034379150214499714, 4.322342113438379]",36.83885585295375,0.2765984527422729
"[0.5635825987606493, -0.06932699878484047, 0.06932699878479107, 3.566977202647824]",37.02298992485643,0.27974161697798056
"[-0.48147314058438173, 0.6176963536759139, -0.61769635367592, 0.16793165952661487]",41.11989668569215,0.28602794544939586
"[-8.415242245262908, 0.256399630540224, -0.2563996305403728, -0.14720839426759455]",52.188246100011014,0.2891711096851035
"[-1.3097519994283335, 0.9905788344179719, -0.9905788344179788, -0.2139518874455767]",39.19252487759078,0.29231427392081116
"[-0.4300835103571356, -0.9892472165801759, 0.9892472165801727, -0.010297093150331614]",45.677353222687366,0.2954574381565188
"[-2.332432244064087, 0.15474615003652803, -0.15474615003653575, -0.43622124981414867]",40.42743565090468,0.29860060239222647
"[0.14866867294844638, -0.7023219427462454, 0.7023219427462423, 0.39377842075721425]",37.4881267682343,0.3017437666279341
"[-0.3256322431837987, -0.5139055085605262, 0.51390550856052, 0.4970160289371895]",37.117455107522915,0.30488693086364177
"[-0.868724232316849, -0.5041344879687322, 0.504134487968729, -0.15649766728017378]",37.35707985720964,0.30803009509934937
"[-1.695220204903624, 0.2555909771303225, -0.255590977130323, -0.49752982979503296]",37.974613767413075,0.311173259335057
"[-2.0400152320188556, 0.7932879245757571, -0.7932879245757573, -0.313786133819687]",37.931266725848715,0.31431642357076467
"[-2.0072731359666602, 1.0115218103374912, -1.0115218103374923, -0.215551315412892]",37.80155349922279,0.3174595878064724
"[-1.8498468446083947, 1.1089557468725113, -1.1089557468725173, -0.16265321447637487]",37.696845466013464,0.32060275204218003
"[-1.6726254854455984, 1.152318280270629, -1.152318280270629, -0.13040305437736194]",37.62004276266934,0.3237459162778876
"[-1.5136440778081435, 1.170797089292311, -1.1707970892923147, -0.10807675592306723]",37.56552428218153,0.3268890805135953
"[-1.3839325307066401, 1.1778352962102028, -1.1778352962102066, -0.09118550320863678]",37.52767893972125,0.3300322447493029
"[-1.2845532460474407, 1.1798077486331884, -1.1798077486331928, -0.07806020297644498]",37.50208215023663,0.3331754089850106
"[-1.2132911529404717, 1.17984631365331, -1.179846313653317, -0.06816393711564547]",37.48549625290769,0.33631857322071823
"[-1.1671505496659071, 1.1795199884948975, -1.1795199884949055, -0.06130647190302194]",37.47565875561762,0.3394617374564258
"[-1.1432293556385555, 1.1795789886875447, -1.1795789886875474, -0.057334103486956015]",37.471055566999155,0.3426049016921335
"[-1.1389771229563492, 1.1803022395477227, -1.1803022395477296, -0.05603975221236521]",37.47072744686335,0.3457480659278412
"[-1.152221096820825, 1.181675665668044, -1.1816756656680503, -0.05715770240838575]",37.47411827315774,0.34889123016354884
"[-1.181108934178461, 1.1834926111956712, -1.1834926111956883, -0.06038431363056224]",37.480960314097565,0.3520343943992565
"[-1.22402341324785, 1.1854121637402695, -1.1854121637402728, -0.0654052990939775]",37.49118798612382,0.3551775586349641
"[-1.2794879439146218, 1.186989249182833, -1.1869892491829432, -0.07192599579072327]",37.50487184183658,0.35832072287067174
"[-1.3460684592026342, 1.1876819379075165, -1.1876819379075165, -0.0797050228142774]",37.52216720660354,0.3614638871063794
"[-1.4222684046375316, 1.1868383889811467, -1.1868383889811562, -0.0885901893979997]",37.54327294347084,0.36460705134208704
"[-1.5064115936444844, 1.183665870373399, -1.183665870373407, -0.09855325687893254]",37.56839762567676,0.3677502155777947
"[-1.5965109247566525, 1.1771853906873075, -1.1771853906873169, -0.10971931902172503]",37.59773213526172,0.37089337981350234
"[-1.6901152572136722, 1.1661770326464438, -1.1661770326465613, -0.12238651102354797]",37.63142478990505,0.37403654404921
"[-1.784138711363559, 1.14912156245657, -1.1491215624565974, -0.1370354397941338]",37.66955628200682,0.37717970828491765
"[-1.874680459912971, 1.1241418922098954, -1.1241418922099093, -0.15433139729405881]",37.71210884503016,0.3803228725206253
"[-1.9568448473549873, 1.0889449193440388, -1.0889449193440432, -0.1751251108859535]",37.75891727188061,0.38346603675633295
"[-2.024595267413013, 1.0407501351478148, -1.0407501351478237, -0.20046359293821622]",37.8095886161464,0.38660920099204055
"[-2.070660939161406, 0.9761714064071008, -0.9761714064071115, -0.23162164413391753]",37.86334961042606,0.3897523652277482
"[-2.0865206172325617, 0.890957823878433, -0.8909578238784388, -0.27016459002332543]",37.91873397589725,0.3928955294634559
"[-2.0624398553674848, 0.7793808585258999, -0.7793808585259094, -0.3180092215379565]",37.972840478403306,0.3960386936991635
"[-1.9875111613126917, 0.6327679681156559, -0.6327679681156616, -0.37720070856481214]",38.019320356616554,0.39918185793487115
"[-1.8498612129387466, 0.4363562158422484, -0.4363562158422539, -0.447566070254318]",38.04224407045096,0.4023250221705788
"[-1.6396688341084547, 0.16839957070477457, -0.168399570704777, -0.5117267265938855]",37.99932119300326,0.40546818640628646
"[-1.368674226342836, -0.15046050162611901, 0.15046050162611185, -0.49390654781358884]",37.83040009362014,0.40861135064199405
"[-1.093263146818623, -0.39303008094672837, 0.3930300809467222, -0.34780100284879767]",37.60061420790606,0.41175451487770176
"[-0.8581031604562331, -0.51717370304667, 0.5171737030466682, -0.15255513992250178]",37.414629014844124,0.4148976791134094
"[-0.6681725103211442, -0.5644852320537678, 0.5644852320537648, 0.040045348526528635]",37.28934210173264,0.418040843349117
"[-0.5148044328162258, -0.5694117571773818, 0.5694117571773786, 0.21608345703694107]",37.2171488547417,0.4211840075848247
"[-0.38773807978337904, -0.5530731189057148, 0.5530731189057128, 0.368622279472592]",37.19122154129161,0.4243271718205323
"[-0.27675085581642944, -0.5325964397098752, 0.5325964397098698, 0.4816695614465601]",37.20624570844837,0.42747033605624
"[-0.17075773070138495, -0.5309832103787149, 0.5309832103787075, 0.522561799339835]",37.25188625529145,0.4306135002919476
"[-0.05853010747490797, -0.5720461126121914, 0.5720461126121896, 0.4790680812046001]",37.31440279561162,0.43375666452765527
"[0.0656237383639877, -0.6533738257672965, 0.6533738257672949, 0.40425514703181725]",37.4194999410801,0.43689982876336286
"[0.1850617999714221, -0.7692015863363111, 0.7692015863363096, 0.33660420340778796]",37.77069020549197,0.44004299299907057
"[-0.3676891954947455, -0.8061508024306075, 0.8061508024306031, 0.016519017872414922]",40.22806998327192,0.4431861572347783
"[-1.5656537578687975, -0.28732890218598867, 0.28732890218597873, -0.49814697550492903]",40.548686403885924,0.4463293214704859
"[-2.4402773369519415, 0.21447223130730408, -0.21447223130733648, -0.4183065501938097]",40.51060425632823,0.4494724857061935
"[-3.0661338651253707, 0.4448937558857761, -0.4448937558857821, -0.32757894059778775]",40.448884322012056,0.4526156499419011
"[-3.5447916623936244, 0.5847492162807658, -0.5847492162807659, -0.2716046347699348]",40.43148653322684,0.45575881417760883
"[-3.8827624804908707, 0.669372559251223, -0.6693725592514026, -0.23875782605710683]",40.436165876112405,0.4589019784133164
"[-4.069277315431815, 0.7098474734729036, -0.7098474734730366, -0.22306171530063743]",40.44496622816555,0.46204514264902413
"[-11.172754510106126, 0.48754050320074105, -0.4875405032007522, -0.10535587160393807]",53.252897963506534,0.46518830688473173
"[-10.131059111933697, 0.40892016541645787, -0.40892016541647386, -0.11890259749667409]",53.277409685100274,0.4683314711204394
"[0.20133296599735528, 0.8661863917805847, -0.866186391780585, 0.28982110498545416]",45.72897859176025,0.4746177995918547
"[0.6959506960229576, 0.013743913163781003, -0.013743913163719706, 3.3554179165923568]",38.35730419450622,0.47776096382756233
"[-0.4015120860997113, 0.0006213221829982899, -0.0006213233211241054, 26.65864260246999]",41.01387640517477,0.48090412806326993
"[-0.8640286506260259, -0.22856935211069365, 0.22856935211068385, 0.0838983814455874]",37.529868272222004,0.48404729229897764
"[-0.43645937198084467, 0.001034762978994292, -0.001034762979537819, 5.140498245598808]",40.67897073293268,0.48719045653468523
"[-8.694398215795243, 0.6697324361711365, -0.6697324361711474, -0.12053331996527]",49.0428791767088,0.49033362077039294
"[-1.7986239197706684, -0.6747556913728071, 0.6747556913728014, -0.3758932822574102]",53.179772812566604,0.49347678500610054
"[-9.397296421721558, 0.33826992562541597, -0.33826992562547553, -0.13031947768303362]",52.440176975149605,0.4966199492418082
"[-7.2093598846166405, 0.14297725968797337, -0.14297725968803604, -0.17274666260562319]",52.74301900966436,0.4997631134775159
"[-5.433234622754723, 1.081949806309413, -1.0819498063094575, -0.1139995896411502]",52.396389268624574,0.5029062777132235
"[-11.226851663930562, 0.8567330005082588, -0.8567330005083225, -0.08260894486164]",50.39293390643627,0.5060494419489312
"[0.5819734034750701, -0.009625743394008703, 0.009625743393213931, 6.742180849719129]",36.68352170847397,0.5091926061846388
"[0.5771411395600904, 0.005911568137246603, -0.0059115681376831425, 6.294119938196939]",36.23091208591782,0.5123357704203465
"[-0.6724257574250797, -0.8546545890655192, 0.854654589065514, -0.14113770358948122]",40.97341757879618,0.5280515915988847
"[-0.8525497201176964, -0.7991402829551396, 0.7991402829551342, -0.22433096298778415]",41.06340498564622,0.5311947558345923
"[0.5933090661449816, 0.0031434738471515762, -0.003143473869827089, 10.938207960226118]",36.534486046832676,0.5374810843060076
"[-0.8647549575506727, -0.39909858618273814, 0.39909858618269006, -0.0692010821028104]",40.298837696015546,0.5406242485417153
"[-5.478092404161386, -0.03482633613993034, 0.03482633613991611, -0.22274931385476673]",53.36863225279009,0.5437674127774229
"[-14.42185087192484, 0.6950521313175024, -0.6950521313176291, -0.07432304854265424]",52.64873243950438,0.5469105770131306
"[-15.269978945130665, 0.7706520857877482, -0.7706520857878049, -0.06678509364532384]",52.43489511967156,0.5500537412488382
"[-12.041018780431443, 0.5574250533532478, -0.5574250533533464, -0.0951807461664126]",52.414055609129726,0.5531969054845458
"[-4.992919655796642, -0.05991320737305686, 0.059913207373026287, -0.24138142516472805]",52.888753249388884,0.5563400697202535
"[0.5568202973179596, 0.3194212229989462, -0.31942122299896475, 1.7073198250074892]",42.56802813599513,0.5594832339559611
"[-5.044722856928679, 0.19712695551578216, -0.19712695551581644, -0.23558030971955407]",49.60460365381019,0.5626263981916688
"[-0.22896856882934025, 0.6314400021631784, -0.6314400021631789, 0.3124822921628662]",37.58032267937725,0.5689127266630841
"[-1.0808524518721285, 0.7530096154369037, -0.7530096154369038, -0.3116453183403993]",37.92130415370839,0.5720558908987917
"[-1.2080384545838314, 0.5936229233854902, -0.5936229233855023, -0.39013929488134697]",37.897615203248115,0.5751990551344994
"[-1.1200519296311606, 0.49307464620184516, -0.4930746462018699, -0.37186492104597557]",37.852429425688314,0.578342219370207
"[-0.9070114581664168, 0.500159621992376, -0.5001596219924357, -0.1987798508545397]",37.91547036108142,0.5814853836059147
"[-0.3687832671728701, 0.3506286957865797, -0.35062869578659395, 0.9290487269033711]",38.24554299072973,0.5846285478416223
"[-5.344788238362063, 0.5573984202981888, -0.5573984202982328, -0.19769286747833384]",47.69341425686322,0.5877717120773299
"[-3.080242208102335, 0.5969876531107274, -0.5969876531107362, -0.29889898585444513]",48.005720120400994,0.5909148763130376
"[-1.572935971935027, -0.7320778484510018, 0.732077848450999, -0.3617953238300882]",50.837377701851665,0.5940580405487452
"[-6.124099192861377, 0.1213501472468754, -0.12135014724690558, -0.20059808830779424]",50.10950404793614,0.5972012047844529
"[-8.423913504956559, 0.35843208281720734, -0.35843208281722494, -0.1432867324421315]",49.847224621015755,0.6003443690201605
"[-10.003308038381805, 0.5069003373908386, -0.5069003373908955, -0.1157772557073592]",49.68155081640387,0.6034875332558682
"[-11.159512190057214, 0.6122890154280201, -0.6122890154280888, -0.09927271557736515]",49.55730510943561,0.6066306974915759
"[-12.024026648396717, 0.690616059939504, -0.6906160599395283, -0.08834498717296342]",49.45659530062311,0.6097738617272835
"[-12.671964691030162, 0.7498510896880558, -0.7498510896880572, -0.08074755092303453]",49.37143589470719,0.6129170259629911
"[-13.152466451388836, 0.794741795116076, -0.7947417951161436, -0.07534979641100552]",49.297568239633094,0.6160601901986987
"[-13.500388258176631, 0.8284428326865, -0.8284428326867423, -0.07150681808432931]",49.23243671827892,0.6192033544344064
"[-13.741737055429384, 0.8532029844241872, -0.8532029844242365, -0.06881727249744343]",49.17437126040635,0.622346518670114
"[-13.896562557139653, 0.8707021441886742, -0.8707021441887233, -0.0670149711067309]",49.12220683451383,0.6254896829058217
"[-13.980652149564472, 0.8822349943886106, -0.88223499438869, -0.06591480675235925]",49.07508972948989,0.6286328471415293
"[-14.00661833167723, 0.8888212804883396, -0.8888212804884194, -0.06538331658013635]",49.032369090160095,0.631776011377237
"[-13.984635766843281, 0.8912762701700492, -0.8912762701700718, -0.06532160967183098]",48.99353344831099,0.6349191756129448
"[-13.922969205289435, 0.8902586461287305, -0.8902586461288632, -0.06565488637573683]",48.958171715661024,0.6380623398486523
"[-13.828364326497717, 0.8863045983139003, -0.886304598313919, -0.06632571009274286]",48.925946963684524,0.6412055040843601
"[-13.70634537017409, 0.8798528203152797, -0.8798528203153512, -0.06728952991734798]",48.896579488667804,0.6443486683200677
"[-13.561448103504654, 0.8712635468215354, -0.8712635468216977, -0.06851158561577576]",48.86983495579698,0.6474918325557752
"[-13.397399246272336, 0.8608330030084342, -0.8608330030085628, -0.06996475760512202]",48.84551518599145,0.6506349967914828
"[-13.21726309230345, 0.8488049148958694, -0.8488049148961178, -0.07162799199858454]",48.82345218469095,0.6537781610271906
"[-13.02355954759735, 0.835379688776604, -0.8353796887766172, -0.07348514179612374]",48.80350341098656,0.6569213252628981
"[-12.818353604897199, 0.8207213395864417, -0.8207213395865173, -0.07552416616479858]",48.78554768464129,0.6600644894986059
"[-12.603332804910838, 0.8049633696042438, -0.8049633696042617, -0.07773649785958316]",48.76948260987776,0.6632076537343136
"[-12.379872027399477, 0.7882136569340554, -0.7882136569341013, -0.08011655625389426]",48.75522253414251,0.6663508179700212
"[-12.149079130411438, 0.770557869564813, -0.7705578695648942, -0.08266146864967222]",48.74269654063628,0.6694939822057289
"[-11.911835706420343, 0.7520624444804378, -0.7520624444804934, -0.08537085476696275]",48.73184723555081,0.6726371464414365
"[-11.668834334494559, 0.732777284403138, -0.7327772844032703, -0.08824665053839735]",48.72262993154939,0.6757803106771441
"[-11.420599269602992, 0.71273713494113, -0.7127371349411871, -0.0912931285075321]",48.7150117647882,0.6789234749128517
"[-11.167513684469228, 0.6919634415037549, -0.6919634415037735, -0.09451685606732062]",48.708971471509635,0.6820666391485594
"[-10.909830136170097, 0.6704648186326005, -0.670464818632635, -0.09792687900060205]",48.704499119141936,0.685209803384267
"[-10.647688404011262, 0.6482380566057041, -0.6482380566057376, -0.10153484843397911]",48.70159632190715,0.6883529676199747
"[-10.381122633220931, 0.6252681768037581, -0.625268176803802, -0.10535533144726068]",48.70027662168508,0.6914961318556824
"[-10.11006860306462, 0.6015283878751011, -0.6015283878751356, -0.10940619014997784]",48.70056621611328,0.69463929609139
"[-9.834367139023115, 0.5769795751943423, -0.5769795751943761, -0.1137091074113385]",48.70250505360105,0.6977824603270977
"[-9.553762309175838, 0.551569135443064, -0.5515691354430954, -0.11829032264885843]",48.70614844614687,0.7009256245628053
"[-9.267903050554164, 0.5252298597740618, -0.5252298597740669, -0.1231814889961375]",48.71156911362271,0.704068788798513
"[-8.97633514793167, 0.49787759813229093, -0.49787759813234544, -0.12842092430755153]",48.7188600772199,0.7072119530342206
"[-8.678492579104992, 0.4694083564075407, -0.46940835640756284, -0.13405521388649216]",48.72813845190796,0.7103551172699282
"[-8.37367639264237, 0.439693488273792, -0.4396934882738188, -0.14014152518205414]",48.73955091296231,0.7134982815056359
"[-8.061047892811247, 0.40857524505132453, -0.40857524505136594, -0.14675031912218447]",48.753280110717476,0.7166414457413435
"[-7.739586381169679, 0.37585737678371295, -0.3758573767837186, -0.1539697382023723]",48.769554894314865,0.7197846099770512
"[-7.408055647080168, 0.341294234527696, -0.3412942345277211, -0.16191130349631155]",48.78866347017933,0.7229277742127588
"[-7.064949530280703, 0.30457419979648304, -0.304574199796502, -0.17071825452603268]",48.810972365276314,0.7260709384484665
"[-6.708405941702691, 0.26529397592920945, -0.2652939759294146, -0.18057808586708882]",48.83695472573135,0.7292141026841741
"[-6.336097485744678, 0.2229205399167231, -0.2229205399167481, -0.1917411608213387]",48.86723151121742,0.7323572669198818
"[-5.945048843616849, 0.1767276233479685, -0.1767276233479892, -0.20455033591213723]",48.902636648690255,0.7355004311555894
"[-5.531364624963311, 0.1256891172995184, -0.12568911729954205, -0.2194885509866638]",48.944320628926725,0.738643595391297
"[-5.08976690568424, 0.06828325213460085, -0.06828325213461629, -0.23725909315630303]",48.99392581587922,0.7417867596270047
"[-4.61278161520506, 0.0021039130290070513, -0.002103913029031599, -0.2589241346573042]",49.053896036678935,0.7449299238627123
"[-4.089153193264043, -0.0770085509330083, 0.07700855093298539, -0.28614192531095795]",49.12805299664244,0.74807308809842
"[-3.500347374577915, -0.17725433566579632, 0.17725433566551121, -0.32148018841984954]",49.222684494261514,0.7512162523341276
"[-2.8112222872248784, -0.3185332775786284, 0.3185332775786209, -0.36759286123032786]",49.34801220149704,0.7543594165698353
"[-1.9373341992341362, -0.5671308386336458, 0.56713083863364, -0.40275624541971244]",49.50623051509793,0.7575025808055429
"[-0.640275218077387, -1.0050625542573384, 1.005062554257337, -0.07241111216369789]",49.49864005252156,0.7606457450412506
"[0.7810109714600231, -0.47551450136420464, 0.4755145013641858, 1.5497511276111866]",48.25672268062588,0.7637889092769582
"[0.3385172758336297, -0.7861937262526965, 0.7861937262526961, 0.5637786654891108]",49.437184385683956,0.7669320735126659
"[0.06732440240340165, 1.0374020288541197, -1.0374020288541397, 0.31513038162272305]",47.089479892745565,0.7700752377483735
"[-2.2228979195842826, 1.0218396083963994, -1.0218396083964134, -0.20643206723375387]",47.67005959567188,0.7732184019840811
"[-2.879885938220087, 0.323954710964251, -0.3239547109642754, -0.3604794524452555]",50.39571594074558,0.7763615662197888
"[-0.2578003377286272, 0.07994135006947363, -0.07994135006944214, 2.1081132020526603]",43.88753772050049,0.7795047304554964
"[0.1629090568978213, 0.375019860359079, -0.37501986035908075, 0.9181375034332846]",45.03920477001883,0.7826478946912041
"[-0.7365028155481288, -0.6969454049841358, 0.6969454049841292, -0.1453632512980494]",46.25520639672915,0.7857910589269118
"[-3.787455589788719, 0.7853134816306204, -0.7853134816306332, -0.220087008136994]",46.30618501309168,0.7889342231626194
"[-6.1375437553862255, 1.1370475523028847, -1.1370475523028867, -0.09398839891492596]",46.75654378093307,0.792077387398327
"[-0.39933711645472914, -9.954900269032259e-5, 9.955664652932333e-5, 41.89012178988593]",43.718776287069566,0.7952205516340346
"[0.32996571789272006, 0.23672247507526467, -0.2367224750752767, 1.4237758565766967]",42.6977044641913,0.7983637158697423
"[0.2240897348471859, 0.3197364216257807, -0.3197364216258187, 1.0754505863881259]",46.02219364487648,0.8140795370482805
"[-0.3266851029467485, 0.05849133469378379, -0.05849133469358229, 2.9909115488459097]",45.20694237776118,0.8172227012839881
"[-0.9081842457480793, 1.2526656370707667, -1.25266563707077, 0.05602924378988648]",48.3613485829566,0.8203658655196959
"[0.20113515463890105, -0.9157711180818584, 0.915771118081855, 0.32541988735011246]",51.6392247581012,0.8235090297554035
"[0.4023824892945548, -0.75922639720674, 0.7592263972067367, 0.6928725321251062]",50.81675329897016,0.8266521939911111
"[-1.6179549321298297, 0.09773128215122347, -0.09773128215125203, -0.5180576768719571]",49.17067364128867,0.8297953582268188
"[-0.09440207784084956, -0.8094642868496938, 0.8094642868496936, 0.10851364692813716]",47.092231975977484,0.8329385224625264
"[-1.5660081967014696, -0.3752619803959829, 0.3752619803959786, -0.48120807432983315]",50.9820053102369,0.836081686698234
"[-0.4705277383620507, -0.2328160106736303, 0.23281601067362803, 1.3123728347024826]",41.38898554496427,0.8392248509339416
"[-0.19454950199073548, -0.16466458183391355, 0.16466458183392832, 1.4931996508216854]",42.16859155339826,0.845511179405357
"[-0.41749037617239043, 0.0021555717832091943, -0.0021555717836842228, 7.724654338808975]",45.65727384617855,0.8486543436410646
"[-6.908366135837884, 0.7085253510572358, -0.7085253510572843, -0.14398127567410043]",48.97299517340527,0.8517975078767724
"[-4.196673633106083, 0.3044098806262619, -0.3044098806262658, -0.2690487204389175]",48.87984100676256,0.85494067211248
"[-4.7053694546740354, 0.40347502160239107, -0.403475021602399, -0.2364595140903703]",52.172236911423404,0.8580838363481876
"[0.2317586679948411, -0.6397681482843041, 0.6397681482842987, 0.580184201834057]",51.43554906895281,0.8612270005838952
"[0.7859876020364288, -0.0567603353144424, 0.05676033531446662, 2.5139049321147353]",44.49427493753861,0.8675133290553105
"[-0.25216340122546743, 0.0886915246617096, -0.08869152466166483, 2.029446277991781]",47.096377585577905,0.8706564932910181
"[0.33650993475455726, -0.8020366242668843, 0.8020366242668797, 0.551359395843328]",52.66911162993955,0.8737996575267257
"[-2.5742160705813255, -0.3844775865768954, 0.38447758657687053, -0.3814770894279557]",52.53029748058219,0.8769428217624335
"[-4.6689650611388736, -0.0034426100554016794, 0.003442610055400504, -0.256236028007609]",52.18104360169777,0.8800859859981411
"[-6.056858433625333, 0.1725670567916517, -0.17256705679165985, -0.2013069511911668]",52.02478732167043,0.8832291502338487
"[-7.130320563899294, 0.2906779281252272, -0.29067792812524923, -0.16989586058664458]",51.93808632465844,0.8863723144695566
"[-8.004294971271179, 0.3787670200072388, -0.3787670200072599, -0.14918838566562825]",51.887667492019496,0.8895154787052642
"[-8.72875568216798, 0.44718409114665086, -0.4471840911466944, -0.1345320827994787]",51.86003623811712,0.8926586429409717
"[-9.32838840502637, 0.5007926288185104, -0.5007926288185589, -0.12380856451989106]",51.84838846470668,0.8958018071766793
"[-9.815553542678787, 0.5421326420517565, -0.5421326420517616, -0.11591739085847227]",51.84883095837752,0.898944971412387
"[-10.195785362466866, 0.5725756520103326, -0.5725756520103846, -0.11024254339566754]",51.85895447195276,0.9020881356480946
"[-10.470533211189107, 0.5928347844286178, -0.5928347844286543, -0.10643011844560046]",51.87720104583815,0.9052312998838022
"[-10.638675195757004, 0.6032177121027369, -0.603217712102766, -0.10428571332798746]",51.902554938407185,0.9083744641195101
"[-10.697432434453212, 0.6037611651990059, -0.6037611651990136, -0.10372515184688107]",51.934388800068255,0.9115176283552177
"[-10.642898832054112, 0.5942976767911028, -0.5942976767911606, -0.10475384635028617]",51.97239630802465,0.9146607925909253
"[-10.470281819570152, 0.5744744283119109, -0.574474428311943, -0.10746561095335627]",52.0165870342556,0.9178039568266328
"[-10.173848365757628, 0.5437253402084942, -0.5437253402085304, -0.11206053347364162]",52.06733904407896,0.9209471210623407
"[-9.746482753406761, 0.5011794368624145, -0.5011794368624273, -0.11888992570858317]",52.125532674577165,0.9240902852980483
"[-9.17864971786574, 0.445461841637655, -0.4454618416377108, -0.12855067658350408]",52.192820288332136,0.9272334495337559
"[-8.4562847406913, 0.3742753178857485, -0.3742753178857499, -0.14208686690554023]",52.272177741985956,0.9303766137694635
"[-7.556412391038155, 0.28344875201328484, -0.28344875201475433, -0.16146242523580573]",52.36913051725251,0.9335197780051712
"[-6.43684891201651, 0.16437548963171542, -0.16437548963174195, -0.19085779634707725]",52.494924597636185,0.9366629422408788
"[-5.006051014046719, -0.005235384920553429, 0.005235384920539025, -0.24120015182937524]",52.67693653566824,0.9398061064765864
"[-2.979475033063819, -0.3265541995784973, 0.32655419957849086, -0.35116597433639535]",53.01016891296154,0.9429492707122942
"[-1.593550554339689, 0.6056121453580168, -0.6056121453580213, -0.4127407176981402]",54.48679017314271,0.9460924349480018
"[-3.505129140257742, 0.5052680200145365, -0.5052680200145525, -0.28704195603169064]",54.27153925616779,0.9492355991837094
"[-5.31172415202526, 1.114782047487488, -1.1147820474874972, -0.10899534545277925]",50.45194512685628,0.952378763419417
"[-5.5312379375202365, 0.9785745901088126, -0.9785745901088672, -0.13209250311541257]",55.369653411667215,0.9555219276551247
"[-0.07753679226156494, 0.9356271077900007, -0.9356271077900018, 0.0852687512115991]",53.337786832428286,0.9586650918908323
"[-7.319871075537424, 0.8449902852100992, -0.8449902852102212, -0.12215630906816637]",50.037240465586315,0.9618082561265399
"[-0.15745993530635669, -0.06850418227721036, 0.06850418227722564, 1.5983065379934596]",44.14351890099874,0.9649514203622477
"[0.5710642218464577, 0.31841196356322443, -0.31841196356323803, 1.730331630716011]",41.845430463107945,0.9680945845979553
"[-2.872092484639005, 0.3559991826854659, -0.3559991826854713, -0.35707360098119406]",47.396390927273856,0.9712377488336629
"[-0.4679586310887214, 0.4416117820455171, -0.44161178204552815, 0.5478926811211933]",40.40932897582468,0.9743809130693705
"[-0.6054816518588783, 0.49342443632067, -0.49342443632067456, 0.23674208072714897]",40.30587085031721,0.9775240773050783
"[-0.7067262919689532, 0.4992424739828731, -0.499242473982894, 0.07340203976040634]",40.22320159626773,0.9806672415407859
"[-0.7814599601924802, 0.4914376946678916, -0.49143769466789544, -0.028659771680882795]",40.159757717232985,0.9838104057764935
"[-0.8374819802522446, 0.47995120976382727, -0.479951209763836, -0.0976035328539211]",40.11110263197065,0.9869535700122011
"[-0.8799726537108109, 0.46839473499806333, -0.468394734998075, -0.14620262883399718]",40.073600711827694,0.9900967342479088
"[-0.9123244259764002, 0.4581233417139254, -0.45812334171393654, -0.18123272292708717]",40.04459828147884,0.9932398984836164
"[-0.9367814816151928, 0.449602509320861, -0.44960250932087187, -0.2066245316563865]",40.02220655494955,0.996383062719324
"[-0.9548405627166565, 0.44293781895549555, -0.4429378189554965, -0.22478075603514655]",40.00509462426134,0.9995262269550318
"[-0.9674951219935585, 0.4380987761284996, -0.43809877612850606, -0.2372044795449983]",39.99234031988624,1.0026693911907394
"[-0.9753824742181687, 0.4350190527575385, -0.4350190527575465, -0.2448233374556931]",39.98333166160449,1.005812555426447
"[-0.9788708649628373, 0.4336427959322916, -0.4336427959323046, -0.24816252191923882]",39.97770525095316,1.0089557196621546
"[-0.9781068023479718, 0.43394577820497, -0.4339457782049756, -0.24743307294344652]",39.97531178876996,1.0120988838978624
"[-0.9730328273421748, 0.43594349099888985, -0.43594349099889645, -0.2425645928630509]",39.9762033307328,1.01524204813357
"[-0.9633794501520994, 0.4396902013175806, -0.43969020131762515, -0.2331923751863613]",39.980640179258536,1.0183852123692776
"[-0.9486295204564082, 0.4452676221396242, -0.44526762213962773, -0.2185949936235783]",39.989118595155524,1.0215283766049854
"[-0.9279464868146631, 0.4527557562829952, -0.45275575628300563, -0.19756156901654906]",40.002424466542124,1.024671540840693
"[-0.9000494438655118, 0.46216634501981996, -0.4621663450198472, -0.16814029195936206]",40.021722361020196,1.0278147050764006
"[-0.8630036924960471, 0.47329114331541733, -0.4732911433154602, -0.12715965026683565]",40.048694235034056,1.0309578693121082
"[-0.813868196352493, 0.48534404141796633, -0.4853440414179695, -0.0692566360971825]",40.08574735457204,1.0341010335478158
"[-0.7481084702509602, 0.49605447594064683, -0.49605447594065744, 0.015315293345581186]",40.136289663611684,1.0372441977835234
"[-0.6586833062783962, 0.499095309627341, -0.49909530962734133, 0.1465813565068712]",40.204914045418455,1.040387362019231
"[-0.5352786857063212, 0.475129809372219, -0.4751298093722228, 0.37653187673742217]",40.29621321757637,1.0435305262549388
"[-0.37184926379752403, 0.33578544131133836, -0.33578544131136956, 0.9810301426915575]",40.396179007144376,1.0466736904906464
"[-6.125329923992359, 0.31183072019125185, -0.3118307201912659, -0.1936340948852533]",53.08105341051396,1.049816854726354
"[-10.395098898875744, 0.8086132356854875, -0.808613235685555, -0.09246971627127355]",53.32489435374072,1.0529600189620616
"[-8.09375760851233, 0.8957708075509314, -0.8957708075511696, -0.10640653932007413]",50.185821205580964,1.0561031831977694
"[0.653550368339122, -0.6594611622939592, 0.6594611622939575, 1.1794923185402315]",48.740922565978565,1.059246347433477
"[-2.024066039771173, -0.19720958468021801, 0.19720958468021327, -0.4706033860559121]",55.6904643943249,1.0623895116691846
"[-5.851659806510923, 1.0107300388763192, -1.010730038876337, -0.12082820322703917]",50.923529981270384,1.0655326759048922
"[-0.40336535471187696, 0.0006310502514214118, -0.0006310505436274097, 18.26924566248129]",49.8255524388216,1.0686758401406
"[-1.5887308887604854, 0.5203201395727665, -0.5203201395727765, -0.4419229909786104]",54.37712757188167,1.0718190043763076
"[-3.1542174627248403, -0.29149535586033354, 0.29149535586033154, -0.34000582249705535]",52.851920590986374,1.0749621686120152
"[-5.230829992685501, 0.023263798739966854, -0.023263798739992465, -0.23205755340547712]",52.514666447153786,1.078105332847723
"[-6.698249036228909, 0.19296943290767474, -0.1929694329078211, -0.183358847525302]",52.32701578276999,1.0812484970834306
"[-7.839377996351049, 0.31235929332657264, -0.31235929332658097, -0.15502334788664351]",52.19470932180856,1.0843916613191382
"[-8.745264913514415, 0.40286073953109736, -0.40286073953112583, -0.13648407865705164]",52.09086139615646,1.0875348255548458
"[-9.457208700176633, 0.47274852810525503, -0.47274852810528356, -0.12371761657606853]",52.004490130424074,1.0906779897905536
"[-9.997239346872696, 0.5259870530889896, -0.5259870530890255, -0.11484570601990658]",51.93027705405242,1.0938211540262612
"[-10.378579208988235, 0.5647108061728602, -0.5647108061728632, -0.10888383150283552]",51.86545277358134,1.0969643182619688
"[-10.610125751024505, 0.5901533583661365, -0.5901533583661774, -0.10528642102929558]",51.80859275539562,1.1001074824976764
"[-10.698531095448258, 0.6030486825790883, -0.6030486825791407, -0.10375584762493573]",51.75908506730799,1.103250646733384
"[-10.649094251283262, 0.6038072770642751, -0.6038072770643447, -0.10415769057177149]",51.7168855512925,1.1063938109690916
"[-10.465933751879158, 0.592571998808791, -0.5925719988087963, -0.10648833582453883]",51.682422763926155,1.1095369752047992
"[-10.151609149472883, 0.5691873829040576, -0.5691873829040996, -0.11087742584769562]",51.65661119150753,1.112680139440507
"[-9.70618707738415, 0.5330791222772463, -0.5330791222772651, -0.11762639196023933]",51.64097730271177,1.1158233036762146
"[-9.125532992470124, 0.4829967215736416, -0.48299672157369355, -0.1273047291677722]",51.63796130293672,1.1189664679119222
"[-8.398209890364225, 0.4164832802543057, -0.4164832802543277, -0.14096884056192346]",51.65156941508978,1.1221096321476298
"[-7.499230580314584, 0.3286659176659684, -0.32866591766629766, -0.160700365247216]",51.68887656208591,1.1252527963833376
"[-6.375298975379828, 0.20893449866276792, -0.2089344986627875, -0.1911714078084496]",51.76407470728285,1.1283959606190452
"[-4.899090801296154, 0.028189019826374652, -0.02818901982640208, -0.24569663100485764]",51.91288081154911,1.1315391248547528
"[-2.6144769424960117, -0.37434942891155193, 0.3743494289115253, -0.3790488710771451]",52.277725305823076,1.1346822890904606
"[-0.15340278725668205, -0.3313820534200009, 0.33138205341999766, 0.9648217604127307]",52.77888567091806,1.1378254533261682
"[-0.5322368665289284, 1.1998018829432484, -1.1998018829432597, 0.13250723167019537]",51.320616107379955,1.1472549460332913
"[-0.37528372288598194, -0.01795873466750611, 0.017958734670070045, 5.746716925560688]",45.38421760961209,1.1503981102689989
"[-3.323457035692125, 0.10445657178221483, -0.10445657178239119, -0.3384413573604184]",48.71254039078529,1.1535412745047064
"[-6.9082522734364575, 0.7087744413345201, -0.7087744413345389, -0.14395733174614406]",48.68195713596662,1.156684438740414
"[-0.39636041244739034, 0.0005035864627775486, -0.0005035861565690116, 17.625744762554067]",42.675728454884926,1.1598276029761219
"[0.25275210376362617, 0.2661126792130435, -0.2661126792130565, 1.2044109099612823]",43.26149718892754,1.1629707672118295
"[-1.4321578302088251, 0.30774850010347254, -0.30774850010347726, -0.48920441937400033]",42.9669814197141,1.166113931447537
"[-3.249026728791652, 0.5870786336797369, -0.5870786336797466, -0.2894940649048396]",46.83739332612013,1.1724002599189522
"[-1.027009390659755, -0.4585187186459419, 0.4585187186459358, -0.30375234273440277]",48.45995436681742,1.1755434241546598
"[0.41523178597858645, -0.6326107097581303, 0.6326107097581251, 0.8504460224849996]",50.17536180311483,1.1786865883903674
"[-0.40837427836938167, -0.007608380693163952, 0.007608380672844649, 9.802382394072678]",49.181158922594406,1.1818297526260753
"[0.6055556507633393, 0.0035429745732606533, -0.0035429745345275767, 11.569603822403788]",46.310142936500576,1.1849729168617829
"[-0.17954375316297902, 0.0766140045553525, -0.07661400455527115, 1.6754618063633766]",44.526205546838256,1.1881160810974905
"[-5.79942129326014, 0.9990225939495975, -0.9990225939496027, -0.12373758132020694]",46.52708960520747,1.2069750665117365
"[-3.552659452057293, 0.7230982864737623, -0.7230982864737834, -0.24432909831894553]",45.909953209497985,1.210118230747444
"[-2.25038804386389, 0.17806697846242195, -0.178066978462435, -0.44439741112390857]",49.3908749608949,1.2132613949831519
"[-0.15347565966000964, 0.1905924268516009, -0.1905924268515934, 1.3230728593844936]",43.5162404781775,1.2164045592188595
"[-3.702503378526857, 0.615844802908213, -0.6158448029082153, -0.25735295254857304]",50.915347280338196,1.219547723454567
"[-2.163997809721053, 0.7783808065404375, -0.7783808065404444, -0.3120428515842614]",47.41314656002183,1.2226908876902747
"[0.2150815202940568, 0.9276744170292245, -0.9276744170292267, 0.36162064355433565]",47.02935580855518,1.2258340519259823
"[0.3973926953694192, -0.6302347932122452, 0.6302347932122446, 0.8266164954589421]",48.668395659375946,1.2289772161616899
"[0.07992927860559458, -1.0710260604591626, 1.0710260604591542, 0.3763519875562325]",48.6697660483935,1.2321203803973975
"[-1.7381934090193996, -0.6393154170744175, 0.6393154170743711, -0.3931264151821167]",49.07374548190567,1.2352635446331053
"[-2.841401099316048, -0.3116951623367244, 0.31169516233672, -0.36555914380645965]",48.87741567873384,1.2384067088688129
"[-3.66667626946099, -0.14757385360389805, 0.14757385360334424, -0.3109867695601256]",48.72301763034536,1.2415498731045205
"[-4.358025483137366, -0.035573356878650646, 0.03557335687825441, -0.2716858976661807]",48.61028606900092,1.244693037340228
"[-4.966996493109702, 0.05152489215739105, -0.051524892157420156, -0.24257643267940704]",48.523281025076095,1.2478362015759359
"[-5.518971693497955, 0.12392247900093352, -0.12392247900096492, -0.21996491174812627]",48.4533305427553,1.2509793658116435
"[-6.028782727969211, 0.18655604928634442, -0.1865560492863457, -0.20171353724769406]",48.395530163599275,1.254122530047351
"[-6.5060241785070865, 0.24220217295208318, -0.2422021729522239, -0.18653840014729103]",48.346889552018055,1.2572656942830587
"[-6.957348430808791, 0.29258515722094147, -0.29258515722105943, -0.1736252529335121]",48.305466978407246,1.2604088585187665
"[-7.387584011513329, 0.33885116280094524, -0.33885116280098604, -0.16243247772559452]",48.26993992639203,1.263552022754474
"[-7.800361002756702, 0.38180155534630233, -0.3818015553463124, -0.1525849297001898]",48.23937328715882,1.2666951869901817
"[-8.198473719534826, 0.4220176428358924, -0.4220176428359287, -0.1438140671574091]",48.213087305642574,1.2698383512258895
"[-8.58410390630442, 0.45993241553694375, -0.4599324155369559, -0.13592242050063147]",48.19057802008855,1.272981515461597
"[-8.958969887192145, 0.49587474377946045, -0.49587474377946683, -0.12876145704730974]",48.17146685254229,1.2761246796973047
"[-9.324420282736826, 0.5300969594104802, -0.5300969594105122, -0.12221745776130902]",48.155468072642115,1.2792678439330123
"[-9.681493687396447, 0.5627926842172326, -0.5627926842172906, -0.11620218486544749]",48.142367055545556,1.2824110081687201
"[-10.030964613909054, 0.594109376316716, -0.5941093763167447, -0.11064640374752814]",48.132005161755494,1.2855541724044277
"[-10.373355937028405, 0.6241552941128716, -0.6241552941128947, -0.1054956392739523]",48.124269796759776,1.2886973366401353
"[-10.708956726238883, 0.6530053267690492, -0.6530053267690898, -0.1007069329333903]",48.119087143742625,1.291840500875843
"[-11.037810514135879, 0.6807031158555166, -0.6807031158555839, -0.09624678802241006]",48.116417597430754,1.2949836651115505
"[-11.359705389209024, 0.7072626223406542, -0.7072626223407167, -0.09208956863473829]",48.116252759677124,1.298126829347258
"[-11.674138415269718, 0.7326670257846475, -0.7326670257846638, -0.08821657744441104]",48.1186138664204,1.3012699935829657
"[-11.980280598948234, 0.7568673375535546, -0.7568673375536152, -0.08461533724546272]",48.1235514461348,1.3044131578186735
"[-12.276912202885278, 0.779778360282478, -0.779778360282481, -0.08127938102277034]",48.13114596010628,1.307556322054381
"[-12.562348210267853, 0.8012737091312632, -0.8012737091313018, -0.07820823340384035]",48.14150970833657,1.3106994862900887
"[-12.834331622585047, 0.8211781820582588, -0.8211781820583856, -0.07540780347985972]",48.154789730087245,1.3138426505257963
"[-13.089900418610627, 0.8392579780828107, -0.8392579780828934, -0.07289108784084755]",48.17117232420477,1.3169858147615041
"[-13.3252072977628, 0.8552071997307935, -0.8552071997308195, -0.0706793961375313]",48.19088892985774,1.3201289789972117
"[-13.535294579092142, 0.8686307200591139, -0.8686307200591222, -0.06880409925476895]",48.21422498331586,1.3232721432329193
"[-13.713788276347609, 0.879020692807017, -0.8790206928071224, -0.06730932911835995]",48.241531241154576,1.3264153074686271
"[-13.8525037716241, 0.8857258026432444, -0.8857258026433983, -0.06625587688904837]",48.27324039430654,1.3295584717043347
"[-13.940918632709204, 0.8879094681355496, -0.8879094681357133, -0.06572707401944175]",48.30989079647804,1.3327016359400423
"[-13.965463189709206, 0.884492234960242, -0.8844922349602752, -0.0658378504045095]",48.35216212218233,1.33584480017575
"[-13.908544900921791, 0.8740699256128794, -0.8740699256128961, -0.06674924765809896]",48.40093119753961,1.3389879644114577
"[-13.747165673733024, 0.8547923516212351, -0.8547923516214385, -0.06869286488201173]",48.45736447537995,1.3421311286471653
"[-13.450863603729239, 0.8241718356788496, -0.824171835678853, -0.0720148360351892]",48.52308280806187,1.345274292882873
"[-12.978435959739013, 0.7787555126107472, -0.778755512610896, -0.07726161594395851]",48.60047568342408,1.3484174571185805
"[-12.272163046302708, 0.7134959744043468, -0.7134959744043515, -0.08536644344163687]",48.69336931781737,1.3515606213542881
"[-11.246110812506469, 0.6203456219591774, -0.6203456219592155, -0.09811836467691422]",48.808645155958196,1.3547037855899957
"[-9.757494699374305, 0.48437931594321193, -0.48437931594322486, -0.11962415916327755]",48.96099580159405,1.3578469498257033
"[-7.512035799158247, 0.26854715780414884, -0.2685471578041939, -0.16288807808764405]",49.19240897403336,1.3609901140614111
"[-3.4354911969327486, -0.2438890583496714, 0.24388905834965197, -0.3219698861453466]",49.75299581714465,1.3641332782971187
"[-2.935306495358422, 0.5481148142967367, -0.5481148142967386, -0.31945123691594157]",47.2518476090508,1.3672764425328263
"[-6.601231037464503, 0.5931706937843367, -0.593170693784356, -0.16139792232982283]",47.66234163960775,1.370419606768534
"[-0.7269595202765088, 0.5198483918597567, -0.519848391859783, 0.017397212268412537]",37.24114988134456,1.3735627710042417
"[-1.0915947453651809, 0.48532864712004076, -0.48532864712004614, -0.3553848728790425]",37.05665144744532,1.3767059352399493
"[-1.2102798568246262, 0.6046905201368258, -0.6046905201368267, -0.3877969189679869]",37.09915862003527,1.379849099475657
"[-0.9128251454739562, 0.7960547272939493, -0.7960547272939503, -0.24786550221862197]",37.090145711182984,1.3829922637113647
"[-2.29543748226708, -0.05755033506592922, 0.05755033506592783, -0.4457361333550534]",43.754970620389855,1.3861354279470723
"[-8.256911479061237, 0.6168681430961874, -0.6168681430962232, -0.1304434066456039]",48.51345461917998,1.38927859218278
"[-5.156378576721996, 0.5299999377462276, -0.5299999377462571, -0.20680568537858757]",49.684015732660065,1.3924217564184875
"[-8.828670431295595, 0.3117921768026724, -0.31179217680270827, -0.13903804062326208]",51.70398167044247,1.3955649206541954
"[-14.677765020581182, 0.7348379799586051, -0.7348379799586344, -0.07115652498371838]",51.557708890276444,1.398708084889903
"[-14.431797454489764, 0.6958575211441533, -0.6958575211443063, -0.0742358885418774]",51.78888513959788,1.4018512491256105
"[-3.6008512210347168, 0.5268373776221803, -0.5268373776221804, -0.27781532730088054]",54.22647701570571,1.4049944133613184
"[0.5879189768775963, -0.0013382350041318525, 0.0013382350005598208, 8.62640845011461]",36.01826214196675,1.408137577597026
"[-0.7156355446036167, -0.8419090127634479, 0.8419090127634462, -0.16088768974063342]",40.12813350567338,1.4144239060684412
"[-0.12386674873172152, -0.9638388061549098, 0.9638388061549095, 0.08799280552823863]",39.76523767151521,1.4175670703041487
"[0.5780560055191902, -0.0031681414729262413, 0.003168141467862932, 6.484274071427272]",35.53885237693664,1.4301397272469794
"[0.03578363616011616, 0.7257837809211455, -0.7257837809211466, 0.27194258340384553]",38.68864989506094,1.433282891482687
"[-0.42035992864346344, -0.0012695425427055693, 0.0012695425355567214, 7.131182580183681]",49.50028952414036,1.4364260557183945
"[-9.137249296936263, 0.311507179651882, -0.31150717965192615, -0.13470888083977825]",51.585116877076956,1.4395692199541024
"[-5.742529285936851, 0.014823315449109873, -0.014823315449129688, -0.2137313622631286]",51.65500881516954,1.44271238418981
"[-11.332153254140636, 0.936754483985383, -0.9367544839855375, -0.07553681836642304]",48.07135711764994,1.4458555484255176
"[-0.9756823533514093, -0.055851410157155064, 0.05585141015715026, -0.09408444833519998]",36.69480978507399,1.4489987126612252
"[0.6039504850316352, -0.000957242096554634, 0.0009572420977611998, 14.59006558638092]",37.07053627493257,1.4552850411326406
"[0.6990253194480763, -0.671874839211404, 0.6718748392113963, 1.2371788935875119]",45.28116700457621,1.4584282053683482
"[-11.358735755847611, 0.5005917328568109, -0.500591732856862, -0.1031728716433526]",52.22115269945046,1.4647145338397636
"[-4.207504991676199, 0.7394347053736832, -0.7394347053737225, -0.21204243703142164]",39.42116540837049,1.4678576980754712
"[-4.036092032695473, 0.7058751080573242, -0.7058751080573349, -0.22520394570429397]",39.40115519019663,1.4710008623111788
"[-3.6515083062007387, 0.6140731294286026, -0.6140731294286574, -0.2604194782323116]",39.381617216888415,1.4741440265468864
"[-3.070921649904613, 0.4474137835634906, -0.44741378356350786, -0.32680500923869443]",39.39158227013619,1.477287190782594
"[-2.2801349541398395, 0.14301132485807325, -0.1430113248581186, -0.44347922908913145]",39.466759809154645,1.4804303550183016
"[-1.0610303301198438, -0.611294519877288, 0.6112945198772767, -0.3369701377192]",39.330107697066445,1.4835735192540094
"[0.1933085041610024, -0.8327436583246342, 0.8327436583246335, 0.2809171242844413]",37.14108533803194,1.486716683489717
"[0.08304959098880339, -0.6691761087955524, 0.6691761087955491, 0.3909023350632618]",36.357685780124186,1.4898598477254246
"[-0.06860150870028975, -0.5703113882327674, 0.5703113882327614, 0.4787240071745767]",36.21486530974999,1.4930030119611322
"[-0.20460380622425728, -0.5317642566913146, 0.5317642566913128, 0.5111438182065128]",36.13478289781711,1.49614617619684
"[-0.3376063817685377, -0.5465977570335664, 0.5465977570335651, 0.4181084332870172]",36.08625182334623,1.4992893404325476
"[-0.4890499241837517, -0.5695808219952092, 0.5695808219952018, 0.24310585425090675]",36.094557145524746,1.5024325046682552
"[-0.6797786582775226, -0.5644396469644667, 0.5644396469644656, 0.025543728253765448]",36.173833527057454,1.5055756689039628
"[-0.9312308806746141, -0.4878003373052881, 0.48780033730527794, -0.21933348449017287]",36.33923299639472,1.5087188331396706
"[-1.2582348433209594, -0.26167876409136104, 0.26167876409129537, -0.4486839264902403]",36.600879161858856,1.5118619973753782
"[-1.6150655840629886, 0.13527174515405962, -0.13527174515406132, -0.5156275763789896]",36.841037988138126,1.5150051616110858
"[-1.8856101029195853, 0.47981925648855395, -0.4798192564885729, -0.43288070032781645]",36.88548905996982,1.5181483258467936
"[-2.038237223810643, 0.7140605721321073, -0.7140605721321079, -0.3445796421924696]",36.83302999907217,1.5212914900825012
"[-2.0925450544946167, 0.8782127584393422, -0.8782127584393498, -0.27546130518238043]",36.75446940923977,1.5244346543182088
"[-2.0707412847605893, 0.9947834969417425, -0.9947834969417557, -0.22266108991145867]",36.67056966230711,1.5275778185539164
"[-1.9928727452788737, 1.0761666735127446, -1.0761666735127764, -0.1821036664003449]",36.58853483404878,1.5307209827896242
"[-1.8764245023520603, 1.1308162581577041, -1.130816258157769, -0.15049566608164347]",36.511454710038066,1.5338641470253318
"[-1.735904800667049, 1.1652703728382068, -1.1652703728382074, -0.12512411568390647]",36.44081335064867,1.5370073112610394
"[-1.582697695258031, 1.1847455059392138, -1.1847455059392182, -0.10367436593404086]",36.37732508231457,1.540150475496747
"[-1.4252898542536425, 1.1933110364377792, -1.1933110364377848, -0.08420663555712289]",36.32127166627324,1.5432936397324546
"[-1.2697533765192524, 1.1939949547455682, -1.1939949547455786, -0.06523725733685212]",36.27264594852185,1.5464368039681622
"[-1.1203112739748813, 1.1889378079214123, -1.1889378079214195, -0.045850156842938375]",36.2312034541668,1.5495799682038698
"[-0.9798659904665917, 1.1796159583391472, -1.17961595833915, -0.02575946524185039]",36.19648233255449,1.5527231324395776
"[-0.8504303741926128, 1.1671045667698017, -1.1671045667698041, -0.0052622835390181725]",36.167833419900944,1.5558662966752852
"[-0.7334463757007518, 1.1523223750889717, -1.1523223750889722, 0.014926559076055413]",36.14447638751911,1.5590094609109928
"[-0.6300158608799539, 1.1362051788432308, -1.1362051788432332, 0.033903951658867254]",36.125569759602776,1.5621526251467004
"[-0.541070260909575, 1.1197859059557527, -1.119785905955762, 0.050792700106770845]",36.11026294533142,1.5652957893824082
"[-0.4675112050554027, 1.1041956427135802, -1.1041956427135804, 0.06487782117834869]",36.097706883137306,1.5684389536181158
"[-0.41034828675172774, 1.09061975716573, -1.0906197571657632, 0.0756420878493048]",36.08702865824635,1.5715821178538236
"[-0.3708527755574921, 1.0802411222814152, -1.0802411222814192, 0.08271389021438262]",36.077319796738784,1.574725282089531
"[-0.3507471056239912, 1.074186376497628, -1.0741863764976316, 0.08575811026923018]",36.06772863812678,1.5778684463252388
"[-0.35245324836893466, 1.0734685993677548, -1.073468599367766, 0.08434021886434277]",36.05773129869157,1.5810116105609466
"[-0.3794242547297622, 1.0788944047773183, -1.0788944047773201, 0.0777851838631497]",36.04752951527239,1.584154774796654
"[-0.43659085755793114, 1.090878564373725, -1.0908785643737666, 0.06506527303247411]",36.03837680186607,1.5872979390323618
"[-0.5309504431737498, 1.1090879802742728, -1.1090879802742755, 0.04483982157101492]",36.032733074729954,1.5904411032680692
"[-0.6722795946428458, 1.13186126993376, -1.1318612699337702, 0.015947400108218504]",36.03458220990908,1.593584267503777
"[-0.8737093391913744, 1.155441246109712, -1.1554412461097332, -0.021329338654488623]",36.05058116489036,1.5967274317394846
"[-1.1507963439690345, 1.172666431001261, -1.1726664310012767, -0.06409007559227047]",36.09230884791817,1.5998705959751922
"[-1.5121764300225808, 1.166727027764064, -1.1667270277640682, -0.11077155383929267]",36.17844713143309,1.6030137602109
"[-1.907404721834128, 1.0801583372215962, -1.0801583372216235, -0.1796759620520515]",36.33383856094252,1.6061569244466076
"[-1.9973570237795453, 0.6947365088164588, -0.6947365088164675, -0.3546327531983942]",36.55780393892126,1.6093000886823152
"[-0.8866596558901984, -0.4965378026622851, 0.4965378026622764, -0.17315450487284936]",35.953415348867345,1.6124432529180228
"[-0.08834259951037592, -0.5213996006276699, 0.5213996006276664, 0.5609572599685515]",35.80233302933684,1.6155864171537306
"[-2.2580964572349282, 0.11868539628747568, -0.1186853962875161, -0.4477759981346934]",38.99320459837261,1.618729581389438
"[-0.9325211357649223, -0.1403809749033916, 0.14038097490335985, -0.022503336087976947]",36.00111087152775,1.6218727456251458
"[-8.202130328541706, 0.2403232955007459, -0.2403232955008125, -0.1512122640946829]",50.720933142303004,1.6250159098608536
"[-13.00961157351085, 1.072272622042649, -1.0722726220426626, -0.056110674785980544]",48.134826022007275,1.628159074096561
"[0.5664940066763802, -0.11135595298218325, 0.11135595298213888, 2.9510806972158483]",35.67975554436776,1.6313022383322688
"[0.558434692297673, -0.03519772425369188, 0.03519772425366607, 4.231624741956356]",35.3153118817146,1.6344454025679762
"[0.5848773279474201, -0.024983768317006123, 0.024983768315627142, 5.7028928071372125]",35.72404344107468,1.637588566803684
"[-5.211949647229253, 0.1627880615955128, -0.1627880615955407, -0.23020806964135526]",45.518382017307665,1.6407317310393918
"[-0.39528206369790025, 1.2417796487354439e-5, -1.2417626935621327e-5, 15.496465938774696]",37.929324252838505,1.6438748952750992
"[-2.01383525635827, 0.08614090706911814, -0.08614090706911982, -0.4804195804146729]",46.01084098861991,1.647018059510807
"[-1.1339267272147397, -0.3460265086675152, 0.34602650866751433, -0.3743913892184246]",37.5197040360828,1.65644755221793
"[-3.1627416457762543, 0.3334759274062314, -0.33347592740624, -0.33481963672171666]",39.06901307544034,1.6595907164536376
"[0.5909045636547233, -0.002253424219897776, 0.0022534242114898334, 9.765607407334983]",34.887123584103634,1.6627338806893452
"[-7.772908837432158, 0.1830720525161229, -0.18307205251623246, -0.16042839745366186]",50.954504676552226,1.6658770449250528
"[-16.82441740907048, 0.8584065648518304, -0.8584065648519462, -0.0566894077988919]",50.29653136469821,1.6690202091607604
"[-17.066601268820207, 0.8959378797837168, -0.8959378797839374, -0.053996968000656585]",50.07420438018434,1.672163373396468
"[-13.94775521822911, 0.6991843212268484, -0.6991843212269361, -0.07648562680956787]",50.0245632691204,1.6753065376321759
"[-8.81469634322045, 0.31739471516802903, -0.317394715168045, -0.1390382922778509]",50.215342059461975,1.6784497018678832
"[-3.7451303809289755, 0.5494516741004063, -0.5494516741004267, -0.2659716773335131]",52.059560367514585,1.681592866103591
"[-0.780281106875624, 0.7208877794647311, -0.7208877794647314, -0.18481527530671685]",38.79790676577759,1.6847360303392989
"[-11.209533777249398, 0.9163533186340609, -0.9163533186341905, -0.07797925296190127]",47.05356061818573,1.6878791945750062
"[-1.8623950788316679, 1.0271380249444881, -1.0271380249444941, -0.20865227881585632]",44.29892957861084,1.691022358810714
"[-0.23993052445524984, 0.604816795316634, -0.6048167953166378, 0.35532582073349905]",35.23282870595871,1.6941655230464219
"[-0.7731551791083043, 0.7313918407153451, -0.7313918407153458, -0.182906736656163]",35.446633164264775,1.6973086872821292
"[-0.8420024655269189, 0.6457321878807728, -0.6457321878807794, -0.2049922106861626]",35.43355272627636,1.700451851517837
"[-0.6660910742039873, 0.5857211227377602, -0.5857211227378036, 0.016193975412500027]",35.47817461284648,1.7035950157535449
"[-2.7340484006186885, 0.30835045225124935, -0.308350452251257, -0.3763526978328074]",42.56415613526602,1.7067381799892523
"[0.6629506182941421, 0.0528172222626375, -0.05281722226261019, 3.586196418403529]",41.913370697414635,1.70988134422496
"[-0.7337971288688729, -0.4677388128057349, 0.4677388128057259, 0.07337955422842503]",45.6069600856281,1.7130245084606674
"[-4.219380730612463, 0.8544781288672831, -0.8544781288673092, -0.18907533435300936]",46.39320437668992,1.7161676726963753
"[-2.2810674125495893, 0.2785007333068003, -0.2785007333068109, -0.42950740146211913]",45.128737042607106,1.719310836932083
"[-2.2356945190697117, 0.9179703806355857, -0.9179703806355983, -0.2522433262250441]",46.14206179955388,1.7224540011677905
"[0.565373230441185, -0.8798330663066763, 0.8798330663066525, 0.9666678078528168]",46.84027709992002,1.7255971654034983
"[-3.1371043941110566, -0.32645617795369547, 0.3264561779536923, -0.3377135672102426]",47.47097989499829,1.7287403296392059
"[-4.997430892718933, -0.052955481748493176, 0.05295548174847137, -0.24127339369878034]",47.17507869436795,1.7318834938749135
"[-6.41762549961008, 0.1023174276470763, -0.10231742764709412, -0.1926951503472988]",47.00542299531181,1.735026658110621
"[-7.622639318760508, 0.21702246237773737, -0.21702246237860343, -0.16240763836269392]",46.8891371170126,1.7381698223463289
"[-8.694892307728498, 0.3106281811795031, -0.31062818117950725, -0.14104937774375734]",46.80268600866923,1.7413129865820363
"[-9.675756744579624, 0.3911332600592909, -0.3911332600593236, -0.1248245778051358]",46.73567754460017,1.744456150817744
"[-10.589208207171529, 0.4626219933630311, -0.46262199336306775, -0.11187856381949039]",46.68262900786628,1.7475993150534515
"[-11.450185565139849, 0.5274447669011846, -0.5274447669011965, -0.10118803509575841]",46.64031563332386,1.7507424792891593
"[-12.268247923420347, 0.58704866681596, -0.5870486668160281, -0.09213919198907658]",46.606703339473455,1.753885643524867
"[-13.049346516472498, 0.6423484221327548, -0.6423484221328124, -0.08434182882104696]",46.58045271087544,1.7570288077605745
"[-13.796736608120405, 0.693910541665564, -0.6939105416656518, -0.07753799005033636]",46.56066275788405,1.7601719719962823
"[-14.51142606446273, 0.7420493125184949, -0.7420493125188674, -0.07155348502296831]",46.54672850378746,1.76331513623199
"[-15.192342200997944, 0.7868762834052134, -0.7868762834053256, -0.06627069987309132]",46.53825751645433,1.7664583004676975
"[-15.836305263606825, 0.8283225051944904, -0.8283225051950704, -0.061612849773736954]",46.53501928961292,1.7696014647034053
"[-16.437844558652845, 0.8661425256054088, -0.8661425256054118, -0.05753490061524711]",46.53691434487884,1.772744628939113
"[-16.98887475137554, 0.8999047799748419, -0.8999047799752392, -0.05401870689005848]",46.5439559998788,1.7758877931748205
"[-17.478235938853494, 0.9289704745552967, -0.9289704745553391, -0.05107114876043025]",46.55626138055368,1.7790309574105283
"[-17.891084771932167, 0.9524610689040545, -0.9524610689041911, -0.04872483541589836]",46.57405028660222,1.7821741216462357
"[-18.20813012950755, 0.9692140564771963, -0.9692140564772516, -0.04704143674881937]",46.59765276106032,1.7853172858819435
"[-18.404686945365686, 0.9777245629560188, -0.9777245629560349, -0.04611844404463825]",46.62752875226766,1.788460450117651
"[-18.449506891282653, 0.9760677500519299, -0.9760677500520691, -0.046101216920724504]",46.66430843273893,1.7916036143533587
"[-18.30327774529581, 0.9617897669883068, -0.9617897669885215, -0.04720445091280953]",46.708871194571806,1.7947467785890663
"[-17.916518674971172, 0.9317376700109126, -0.9317376700109868, -0.049752413540667915]",46.76250474451813,1.797889942824774
"[-17.22615127093895, 0.8817534764886373, -0.8817534764889673, -0.05426087638944387]",46.827240394379466,1.8010331070604815
"[-16.148808627144415, 0.8060302845917371, -0.8060302845920982, -0.061623947649455495]",46.90662003929915,1.8041762712961893
"[-14.565214059267003, 0.6955128046340381, -0.6955128046341812, -0.07361276040692459]",47.00768380503972,1.8073194355318971
"[-12.276077460183775, 0.5329897526004164, -0.5329897526005088, -0.09456789421363479]",47.14729325527909,1.8104625997676045
"[-8.833081833539515, 0.27094448225679496, -0.2709444822568145, -0.1403410752559011]",47.38177637479476,1.8136057640033123
"[-1.6438176548804464, -0.7391844848189417, 0.7391844848189385, -0.356754558000538]",48.27736984773428,1.8167489282390201
"[-1.7834141588954484, -0.3569071523262815, 0.3569071523262678, -0.47199584438388886]",34.83455526029488,1.8198920924747275
"[0.6652517129700313, -0.5650853406687434, 0.5650853406687393, 1.3003873635146515]",32.81550258656014,1.8230352567104353
"[0.5921433603717153, -0.0034071836787749545, 0.0034071836703017675, 10.195190538438743]",31.515262711976423,1.8261784209461427
"[0.597804928677786, 0.0008575967227022901, -0.0008575968537982344, 18.98977579531587]",31.014575318525225,1.8293215851818505
"[-1.2059160800140396, -0.6351333009318034, 0.6351333009317922, -0.37827256193974235]",35.641733646889556,1.8324647494175583
"[-2.8041385928066522, 0.19154802050798833, -0.1915480205079954, -0.3809004076367386]",35.62476968545726,1.8356079136532657
"[-2.887063420800081, 0.29487267259620653, -0.29487267259654687, -0.36321131748241786]",35.52834781327659,1.8387510778889735
"[-0.1886524673302813, -0.45046342119211225, 0.45046342119211225, 0.6894210417796254]",33.59019413826805,1.8450374063603887
"[-1.0989591620363666, 1.142403999669692, -1.1424039996697333, -0.07936839791952809]",33.92452538020674,1.8481805705960965
"[-1.5970686119948225, -0.3298470458754492, 0.3298470458754427, -0.4898446273952638]",38.92508091974701,1.8513237348318041
"[-0.5345561321687119, -0.9460523358908792, 0.9460523358908768, -0.06753684885346475]",37.41409509045969,1.8544668990675117
"[-3.3002478019120542, 0.07114440534257631, -0.07114440534259373, -0.34129334917989806]",37.32396766490088,1.8576100633032193
"[-4.414832385947456, 0.3098008338102026, -0.3098008338102212, -0.25743529507470087]",37.21898030043843,1.860753227538927
"[-5.018328071649107, 0.4115530006622465, -0.4115530006622714, -0.22314175240991405]",37.21472595357704,1.8638963917746345
"[-5.283549341341725, 0.4453830710828634, -0.44538307108286784, -0.2106259746544317]",37.24517647826561,1.8670395560103423
"[-5.323773756048154, 0.4408164020407443, -0.44081640204075667, -0.20964554215219672]",37.282088208388956,1.8701827202460497
"[-5.251734941052111, 0.42037165133551707, -0.42037165133551796, -0.21385806389426115]",37.30847898724782,1.8733258844817575
"[-6.616844113492152, 0.2101752209197303, -0.21017522091978827, -0.1848523370188641]",43.67955441899563,1.8858985414245883
"[-5.659845893094442, 0.10585100282981551, -0.10585100282983027, -0.2154967348300436]",43.68933507553071,1.8890417056602957
"[-3.0509411866449936, -0.2857296843975026, 0.2857296843974888, -0.34938610701015393]",43.974404461534675,1.8921848698960035
"[-0.22614366106520897, 0.10754577908814997, -0.1075457790881108, 1.8068109692733456]",38.57350365048707,1.8953280341317114
"[-0.8734980812385446, 0.9405107325300187, -0.9405107325300236, -0.17719917701086502]",38.39876048240632,1.8984711983674187
"[-3.098310269460026, -0.08397032603631586, 0.08397032603629877, -0.3583569143573373]",41.12670474276936,1.9016143626031266
"[0.3621005250292978, -0.5477416815198894, 0.5477416815198829, 0.9000505609793882]",41.7287939034143,1.9079006910745417
"[0.5538392495274328, -0.013950407675551122, 0.01395040767534261, 4.477430605906095]",31.38891183330146,1.914187019545957
"[0.5433752567034363, -0.022051215027460963, 0.022051215027121953, 4.003502864048377]",31.330604570386075,1.9173301837816645
"[0.5470492309897551, -0.05402052239906072, 0.05402052239896538, 3.61023165247457]",31.5655384237959,1.9204733480173724
"[0.3688512698847504, -0.6397504080919247, 0.6397504080919176, 0.770298928296839]",47.63324189359102,1.9267596764887875
"[-0.9021473046277007, -0.32321550262588156, 0.3232155026258767, -0.07241976393283603]",31.80945005771706,1.9299028407244954
"[-0.5100902243520019, 0.8074364391455624, -0.8074364391455875, -0.054560590192618164]",38.271277404693976,1.9330460049602027
"[-11.499129226331917, 0.6639949460956005, -0.6639949460956591, -0.093656548489536]",45.56816871775508,1.9361891691959106
"[0.37822036380667634, 0.2477072535851353, -0.24770725358514825, 1.527084231093461]",39.5480633659732,1.939332333431618
"[-0.6791793501436377, 0.6662517630364049, -0.6662517630364057, -0.0783242874853218]",38.92752239212649,1.9424754976673257
"[-1.6221086430966958, 0.34848704272142467, -0.3484870427214278, -0.48517403561348776]",37.96613668650726,1.9456186619030336
"[0.7232912609443913, 0.049845138001302663, -0.04984513800127823, 2.9252325037961597]",41.390774749884336,1.948761826138741
"[-0.2708548141594162, 0.002302148083523959, -0.0023021480833251714, 2.47184347732243]",44.667623196646424,1.9519049903744488
"[0.6896064480282488, 0.0013843607005481944, -0.0013843607005340913, 3.472363499035881]",43.042277784457596,1.9550481546101566
"[-4.037090722610771, 0.8758242167458923, -0.8758242167458963, -0.19060409800220013]",46.74979848839306,1.958191318845864
"[0.2673707220720838, 0.3352508391924834, -0.3352508391925177, 1.1186052130834243]",45.42137583740369,1.9644776473172796
"[-1.22874952838991, -0.45100663688201553, 0.4510066368820097, -0.4226507981593823]",46.90626643529071,1.967620811552987
"[-0.3993358226510503, -0.0008295638535587494, 0.0008295645456118275, 33.17760545524885]",43.81951386518331,1.9707639757886948
"[-3.198968907512444, 0.06722314953498444, -0.06722314953498987, -0.34992042985939886]",50.375458934344316,1.9739071400244022
"[-10.34054344364801, 0.7841905679729162, -0.7841905679731835, -0.09480907243050309]",50.78370813415976,1.97705030426011
"[-0.4245522749271036, -0.015790761213910254, 0.01579076121369796, 5.845107725256119]",41.158804543925015,1.9801934684958176
"[-13.090155894115739, 1.116574920960588, -1.1165749209605944, -0.052082370826812344]",46.5836091472535,1.9833366327315252
"[0.6947765377276787, 0.5015866329415122, -0.5015866329415223, 1.4282704591623052]",36.71776921760505,1.9864797969672328
"[-10.711815785641376, 0.8060430086372578, -0.806043008637283, -0.09017448780289966]",48.06279281597881,1.9896229612029406
"[0.26014948583133973, -0.8938579875247762, 0.8938579875247761, 0.41226216807857763]",48.87424307152056,1.992766125438648
"[-11.061805469107362, 0.6754891171246595, -0.6754891171247459, -0.09637628975810592]",45.965343139191546,1.9959092896743558
"[-2.3693897775128776, -0.47350941458812773, 0.4735094145881257, -0.38527399444811505]",47.69061124798701,1.9990524539100636
"[-11.232454124550838, 0.4621614079287777, -0.4621614079288441, -0.10591578118870015]",49.66232171243032,2.002195618145771
"[-1.132175405678613, 1.302027194058032, -1.3020271940580417, 0.046642819528536286]",47.93637907973721,2.005338782381479
"[0.06784457134051809, 0.8527941224373772, -0.8527941224373774, 0.10525510223382235]",43.81911910595264,2.0084819466171866
"[-4.480614344724316, 0.6769170058607391, -0.676917005860801, -0.2120885602702549]",37.1441764877987,2.011625110852894
"[-2.6448273162696427, 0.054753707135324965, -0.054753707135329774, -0.40450948353039723]",37.41700784994122,2.014768275088602
"[-7.155863545925901, 0.4156782961635311, -0.41567829616357466, -0.16304868442262693]",43.16009131196346,2.03048409626714
"[-6.094528890561418, 0.31041298646843957, -0.3104129864688056, -0.19457743929578852]",42.93086336326243,2.033627260502848
"[-4.937808500602934, 0.7572837302316769, -0.7572837302316855, -0.18392603827999518]",39.998542511743246,2.036770424738555
"[-0.5787796253593639, -0.2728894602257145, 0.2728894602255938, 0.8315181602406896]",33.3624435010896,2.039913588974263
"[-0.4106559470522897, -0.06694699067002549, 0.0669469906698596, 3.5774198226072498]",33.29672504409172,2.043056753209971
"[-1.4010495199764894, 0.7450129148551816, -0.7450129148551865, -0.3549620978844345]",35.26348810626894,2.046199917445678
"[-0.6468924061426313, 0.3481102335527723, -0.34811023355278026, 0.45283616550662326]",29.967032379606806,2.08391788827417
"[-0.6646143286313166, 0.34649009287910854, -0.3464900928791435, 0.4144235014827681]",29.944772231145645,2.0870610525098776
"[-0.6812091156216838, 0.3439716294950462, -0.3439716294950514, 0.38008524226820284]",29.923828197489254,2.090204216745585
"[-0.6967304412179683, 0.3407579681826668, -0.34075796818266996, 0.349213590860333]",29.904167543992333,2.093347380981293
"[-0.7112358842310043, 0.3370162896250668, -0.33701628962507757, 0.3213190963550937]",29.88575487448882,2.096490545217
"[-0.7247846779791632, 0.3328850482175266, -0.33288504821753034, 0.29600089155031184]",29.868553526217188,2.099633709452708
"[-0.7374358691371281, 0.3284795827279811, -0.32847958272799804, 0.2729264178190899]",29.852526885351107,2.102776873688416
"[-0.7492472123371295, 0.3238964592095129, -0.3238964592095179, 0.25181654346855925]",29.837639082463756,2.105920037924123
"[-0.7602744076050673, 0.3192169039277533, -0.31921690392776714, 0.23243468397652256]",29.823855507644943,2.109063202159831
"[-0.7705704794682195, 0.3145096021538673, -0.3145096021538734, 0.21457887000914103]",29.811143285586947,2.112206366395539
"[-0.7801855849047097, 0.3098328655552679, -0.3098328655552761, 0.1980753333206019]",29.799471368093187,2.115349530631246
"[-0.7891667354444732, 0.3052364779666192, -0.30523647796663733, 0.18277388467024072]",29.78881076531593,2.118492694866954
"[-0.7975577229072427, 0.30076316887854365, -0.3007631688785503, 0.16854413450534647]",29.779134609888295,2.121635859102662
"[-0.8053990969931195, 0.2964498302495566, -0.29644983024956373, 0.15527251403759185]",29.770418182953687,2.124779023338369
"[-0.8127281764132586, 0.2923285285862384, -0.2923285285862612, 0.14285990407818505]",29.762638930276236,2.127922187574077
"[-0.819579083141945, 0.288427349961075, -0.2884273499610772, 0.13121972730070278]",29.75577645062953,2.1310653518097844
"[-0.8259828101650151, 0.2847710963737465, -0.2847710963737556, 0.12027636689372373]",29.74981246445334,2.134208516045492
"[-0.8319672478512277, 0.2813818957867, -0.2813818957867302, 0.10996395000519657]",29.744730820884687,2.1373516802812
"[-0.8375572724431336, 0.2782796826333511, -0.27827968263335395, 0.10022525220669114]",29.740517440682257,2.1404948445169074
"[-0.8427747689388674, 0.2754826343772487, -0.27548263437725085, 0.09101088975652896]",29.737160315039223,2.1436380087526152
"[-0.8476386725813821, 0.2730075263069744, -0.2730075263069757, 0.08227861626999268]",29.73464948768053,2.146781172988323
"[-0.8521649940580236, 0.27087003372469187, -0.2708700337246997, 0.07399275147784122]",29.732977053818328,2.1499243372240304
"[-0.8563667949944672, 0.26908500344464026, -0.26908500344464037, 0.06612377965859903]",29.73213717182944,2.1530675014597382
"[-0.8602541876397256, 0.26766666420291796, -0.26766666420292295, 0.05864796361018875]",29.732126076061824,2.156210665695446
"[-0.8638342651415925, 0.2666288245098261, -0.2666288245098371, 0.051547129307307836]",29.732942133366272,2.1593538299311534
"[-0.8671110209985399, 0.26598503142374563, -0.26598503142376567, 0.044808502357313956]",29.734585876874533,2.1624969941668613
"[-0.8700852346761317, 0.26574870365811154, -0.26574870365812053, 0.03842462670436334]",29.7370600963753,2.1656401584025686
"[-0.8727543217416592, 0.26593324210738184, -0.26593324210739955, 0.032393358054173337]",29.74036993331976,2.1687833226382764
"[-0.8751121295163891, 0.26655211917396127, -0.266552119173968, 0.026717964388315616]",29.744523026748077,2.1719264868739843
"[-0.8771486872717743, 0.26761894178214934, -0.26761894178215856, 0.021407308998539782]",29.74952962905562,2.1750696511096916
"[-0.878849906820799, 0.2691474940330739, -0.2691474940330739, 0.016476111822556542]",29.755402840159785,2.1782128153453995
"[-0.8801972082823246, 0.2711517548960918, -0.2711517548961173, 0.01194533862729604]",29.762158842068697,2.1813559795811073
"[-0.8811670668699855, 0.273645881539216, -0.27364588153921815, 0.007842724182906883]",29.769817162786634,2.1844991438168146
"[-0.8817304734500532, 0.27664416051372454, -0.27664416051373203, 0.004203432116257103]",29.778401049992528,2.1876423080525225
"[-0.881852284594604, 0.2801609292548435, -0.28016092925484715, 0.0010708897170820743]",29.78793791114148,2.19078547228823
"[-0.8814904388170263, 0.28421040753356835, -0.2842104075335718, -0.0015021172406630146]",29.79845977480586,2.1939286365239377
"[-0.8805950190413403, 0.2888065163228586, -0.28880651632286136, -0.003452125447591975]",29.81000400658177,2.197071800759645
"[-3.4786026577218134, 0.5139693718743882, -0.5139693718744164, -0.2873781868751567]",36.86507042470377,2.2285034431167214
"[-4.113198422467971, 0.6555553445613787, -0.655555344561416, -0.23060629672598645]",36.98314081883067,2.2316466073524293
"[-4.2369090252448025, 0.6428545733728068, -0.6428545733728107, -0.22728739016423363]",37.14080742160866,2.234789771588137
"[-3.914430543992483, 0.5126916518034575, -0.5126916518035961, -0.2620929477150014]",37.31339570728673,2.2379329358238444
"[-3.2565369161427684, 0.28683324694710155, -0.2868332469471523, -0.3321289839924528]",37.49816626530608,2.2410761000595523
"[-0.55085426931461, 0.42500248336434865, -0.4250024833643572, 0.4674890244931923]",30.36925593886333,2.2567919212380905
"[-0.48763130653953385, 0.4000595569948358, -0.4000595569948518, 0.634081604812674]",30.433674570891117,2.2599350854737983
"[-0.4157654772861314, 0.33930997901088883, -0.3393099790108997, 0.9287708494732548]",30.499179833864893,2.2630782497095057
"[-3.4027156022061322, 0.5207365481316893, -0.5207365481317217, -0.2911894391333948]",37.389898721185475,2.2662214139452135
"[-0.5178241606252871, -0.2276140721215871, 0.22761407212154938, 1.1977552425400952]",33.68049622385276,2.2693645781809213
"[-0.007529121148237839, 1.061734671709727, -1.0617346717097402, 0.2778513547288859]",41.678720488513406,2.2725077424166287
"[0.43362063675526125, 0.4585626987797491, -0.45856269877975975, 1.1681604033048698]",32.16938898012636,2.2756509066523365
"[-0.35423264720086656, 0.032819957511827626, -0.032819957511276435, 4.062975551933196]",38.22477257607026,2.2787940708880443
"[-3.490200654330529, 0.003064219297136463, -0.003064219297139614, -0.32706558360671706]",41.413153650187844,2.2819372351237517
"[-7.684526975675081, 0.8772176531326363, -0.877217653132701, -0.11346063658228354]",40.30321730253587,2.2850803993594595
"[-4.536592885641475, 0.402256214075697, -0.4022562140757206, -0.24398449377527362]",40.270028860880174,2.288223563595167
"[-1.8904334394989826, 0.5756632275949755, -0.575663227594988, -0.40410796682437444]",44.211493125044726,2.2913667278308747
"[-2.13495273815462, -0.3160440872851654, 0.31604408728515543, -0.44115622836710777]",44.260985747706506,2.2945098920665825
"[-0.8826788043246526, -0.6703693968332405, 0.6703693968332333, -0.2401495902662842]",45.25694908800635,2.29765305630229
"[0.3391380510681341, 0.24126747923847072, -0.24126747923847272, 1.4382415578481766]",37.24131037631671,2.3007962205379977
"[-4.74737514719017, 1.0106533860856723, -1.010653386085683, -0.1414166459545336]",40.6908375776189,2.3039393847737055
"[0.6655866093747184, 0.019651069534691368, -0.019651069534319984, 3.90499312613667]",38.88592947009034,2.307082549009413
"[-3.325114090782191, 0.5090933777817817, -0.5090933777818, -0.29825972391296157]",45.5544751072114,2.3102257132451207
"[-2.1195968684098867, 1.1698743411339267, -1.1698743411339392, -0.13251541117073917]",41.67042419262557,2.313368877480828
"[0.2011294777608703, 0.958077638547655, -0.9580776385476568, 0.37490187177811535]",41.48628518885938,2.316512041716536
"[-0.8494142946215203, 0.8607386068422276, -0.8607386068422352, -0.20693021858246274]",44.21841173382974,2.3196552059522437
"[0.3529822219759956, -0.7862722887588299, 0.7862722887587932, 0.589128041952511]",43.5696022694332,2.322798370187951
"[0.22724803786599038, -0.5541670211029844, 0.554167021102951, 0.7071520808392744]",42.93973223021424,2.325941534423659
"[0.20900976837792137, 0.9468241636099568, -0.9468241636099615, 0.37349590888569995]",41.47080733333867,2.3290846986593663
"[-0.5871940867044282, -0.6069380288521226, 0.6069380288521145, 0.07800069069886484]",41.40950213579902,2.332227862895074
"[-0.42852416343980587, -0.00865324884744348, 0.008653248844135987, 5.773038136383112]",40.19748370975414,2.3353710271307815
"[-5.6226500615547295, 1.1552608018753856, -1.1552608018753914, -0.09638828720242446]",40.61077303210487,2.3385141913664893
"[0.7660295836880363, 0.06222200712202311, -0.062222007121977625, 2.6018724532407127]",36.42991401985601,2.3448005198379045
"[-0.3921768780520888, 0.7570891043427455, -0.7570891043427469, 0.047056897513716014]",29.341876561136946,2.3479436840736123
"[-0.24329819067949165, 0.6678512169183682, -0.6678512169183725, 0.24476494469989904]",29.19464946724985,2.3510868483093197
"[-0.11886527446411435, 0.5252699971162154, -0.5252699971162179, 0.5465502345029429]",29.003276853725847,2.3542300125450275
"[-0.03665393388082845, 0.3094233863149759, -0.30942338631497807, 0.9541421688995908]",28.79119514762318,2.357373176780735
"[-6.224194348344744, 0.3053130646104698, -0.3053130646105784, -0.1912283510660104]",41.46475821993227,2.3605163410164427
"[0.5547010976015451, 0.026488870615537848, -0.026488870615904832, 4.303052003731493]",30.919520030210375,2.366802669487858
"[-4.248744832515123, 0.27595727801488823, -0.27595727801490577, -0.26833012484143764]",37.937139501494556,2.4359522826734263
"[-4.050928521289883, 0.23714950504708904, -0.2371495050472575, -0.2818385041381981]",37.94836494681059,2.439095446909134
"[-3.866163000649727, 0.1990312986883882, -0.19903129868841532, -0.2952511172612402]",37.961882742948625,2.442238611144842
"[-3.708486109866956, 0.1649979601478688, -0.1649979601478893, -0.3073258574522411]",37.975396301469395,2.4453817753805493
"[-3.5906114762942325, 0.13859018747805732, -0.13859018747814011, -0.31673826915116854]",37.98631333265941,2.448524939616257
"[-3.5224626869886086, 0.12292059812577313, -0.12292059812589091, -0.3223314393849428]",37.99231463954069,2.4516681038519645
"[-3.509583487105988, 0.11991789366070878, -0.11991789366076658, -0.32340116367283217]",37.991956954695475,2.4548112680876724
"[-3.5520665345606917, 0.12974162622073915, -0.12974162622079685, -0.3198890584614466]",37.98507105563539,2.4579544323233797
"[-3.644608148507521, 0.15074926859110965, -0.15074926859111357, -0.31238736311035337]",37.97277260149411,2.4610975965590876
"[-3.777706003152284, 0.180045980612523, -0.1800459806126097, -0.30195629821932796]",37.95708921778099,2.464240760794795
"[-3.9394052360322287, 0.21426251967252516, -0.21426251967259263, -0.28984621070132516]",37.9403861845296,2.4673839250305027
"[-4.116899511695129, 0.25017691821510074, -0.2501769182151075, -0.27724642120402215]",37.92482600591877,2.4705270892662106
"[-4.297665362851407, 0.2850427146815524, -0.28504271468155334, -0.2651350512675917]",37.91200945180409,2.473670253501918
"[-4.470190254539355, 0.3166939293237898, -0.31669392932379153, -0.25423103377239503]",37.902817628190476,2.4768134177376258
"[-4.624503721914002, 0.34354803154350494, -0.3435480315435252, -0.24500866995056458]",37.89739957412789,2.479956581973333
"[-4.752660078465952, 0.3645860541276088, -0.3645860541276137, -0.2377353706022004]",37.89524159009172,2.483099746209041
"[-4.849143112623825, 0.37932666638934165, -0.37932666638936535, -0.23251282797653314]",37.89528055279768,2.4862429104447488
"[-5.546779520780188, 0.09422705352073113, -0.09422705352076483, -0.219595236480363]",44.404619381577064,2.508245060094702
"[-4.501188089506619, -0.0413410283674839, 0.04134102836747619, -0.264230733943725]",44.49080746079229,2.51138822433041
"[-2.380622784802647, -0.44415761256216635, 0.4441576125617067, -0.3903220042758812]",44.80277668092701,2.5145313885661174
"[-0.24448638772814965, 1.1532450200939743, -1.1532450200939766, 0.22523568560293858]",42.30786264601336,2.517674552801825
"[-5.820259895063131, 1.00415854585175, -1.0041585458517548, -0.12249226592926539]",42.33002543195448,2.520817717037533
"[-4.5834058859960045, 0.9209802674495441, -0.9209802674497092, -0.16436615937538143]",42.60890546087504,2.5239608812732404
"[-5.982731407961886, 0.6240911756445005, -0.6240911756445459, -0.17263929377412088]",40.858387669350854,2.527104045508948
"[-0.16913436127125353, -0.1356343067843469, 0.13563430678436278, 1.5020770139300268]",34.25221647330427,2.530247209744656
"[-1.2829658048417867, 1.2417057033808796, -1.2417057033808798, -0.029925724390723767]",38.62787374978421,2.5333903739803634
"[-5.213615816323555, 0.16218794984162266, -0.16218794984165663, -0.23016312282532875]",42.49993014274652,2.536533538216071
"[-3.7979394476258808, 0.7755938124665298, -0.7755938124665306, -0.2217223261005925]",39.33973521132981,2.539676702451779
"[0.5806261419804263, -0.023266646886436152, 0.023266646885452227, 5.602968556128601]",32.614085389020765,2.5428198666874864
"[0.5600824125885009, -0.01858178903404852, 0.01858178903279602, 4.679896105073405]",32.196469170125425,2.545963030923194
"[0.5504610271708315, -0.02102915161310823, 0.021029151612849198, 4.247853204174066]",32.08307590300598,2.5491061951589016
"[0.5472938384079143, -0.03318042053245143, 0.033180420532387095, 3.9607527787559698]",32.12608305837522,2.5522493593946094
"[0.5517718914898017, -0.0595825075710572, 0.059582507570765275, 3.591950097709116]",32.318220433058066,2.555392523630317
"[0.5597102389588784, -0.15644695245433074, 0.1564469524542905, 2.499766330294418]",32.68286082284322,2.5585356878660246
"[-0.40751499601416635, -0.004371930149779319, 0.0043719301263752215, 11.263959754989274]",47.30443729113202,2.5648220163374402
"[-1.8508554852488461, -0.6578673936987639, 0.6578673936987531, -0.37878554351491805]",48.43638788354304,2.5679651805731476
"[-0.4283140646739447, -0.01421754090595432, 0.014217540905608669, 5.578059507451583]",30.866940104400808,2.5711083448088554
"[-1.642858149673566, -0.2409380128189785, 0.24093801281896918, -0.5028795870042571]",36.04623103812466,2.574251509044563
"[-0.38763464746163884, -0.5244958424438726, 0.524495842443867, 0.4296938233568224]",32.70304516206508,2.5773946732802706
"[-1.980912626975963, 0.6774804457203453, -0.6774804457203466, -0.36211808347058244]",33.57679530516835,2.580537837515978
"[-1.482460250214759, 1.1589322351528624, -1.1589322351528721, -0.1138130122455095]",33.186073508525546,2.583681001751686
"[-0.5708258568838177, 1.1036302868171965, -1.1036302868171977, 0.025474936058256105]",33.02003380216716,2.586824165987393
"[0.06813270327596135, 0.9167575975958667, -0.9167575975958667, 0.14337997562946364]",33.2125024533339,2.589967330223101
"[-0.05096065647262205, -0.47555148192253754, 0.47555148192252805, 0.6528553348659952]",36.210839864043564,2.5931104944588084
"[-0.6566721454082619, -0.7918097286350806, 0.7918097286350408, -0.12899139953142894]",37.818811861871254,2.596253658694516
"[-1.0225111000651284, -0.6946687190346263, 0.6946687190346141, -0.30988750916854546]",37.99018178689766,2.599396822930224
"[0.1428732860189298, -0.2737901235110617, 0.27379012351106025, 1.0430981019799144]",35.57682651806289,2.605683151401639
"[0.718362179741088, -0.5290766922993272, 0.5290766922993234, 1.4122601747909203]",34.96239116164004,2.608826315637347
"[0.38138701602925934, -0.9471145012796809, 0.9471145012796781, 0.6692037699801165]",35.58022619750247,2.6119694798730544
"[-0.2050395831444589, -1.01190942653174, 1.0119094265317181, 0.09352754339135057]",36.347789214080805,2.615112644108762
"[-0.7048914329951745, -0.917422018177084, 0.9174220181770795, -0.1380347683805463]",36.53650822305332,2.61825580834447
"[-1.065990601560864, -0.801480446180036, 0.8014804461800341, -0.28947131079999594]",36.596540343571526,2.6213989725801774
"[-1.3256311934023737, -0.6899953545737355, 0.689995354573734, -0.37489728004909895]",36.62553173913849,2.624542136815885
"[-1.508459068115119, -0.6039204419495603, 0.6039204419495595, -0.4150374847320657]",36.634706599080644,2.6276853010515926
"[-1.6326729675680385, -0.5453895891061572, 0.5453895891061501, -0.4320894500721854]",36.634828332473454,2.6308284652873004
"[-1.7108462706459702, -0.5097154200853189, 0.5097154200853122, -0.43880922517296317]",36.6327413531177,2.6339716295230082
"[-1.7513456713514777, -0.49221192213399656, 0.49221192213399295, -0.4410497078232545]",36.631571684827996,2.6371147937587156
"[-1.7597148259599602, -0.48966112161091485, 0.4896611216109064, -0.4411346314141755]",36.63236463317638,2.6402579579944234
"[-1.7396054439537358, -0.500177318129062, 0.5001773181290609, -0.43961154793641416]",36.63510417325462,2.6434011222301312
"[-1.6933311133245612, -0.5228507527980667, 0.5228507527980629, -0.4359303068567276]",36.63913168827944,2.6465442864658386
"[-1.6221866347825686, -0.5574094368872387, 0.5574094368872262, -0.4285755502406159]",36.64323596522363,2.6496874507015464
"[-1.5266442654229797, -0.6038169046642181, 0.6038169046642171, -0.4149351981019243]",36.64560764414812,2.6528306149372542
"[-1.4065188150216439, -0.6616305135131978, 0.6616305135131959, -0.391158947698477]",36.64385262406627,2.6559737791729616
"[-1.261187272423792, -0.7290121548544592, 0.7290121548544589, -0.3524474484034903]",36.63533218957522,2.6591169434086694
"[-1.0898988996125631, -0.8017120810640255, 0.8017120810640096, -0.2943599959080055]",36.61797105121783,2.6622601076443773
"[-0.8920420437712951, -0.8730711215759898, 0.8730711215759854, -0.2151683072844063]",36.59084465650455,2.6654032718800846
"[-0.6669752535878153, -0.9362073275918675, 0.9362073275918635, -0.11761773547573962]",36.551939001982525,2.6685464361157925
"[-0.4131512688720209, -0.9883399501333103, 0.9883399501333059, -0.004764177354625031]",36.48469134420366,2.6716896003515
"[-0.12980337760082938, -1.0296038089509785, 1.0296038089509763, 0.1497703035834018]",36.31148979547107,2.6748327645872076
"[0.16186544568017625, -1.0254571125528107, 1.0254571125528074, 0.4097020775225085]",35.96299170935562,2.6779759288229155
"[0.41330649318789114, -0.9373697344231128, 0.9373697344231123, 0.7189916189434741]",35.60096902365136,2.681119093058623
"[0.5986183416917806, -0.7835123298732711, 0.7835123298732654, 1.0213214410368778]",35.309019544869166,2.6842622572943307
"[0.7137477449819057, -0.5806626081742838, 0.5806626081742802, 1.3414718641754373]",35.090443526263094,2.6874054215300385
"[-1.699832031445182, 0.9568335689948712, -0.9568335689949, -0.2473843015147301]",37.82342661975091,2.690548585765746
"[-1.1370863994170777, -0.2248945771326857, 0.22489457713268285, -0.36414679826406404]",37.143121454373514,2.6936917500014537
"[0.18342156328825163, -0.3352042429046104, 0.33520424290460804, 0.9992716866358056]",35.65534098301536,2.696834914237161
"[0.37624061528135877, -0.5080093977216886, 0.5080093977216833, 0.9880604900524458]",35.64639182925412,2.699978078472869
"[0.45343391565057145, -0.6250024553103993, 0.6250024553103968, 0.9190837551378643]",35.82639032219954,2.7031212427085762
"[0.415199171578812, -0.7862149498717097, 0.7862149498717076, 0.6991224901096108]",36.226225984000415,2.706264406944284
"[0.0880862432286925, -0.9459663996423427, 0.9459663996423412, 0.2051942418723531]",37.337715323282936,2.7094075711799914
"[-0.5538511572251257, -0.8375048905153134, 0.8375048905153022, -0.08639342939422402]",38.0064859945528,2.7125507354156992
"[-0.9226155482781735, -0.7244410833037056, 0.7244410833037047, -0.263941175489599]",38.091618081491696,2.7156938996514066
"[-0.8042848963999324, -0.7585002362069209, 0.7585002362069161, -0.20464219853135907]",38.03969592747058,2.7188370638871144
"[0.11728941839885608, -0.9183406788715351, 0.9183406788715348, 0.1992425288794148]",37.122673990296335,2.7219802281228223
"[0.16882201524007295, -0.5110555577371244, 0.511055557737115, 0.7123317977591033]",35.35167832454743,2.7251233923585296
"[-0.40158860857196166, -0.002623775488352318, 0.0026237753076343087, 19.33246839475688]",34.77610325721185,2.7282665565942374
"[-0.401471990995315, -0.00026103557590330655, 0.0002610349309084333, 27.898679310387408]",34.46197743027395,2.7314097208299453
"[-0.289815842831286, -0.42917628585146317, 0.42917628585145806, 0.7232003398171942]",36.255314879875776,2.7345528850656526
"[-1.8804642826509528, 0.575181813629508, -0.5751818136295125, -0.40509925201357116]",37.12288262539838,2.7376960493013605
"[-1.0716489764740929, 1.1160711963357002, -1.1160711963357046, -0.09527545441059877]",36.622404736694904,2.740839213537068
"[0.08365118317224203, 0.8551847631553522, -0.8551847631553531, 0.10732772303209344]",35.891910104149574,2.7439823777727756
"[0.14846580780804833, 0.9169636917616998, -0.9169636917617053, 0.24150985423819646]",33.786621300464304,2.7471255420084835
"[0.062944493339179, 0.9735996189653886, -0.9735996189653904, 0.2193312559935456]",33.483698474779715,2.750268706244191
"[-0.04164190627050872, 1.0186965294974177, -1.018696529497424, 0.19328613291311783]",33.36437382509432,2.7534118704798987
"[-0.15516813163754492, 1.0584907662476617, -1.0584907662476617, 0.1677379389104537]",33.30974564820463,2.7565550347156065
"[-0.2752231133428648, 1.0943277027194773, -1.0943277027194815, 0.1415672732027823]",33.28376714712616,2.759698198951314
"[-0.40085344544952634, 1.1262117199228736, -1.1262117199228985, 0.11443929489654517]",33.27298450622974,2.7628413631870217
"[-0.5314355702081373, 1.1539208895870097, -1.1539208895870154, 0.08681762550251226]",33.27183943891098,2.7659845274227295
"[-0.6663911874932461, 1.1773295288024095, -1.1773295288024177, 0.05953641331342643]",33.27792891458984,2.769127691658437
"[-0.8050884674523421, 1.1964536426464043, -1.1964536426464114, 0.033453552943914486]",33.29020415261305,2.7722708558941447
"[-0.9467854260025818, 1.2113818400852312, -1.2113818400852607, 0.009209904455636896]",33.30819357414256,2.7754140201298525
"[-1.0905707245302294, 1.2221585237546024, -1.2221585237546067, -0.012908959352574703]",33.33164191299743,2.77855718436556
"[-1.2352897765924262, 1.2286618917672878, -1.2286618917672978, -0.0330130751870812]",33.36034584320378,2.7817003486012677
"[-1.3794530359474817, 1.2305069151039711, -1.2305069151039734, -0.05156725834279826]",33.39409096707454,2.784843512836975
"[-1.5211318568322818, 1.2269890256831706, -1.2269890256831795, -0.06930158669226309]",33.43263779577957,2.787986677072683
"[-1.6578522914623457, 1.2170683634639092, -1.2170683634639199, -0.08711030641032204]",33.47572367023849,2.7911298413083907
"[-1.7864981830437652, 1.1993838291435304, -1.1993838291435368, -0.10596731190497351]",33.52305990220529,2.794273005544098
"[-1.9032441684684154, 1.1722817062409996, -1.172281706241001, -0.12687297710880363]",33.57431565745354,2.797416169779806
"[-2.0035304196917814, 1.1338429666677998, -1.1338429666678003, -0.15083476798248707]",33.62908175505528,2.8005593340155137
"[-2.0820969897875115, 1.0818876281436984, -1.0818876281437069, -0.17888091470253542]",33.68680848984287,2.803702498251221
"[-2.1330766216062402, 1.0139205192415919, -1.0139205192415968, -0.21210561478069265]",33.74669469085965,2.806845662486929
"[-2.1501269327208252, 0.9269464473015817, -0.9269464473015924, -0.25174405764567215]",33.80746822006307,2.8099888267226367
"[-2.126545829649823, 0.8170067276356624, -0.8170067276356641, -0.29925198636884576]",33.86688553785023,2.813131990958344
"[-2.0552884551206008, 0.6781185804331792, -0.6781185804331827, -0.3562267862815012]",33.92043853973429,2.816275155194052
"[-1.9289051208243977, 0.5000367637275777, -0.5000367637275839, -0.42323681745145375]",33.95764102819857,2.8194183194297593
"[-1.7404837259748054, 0.26560730435552193, -0.26560730435553237, -0.4924501444862298]",33.95142876700352,2.822561483665467
"[-1.4926249819424038, -0.03103507160242039, 0.031035071602419615, -0.5184714012443589]",33.847061866242875,2.8257046479011745
"[-1.2214553475945673, -0.3073949117814457, 0.30739491178143996, -0.42918252254513745]",33.645585888959914,2.8288478121368823
"[-0.9766907660265849, -0.47673717059587517, 0.47673717059586906, -0.26208564430033443]",33.45129969276455,2.8319909763725897
"[-0.7745010338895875, -0.5578894013797666, 0.5578894013797574, -0.0843642306470223]",33.30919295864666,2.8351341406082975
"[-0.6100159561209094, -0.5874932183964487, 0.5874932183963636, 0.07947376271315876]",33.217319262778034,2.838277304844005
"[-0.4742534964964854, -0.5893304927850945, 0.5893304927850919, 0.2224320891317401]",33.16806317984235,2.8414204690797127
"[-0.35857827266632153, -0.5789037634462705, 0.5789037634462658, 0.3383467330677629]",33.15543050567828,2.8445636333154205
"[-0.25495453267880114, -0.5698857367786859, 0.5698857367786844, 0.4151219464546554]",33.17345803198936,2.847706797551128
"[-0.15563135811028908, -0.5776842394543096, 0.577684239454306, 0.4377933298371973]",33.21326765254125,2.8508499617868357
"[-0.05405915601398473, -0.6133644799064193, 0.6133644799064168, 0.4100586300196894]",33.26888462816706,2.8539931260225435
"[0.05244237061379691, -0.6747593690152573, 0.6747593690152559, 0.36190501782257706]",33.3610611856279,2.857136290258251
"[0.15564537553941024, -0.7587798555195977, 0.7587798555195967, 0.3160322636552336]",33.60998010276664,2.8602794544939587
"[0.0006447684891114011, -0.8630479272975777, 0.863047927297577, 0.08648024422938642]",36.127060469729095,2.863422618729666
"[-0.9578795766117424, -0.6566107425149565, 0.6566107425149528, -0.28362323954628677]",36.32332559135245,2.866565782965374
"[-1.8402686778525972, -0.09267611407882087, 0.0926761140788198, -0.5007789973749254]",36.521222439262786,2.8697089472010817
"[-2.4742361105563746, 0.23919551093495448, -0.23919551093497007, -0.411902610368971]",36.4498446619939,2.872852111436789
"[-2.978232984521137, 0.4281838424152651, -0.42818384241526514, -0.3373335929551237]",36.38945255664322,2.875995275672497
"[-3.4093242893270883, 0.5611444863815921, -0.5611444863815926, -0.2839462641266143]",36.35959841452423,2.8791384399082047
"[-3.784048589094118, 0.6618684849529124, -0.6618684849529161, -0.24490467500031196]",36.35117884974365,2.882281604143912
"[-4.1065976826895545, 0.739185230267617, -0.7391852302676377, -0.2161028009008932]",36.35725543086713,2.88542476837962
"[-4.377089325499385, 0.7971992916036602, -0.7971992916036741, -0.19510481260626775]",36.37320890719112,2.8885679326153277
"[-4.594892609964581, 0.8383206521660996, -0.838320652166124, -0.18032970294102035]",36.39582123367781,2.891711096851035
"[-4.760244874161623, 0.8644075976075944, -0.8644075976076259, -0.17064411618831726]",36.42272577410092,2.894854261086743
"[-4.874993523238246, 0.8772381659093498, -0.8772381659093796, -0.16515959807726321]",36.45210925221389,2.8979974253224503
"[-4.942768571461512, 0.8786927526216618, -0.8786927526217146, -0.16312808743118726]",36.48251954855092,2.901140589558158
"[-4.968863845971734, 0.8708390507470838, -0.8708390507471011, -0.1638766267952938]",36.51266548235922,2.904283753793866
"[-4.960234725764435, 0.8560938268635375, -0.8560938268637349, -0.1667334156658899]",36.54107541732992,2.9074269180295733
"[-4.926201164322226, 0.837702491174072, -0.8377024911741143, -0.17088531800348217]",36.56536580714926,2.910570082265281
"[-4.880074025232815, 0.8208081185249394, -0.8208081185250509, -0.1751097604767536]",36.58055228331221,2.913713246500989
"[-4.835924266249545, 0.8132369295174651, -0.8132369295177969, -0.17768949930149672]",36.575125004563695,2.9168564107366963
"[-4.746633538616427, 0.8136972203203143, -0.8136972203203447, -0.18024344070170387]",36.52299398771846,2.919999574972404
"[0.34041049671025436, 0.2620153160018495, -0.2620153160018529, 1.3993735680226798]",34.60314775564466,2.9262859034438193
"[0.670987392256776, 0.0067701356864127375, -0.006770135685927451, 3.837911876280733]",38.30541930265278,2.929429067679527
"[-6.316864723037205, 0.05738197839840964, -0.05738197839843402, -0.19603728262137984]",48.96271379714943,2.9325722319152345
"[0.5794047494985314, 0.006189320968621536, -0.006189320971737461, 6.579515305927705]",32.394761466656874,2.9357153961509423
"[-4.764126605003849, -0.11611622249731206, 0.11611622249728856, -0.25032985538771213]",49.644448690472856,2.9420017246223575
"[-0.4763541128258249, -0.26088023312894837, 0.2608802331289373, 1.1582479554487137]",42.66391301991797,2.9451448888580654
"[-1.2217510097081117, 0.6141715623277256, -0.6141715623277271, -0.38766042297744413]",34.16876740674008,2.9482880530937727
"[-12.262202886527174, 0.7155695665302452, -0.7155695665302872, -0.08530922527490453]",45.77626806252484,2.954574381565188
"[-13.526316002904931, 0.8540450665015172, -0.8540450665016609, -0.06977956970993658]",45.435307208176184,2.9577175458008957
"[-12.161271342287662, 0.764555181471821, -0.7645551814718354, -0.08296609511471272]",45.28408472067127,2.960860710036603
"[-9.689331903469801, 0.558898230197056, -0.5588982301970913, -0.1163436961773556]",45.27567420060851,2.964003874272311
"[-6.017540693893101, 0.1823302414914118, -0.18233024149144628, -0.20218262497351236]",45.50522735410549,2.9671470385080188
"[-0.41183023609217606, -0.018358519821305343, 0.01835851981656458, 6.878250302791302]",43.262223337982384,2.970290202743726
"[-2.129832160961854, 0.7394104683333852, -0.7394104683333854, -0.3288166068478754]",45.84100538834204,2.973433366979434
"[-10.638195411905823, 0.6061536802993085, -0.6061536802993425, -0.10412166699699943]",48.686875949548,2.9765765312151413
"[-0.054541822983767974, 0.3673155085334383, -0.3673155085334387, 0.8529610025776353]",36.14971938760511,2.979719695450849
"[-0.23464540359879435, 0.14315045426394224, -0.14315045426392997, 1.7010605700233283]",44.510879175783515,2.982862859686557
"[-3.0722865387476954, -0.16702450159312407, 0.16702450159311424, -0.3570252652467196]",50.859794387676644,2.9860060239222643
"[0.5831170756322057, 0.05131362346812417, -0.051313623468182426, 4.272430887582403]",40.20383960117583,2.989149188157972
"[-6.190697323571656, 0.3688393386500653, -0.36883933865009744, -0.18859598540083908]",47.0963162105453,2.99229235239368
"[0.43363264118932754, 0.5999604696678806, -0.5999604696678855, 0.9248387888519957]",36.01396489148714,2.9954355166293873
"[-1.8635359082723262, -0.41837739111374395, 0.4183773911137361, -0.45062736002946197]",44.23230439419754,2.998578680865095
"[-1.1739999719468486, 0.14107849241553758, -0.14107849241556508, -0.39107220269661586]",37.111035778871695,3.001721845100803
"[-11.273338885551233, 0.8591708803698245, -0.8591708803698664, -0.08211173526037088]",46.28591848289001,3.0048650093365104
"[-10.443387850709088, 0.8787698115037883, -0.8787698115039809, -0.0863696363423764]",45.57702805050223,3.008008173572218
"[-3.948888690933938, 0.02833429928330847, -0.028334299283322956, -0.29532718355704285]",46.04885341132258,3.0111513378079255
"[-4.220397741673801, 0.5490648759610919, -0.549064875961111, -0.2418259649521559]",46.468583524411365,3.0142945020436334
"[-0.4836180226538718, 1.0741505480979099, -1.074150548097914, 0.03193738478669874]",42.4933688303049,3.017437666279341
"[-2.592564927851347, -0.299892884803823, 0.2998928848038121, -0.391867756483665]",50.9939184666372,3.0205808305150486
"[-5.644391639097326, 0.2624643360730234, -0.2624643360730695, -0.21073943344067675]",50.62255404629326,3.0237239947507564
"[-2.6229198463359586, -0.22220987764067482, 0.22220987764067204, -0.3971899877832833]",47.66058505148853,3.0300103232221716
"[-7.022125389546508, 0.8333014536367487, -0.8333014536369712, -0.1280144941722396]",45.97355822037792,3.0331534874578794
"[-0.16195749881098465, -0.9985157677918838, 0.9985157677918833, 0.10112884827394847]",46.08897034472407,3.036296651693587
"[-5.5727667413840205, 1.095179246738824, -1.0951792467391182, -0.10927805138496655]",47.57456783535802,3.0425829801650024
"[-4.659488663411482, 1.011594684162376, -1.0115946841623908, -0.14311547982585454]",45.92490040498556,3.0488693086364176
"[-0.48022174499449327, -0.7319373637264958, 0.7319373637264907, 0.01894925274534778]",45.73947143353829,3.0520124728721254
"[0.6767488363969444, -0.29321326195239533, 0.29321326195238817, 1.9009792645360335]",47.61272899514436,3.0551556371078328
"[0.6505927611796658, 0.03240199252417778, -0.03240199252372046, 4.132220995179377]",44.71832825035963,3.0582988013435406
"[-1.0531768964354578, 1.3060228643624854, -1.3060228643625027, 0.06770334981439166]",46.16303866287586,3.0614419655792484
"[-0.6226650974072624, 1.0565293219808143, -1.0565293219808165, -0.030698866435281552]",49.119276213488995,3.064585129814956
"[0.3004130565690029, -0.5346563364829293, 0.5346563364829289, 0.8326597917433278]",48.004886173596915,3.0677282940506636
"[0.5655014615069048, -0.8934841970497578, 0.8934841970497481, 0.9717278052839985]",47.58129007914809,3.070871458286371
"[-0.7979420597859251, -1.0201207933472258, 1.0201207933472205, -0.10835375170762758]",48.40280303921781,3.074014622522079
"[-1.8676592342529033, -0.691342939047473, 0.6913429390474587, -0.36501039840182986]",48.38616947457336,3.077157786757786
"[-2.6494950423745385, -0.4885265704836452, 0.48852657048357745, -0.3553198424149777]",48.25547372615619,3.080300950993494
"[-3.28392187506408, -0.36980324263901065, 0.36980324263899633, -0.32104015881368125]",48.14018545410081,3.0834441152292014
"[-3.830886294612889, -0.2870606159696526, 0.2870606159696492, -0.2915625416274162]",48.046806179025594,3.086587279464909
"[-4.317797854702948, -0.22328851180226697, 0.22328851180225567, -0.267916207588464]",47.969502763217115,3.089730443700617
"[-4.759742064948311, -0.1711633656099357, 0.17116336560993112, -0.2487931575527316]",47.903757782164334,3.0928736079363244
"[-5.166118413189167, -0.1269281752409261, 0.1269281752408973, -0.23303762050353644]",47.84657603601983,3.096016772172032
"[-5.543287577971004, -0.08840843516274098, 0.08840843516274088, -0.2198166689074963]",47.79594824865474,3.0991599364077396
"[-5.89581358269984, -0.05423332715733276, 0.05423332715733076, -0.20854284937654438]",47.750480499166486,3.1023031006434474
"[-6.2271156982280065, -0.02348254875522626, 0.023482548755214282, -0.1987964828288164]",47.709172665749556,3.105446264879155
"[-6.53984161784381, 0.004492194932437225, -0.004492194932449502, -0.1902715082891581]",47.67128546628189,3.1085894291148626
"[-6.836096321028742, 0.030165272319927244, -0.030165272319950573, -0.18273989949295594]",47.636258170294624,3.1117325933505704
"[-7.117590890760096, 0.05389472384838184, -0.05389472384839168, -0.17602829915083393]",47.6036558560678,3.114875757586278
"[-7.3857402104199705, 0.07595764573873251, -0.07595764573887875, -0.17000252088890053]",47.573134815349775,3.1180189218219856
"[-7.641731821133351, 0.09657309066117206, -0.0965730906612177, -0.16455699441405153]",47.54441892229021,3.1211620860576934
"[-7.8865756436309535, 0.11591741371445015, -0.115917413714508, -0.1596074378632192]",47.51728311677932,3.124305250293401
"[-8.121140710615993, 0.13413487026964008, -0.1341348702696442, -0.15508567193771994]",47.49154157684437,3.1274484145291086
"[-8.34618165830207, 0.15134503690808623, -0.1513450369083132, -0.15093590419042238]",47.46703920699199,3.1305915787648164
"[-8.562359277213645, 0.16764821199128296, -0.16764821199150953, -0.14711199771208391]",47.44364528112075,3.133734743000524
"[-8.770256998460694, 0.18312944624021035, -0.1831294462406601, -0.1435754282765861]",47.421248594024675,3.1368779072362316
"[-8.970393176571685, 0.1978615221787941, -0.19786152217884143, -0.14029375403696276]",47.39975382347149,3.1400210714719394
"[-9.163231235223405, 0.21190725667982083, -0.2119072566799927, -0.1372394382187033]",47.37907864505481,3.1431642357076472
"[-9.349188756539656, 0.22532135009484913, -0.2253213500948778, -0.1343889239577116]",47.35915143789234,3.1463073999433546
"[-9.528641961057444, 0.23815162768135387, -0.23815162768165649, -0.1317219548541651]",47.339909665951666,3.149450564179062
"[-9.701933556951204, 0.25044032198580635, -0.25044032198583815, -0.12922097413823633]",47.321298244710135,3.1525937284147703
"[-9.869376013621757, 0.26222487180231724, -0.26222487180234194, -0.12687069416958763]",47.3032685064886,3.1557368926504776
"[-10.031254621853494, 0.27353859306891953, -0.2735385930689549, -0.12465774330277689]",47.28577729538855,3.158880056886185
"[-10.187832441031226, 0.28441139164777707, -0.28441139164778334, -0.12257034693075873]",47.26878604942508,3.1620232211218933
"[-10.339351460459957, 0.2948701404421042, -0.29487014044215126, -0.1205981081079184]",47.252260295302115,3.1651663853576006
"[-10.486036126228756, 0.30493916697931517, -0.30493916697937296, -0.1187317929475828]",47.23616899586,3.168309549593308
"[-10.628094207996476, 0.31464051316304703, -0.31464051316308755, -0.11696318078545223]",47.22048419451475,3.1714527138290163
"[-10.765718998890652, 0.3239942527227911, -0.3239942527228321, -0.11528492043188021]",47.205180589070984,3.1745958780647237
"[-10.899091284456865, 0.3330187638181561, -0.3330187638181844, -0.11369040937648704]",47.19023518229674,3.177739042300431
"[-11.02837940093198, 0.34173084950207433, -0.34173084950211846, -0.11217371163015069]",47.17562708852576,3.1808822065361384
"[-11.153741405954806, 0.35014598305667166, -0.35014598305669586, -0.11072946277460739]",47.16133721552389,3.1840253707718467
"[-11.275325806241145, 0.35827844000455644, -0.358278440004571, -0.10935280321058678]",47.14734808929772,3.187168535007554
"[-11.393272371071028, 0.3661414236135088, -0.36614142361355667, -0.10803931893749917]",47.13364366711503,3.1903116992432614
"[-11.507712227044921, 0.37374713229174134, -0.3737471322918139, -0.10678499742465156]",47.12020926155491,3.1934548634789692
"[-11.618770346683874, 0.38110697739030225, -0.38110697739038407, -0.10558616332243695]",47.10703123554237,3.196598027714677
"[-11.726563794180745, 0.38823151162164177, -0.388231511621689, -0.10443946588654583]",47.0940970896798,3.1997411919503844
"[-11.831204137083441, 0.3951306280839962, -0.3951306280840204, -0.10334182516576447]",47.081395207296836,3.2028843561860922
"[-11.932796955121951, 0.4018135614629084, -0.40181356146293407, -0.10229041340262511]",47.06891484564237,3.2060275204218
"[-12.03144258937434, 0.40828896702831036, -0.4082889670283553, -0.10128262614668344]",47.056646017226974,3.2091706846575074
"[-12.127236787452825, 0.4145649887573038, -0.41456498875738274, -0.1003160573550325]",47.04457941774286,3.2123138488932153
"[-12.22027048695033, 0.42064926774035793, -0.420649267740423, -0.09938848550767204]",47.032706388574624,3.2154570131289226
"[-12.310630325750196, 0.42654899561497067, -0.42654899561505677, -0.09849785417168602]",47.021018868462605,3.2186001773646304
"[-12.398399208487167, 0.43227096911049073, -0.4322709691105079, -0.09764225387270199]",47.009509300190274,3.2217433416003383
"[-12.483656438705179, 0.43782161410889164, -0.4378216141088994, -0.09681990978380037]",46.99817060500655,3.2248865058360456
"[-12.566477845257328, 0.4432070076181434, -0.4432070076182195, -0.09602917066180812]",46.9869961578996,3.228029670071753
"[-12.6469357951187, 0.44843289086050847, -0.44843289086052396, -0.09526849990331504]",46.97597975350331,3.2311728343074613
"[-12.725100094602304, 0.4535047386839538, -0.45350473868400965, -0.09453645919057352]",46.96511553273874,3.2343159985431686
"[-12.801037446814105, 0.4584277339679823, -0.4584277339679943, -0.09383170669420164]",46.954397996775384,3.237459162778876
"[-12.874812093934553, 0.4632068179592377, -0.4632068179592469, -0.093152984801449]",46.94382195567389,3.2406023270145843
"[-12.946485573817236, 0.467846682228398, -0.46784668222839926, -0.09249911678054273]",46.933382531333955,3.2437454912502917
"[-13.016117114686454, 0.4723518011910852, -0.47235180119111564, -0.09186899809304558]",46.92307510722645,3.246888655485999
"[-13.083763857705609, 0.4767264527254435, -0.4767264527254611, -0.09126158987388998]",46.912895315843265,3.2500318197217073
"[-13.149480729291634, 0.4809747155126123, -0.480974715512681, -0.09067591600989253]",46.90283903062207,3.2531749839574147
"[-13.213320839975196, 0.48510049987901444, -0.4851004998790445, -0.09011105587999281]",46.892902326017634,3.256318148193122
"[-13.275335206249762, 0.48910753437311255, -0.4891075343731311, -0.0895661434911218]",46.883081497783664,3.2594613124288294
"[-13.335573129451651, 0.49299939437327445, -0.4929993943733525, -0.08904036108001097]",46.873373027397015,3.2626044766645377
"[-13.394082325416893, 0.4967795141854168, -0.4967795141854265, -0.08853293525620551]",46.86377355880359,3.265747640900245
"[-13.450908708696572, 0.5004511764753368, -0.5004511764753475, -0.08804313637885576]",46.85427991981408,3.2688908051359524
"[-13.50609670191481, 0.5040175353137194, -0.5040175353137538, -0.0875702735826227]",46.844889085857446,3.2720339693716607
"[-13.559689546854075, 0.5074816390606167, -0.507481639060684, -0.08711369006714699]",46.835598148229046,3.275177133607368
"[-13.611728629416845, 0.510846389262006, -0.5108463892620521, -0.08667276696786567]",46.826404380616054,3.2783202978430754
"[-13.662254321731695, 0.5141145973717136, -0.5141145973717982, -0.08624691443657953]",46.8173051503142,3.2814634620787837
"[-13.711305802133653, 0.5172889752268618, -0.5172889752269189, -0.0858355716303173]",46.80829793140523,3.284606626314491
"[-13.758920603089193, 0.5203721076861498, -0.5203721076862089, -0.08543820903459526]",46.79938036021405,3.2877497905501984
"[-13.805135529569645, 0.5233665138014943, -0.5233665138015267, -0.08505431943410918]",46.790550127345675,3.2908929547859067
"[-13.849986091445047, 0.526274611674172, -0.5262746116741838, -0.08468342145536457]",46.781805045059485,3.294036119021614
"[-13.893506807113596, 0.5290987395684844, -0.529098739568533, -0.08432505591224551]",46.77314300390634,3.2971792832573215
"[-13.93573100905772, 0.5318411446167881, -0.5318411446168383, -0.08397878637480952]",46.76456200441334,3.3003224474930297
"[-13.976691200714152, 0.534504007186091, -0.5345040071861825, -0.08364419527997519]",46.75606011068446,3.303465611728737
"[-14.016418968680926, 0.5370894363111366, -0.5370894363111514, -0.08332088379024306]",46.747635463964265,3.3066087759644445
"[-14.05494483686283, 0.5395994612048747, -0.5395994612049632, -0.0830084721666125]",46.73928629315199,3.3097519402001523
"[-14.09229853586799, 0.5420360497048576, -0.5420360497049799, -0.0827065968242306]",46.73101089140501,3.31289510443586
"[-14.128509103239832, 0.5444011156957722, -0.5444011156958448, -0.08241490884547337]",46.72280760043491,3.3160382686715675
"[-14.163604469211782, 0.5466964928349319, -0.5466964928349503, -0.08213307667915332]",46.71467485538601,3.3191814329072753
"[-14.197612064046302, 0.5489239749292845, -0.5489239749293647, -0.08186078065587735]",46.70661111964537,3.322324597142983
"[-14.230558415234475, 0.5510852902717126, -0.5510852902717753, -0.08159771568315241]",46.69861493189009,3.3254677613786905
"[-14.26246934197237, 0.5531821149433261, -0.5531821149433627, -0.08134358917271872]",46.690684884931805,3.3286109256143983
"[-14.29337007441722, 0.5552160812173305, -0.5552160812173713, -0.08109811962412206]",46.68281960319055,3.3317540898501057
"[-14.323284966335956, 0.5571887591520281, -0.5571887591520701, -0.08086103847125344]",46.67501778591069,3.3348972540858135
"[-14.352237921616222, 0.5591016851234752, -0.5591016851234898, -0.08063208628795873]",46.66727815749375,3.338040418321521
"[-14.380252125933788, 0.5609563445842063, -0.5609563445842328, -0.08041101454217847]",46.65959948832085,3.3411835825572287
"[-14.407350142710138, 0.5627541787539703, -0.5627541787541276, -0.08019758448138364]",46.651980599421165,3.344326746792936
"[-14.433553955872963, 0.564496587798318, -0.5644965877983181, -0.07999156646819912]",46.64442034470579,3.347469911028644
"[-14.458885052391997, 0.5661849366523888, -0.566184936652395, -0.0797927390288748]",46.63691761098013,3.3506130752643517
"[-14.483364258146523, 0.5678205443851443, -0.5678205443851595, -0.07960088985873108]",46.62947133581412,3.353756239500059
"[-14.507011909965593, 0.569404695903407, -0.5694046959034567, -0.0794158142054469]",46.62208047908546,3.3568994037357665
"[-14.52984791314676, 0.5709386460914225, -0.5709386460914282, -0.0792373141753237]",46.614744024426805,3.3600425679714747
"[-14.55189151137338, 0.5724236045819168, -0.5724236045819403, -0.07906520030198641]",46.60746101304194,3.363185732207182
"[-14.573161529570509, 0.5738607522219694, -0.5738607522220488, -0.07889928943126923]",46.600230501918375,3.3663288964428895
"[-14.593676411065092, 0.5752512438302902, -0.5752512438303838, -0.07873940423383287]",46.59305156537812,3.3694720606785977
"[-14.613454033995, 0.5765961959437736, -0.5765961959438467, -0.07858537444939667]",46.58592331997845,3.372615224914305
"[-14.632511828084773, 0.5778966948136999, -0.5778966948137381, -0.07843703579986941]",46.57884490897013,3.3757583891500125
"[-14.650866906076308, 0.5791538055333195, -0.5791538055333766, -0.07829422880347248]",46.57181548815885,3.3789015533857207
"[-14.668535833304333, 0.5803685564171083, -0.5803685564171996, -0.07815680041507526]",46.56483424870266,3.382044717621428
"[-14.68553484169459, 0.5815419537215554, -0.5815419537215994, -0.0780246022176055]",46.55790039878242,3.3851878818571355
"[-14.701879787539978, 0.5826749788907692, -0.5826749788908003, -0.07789749061690697]",46.55101316712704,3.3883310460928437
"[-14.717585998415096, 0.5837685779723806, -0.5837685779724906, -0.0777753279068843]",46.54417182338994,3.391474210328551
"[-14.732668669612064, 0.584823689236128, -0.5848236892361902, -0.07765797906889671]",46.537375620665394,3.3946173745642585
"[-14.747142406754705, 0.5858412113873851, -0.5858412113874604, -0.07754531521958247]",46.53062386829442,3.3977605387999668
"[-14.761021609006958, 0.5868220303549131, -0.5868220303549421, -0.07743721052684639]",46.523915869412654,3.400903703035674
"[-14.77432022220824, 0.5877670019954166, -0.5877670019954344, -0.07733354403516413]",46.517250966441175,3.4040468672713815
"[-14.78705199726875, 0.5886769704108744, -0.588676970410914, -0.07723419756212173]",46.510628490654014,3.4071900315070898
"[-14.799230241651308, 0.5895527503264472, -0.589552750326622, -0.07713905755088067]",46.5040478156031,3.410333195742797
"[-14.810867968326514, 0.5903951376441207, -0.590395137644208, -0.07704801383076808]",46.4975083243886,3.4134763599785045
"[-14.8219779137436, 0.591204910792214, -0.5912049107922557, -0.07696095940175503]",46.491009413734226,3.416619524214212
"[-14.832572490174359, 0.591982827278441, -0.5919828272785053, -0.07687779073775805]",46.48455049395098,3.41976268844992
"[-14.842663863826079, 0.5927296294032091, -0.5927296294032511, -0.07679840710871921]",46.478130983881115,3.4229058526856275
"[-14.852263860261194, 0.5934460372830845, -0.5934460372831053, -0.07672271126262863]",46.47175032755752,3.426049016921335
"[-14.861384021897226, 0.5941327529855537, -0.5941327529856073, -0.0766506089191506]",46.46540798536129,3.429192181157043
"[-14.87003568320292, 0.594790466197576, -0.594790466197699, -0.07658200812086545]",46.45910341658665,3.4323353453927505
"[-14.878229859550798, 0.5954198458290852, -0.5954198458291534, -0.07651682006193461]",46.45283610134293,3.435478509628458
"[-14.885977353821811, 0.5960215480579748, -0.5960215480580386, -0.07645495819676303]",46.446605525376086,3.438621673864166
"[-14.893288667839998, 0.596596209460986, -0.5965962094610833, -0.07639633890178368]",46.4404112008467,3.4417648380998735
"[-14.900174103868693, 0.5971444548289808, -0.5971444548290191, -0.076340880624918]",46.4342526332709,3.444908002335581
"[-14.906643692831667, 0.5976668914843603, -0.5976668914843772, -0.07628850442262582]",46.428129355635505,3.4480511665712887
"[-14.912707279325064, 0.5981641160259454, -0.5981641160260558, -0.07623913323837136]",46.422040887956605,3.4511943308069966
"[-14.918374415175043, 0.5986367055930041, -0.5986367055930757, -0.0761926927341448]",46.41598679477422,3.454337495042704
"[-14.923654486090692, 0.5990852281344682, -0.5990852281345331, -0.07614911023021681]",46.40996662115196,3.4574806592784117
"[-14.928556648489689, 0.5995102372015272, -0.5995102372016468, -0.07610831518909783]",46.4039799309086,3.460623823514119
"[-14.933089825131807, 0.5999122713324541, -0.5999122713325143, -0.07607023923134415]",46.39802630929487,3.463766987749827
"[-14.937262774181132, 0.6002918600243781, -0.6002918600244697, -0.07603481553352759]",46.39210532197074,3.4669101519855348
"[-14.941084017690654, 0.6006495173046652, -0.6006495173047436, -0.07600197940600663]",46.38621657370844,3.470053316221242
"[-14.94456189587855, 0.6009857464220671, -0.6009857464220726, -0.07597166781709667]",46.38035966201973,3.4731964804569495
"[-14.94770456460326, 0.6013010396225449, -0.6013010396225879, -0.07594381939094785]",46.37453419314226,3.4763396446926578
"[-14.950519973052907, 0.6015958757303299, -0.6015958757304175, -0.0759183745904556]",46.36873979186105,3.479482808928365
"[-14.953015917181876, 0.6018707254632154, -0.601870725463282, -0.0758952752248337]",46.36297607048276,3.4826259731640725
"[-14.955199989009063, 0.6021260459798792, -0.6021260459800091, -0.07587446489407568]",46.35724266890064,3.485769137399781
"[-14.957079618083265, 0.602362285058095, -0.6023622850581436, -0.07585588860242176]",46.351539223796486,3.488912301635488
"[-14.958662065200073, 0.6025798803608845, -0.6025798803609731, -0.07583949280089954]",46.34586538048127,3.4920554658711955
"[-14.959954418002587, 0.602779258463084, -0.6027792584630947, -0.07582522543148539]",46.340220796737476,3.495198630106903
"[-14.960963611047589, 0.6029608373776648, -0.6029608373777758, -0.07581303571327748]",46.334605130616616,3.498341794342611
"[-14.961696417771801, 0.6031250253351117, -0.6031250253351675, -0.0758028742159727]",46.329018041772045,3.5014849585783185
"[-14.962159453864537, 0.6032722206954947, -0.6032722206955535, -0.0757946928336761]",46.32345920642267,3.504628122814026
"[-14.962359184666784, 0.603402812410099, -0.6034028124101765, -0.07578844471798235]",46.31792830962962,3.507771287049734
"[-14.962301930147447, 0.6035171817086522, -0.6035171817087875, -0.07578408417376153]",46.312425026491084,3.5109144512854416
"[-14.96199386460913, 0.6036157000681053, -0.6036157000681874, -0.07578156673157806]",46.306949057472366,3.514057615521149
"[-14.961441019801523, 0.603698731258917, -0.6036987312589193, -0.07578084903924516]",46.30150008710445,3.517200779756857
"[-14.96064929369066, 0.6037666300251291, -0.6037666300251734, -0.07578188886335563]",46.29607782708025,3.5203439439925646
"[-14.95962444245887, 0.6038197437687014, -0.6038197437687561, -0.07578464504996925]",46.29068197423739,3.523487108228272
"[-14.958372099496055, 0.6038584113697812, -0.6038584113697966, -0.0757890774726869]",46.285312254524364,3.52663027246398
"[-14.956897760194966, 0.6038829644229563, -0.6038829644230338, -0.07579514704712728]",46.27996837239681,3.5297734366996876
"[-14.955206800528426, 0.603893726763671, -0.6038937267637151, -0.07580281565340381]",46.27465005882188,3.532916600935395
"[-14.953304466016855, 0.6038910149225414, -0.6038910149225658, -0.07581204616333376]",46.269357032338924,3.536059765171103
"[-14.951195894375887, 0.6038751382512365, -0.6038751382512514, -0.07582280231998331]",46.264089034338305,3.5392029294068106
"[-14.948886092290163, 0.6038463990438393, -0.6038463990439773, -0.0758350488377521]",46.25884579414814,3.542346093642518
"[-14.946379955941003, 0.603805092710721, -0.6038050927107895, -0.07584875129097225]",46.25362705524086,3.545489257878226
"[-14.943682271781574, 0.603751508008093, -0.6037515080081294, -0.07586387609529145]",46.24843256163941,3.5486324221139336
"[-14.940797720394112, 0.6036859272635493, -0.60368592726361, -0.0758803904747991]",46.24326206950586,3.551775586349641
"[-14.937730850283007, 0.6036086258100375, -0.6036086258100795, -0.07589826260605545]",46.238115320701546,3.5549187505853492
"[-14.93448613448289, 0.6035198734030951, -0.6035198734031411, -0.07591746128418274]",46.23299208180347,3.5580619148210566
"[-14.931067924222749, 0.6034199332083853, -0.6034199332084483, -0.0759379561823148]",46.22789210923663,3.561205079056764
"[-14.927480486041626, 0.6033090628664137, -0.6033090628665004, -0.07595971762607456]",46.22281517699739,3.5643482432924714
"[-14.92372796639975, 0.6031875135076142, -0.6031875135076774, -0.07598271680013458]",46.21776104423678,3.5674914075281796
"[-14.919814430988708, 0.6030555310078668, -0.6030555310079301, -0.07600692550477449]",46.21272948954603,3.570634571763887
"[-14.915743847878023, 0.6029133555482228, -0.602913355548262, -0.07603231625167135]",46.20772028860866,3.5737777359995944
"[-14.911520098125855, 0.6027612220288959, -0.6027612220289101, -0.07605886219306586]",46.202733227660076,3.576920900235302
"[-14.907146942162905, 0.6025993588791921, -0.6025993588792626, -0.07608653732960073]",46.197768076553224,3.58006406447101
"[-14.902628089532143, 0.6024279906378975, -0.6024279906379557, -0.0761153160667112]",46.192824630474924,3.5832072287067174
"[-14.89796715670087, 0.6022473365085279, -0.6022473365085644, -0.07614517347434152]",46.18790268408943,3.586350392942425
"[-14.893167667064581, 0.6020576103628462, -0.6020576103629032, -0.0761760852848048]",46.183002026365926,3.5894935571781326
"[-14.888233044240536, 0.601859020470858, -0.6018590204708613, -0.07620802793445705]",46.178122451962274,3.5926367214138404
"[-14.883166673607047, 0.6016517720166983, -0.6016517720167623, -0.07624097816198117]",46.17326376869474,3.595779885649548
"[-18.586083498888655, 0.5804054282135032, -0.5804054282135199, -0.0623959865833702]",52.47647994956611,3.5989230498852556
"[-18.579308162108173, 0.5801671606326853, -0.5801671606327025, -0.062425222769333454]",52.47168272603177,3.602066214120963
"[-18.572358769631503, 0.5799204600575241, -0.5799204600576188, -0.06245530073560646]",52.46690636060039,3.605209378356671
"[-18.565239535515467, 0.5796655187279146, -0.5796655187280777, -0.06248620229201639]",52.46215064738015,3.6083525425923786
"[-18.557954631826618, 0.5794025264623962, -0.579402526462684, -0.06251790944929744]",52.45741539483395,3.611495706828086
"[-18.550508116403922, 0.5791316681235319, -0.5791316681236044, -0.06255040472954018]",52.452700410529076,3.6146388710637942
"[-18.542903892396097, 0.5788531221227752, -0.5788531221228509, -0.06258367134283324]",52.44800549505276,3.6177820352995016
"[-18.535145855071313, 0.5785670657990428, -0.5785670657990856, -0.06261769254426537]",52.4433304714486,3.620925199535209
"[-18.527237753287206, 0.5782736703807898, -0.5782736703807927, -0.06265245223772933]",52.43867514773389,3.6240683637709172
"[-18.519183265835714, 0.5779731037960736, -0.5779731037960956, -0.06268793464078806]",52.434039347804884,3.6272115280066246
"[-18.510985932595002, 0.5776655281186006, -0.5776655281186124, -0.062724124586864]",52.42942287992969,3.630354692242332
"[-18.5026493321255, 0.5773511062470553, -0.5773511062470938, -0.0627610067400882]",52.42482558570271,3.6334978564780402
"[-18.494176812598248, 0.5770299918129954, -0.5770299918130052, -0.062798566782769]",52.4202472773674,3.6366410207137476
"[-18.485571760512904, 0.5767023393146392, -0.5767023393148664, -0.06283679022635733]",52.41568778897288,3.639784184949455
"[-18.47683734355, 0.5763682943788038, -0.5763682943788992, -0.06287566355098034]",52.41114694651988,3.6429273491851624
"[-18.467976808764632, 0.5760280051325601, -0.5760280051328376, -0.06291517287987693]",52.40662459070246,3.6460705134208706
"[-18.458993205361246, 0.5756816116308057, -0.5756816116308875, -0.06295530521173819]",52.40212055225678,3.649213677656578
"[-18.449889564196862, 0.5753292527322819, -0.5753292527323896, -0.06299604762124104]",52.39763467104777,3.6523568418922854
"[-18.440668830461565, 0.5749710635336762, -0.5749710635336801, -0.06303738755834823]",52.393166788108324,3.6555000061279936
"[-18.431333864241616, 0.5746071753901676, -0.5746071753904337, -0.06307931284599334]",52.38871674575144,3.658643170363701
"[-18.421887459208236, 0.5742377166499699, -0.5742377166500385, -0.0631218115960977]",52.38428438780008,3.6617863345994084
"[-18.412332325948217, 0.573862812007722, -0.5738628120077661, -0.06316487228446685]",52.379869560148066,3.6649294988351167
"[-18.40267118885638, 0.5734825863255126, -0.5734825863255175, -0.06320848331334919]",52.37547212125536,3.668072663070824
"[-18.392906531377513, 0.5730971546160614, -0.5730971546160719, -0.06325263416117581]",52.37109190578468,3.6712158273065314
"[-18.383040964477523, 0.5727066365571285, -0.5727066365571589, -0.0632973137188485]",52.36672878376148,3.6743589915422397
"[-18.37307690287924, 0.5723111437357722, -0.5723111437365128, -0.06334251175251987]",52.36238259948597,3.677502155777947
"[-18.363016799203383, 0.5719107889168109, -0.5719107889168957, -0.06338821784373541]",52.35805322089917,3.6806453200136544
"[-18.35286291718871, 0.571505677034261, -0.571505677034348, -0.0634344224188928]",52.353740496054485,3.6837884842493627
"[-18.342617578303543, 0.571095915015606, -0.5710959150156865, -0.06348111562889133]",52.34944429447706,3.68693164848507
"[-18.332282969356235, 0.570681604119082, -0.5706816041191393, -0.06352828822408592]",52.3451644746444,3.6900748127207774
"[-18.321861332739356, 0.5702628475565706, -0.5702628475565753, -0.06357593068677196]",52.34090091252844,3.6932179769564852
"[-18.311354624117545, 0.5698397367485805, -0.5698397367487271, -0.06362403479592722]",52.33665345591597,3.696361141192193
"[-18.300764980833666, 0.5694123701527293, -0.5694123701527474, -0.06367259148599992]",52.332421987329525,3.6995043054279004
"[-18.290094439749883, 0.5689808419458054, -0.5689808419458217, -0.06372159213577762]",52.32820637961591,3.7026474696636082
"[-18.27934484242803, 0.568545238162223, -0.5685452381622628, -0.0637710290066583]",52.32400649541301,3.7057906338993156
"[-18.26851811158793, 0.5681056478762474, -0.5681056478762655, -0.06382089397360306]",52.319822212935506,3.7089337981350234
"[-18.25761611274679, 0.5676621576246927, -0.5676621576247615, -0.06387117915963761]",52.31565340944861,3.7120769623707313
"[-18.246640577316438, 0.5672148482707854, -0.5672148482707919, -0.06392187729192463]",52.311499959034315,3.7152201266064386
"[-18.23559326353132, 0.5667638015519137, -0.5667638015519794, -0.06397298096003282]",52.30736174058765,3.718363290842146
"[-18.224475917576473, 0.5663090985201874, -0.5663090985202062, -0.06402448279399582]",52.30323864415868,3.721506455077854
"[-18.213290055405945, 0.5658508106099686, -0.5658508106101301, -0.06407637647650523]",52.29913053426624,3.7246496193135616
"[-18.202037381211966, 0.565389016766488, -0.5653890167666595, -0.064128654803869]",52.295037309957586,3.727792783549269
"[-18.19071940644256, 0.5649237878539156, -0.5649237878539553, -0.06418131145250396]",52.29095884957615,3.7309359477849764
"[-18.179337647954085, 0.5644551947731059, -0.5644551947731126, -0.06423434006043173]",52.28689504167276,3.7340791120206847
"[-18.167893558410924, 0.5639833056086458, -0.5639833056086854, -0.06428773455106795]",52.28284577244927,3.737222276256392
"[-18.15638854285361, 0.5635081863090738, -0.5635081863090972, -0.06434148905694027]",52.27881093100794,3.7403654404920994
"[-18.144824025487072, 0.5630299034515298, -0.563029903451601, -0.06439559760766231]",52.274790413315166,3.7435086047278077
"[-18.133201286044294, 0.562548517480203, -0.5625485174802684, -0.06445005489566799]",52.270784105683795,3.746651768963515
"[-18.121521669077637, 0.5620640913634578, -0.5620640913639606, -0.06450485529749]",52.26679190454864,3.7497949331992224
"[-18.109786426752017, 0.56157668409468, -0.5615766840948322, -0.06455999360992414]",52.26281370498155,3.7529380974349307
"[-18.097996737794148, 0.561086351463242, -0.5610863514633339, -0.064615464963214]",52.25884940121535,3.756081261670638
"[-18.08615384299836, 0.5605931516971582, -0.5605931516972351, -0.06467126418372089]",52.25489889354205,3.7592244259063454
"[-18.074258878762404, 0.5600971385443997, -0.5600971385444854, -0.06472738657719973]",52.25096208388225,3.7623675901420537
"[-18.06231292398539, 0.5595983632155631, -0.5595983632156577, -0.06478382770981292]",52.24703886375348,3.765510754377761
"[-18.050317114043292, 0.5590968791475335, -0.5590968791476331, -0.06484058286975765]",52.24312914429759,3.7686539186134684
"[-18.03827244940385, 0.5585927340129812, -0.5585927340130836, -0.0648976479721725]",52.239232822707876,3.7717970828491767
"[-18.02617992797079, 0.5580859752454219, -0.5580859752455654, -0.0649550189346554]",52.235349802081814,3.774940247084884
"[-18.014040557399944, 0.5575766505658182, -0.5575766505658524, -0.06501269161821852]",52.231479993260436,3.7780834113205914
"[-18.00185525234842, 0.557064803674958, -0.5570648036750229, -0.06507066231562697]",52.22762329628503,3.7812265755562997
"[-17.98962497279503, 0.5565504800608976, -0.5565504800610179, -0.06512892709448634]",52.22377962362066,3.784369739792007
"[-17.97735050715811, 0.556033717881916, -0.5560337178820682, -0.06518748283063454]",52.21994887751163,3.7875129040277145
"[-17.96503282397617, 0.5555145627652953, -0.5555145627653463, -0.06524632553212513]",52.21613097666283,3.7906560682634227
"[-17.95267266186972, 0.5549930505463601, -0.5549930505464526, -0.0653054522957011]",52.212325825058045,3.79379923249913
"[-17.94027084959767, 0.5544692207504073, -0.5544692207504217, -0.06536485977968672]",52.20853333864695,3.7969423967348375
"[-17.92782814422371, 0.5539431097730351, -0.5539431097731846, -0.06542454497745821]",52.20475342887978,3.800085560970545
"[-17.915345260377432, 0.5534147521118412, -0.5534147521119294, -0.06548450507870784]",52.20098600892715,3.803228725206253
"[-17.902822913620632, 0.5528841822011197, -0.5528841822011797, -0.06554473726176957]",52.19723099540763,3.8063718894419605
"[-17.890261831784386, 0.5523514349007038, -0.5523514349007536, -0.06560523863854512]",52.193488306984634,3.809515053677668
"[-17.87766261627157, 0.551816539613328, -0.5518165396133594, -0.06566600692317406]",52.18975785753695,3.812658217913376
"[-17.865025899351277, 0.5512795269519302, -0.5512795269519946, -0.06572703967565525]",52.18603956352702,3.8158013821490835
"[-17.852352335640646, 0.5507404283898666, -0.5507404283899123, -0.06578833434171827]",52.18233335252922,3.818944546384791
"[-17.839642474438023, 0.5501992708323526, -0.5501992708324407, -0.06584988887050346]",52.178639138066046,3.8220877106204987
"[-17.82689682257502, 0.5496560792811104, -0.5496560792811371, -0.06591170141271872]",52.174956840023015,3.8252308748562065
"[-17.814115992559213, 0.5491108831530784, -0.5491108831531663, -0.06597376960186341]",52.17128638558951,3.828374039091914
"[-17.801300450055965, 0.5485637055206083, -0.5485637055206429, -0.0660360917792502]",52.16762769736933,3.8315172033276217
"[-17.788450712609617, 0.5480145715831047, -0.5480145715831783, -0.06609866603029055]",52.163980697220865,3.834660367563329
"[-17.775567220754642, 0.5474635031671142, -0.547463503167252, -0.06616149081143083]",52.1603453119968,3.837803531799037
"[-17.762650413616967, 0.5469105219542021, -0.5469105219542115, -0.06622456458307191]",52.15672146531339,3.8409466960347447
"[-17.749700699532955, 0.5463556482249721, -0.5463556482250834, -0.06628788595317839]",52.15310908664914,3.844089860270452
"[-17.73671854244968, 0.5457989045660971, -0.5457989045661178, -0.0663514532546963]",52.14950810331872,3.8472330245061594
"[-17.723704257284027, 0.5452403070957859, -0.5452403070958192, -0.06641526554761407]",52.14591844350401,3.8503761887418677
"[-17.710658261590066, 0.5446798762575217, -0.5446798762575661, -0.06647932138721349]",52.14234003782888,3.853519352977575
"[-17.697580842202235, 0.544117626804943, -0.5441176268049488, -0.06654361996857758]",52.13877281365008,3.8566625172132825
"[-17.684472317544977, 0.5435535747691401, -0.5435535747691992, -0.06660816033114829]",52.13521670391779,3.8598056814489907
"[-17.6713330393622, 0.5429877375429144, -0.5429877375430321, -0.06667294134893782]",52.13167164328014,3.862948845684698
"[-17.65816328885386, 0.5424201294115656, -0.5424201294117031, -0.06673796224238045]",52.128137563304506,3.8660920099204055
"[-17.644963294342457, 0.5418507623063997, -0.5418507623064551, -0.06680322249316985]",52.124614394447946,3.8692351741561137
"[-17.631733337632486, 0.5412796503918311, -0.5412796503919691, -0.0668687213189981]",52.12110207536061,3.872378338391821
"[-17.61847361082732, 0.5407068038904342, -0.540706803890469, -0.06693445838190495]",52.11760053729721,3.8755215026275285
"[-17.605184396546193, 0.5401322368644516, -0.5401322368644925, -0.06700043289594212]",52.114109721290674,3.878664666863236
"[-17.591865826078646, 0.5395559567665014, -0.5395559567666093, -0.06706664482705316]",52.11062956105532,3.881807831098944
"[-17.57851814836323, 0.5389779760688551, -0.5389779760689287, -0.0671330935581847]",52.107159995306695,3.8849509953346515
"[-17.56514144872303, 0.5383983000920791, -0.5383983000921702, -0.06719977928826469]",52.103700961962595,3.888094159570359
"[-17.551735978422087, 0.5378169412788657, -0.537816941278982, -0.06726670139140771]",52.100252403160674,3.891237323806067
"[-17.538301797039146, 0.5372339036967498, -0.5372339036968734, -0.06733386020011306]",52.09681425460785,3.8943804880417745
"[-17.52483902409256, 0.5366491939423168, -0.5366491939423919, -0.0674012557513117]",52.09338645800106,3.897523652277482
"[-17.511347791338693, 0.5360628190790594, -0.5360628190792199, -0.06746888802349921]",52.089968955023025,3.90066681651319
"[-17.49782822766455, 0.5354747859850881, -0.5354747859851468, -0.06753675701209506]",52.086561690928974,3.9038099807488975
"[-17.484280339556808, 0.5348850961492159, -0.534885096149242, -0.06760486333080994]",52.08316460384178,3.906953144984605
"[-17.470704252350597, 0.5342937561668963, -0.5342937561669356, -0.06767320700052985]",52.07977764171155,3.910096309220313
"[-17.457099949918145, 0.533700766410029, -0.5337007664100805, -0.06774178875827266]",52.076400742453174,3.9132394734560205
"[-17.443467565752744, 0.5331061337084538, -0.5331061337085206, -0.06781060859163014]",52.073033859562045,3.916382637691728
"[-17.42980705193986, 0.5325098569205702, -0.5325098569206845, -0.06787966740806142]",52.06967693329986,3.919525801927436
"[-17.41611844478267, 0.5319119385143356, -0.5319119385144517, -0.0679489656956133]",52.06632990893336,3.9226689661631435
"[-17.402401747296846, 0.531312379443846, -0.5313123794439112, -0.06801850411602062]",52.06299273913576,3.925812130398851
"[-17.388656937531312, 0.5307111795102218, -0.5307111795102357, -0.06808828346358024]",52.05966536566628,3.928955294634559
"[-17.374884022280202, 0.5301083397115033, -0.5301083397115168, -0.06815830439275647]",52.056347738994155,3.9320984588702665
"[-17.361082935083278, 0.5295038577796094, -0.5295038577796924, -0.06822856793678034]",52.053039811335736,3.935241623105974
"[-17.347253632552896, 0.5288977323945213, -0.5288977323947275, -0.06829907501881431]",52.049741528460245,3.9383847873416817
"[-17.33339604391551, 0.5282899609758189, -0.528289960975881, -0.06836982670890158]",52.04645283900484,3.9415279515773896
"[-17.31951014624369, 0.5276805429820378, -0.5276805429821013, -0.0684408238400562]",52.0431736995571,3.944671115813097
"[-17.305595864974634, 0.5270694755500822, -0.5270694755501649, -0.0685120675162015]",52.039904058313624,3.9478142800488043
"[-17.29165303714827, 0.5264567518725409, -0.5264567518725726, -0.06858355930269838]",52.03664386713954,3.950957444284512
"[-17.277681611236325, 0.5258423699763551, -0.5258423699764636, -0.06865530020277855]",52.03339307697476,3.95410060852022
"[-17.263681505146437, 0.5252263264904075, -0.5252263264907355, -0.06872729138414477]",52.03015164658027,3.9572437727559273
"[-17.249652615039732, 0.5246086170311186, -0.5246086170313318, -0.06879953413465126]",52.026919530364005,3.960386936991635
"[-17.23559470705259, 0.5239892314271065, -0.5239892314271724, -0.0688720304219545]",52.023696674063224,3.9635301012273425
"[-17.2215077402941, 0.523368167947839, -0.5233681679478589, -0.06894478122904456]",52.02048304189771,3.9666732654630503
"[-17.207391548484832, 0.5227454192827374, -0.522745419282786, -0.06901778819480532]",52.01727858670984,3.969816429698758
"[-17.193245945361568, 0.5221209771789598, -0.5221209771791077, -0.06909105307240289]",52.01408326156056,3.9729595939344655
"[-17.1790707822771, 0.5214948349851578, -0.5214948349851827, -0.0691645774310881]",52.01089702841923,3.9761027581701733
"[-17.16486591852624, 0.5208669863448081, -0.5208669863448872, -0.06923836280911143]",52.007719843688825,3.979245922405881
"[-17.150631109878802, 0.5202374202682211, -0.5202374202683239, -0.06931241129368333]",52.00455166248341,3.9823890866415885
"[-17.136366241127657, 0.5196061314130701, -0.5196061314130945, -0.06938672431263122]",52.00139244965521,3.985532250877296
"[-17.12207108719425, 0.5189731095209482, -0.5189731095209563, -0.06946130387680143]",51.99824215878913,3.988675415113004
"[-17.10774535164654, 0.5183383411108005, -0.5183383411108946, -0.06953615238290087]",51.995100748289445,3.9918185793487115
"[-17.093388976833435, 0.5177018232248991, -0.5177018232249617, -0.06961127099235707]",51.991968183866824,3.994961743584419
"[-17.07900166432551, 0.51706354217977, -0.5170635421798877, -0.06968666213702236]",51.98884442565739,3.998104907820127
"[-17.064583154539694, 0.5164234859518079, -0.5164234859518555, -0.06976232805998665]",51.985729431957076,4.0012480720558345
"[-17.050133277153762, 0.5157816464225125, -0.5157816464226056, -0.06983827054903885]",51.98262316695769,4.004391236291542
"[-17.035651734635998, 0.5151380097681614, -0.5151380097682468, -0.06991449207345993]",51.97952559316604,4.00753440052725
"[-17.02113833281161, 0.5144925666997113, -0.5144925666997429, -0.06999099457282688]",51.976436671933314,4.010677564762958
"[-17.00659277061088, 0.5138453031185786, -0.5138453031186796, -0.07006778056380396]",51.97335637060593,4.013820728998665
"[-16.99201481295712, 0.5131962078038009, -0.5131962078039083, -0.07014485222970564]",51.97028465083677,4.016963893234373
"[-16.977404192025762, 0.5125452680203494, -0.5125452680205373, -0.07022221194121529]",51.96722147650026,4.020107057470081
"[-16.962760567874895, 0.5118924677597947, -0.5118924677606075, -0.07029986246670533]",51.964166812781464,4.023250221705788
"[-16.948083769369234, 0.5112377984837602, -0.5112377984838958, -0.07037780569471347]",51.96112062845959,4.026393385941495
"[-16.933373388770725, 0.5105812410411079, -0.5105812410411567, -0.07045604478535573]",51.95808288604572,4.029536550177204
"[-16.918629243882876, 0.5099227862881958, -0.5099227862882232, -0.07053458171618461]",51.9550535542467,4.032679714412911
"[-16.903850992665163, 0.5092624178901776, -0.5092624178902454, -0.07061341933081589]",51.9520326005483,4.035822878648618
"[-16.889038310062972, 0.5086001202096722, -0.5086001202097262, -0.0706925603999927]",51.9490199932861,4.038966042884327
"[-16.87419085457998, 0.5079358768132813, -0.50793587681332, -0.07077200780005469]",51.946015697382094,4.042109207120034
"[-16.859308418209014, 0.5072696771834714, -0.5072696771836186, -0.07085176370964279]",51.943019685782076,4.045252371355741
"[-16.84439057991287, 0.5066015012117482, -0.5066015012118097, -0.07093183146564219]",51.94003192431713,4.04839553559145
"[-16.829437017642995, 0.5059313331575832, -0.5059313331578306, -0.0710122138935653]",51.93705238466407,4.051538699827157
"[-16.814447466862557, 0.5052591598031493, -0.5052591598032384, -0.07109291352706155]",51.93408103550684,4.054681864062864
"[-16.799421488984205, 0.5045849600660103, -0.5045849600660922, -0.07117393385529248]",51.93111784840163,4.057825028298573
"[-16.784358864806833, 0.503908722646891, -0.5039087226470399, -0.07125527720394847]",51.928162797071515,4.06096819253428
"[-16.769259177477693, 0.5032304273189457, -0.5032304273189986, -0.07133694698364997]",51.9252158514136,4.064111356769987
"[-16.75412206549193, 0.5025500562764835, -0.5025500562765695, -0.07141894632682107]",51.92227697975025,4.067254521005696
"[-16.738947168700218, 0.5018675917146093, -0.5018675917146118, -0.0715012783786863]",51.91934615850075,4.070397685241403
"[-16.723734191249456, 0.5011830186616839, -0.5011830186617559, -0.07158394595513841]",51.916423362729994,4.07354084947711
"[-16.708482683398262, 0.500496315162153, -0.5004963151623295, -0.07166695272856122]",51.913508562850026,4.076684013712819
"[-16.69319232186336, 0.49980746489007694, -0.49980746489015565, -0.07175030170520526]",51.91060173204427,4.079827177948526
"[-16.677862690290567, 0.49911644726646476, -0.4991164472665422, -0.07183399641949334]",51.90770284807403,4.082970342184233
"[-16.66249348417788, 0.49842324669366356, -0.4984232466937125, -0.07191803981672924]",51.90481188501976,4.086113506419942
"[-16.64708424538916, 0.49772784058474917, -0.49772784058483194, -0.07200243570369558]",51.90192881582581,4.089256670655649
"[-16.631634646068154, 0.49703021216796694, -0.49703021216804405, -0.0720871871968256]",51.89905361888673,4.092399834891356
"[-16.61614417772507, 0.49633033645196245, -0.49633033645204844, -0.07217229842640614]",51.89618626806621,4.095542999127065
"[-16.600612617137028, 0.49562820127072077, -0.4956282012707457, -0.07225777197871587]",51.893326744623785,4.098686163362772
"[-16.585039468622693, 0.49492378208540583, -0.49492378208551335, -0.0723436119603671]",51.890475024130644,4.101829327598479
"[-16.569424340489626, 0.49421705899235274, -0.4942170589923777, -0.07242982193055038]",51.88763108150172,4.104972491834187
"[-16.553766816880763, 0.4935080109303361, -0.49350801093045116, -0.07251640560593978]",51.88479489894803,4.108115656069895
"[-16.53806652413305, 0.49279661868626884, -0.49279661868642843, -0.07260336649413703]",51.88196645364007,4.111258820305602
"[-16.522323009725326, 0.4920828594102179, -0.49208285941036656, -0.07269070856416586]",51.879145723239716,4.11440198454131
"[-16.506535848538995, 0.49136671142699684, -0.4913667114270747, -0.07277843565932193]",51.87633268905998,4.117545148777018
"[-16.490704636185228, 0.49064815393659517, -0.49064815393665895, -0.07286655153337962]",51.87352732870726,4.120688313012725
"[-16.47482895988554, 0.4899271656942696, -0.4899271656943271, -0.07295506001237825]",51.8707296269523,4.123831477248433
"[-16.458908414719087, 0.4892037257476502, -0.4892037257477096, -0.07304396490447976]",51.8679395618316,4.126974641484141
"[-16.44294253200898, 0.488477810180794, -0.4884778101808227, -0.07313327040077874]",51.865157114187774,4.130117805719848
"[-16.426930861281118, 0.4877493958352102, -0.48774939583523585, -0.07322298061896904]",51.86238226688621,4.133260969955556
"[-16.410872996276492, 0.487018461496521, -0.48701846149669503, -0.07331309945669286]",51.85961500375605,4.136404134191263
"[-16.394768519298946, 0.4862849853652266, -0.48628498536533454, -0.07340363090286584]",51.85685530354511,4.1395472984269714
"[-16.37861691922727, 0.4855489413166645, -0.4855489413166738, -0.07349457950059102]",51.85410315250968,4.142690462662679
"[-16.36241782269819, 0.4848103094334382, -0.48481030943352277, -0.07358594904682067]",51.851358534764884,4.145833626898386
"[-16.346170763622276, 0.48406906550530965, -0.4840690655053339, -0.07367774388942888]",51.848621434550054,4.148976791134094
"[-16.32987523495786, 0.48332518337990743, -0.48332518337997765, -0.07376996863872422]",51.84589183110368,4.152119955369802
"[-16.313530854172708, 0.4825786425178367, -0.4825786425178689, -0.07386262723091049]",51.84316971528758,4.155263119605509
"[-16.297137106470053, 0.48182941626960624, -0.4818294162696099, -0.07395572438185027]",51.84045506899751,4.158406283841217
"[-16.28069352772338, 0.4810774802259869, -0.48107748022602503, -0.07404926455229285]",51.83774787956866,4.161549448076924
"[-16.26419974385097, 0.48032281402653804, -0.48032281402662097, -0.07414325172120281]",51.83504813515475,4.164692612312632
"[-16.247655226124476, 0.47956539016568067, -0.4795653901657118, -0.07423769077963477]",51.832355819326445,4.16783577654834
"[-16.231059502304205, 0.47880518364601105, -0.4788051836460378, -0.07433258633039046]",51.829670919162474,4.170978940784047
"[-16.2144120875131, 0.4780421688166419, -0.47804216881664663, -0.07442794308190516]",51.82699342508778,4.174122105019755
"[-16.1977125150559, 0.47727632078458054, -0.4772763207846419, -0.07452376567227349]",51.82432331938109,4.177265269255463
"[-16.180960413888656, 0.4765076189730586, -0.47650761897308025, -0.07462005822302786]",51.821660598737665,4.18040843349117
"[-16.164155152115356, 0.4757360307602107, -0.475736030760254, -0.07471682638932313]",51.81900524773668,4.183551597726877
"[-16.147296327267142, 0.4749615339744769, -0.47496153397457175, -0.07481407454295724]",51.81635725203604,4.186694761962586
"[-16.130383425690926, 0.47418410126322985, -0.474184101263334, -0.07491180773111525]",51.813716604748315,4.189837926198293
"[-16.113416011810457, 0.4734037087847173, -0.4734037087847659, -0.07501003058588968]",51.81108329932154,4.192981090434
"[-16.09639351824394, 0.4726203265562793, -0.47262032655632963, -0.07510874853893428]",51.808457321258366,4.196124254669709
"[-16.079315551109712, 0.4718339324990405, -0.47183393249914085, -0.07520796605342175]",51.805838664843954,4.199267418905416
"[-16.062181560417525, 0.47104449726980013, -0.4710444972699102, -0.07530768853553083]",51.80322731890042,4.202410583141123
"[-16.04499104694015, 0.4702519937791714, -0.4702519937792161, -0.07540792113579858]",51.80062327715083,4.205553747376832
"[-16.027743539564653, 0.4694563961527419, -0.4694563961527521, -0.07550866887933942]",51.79802653140466,4.208696911612539
"[-16.010438520394143, 0.46865767627657934, -0.4686576762766212, -0.07560993710351296]",51.79543707492834,4.211840075848246
"[-15.993075537422559, 0.46785580899551127, -0.4678558089955549, -0.07571173079972247]",51.79285490164872,4.214983240083955
"[-15.975653996828111, 0.4670507625203251, -0.46705076252038213, -0.07581405583144256]",51.79028000200118,4.218126404319662
"[-15.958173475653988, 0.4662425128696232, -0.46624251286980267, -0.0759169171007841]",51.78771237316947,4.221269568555369
"[-15.94063339659049, 0.465431028842609, -0.46543102884261434, -0.07602032045871533]",51.7851520089892,4.224412732791078
"[-15.92303333179675, 0.46461628606452665, -0.4646162860645918, -0.07612427091794997]",51.782598905145434,4.227555897026785
"[-15.905372727692553, 0.4637982542570658, -0.4637982542570801, -0.07622877427520232]",51.78005305555746,4.230699061262492
"[-15.887651001982267, 0.46297690171702516, -0.46297690171709655, -0.07633383654298619]",51.777514454961704,4.233842225498201
"[-15.869867753614864, 0.4621522050523376, -0.46215220505241666, -0.07643946270351311]",51.77498310330903,4.236985389733908
"[-15.852022454955735, 0.4613241349176078, -0.46132413491766233, -0.07654565853266879]",51.77245899630632,4.240128553969615
"[-15.834114521484542, 0.46049265923302696, -0.46049265923308363, -0.0766524301917478]",51.76994212887778,4.243271718205324
"[-15.816143435919086, 0.45965774894416617, -0.4596577489441723, -0.07675978348910589]",51.76743249976891,4.246414882441031
"[-15.79810872628155, 0.4588193770102089, -0.45881937701033615, -0.07686772400834081]",51.764930109155266,4.249558046676738
"[-15.780009823262464, 0.4579775117737426, -0.4579775117738033, -0.07697625796241418]",51.76243495222163,4.252701210912446
"[-15.761846241991028, 0.45713212540768183, -0.45713212540778425, -0.07708539110674656]",51.75994703123487,4.255844375148154
"[-15.743617400301437, 0.4562831854613385, -0.45628318546142466, -0.0771951298299939]",51.757466343522516,4.258987539383861
"[-15.725322802661648, 0.4554306634187006, -0.4554306634187733, -0.07730548004991068]",51.75499289011864,4.262130703619569
"[-15.706961936834906, 0.45457452989025443, -0.45457452989026015, -0.07741644783403748]",51.75252667231702,4.265273867855277
"[-15.688534189138993, 0.4537147506544382, -0.4537147506544898, -0.07752803991501336]",51.75006768721657,4.268417032090984
"[-15.670039094506672, 0.45285129832049503, -0.452851298320538, -0.07764026217854006]",51.747615938722724,4.271560196326692
"[-15.651476061397219, 0.45198413949381366, -0.45198413949383914, -0.07775312132927484]",51.745171428434695,4.2747033605624
"[-15.632844613707089, 0.45111324606810344, -0.4511132460681531, -0.0778666234240052]",51.74273415740657,4.2778465247981075
"[-15.61414418856118, 0.45023858578060466, -0.4502385857806108, -0.07798077510087034]",51.740304131835,4.280989689033815
"[-15.595374183941749, 0.44936012442781237, -0.4493601244278989, -0.07809558329380335]",51.737881349356016,4.284132853269523
"[-15.576534100130168, 0.44847783248525, -0.4484778324853379, -0.07821105436792561]",51.73546581819925,4.2872760175052305
"[-15.557623437327514, 0.4475916803217057, -0.44759168032179886, -0.07832719474335938]",51.7330575416608,4.290419181740938
"[-15.538641554685142, 0.44670163158661097, -0.4467016315866134, -0.07844401176437847]",51.730656522567884,4.293562345976646
"[-15.51958795054721, 0.445807656340408, -0.4458076563404515, -0.07856151197915864]",51.72826276713697,4.2967055102123535
"[-15.500462069356765, 0.44490972200631146, -0.444909722006425, -0.07867970232618941]",51.72587627959507,4.299848674448061
"[-15.481263292404584, 0.4440077929261683, -0.4440077929261935, -0.07879859019587963]",51.72349706693383,4.302991838683769
"[-15.461991154308295, 0.4431018405288708, -0.44310184052888035, -0.07891818209075303]",51.72112513580825,4.3061350029194765
"[-15.44264507614064, 0.4421918307955911, -0.442191830795633, -0.07903848527757333]",51.71876049370145,4.309278167155184
"[-15.423224468638946, 0.4412777291007761, -0.44127772910081736, -0.07915950715177264]",51.71640314632065,4.312421331390892
"[-15.40372874878809, 0.4403595009903704, -0.440359500990449, -0.07928125513536778]",51.7140531013549,4.3155644956265995
"[-15.384157416420297, 0.4394371157930931, -0.4394371157930957, -0.0794037361975598]",51.71171037089521,4.318707659862307
"[-15.36450989431562, 0.4385105390878982, -0.43851053908791804, -0.07952695785400966]",51.70937495907898,4.321850824098015
"[-15.344785506177725, 0.4375797316518311, -0.4375797316518723, -0.07965092831148284]",51.70704687809233,4.3249939883337225
"[-15.324983803381548, 0.4366446648775355, -0.43664466487759357, -0.07977565441524828]",51.70472613564594,4.32813715256943
"[-15.305104142070972, 0.43570530081731934, -0.43570530081742187, -0.07990114430695053]",51.702412746749424,4.331280316805137
"[-15.285146007080622, 0.4347616074728861, -0.4347616074729449, -0.08002740538752504]",51.70010671643647,4.3344234810408455
"[-15.26510879949984, 0.43381354875884975, -0.43381354875888223, -0.08015444565766941]",51.697808061656296,4.337566645276553
"[-15.24499189475375, 0.43286108723930855, -0.4328610872393287, -0.08028227335521654]",51.695516789053585,4.34070980951226
"[-15.224794778849123, 0.43190419057933793, -0.43190419057934226, -0.08041089608938885]",51.69323291430822,4.3438529737479685
"[-15.204516838301373, 0.43094282159802355, -0.4309428215980704, -0.08054032217632116]",51.690956450406986,4.346996137983676
"[-15.184157450029543, 0.4299769425175299, -0.42997694251756746, -0.08067056007152656]",51.68868740922915,4.350139302219383
"[-15.16371610599566, 0.42900652087854835, -0.4290065208786422, -0.08080161757171941]",51.68642580441146,4.3532824664550915
"[-15.14319214642078, 0.428031516879618, -0.42803151687965346, -0.08093350352385259]",51.684171654059305,4.356425630690799
"[-15.122585044118148, 0.4270518968715607, -0.4270518968715817, -0.08106622600398632]",51.681924970287035,4.359568794926506
"[-15.101894161009396, 0.4260676217910937, -0.4260676217911833, -0.08119979388227887]",51.67968576908208,4.3627119591622145
"[-15.081118909379848, 0.4250786548200808, -0.42507865482008345, -0.08133421578781506]",51.67745406608546,4.365855123397922
"[-15.060258736960556, 0.42408496068015433, -0.42408496068030294, -0.08146950020296266]",51.67522988082213,4.368998287633629
"[-15.039312957979604, 0.42308649758184597, -0.4230864975819138, -0.08160565656139011]",51.67301322600376,4.372141451869338
"[-15.018281004412536, 0.4220832291883063, -0.42208322918839053, -0.08174269362054615]",51.670804124122455,4.375284616105045
"[-14.99716228337904, 0.4210751178245088, -0.4210751178246227, -0.08188062038638662]",51.6686025900672,4.378427780340752
"[-14.975956232404682, 0.4200621271115401, -0.4200621271115618, -0.08201944575438753]",51.66640864527718,4.38157094457646
"[-14.954662198170768, 0.41904421617118265, -0.41904421617126925, -0.08215917930510629]",51.664222307010206,4.384714108812168
"[-14.933279542725767, 0.4180213446920394, -0.41802134469212254, -0.08229983061316146]",51.66204359712198,4.387857273047875
"[-14.911807664232587, 0.41699347392282027, -0.41699347392282354, -0.08244140911051093]",51.65987253545144,4.391000437283583
"[-14.890246006902059, 0.41596056715243784, -0.41596056715246055, -0.08258392401927774]",51.65770914445478,4.39414360151929
"[-14.868593893264764, 0.41492258167261054, -0.4149225816726674, -0.08272738546212909]",51.655553442890785,4.397286765754998
"[-14.846850696428943, 0.4138794770212361, -0.4138794770212715, -0.08287180332806657]",51.653405455908114,4.400429929990706
"[-14.825015847076333, 0.4128312153246508, -0.41283121532474304, -0.08301718722322525]",51.65126520526024,4.403573094226413
"[-14.803088684900773, 0.4117777541659091, -0.41177775416594564, -0.08316354746049474]",51.64913271703379,4.406716258462121
"[-14.781068640602577, 0.4107190553190866, -0.4107190553191327, -0.0833108938493041]",51.647008011773956,4.409859422697829
"[-14.758954965561239, 0.40965507175216803, -0.4096550717522367, -0.08345923750529546]",51.64489111855685,4.413002586933536
"[-14.736747125750782, 0.40858576656644807, -0.4085857665665386, -0.08360858821462393]",51.64278206020138,4.4161457511692435
"[-14.714444405741139, 0.4075110939437916, -0.40751109394388374, -0.08375895709071592]",51.64068086085716,4.419288915404952
"[-14.69204629585714, 0.4064310177879786, -0.40643101778803997, -0.08391035397119824]",51.63858755333723,4.422432079640659
"[-14.66955202195137, 0.405345489058536, -0.40534548905855905, -0.0840627905925276]",51.63650215970315,4.4255752438763665
"[-14.646960980191295, 0.4042544667257778, -0.40425446672579646, -0.08421627765695734]",51.634424710076615,4.428718408112074
"[-14.624272559104757, 0.40315790919513167, -0.403157909195219, -0.08437082603323937]",51.63235523242512,4.431861572347782
"[-14.601486171789068, 0.40205577586179253, -0.4020557758617997, -0.0845264465388356]",51.63029375776216,4.4350047365834895
"[-14.578600992237654, 0.4009480143436668, -0.40094801434376337, -0.0846831517474318]",51.62824031558534,4.438147900819197
"[-14.555616488993163, 0.39983458629655916, -0.3998345862965677, -0.08484095234378417]",51.6261949344245,4.441291065054905
"[-14.532531919307933, 0.39871544293233346, -0.3987154429323607, -0.08499986058574696]",51.62415764911163,4.4444342292906125
"[-14.509346721894406, 0.3975905440400544, -0.39759054404008604, -0.08515988761112754]",51.622128490101446,4.44757739352632
"[-14.48606021798416, 0.3964598434955771, -0.3964598434957394, -0.08532104549466231]",51.62010748938587,4.450720557762028
"[-14.46267169788053, 0.39532329344450806, -0.39532329344452716, -0.08548334665953437]",51.61809468291866,4.4538637219977355
"[-14.43918049935068, 0.39418084810557336, -0.3941808481055808, -0.08564680333630148]",51.61609010374574,4.457006886233443
"[-14.415585981901616, 0.3930324625252525, -0.3930324625252827, -0.08581142774031852]",51.61409378738591,4.460150050469151
"[-14.391887384689634, 0.3918780856540391, -0.3918780856540599, -0.08597723306738538]",51.61210576919169,4.4632932147048585
"[-14.368084146460188, 0.3907176759226567, -0.39071767592271606, -0.08614423125994337]",51.61012608334856,4.466436378940566
"[-14.344175487895717, 0.389551180892875, -0.38955118089293106, -0.08631243593239361]",51.608154771771275,4.469579543176274
"[-14.320160744252393, 0.3883785534595152, -0.3883785534595486, -0.08648186004481619]",51.60619186882129,4.4727227074119815
"[-14.296039314250375, 0.38719974937087326, -0.3871997493709703, -0.0866525162562586]",51.60423741534709,4.475865871647689
"[-14.271810393840656, 0.38601471421141986, -0.38601471421148387, -0.086824418812384]",51.6022914494426,4.479009035883397
"[-14.247473372591083, 0.38482340276771154, -0.3848234027677553, -0.08699758074410537]",51.6003540130578,4.4821522001191045
"[-14.223027459558045, 0.3836257607275002, -0.38362576072756976, -0.08717201652400312]",51.59842514799255,4.485295364354812
"[-14.19847199519292, 0.38242173993881473, -0.3824217399388399, -0.08734773985221966]",51.596504892129204,4.488438528590519
"[-14.173806301791046, 0.38121129109031016, -0.38121129109039753, -0.08752476472054614]",51.59459329260399,4.4915816928262275
"[-14.149029634093575, 0.37999436127679065, -0.37999436127687397, -0.0877031057731079]",51.59269039440468,4.494724857061935
"[-14.12414122176623, 0.3787708960692717, -0.378770896069329, -0.08788277800925838]",51.59079623561367,4.497868021297642
"[-14.099140456549001, 0.37754084871721194, -0.37754084871727056, -0.08806379543218419]",51.58891086648451,4.501011185533351
"[-14.074026611189609, 0.3763041663320992, -0.3763041663321329, -0.0882461730786157]",51.587034334105574,4.504154349769058
"[-14.048798901796593, 0.3750607929317845, -0.37506079293186556, -0.08842992657982433]",51.58516668225109,4.507297514004765
"[-14.023456562318405, 0.3738106730995656, -0.37381067309958027, -0.08861507162605103]",51.58330796207175,4.510440678240474
"[-13.997998928696797, 0.3725537561392006, -0.3725537561392283, -0.08880162335024322]",51.58145821899449,4.513583842476181
"[-13.972425201153687, 0.3712899843407928, -0.37128998434081595, -0.08898959806986513]",51.579617507159426,4.516727006711888
"[-13.946734673977087, 0.37001930431601693, -0.3700193043160605, -0.08917901160871176]",51.57778587490947,4.519870170947597
"[-13.920926646873086, 0.36874166262349, -0.3687416626235511, -0.08936987994632137]",51.57596337200448,4.523013335183304
"[-13.895000267584468, 0.3674569979629913, -0.3674569979629921, -0.08956222039016781]",51.57415005514027,4.526156499419011
"[-13.868954813741677, 0.36616525512043646, -0.36616525512050685, -0.08975604949608532]",51.57234597867867,4.52929966365472
"[-13.842789534261685, 0.3648663771156749, -0.3648663771157311, -0.08995138424274071]",51.570551192624286,4.532442827890427
"[-13.816503715099106, 0.3635603084581774, -0.36356030845820164, -0.09014824154555631]",51.56876575820786,4.535585992126134
"[-13.79009652306619, 0.36224698737916133, -0.3622469873792411, -0.09034663943135428]",51.56698972836269,4.538729156361843
"[-13.763567073116233, 0.3609263491493216, -0.3609263491493329, -0.09054659654869021]",51.56522316209641,4.54187232059755
"[-13.736914836135073, 0.35959834638826244, -0.35959834638831695, -0.09074812908987909]",51.56346611812934,4.545015484833257
"[-13.7101388160967, 0.35826290808494055, -0.3582629080849563, -0.0909512570037849]",51.56171865671,4.548158649068966
"[-13.683238290626473, 0.3569199764679448, -0.3569199764679547, -0.09115599841209009]",51.55998083935161,4.551301813304673
"[-13.656212444263419, 0.3555694887299235, -0.3555694887299377, -0.09136237238472478]",51.55825272659686,4.55444497754038
"[-13.629060496963703, 0.35421138342904523, -0.3542113834291244, -0.09157039796985046]",51.55653438473307,4.557588141776089
"[-13.601781660260448, 0.3528455982951023, -0.35284559829510903, -0.0917800945314871]",51.55482587572511,4.560731306011796
"[-13.574375005117348, 0.3514720635938402, -0.35147206359385785, -0.09199148277622284]",51.55312726566908,4.563874470247503
"[-13.546839849849723, 0.3500907215559197, -0.3500907215559286, -0.09220458176912348]",51.55143862107412,4.567017634483211
"[-13.519175290337328, 0.3487015028279235, -0.3487015028279364, -0.09241941256056768]",51.549760012606825,4.570160798718919
"[-13.491380516341929, 0.3473043423175153, -0.34730434231761864, -0.09263599575166846]",51.54809150390098,4.573303962954626
"[-13.463454621670929, 0.345899169652733, -0.34589916965278167, -0.09285435297388608]",51.54643317256385,4.576447127190334
"[-13.435396925376924, 0.34448592533553446, -0.3444859253356251, -0.09307450438277519]",51.54478508428757,4.579590291426042
"[-13.407206400851509, 0.34306453199232145, -0.34306453199240167, -0.09329647313562071]",51.543147315164724,4.582733455661749
"[-13.378882303464218, 0.34163492597057155, -0.34163492597063244, -0.0935202804766832]",51.541519940786415,4.585876619897457
"[-13.350423669564716, 0.34019703207770813, -0.3401970320777798, -0.09374594968350737]",51.5399030330724,4.589019784133165
"[-13.321829700433328, 0.33875078294464195, -0.3387507829446674, -0.09397350304270873]",51.538296670729316,4.592162948368872
"[-13.293099508359958, 0.3372961061969337, -0.3372961061969369, -0.09420296386422851]",51.53670093362328,4.59530611260458
"[-13.264232179791199, 0.33583292762441846, -0.3358329276244748, -0.09443435599317668]",51.53511590096833,4.598449276840288
"[-13.235226883942758, 0.3343611766788448, -0.33436117667891885, -0.09466770294464621]",51.53354165173199,4.601592441075995
"[-13.206082635260415, 0.33288077441412767, -0.33288077441413927, -0.09490302981959584]",51.53197827281353,4.604735605311703
"[-13.176798550028717, 0.3313916464894396, -0.33139164648951397, -0.09514036125109694]",51.53042584485817,4.607878769547411
"[-13.14737369972774, 0.3298937157185093, -0.32989371571859766, -0.09537972259114422]",51.52888445576166,4.611021933783118
"[-13.117807223880211, 0.32838690780029856, -0.3283869078003371, -0.09562113900139653]",51.52735419084643,4.614165098018826
"[-13.08809813394905, 0.326871141316793, -0.32687114131685785, -0.0958646370602583]",51.525835142324944,4.617308262254534
"[-13.058245495329574, 0.32534633698676835, -0.32534633698680243, -0.09611024329005902]",51.52432739524065,4.620451426490241
"[-13.028248369379886, 0.32381241470326627, -0.32381241470335087, -0.09635798463607441]",51.522831045907765,4.623594590725949
"[-12.998105812979029, 0.3222692934987471, -0.32226929349875955, -0.09660788847870266]",51.521346188928135,4.626737754961656
"[-12.96781685890061, 0.3207168905245276, -0.32071689052458013, -0.09685998280596128]",51.519872916818215,4.629880919197364
"[-12.937380467948573, 0.3191551185746791, -0.319155118574721, -0.09711429662643045]",51.518411326765246,4.633024083433072
"[-12.906795716133725, 0.31758389567244166, -0.31758389567245665, -0.0973708584165316]",51.51696151888728,4.636167247668779
"[-12.876061679468329, 0.31600313916312917, -0.31600313916321493, -0.09762969708245287]",51.51552359532203,4.6393104119044875
"[-12.845177230979644, 0.31441275524245693, -0.31441275524254503, -0.09789084368880753]",51.5140976555828,4.642453576140195
"[-12.814141351524306, 0.31281265491383414, -0.31281265491384663, -0.09815432885845207]",51.51268380647541,4.645596740375902
"[-12.78295309356522, 0.3112027521362599, -0.3112027521363339, -0.09842018307327288]",51.511282152545355,4.64873990461161
"[-12.751611463179197, 0.30958295773121225, -0.30958295773126465, -0.09868843768349268]",51.50989280515667,4.651883068847318
"[-12.720115272800781, 0.30795317172792974, -0.30795317172799536, -0.09895912619396834]",51.5085158692566,4.655026233083025
"[-12.688463606630537, 0.30631330741394347, -0.30631330741399665, -0.09923228028438648]",51.50715146221726,4.658169397318733
"[-12.656655349010673, 0.30466326692589973, -0.3046632669259041, -0.09950793386702428]",51.505799697455934,4.66131256155444
"[-12.624689423514035, 0.30300295359437013, -0.3030029535944246, -0.09978612104886807]",51.50446068997534,4.664455725790148
"[-12.592564753964902, 0.3013322699116553, -0.30133226991174145, -0.10006687647733527]",51.5031345582635,4.667598890025856
"[-12.560280268458824, 0.29965111772367686, -0.29965111772368813, -0.10035023531664389]",51.501821425176615,4.670742054261563
"[-12.527834768795946, 0.2979593914011427, -0.297959391401143, -0.10063623441246856]",51.500521411866686,4.67388521849727
"[-12.495227165193084, 0.29625699004051825, -0.29625699004059663, -0.10092491024616766]",51.4992346447314,4.677028382732979
"[-12.46245639545363, 0.29454381325362794, -0.2945438132536814, -0.10121629964722542]",51.497961250409396,4.680171546968686
"[-12.4295212507256, 0.2928197520303052, -0.292819752030317, -0.1015104413605151]",51.49670136043509,4.683314711204393
"[-12.396420589679108, 0.2910846999013958, -0.29108469990147756, -0.10180737416329104]",51.49545510764974,4.686457875440102
"[-12.363153245284325, 0.2893385480456203, -0.28933854804565956, -0.10210713770781442]",51.494222625547515,4.689601039675809
"[-12.329718111561327, 0.2875811898210078, -0.2875811898210398, -0.10240977175407273]",51.4930040522923,4.692744203911516
"[-12.296113822097874, 0.2858125038334177, -0.2858125038334656, -0.10271531910182537]",51.4917995307125,4.695887368147225
"[-12.262339335369965, 0.28403238468984765, -0.2840323846898605, -0.10302382030151835]",51.49060919965294,4.699030532382932
"[-12.228393281683811, 0.28224070860153994, -0.2822407086015674, -0.10333531960871023]",51.48943320683285,4.702173696618639
"[-12.194274488154948, 0.2804373610054912, -0.2804373610054914, -0.10364986021901407]",51.48827170200871,4.705316860854348
"[-12.159981745711981, 0.27862222427122524, -0.27862222427127764, -0.10396748640617419]",51.487124833838465,4.708460025090055
"[-12.125513686855491, 0.27679517117769925, -0.27679517117776986, -0.10428824468743006]",51.48599276000764,4.711603189325762
"[-12.09086908969567, 0.2749560809766363, -0.2749560809766563, -0.10461218102704577]",51.48487563560134,4.71474635356147
"[-12.056046626780674, 0.2731048260585078, -0.27310482605851305, -0.10493934318811546]",51.4837736236068,4.717889517797178
"[-12.021045036335448, 0.27124128100680345, -0.27124128100682615, -0.10526977915509526]",51.48268688430973,4.721032682032885
"[-11.98586288114326, 0.26936530972823447, -0.26936530972825334, -0.10560353943164802]",51.48161558600664,4.724175846268593
"[-11.950498903520783, 0.2674767843223837, -0.267476784322464, -0.10594067370964487]",51.48055989729019,4.727319010504301
"[-11.91495175939873, 0.2655755708901521, -0.2655755708901959, -0.10628123340233347]",51.47951999510991,4.730462174740008
"[-11.879219973246709, 0.26366152704932894, -0.26366152704935836, -0.10662527212164284]",51.47849605295885,4.733605338975716
"[-11.84330214133849, 0.2617345127602795, -0.26173451276032006, -0.1069728437608795]",51.47748825568594,4.736748503211424
"[-11.807196865914337, 0.2597943867802474, -0.25979438678032507, -0.10732400314300335]",51.47649678253589,4.739891667447131
"[-11.770902744493105, 0.2578410060544652, -0.2578410060545058, -0.10767880614817883]",51.47552182455452,4.743034831682839
"[-11.734418283636158, 0.25587422102437357, -0.2558742210244389, -0.10803731058951765]",51.47456357140258,4.746177995918547
"[-11.697742027394629, 0.2538938824911888, -0.25389388249125944, -0.1083995749901829]",51.473622221915576,4.749321160154254
"[-11.66087240535447, 0.25189983336713256, -0.251899833367213, -0.10876566011351022]",51.47269797433243,4.752464324389962
"[-11.623807933575598, 0.24989191947770084, -0.24989191947777126, -0.10913562700991247]",51.47179102973672,4.75560748862567
"[-11.586547149057338, 0.247869985998566, -0.24786998599859045, -0.10950953768243674]",51.47090160046023,4.758750652861377
"[-11.549088345793718, 0.24583386306211974, -0.24583386306218485, -0.10988745778077474]",51.47002989725047,4.761893817097085
"[-11.511430002415949, 0.24378338890418355, -0.2437833889042529, -0.11026945234887806]",51.46917613684612,4.765036981332793
"[-11.473570571036563, 0.24171839837493916, -0.24171839837496192, -0.11065558796602346]",51.46834054007898,4.7681801455685004
"[-11.435508356747563, 0.2396387162879344, -0.2396387162879641, -0.1110459340262572]",51.46752333230608,4.771323309804208
"[-11.39724166634004, 0.23754416544618884, -0.23754416544625814, -0.11144056127660579]",51.46672474989631,4.774466474039916
"[-11.358768833292295, 0.2354345679608278, -0.2354345679608738, -0.11183954159289869]",51.46594502476138,4.7776096382756235
"[-11.32008816665476, 0.23330974239844338, -0.23330974239849114, -0.1122429485437922]",51.46518439786917,4.780752802511331
"[-11.281197991387016, 0.23116950593429214, -0.23116950593433655, -0.11265085701205411]",51.46444311635635,4.783895966747039
"[-11.242096453483224, 0.2290136635471685, -0.22901366354721475, -0.11306334529111814]",51.463721431944975,4.7870391309827465
"[-11.202781829275422, 0.22684202496742478, -0.22684202496745026, -0.11348049188973813]",51.46301960105421,4.790182295218454
"[-11.163252202904886, 0.22465438681408745, -0.2246543868141393, -0.11390237898727096]",51.46233788827053,4.793325459454161
"[-11.123505815264028, 0.22245055179418746, -0.22245055179420287, -0.11432908878146014]",51.46167656339894,4.7964686236898695
"[-11.083540805098915, 0.22023031431983314, -0.22023031431984788, -0.11476070628950628]",51.46103589690721,4.799611787925577
"[-11.043355214772681, 0.21799346070362735, -0.2179934607036961, -0.11519731936596889]",51.46041617585319,4.802754952161284
"[-11.002947085242072, 0.21573977433368693, -0.2157397743337383, -0.11563901774329799]",51.45981768617226,4.8058981163969925
"[-10.962314585297753, 0.21346904282427545, -0.21346904282433057, -0.11608589165901936]",51.45924071558112,4.8090412806327
"[-10.921455582020414, 0.21118103393026555, -0.21118103393028928, -0.11653803663421325]",51.458685570718394,4.812184444868407
"[-10.880368071306957, 0.20887551947392788, -0.2088755194739928, -0.11699554882429893]",51.45815256098283,4.8153276091041155
"[-10.83905004703822, 0.20655226796735832, -0.20655226796743198, -0.11745852650395004]",51.45764199713684,4.818470773339823
"[-10.797499282513652, 0.20421103219246084, -0.20421103219248304, -0.11792707260077623]",51.45715420394336,4.82161393757553
"[-10.75571371591409, 0.20185157076346094, -0.20185157076350843, -0.11840129044968484]",51.45668951194773,4.8247571018112385
"[-10.713691219796726, 0.19947363506976912, -0.19947363506982016, -0.11888128644051517]",51.45624825545653,4.827900266046946
"[-10.671429498979997, 0.19707696333649527, -0.19707696333652358, -0.11936717128829527]",51.45583078185159,4.831043430282653
"[-10.628926275714505, 0.1946612909488867, -0.19466129094892082, -0.11985905801816688]",51.4554374485318,4.8341865945183615
"[-10.586179398373883, 0.19222635654794262, -0.19222635654880071, -0.12035706076356086]",51.45506861350096,4.837329758754069
"[-10.543186336460494, 0.1897718731350119, -0.1897718731363548, -0.1208613007369795]",51.45472465356143,4.840472922989776
"[-10.499944767759615, 0.18729756133848405, -0.18729756133850003, -0.12137189950445264]",51.45440594886179,4.8436160872254845
"[-10.45645241218847, 0.18480313987674166, -0.18480313987681274, -0.12188898096970989]",51.45411288395749,4.846759251461192
"[-10.412706640764608, 0.18228830295883572, -0.1822883029588626, -0.12241267614125417]",51.45384586499527,4.849902415696899
"[-10.36870498775201, 0.17975274944993794, -0.17975274945000075, -0.12294311717401825]",51.45360530086995,4.8530455799326075
"[-10.32444484576563, 0.17719616520640874, -0.1771961652064771, -0.12348044111205037]",51.45339161093442,4.856188744168315
"[-10.279923666668967, 0.1746182344716473, -0.17461823447170077, -0.12402478758473467]",51.45320523051833,4.859331908404022
"[-10.235138792863495, 0.1720186299540405, -0.17201862995449624, -0.12457630097095346]",51.45304659545357,4.8624750726397306
"[-10.190087443847522, 0.16939701180173136, -0.16939701180173494, -0.1251351307242363]",51.45291616693778,4.865618236875438
"[-10.144766903304408, 0.16675303826142251, -0.16675303826218077, -0.12570142919724842]",51.45281440564285,4.868761401111145
"[-10.0991742941075, 0.16408635237519764, -0.16408635237519875, -0.1262753545750502]",51.4527417938815,4.871904565346853
"[-10.053306791988563, 0.16139659420447247, -0.1613965942044923, -0.12685706835602917]",51.45269882009597,4.875047729582561
"[-10.007161427197488, 0.15868338899979245, -0.1586833890014999, -0.12744673800211234]",51.45268598940095,4.878190893818268
"[-9.960735107594312, 0.15594634824544637, -0.15594634824550851, -0.12804453684805178]",51.45270382102908,4.881334058053976
"[-9.91402492274797, 0.15318508732584962, -0.15318508732586364, -0.1286506403459602]",51.45275284615605,4.884477222289684
"[-9.867027699648187, 0.15039919908575064, -0.15039919908583205, -0.12926523195700299]",51.45283360892246,4.887620386525391
"[-9.819740062959518, 0.147588256952355, -0.14758825695238798, -0.12988850264572557]",51.45294668077772,4.890763550761099
"[-9.772158953229656, 0.1447518454445871, -0.14475184544463823, -0.1305206442412633]",51.453092628214556,4.893906714996806
"[-9.724281028032374, 0.14188952432116173, -0.14188952432120072, -0.13116185749622905]",51.45327205083886,4.897049879232514
"[-9.6761027496908, 0.13900083332379354, -0.13900083332399352, -0.13181235123110716]",51.45348555926901,4.900193043468222
"[-9.627620718494454, 0.13608531177606323, -0.13608531177610486, -0.13247233808008826]",51.45373378040875,4.903336207703929
"[-9.578831292808923, 0.1331424754440097, -0.13314247544425548, -0.13314203985174555]",51.45401736435115,4.9064793719396365
"[-9.52973091713884, 0.13017183586739922, -0.13017183586830477, -0.13382168331874306]",51.45433697580534,4.909622536175345
"[-9.480315865472617, 0.12717288449481157, -0.12717288449485847, -0.13451150398798786]",51.45469329871749,4.912765700411052
"[-9.430582173312109, 0.12414508800685548, -0.12414508800774803, -0.1352117473960622]",51.455087045561974,4.9159088646467595
"[-9.380526083086531, 0.12108791495759376, -0.12108791495800926, -0.1359226631479699]",51.455518935225435,4.919052028882467
"[-9.33014351525788, 0.11800080310053024, -0.11800080310064587, -0.13664451265928823]",51.45598972438613,4.922195193118175
"[-9.279430401276231, 0.1148831791470365, -0.1148831791470581, -0.13737756479686103]",51.45650018373655,4.9253383573538825
"[-9.228382633564605, 0.11173445523157786, -0.11173445523163862, -0.1381220968924544]",51.457051105397554,4.92848152158959
"[-9.176995662436301, 0.10855400340363126, -0.10855400340368487, -0.13887840102918997]",51.45764332108435,4.931624685825298
"[-9.125265363467916, 0.10534120861054602, -0.1053412086112639, -0.13964677171675305]",51.45827766928421,4.9347678500610055
"[-9.073187011463244, 0.10209540456409077, -0.1020954045642338, -0.1404275213904026]",51.45895503157909,4.937911014296713
"[-9.020756108251327, 0.09881592437432742, -0.09881592437460268, -0.1412209685992546]",51.45967630629392,4.941054178532421
"[-8.967967828845515, 0.09550206537648834, -0.09550206537659733, -0.14202744672230153]",51.46044243216122,4.9441973427681285
"[-8.914817337328378, 0.09215310805364398, -0.09215310805378843, -0.14284729970647872]",51.46125436801608,4.947340507003836
"[-8.861299610173008, 0.08876830415194398, -0.08876830415202909, -0.14368088525991005]",51.46211311195933,4.950483671239543
"[-8.807409505906472, 0.08534688016584828, -0.08534688016631145, -0.1445285743366679]",51.46301969571345,4.9536268354752515
"[-8.753141789647563, 0.08188803799753352, -0.08188803799765448, -0.14539075130631737]",51.463975178045,4.956769999710959
"[-8.698490974141897, 0.07839094383066117, -0.07839094383103316, -0.1462678170884387]",51.464980667245314,4.959913163946666
"[-8.643451587409302, 0.07485474417673132, -0.07485474417703769, -0.14716018552288002]",51.46603729655576,4.9630563281823745
"[-8.588017814069033, 0.07127854178342531, -0.07127854178343182, -0.1480682898203508]",51.46714625245175,4.966199492418082
"[-8.53218382394612, 0.06766141552632186, -0.06766141552671995, -0.14899257797761703]",51.46830875620665,4.969342656653789
"[-8.475943492123022, 0.06400240108985764, -0.06400240109008833, -0.1499335181270321]",51.46952607289534,4.9724858208894975
"[-8.419290663896414, 0.0603005067827445, -0.06030050678277508, -0.15089159496081675]",51.470799515522735,4.975628985125205
"[-8.362218879675382, 0.05655469420600003, -0.05655469420613146, -0.15186731519444147]",51.47213044539211,4.978772149360912
"[-8.304721622055613, 0.052763892856232744, -0.052763892856341345, -0.1528612043084481]",51.47352027120318,4.9819153135966205
"[-8.246792001278935, 0.04892697778965622, -0.04892697778965683, -0.15387381293143484]",51.47497046298938,4.985058477832328
"[-8.188422981059299, 0.045042782647979104, -0.04504278264809539, -0.15490571404133507]",51.4764825443887,4.988201642068035
"[-8.129607401938628, 0.04111009941923291, -0.04111009941923923, -0.15595750360124702]",51.478058093533384,4.9913448063037436
"[-8.070337818639455, 0.037127665597964196, -0.03712766559801467, -0.15702980461021163]",51.47969875142771,4.994487970539451
"[-8.010606403587861, 0.03309415537481606, -0.033094155374879856, -0.15812327020894723]",51.4814062334216,4.997631134775158
"[-7.950405350197976, 0.0290082044763001, -0.029008204476477183, -0.15923857767919902]",51.48318231013834,5.000774299010867
"[-7.8897264199858865, 0.024868377127870295, -0.024868377128006398, -0.1603764381359218]",51.485028833412414,5.003917463246574
"[-7.82856121153597, 0.020673181524760026, -0.02067318152483118, -0.16153759313156607]",51.4869477276353,5.007060627482281
"[-7.766900719277913, 0.01642103658994018, -0.01642103658998204, -0.1627228247174732]",51.488941012757955,5.01020379171799
"[-7.704736089009976, 0.012110320733160729, -0.012110320733365059, -0.16393294280653428]",51.49101076695563,5.013346955953697
"[-7.642057914768572, 0.007739320127108738, -0.007739320127226545, -0.16516880047048038]",51.49315918106698,5.016490120189404
"[-7.578856453219182, 0.003306239620862729, -0.0033062396209404916, -0.16643129196397918]",51.49538853029106,5.019633284425112
"[-7.515121631652995, -0.0011908007217413463, 0.0011908007216986651, -0.16772135476096178]",51.49770119714169,5.02277644866082
"[-7.450843118128973, -0.005753764942501218, 0.00575376494245814, -0.16903997043344146]",51.500099665132225,5.025919612896527
"[-7.38601001774004, -0.010384727439105526, 0.010384727439057, -0.17038817338642934]",51.502586536779,5.029062777132235
"[-7.320611084477472, -0.015085863220147376, 0.015085863220085033, -0.1717670493297166]",51.50516453585592,5.032205941367943
"[-7.254634727868712, -0.019859452895618173, 0.019859452895611272, -0.17317773798361843]",51.50783650690128,5.03534910560365
"[-7.188068907172156, -0.02470789630474595, 0.0247078963046497, -0.17462143841275984]",51.510605434346154,5.038492269839358
"[-7.1209009711062, -0.029633730952625746, 0.029633730952624726, -0.1760994159662658]",51.51347444868997,5.041635434075066
"[-7.053117789927104, -0.03463962983915061, 0.03463962983911709, -0.17761300318360695]",51.516446839604946,5.044778598310773
"[-6.984705911246768, -0.03972839773620832, 0.03972839773620827, -0.17916360015262395]",51.51952604284652,5.047921762546481
"[-6.91565094863385, -0.04490302533398783, 0.044903025333948805, -0.18075269259092921]",51.52271569448832,5.051064926782189
"[-6.845938353679522, -0.05016664136095966, 0.050166641360949366, -0.18238183892912402]",51.526019588432625,5.054208091017896
"[-6.775552528128753, -0.055522589710427235, 0.05552258971042586, -0.18405269575006075]",51.529441749823135,5.057351255253604
"[-6.704477431318835, -0.060974395544765414, 0.06097439554472232, -0.18576700919485675]",51.532986395647484,5.060494419489312
"[-6.6326961127539885, -0.06652581375253995, 0.0665258137524972, -0.18752663192013644]",51.53665798911759,5.063637583725019
"[-6.560191184561253, -0.07218080680830717, 0.0721808068082538, -0.18933351795155376]",51.540461217744095,5.066780747960727
"[-6.48694414410482, -0.07794361298916645, 0.07794361298914423, -0.19118974618116277]",51.54440105153559,5.069923912196435
"[-6.412935642206813, -0.08381874355816599, 0.08381874355813912, -0.1930975214746277]",51.54848273915277,5.073067076432142
"[-6.338145566012135, -0.08981099556761946, 0.08981099556758014, -0.19505918051411053]",51.55271182851347,5.07621024066785
"[-6.262552605084243, -0.09592550830078046, 0.0959255083007459, -0.19707721185936958]",51.557094209318876,5.079353404903558
"[-6.1861344692327425, -0.10216777057003795, 0.10216777057002058, -0.19915425995253172]",51.56163611537682,5.082496569139265
"[-6.108867658786945, -0.10854366678269904, 0.1085436667826974, -0.2012931416286716]",51.566344173009945,5.085639733374973
"[-6.030727306521685, -0.11505952122546258, 0.1150595212254436, -0.20349686194628122]",51.57122543524111,5.088782897610681
"[-5.951687608583206, -0.12172209685214129, 0.12172209685210594, -0.20576861415196687]",51.5762873674846,5.091926061846388
"[-5.871720902017865, -0.1285387117344498, 0.12853871173441628, -0.20811181896948958]",51.58153795875303,5.095069226082096
"[-5.790798132172423, -0.1355172450126771, 0.13551724501264814, -0.2105301258224572]",51.58698571481499,5.098212390317803
"[-5.708888509872725, -0.14266621677438154, 0.1426662167743798, -0.21302743815051858]",51.59263972026455,5.101355554553511
"[-5.625959314352834, -0.1499948635458471, 0.14999486354583905, -0.21560793610625253]",51.59850969647091,5.104498718789219
"[-5.541976050136097, -0.15751319081170273, 0.15751319081166873, -0.21827608933451662]",51.604606030691535,5.107641883024926
"[-5.456901632937006, -0.1652321219821997, 0.1652321219821672, -0.22103670151310464]",51.61093989199379,5.110785047260634
"[-5.370697033325335, -0.17316352887743433, 0.17316352887742062, -0.22389490980397986]",51.61752323314219,5.113928211496342
"[-5.283320284419987, -0.18132042354086533, 0.18132042354084657, -0.2268562376974422]",51.624368930058594,5.117071375732049
"[-5.194726562501692, -0.18971707054894887, 0.18971707054894366, -0.22992661431836928]",51.63149084454908,5.120214539967757
"[-5.104867932629521, -0.19836914916794743, 0.1983691491679358, -0.23311240446886725]",51.638903914817085,5.123357704203465
"[-5.013692970868948, -0.20729395149655228, 0.20729395149653618, -0.23642044250992744]",51.646624267698655,5.126500868439172
"[-4.921146136460571, -0.2165106354227597, 0.21651063542274085, -0.2398580742745515]",51.65466936723457,5.1296440326748804
"[-4.827167863011912, -0.2260404424219808, 0.22604044242196844, -0.24343316945110705]",51.66305808747395,5.132787196910588
"[-4.731693448525377, -0.23590707850304632, 0.23590707850304282, -0.247154172877756]",51.671810938381476,5.135930361146295
"[-4.634652843434454, -0.24613706062183038, 0.2461370606218249, -0.25103011384755725]",51.680950175825615,5.139073525382003
"[-4.5359699161638805, -0.2567601823691419, 0.25676018236913367, -0.25507062070586894]",51.69050000355903,5.142216689617711
"[-4.435561680514598, -0.26781006817334524, 0.2678100681733427, -0.2592859155785768]",51.700486759086566,5.145359853853418
"[-4.333337093820919, -0.27932488125309696, 0.2793248812530819, -0.2636867947629045]",51.71093916181713,5.148503018089126
"[-4.229196399987796, -0.29134810583608256, 0.2913481058360694, -0.2682845372642595]",51.72188849004361,5.151646182324833
"[-4.123029358553726, -0.3039296260029273, 0.30392962600291173, -0.2730907878895997]",51.73336886777965,5.154789346560541
"[-4.0147142669742895, -0.317126934888536, 0.31712693488852056, -0.27811729633410026]",51.74541741315063,5.157932510796249
"[-3.904115152844023, -0.33100685005988206, 0.3310068500598637, -0.28337557580476247]",51.758074554568296,5.161075675031956
"[-3.7910804008428243, -0.34564743520218366, 0.3456474352021836, -0.2888762495978056]",51.77138404615988,5.164218839267663
"[-3.6754394083786686, -0.36114066224003954, 0.3611406622400372, -0.29462811515067]",51.78539304266686,5.167362003503372
"[-3.556999477617162, -0.3775957121003152, 0.37759571210031007, -0.3006366249348172]",51.80015183063986,5.170505167739079
"[-3.435540637095391, -0.3951434516565201, 0.39514345165651893, -0.30690158477472973]",51.815713319972836,5.173648331974786
"[-3.31081147536694, -0.4139419756043737, 0.4139419756043671, -0.3134134125486043]",51.832131573073895,5.176791496210495
"[-3.18252106990718, -0.4341843353795947, 0.4341843353795773, -0.3201473941581532]",51.84945948848499,5.179934660446202
"[-3.0503306115952507, -0.4561085278675798, 0.4561085278675437, -0.3270544123802211]",51.86774431148917,5.183077824681909
"[-2.9138418490675124, -0.4800108859407395, 0.4800108859407021, -0.334046055703646]",51.88701986479747,5.186220988917617
"[-2.7725823078501093, -0.5062637001791394, 0.5062637001790579, -0.34097032776695435]",51.90729306979045,5.189364153153325
"[-2.6259853574633767, -0.5353379936693985, 0.5353379936692851, -0.34757163784163775]",51.92852088772067,5.192507317389032
"[-2.4733656261783348, -0.5678307109268602, 0.5678307109268546, -0.35342425695918916]",51.95057074180851,5.19565048162474
"[-2.313886968701277, -0.6044921929998032, 0.6044921929998024, -0.35782188577836677]",51.97315412768106,5.198793645860448
"[-2.1465237095124525, -0.6462381673208476, 0.6462381673208392, -0.3595977003753993]",51.99571854486595,5.201936810096155
"[-1.970022617761159, -0.6941018709798981, 0.6941018709798966, -0.35684774728914825]",52.017283970393734,5.205079974331863
"[-1.7828776002440934, -0.7490261090876028, 0.7490261090875348, -0.34656667364683036]",52.03623717706649,5.208223138567571
"[-1.5833582944116067, -0.811318448474253, 0.8113184484742442, -0.3243539324035321]",52.05018522272124,5.211366302803278
"[-1.3696463508114076, -0.8796433164837367, 0.8796433164837065, -0.28467675393680064]",52.056119755747055,5.214509467038986
"[-1.1401024139449834, -0.9499406363308972, 0.9499406363308922, -0.2223618351359262]",52.051052017277705,5.217652631274694
"[-0.8935186380754256, -1.0155772136611068, 1.0155772136611032, -0.13492017732838588]",52.03222321590025,5.220795795510401
"[-0.6290727844145191, -1.0697166047938802, 1.0697166047938773, -0.022499928319324795]",51.99387427730388,5.223938959746109
"[-0.3463737282977222, -1.1074354385490484, 1.1074354385490461, 0.12040562837226786]",51.91644161874771,5.227082123981817
"[-0.048994646451708326, -1.1181194567649433, 1.1181194567649395, 0.31891092609706223]",51.76093760588267,5.230225288217524
"[0.2454030057827719, -1.0724486800899597, 1.0724486800899582, 0.5879375932265297]",51.52588277813612,5.233368452453232
"[0.5060607440746602, -0.9485494348838793, 0.9485494348838761, 0.8932792616781885]",51.27219721581482,5.23651161668894
"[0.705140310287738, -0.7481478802531828, 0.7481478802531824, 1.2101355787327788]",51.04793838955178,5.239654780924647
"[0.819449019247814, -0.45810441983016115, 0.45810441983015965, 1.6052577536984618]",50.89308896340366,5.242797945160355
"[-0.8882526571816439, -0.4429767944288968, 0.4429767944288888, -0.13948115511754663]",53.139878064717166,5.245941109396063
"[-1.5673784423853068, 0.6824067310795884, -0.6824067310795938, -0.3833741531076782]",53.32469143495861,5.24908427363177
"[0.23586608649206595, -0.4698802040101228, 0.46988020401011554, 0.8522578070832708]",51.581904827235455,5.252227437867478
"[0.3006323801626283, -0.5819099516045723, 0.5819099516045712, 0.7578586778529048]",51.62425076618243,5.255370602103185
"[0.09645070111475933, -0.37364128569638894, 0.3736412856963765, 0.86849475268469]",51.484409624681376,5.2585137663388934
"[-0.4064961725211354, -0.004412832798413361, 0.004412832751656419, 11.8818436748737]",50.81854000685362,5.261656930574601
"[-0.8404686139005977, -0.48833716721836606, 0.4883371672183572, -0.10865670441340936]",52.62299059363634,5.264800094810308
"[-0.1440446460710447, 0.9286851702115557, -0.9286851702115567, 0.05890006439021108]",52.594973813317836,5.2679432590460165
"[0.2571379952991842, 0.9480424473289499, -0.9480424473289528, 0.45396138995923935]",50.132047163740424,5.271086423281724
"[0.0573487728752076, 1.0887889728823905, -1.0887889728823958, 0.3775009877114618]",49.76455076058008,5.274229587517431
"[-0.25328539094265023, 1.1951444172349417, -1.1951444172349417, 0.2700522289661603]",49.65059932499562,5.2773727517531395
"[-0.6518321564857247, 1.2743732462727262, -1.2743732462727297, 0.1608937582262411]",49.658432200843166,5.280515915988847
"[-1.148054236444942, 1.3197813749841139, -1.3197813749841223, 0.0586390808924146]",49.756519345158324,5.283659080224554
"[-1.740529050963484, 1.3065529835125662, -1.3065529835125782, -0.03289209053906182]",49.96483970961963,5.2868022444602625
"[-2.248895123498636, 1.0942756985787638, -1.0942756985787663, -0.17148134546544821]",50.34228951080457,5.28994540869597
"[-1.257164363973756, -0.29731426151854773, 0.2973142615185372, -0.44669209534906196]",50.49209302085857,5.293088572931677
"[-2.9186572543588194, 0.41953461916810425, -0.41953461916810997, -0.3437205606660826]",53.419671929423195,5.2962317371673855
"[0.6154899633341805, 0.007717914031267316, -0.007717914027637462, 7.325684472737079]",48.18453005389421,5.299374901403093
"[0.612257605821432, 0.04456338754910759, -0.04456338754883221, 4.626018304193857]",48.199139137192866,5.3056612298745085
"[-1.170553657341497, -0.2026418032767614, 0.2026418032767519, -0.391916079978393]",53.59140590161498,5.308804394110216
"[0.4777203378909374, 0.31033967388613415, -0.31033967388614303, 1.596589245711299]",48.132204437244184,5.311947558345923
"[0.18570655216802137, 0.3866115371933071, -0.3866115371933174, 0.9243683942454578]",48.174286343095254,5.3150907225816315
"[0.6098557614584639, 0.0015323110229803702, -0.0015323110173766671, 9.49846708870218]",47.59469129814513,5.318233886817339
"[-5.47165291440947, 0.9781168788118274, -0.9781168788118615, -0.13329090425538656]",53.05737085582307,5.321377051053046
"[-0.465124626702381, -0.7746274675832702, 0.7746274675832633, -0.009595225118382908]",52.59875871441829,5.3245202152887545
"[-0.8439619387936151, -0.648690606328844, 0.6486906063288431, -0.20753899346869864]",49.38274942881164,5.327663379524462
"[-1.9398103328929661, 0.09887078359270503, -0.09887078359275585, -0.48891388341198294]",49.64136388733588,5.330806543760169
"[-2.704590269765344, 0.4924598855457982, -0.49245988554581166, -0.3496013770668394]",49.49697512568763,5.333949707995877
"[-3.399705559651057, 0.7228799018445696, -0.7228799018447927, -0.25228037243916607]",49.422382857048234,5.337092872231585
"[-4.152505721527161, 0.9118886351625087, -0.9118886351625147, -0.17872867151089675]",49.42506041037152,5.340236036467292
"[-5.02813222022704, 1.0875147830346195, -1.0875147830349985, -0.11928585564875575]",49.50602048553588,5.343379200703
"[-5.994627451386178, 1.2277927377492248, -1.2277927377492401, -0.07755043258309807]",49.7050644492029,5.346522364938708
"[-6.0027874460578765, 1.0518169640915238, -1.0518169640915254, -0.11127403913660233]",50.180089600593725,5.349665529174415
"[0.8171772321114125, -0.2115242993960019, 0.21152429939600206, 2.0672513866633775]",44.40618186303653,5.352808693410123
"[-0.3957174489535497, -0.0039051328722419947, 0.003905132911712548, 13.930816659778058]",46.68032940787718,5.355951857645831
"[0.15077645541506743, 0.27661212297899024, -0.2766121229789919, 1.0466923429416486]",46.31807762656754,5.362238186117246
"[0.6178240353416921, -0.007097071992997512, 0.0070970719971871835, 6.981779813187432]",45.58419635428169,5.365381350352954
"[0.731842550820078, 0.013893606072101647, -0.013893606072007361, 2.9387306097863486]",45.90273988824903,5.368524514588661
"[-4.522898748761787, 0.6303672084318628, -0.6303672084318748, -0.21747398225260475]",51.67304003265569,5.371667678824369
"[0.6824254378454871, -0.002377212905807029, 0.0023772129060849736, 3.6006503070693556]",45.7706996697244,5.374810843060077
"[-0.5218707479562635, -0.8186560489905159, 0.818656048990502, -0.06534074644949296]",54.59374801110284,5.377954007295784
"[-0.5065445385651085, -0.2949683258514085, 0.29496832585137744, 0.9455047447889655]",45.446584939097505,5.381097171531492
"[-2.053697004392387, -0.3578711243036865, 0.3578711243036737, -0.44318949410629116]",54.655778253766805,5.384240335767199
"[-2.0185043192118695, -0.41860494784134483, 0.41860494784133706, -0.4344958742343566]",53.94616498085,5.387383500002907
"[-2.8892519624927977, -0.019261122466982306, 0.019261122466975082, -0.37937586862939615]",53.04293705860146,5.390526664238615
"[-1.7809606266782805, -0.20614191739157353, 0.2061419173915649, -0.4970215568840848]",51.235310378385556,5.393669828474322
"[0.7211579106878329, -0.35289220241713826, 0.3528922024171233, 1.745694857533655]",48.05511625135273,5.3968129927100295
"[-2.725260485914134, -0.030702879944356245, 0.030702879944347457, -0.39618641756112305]",49.7966336845439,5.399956156945738
"[-4.241901515151507, 0.3666433291363005, -0.3666433291363071, -0.2614692378783965]",49.546433304044804,5.403099321181445
"[-5.310840311343332, 0.5768746380742015, -0.5768746380742072, -0.19662459868909127]",49.45401316341181,5.4062424854171525
"[-6.229072542903692, 0.728302748221223, -0.7283027482212319, -0.15515027953920518]",49.43668716422775,5.409385649652861
"[-7.072827581767988, 0.8476883796747211, -0.84768837967476, -0.12549002405380436]",49.47255582826729,5.412528813888568
"[-7.840793129392108, 0.9392009244947079, -0.9392009244948677, -0.10423476473478847]",49.55852156353973,5.4156719781242755
"[-8.439151509659158, 0.9899316295701507, -0.9899316295702169, -0.09197407107187415]",49.70399028212719,5.418815142359983
"[-8.5588203385535, 0.9552296865797161, -0.9552296865798199, -0.09484799198225012]",49.93583370919659,5.421958306595691
"[-7.249666311690615, 0.6976044247338936, -0.697604424733928, -0.1391024748346604]",50.33235174728246,5.4251014708313985
"[-0.07742707221477331, -0.42162956469233304, 0.4216295646923305, 0.7513094685974911]",51.40068771693907,5.428244635067106
"[-0.20689501687689443, -0.07179260956857472, 0.07179260956859854, 1.818006654673608]",43.97299728506234,5.431387799302813
"[-7.544839546228926, 0.5172686535614749, -0.5172686535615172, -0.14904954046536853]",53.24797873114098,5.4345309635385215
"[0.5528448135733621, 0.47311829982071224, -0.473118299820717, 1.3144487774149525]",42.045288991754894,5.437674127774229
"[-2.8986838773958947, 0.5085137488471038, -0.5085137488471093, -0.3300577187681097]",50.60198436733153,5.447103620481352
"[-6.8339757964452135, 0.3919310917081088, -0.39193109170811496, -0.17135883896503534]",53.16293393077817,5.450246784717059
"[-1.6699751909462015, -0.17360268915476892, 0.17360268915476215, -0.5095659977843239]",53.31579473957385,5.4533899489527675
"[0.49051347925244126, -0.8760529730119232, 0.8760529730119222, 0.829379369966427]",50.80136696465574,5.456533113188475
"[-4.011626402055114, 0.7718177399181266, -0.771817739918152, -0.21361803914664165]",53.06517177308157,5.459676277424182
"[-6.63435374452637, 0.35904372895512976, -0.35904372895610565, -0.17787072451984134]",53.08135180548154,5.4628194416598905
"[0.46380942026564326, -0.3721396847817449, 0.3721396847817435, 1.4062685784867475]",44.876348640119716,5.465962605895598
"[0.5746927310110299, 0.04407404513618707, -0.044074045136642065, 4.388223035285133]",42.46941553872991,5.469105770131305
"[0.21257353654835193, -0.6056574091465645, 0.6056574091465575, 0.609733570353771]",44.83198533370954,5.4722489343670135
"[0.5186482397624407, 0.5285817171377378, -0.5285817171377465, 1.164005508693254]",41.47792030703951,5.478535262838428
"[-11.434051596735838, 0.9212288930665739, -0.921228893066784, -0.07619705176692027]",52.608037461930756,5.481678427074136
"[-3.377969438728802, -0.10121143600437903, 0.10121143600416255, -0.33417403458903905]",53.0000573974236,5.484821591309844
"[0.6058625258900291, -0.0003933018614365435, 0.0003933018669542904, 12.222831817906206]",44.072034057870624,5.487964755545551
"[-0.3220729990167594, -0.006957110663564443, 0.006957110663602589, 3.358876343975994]",43.39438023292088,5.491107919781259
"[-0.3466459515505995, -0.9352568393008585, 0.9352568393008305, -0.004550112110299788]",50.82575577327094,5.494251084016967
"[-0.7164011724568202, -0.4218941460051082, 0.42189414600510267, 0.16985514091846418]",50.50688221446998,5.497394248252674
"[-3.55540782968646, -0.04564810532248052, 0.04564810532232012, -0.32186845503679773]",49.69139448301181,5.500537412488382
"[-5.566470245650023, 0.2974991062375036, -0.2974991062376167, -0.21151341698257467]",49.3793231420139,5.50368057672409
"[-7.103806628684135, 0.5069404051360243, -0.5069404051360271, -0.15807621244844622]",49.23108090116265,5.506823740959797
"[-8.47694403498595, 0.6723837938335611, -0.6723837938336065, -0.12310458210344609]",49.15617560319035,5.509966905195505
"[-9.79442593021696, 0.8169906905711043, -0.816990690571243, -0.0968883153778064]",49.130183211439814,5.513110069431213
"[-11.0984810597037, 0.9486934790912216, -0.9486934790912216, -0.0759500720090355]",49.14670771094404,5.51625323366692
"[-12.3646467912047, 1.065463312083193, -1.0654633120832693, -0.05931861857405254]",49.20991886772935,5.519396397902628
"[-13.402895313376153, 1.1468030821430482, -1.1468030821436097, -0.04843423156112299]",49.33670394978139,5.522539562138336
"[-13.465980945330296, 1.1162379598639478, -1.1162379598641063, -0.0508091314324167]",49.56985601531385,5.525682726374043
"[-9.581494633851515, 0.6685527267648083, -0.6685527267648783, -0.110446127592553]",50.06535465037887,5.528825890609751
"[0.4901566311817799, 0.6282868836045711, -0.6282868836045721, 0.970414167767177]",38.609973124684686,5.531969054845459
"[-6.381833228685951, 0.200357198507551, -0.20035719850761863, -0.19127838552357718]",53.281560313352706,5.535112219081166
"[-1.1317002579915796, 0.28329589055186516, -0.28329589055187093, -0.3659969920122624]",40.96793834869513,5.538255383316874
"[-0.3893986623941201, 0.006548192794294453, -0.00654819278159028, 9.331896525084352]",45.696428068835296,5.544541711788289
"[-6.567656851560608, 0.7072219487488114, -0.7072219487488425, -0.15059761364835106]",49.76784873173213,5.547684876023997
"[-1.7484101920583435, 0.6245960168501059, -0.6245960168501162, -0.3979354702544217]",41.322022141736795,5.553971204495412
"[-1.0576009191147469, 1.0129296184648704, -1.0129296184648748, -0.1687723356515729]",41.02269114501072,5.55711436873112
"[0.40572950296044785, 0.5989234113996738, -0.598923411399702, 0.8844458890745365]",39.69780602648272,5.560257532966827
"[-9.6909767301422, 0.6874625156383242, -0.6874625156383262, -0.10797066323960361]",51.16174136582182,5.563400697202535
"[-12.318095954569284, 1.0249329699763274, -1.0249329699767358, -0.06297346973181714]",50.679444797198585,5.566543861438243
"[-10.270435184875721, 0.8410619046360294, -0.8410619046361076, -0.09086078128238209]",50.56986206315926,5.56968702567395
"[-8.359312199425203, 0.6357825069967146, -0.6357825069967682, -0.127564115452218]",50.601831589526256,5.572830189909658
"[-7.920747877106674, 0.5845042364130892, -0.5845042364131201, -0.1379052494254496]",50.61511954590064,5.575973354145366
"[-9.759025772809235, 0.787085287622291, -0.7870852876223315, -0.09968521001817823]",50.550821380869856,5.579116518381073
"[-12.224289823787219, 0.9898997467115401, -0.9898997467118213, -0.06630923315767868]",50.776844427833126,5.582259682616781
"[-0.2527051771606578, 0.8589246761237092, -0.8589246761237094, 0.029416514806934226]",40.602416260333975,5.585402846852489
"[-6.192084028540712, 0.30128671267829354, -0.30128671267839024, -0.19231350328655278]",51.2059413751497,5.588546011088196
"[-4.178863750615976, 0.6508515221212441, -0.6508515221212534, -0.22850548931689213]",47.18920611777682,5.591689175323904
"[-0.9886391162419124, -0.1584705986147105, 0.15847059861470983, -0.14476620992292985]",39.59899710946483,5.594832339559612
"[-1.5262467514211253, 0.7582606481050224, -0.758260648105087, -0.35040023721629276]",48.66901021413533,5.597975503795319
"[-1.051018778525851, 0.8209389140997594, -0.8209389140997636, -0.2778608047482447]",40.565439703674954,5.601118668031027
"[-1.2380858592386017, 0.3514495151251785, -0.3514495151251837, -0.43540453954844754]",40.45492591190044,5.604261832266735
"[-3.425059307669423, -0.24099106279914342, 0.24099106279912352, -0.32297273332120097]",53.45870287849659,5.607404996502442
"[-10.145974598740747, 0.5678131650017396, -0.5678131650017613, -0.11101199610616518]",52.352805082955314,5.61054816073815
"[0.05955752888283984, 1.0433051947399137, -1.043305194739933, 0.3154845331962618]",50.69920229633998,5.613691324973858
"[0.17564448271306812, 0.9098501803480838, -0.909850180348084, 0.27611499618012153]",47.99712546926472,5.616834489209565
"[0.8758826602773776, 0.18120756398011803, -0.1812075639801178, 2.056942398671938]",42.044358167794925,5.626263981916688
"[-0.4010627341068246, 0.00025732400689497354, -0.00025732515704524235, 32.69954235363128]",46.375546663225734,5.629407146152396
"[0.22009393431202753, -1.0463411340392137, 1.0463411340392108, 0.5176642532646532]",49.309886068793055,5.632550310388104
"[-4.048635638893352, -0.08213164081458943, 0.08213164081456088, -0.28844022357224963]",49.44915308360127,5.635693474623811
"[-5.978409035339423, 0.18265720487394355, -0.18265720487399215, -0.2033504884047261]",49.196123931975976,5.638836638859519
"[-7.414037808655998, 0.3442870504529136, -0.34428705045296076, -0.16165180210723581]",49.067483141731365,5.641979803095227
"[-8.606981754990791, 0.4652213235850506, -0.4652213235850881, -0.135303745659465]",48.99314882880012,5.645122967330934
"[-9.651879477366514, 0.5635540457235577, -0.5635540457236108, -0.11648484120420706]",48.951182971523174,5.648266131566642
"[-10.593568747369796, 0.6469536239857255, -0.6469536239857353, -0.10209205250317178]",48.93215850591149,5.651409295802349
"[-11.453441950955845, 0.7190718531306437, -0.7190718531307184, -0.09065247747261915]",48.93150200099315,5.654552460038057
"[-12.237940027072838, 0.781456549025742, -0.7814565490257813, -0.0814109398042378]",48.94706569881824,5.657695624273765
"[-12.940554882111964, 0.8341770812527282, -0.8341770812528339, -0.07399898773355701]",48.97820884625,5.660838788509472
"[-13.540071905850308, 0.8758993067592863, -0.8758993067593531, -0.06831118731977297]",49.02546496439301,5.663981952745179
"[-13.995241144889828, 0.9035825091240698, -0.9035825091240899, -0.06448324833821133]",49.090528676042865,5.667125116980888
"[-14.234571902220882, 0.9117468235657534, -0.9117468235661791, -0.06295599257243709]",49.176541519250094,5.670268281216595
"[-14.13792716385895, 0.8910331712051118, -0.8910331712052079, -0.06468042910741185]",49.28889414899929,5.673411445452302
"[-13.501525480291205, 0.8252004519831156, -0.8252004519831576, -0.0717007646851882]",49.4374308323011,5.67655460968801
"[-11.957073202433286, 0.6831077285145092, -0.6831077285145803, -0.08923842090902201]",49.64411104927931,5.679697773923718
"[-8.671431778687307, 0.38156885108806676, -0.3815688510881047, -0.13852717319468344]",49.98641981350727,5.682840938159425
"[-1.0995276146775355, 1.2907840085093871, -1.290784008509388, 0.04384444277635374]",48.63064382136439,5.685984102395133
"[-0.43994831502598364, 0.4372202247782276, -0.4372202247782279, 0.5930511037219096]",38.366560850905294,5.689127266630841
"[-1.1861621168958816, 0.5519037038309061, -0.5519037038309126, -0.3931973103658535]",38.02816109450867,5.692270430866548
"[-0.05899577804420766, 0.3113444694928569, -0.3113444694928582, 0.9592470365574566]",37.392455419582,5.695413595102256
"[-0.5772928679982854, 0.7359989879891781, -0.7359989879892127, -0.05169591113036562]",41.22800086015778,5.698556759337964
"[-11.764663804824371, 0.5379046157052756, -0.5379046157053544, -0.09818329179351756]",52.542819357080354,5.701699923573671
"[-13.396144190253255, 0.6203846488435754, -0.6203846488436219, -0.08333498765583433]",52.84640489030696,5.704843087809379
"[0.5882063518349582, -0.0010192603447651757, 0.0010192603339092192, 8.735691447382198]",36.99114146498738,5.707986252045087
"[-1.3406018689743058, -0.5703341743775252, 0.5703341743775117, -0.41923689602455444]",41.314107022164364,5.711129416280794
"[-0.13059662728156532, 1.139451213955157, -1.139451213955159, 0.2833135701396726]",51.181586669613374,5.726845237459332
"[-8.890917206825078, 0.29943597041833137, -0.2994359704183572, -0.13857126052604593]",52.486739353183125,5.72998840169504
"[-10.160677554249165, 0.8250061208965689, -0.8250061208965705, -0.09307425756209249]",49.064576298474066,5.733131565930748
"[-0.8787810385824052, -0.20346169944990988, 0.2034616994497154, 0.06795555436629286]",37.57838465357894,5.736274730166455
"[-2.9343300179833873, 0.1960733082809779, -0.19607330828098113, -0.3678483241165722]",44.11625826262824,5.739417894402163
"[-8.754161522699098, 0.300066963083056, -0.30006696308311315, -0.14054369801354447]",53.37606408605347,5.745704222873578
"[-3.5121694209863574, 0.5709279330094106, -0.5709279330094144, -0.2759303800536627]",40.45284309857378,5.7488473871092864
"[-2.752772151325668, 0.33494893448480084, -0.33494893448482194, -0.3711094325939317]",40.48567473095088,5.751990551344994
"[-1.3194004618226678, -0.46018986784354843, 0.46018986784353805, -0.44472409661687085]",40.48635802795344,5.755133715580701
"[0.1979173569814992, -0.787253168268177, 0.787253168268167, 0.33133372662397825]",37.87355369754537,5.7582768798164095
"[0.013539034813827481, -0.606522567256086, 0.6065225672560788, 0.4505241108236676]",37.34288808182754,5.761420044052117
"[-0.15392010727545524, -0.5201915556272197, 0.5201915556272151, 0.5481996330672001]",37.226865909981164,5.764563208287824
"[-0.289799273143224, -0.5222215419194214, 0.5222215419194207, 0.4978928342128493]",37.15449670213791,5.7677063725235325
"[-0.4166743998326151, -0.5489602232249005, 0.5489602232248753, 0.35294221898348527]",37.13337704419001,5.77084953675924
"[-0.5418184749522574, -0.5635799913760337, 0.5635799913760273, 0.19597267259655177]",37.15681102999868,5.773992700994947
"[-0.6581840048674678, -0.5596579436059874, 0.5596579436059779, 0.05900039885503673]",37.20354428277157,5.7771358652306555
"[-0.7497004059413319, -0.5441115079282244, 0.5441115079282209, -0.040379980759860684]",37.249432323540915,5.780279029466363
"[-0.7965050233690696, -0.5317329195500525, 0.5317329195500421, -0.08820981659812116]",37.27045971942066,5.78342219370207
"[-0.7819904215902231, -0.5352928831308791, 0.5352928831308689, -0.07302948092910401]",37.24924444791925,5.786565357937778
"[-0.700401390581885, -0.5521173898724601, 0.5521173898724595, 0.014316919533683544]",37.18424226207036,5.789708522173486
"[-0.5618111548027979, -0.5605887807193571, 0.5605887807193559, 0.1775790373877797]",37.09780170972848,5.792851686409193
"[-0.3881082855450496, -0.5356231654489395, 0.5356231654489161, 0.40506795930776657]",37.04061825599502,5.795994850644901
"[-0.18726095477571164, -0.4986342990866613, 0.49863429908665863, 0.5845595547196477]",37.089680456896055,5.799138014880609
"[0.1150684017533309, -0.6741230146456488, 0.6741230146456382, 0.4075063679533542]",37.32408149258602,5.802281179116316
"[-1.8210040193202055, -0.1187304478012571, 0.11873044780122026, -0.5012547047482634]",40.38604262214969,5.805424343352024
"[-0.8960086822473564, -0.24464997228001745, 0.24464997228000027, -0.001487917060272409]",37.37888339359628,5.811710671823439
"[-6.776394827809121, 0.621191816981342, -0.6211918169813662, -0.15515740322254665]",50.708206144294806,5.814853836059147
"[-5.34348461433618, -0.04275410740819183, 0.0427541074081898, -0.22762807790610073]",52.44138931801957,5.817997000294855
"[0.5694769158002783, -0.09178611619525162, 0.09178611619519415, 3.229475836200499]",37.040238380574365,5.82428332876627
"[0.5651430355651422, -0.03591555019995219, 0.03591555019982182, 4.410580314444211]",36.79250532648245,5.827426493001978
"[-5.721198579300498, 0.2424028335897128, -0.24240283358973244, -0.20915566238700017]",46.82614492730719,5.833712821473393
"[-0.39057231242746165, -0.0031349681876552075, 0.0031349682257337448, 10.517321767495837]",39.04473228112832,5.836855985709101
"[-2.0115450620017756, 0.8901871618756311, -0.8901871618757207, -0.27358806307748335]",39.20592296535809,5.846285478416224
"[-3.0585806606931154, 0.34837960518394673, -0.34837960518395095, -0.3416879628386992]",40.38081164156827,5.849428642651931
"[0.5956868046191784, 0.001535437959377448, -0.0015354380030407364, 13.768983690323346]",35.87019742150816,5.852571806887639
"[-1.4518865807839516, -0.8059154698779029, 0.8059154698779007, -0.326744727348934]",53.13923639211622,5.855714971123347
"[-16.106314121558157, 0.8079839504597188, -0.8079839504597752, -0.061678746313715116]",51.713806375284776,5.858858135359054
"[-16.962898081365996, 0.8872004267473528, -0.8872004267473709, -0.05476761556231083]",51.45743016508453,5.862001299594762
"[-13.797554055050638, 0.6877393060877525, -0.6877393060877806, -0.07784429959677067]",51.3983655615013,5.865144463830469
"[-8.325023951261663, 0.27511477110189725, -0.2751147711019385, -0.14806651404992202]",51.61411507023742,5.868287628066177
"[-5.792798685820886, 1.1886278337877396, -1.1886278337877758, -0.08756528525477726]",49.93709254649105,5.871430792301885
"[-0.2972311004211712, 0.6472549194229694, -0.6472549194229698, 0.25180874294723027]",39.9970901504621,5.874573956537592
"[-11.319539493719253, 0.884160260779199, -0.8841602607798481, -0.07986944635709457]",48.66417152976876,5.8777171207733
"[-3.4688062506181927, 0.469573979377609, -0.46957397937761475, -0.29469683460161494]",43.4557766883783,5.880860285009008
"[-0.3699555424615129, 0.6958837259525593, -0.6958837259525634, 0.13412044902149658]",36.70115587481208,5.884003449244715
"[-0.836164362003675, 0.7245264460555872, -0.7245264460555993, -0.21938410780291187]",36.813366784346115,5.887146613480423
"[-0.8781682890583395, 0.6357785717649865, -0.6357785717649936, -0.22931883306022227]",36.79386601307198,5.890289777716131
"[-0.7049004099660168, 0.5839604274381107, -0.5839604274381329, -0.027350707279167514]",36.83333317822526,5.893432941951838
"[-0.3180017653434734, 0.2846226389004646, -0.28462263890047196, 1.2004962860781978]",36.95646665681406,5.8965761061875455
"[-0.21740888978302542, -0.07921058531077814, 0.0792105853107834, 1.855476610170014]",40.47440804058173,5.899719270423254
"[-2.9300632999987504, 0.021647079856706337, -0.02164707985671927, -0.3753345114853496]",46.51792115339503,5.902862434658961
"[-0.14961940413384833, -0.8093867069536659, 0.809386706953665, 0.09336617973745252]",51.04846343195778,5.9060055988946685
"[-3.8796701580964377, 0.826444555459068, -0.8264445554590719, -0.2073413743385225]",46.37717842713252,5.909148763130376
"[0.6046137091707957, 0.0025114859034797168, -0.0025114858790109113, 12.896657875237548]",45.19035543458874,5.912291927366084
"[-1.025463561097174, 0.8750647822386701, -0.875064782238721, -0.24680024142921747]",50.119357659546345,5.9154350916017915
"[-2.5467335957364075, -0.4486872719005277, 0.4486872719003817, -0.37279165262087094]",48.98329138210841,5.918578255837499
"[-4.515854568864984, -0.10906963520938379, 0.10906963520938119, -0.2623109956253822]",48.638985877130075,5.921721420073206
"[-5.940334894322857, 0.058340304649921126, -0.05834030464992635, -0.2071092163001872]",48.45064211600595,5.9248645843089145
"[-7.121323094616783, 0.17679603650590411, -0.1767960365059677, -0.17390947239191973]",48.323988118215475,5.928007748544622
"[-8.156770279413042, 0.27128016271024813, -0.27128016271065175, -0.15099627362809212]",48.2301730192673,5.931150912780329
"[-9.094144951019867, 0.35137187404327713, -0.3513718740433057, -0.13382599412636526]",48.15705702389496,5.9342940770160375
"[-9.960834248791679, 0.4218213646882567, -0.42182136468826964, -0.12024313273422697]",48.09840167113178,5.937437241251745
"[-10.774295695271602, 0.48534700866326386, -0.4853470086632915, -0.1090801017991001]",48.05058253954302,5.940580405487452
"[-11.546367332578258, 0.543651192365901, -0.5436511923659498, -0.09964364385973187]",48.01131645690672,5.94372356972316
"[-12.28539450904095, 0.5978657885959001, -0.5978657885959081, -0.09149367384525364]",47.97908342925358,5.946866733958868
"[-12.997368442125417, 0.6487721669044554, -0.6487721669044721, -0.08433658601706322]",47.952833923268344,5.950009898194575
"[-13.686576496778727, 0.6969198517662492, -0.6969198517663376, -0.07796906156221732]",47.93182767942151,5.953153062430283
"[-14.35597589512062, 0.7426937936318945, -0.7426937936319504, -0.0722464928044828]",47.91553956053574,5.956296226665991
"[-15.007401171986638, 0.7863535419781439, -0.7863535419782776, -0.06706429528596866]",47.90360200267541,5.959439390901698
"[-15.641650700971363, 0.8280550289517999, -0.8280550289518044, -0.06234649112349011]",47.89576898291238,5.962582555137406
"[-16.258493033752828, 0.8678616954057252, -0.8678616954057745, -0.05803850617548754]",47.89189308440713,5.965725719373114
"[-16.856585487024844, 0.9057466781518234, -0.905746678151892, -0.05410273350983603]",47.89191136384899,5.968868883608821
"[-17.43332201413334, 0.9415885116414935, -0.9415885116417972, -0.05051585128465925]",47.8958372899954,5.972012047844529
"[-17.98458713497124, 0.9751596765854565, -0.9751596765856364, -0.04726751954820604]",47.90375729354237,5.975155212080237
"[-18.504412280897714, 1.00610831850403, -1.00610831850412, -0.04436013916492018]",47.91583129187532,5.978298376315944
"[-18.984499240084496, 1.0339312961973912, -1.0339312961977185, -0.04180968997687693]",47.93229685946676,5.981441540551652
"[-19.413586358778055, 1.0579372652503318, -1.0579372652503969, -0.03964770459273194]",47.95347761296564,5.98458470478736
"[-19.77660462744563, 1.0771965994991533, -1.077196599499558, -0.03792473369917828]",47.97979675675891,5.987727869023067
"[-20.053566074503795, 1.0904743845094707, -1.0904743845095324, -0.03671590032628053]",48.011798140542574,5.990871033258775
"[-20.218101814370314, 1.096140550885889, -1.0961405508862778, -0.03612970266523451]",48.05017981529474,5.994014197494483
"[-20.235518500738483, 1.0920469917544993, -1.0920469917546949, -0.036322352711653266]",48.09584929189917,5.99715736173019
"[-20.06016302656811, 1.075353465130541, -1.0753534651307632, -0.03752230966110383]",48.15002154827897,6.000300525965898
"[-19.63165621833136, 1.0422624268051, -1.0422624268051208, -0.04007557366478362]",48.21440685064339,6.003443690201606
"[-18.868957435002955, 0.9875655203507321, -0.9875655203508482, -0.04453819205501821]",48.2916051265511,6.006586854437313
"[-17.65945121144257, 0.9037318925809146, -0.9037318925810937, -0.05189204522264124]",48.38603145798044,6.009730018673021
"[-15.83427287013986, 0.7786575532709602, -0.7786575532711166, -0.06414987078878147]",48.50645288035365,6.012873182908729
"[-13.09614188746737, 0.5883732872484958, -0.5883732872485153, -0.08661123416216351]",48.6748774566491,6.016016347144436
"[-4.186676384347642, 0.5207989041254115, -0.5207989041254223, -0.247185815692661]",36.07974341811383,6.019159511380144
"[-2.887897661568134, 0.11494253754368591, -0.11494253754384921, -0.3770759283299952]",36.300535621476314,6.022302675615851
"[0.19646131739242448, -0.9861608527405292, 0.9861608527405269, 0.4041033669373553]",35.47651904060218,6.025445839851559
"[0.5935392311914872, -0.002053901041413083, 0.002053900997905667, 11.401171767336185]",33.12637143847264,6.028589004087267
"[-0.8551553983109331, -0.7869439055390328, 0.7869439055390304, -0.22733804480675945]",37.244741748523346,6.031732168322974
"[-3.026119583694616, 0.3051124995779278, -0.30511249957793546, -0.3495111415014096]",37.275173920892705,6.034875332558682
"[-0.4196976798181747, -0.014941038026187006, 0.014941038025203371, 6.41684918339523]",33.5512375505689,6.03801849679439
"[-1.565899406147166, 1.1278702453815683, -1.127870245381633, -0.1405959993474802]",35.782045869264124,6.041161661030097
"[-0.9479317217808821, -0.35745778352633506, 0.3574577835263284, -0.17065496554810797]",39.50437441829271,6.044304825265805
"[-4.178255815824266, 0.273713051048082, -0.2737130510480981, -0.2722772832611811]",38.949682649203204,6.047447989501513
"[-5.6973432891326325, 0.5248816591502435, -0.5248816591502585, -0.1903255119075692]",38.95227421410136,6.05059115373722
"[-5.494953698739607, 0.4422681356668139, -0.4422681356668423, -0.20385986427347386]",39.17398846864321,6.053734317972928
"[-2.3541422809215686, -0.29136420512948563, 0.29136420512946837, -0.41926667476584506]",39.79346807591796,6.056877482208636
"[0.6195251658180618, 0.01824722335300339, -0.01824722335277127, 5.980138091112066]",35.32260833882928,6.066306974915759
"[0.5961294236233966, -0.007375084373462033, 0.007375084358306134, 10.335190724681611]",37.89232886648228,6.069450139151466
"[-3.3409994530574205, 0.47012565656083005, -0.47012565656101973, -0.3032749970397087]",40.07631888265794,6.072593303387174
"[-0.41558975189070274, -0.9273695598822179, 0.9273695598822179, -0.03059343342319554]",40.513872760476495,6.094595453037128
"[-0.15760982180728922, 0.7758023528231293, -0.7758023528231319, 0.12677174788095655]",42.59947405893015,6.104024945744251
"[-3.5441131224796343, 0.41100643943217724, -0.41100643943219617, -0.2975437946503947]",53.725158100137165,6.107168109979958
"[0.4080948865729037, -0.9978504692536542, 0.9978504692536531, 0.7603779695720289]",51.62683662842571,6.1103112742156656
"[-3.3198726741409326, 0.6883806782042995, -0.6883806782045855, -0.2643129387077662]",49.56784755265386,6.113454438451374
"[-10.233417641460278, 0.5887242752525115, -0.5887242752525821, -0.10894311641771173]",48.07591519377808,6.119740766922789
"[-0.23143256705538723, 0.8462693547513578, -0.8462693547513588, 0.041939614330032314]",36.347405672462735,6.122883931158497
"[0.5541267093870147, -0.15133425180487994, 0.15133425180485643, 2.5216430770800042]",34.548257818410406,6.126027095394204
"[0.5364291504665143, -0.01682082173154105, 0.016820821731158488, 3.8492838226449453]",33.77212371706224,6.129170259629912
"[0.5551348198816201, -0.00879130884193483, 0.008791308841562625, 4.592831382614863]",33.87414912525755,6.13231342386562
"[-1.6700224533784434, -0.1391123457688932, 0.13911234576888692, -0.5127263797010535]",41.41490568205799,6.135456588101327
"[-0.6247047278821329, -0.3208823040207495, 0.3208823040207293, 0.5704491818448668]",35.04255195506756,6.138599752337035
"[-6.742127584973528, 0.7249126602248768, -0.724912660224899, -0.14529480862555863]",42.60538713178276,6.141742916572742
"[0.7929040907594982, -0.4166923118319701, 0.4166923118319695, 1.6497881010155235]",45.26786976598603,6.148029245044158
"[-4.820473381724993, -0.0010776090960646176, 0.001077609096035804, -0.24925718702121985]",46.11761960717097,6.151172409279865
"[-5.9857352359835785, 0.1370636487541407, -0.1370636487541567, -0.20438336704358642]",46.073016433510965,6.154315573515572
"[-5.897047121124403, 0.12015697145143732, -0.1201569714514712, -0.20749870817626542]",46.163959934063925,6.157458737751281
"[-4.947053799807254, -0.0016053293024053212, 0.0016053293023866756, -0.2437069378266345]",46.34187195517195,6.160601901986988
"[0.15052096886143906, -0.4851500090430343, 0.48515000904302114, 0.7361831293597666]",39.20907518085283,6.179460887401234
