u,t,theta
"[-0.007483449851858611, 0.008078589041138711, 1.228743222626682, 1.1382233011846605]",46.26576839683942,0.0
"[1.03816727218994, 0.5283338304582946, -0.20873685272058629, 0.4101644765137858]",52.18752430649838,0.003143164235707647
"[0.669089048842542, -0.015942878973669014, -0.0803881321438924, -3.3737205784929873]",62.400544297641126,0.006286328471415294
"[-1.9505364480212515, -0.07581337714378558, 0.019612212472831857, -0.5045855585888102]",166.58699418282467,0.009429492707122941
"[0.6689903667467664, -0.025702636579816588, -0.11794296390490284, -3.0698292929020226]",72.81495908351741,0.02828847812136882
"[-0.537126686544357, -0.6673415797327991, 0.20812588839547347, -0.16751536576324608]",40.33234649732687,0.03143164235707647
"[0.5798634825413571, -0.28234086268261466, -0.1760587509947667, -0.3615843612352671]",38.57074844151099,0.03457480659278411
"[0.6779169002078915, -0.48429456070103305, 0.10549214908645715, 0.1476682096149038]",38.60446680385602,0.037717970828491765
"[0.8018647685213144, -0.568374036912408, 0.2290474852068579, 0.32314127102551776]",38.60890787651002,0.04086113506419941
"[0.8879095780945488, -0.6623801127218052, 0.3147980486555416, 0.4219815740212564]",38.68705018229575,0.04400429929990706
"[0.9035767453176758, -0.8244976927453218, 0.4131809431370561, 0.4528098684957608]",38.89517936106344,0.047147463535614706
"[0.7527188886140248, -1.1008917954877742, 0.5458784180519033, 0.3732364959376911]",39.32070084565258,0.05029062777132235
"[0.45858484474036537, -1.3116778460067327, 0.6345020882562247, 0.2218327026840057]",39.762775829105166,0.05343379200703
"[0.6205034974142734, -1.0756615711532436, 0.6034219464851768, 0.3480885050203559]",39.35482481040244,0.05657695624273764
"[0.5846861549081186, -0.6769030810316438, 0.39308285969593165, 0.3395317767583743]",38.59992010315546,0.05972012047844529
"[0.3340433283960392, -0.2948983000373727, -0.25375880911563004, -0.28744294964080674]",38.152587698659985,0.06286328471415294
"[-0.2700482843064284, -0.011826844720994182, -0.2696160280568294, 6.156278155059319]",40.70779835223907,0.06914961318556823
"[-0.6132455275241603, -0.7079118671038439, 0.29538394040272087, -0.25588337866905575]",200.60317121923234,0.07229277742127588
"[0.46419900923403107, 0.9522325389246097, -0.6818356958040456, 0.33238462404370206]",46.19996064534948,0.07543594165698353
"[0.6973667082527002, 0.0009313638587248034, 0.018601904424228714, -13.928336170544789]",40.941384869761706,0.07857910589269117
"[0.11534621616643587, -0.978362398908106, 0.8241458788805338, 0.09716451572967663]",49.715141163060025,0.08172227012839882
"[0.7151543339294878, 0.011438717654475534, 0.07717519298059496, -4.8250315637401675]",53.554560013617795,0.08486543436410646
"[1.3686939624077297, 1.7752032568220855, -0.37509926850629005, 0.28920412473058493]",84.5223508860582,0.08800859859981412
"[-1.2546571373273459, -0.4776811380486355, 0.19706217267843262, -0.5175951942717514]",43.1974948254889,0.11315391248547528
"[-0.2022190051070083, -0.01688866587100793, -0.2717169224591286, 3.2534438273700035]",38.23144382019827,0.11629707672118293
"[0.07502954109971495, 0.9256060873183278, -0.8190287894951547, 0.06639039550973179]",41.71579869622943,0.11944024095689058
"[-0.16998945468762322, -0.14438265087134114, -1.3241227614327558, 1.5589608917488624]",54.01187081868832,0.12572656942830587
"[0.659125061934364, 0.038385217464700486, 0.14365993971371216, -2.46683158037731]",37.45947772420243,0.12886973366401352
"[1.22186402904181, 0.21177861930167202, -0.06643752478438213, 0.3833135846304692]",36.89731396543266,0.13515606213542883
"[0.47478392508115486, 0.32310567148536684, 0.1579106244304687, -0.2320399568798851]",35.47863558827876,0.13829922637113645
"[0.3148211826679686, 0.4965481844092193, -0.04811597255234647, 0.030506460117607798]",35.29251347802088,0.1414423906068441
"[0.21126874842265933, 0.5847892134255034, -0.17893598527151833, 0.06464479984959318]",35.19364862551804,0.14458555484255176
"[0.1274192908451912, 0.6470111303279098, -0.273738756278982, 0.053908807077621496]",35.12221800002208,0.1477287190782594
"[0.05666350626899261, 0.6939907579779282, -0.34428466034054483, 0.028110426234451435]",35.0670690854202,0.15087188331396706
"[-0.003377524947554137, 0.7306807059770395, -0.397804416373873, -0.001838825535634528]",35.02367648301637,0.15401504754967468
"[-0.05383890480743674, 0.7600650107612207, -0.4392793753685061, -0.031116181036462586]",34.98966977636272,0.15715821178538233
"[-0.09537115055278741, 0.784119695887299, -0.472212417556263, -0.05743439656453262]",34.96354103848261,0.16030137602109001
"[-0.1283848190095664, 0.8041653895540147, -0.49906289372242696, -0.07967527590372132]",34.944128589627496,0.16344454025679764
"[-0.15314339847246744, 0.8210283651213727, -0.5215299407674736, -0.09727905992927098]",34.93035674312382,0.1665877044925053
"[-0.1698047661395632, 0.8351215257988193, -0.540737012201512, -0.10994773702192595]",34.92107015541726,0.1697308687282129
"[-0.17844069730049622, 0.8464863391036819, -0.5573441213048763, -0.11748904742783797]",34.91490484928426,0.1728740329639206
"[-0.1790373897275344, 0.8548165840579828, -0.5716016696025268, -0.1197193325423282]",34.91018004960657,0.17601719719962824
"[-0.17146606690062347, 0.8594788400970349, -0.5833483213963275, -0.11637801611452725]",34.904821377030274,0.17916036143533587
"[-0.15540354085210661, 0.8595404579450034, -0.5919385530523331, -0.10702154419948254]",34.89635255378104,0.18230352567104352
"[-0.1301818252667187, 0.8538073855954071, -0.5960616023731169, -0.09088277833790795]",34.882021386785475,0.18544668990675117
"[-0.09457169880774796, 0.8408512470336891, -0.5933739488386879, -0.06673758594983145]",34.859147737386294,0.18858985414245882
"[-0.04657058909834841, 0.8189648509632723, -0.579831273896697, -0.0329722136075128]",34.825770787321744,0.19173301837816648
"[0.016630066343056846, 0.7859396197082107, -0.5486321323019521, 0.0116087655200578]",34.78161575286526,0.1948761826138741
"[0.09830838417065607, 0.7385489920420683, -0.48896425592392667, 0.06508611674387249]",34.729331666649074,0.19801934684958175
"[0.3062822996207619, -0.6939119943860484, 0.4760888867024438, 0.21013846168219924]",37.21096895566542,0.2011625110852894
"[-0.04285744621817864, -0.2211456849865691, -1.222617073347636, 0.23693994060797344]",35.88635827483879,0.20430567532099703
"[0.6019167110410988, 0.11673166086844851, 0.21633959149352938, -1.1155363884230034]",34.944314059003474,0.2074488395567047
"[1.1102480363575788, 0.25435276500074905, -0.06390628661078779, 0.27895049310874664]",35.765539805999325,0.21059200379241236
"[0.807028402382185, 0.35295852490571067, 0.009351491967122209, -0.0213818879261362]",35.55983375629715,0.21373516802812
"[0.46797646944455185, 0.5835171501226537, -0.2557865948009046, 0.20513897070722326]",35.73135379243334,0.21687833226382763
"[0.9760927149818185, 1.0748632260048014, -0.4564355884568729, 0.41449315780127305]",38.70609176732132,0.22002149649953529
"[2.262001517432187, 7.770474750264793, -0.15235407043901925, 0.044350589841153476]",71.43845270069372,0.22630782497095056
"[1.204849445845621, -0.9324829186978236, 0.35578083862894544, 0.4596999448131269]",38.18235331258925,0.2294509892066582
"[0.8863928949232585, -1.9627674696554651, 0.44788437788078383, 0.20226620648565033]",55.38160895727217,0.24202364614948882
"[0.7437458936471151, 0.022197916854496045, 0.0782447701814812, -2.6216075545748017]",41.06920231721557,0.24516681038519647
"[0.5023391475828488, 1.079878216665451, -0.6588101365755714, 0.3064661526817736]",41.6958984441392,0.2483099746209041
"[0.16968517739147307, 0.7024495847813444, -0.4439596278942061, 0.10724380773509716]",37.98797467232443,0.25145313885661175
"[-0.1424669996429141, 0.006899943175675082, 0.11944196534506957, 2.466185300492373]",36.86528989211164,0.2545963030923194
"[-0.19655910783752814, 0.02472522105689677, 0.39074615037031357, 3.1063307596312626]",37.16821991338683,0.25773946732802705
"[-0.041845454058955005, 0.034074528808872594, 1.1297684842211964, 1.3874197782426618]",38.010947874536214,0.2608826315637347
"[0.6483752517271616, -0.006040228056270563, -0.02436069808572464, -2.6149465891162533]",40.790796499505504,0.26716896003515
"[0.1886766812717741, -0.8493320558014162, 0.819579034152154, 0.18206713281043238]",46.53376847490183,0.27031212427085766
"[-2.5566850432531036, -1.1307250194503933, 0.16051076282712826, -0.3629312693556114]",56.99547628476657,0.2734552885065653
"[-1.4384942170536288, 2.7282256534425238, -0.32695096906603466, -0.17238936144014164]",93.35589850971427,0.2828847812136882
"[-0.7141377199566347, -1.0582624517190837, 0.5264873978094134, -0.3552847493046303]",53.45343378507559,0.3520343943992565
"[-0.0716903305267097, 0.020546795703849093, 0.5373330653932424, 1.8748220217001232]",37.94355134370303,0.3551775586349641
"[0.7388875838776546, -0.3947986341470041, 0.005054631853408197, 0.009460024413770007]",34.21302461419815,0.35832072287067174
"[1.2235453456003273, -0.4925001786986968, 0.1894397894800273, 0.47063571286862943]",34.030438836636804,0.3614638871063794
"[0.6549933755098434, 0.030850118501624498, 0.11867930493680455, -2.5197361410385066]",32.746832422912526,0.3677502155777947
"[0.48324519895992357, -0.012416420856941739, -0.02385785749630529, -0.9285441614275174]",33.03967137454014,0.37089337981350234
"[-0.008289878159717507, -0.724261766707468, 0.37796472266816084, -0.004326172723207836]",34.853248105432876,0.37403654404921
"[14.287802251967125, 8.069403407183136, -0.04007926173318184, 0.07096491985253588]",115.0653808683236,0.37717970828491765
"[0.6501916683631114, 0.00975108646801602, 0.03982034403737658, -2.6551765292939686]",36.402957708111146,0.3803228725206253
"[0.7174972235629257, 0.003049064783197836, 0.021319328533409013, -5.016803549588905]",41.556059652092,0.38346603675633295
"[1.155289045941493, 5.777136984210221, -0.2077467717717669, 0.041544379233798404]",68.78765846455507,0.38660920099204055
"[0.3207342979052929, -0.8636030196664671, 0.7645720663326558, 0.28395510357051695]",57.88404211954465,0.3897523652277482
"[-0.1702407692371312, -0.13126256197432257, -1.3037412040489964, 1.6908850636852977]",52.145549965633414,0.39918185793487115
"[-0.40078485416120657, -1.0687366107740417, 0.6416355508926854, -0.24061850983370303]",49.761802399979686,0.4023250221705788
"[0.00044257025212121116, -0.023103881595915417, -1.6239636824168284, -0.031108106807839528]",45.19257066098763,0.40546818640628646
"[-0.2687354014573014, -2.812530156781355, 0.39619351508016254, -0.037856029053817845]",38.08887122793426,0.4211840075848247
"[-2.6420628873891796, -1.5673398882992675, 0.18823874204123034, -0.31731381178311485]",39.027690508777965,0.4243271718205323
"[-3.193464540983729, 0.6972532099842871, -0.07474470482097927, -0.3423355547943211]",39.74184875061333,0.42747033605624
"[-3.010128309677698, 1.3212563450254526, -0.1403089981176942, -0.3196564307348321]",39.87305005302423,0.4306135002919476
"[-2.928948969510922, -0.7814992761543083, 0.09594636913230115, -0.35959344758610223]",39.08949585281131,0.43375666452765527
"[0.39921738226710474, -2.5031128423305273, 0.4289415035189994, 0.06841118038495386]",37.429380756048594,0.43689982876336286
"[1.991276108098854, 0.06660219196065421, -0.016410614987202407, 0.4906454965105565]",35.7132485399853,0.44004299299907057
"[1.0078421900881211, 1.0861896589062614, -0.4469196356364166, 0.41468307185574704]",34.74840289362318,0.4431861572347783
"[0.04998151365111896, 1.035078886494776, -0.7985532807131098, 0.038560251031948586]",33.27211523373681,0.4463293214704859
"[0.08355036690427241, 0.8259654953785617, -0.689985618324822, 0.06979535088604467]",32.250973331156516,0.4494724857061935
"[0.26333590615974994, 0.7043087541854421, -0.4912619014092438, 0.18367924181062123]",31.926296078662556,0.4526156499419011
"[0.41808503404695657, 0.6009208672924199, -0.2883378285919951, 0.20060832872566647]",31.777405723806037,0.45575881417760883
"[0.54606792411312, 0.503790917675844, -0.11857344009110488, 0.1285238578421398]",31.696642985218716,0.4589019784133164
"[0.645946663892292, 0.41639462785372866, -0.0022896490517343836, 0.0035518978092383417]",31.63892346698878,0.46204514264902413
"[0.7172057289031232, 0.3519976250257659, 0.0545519025955054, -0.11115113933281759]",31.58517101210813,0.46518830688473173
"[0.7685187757760683, 0.31472378335505646, 0.0678907563321179, -0.1657813095236446]",31.53812192414677,0.4683314711204394
"[0.8114240575355873, 0.2969056626918104, 0.05780019727776659, -0.15796421724082196]",31.506983288260425,0.4714746353561471
"[0.8548540286605774, 0.29035897141526235, 0.035103460256828846, -0.10334908638851312]",31.49811626328135,0.4746177995918547
"[0.9071846496426118, 0.28815504937655734, 0.004515355942077204, -0.01421547742153532]",31.51812537049963,0.47776096382756233
"[0.980780254690809, 0.279950301613698, -0.029677735814147677, 0.10397323068653831]",31.58049492927213,0.48090412806326993
"[1.1013439472344535, 0.23639337248544756, -0.05439391035920221, 0.25341828880677586]",31.722444281600108,0.48404729229897764
"[0.6564535495669849, 0.0925702901115345, 0.21876906076047706, -1.5513803219005398]",30.896009628659602,0.49033362077039294
"[0.5914970339223128, 0.09117300775387872, 0.18823903888778656, -1.2212258420945272]",31.071941573406217,0.49347678500610054
"[0.47629642947960243, 0.02088318121799964, 0.03966285055311297, -0.9046166819240408]",31.351459880496954,0.4966199492418082
"[0.008433604924488605, -0.0399046371143771, -1.5314258346702745, -0.32365763466865627]",31.83245196647148,0.4997631134775159
"[0.21443779763630125, -0.6818457179069551, 0.4175616759293993, 0.13132150545504823]",33.21658039294258,0.5029062777132235
"[-0.3414314894764598, -0.803563627418892, 0.4259326187238693, -0.18097734076718464]",33.50207706391284,0.5060494419489312
"[-0.8906903060463094, 1.5997780490129447, -0.4776386397282373, -0.26592945594019923]",36.169244265372846,0.5091926061846388
"[11.235092361723877, 13.077243892205136, -0.058954314448332656, 0.05064959967168285]",119.38640956883629,0.5154789346560541
"[-0.5810378513187228, -2.376527648654674, 0.4330835664780279, -0.10588471169283145]",39.85313894253085,0.5186220988917617
"[0.23341004530584744, 0.8638115999766474, -0.8367619328685655, 0.2261009700105214]",36.83726480928559,0.5217652631274694
"[0.038528247085345066, -0.6888938163005311, 0.3176976905315114, 0.017768101309098693]",36.70231669281885,0.524908427363177
"[0.5843673719564636, -0.0017177078336274296, -0.00439374752485344, -1.4947610087300687]",34.90541192767265,0.5280515915988847
"[0.689047705133341, 0.0018773091589920894, 0.017975191800733013, -6.597615849412542]",34.866182263299315,0.5311947558345923
"[-0.006283253744804158, -0.015974597820703176, -1.5465114244380873, 0.6082859680131107]",36.783799554568766,0.5406242485417153
"[-5.074389585548699, -4.326871571739024, 0.12285663881394629, -0.1440815698309351]",60.556782024667484,0.5469105770131306
"[1.8699194101981342, 0.5764434944701039, -0.1472599135636887, 0.4776949924119975]",34.00783129406101,0.5500537412488382
"[1.9691665973524013, 0.4316938163604886, -0.10498694006803226, 0.47889677290992705]",34.1103671655555,0.5531969054845458
"[2.0404903719845096, 0.31061536911416365, -0.07270951013024562, 0.47764235168269453]",34.19235295429397,0.5563400697202535
"[2.0887562944860765, 0.22443146737923314, -0.05106995928008211, 0.4753018823566758]",34.25130877276887,0.5594832339559611
"[2.1186145643228915, 0.18113378583716153, -0.040432957580749045, 0.47292034676643546]",34.285479280667005,0.5626263981916688
"[2.133039131482042, 0.18455825115161079, -0.04075551092559931, 0.471033395068503]",34.29431473660322,0.5657695624273764
"[2.1324987680579595, 0.2342489291692073, -0.051581850404562424, 0.469578379000505]",34.27857970641877,0.5689127266630841
"[2.1150584645019457, 0.3260269516588662, -0.07213206658214788, 0.4679476258337961]",34.240091350765894,0.5720558908987917
"[2.0771967206471564, 0.45302074250344426, -0.10144279789160111, 0.46513686315832886]",34.181205990547326,0.5751990551344994
"[2.0148220931969614, 0.6068594835326706, -0.13851876433738944, 0.45989339259339707]",34.10422203256531,0.578342219370207
"[1.9240212608753549, 0.7787442262151608, -0.18245264762364555, 0.450780578929011]",34.01083960671454,0.5814853836059147
"[1.801332603147145, 0.9601679415160106, -0.23246725081909902, 0.4361224947828018]",33.90174398844463,0.5846285478416223
"[1.6436188756411854, 1.1431313131092198, -0.2878267267965966, 0.4138434803173973]",33.776322793764734,0.5877717120773299
"[1.4478136402602524, 1.319773937426352, -0.34754978468053616, 0.3812678100851456]",33.6325255114285,0.5909148763130376
"[1.210995399900224, 1.4814006149727568, -0.40984124068872746, 0.33503149124356046]",33.46697265720479,0.5940580405487452
"[0.9317147102449044, 1.616976319930819, -0.4711701272611522, 0.2714920021933058]",33.275797971893205,0.5972012047844529
"[0.6139588639298434, 1.7120749976995633, -0.5253112878614885, 0.1883793186269982]",33.05717920659097,0.6003443690201605
"[0.2736520308041053, 1.7514003211768507, -0.563810723302812, 0.08809405111749233]",32.815985898343484,0.6034875332558682
"[-0.05968525814764663, 1.7278061841841459, -0.5798753218438354, -0.020031186712090993]",32.56659621277864,0.6066306974915759
"[-0.35563754771810324, 1.6502111120775969, -0.5731884885488642, -0.12352804253700256]",32.327112752393155,0.6097738617272835
"[-0.5986092849661038, 1.53823889303256, -0.5493417871731981, -0.21377764917480066]",32.1096385396255,0.6129170259629911
"[-0.7888151913182465, 1.4106237144486296, -0.515244628095136, -0.28812275429909756]",31.917727488401226,0.6160601901986987
"[-0.9341507620396413, 1.2798892444641983, -0.47622289358486564, -0.34758005887396837]",31.749805220857365,0.6192033544344064
"[-1.043882048014836, 1.152926922788821, -0.4356373893584953, -0.3944344096808527]",31.60256367516799,0.622346518670114
"[-1.1261095764232434, 1.0330186396790844, -0.3954122668001759, -0.4310450200755609]",31.47260306150735,0.6254896829058217
"[-1.1872396681405126, 0.921431959272646, -0.3565813876464468, -0.45944528412996355]",31.356975286693668,0.6286328471415293
"[-1.2321572569168027, 0.8183842090213902, -0.319659329134498, -0.4812783015513109]",31.253269462124884,0.631776011377237
"[-1.2645470211454883, 0.7235785708112792, -0.28486624913287917, -0.4978405681113076]",31.159554909171092,0.6349191756129448
"[-1.2871920723170105, 0.6364854637292774, -0.25225672330274473, -0.510149678079791]",31.07428854954582,0.6380623398486523
"[-1.3022078757515656, 0.5564881968745918, -0.2217932416159233, -0.5190063466624131]",30.99622944608604,0.6412055040843601
"[-1.3112148452924268, 0.48296262851902794, -0.19339055088072066, -0.5250438569784489]",30.924375057695542,0.6443486683200677
"[-1.3154657798663867, 0.4153108956935074, -0.16693914594716724, -0.5287670901263349]",30.857905792163553,0.6474918325557752
"[-1.3159375823685053, 0.3529792683545264, -0.14232005234465864, -0.53058160179778]",30.79614635510596,0.6506349967914828
"[-1.3133983809734628, 0.29546274440807513, -0.11941256565359086, -0.5308157233546125]",30.738534371635343,0.6537781610271906
"[-1.3084568337679703, 0.24230682395238276, -0.09809948543348967, -0.529737215035243]",30.684598799125283,0.6569213252628981
"[-1.3015985628806046, 0.19310295209786985, -0.07826879026192192, -0.5275659632157602]",30.63394032353942,0.6600644894986059
"[-1.2932134933882462, 0.14748589135547127, -0.05981529236116766, -0.5244836809914194]",30.586218710452066,0.6632076537343136
"[-1.2836164508922925, 0.1051291915382379, -0.0426409386053787, -0.5206414077239747]",30.541141764185323,0.6663508179700212
"[-1.2730629021533237, 0.06574118480807238, -0.026654866946540855, -0.5161653592117513]",30.498456984800104,0.6694939822057289
"[-1.261761145932136, 0.029061382316136388, -0.011773275492350235, -0.5111615619313794]",30.45794516941042,0.6726371464414365
"[-1.2498813176584649, -0.005144248090676939, 0.0020814341336478463, -0.5057193183005918]",30.419413815120123,0.6757803106771441
"[-1.2375633273136577, -0.03708453964456998, 0.014980319789871941, -0.4999143735115391]",30.382694735604577,0.6789234749128517
"[-1.2249220380871981, -0.0669477328261461, 0.02698908501129436, -0.49381097197119556]",30.347638689368402,0.6820666391485594
"[-1.2120522163814844, -0.09490288195513298, 0.038168099601735124, -0.4874639079905419]",30.314113582507577,0.685209803384267
"[-1.1990320060552253, -0.12110249438090748, 0.04857302204171166, -0.4809199707782558]",30.28200159166426,0.6883529676199747
"[-1.1859259356259297, -0.14568425546432, 0.05825513518670946, -0.47421923172908603]",30.251197364984957,0.6914961318556824
"[-1.1727871926363913, -0.1687728694270739, 0.06726179228416877, -0.4673960264610407]",30.22160616750074,0.69463929609139
"[-1.1596599449497114, -0.1904808411964495, 0.0756365012380119, -0.4604800163152072]",30.193143257506904,0.6977824603270977
"[-1.146580362644921, -0.21091073264698268, 0.08341962458960714, -0.4534966154318449]",30.1657316032429,0.7009256245628053
"[-1.133577914051679, -0.23015615758510463, 0.0906486106387127, -0.44646758113138363]",30.13930097798967,0.704068788798513
"[-1.1206772554278788, -0.24830155076314128, 0.09735779963812105, -0.4394119624207672]",30.113788585012113,0.7072119530342206
"[-1.1078980197283943, -0.26542466421630123, 0.10357927585172254, -0.43234593491855117]",30.089136357037894,0.7103551172699282
"[-1.0952562969994215, -0.2815962255567792, 0.10934266912872068, -0.42528356570537285]",30.065291665722693,0.7134982815056359
"[-1.0827648691621634, -0.2968811335675603, 0.11467554278113459, -0.418236913822821]",30.042206133165347,0.7166414457413435
"[-1.0704338368976984, -0.3113388833838763, 0.11960350693453474, -0.41121635512677673]",30.01983537042581,0.7197846099770512
"[-1.0582710580091808, -0.3250240812560292, 0.12415037472091545, -0.40423081237679265]",29.998138575146818,0.7229277742127588
"[-1.0462825727305902, -0.3379868450102242, 0.1283382869110148, -0.39728798617896666]",29.977078275033502,0.7260709384484665
"[-1.0344725847831373, -0.35027356410370547, 0.13218795428196564, -0.39039433390638206]",29.956619537165786,0.7292141026841741
"[-1.022844273097291, -0.36192667687501573, 0.13571858792666547, -0.38355553564674516]",29.936730510286207,0.7323572669198818
"[-1.0113993451640708, -0.37298568978302343, 0.1389482235901182, -0.3767762308320949]",29.91738121684528,0.7355004311555894
"[-1.0001387573791496, -0.38348692189334305, 0.14189365022644734, -0.37006043991492743]",29.898544115405596,0.738643595391297
"[-0.9890625552622281, -0.3934640832185594, 0.14457059449123866, -0.3634114718518525]",29.88019344761808,0.7417867596270047
"[-0.9781700762763893, -0.4029484348294867, 0.14699377737557898, -0.356832045987396]",29.862305187672536,0.7449299238627123
"[-0.9674603720564867, -0.41196874150097124, 0.14917692608984248, -0.350324551060111]",29.84485729579416,0.74807308809842
"[-0.956931726421615, -0.4205519647934541, 0.1511329699668938, -0.3438907578060602]",29.827828802711696,0.7512162523341276
"[-0.94658212081494, -0.42872309788479396, 0.15287401509434995, -0.3375321043803273]",29.81120020139532,0.7543594165698353
"[-0.9364092821623694, -0.4365053499396169, 0.15441141266956335, -0.3312497317973037]",29.79495331454368,0.7575025808055429
"[-0.9264105478094664, -0.443920437204667, 0.15575584170604567, -0.3250444055877057]",29.77907093082315,0.7606457450412506
"[-0.9165831774703254, -0.45098851153859987, 0.15691731812990956, -0.3189167137782502]",29.76353706794158,0.7637889092769582
"[-0.9069242469688762, -0.45772839416279115, 0.1579052641531366, -0.31286700718324967]",29.74833667598882,0.7669320735126659
"[-0.8974306299892029, -0.4641577159840367, 0.1587285521470432, -0.3068953927623512]",29.73345551354181,0.7700752377483735
"[-0.8880992227658656, -0.47029288133987723, 0.15939552452549022, -0.30100188002026457]",29.718880315650306,0.7732184019840811
"[-0.8789267292557189, -0.47614931921868187, 0.159914049543886, -0.2951862511497298]",29.704598433450197,0.7763615662197888
"[-0.8699098506771091, -0.48174144985791995, 0.16029153871406857, -0.28944818542952105]",29.69059798074921,0.7795047304554964
"[-0.8610452482362353, -0.48708279561705986, 0.1605349810790875, -0.28378724085035834]",29.67686771737965,0.7826478946912041
"[-0.8523296315522406, -0.49218600519754124, 0.16065096949023652, -0.2782029155403735]",29.66339710055054,0.7857910589269118
"[-0.8437596441057862, -0.4970629917301973, 0.16064572932989468, -0.272694579281979]",29.650176060180648,0.7889342231626194
"[-0.8353320333827122, -0.5017248967444345, 0.16052514073917293, -0.2672615871621892]",29.637195175417098,0.792077387398327
"[-0.8270434866289216, -0.506182240740364, 0.1602947605982605, -0.2619031783881465]",29.62444542359586,0.7952205516340346
"[-0.8188906341232158, -0.5104449663765881, 0.15995983694819316, -0.2566184817975349]",29.6119181302551,0.7983637158697423
"[-0.8108704535466223, -0.5145222762503018, 0.15952534624585096, -0.25140678223936835]",29.599605433670412,0.80150688010545
"[-0.8029796172587287, -0.5184230154359329, 0.1589959824995, -0.24626710113510042]",29.58749945184786,0.8046500443411576
"[-0.7952150260128596, -0.5221554330508398, 0.15837619669633843, -0.2411985462639731]",29.57559290333096,0.8077932085768653
"[-0.7875737512974159, -0.5257272566490151, 0.15767021739590725, -0.23620027877930125]",29.563878998210114,0.8109363728125729
"[-0.7800526512457635, -0.529145904273171, 0.15688202915646204, -0.23127126523717806]",29.55235096385068,0.8140795370482805
"[-0.7726488068712997, -0.5324183069781152, 0.15601542256860665, -0.22641056575486093]",29.541002533039915,0.8172227012839881
"[-0.7653592990794044, -0.5355510410332014, 0.1550739862971726, -0.22161719119970594]",29.52982767286073,0.8203658655196959
"[-0.7581814085059444, -0.5385502670853325, 0.15406114417044897, -0.216890237405979]",29.518820780260427,0.8235090297554035
"[-0.7511122423293635, -0.5414219107708992, 0.15298011471260242, -0.2122286422246621]",29.507976244955323,0.8266521939911111
"[-0.7441491806329282, -0.5441714967609613, 0.15183398335886925, -0.20763148195241565]",29.49728894567293,0.8297953582268188
"[-0.7372895818364233, -0.5468042917152773, 0.15062567049859119, -0.2030977797694009]",29.48675389881039,0.8329385224625264
"[-0.7305307780877731, -0.5493253194039343, 0.14935793451724577, -0.19862650466379836]",29.476366239595375,0.836081686698234
"[-0.7238704386611114, -0.5517392430435775, 0.14803344943702462, -0.19421681406851546]",29.46612162056317,0.8392248509339416
"[-0.7173059825720495, -0.5540505989065612, 0.14665470150875556, -0.18986766727111287]",29.45601554074657,0.8423680151696494
"[-0.7108350612908308, -0.5562636320310548, 0.1452240886320263, -0.1855781467624158]",29.446043874200512,0.845511179405357
"[-0.704455342527371, -0.5583823889882218, 0.14374388548791187, -0.18134731697233406]",29.436202625161673,0.8486543436410646
"[-0.6981645281812608, -0.5604107223779914, 0.14221625220352588, -0.17717423784838646]",29.426487936587524,0.8517975078767724
"[-0.6919604848025609, -0.56235226095829, 0.14064327305880267, -0.17305805305050162]",29.416896228325523,0.85494067211248
"[-0.6858410370861222, -0.5642104870576007, 0.139026912431743, -0.16899785451052307]",29.40742395716587,0.8580838363481876
"[-0.6798041029285011, -0.5659887027702504, 0.13736905297049692, -0.16499277347353253]",29.398067766472614,0.8612270005838952
"[-0.6738476304295018, -0.5676900586466126, 0.13567148460425565, -0.16104194009559641]",29.388824402722882,0.8643701648196029
"[-0.6679696542004655, -0.5693175459234125, 0.1339359252543556, -0.15714452209981097]",29.379690783668735,0.8675133290553105
"[-0.662168204342631, -0.5708740300655141, 0.13216399906848922, -0.15329966565808345]",29.370663883321214,0.8706564932910181
"[-0.6564415157622375, -0.5723622023940582, 0.130357305222069, -0.14950663526125585]",29.361740959188456,0.8737996575267257
"[-0.6507876215851809, -0.5737846941376697, 0.12851729559288577, -0.14576454545751866]",29.352919106379076,0.8769428217624335
"[-0.64520483199433, -0.5751439580900514, 0.12664542935611667, -0.14207267905919843]",29.344195775181348,0.8800859859981411
"[-0.6396914328610108, -0.5764423538057438, 0.12474308272160439, -0.13843028847355024]",29.33556843226728,0.8832291502338487
"[-0.6342457209251746, -0.5776821426250597, 0.12281156181003851, -0.13483662002119792]",29.327034610930014,0.8863723144695566
"[-0.628866051089575, -0.5788654815222325, 0.12085212201517097, -0.13129094610655145]",29.31859194415856,0.8895154787052642
"[-0.6235508298950712, -0.5799944301015808, 0.11886596960373774, -0.12779256169704556]",29.310238159900383,0.8926586429409717
"[-0.6182985811910925, -0.5810709424736024, 0.11685429083658122, -0.12434082820039377]",29.301971156856958,0.8958018071766793
"[-0.6131076992871463, -0.5820969223777822, 0.11481816056485067, -0.1209350119439653]",29.293788721704153,0.898944971412387
"[-0.607976772034914, -0.5830741608567029, 0.11275866854124234, -0.11757449724394445]",29.28568888506734,0.9020881356480946
"[-0.602904409632628, -0.5840043765356511, 0.11067685824379203, -0.11425867435327262]",29.27766973633901,0.9052312998838022
"[-0.5978891549688068, -0.584889234257988, 0.1085736908119465, -0.11098688170208097]",29.269729314869366,0.9083744641195101
"[-0.5929297210346696, -0.5857303055500755, 0.10645014572316479, -0.10775856159342687]",29.261865875569214,0.9115176283552177
"[-0.5880247588216486, -0.5865291135266099, 0.10430712671717074, -0.10457310918882845]",29.254077626766204,0.9146607925909253
"[-0.583172973272954, -0.5872871150060723, 0.10214551213946224, -0.10142994882536109]",29.246362864138597,0.9178039568266328
"[-0.5783732139679636, -0.5880056908713739, 0.09996619963797702, -0.09832859285273428]",29.23872005976347,0.9209471210623407
"[-0.5736241604986067, -0.5886861965276717, 0.09776996618265572, -0.09526843860840495]",29.231147517740894,0.9240902852980483
"[-0.5689247148345598, -0.589329905577928, 0.09555764808395208, -0.09224902244374089]",29.223643813207506,0.9272334495337559
"[-0.5642736926418603, -0.5899380577195539, 0.09333000183047215, -0.08926982092109129]",29.216207438957063,0.9303766137694635
"[-0.5596699715569752, -0.5905118394964329, 0.09108777399013689, -0.08633034677462888]",29.208836972078124,0.9335197780051712
"[-0.5551124619733957, -0.5910523908880025, 0.08883168987651964, -0.08343013043992549]",29.201531044259458,0.9366629422408788
"[-0.5506001345148329, -0.591560804544107, 0.08656246942114652, -0.08056873772080204]",29.194288366572028,0.9398061064765864
"[-0.5461319595732137, -0.5920381350694638, 0.08428079894756349, -0.07774573149453627]",29.187107665611776,0.9429492707122942
"[-0.5417068965659104, -0.5924854010859705, 0.08198732631414121, -0.0749606657209901]",29.179987667447065,0.9460924349480018
"[-0.5373240153609387, -0.592903574799405, 0.07968272532701809, -0.07221316205101742]",29.17292723340338,0.9492355991837094
"[-0.5329823065671156, -0.5932936026837651, 0.07736759846654276, -0.06950279068867725]",29.16592515030533,0.952378763419417
"[-0.5244188169381606, -0.593992805979087, 0.07270827281545961, -0.06419200035380067]",29.152091726816167,0.9586650918908323
"[-0.9223702976307748, -0.141339268660926, 0.01990221710849342, -0.12988049316935113]",30.12789040676278,1.0938211540262612
"[-0.9208804192722579, -0.14513290317723992, 0.020252842770524686, -0.12850598267988866]",30.12155308207625,1.0969643182619688
"[-0.9193862704171201, -0.14888820940586797, 0.020591645232869906, -0.12715362746285502]",30.115278458728127,1.1001074824976764
"[-0.9178884766636304, -0.15260559421267028, 0.02091912082513838, -0.1258238274055367]",30.109066323851675,1.103250646733384
"[-0.9163876617937594, -0.15628544299600577, 0.02123576408448747, -0.12451698522106149]",30.102916488152164,1.1063938109690916
"[-0.9148844472328718, -0.15992812335225187, 0.021542068208950625, -0.12323350485530714]",30.096828793635847,1.1095369752047992
"[-0.9133794357799201, -0.16353402491837962, 0.021838528470955992, -0.12197377776900767]",30.09080306409853,1.112680139440507
"[-0.9118732349133902, -0.16710350436874788, 0.022125637557073283, -0.12073820216943654]",30.08483916103382,1.1158233036762146
"[-0.9103664510568859, -0.1706369008371817, 0.02240388704169477, -0.11952717750951149]",30.07893697531879,1.1189664679119222
"[-0.9088596621809736, -0.17413460053372135, 0.02267377241671705, -0.1183410825641128]",30.073096348696897,1.1221096321476298
"[-0.9073534741753421, -0.17759690620848392, 0.022935782887763725, -0.11718031991905592]",30.067317222332665,1.1252527963833376
"[-0.9058484546031358, -0.18102419180260468, 0.023190413304695328, -0.11604526358873421]",30.061599462217487,1.1283959606190452
"[-0.9043452088622624, -0.1844167283778302, 0.023438151045762096, -0.11493631727052733]",30.05594305207239,1.1315391248547528
"[-0.9028442980158043, -0.1877748724604924, 0.02367948997529458, -0.11385385181724698]",30.05034789039478,1.1346822890904606
"[-0.9013462887024929, -0.19109895220004394, 0.023914921926597013, -0.11279824339691172]",30.04481390954903,1.1378254533261682
"[-0.899851764941567, -0.19438924350445355, 0.024144935119075884, -0.1117698803166452]",30.039341100831475,1.1409686175618758
"[-0.8983612915200059, -0.19764605201580668, 0.024370019947298826, -0.11076913690374782]",30.03392943237128,1.1441117817975834
"[-0.8968754318963102, -0.2008696736222038, 0.024590666101881868, -0.10979638629883308]",30.02857888489323,1.1472549460332913
"[-0.8953947564773395, -0.20406037767937624, 0.024807361375903416, -0.10885200522819946]",30.023289471684393,1.1503981102689989
"[-0.893919821003281, -0.2072184541906879, 0.025020594833316333, -0.10793635992582155]",30.018061191933096,1.1535412745047064
"[-0.8924511901177016, -0.2103441637234867, 0.025230853314581192, -0.10704982096826854]",30.012894077466985,1.156684438740414
"[-0.8909894150179722, -0.21343778580246006, 0.025438624629068776, -0.10619274929185774]",30.007788141588424,1.1598276029761219
"[-0.8895350685452439, -0.21649954493934337, 0.02564439249886391, -0.10536551679899468]",30.002743465521043,1.1629707672118295
"[-0.8880887002372005, -0.21952970662251517, 0.02584864289352335, -0.10456847969866455]",29.997760089019998,1.166113931447537
"[-0.8866508676537183, -0.22252851128412754, 0.0260518594989285, -0.10380199685618834]",29.992838081749944,1.1692570956832447
"[-0.8852221352813214, -0.2254961776117694, 0.026254523801294952, -0.10306642829310168]",29.987977540978928,1.1724002599189522
"[-0.8838030533437856, -0.2284329471036797, 0.026457117993562883, -0.10236212403633857]",29.983178540306398,1.1755434241546598
"[-0.882394183605669, -0.23133903089813984, 0.026660121224885373, -0.10168943741024979]",29.9784411957083,1.1786865883903674
"[-0.8809960838974111, -0.2342146423448555, 0.026864011682839528, -0.10104871690949248]",29.973765621327864,1.1818297526260753
"[-0.8796093208334053, -0.23705997141047258, 0.027069264626550894, -0.10044031192593181]",29.969151954290332,1.1849729168617829
"[-0.8782344435633708, -0.23987523887466355, 0.027276356142638816, -0.09986456114331786]",29.964600314596037,1.1881160810974905
"[-0.8768720334329688, -0.2426605950773041, 0.027485755576496577, -0.0993218135607562]",29.960110882274975,1.1912592453331983
"[-0.8755226339841472, -0.24541626359483618, 0.02769793600517498, -0.09881239952055819]",29.955683785640428,1.1944024095689059
"[-0.8741868300590658, -0.24814237993345278, 0.02791336191344613, -0.0983366620967942]",29.951319228622573,1.1975455738046135
"[-0.8728651898713292, -0.25083911032751843, 0.028132497944117835, -0.09789493403759224]",29.9470173954278,1.200688738040321
"[-0.8715582771917967, -0.2535066272498341, 0.028355807026041926, -0.09748754337552713]",29.942778465181874,1.2038319022760289
"[-0.8702666697091551, -0.25614507224247, 0.028583747099539144, -0.09711481926375874]",29.938602657652858,1.2069750665117365
"[-0.8689909491605818, -0.2587545765873499, 0.02881677246414439, -0.09677708810266492]",29.934490197985525,1.210118230747444
"[-0.8677316938573405, -0.2613352768363923, 0.02905533496019504, -0.09647467163949464]",29.930441309936153,1.2132613949831519
"[-0.8664894886490743, -0.2638872948864578, 0.02929988200325184, -0.09620788975612388]",29.92645624231991,1.2164045592188595
"[-0.8652649171136475, -0.2664107543631513, 0.02955085789338157, -0.0959770586847311]",29.922535237487043,1.219547723454567
"[-0.8640585898563173, -0.2689057225380606, 0.02980869764412063, -0.09578249584562368]",29.91867859896265,1.2226908876902747
"[-0.8628710845559903, -0.2713723346164881, 0.030073839355994558, -0.09562450947162546]",29.914886569382027,1.2258340519259823
"[-0.8617030109657796, -0.2738106596283838, 0.030346710272945224, -0.09550340973063391]",29.911159458689564,1.2289772161616899
"[-0.860554975031339, -0.27622077499367975, 0.030627734108470507, -0.09541950261202288]",29.907497566237474,1.2321203803973975
"[-0.8594275970095673, -0.2786027288851487, 0.030917326486356717, -0.09537309169389072]",29.903901224875025,1.2352635446331053
"[-0.8583214816072355, -0.28095660370954684, 0.031215902336870865, -0.0953644768971265]",29.900370743895717,1.2384067088688129
"[-0.8572372577739523, -0.2832824324016816, 0.031523865464881146, -0.0953939563299012]",29.89690647627372,1.2415498731045205
"[-0.8561755536835649, -0.28558025143924326, 0.031841614612242, -0.09546182512070801]",29.893508775164133,1.244693037340228
"[-0.8551370067147984, -0.2878500798639917, 0.03216954042958863, -0.09556837546596741]",29.89017801430071,1.2478362015759359
"[-0.8541222523197604, -0.29009194408807637, 0.03250802874382282, -0.09571389793825069]",29.88691456586169,1.2509793658116435
"[-0.8531319438334171, -0.29230583458903486, 0.0328574538407371, -0.09589867921718385]",29.883718833161367,1.254122530047351
"[-0.8521667322773129, -0.2944917507251396, 0.03321818480282408, -0.0961230048920135]",29.880591222515566,1.2572656942830587
"[-0.8512272866158394, -0.2966496555651537, 0.033590577916292746, -0.09638715555247174]",29.877532163035365,1.2604088585187665
"[-0.8503142663216802, -0.2987795388990069, 0.033974986970212194, -0.09669141409525314]",29.874542078734816,1.263552022754474
"[-0.8494283560820064, -0.3008813375917543, 0.034371749081773074, -0.0970360559810229]",29.87162143190979,1.2666951869901817
"[-0.8485702358810412, -0.30295500539138676, 0.034781196700375355, -0.09742135882565471]",29.868770683002786,1.2698383512258895
"[-0.8477406043364825, -0.3050004578600911, 0.035203646886930874, -0.09784759372548008]",29.865990320361902,1.272981515461597
"[-0.8469401594264178, -0.3070176190520188, 0.03563941005622263, -0.09831503393220858]",29.86328083022813,1.2761246796973047
"[-0.8461696143744338, -0.3090063832288619, 0.036088781796068344, -0.0988239474426355]",29.86064273098752,1.2792678439330123
"[-0.8454296864221327, -0.31096664280863084, 0.03655204839445583, -0.09937460344012543]",29.858076547887624,1.2824110081687201
"[-0.8447211088380167, -0.31289825779422165, 0.03702947936994041, -0.09996726441873169]",29.855582825878905,1.2855541724044277
"[-0.8440446130062637, -0.3148011036889732, 0.0375213387008835, -0.10060220066622777]",29.85316211949224,1.2886973366401353
"[-0.843400952327625, -0.316675007124964, 0.03802786841617966, -0.10127967068946844]",29.850815007518573,1.291840500875843
"[-0.842790884551326, -0.3185197942016177, 0.03854930013898859, -0.10199993643852465]",29.84854208645934,1.2949836651115505
"[-0.8422151785728003, -0.3203352719361453, 0.03908584999500128, -0.10276325780252081]",29.846343964406557,1.298126829347258
"[-0.8416746117381867, -0.32212123744578197, 0.03963772092065549, -0.10356989694508065]",29.844221266923366,1.3012699935829657
"[-0.8411699760508147, -0.3238774574730742, 0.04020509596844479, -0.10442010962034812]",29.842174647279624,1.3044131578186735
"[-0.8407020707368665, -0.3256036949546501, 0.04078814616775474, -0.10531415790452127]",29.84020475986636,1.307556322054381
"[-0.8402717112669352, -0.3272996755674454, 0.04138701906391925, -0.10625229393456977]",29.838312299158762,1.3106994862900887
"[-0.8398797224055231, -0.3289651138764157, 0.042001846747954576, -0.10723477323022312]",29.83649796333431,1.3138426505257963
"[-0.8395269387595019, -0.3305997123889827, 0.042632745649500495, -0.10826185596898302]",29.834762475003505,1.3169858147615041
"[-0.8392142076967517, -0.33220315536985534, 0.04327981435590345, -0.10933380531415676]",29.833106581170643,1.3201289789972117
"[-0.29991220476782127, -0.0007147738901451181, -0.10431017226072732, 43.7675386509344]",29.000158561584733,1.4018512491256105
"[-0.2998012195316051, -0.0015638845449610578, -0.1537008583876793, 29.464901975178176]",28.99889913551461,1.4049944133613184
"[-0.2996415999985965, -0.002687298310582598, -0.20069038497598218, 22.377563305927985]",28.997681402514704,1.408137577597026
"[-0.2994315782143839, -0.004025480484036826, -0.24466790793325402, 18.19939212426353]",28.996503140112182,1.4112807418327336
"[-0.2991704173090138, -0.005521702214508662, -0.28545488887581894, 15.466183236814983]",28.995364216782114,1.4144239060684412
"[-0.29885823675969303, -0.007128814850073856, -0.32314152390419476, 13.546923028773282]",28.994265788343643,1.4175670703041487
"[-0.2984957596281897, -0.008810370430439364, -0.3579507248464, 12.127387192868534]",28.99320961891155,1.4207102345398563
"[-0.298084077463511, -0.010539215233693746, -0.3901528258287576, 11.034820200424315]",28.99219768404426,1.423853398775564
"[-0.29762448871489955, -0.012295391426361763, -0.4200190865453372, 10.167058660395044]",28.991231916364352,1.4269965630112718
"[-0.2971183741172575, -0.014064309171633264, -0.4478016429809151, 9.460123100725015]",28.990314138023674,1.4301397272469794
"[-0.2965671413471112, -0.015835218939980276, -0.4737250421676052, 8.872076986924458]",28.989445994398963,1.433282891482687
"[-0.29597217241844276, -0.017600170325896503, -0.4979860160094129, 8.374350944537154]",28.9886289690967,1.4364260557183945
"[-0.2953348092040429, -0.019353208267555412, -0.5207550169891774, 7.9468520908138]",28.987864391112875,1.4395692199541024
"[-0.29465634130161367, -0.02108982776957949, -0.5421793134555898, 7.575053460740343]",28.98715344592074,1.44271238418981
"[-0.2939379975226626, -0.0228065942509834, -0.5623862756437152, 7.248197336169589]",28.986497200820907,1.4458555484255176
"[-0.2931809511893608, -0.024500850916187655, -0.5814861320501294, 6.958152509936519]",28.985896616246603,1.4489987126612252
"[-0.2923863218854454, -0.026170521518674213, -0.5995745957738714, 6.698659429816807]",28.98535255459451,1.452141876896933
"[-0.2915551737659338, -0.02781397644260017, -0.6167351904793594, 6.464819440646911]",28.984865803658234,1.4552850411326406
"[-0.290688524047178, -0.02942991681536955, -0.6330409978461556, 6.252744595910803]",28.984437074003555,1.4584282053683482
"[-0.2897873418858885, -0.031017306371118186, -0.6485563155498573, 6.059307939181254]",28.984067019089057,1.461571369604056
"[-0.2888525578287557, -0.03257530303892904, -0.6633378501858935, 5.881966301341242]",28.983756228718857,1.4647145338397636
"[-0.2878850625886305, -0.034103224308118726, -0.6774358883652637, 5.71862857775142]",28.98350524577207,1.4678576980754712
"[-0.28688570849873196, -0.03560051638358617, -0.6908952152814115, 5.567558661196616]",28.983314565380493,1.4710008623111788
"[-0.28585531635233097, -0.037066722665268365, -0.7037558112880054, 5.427303133522238]",28.983184645628086,1.4741440265468864
"[-0.28479468177650086, -0.03850146011354714, -0.7160534537305864, 5.296635890920689]",28.98311588914213,1.477287190782594
"[-0.2837045636189213, -0.03990442356212981, -0.7278204189577778, 5.174513397791414]",28.983108680200083,1.4804303550183016
"[-0.2825857011809578, -0.04127535324659799, -0.7390857557861764, 5.060043103299734]",28.98316335624078,1.4835735192540094
"[-0.2814388072065048, -0.042614037808261444, -0.7498757754677854, 4.952455919579663]",28.983280223587993,1.486716683489717
"[-0.2802645706707492, -0.043920305204177126, -0.7602143634136687, 4.851085419136474]",28.983459559927233,1.4898598477254246
"[-0.27906366361662727, -0.045194011172347004, -0.7701232155612955, 4.755351436971026]",28.98370160392873,1.4930030119611322
"[-0.2778367365584974, -0.04643504156545233, -0.7796221363294323, 4.664745907491807]",28.984006571937194,1.49614617619684
"[-0.27658442067040717, -0.047643307287116195, -0.7887292361913282, 4.578821901327205]",28.984374645080152,1.4992893404325476
"[-0.2753073277103335, -0.04881874218913347, -0.7974611192164943, 4.497184479555848]",28.98480598433621,1.5024325046682552
"[-0.2740060664244613, -0.04996128702800906, -0.805832941112338, 4.419484115086324]",28.985300699548475,1.5055756689039628
"[-0.2726812162112857, -0.05107091247052003, -0.8138587323940755, 4.345408731468229]",28.985858895337955,1.5087188331396706
"[-0.2713333478512192, -0.05214759912902033, -0.8215513829420164, 4.274679772198704]",28.986480631612697,1.5118619973753782
"[-0.2699630210861131, -0.05319133975094804, -0.8289227755526627, 4.207047571713144]",28.98716595149971,1.5150051616110858
"[-0.2685707849014875, -0.054202138850697495, -0.8359838856012082, 4.142287612291627]",28.98791485249535,1.5181483258467936
"[-0.2671571740675313, -0.055180014895240506, -0.8427448858295071, 4.080197197944697]",28.988727313189177,1.5212914900825012
"[-0.2657227149131723, -0.056124995843097554, -0.849215194270523, 4.020593027713147]",28.98960327759998,1.5244346543182088
"[-0.2642679188851673, -0.057037123254812166, -0.8554035726797449, 3.963308614797025]",28.990542666504144,1.5275778185539164
"[-0.2627932994413818, -0.05791644161430239, -0.8613181165415933, 3.9081929656875043]",28.991545353659593,1.5307209827896242
"[-0.2612993525965442, -0.058763010700588245, -0.8669663949934046, 3.855108086428914]",28.99261119514697,1.5338641470253318
"[-0.2597865681106418, -0.05957689841561282, -0.8723554518895982, 3.803927949355084]",28.993740011344645,1.5370073112610394
"[-0.2582554374580423, -0.06035817714319972, -0.8774918271373879, 3.754537436503886]",28.994931579896278,1.540150475496747
"[-0.2567064358745465, -0.061106933470011046, -0.8823816613553851, 3.706830608327791]",28.996185657403238,1.5432936397324546
"[-0.25514004286447384, -0.06182325790917304, -0.8870306647267887, 3.6607103778496075]",28.99750194687997,1.5464368039681622
"[-0.2535567269633812, -0.06250725276588129, -0.8914442016043708, 3.616087158332565]",28.998880134852406,1.5495799682038698
"[-0.25195694849189454, -0.06315903052397849, -0.8956273096167041, 3.5728782098924152]",29.000319870815655,1.5527231324395776
"[-0.25034117490443547, -0.06377870790298398, -0.8995846888744161, 3.5310073744592]",29.001820750969294,1.5558662966752852
"[-0.24870987067731878, -0.06436641101739564, -0.9033207603720818, 3.490404171075506]",29.003382336493296,1.5590094609109928
"[-0.24706348575336842, -0.06492227937376598, -0.9068397138432558, 3.4510029974741507]",29.005004166313697,1.5621526251467004
"[-0.24540248221832994, -0.06544645676337851, -0.9101454708052927, 3.4127433135600724]",29.0066857166533,1.5652957893824082
"[-0.2437273163157598, -0.0659390982264775, -0.9132417479919717, 3.375568765304584]",29.008426435818137,1.5684389536181158
"[-0.2420384456860096, -0.06640036801211564, -0.9161320620253637, 3.33942697870722]",29.010225720457665,1.5715821178538236
"[-0.2403363285172498, -0.06683044035083827, -0.9188197505198519, 3.304269196040904]",29.012082927921938,1.574725282089531
"[-0.2386214157950677, -0.06722950167308901, -0.9213080009703302, 3.270049815985778]",29.01399738322431,1.5778684463252388
"[-0.23689417715415584, -0.06759774494622063, -0.9235998292767662, 3.2367266356342803]",29.01596833881013,1.5810116105609466
"[-0.23515506975737074, -0.06793537756530883, -0.925698141899684, 3.204259973729741]",29.017995022024554,1.584154774796654
"[-0.2334045611889816, -0.06824261660581064, -0.9276057182106316, 3.1726128976854278]",29.02007660563952,1.5872979390323618
"[1.7285299967220684, -1.0584700624555983, 0.26021014771053136, 0.42493506592491403]",38.89042923095002,1.7413129865820363
"[1.4888298724604618, 0.5195262230045512, -0.1766072320342794, 0.5061113589696316]",37.87096673565643,1.744456150817744
"[0.8852230781930512, 0.8741087045224498, -0.44107818908529356, 0.44668653938095215]",37.42791160252445,1.7475993150534515
"[0.4073027304651615, 0.8824797156452141, -0.7057295373432179, 0.3257248437938834]",37.20540392001889,1.7507424792891593
"[1.916969548961585, -0.5814211477664019, 0.14330179076046115, 0.47247192547911276]",41.979280082537436,1.753885643524867
"[18.013998599731533, -6.580720156578723, 0.024069486607785805, 0.06588757578689257]",137.16409363953596,1.7570288077605745
"[-0.07441690191772944, 1.9284596019106068, -0.5351275078814001, -0.02064991728529611]",40.605640572322585,1.7601719719962823
"[-0.38304030818971113, -0.7785764482248895, 0.3765559348425372, -0.18525618346357098]",37.41992843306953,1.76331513623199
"[0.06448742548665168, -0.6680238719646854, 0.28141124186696514, 0.027165925130227503]",37.09347702033906,1.7664583004676975
"[0.0011879779818730859, -0.06693370343637575, -1.547349574069705, -0.02746325288868165]",35.937833299636445,1.7696014647034053
"[-0.11819523781497739, -0.19191584583397017, -1.3479605499979694, 0.8301686454283499]",36.12525379546119,1.772744628939113
"[0.4708553515423845, -0.08202846746774135, -0.14237877466388432, -0.8172749054818431]",35.495398912934654,1.7758877931748205
"[0.5425163117403898, -0.03156138070546043, -0.06736666067400954, -1.157982048509386]",35.377192496648625,1.7790309574105283
"[0.5857886906933193, -0.012258173844545998, -0.03141226119591665, -1.50111652771657]",35.3130862366956,1.7821741216462357
"[0.6162586659813122, -0.003715492045082614, -0.011387857847064429, -1.8888120335194727]",35.27376508474222,1.7853172858819435
"[0.6387230513126296, -0.00011151325516938672, -0.00040935999040285796, -2.344722709650006]",35.24969336082083,1.788460450117651
"[0.6555308172884585, 0.001089812948854224, 0.004809864721951858, -2.8931703887112934]",35.2361886312318,1.7916036143533587
"[0.6681198847074905, 0.0011811932461459225, 0.0063007561984362095, -3.563904991873822]",35.23048953797803,1.7947467785890663
"[0.6774913708773264, 0.0008486025346247754, 0.005506081407318835, -4.395841974232572]",35.23076873697385,1.797889942824774
"[0.6843944096898722, 0.00044032058756460966, 0.00350125088885632, -5.44202702834591]",35.23570743743241,1.8010331070604815
"[0.6894101295332089, 0.0001093164479721699, 0.0010746800419518738, -6.7775281844867115]",35.24428583403234,1.8041762712961893
"[0.6929953003618492, -0.00010022082336090593, -0.00123113071761206, -8.51287935645726]",35.255672837940985,1.8073194355318971
"[0.6955089899924939, -0.0001981821525788539, -0.0030826579015728658, -10.8184122288915]",35.26916650660846,1.8104625997676045
"[0.6972314240275479, -0.00021529892295036134, -0.004314212095734625, -13.971291765602029]",35.284161208542926,1.8136057640033123
"[0.6983788971354856, -0.00018485998071945213, -0.004884898737432952, -18.45456233367846]",35.300128873636936,1.8167489282390201
"[0.69856334682791, -0.00016429428322756602, -0.004621280180307956, -19.64923468233219]",35.23081372984164,1.9204733480173724
"[0.6977918406918909, -0.00018976883811300648, -0.004277451899280987, -15.728456313098912]",35.21460039274884,1.9236165122530797
"[0.696740937380541, -0.00019290491254566987, -0.0035512646890567597, -12.826586054617085]",35.19903402120769,1.9267596764887875
"[0.6953419901734204, -0.00016077902089034498, -0.0024535106219508336, -10.61101719772536]",35.18430211287735,1.9299028407244954
"[0.6935151643701055, -8.008816174589391e-5, -0.0010252609120584247, -8.878140531251194]",35.17059765671687,1.9330460049602027
"[0.6911685248294623, 6.057092920384734e-5, 0.0006569571321059027, -7.496469082056438]",35.15811993345176,1.9361891691959106
"[0.6881971613169785, 0.00026730080487192556, 0.0024770249604521262, -6.377390288255079]",35.147076233785185,1.939332333431618
"[0.6844821641533145, 0.0005362317912959406, 0.0042766677294698305, -5.459025062660157]",35.13768438422166,1.9424754976673257
"[0.6798894713831114, 0.0008474664788816743, 0.005854546365010217, -4.696875373012972]",35.13017743277707,1.9456186619030336
"[0.6742681161082493, 0.001157571345898323, 0.006966883292028334, -4.058106042462896]",35.12481047500319,1.948761826138741
"[0.6674474294490741, 0.0013904368304459088, 0.007328622860929296, -3.517937948503008]",35.12187108935363,1.9519049903744488
"[0.6592324075985323, 0.0014259938283970573, 0.0066132801044572415, -3.0572983407906795]",35.12169482253545,1.9550481546101566
"[0.6493956854115278, 0.0010855067526833514, 0.004448426024671339, -2.661235096181823]",35.1246881397802,1.958191318845864
"[0.6376635334625529, 0.00011053977794100063, 0.00040179625774760863, -2.317815600710094]",35.13136339076257,1.9613344830815718
"[0.6236911835662974, -0.0018706006572486032, -0.006050471526365407, -2.017333701141561]",35.14239422470002,1.9644776473172796
"[0.6070169261734109, -0.005402566870427762, -0.015590331911409164, -1.751685001191415]",35.15870976533647,1.967620811552987
"[0.5869718150747932, -0.011320922113614233, -0.029196825555448246, -1.5138089917640238]",35.18166917649153,1.9707639757886948
"[0.5624812330046541, -0.021015076574654946, -0.048458150244828094, -1.2970116954836]",35.2134285716381,1.9739071400244022
"[0.5315497833253982, -0.03712202561099088, -0.07638007881760658, -1.0936853169412981]",35.25786416942991,1.97705030426011
"[0.48947124607830256, -0.06596663209715191, -0.12009966929479891, -0.8911374268240841]",35.323715481922946,1.9801934684958176
"[0.4159753201176654, -0.13545206968780654, -0.20785851820982568, -0.6383366001774406]",35.447266123380736,1.9833366327315252
"[-0.12242559447642115, -0.19139809387981455, -1.3468704720627134, 0.8615102422522963]",35.98578287619022,1.9864797969672328
"[-0.01605484274228657, -0.14070811477522546, -1.4208147548965573, 0.16211543657048721]",35.8230240936071,1.9896229612029406
"[0.002001146224446497, -0.044624469804452185, -1.5834001586354787, -0.0710062273707178]",35.78049403756562,1.992766125438648
"[0.10437273331316937, -0.6414872187674545, 0.24171351603555705, 0.03932783009432425]",36.899854955422754,1.9959092896743558
"[0.00500023057222541, -0.6946890926019833, 0.3093676192552473, 0.0022267651015626913]",36.97263831080451,1.9990524539100636
"[-0.23716229434545316, -0.7636042069920926, 0.36649980047277875, -0.11382851582190967]",37.140152548454935,2.002195618145771
"[-0.7187831638637016, -0.7333101951317588, 0.343509378544613, -0.3367043845378537]",37.55038121306317,2.005338782381479
"[-1.4820275636923832, 0.5081817252557722, -0.18050557059323424, -0.5264145043479291]",38.90607958153433,2.0084819466171866
"[0.06481063189894486, 5.345485544680108, -0.2310621616606024, 0.002801482593113396]",53.49604259624094,2.011625110852894
"[-20.330514717740986, -1.3754434354999052, 0.004465615900045188, -0.0660065455520881]",146.03473790651182,2.014768275088602
"[-3.4680822306619645, -6.444506922887856, 0.15324274328746781, -0.08246688867470507]",63.092005152004575,2.017911439324309
"[0.41010143960158646, -2.3250260883035345, 0.45238389714295885, 0.07979406700174681]",43.079451587429006,2.021054603560017
"[0.45464801938112326, 0.9621769375377605, -0.6884762684171616, 0.32531893003773554]",40.23708709532042,2.024197767795725
"[0.3590115961567706, 0.8738073310527832, -0.7388995165212181, 0.303583507941209]",37.02457166534292,2.027340932031432
"[0.5619072504568627, 0.9043287097928235, -0.6100055771519916, 0.3790287236367373]",37.04809692408228,2.03048409626714
"[0.7927386964727361, 0.8940214598467536, -0.4863622989684229, 0.43126281886320944]",37.17199903585068,2.033627260502848
"[1.050022470075045, 0.8241906436372602, -0.36753156239559165, 0.4682368114178795]",37.332715348113545,2.036770424738555
"[1.3277952830993758, 0.6675941430900563, -0.24880179079590817, 0.494848326134762]",37.52953779409527,2.039913588974263
"[1.6098723256087062, 0.37136844116909096, -0.11808595294453435, 0.5118994685980448]",37.783241912427606,2.043056753209971
"[1.8305954169504468, -0.1832582337686244, 0.05061529424571078, 0.5056041617796023]",38.15073509882584,2.046199917445678
"[1.6355595253345765, -1.2620425181340977, 0.3027865082337603, 0.3923998998200968]",38.80473540493858,2.049343081681386
"[-0.31900182187387904, -2.3482060605665214, 0.45343597000280783, -0.06159889583929959]",40.02395423953065,2.0524862459170934
"[-2.6958418478118853, -0.626786335499465, 0.09042799797604427, -0.3889356984201166]",41.3312201724162,2.055629410152801
"[-0.6851569800394582, 3.1845988393102127, -0.34605065850164496, -0.07445177119106396]",42.99773168294954,2.058772574388509
"[3.5411890962991386, -1.605310892602658, 0.12541974532390668, 0.2766660568044649]",45.27692565901507,2.0619157386242164
"[-4.298390270278019, 1.9212130235052287, -0.10525478628124806, -0.23548984090585834]",48.475187357121484,2.065058902859924
"[-1.7584080463123688, -5.541274773538632, 0.20434053703013266, -0.06484321012511685]",53.12762163087596,2.0682020670956316
"[-6.7230241192489295, -3.024704774795832, 0.07089859025292844, -0.15758659696742172]",60.297374486013204,2.0713452313313394
"[-5.559808582371885, -7.968484673807734, 0.10981411040072525, -0.07662001728864876]",72.36597692541535,2.074488395567047
"[13.56393808098325, -1.1470329607790635, 0.008209525991322327, 0.09707960104728518]",95.44051236108027,2.0776315598027546
"[-1.4561326722267003, 21.243686006475144, -0.06325383668533807, -0.004335687234933555]",150.30027076365832,2.080774724038462
"[18.058562419182532, -23.708947450685663, 0.036368260615000016, 0.02770087140136131]",222.5053121093653,2.156210665695446
"[1.8937011701333641, 15.386934088843882, -0.08541788390264046, 0.010512552127848917]",107.03664707074911,2.1593538299311534
"[-7.811958143124502, -6.306639764841122, 0.08156960131683941, -0.10103927527158446]",73.23840373708984,2.1624969941668613
"[6.986751439033142, -1.7006631281473006, 0.04180394765071165, 0.171741120608674]",58.43002030964514,2.1656401584025686
"[1.278279137546154, 5.31202119913024, -0.22033804387227365, 0.05302191277696193]",50.5453386168086,2.1687833226382764
"[4.206750049253772, -0.9899749829476541, 0.06357917422433777, 0.27017015470772704]",45.786351893258505,2.1719264868739843
"[-3.3291681933517294, 1.1509149605143607, -0.10776184468695045, -0.31171486868879494]",42.69070788969495,2.1750696511096916
"[0.46968726118164017, -2.902632867198038, 0.38041503127862286, 0.061556559967593176]",40.55523362890556,2.1782128153453995
"[2.5177907992894006, 0.04526705945247727, -0.007654431288841716, 0.4257457167738711]",39.04506761670688,2.1813559795811073
"[1.2668759731773958, 1.780691478926275, -0.3937780039948065, 0.28015402888746427]",38.046333668813034,2.1844991438168146
"[-0.5865197456727702, 1.8395041124033045, -0.5066590685317806, -0.1615465526901246]",36.951030564606214,2.1876423080525225
"[-1.3880914436798757, 1.0731661881421657, -0.33408514353699753, -0.4321238726381054]",36.20036550878222,2.19078547228823
"[-1.5544994785140562, 0.4733833153413894, -0.16028471142372427, -0.5263440688488706]",35.74757067271693,2.1939286365239377
"[-1.5210202029620175, 0.07066249234511743, -0.025593143486181122, -0.5508960554297585]",35.438578937006994,2.197071800759645
"[-1.4238301175663493, -0.2030354671601755, 0.07790782791517535, -0.5463454899350011]",35.20814197012632,2.200214964995353
"[-1.3086174777467827, -0.39374046783200767, 0.1590210854974679, -0.5285150722710097]",35.02635198935271,2.2033581292310607
"[-1.1923157573682373, -0.52935004761592, 0.22392394034280766, -0.50436954473731]",34.877472123951605,2.206501293466768
"[-1.0814030809100492, -0.6271343054643537, 0.27678397593193943, -0.47727423250705925]",34.75230872644324,2.209644457702476
"[-0.978171554456206, -0.6981919986332725, 0.32045881606179116, -0.44896489627491293]",34.64505895953186,2.2127876219381832
"[-0.8831417201470755, -0.7499166668168629, 0.35696093303643506, -0.42037616494805874]",34.55183889690029,2.215930786173891
"[-0.7960749675464384, -0.7873900077801975, 0.3877467115704391, -0.3920235814268132]",34.46992765576225,2.2190739504095984
"[-0.7164231270280305, -0.8141990302187745, 0.41389720524749013, -0.3641929295492937]",34.3973485960947,2.2222171146453062
"[-0.6435346556719286, -0.8329336849184158, 0.4362337196786949, -0.33703945664463725]",34.33262260491233,2.225360278881014
"[-0.5767493916842301, -0.845500531910679, 0.4553937014492597, -0.3106420757585514]",34.274615126126406,2.2285034431167214
"[-0.5154421117871638, -0.8533262938481976, 0.4718813555207068, -0.2850346041790359]",34.22243867276181,2.2316466073524293
"[-0.4590388751469073, -0.8574941001787915, 0.4861028690340928, -0.2602234979349364]",34.17538660288406,2.234789771588137
"[-0.40702210741028255, -0.8588364556039573, 0.4983908553090228, -0.23619874880513547]",34.13288845890279,2.2379329358238444
"[-0.35892923499663587, -0.8580002536908863, 0.5090219457751446, -0.21294033050415415]",34.09447820115335,2.2410761000595523
"[-0.31434881174251655, -0.8554930343671278, 0.518229544932149, -0.19042217191142904]",34.059771466482154,2.2442192642952596
"[-0.2729155601255699, -0.8517164643355944, 0.5262132575984431, -0.16861454716038599]",34.02844886219803,2.2473624285309675
"[-0.23430540437946062, -0.8469909510729158, 0.5331459095921243, -0.14748559920504528]",34.00024367268707,2.2505055927666753
"[-0.19823050992126287, -0.8415739637654872, 0.5391789030363705, -0.1270021572548099]",33.97493244863778,2.2536487570023827
"[-0.16443490799659052, -0.8356738649625292, 0.5444462891172316, -0.10713028038048746]",33.9523279889026,2.2567919212380905
"[-0.1326904725970931, -0.8294604535363111, 0.549067941516893, -0.08783551323897269]",33.9322739042344,2.2599350854737983
"[-0.10279359273686861, -0.8230731424671625, 0.5531520122814487, -0.06908314673177118]",33.91464061301323,2.2630782497095057
"[-0.07456185369973128, -0.8166272594237066, 0.5567969366389923, -0.05083814096462785]",33.89932205588008,2.2662214139452135
"[-0.04783157116695752, -0.8102190923288132, 0.560092984814276, -0.03306528779303328]",33.886233480505446,2.2693645781809213
"[-0.02245528371845228, -0.8039298326555043, 0.5631235736762313, -0.015729108563719642]",33.87530965907655,2.2725077424166287
"[0.0017001242594476785, -0.7978288189745643, 0.5659663137174809, 0.0012060394875401095]",33.866503831454516,2.2756509066523365
"[0.024755218701977433, -0.7919761478264751, 0.5686939098663372, 0.017775967308938004]",33.859787027631896,2.2787940708880443
"[0.04681954212449679, -0.7864248444314846, 0.5713749278617435, 0.034016616709561937]",33.855147886374255,2.2819372351237517
"[0.06799287664585466, -0.7812227122110995, 0.5740744558583007, 0.049963951447639356]",33.852592949982245,2.2850803993594595
"[0.0883663163496689, -0.7764139379430421, 0.5768546910995292, 0.06565379835469794]",33.85214741554529,2.288223563595167
"[0.10802322062657721, -0.7720405158826096, 0.5797754798245249, 0.08112166820592254]",33.85385643615566,2.2913667278308747
"[0.12703988210124728, -0.7681436012673, 0.5828948049109075, 0.09640240076349967]",33.85778702938206,2.2945098920665825
"[0.1454861044500461, -0.7647648135728841, 0.5862692655287999, 0.11152975409798231]",33.86403078008976,2.29765305630229
"[0.16342541131614144, -0.7619476132888274, 0.5899545235541376, 0.12653568170323135]",33.87270741982325,2.3007962205379977
"[0.18091523919260502, -0.7597387606753481, 0.5940058080776104, 0.14144954609743685]",33.88396978187856,2.3039393847737055
"[0.19800652826310713, -0.7581900494554543, 0.5984784078234724, 0.1562967383424067]",33.89801025036458,2.307082549009413
"[0.21474305922655562, -0.7573603696427353, 0.6034282779730957, 0.1710969303779101]",33.91506957428674,2.3102257132451207
"[0.23116015884709307, -0.7573183332938127, 0.6089127917291438, 0.1858615742840162]",33.93544886584672,2.313368877480828
"[0.24728233730130603, -0.7581457275020308, 0.6149916692098688, 0.20059016606756355]",33.959525931550566,2.316512041716536
"[0.2631197754076161, -0.7599421959055578, 0.6217283473313182, 0.21526508726024146]",33.98777846484782,2.3196552059522437
"[0.2786625104947328, -0.7628317983998701, 0.6291918994659865, 0.22984384585949474]",34.02081702838521,2.322798370187951
"[0.29387116047260614, -0.766972443512031, 0.6374599006038488, 0.2442474724220854]",34.059433402635605,2.325941534423659
"[0.3086618659950971, -0.7725698688097525, 0.6466228190645202, 0.25834272599181757]",34.10467360249133,2.3290846986593663
"[0.3228810763939272, -0.7798989935444077, 0.6567908040063202, 0.27191382925039426]",34.15795156844932,2.332227862895074
"[0.33626181261884897, -0.7893376098912874, 0.6681042167151107, 0.28461577418293704]",34.221232884550595,2.3353710271307815
"[0.3483443592068015, -0.8014215188715831, 0.6807497863878834, 0.29589341256189367]",34.297344431036045,2.3385141913664893
"[0.35832428977161856, -0.816938330463213, 0.6949839306540728, 0.30483283017593904]",34.39052013437681,2.3416573556021967
"[0.36474191576270687, -0.8370924544096808, 0.7111584606816455, 0.3098693555215507]",34.5073997807041,2.3448005198379045
"[0.36480709964979496, -0.8637969040537832, 0.7297056527052623, 0.3081763797857878]",34.65885484955962,2.3479436840736123
"[0.35291951191656257, -0.9001077711015902, 0.7508194717548651, 0.29438568359973816]",34.86256298208033,2.3510868483093197
"[0.31853036322328676, -0.9500384479216785, 0.7725055309741682, 0.2590068516821596]",35.138560561653335,2.3542300125450275
"[0.2522096359899684, -1.0134436443846284, 0.7853431725456507, 0.19544364086985364]",35.45811952531302,2.357373176780735
"[0.16399449147033443, -1.0803476191522443, 0.780043065185622, 0.11840889314909393]",35.722460043972625,2.3605163410164427
"[0.06424969593353043, -1.1431059355189652, 0.7610127778956304, 0.04277367307967555]",35.915517926919094,2.3636595052521505
"[-0.046954362913077724, -1.1987543658168007, 0.7335847712286362, -0.028733998021611043]",36.069570782226826,2.366802669487858
"[-0.170960321243534, -1.2448275053749152, 0.7000229928870143, -0.09613874631231337]",36.204983137188115,2.3699458337235657
"[-0.30843470272597967, -1.2785533261373518, 0.6612362921723183, -0.15951483214544374]",36.33178592116965,2.3730889979592735
"[-0.4593961173277153, -1.296803341235197, 0.6176183751210547, -0.21879299235195754]",36.455275769663274,2.376232162194981
"[-0.6233267708917306, -1.2960593761862778, 0.5693236476583353, -0.2738105039071722]",36.5786551074752,2.3793753264306887
"[-0.7991998669466541, -1.2723232109690534, 0.5163467704358149, -0.32433918258579747]",36.70421801541159,2.3825184906663965
"[-0.9854249832538663, -1.220944549267474, 0.4585269261713143, -0.3700773215416764]",36.8339538059927,2.385661654902104
"[-1.1796843181505998, -1.1363292823367646, 0.3955147023131627, -0.410605006109985]",36.969930713387775,2.3888048191378117
"[-1.3785738921814263, -1.0114686609889416, 0.32671297355626255, -0.445291083108061]",37.11462742380563,2.3919479833735195
"[-1.5768618279497162, -0.8372004117156641, 0.251193519562568, -0.4731214496357409]",37.271323996354226,2.395091147609227
"[-1.7659480448681746, -0.6010903581977083, 0.16759565887044425, -0.49238059149387997]",37.44467045727762,2.3982343118449347
"[-1.9306066857016206, -0.28585196118723133, 0.07403773622655456, -0.5000411680211495]",37.641634783326026,2.401377476080642
"[-2.0418416509529806, 0.1323909434638038, -0.03180606786638406, -0.4905392500685995]",37.87321389879542,2.40452064031635
"[-2.040668345035045, 0.6836282151005294, -0.15183799284254673, -0.45324487597666785]",38.15769847665177,2.4076638045520578
"[-1.8015301453579469, 1.3888110292630125, -0.28332239347801, -0.36751856224561863]",38.5268313796072,2.410806968787765
"[-1.0696784286872743, 2.1728404786729945, -0.4017666204794068, -0.1977876846053019]",39.03345922303612,2.413950133023473
"[0.44595655303988135, 2.5672139275372348, -0.41862859155046417, 0.07272092196495823]",39.72638863787991,2.4170932972591808
"[2.2656222321934116, 1.7100774323884425, -0.2368227300726826, 0.31375821479148974]",40.5323921012007,2.420236461494888
"[3.062442980740501, -0.627869651596267, 0.0728138063129884, 0.3551503556148858]",41.417500501144374,2.423379625730596
"[0.6111508506107446, -3.416734664239454, 0.3305857378146846, 0.05913182459844229]",42.66092137371142,2.4265227899663038
"[-3.4440675008933876, -1.6727856217597368, 0.13449809653974926, -0.2769156532666055]",44.00333927244913,2.429665954202011
"[-3.946484131094843, -0.15338945324819933, 0.011639014639049282, -0.29945466002974935]",44.43384264337764,2.432809118437719
"[2.63211358586444, -1.9471919548761063, 0.20857901934975673, 0.28194635314817007]",41.89464383273254,2.4359522826734263
"[-1.4529490656481199, -1.0061802242856797, 0.3087171477567671, -0.4457951772021656]",37.153796358253906,2.439095446909134
"[-0.30236054407453117, 0.00023710678744161127, 0.01877860638691248, 23.946635107926983]",32.52107779151131,2.442238611144842
"[-0.018283359004687333, -0.22911020159425619, -1.1500253969768606, 0.09177385839271517]",32.69494520518989,2.4453817753805493
"[0.48770587771875334, 0.10603292850537425, 0.17492668157131458, -0.8045875179977948]",32.101244723088506,2.448524939616257
"[0.6688942040800789, -0.03571835877606522, -0.1472231178401746, -2.7570328986058255]",62.13138462907416,2.4516681038519645
"[1.1045063526164467, -0.31704738206126437, 0.09117267112541716, 0.3176206464419547]",34.58440613276226,2.4548112680876724
"[0.14098068022767993, 0.7208963493406059, -0.47273909548466586, 0.0924502937386509]",42.67481778246202,2.4705270892662106
"[0.25655295403704426, 1.3964181003520795, -0.6560535165090192, 0.12053157118512267]",37.591021671517986,2.473670253501918
"[-0.6597941989354908, 0.8115680884397597, -0.4160050287695405, -0.33820662569152526]",36.17131606164969,2.4768134177376258
"[1.5340916138663543, -0.5920331420535682, 0.19322736820939884, 0.5006957619151046]",71.32923644228407,2.479956581973333
"[0.5334207055337481, -0.5213442617905379, 0.14705839180216157, 0.15046485951595]",223.81435741236007,2.483099746209041
"[-2.922039000377399, 0.01625810149647093, -0.0021296440051810053, -0.3827570421680225]",58.491937902991694,2.505101895858995
"[2.2420463920702356, 1.9563439244286684, -0.24928621523774533, 0.2856917193789717]",44.810979709244656,2.508245060094702
"[-0.2068347652928986, -0.8812906442121734, 0.5996060839615744, -0.1407247251050226]",101.70664926626898,2.51138822433041
"[-0.7426079591490121, 0.7230418907255682, -0.33620230227244186, -0.3453001945726735]",38.70308613285508,2.5145313885661174
"[0.7560133554442791, -0.0003900255828435329, -0.0012265353481291108, -2.3774776460644116]",36.47355307032399,2.520817717037533
"[-0.11694960141549936, 0.0165378318913564, 0.3140735325645999, 2.2210151058411123]",39.58696731249043,2.5239608812732404
"[-0.12704503961507108, 0.044991920662453236, 0.7580271026428899, 2.140463929225231]",40.111379426055144,2.527104045508948
"[0.0229386626229385, 1.1010996725194402, -0.7737718807918849, 0.016119605303296466]",38.64867051084864,2.539676702451779
"[-0.24819510350675578, 0.0025757024730699877, 0.049201631661302175, 4.741077119922048]",79.05572150334405,2.5522493593946094
"[-0.09689365669630329, 0.7554510729507757, -0.4031521227192417, -0.05170802554103749]",42.84682850085215,2.555392523630317
"[1.151871450153202, -0.2216954959030953, 0.060078145724003426, 0.3121502336153191]",41.49665546992154,2.5648220163374402
"[0.5775696792471372, 0.2147537891874704, 0.22143879600869307, -0.5955486739838908]",39.32599447720938,2.5679651805731476
"[1.336460270529259, -0.2357011681101267, 0.08206501118822854, 0.4653206767407887]",42.01847212756207,2.5711083448088554
"[2.160882190013711, 1.5992409786390198, -0.24386055466702647, 0.329502518047836]",60.00695954540307,2.5773946732802706
"[1.0807257919165367, 0.280337541230852, -0.06739023821888451, 0.25979527482046005]",51.137185253345876,2.586824165987393
"[-0.1686336569101515, -0.05455809611681592, -0.8036475274519309, 2.483994696789335]",51.752481785352764,2.589967330223101
"[-0.971365643289113, 0.49690811003657953, -0.20151036704948633, -0.39391638688294967]",45.71538350418496,2.599396822930224
"[0.48918843010705276, 0.010425266807200552, 0.02019911926504045, -0.9478103175273586]",47.85059572133313,2.6119694798730544
"[-0.1895376013653684, -0.044602517890889606, -0.6678511433540603, 2.8380214787466267]",53.664316230449074,2.624542136815885
"[-0.29703245292449, -0.0024387472229067605, -0.15385132604805302, 18.738652534181764]",50.70941437828663,2.6308284652873004
"[-0.18186434070960045, 0.015616982289284325, 0.2504652805413707, 2.916741677262713]",61.51357491833826,2.6371147937587156
"[0.7048424960471652, 1.278938902173522, -0.5607883408281086, 0.30905890283866333]",60.86862677223163,2.6402579579944234
"[-1.2342830221375831, 0.29675624924575916, -0.12240233047116104, -0.5091017249160231]",57.954683330066764,2.6496874507015464
"[-0.29838151881717917, -0.00031779982145302367, -0.030673963572437252, 28.79971364851017]",57.32740356529465,2.6528306149372542
"[-0.13408759017659266, -0.0014957548914393487, -0.026690098809195487, 2.3926453803010896]",110.41970902068411,2.6559737791729616
"[-0.30980307353642117, -1.0091876124593875, 0.66199824514003, -0.20322196635004056]",129.26211372364543,2.6591169434086694
"[-0.31188320523639707, -1.2442562768976775, 0.6665757998223117, -0.16708277936113486]",112.19274513247251,2.6622601076443773
"[-0.7136527149203422, -0.8296746222789612, 0.4257768609741022, -0.3662361179010099]",114.35710078040404,2.6654032718800846
"[-1.3436373682641654, 0.31993470662383494, -0.12747817781303, -0.5353731239580618]",91.37760730303245,2.681119093058623
"[1.868709103083715, -1.983367259404899, 0.29630069588981656, 0.27917159821700094]",171.62985436921232,2.696834914237161
"[-0.38653994318185847, 1.2787442882826756, -0.6405630715751588, -0.1936299661784484]",82.30804186660484,2.699978078472869
"[-2.1308100946023956, -0.4914689339563363, 0.10615435130538081, -0.4602422405961709]",90.36673032525606,2.7031212427085762
"[-0.48511092335196576, 0.932925618005407, -0.5508510618724844, -0.2864364126109953]",93.74818951646209,2.7156938996514066
"[-0.2989379728844959, -0.0007782266949743939, -0.08402745213679999, 32.277222846155155]",101.1056552262427,2.7282665565942374
"[-0.6926525919160984, 0.9979356274549843, -0.5179861844105849, -0.35952667019587164]",106.8945600159485,2.7314097208299453
"[-0.23031146302867087, 0.05186255267072032, 0.7708777679612786, 3.423317546329739]",108.7588161390158,2.7345528850656526
"[0.7723360699123701, -0.5934988082618955, 0.2572390827831556, 0.3347521839284394]",124.02134082822285,2.7376960493013605
"[-0.2757229799440375, 0.006545607128226502, 0.16717743888895958, 7.042075811232213]",131.63825619954406,2.7471255420084835
"[-1.2142551649749262, 0.2100885101269427, -0.08567790504130983, -0.4951952805878982]",127.0564939790503,2.750268706244191
"[9.13756948193816, -9.114833301713114, 0.07237936080723842, 0.07255990499684944]",207.28714526073074,2.7534118704798987
"[-1.4544251798573617, 0.14484468605765782, -0.054697932249740566, -0.5492369248428802]",217.3407520637167,2.7565550347156065
"[-0.12588868722469776, -0.08357888485692783, -1.1782559711697016, 1.7747197474492817]",137.033871444636,2.759698198951314
"[-0.2625160827731665, -0.020628741351335547, -0.4128932707062888, 5.254374088300703]",179.0476728918426,2.7659845274227295
"[1.126878064607888, -0.7965378943409294, 0.3365869912164992, 0.47617633753391236]",221.43755275072917,2.769127691658437
"[-0.37729644702053405, 0.7599334116534305, -0.3419526049058364, -0.1697747472369616]",159.83216444014639,2.7722708558941447
"[-1.2021634378592039, 0.12839966789828192, -0.051613967997770765, -0.4832444368852203]",164.64468364743243,2.7754140201298525
"[0.763436233197414, 0.0005905839418733422, 0.0016736897864835958, -2.1635458319926717]",219.70715695492424,2.803702498251221
"[-0.42501287823517414, 0.8637000985034172, -0.5004905227599303, -0.24628330826429096]",238.13927824268902,2.8099888267226367
"[-0.11796079199048712, 0.7391842870285682, -0.35220031900007864, -0.056204967147713905]",245.1519735377595,2.813131990958344
"[0.7736005350998185, 0.028662478148317603, 0.06724137844659962, -1.81484539043114]",257.5080284976759,2.8194183194297593
"[0.6668698020424918, -0.5765606702032013, 0.23689477007482895, 0.27400059800991566]",299.16012903084373,2.822561483665467
"[-0.6095421146883042, 0.8470006947881519, -0.4525794707784532, -0.3256977820446757]",276.230976247065,2.8257046479011745
"[0.5719291647442079, 0.09459182188036937, 0.183799856370933, -1.1113064136507198]",288.14707631455974,3.001721845100803
"[-0.1920117102492964, 1.3074599232723456, -0.6797257501339332, -0.09982355975932275]",282.96398413913727,3.0048650093365104
"[-0.001959019798911879, -0.00010473681825815093, -0.0886231308443867, 1.6576259516514023]",285.8390098092012,3.0111513378079255
"[0.767025595018946, 0.00719061607734578, 0.019342257253017435, -2.0632455158958116]",263.24509311949527,3.0142945020436334
"[0.5480724201053555, 0.028717075367460005, 0.06253822222586095, -1.1935572953115103]",258.3275367586071,3.0205808305150486
"[0.6693733877115485, 0.422521612550732, -0.017115670031312476, 0.027115237875439152]",238.37160156940882,3.0331534874578794
"[-0.0780352826703427, 0.9962112866792266, -0.7626470878040563, -0.05973971773887768]",226.894620267684,3.0394398159292946
"[0.7535271029686894, -0.0068427988776804905, -0.022194675044185947, -2.444071422591437]",212.80382810395312,3.0488693086364176
"[-0.21341986383993894, 1.0002645731498936, -0.701318014896954, -0.14963560568426965]",212.7506100277993,3.0520124728721254
"[0.7672640529790102, 0.005570658343941637, 0.014964504199169198, -2.061107580766207]",193.99965517232,3.064585129814956
"[-0.0719516887939032, -0.10561877787465658, -1.4552588231221277, 0.991379866941647]",250.96130181024375,3.0677282940506636
"[-1.210178876241239, 0.21092270511458502, -0.0859593441077643, -0.4931957533838877]",189.20843968424074,3.070871458286371
"[1.1191805140020996, 0.24592503653241674, -0.06260398350436962, 0.2849045360527079]",191.65173940943495,3.074014622522079
"[3.215336384913952, -7.955289629928171, 0.13937105270824518, 0.05633042134515306]",263.1156457980599,3.077157786757786
"[-0.19031992671229436, 0.9111296425925651, -0.646809854825249, -0.13510789070241216]",184.53255991249605,3.080300950993494
"[-1.1916322002523896, 0.08318427121971798, -0.033105618624012276, -0.47424495740842165]",176.46763034611163,3.0834441152292014
"[0.6959316413649879, -0.49148339034118704, 0.11887446089563945, 0.16832409866391534]",181.82954459235023,3.086587279464909
"[0.7524595666164592, -0.008974992929589948, -0.029450487757444833, -2.4691162912447004]",168.7124432369603,3.089730443700617
"[0.40537827985866737, 0.6429494497272351, -0.3715675737465579, 0.23427257611086466]",184.8984721148891,3.0928736079363244
"[0.1724233022401585, 0.5948119573565004, -0.17476345904173463, 0.050660199994656756]",162.38310819795421,3.1023031006434474
"[-0.23983343796050174, -0.05485501374723306, -0.8116338537357656, 3.5485714834412883]",156.21999976738243,3.105446264879155
"[-0.23192115337436325, 0.7749627734586592, -0.3929604446216217, -0.11760028051463184]",156.413481776645,3.1085894291148626
"[0.6039770748707388, -0.6639645355845323, 0.36974587616502075, 0.33634030247573243]",166.1987458986385,3.114875757586278
"[1.2372169905614714, -0.4609385264402028, 0.174499903182248, 0.46837969205066665]",170.28785711481157,3.1180189218219856
"[0.7269256597171446, 0.0564428567408481, 0.17185684199671358, -2.2133385065607887]",233.95306285150545,3.124305250293401
"[0.0843765273300552, -0.9824927058347441, 0.8190434293571466, 0.07033949452371589]",167.63632298143298,3.1274484145291086
"[1.0059164302915247, 0.5294770722274685, -0.2078192078296111, 0.3948211672444088]",142.66640274288656,3.133734743000524
"[0.09760561470215146, 0.6331904259713745, -0.21451637201680582, 0.0330674651661942]",137.76853550188937,3.1368779072362316
"[-0.09575841636958868, 0.9058366499504645, -0.6948341135969855, -0.07345277358920356]",161.7075166529951,3.1400210714719394
"[0.7212650042718556, -0.009151987848087342, -0.05430991729435826, -4.280145841714433]",130.76776811087967,3.1431642357076472
"[0.41886039397006025, 0.36197810031698474, 0.12951500907665936, -0.1498673750687551]",119.17057912083307,3.1745958780647237
"[-0.2429963489980015, 1.0268060977670106, -0.6966442238208734, -0.16486267787768494]",118.19030420999678,3.177739042300431
"[0.5233981434624302, -0.01485964681848967, -0.03063287712789923, -1.0789752417053828]",118.62312533912915,3.1903116992432614
"[0.2753564521623277, 0.7059246573346848, -0.49808843678206033, 0.1942868313075016]",116.0286502690112,3.1934548634789692
"[0.7402698759840614, 0.11788006334957069, 0.19370348926566408, -1.2164301061760527]",106.10174869641395,3.1997411919503844
"[2.1418272915358867, 2.0145189366426157, -0.2623926881465889, 0.27897470227232374]",113.81170309946536,3.2028843561860922
"[-0.075976485031383, 1.2680330498836951, -0.7082210280996973, -0.042434339030250255]",106.61677345271703,3.2091706846575074
"[-0.28874822845056786, -0.008049930075382192, -0.2693633894899328, 9.66197231485436]",100.19526851080549,3.2186001773646304
"[-0.23263446954164738, -0.05652449969293908, -0.8215150000808749, 3.3810596697502473]",99.36731109958066,3.2217433416003383
"[-0.1312003573512608, 0.05898879908598463, 0.9269040842797716, 2.0615803164682345]",242.54146033006728,3.2248865058360456
"[-0.08267372444944754, 0.8526565074645004, -0.6228327877849997, -0.06038997629718095]",102.60870580005559,3.2311728343074613
"[-0.1789609908290346, 0.04081358652327617, 0.6219890737903416, 2.72732171838869]",108.38036811821549,3.2343159985431686
"[0.5398813588376424, -0.5719563099230496, 0.23354079849273912, 0.22044397700804658]",153.6586867501904,3.237459162778876
"[-1.846648873299048, 3.040783225281925, -0.28063672292936515, -0.1704289486652899]",103.49658377329432,3.2437454912502917
"[0.5262745497895768, -0.6572737054872175, 0.3785182981250216, 0.30307700623014167]",98.31890804643571,3.246888655485999
"[0.9148290538590594, 0.3099528980957924, -0.013996238762418463, 0.04131003756792682]",93.51857471686324,3.256318148193122
"[0.1927123957578753, 0.5807600231018109, -0.15553517898589259, 0.05161091634186845]",92.84680100806213,3.2626044766645377
"[2.7148100072746066, 2.7844931742629915, -0.2178920216735325, 0.21243917794884568]",98.48739858781623,3.2720339693716607
"[-0.6860367214183302, 0.7321871339424093, -0.3386063056349004, -0.31726364613722585]",88.80621454238955,3.275177133607368
"[0.6520413406340151, 0.11241757639814995, 0.22812266488565536, -1.3231508186428995]",86.45680453418221,3.2877497905501984
"[0.12402780670622773, 0.8565708374966164, -0.7855648712595887, 0.1137464454107958]",92.34244342964445,3.294036119021614
"[0.7068121250649207, 0.08852634310984143, 0.2123218453695971, -1.695220309023143]",97.73279810180253,3.2971792832573215
"[0.7675252184691741, 0.002441694463467024, 0.006550759428828095, -2.059173715822512]",80.25189047536644,3.3066087759644445
"[-0.060057038787951066, -0.033223440600684294, -0.9082754112172051, 1.6418628117793286]",79.35961041401504,3.3097519402001523
"[-4.677775908846877, 0.3045127080051939, -0.016813311846992467, -0.25827790774645626]",118.82368794885444,3.31289510443586
"[0.6817297571500518, -0.008644095063850879, -0.05938035546945193, -4.683122410285536]",96.54629226544614,3.3286109256143983
"[-0.41841066768719265, 1.0411213401867836, -0.6284920839498153, -0.2525813104881434]",79.99681626351996,3.338040418321521
"[-0.02532236643009867, -0.0545949951888569, -1.5264848978176606, 0.7080174620191564]",101.8596906104373,3.3411835825572287
"[-0.05873523719325064, 0.6942610016984514, -0.26723917165652145, -0.022608725099303263]",77.07660910664525,3.3506130752643517
"[0.7038997799810478, -0.0022980924155344036, -0.0351619021219543, -10.76999997982286]",73.64997576368212,3.353756239500059
"[0.7056770912539815, -0.0027769225209476577, -0.03538304877838992, -8.991610961995747]",73.64572307014333,3.3568994037357665
"[-1.1920618029045345, 0.37451459825996075, -0.15643267190728188, -0.49791760794735396]",75.51458661412414,3.3600425679714747
"[0.608331467138003, -0.8098177248964629, 0.5299415690057211, 0.3980897457040468]",76.05376622242744,3.363185732207182
"[-6.659207415349499, 7.90263450898757, -0.09665466445417775, -0.08144669445731989]",144.44627853388485,3.3663288964428895
"[-0.09448311493502602, 1.3508356599442388, -0.6807958261865458, -0.04761771709189559]",74.8815221009193,3.382044717621428
"[-0.2809557004510652, 0.8586596113627064, -0.5342389147584355, -0.1748043887448671]",76.7814803336147,3.3946173745642585
"[-0.4743948604203054, 0.9660157798062029, -0.5757882477547206, -0.282760376316048]",73.4176241785431,3.3977605387999668
"[-0.19851381459899747, 0.03566510039026984, 0.5490127491862233, 3.055833683678457]",83.73809204639464,3.400903703035674
"[0.5884244192676935, -0.03734633255011548, -0.0929499899240161, -1.4645090992083447]",211.65192444293268,3.4040468672713815
"[-0.2987463214637892, -0.0008601300282177004, -0.08640744659935798, 30.011634026592876]",68.15443914178374,3.416619524214212
"[0.7084563055607765, -0.0049498488868685644, -0.04931892939774126, -7.058863275982661]",67.21153446444026,3.41976268844992
"[1.4467607990894107, 0.08915355891721533, -0.030502583958461487, 0.4949880103273866]",69.75238284274879,3.4229058526856275
"[1.810136351125796, 0.6336268265816001, -0.16721789088924088, 0.477705757015045]",71.28258643566602,3.426049016921335
"[-1.2257334230240096, 0.22020855482789525, -0.09006246184802777, -0.501309178170765]",68.93091089742602,3.429192181157043
"[0.6676665046208958, 0.47023040612141437, -0.08347704831104033, 0.1185266378701857]",82.07815962055477,3.438621673864166
"[-1.4128497486618206, 0.9148889009892388, -0.30101268031148326, -0.46484954540627726]",71.87024505544201,3.463766987749827
"[0.5739971133122004, 0.00019471180177557082, 0.00047546178117395044, -1.401628906974926]",73.57757904272749,3.4731964804569495
"[0.11319259932122018, 0.6966403818139018, -0.39189116770710364, 0.06367586646111463]",71.3243794214436,3.4763396446926578
"[-0.37350762981899194, 1.0505731908615228, -0.6485798847429334, -0.23058796627006037]",67.12660025499181,3.488912301635488
"[0.603348681098545, 0.04929807220606825, 0.1263851994202082, -1.5468017301345667]",76.66722900803963,3.495198630106903
"[-0.05387867296541851, -1.4272391443642884, 0.6607882953381272, -0.024944941150530517]",68.72194727623302,3.517200779756857
"[-0.29737749742815617, -0.002286377221706232, -0.15153375661534252, 19.709227734139844]",61.61848319467119,3.5203439439925646
"[1.3178875573804825, 1.0291626062176695, -0.34490831839813463, 0.44167012919802096]",64.55412952665807,3.523487108228272
"[0.9682871560545643, 0.537897430346446, -0.2116559592662627, 0.3810089717809871]",62.74387803061227,3.5297734366996876
"[4.080667204590398, 0.16153628315475432, -0.01151683268206517, 0.290933779759167]",73.4802910063695,3.536059765171103
"[-0.1237303850571403, -0.07891569563581016, -1.1479866083769328, 1.799905886281869]",59.8184249572303,3.5392029294068106
"[-1.1168313336663371, 0.47227399836853795, -0.2013804431629116, -0.4762235263615836]",62.63680824493402,3.545489257878226
"[0.6932945954140589, 0.002008877613343834, 0.02467647923466821, -8.516232943787408]",68.61293765616207,3.551775586349641
"[-1.772515372171829, -1.1015564843024224, 0.2589628702815748, -0.4166973504645199]",65.86495404631722,3.5549187505853492
"[-0.19230155583181416, 0.012573891274627864, 0.2021576132448589, 3.091741665405924]",69.76092568847375,3.5580619148210566
"[7.124190985556306, 3.765165987966218, -0.0744155944194231, 0.1408041262037517]",108.28778279336476,3.561205079056764
"[0.6163345806000783, -0.5254259907911885, 0.15897441419558506, 0.18647998122786186]",96.3458047631887,3.5643482432924714
"[-0.01572271775096139, -0.6474086979967094, 0.16683811999217696, -0.004051766185505487]",273.4637508789894,3.5674914075281796
"[-0.7263071459660819, 0.9116390988293469, -0.47325332886226673, -0.37704314683989165]",60.90997087320127,3.605209378356671
"[-0.12676951659942334, 0.9388384429723706, -0.7094899467199862, -0.09580103824155846]",60.9848055277879,3.6083525425923786
"[1.5576564715089982, -0.38760125671111617, 0.1273279811506791, 0.5116940422908646]",69.53981893419336,3.611495706828086
"[-0.24219960117173686, -0.03925692146421227, -0.6384828207461543, 3.9391852130220717]",202.5298437820838,3.6146388710637942
"[-0.01235659988698801, -0.02129545141054345, -1.4532561972333407, 0.8432460536438033]",61.763152050820004,3.6240683637709172
"[-2.6561421985922515, 6.812509690613151, -0.16227543782867082, -0.06326987524225783]",84.08215325328828,3.630354692242332
"[2.103552837837203, -7.679983686353143, 0.15534600972049686, 0.042549379391899025]",87.30120122973355,3.6334978564780402
"[0.7182459626956413, 2.8321669110767873, -0.37536600117203983, 0.09519393571776544]",65.47485315100039,3.6366410207137476
"[1.2554701429738535, 0.3604775014331174, -0.12973702283801808, 0.4518477795809671]",63.51988019087486,3.639784184949455
"[0.7601516065231985, -0.6797276572498268, 0.352618352719365, 0.39433941586794413]",81.26275118158752,3.6429273491851624
"[0.6606526410917489, -0.024116604297948402, -0.10280520315660414, -2.816255893406835]",97.21560473105673,3.6555000061279936
"[1.012116742842438, 0.29316309344551944, -0.05016933793097531, 0.17320470425005025]",60.95523775765161,3.6617863345994084
"[-0.31821868508622775, 1.0459296250490824, -0.6697706597602671, -0.20377426315679145]",60.536816945075614,3.6649294988351167
"[-0.42497074631808857, 0.886062543941802, -0.5262611578691967, -0.2524038495329775]",60.22572389818149,3.668072663070824
"[0.4555764735197707, 0.3309632622267371, 0.15463274062536886, -0.21285455730291744]",60.83720282366004,3.6712158273065314
"[0.5745564632101318, -0.6463359097360195, 0.35061408698667057, 0.3116763075302149]",70.62209493517277,3.6806453200136544
"[0.6544687432441999, 0.03649287759937966, 0.1340884726773158, -2.404762791260746]",82.85222378753905,3.6837884842493627
"[0.40037138200151084, 0.8662521050655658, -0.7037396293044736, 0.325260055711541]",246.6610349134199,3.6900748127207774
"[-0.8497421977601318, 0.6190380837895892, -0.26289805164805136, -0.3608753226080985]",56.66464591137204,3.7340791120206847
"[-0.2960025436183339, -0.0035557404727983525, -0.1899701552291866, 15.814328861634463]",54.97790116620696,3.737222276256392
"[-0.29766528112746204, -9.505991460858506e-5, -0.007708156647492569, 24.13688929773106]",55.351419591679935,3.7403654404920994
"[0.21062839336554234, 0.7088436887106594, -0.4821360860811152, 0.14326367126091472]",54.97911024587745,3.746651768963515
"[0.750040314519157, -0.013350352206571357, -0.044839747125003014, -2.519155863207362]",54.1245566453025,3.7497949331992224
"[0.1378724711515462, -2.8238926954411565, 0.3974460818287814, 0.019404729343893538]",62.04365336341678,3.756081261670638
"[0.32638113976851824, 0.7409669490702449, -0.5784907302546283, 0.25481361094842825]",56.07488476281026,3.7592244259063454
"[0.8277580007152532, -3.736344706778425, 0.3018556687310661, 0.06687376686634217]",65.22491177670004,3.7623675901420537
"[0.38307512458188603, 0.7179585744997949, -0.521720449541611, 0.2783699969657916]",55.95666140228305,3.7812265755562997
"[0.7055576382499797, -0.0026442829145692506, -0.03418836038063631, -9.12226853682479]",53.99226750715988,3.784369739792007
"[-0.015987805637246572, 1.0978600737653752, -0.7694302208563669, -0.011204980594916562]",55.97965568275138,3.7875129040277145
"[-0.13366328395842195, -0.08624647607975505, -1.1763672986183336, 1.8231135163044692]",53.082383332655716,3.7906560682634227
"[-0.16161133724860013, -0.5999773505129745, -0.041450001463562876, 0.011165071747710661]",53.498945168991156,3.7969423967348375
"[-1.2354934605806733, 0.28973932018169046, -0.11941342722401813, -0.5091973997463737]",55.77978211028828,3.803228725206253
"[-1.175647461132055, 0.4247894384199112, -0.17901862120265666, -0.4954520251141561]",55.89063104903741,3.8063718894419605
"[-0.8998221523884584, 0.6442785664912211, -0.28869107467884164, -0.4031961292885672]",56.154985477610104,3.809515053677668
"[0.3190453580355281, -0.3407800080024032, -0.2165969089727509, -0.20278254812446686]",60.41276480850025,3.812658217913376
"[-0.5292279301874209, 1.6058358500637195, -0.5531300775525827, -0.18229253385764485]",122.59810559085578,3.8158013821490835
"[-0.8922155736652497, -0.9726386134468034, 0.4499601709707438, -0.4127550217716528]",146.71929943704987,3.8220877106204987
"[1.1015722940416501, 0.8716168895179562, -0.36881129164527754, 0.46611338707633837]",67.57843643970116,3.8252308748562065
"[-0.11472551261531819, -0.038010768639400117, -0.6902897183284831, 2.0834580468401027]",57.7874448887887,3.828374039091914
"[-2.0968041172306964, 1.0411194457979231, -0.20134175043639732, -0.40550026511311105]",60.23490754022763,3.8315172033276217
"[0.6052054405741514, 0.6632073312712958, -0.3683821134138973, 0.3361646482721024]",59.43316870008136,3.837803531799037
"[0.4920889095669658, -0.009796494263404993, -0.019062577427772398, -0.957534673908836]",59.58045165125455,3.8409466960347447
"[0.8766025498229891, -0.7826754051823791, 0.40036228827917403, 0.4484088811717227]",64.0631234094556,3.8503761887418677
"[-0.2547294628358953, 0.00698364784099936, 0.1392377924099321, 5.0787165782573425]",70.96024783898933,3.853519352977575
"[0.690580987036714, 0.007581244084659585, 0.06904370469355545, -6.289240818304812]",98.71606999181179,3.862948845684698
"[-0.31328111394351127, -1.1704309706280898, 0.6762734025018404, -0.18101339607620234]",195.1967776904907,3.8692351741561137
"[1.0148850630196902, 0.45569704255673915, -0.1555586186498836, 0.346445343612449]",103.66297712342534,3.9572437727559273
"[0.5791232326779783, 0.5188902152174821, -0.14601876469048933, 0.16296869079283002]",63.28021704937987,3.9635301012273425
"[-0.6127971147497584, -0.7679256952719277, 0.37080269883889616, -0.2958968887080121]",62.97917702230041,3.9666732654630503
"[-0.4360064396874667, 0.809175355106112, -0.4241553694276753, -0.22854684257435004]",54.16116329941458,3.9729595939344655
"[-0.7135221939964667, 0.8714475214140825, -0.45387509931896747, -0.37162301654254776]",54.06573877417182,3.9761027581701733
"[-0.658493578747343, 1.0927515161737558, -0.5515901934993994, -0.3323890153830763]",54.36503316261212,3.979245922405881
"[-0.10794731025780827, 1.3730635635084028, -0.6728285609356787, -0.05289633732036038]",55.0868679239235,3.9823890866415885
"[-0.15656260098898186, 0.9907810012672292, -0.7244152074261906, -0.11447164300238936]",54.316745627793445,3.985532250877296
"[0.6325005432626569, 0.44757304189361447, -0.04345355012012835, 0.06140761727156428]",54.657478478512026,3.988675415113004
"[1.428049374299508, 0.8480288718276255, -0.281152464076764, 0.4734503903650099]",61.56998181788772,3.994961743584419
"[-0.045993410104553614, 0.017924251582732274, 0.6628044465307449, 1.700748094706067]",71.41544854872899,3.998104907820127
"[0.5127642217327648, -0.07316266064755672, -0.1353269068997075, -0.9484454977682159]",71.89340128863147,4.020107057470081
"[-0.020846695450792985, -0.0286305501373032, -1.3790075579082344, 1.0040935450491757]",54.98590669558918,4.023250221705788
"[-0.4457035644876978, -1.138098930877877, 0.6318248354354088, -0.2474359422060169]",59.216143166888216,4.026393385941495
"[0.5604832927505152, 2.855698391084285, -0.38131705247142456, 0.07484047958928834]",58.72975091361211,4.029536550177204
"[-7.521842438679886, -3.3468817173342313, 0.06347401873616668, -0.1426526564743804]",81.98312179844773,4.032679714412911
"[0.5904624800241935, -0.8360147248523706, 0.558549479907493, 0.3944936629921663]",53.40939969490199,4.035822878648618
"[-0.30880701155222795, -0.0033136033051076796, -0.12663652515529344, 11.801728593627825]",52.752490248322985,4.038966042884327
"[-0.06606361551474561, 1.0968229952491053, -0.7595028922579745, -0.04574622092516344]",57.25417456475399,4.042109207120034
"[-0.2354435932467717, 0.03837261729886402, 0.616016230654943, 3.779702429829959]",56.31246181274673,4.079827177948526
"[-0.11955785638465977, -0.035349407586062274, -0.6338726708995345, 2.1438678305732677]",54.615643507033255,4.082970342184233
"[-0.30969871567117485, -0.008096817020435899, -0.2644003584767319, 10.113165609631421]",52.671852535672734,4.086113506419942
"[0.2878478919546794, -5.227308851671692, 0.23505333968601363, 0.012943487795615318]",67.86099577032141,4.089256670655649
"[-0.5881983807479463, 2.7335207787592424, -0.3921180420532564, -0.0843758712902368]",58.018249068852505,4.092399834891356
"[-0.6009755656620104, -0.681154457137427, 0.2545183341417104, -0.22455890617674024]",55.095178774699505,4.098686163362772
"[-0.1942719091522669, -0.012564149043363887, -0.20214310979665373, 3.125617797648092]",143.08616719966884,4.123831477248433
"[-0.021456797481813474, 0.8197864820938158, -0.5986970189013245, -0.01567008113468565]",56.670497857250865,4.133260969955556
"[5.572070632288745, -5.153462019118092, 0.11426416523583247, 0.12354568580725184]",130.97384914343056,4.136404134191263
"[0.31132191025304495, 0.6819521520779397, -0.4500035282368774, 0.2054337061690314]",54.26288552369573,4.142690462662679
"[-0.19039347034561158, 0.9512801391511514, -0.6850858194552213, -0.1371161462143379]",53.46467623214729,4.148976791134094
"[-0.3508648844041932, 1.0374294762475482, -0.6543286948031192, -0.22129789746754902]",53.578744034010235,4.152119955369802
"[-0.44835551798917367, 0.9700077030267338, -0.5872734092990475, -0.2714486419086541]",53.413402830092686,4.155263119605509
"[-0.41210000656882473, 0.8830364166578423, -0.5263687021358057, -0.24564847102091486]",53.30464072019932,4.158406283841217
"[-0.20806597090674595, 0.79726649600258, -0.44854034738903403, -0.11705744984678575]",53.3562834139165,4.161549448076924
"[0.26079323699844065, 0.5285161276193091, -0.08261749432121213, 0.04076712639553709]",53.6948047776285,4.164692612312632
"[-0.18312508566021524, 0.02830743646698841, 0.4441652135944301, 2.87337190994053]",60.516382923670534,4.16783577654834
"[-0.09218981893707488, 0.06291714451562497, 1.12292456890348, 1.6453736653844926]",60.9644368291398,4.174122105019755
"[-0.0668957829720385, 0.002014199729010939, 0.05819654732871734, 1.9328289760593105]",63.1079972176573,4.18040843349117
"[-8.172954284306313, 4.006166383666606, -0.06262473068873846, -0.12776031047357697]",101.67220149739939,4.183551597726877
"[0.6026011275064738, -0.4498192113103305, 0.04088004912361638, 0.05476503242857287]",63.67761838736244,4.186694761962586
"[-0.950948923719591, -4.1231732276889765, 0.2763317404646594, -0.0637318290242477]",92.92302387470666,4.192981090434
"[0.6243648242083022, -0.529168024087255, 0.16530663412109156, 0.19504513284131253]",82.8944528114499,4.196124254669709
"[-0.06748130731481357, -0.006639696601103666, -0.18956561612364847, 1.9266144775162284]",101.8287300242967,4.199267418905416
"[0.08003760411779912, 0.7744817229259375, -0.5661980500630722, 0.058512853230438734]",228.92639828329578,4.205553747376832
"[0.5320307634639535, -0.685237327743162, 0.42103156673440406, 0.3268965901636991]",49.82841252356743,4.2778465247981075
"[0.7719703618177568, 0.8040080835421348, -0.4502997369734189, 0.4323564128191058]",156.92434136702443,4.280989689033815
"[-1.0253812174142727, -0.4094033998453063, 0.16116688638411802, -0.40365443528279815]",63.47087861754674,4.284132853269523
"[-0.8221881892073979, 0.6371278665931173, -0.2721636832108385, -0.35121641604483006]",49.732494788405035,4.2872760175052305
"[-0.29143006274256433, -0.006340639382823387, -0.24092841554526628, 11.073612459069949]",48.14603781947862,4.290419181740938
"[-0.2972590013112217, -0.0021778966558818644, -0.14394604848593323, 19.64705649848333]",48.030195586258266,4.293562345976646
"[-0.2985096309742798, -0.0004588325387365285, -0.045542681111347634, 29.629392270951456]",48.21581511514407,4.2967055102123535
"[-0.2786068436557958, 0.014776606633741654, 0.36621303762976726, 6.904796280222161]",49.01694598072248,4.299848674448061
"[1.6602351970798237, 0.7652946435508697, -0.21851744361364123, 0.47405316909051187]",51.20265514437564,4.3061350029194765
"[0.5914607620180891, 0.3731829615715834, 0.0705689352364778, -0.11184528906142198]",47.82344771281736,4.309278167155184
"[0.7661258066801254, -0.003156130871589631, -0.008621365796901202, -2.0927683592988826]",47.21955396312245,4.312421331390892
"[0.7202287924913452, -0.011378277554909087, -0.0675279539476367, -4.274423479085168]",47.04618485509145,4.3155644956265995
"[-1.3012568610083486, 0.9242985786218286, -0.3288805875337062, -0.4630085243869946]",50.40688909927983,4.321850824098015
"[-4.795885025441368, -0.5476073226299725, 0.028624572336034146, -0.2506908730999797]",62.941423974209684,4.3249939883337225
"[0.23821511798070702, 0.778778159349611, -0.6623858918012803, 0.2026126843310237]",49.235492267507425,4.32813715256943
"[1.3245803968473155, 0.27574837392105817, -0.09702712516603132, 0.4660779178127501]",49.418795892074556,4.331280316805137
"[0.4333683557013359, 1.058543417550335, -0.6940492433652562, 0.28414420645023314]",51.381548751876785,4.372141451869338
"[0.7076286543554988, -0.003528643996278878, -0.03833561802538436, -7.687763862596289]",47.006630317003555,4.375284616105045
"[0.24599745059290543, 0.6797689137806718, -0.4269264065750006, 0.15449780870993104]",47.77366556717866,4.378427780340752
"[-0.08842831859367492, -0.05145474796069287, -1.0046568249104164, 1.7265678545035184]",46.23111153951027,4.38157094457646
"[-0.1642640857322507, -0.11513051553275873, -1.2676170722997042, 1.8085905242096574]",45.95979304372032,4.384714108812168
"[-0.1797338552455572, -0.5975878819832933, -0.05210908530981549, 0.01567261833517396]",46.5067886516776,4.391000437283583
"[-0.22212782245340051, -0.061470225526801175, -0.8633541176328059, 3.119802611956682]",47.19379466271968,4.397286765754998
"[-1.2377137471116337, 0.3791149413902889, -0.15728631004267532, -0.513499751443099]",48.88954267440804,4.400429929990706
"[-1.1903688780357142, 0.43764780002424364, -0.18433898643530056, -0.5013880852344577]",48.92768758758862,4.403573094226413
"[-1.0605398000280375, 0.5363083267522505, -0.2326565575994651, -0.46007404092707443]",49.01609812005922,4.406716258462121
"[-0.4792552829483461, 0.7695725111153982, -0.36267031517045833, -0.2258548245987434]",49.577713104641674,4.409859422697829
"[-0.9818458933055225, -0.5440549741492197, 0.23204790113285859, -0.41877253145925175]",67.47825788067792,4.413002586933536
"[-0.5087756722414962, -0.657914165355237, 0.17937572962484064, -0.1387141548691433]",106.88458111225985,4.4161457511692435
"[0.6540804435189284, -0.684340036548251, 0.38339760189335553, 0.3664448375041265]",73.39202603192986,4.422432079640659
"[-0.04453116112888349, 0.017079805441855108, 0.6515275824798454, 1.6986891246549636]",59.59292522580291,4.428718408112074
"[-0.16267831077109945, -0.04565530439052428, -0.6996224245521315, 2.4928843586321396]",50.824771633760186,4.431861572347782
"[0.5504801231639683, -1.028999742413142, 0.6370317196083667, 0.34079046380224703]",49.909819750436334,4.4350047365834895
"[0.009349462970309868, 2.7785753776986972, -0.40353278115603736, 0.001357823446152777]",54.517842379839905,4.438147900819197
"[-0.6835042902160866, -1.2051333233658985, 0.5521546626621988, -0.3131604391606823]",58.69564007111784,4.441291065054905
"[-1.1629374353007387, -0.32336839516739113, 0.13327025905080525, -0.47928299604614333]",52.654530794490384,4.4444342292906125
"[0.6601040133389589, 0.03618266760305353, 0.13899403887700515, -2.5357589412637047]",56.04310229665133,4.4538637219977355
"[-0.21295822807289858, -0.047620098332239555, -0.7090970734975532, 3.171099212147186]",58.578096678152704,4.457006886233443
"[0.8031070714020893, -0.709282767785957, 0.36999512875687607, 0.418938282141718]",63.63276544736317,4.4632932147048585
"[0.5806656142766301, -0.6314968833615076, 0.32669268648985855, 0.3003961135493366]",69.92747780517392,4.466436378940566
"[0.13351093559247146, -0.6626844975132394, 0.3186998547515004, 0.06420840677686371]",99.5603259720106,4.4727227074119815
"[-0.16858193646820058, -0.0157693654127585, -0.255866120881416, 2.735329228915966]",83.72448884378873,4.557588141776089
"[-0.0828268729863048, -0.01212956004431187, -0.29249696325289215, 1.997319666643844]",50.7088885153047,4.567017634483211
"[-0.37552717289546544, 0.7999149119623207, -0.41484868431091404, -0.1947544060861486]",47.256174383493175,4.570160798718919
"[-0.7302596938964715, 0.8763437872910917, -0.45347524822429464, -0.37788217450773054]",47.11951585379105,4.573303962954626
"[-0.5706517991862479, 1.190016404605414, -0.5894675958430995, -0.28266899752646174]",47.58289477429665,4.576447127190334
"[0.030064407483983348, 1.3143909857102432, -0.6994994896630656, 0.015999834083392315]",48.22922918750434,4.579590291426042
"[1.1495606044805675, 0.21742282315863645, -0.058055798409127536, 0.3069533259813704]",47.869071701701216,4.582733455661749
"[-0.26039818559912303, 0.9228615033275595, -0.625318388921409, -0.17644226496584423]",50.49006097583792,4.589019784133165
"[0.1273950286649745, -0.6833425585098486, 0.3675775862172683, 0.0685272072543868]",68.46724727022277,4.592162948368872
"[-5.552231890214115, -5.964224100383269, 0.11538983776186754, -0.10741902487984992]",74.66377949976605,4.614165098018826
"[0.2841960690244331, -0.4037734284911753, -0.15110328571309625, -0.10635410055785843]",45.724301185458025,4.617308262254534
"[0.435153030763993, -0.04197677771322657, -0.07717612705488443, -0.8000477268641673]",45.13854780863733,4.626737754961656
"[0.554107404272601, 0.047404484813248056, 0.10187995465887384, -1.1908670128128513]",44.8348461206369,4.629880919197364
"[0.6173890540797978, 0.05913653804613665, 0.15456606313627066, -1.6136791003587778]",44.64986028553941,4.633024083433072
"[0.6557147019029499, 0.04886790567576789, 0.16399468951054952, -2.2004980049654272]",44.52437757815834,4.636167247668779
"[0.6777104734213243, 0.03316124088336571, 0.15047283667478642, -3.075187015438511]",44.43716934956189,4.6393104119044875
"[0.6889089422877267, 0.020202223860353637, 0.12675392994595533, -4.322391258197655]",44.37596122569802,4.642453576140195
"[0.6935873878079527, 0.013076183777056879, 0.10658226539929547, -5.653340172282165]",44.33400912323099,4.645596740375902
"[0.6944258468689168, 0.011719771666577441, 0.1018957386777054, -6.037577918534541]",44.30838188740186,4.64873990461161
"[0.6918809518134782, 0.01617341088469771, 0.11655092871349022, -4.985922145208794]",44.29920107323714,4.651883068847318
"[0.6836887865851154, 0.027733354727181556, 0.14302274257916037, -3.5258282414976883]",44.30995173211682,4.655026233083025
"[0.6644414067390009, 0.045520892405668915, 0.16504562482813462, -2.4090728749303314]",44.34947238970415,4.658169397318733
"[0.624477081430298, 0.061012706745174373, 0.16273600714421932, -1.6656351144947168]",44.43848840833011,4.66131256155444
"[0.5399751323190468, 0.04409442092043829, 0.09167297222476527, -1.1226165186862476]",44.63449317867797,4.664455725790148
"[0.011379476233810965, -0.10075715600634146, -1.4258162937213537, -0.16103116911269583]",45.29036729286779,4.667598890025856
"[-0.19730810751823352, -0.7785841660293371, 0.41218676343610583, -0.1044560033276919]",46.8060291183531,4.670742054261563
"[0.6390697997067469, 0.9530733673901253, -0.5803645282112617, 0.389155185205226]",50.21326876999446,4.677028382732979
"[-0.30681515623285394, -0.002107249242928133, -0.0935913337630088, 13.626883380131908]",45.493161747967925,4.689601039675809
"[-0.5917078670648774, 2.731182098389929, -0.3921700100696513, -0.08496324002779639]",50.97838444816097,4.692744203911516
"[0.7334883334721068, -0.024672211549144972, -0.09897321175188488, -2.942407331509692]",47.18858576826115,4.695887368147225
"[-1.3894660323736543, 2.4151793091709197, -0.3475621186078746, -0.1999544117124893]",57.06931148738957,4.717889517797178
"[-0.10678973192117482, 0.005873232129530453, 0.11944580082628195, 2.17181694304247]",51.819569272556166,4.721032682032885
"[0.6597686443579711, 0.030227696410509295, 0.12175551525853891, -2.657512175408244]",47.89443523304049,4.724175846268593
"[0.9276727980030715, 0.31561965039797235, -0.024590124457488483, 0.0722755681718788]",46.98653011670712,4.727319010504301
"[-0.12628367341450836, 0.8984193133817675, -0.666996578862635, -0.09375441609400116]",46.37637546374184,4.730462174740008
"[-0.36692041757024346, 1.0188356128946598, -0.6418719531996138, -0.23116184997253292]",46.55027666095495,4.733605338975716
"[-0.4300886738453303, 0.914839127907041, -0.5532403540556639, -0.26009207841588655]",46.35440900651532,4.736748503211424
"[-0.21103158764966426, 0.8005427376102136, -0.45425942379615036, -0.11974761983937265]",46.37369237781475,4.739891667447131
"[1.4762194562194957, -0.42990185783684215, 0.1480282374336511, 0.5083070942493313]",48.994269866383526,4.743034831682839
"[0.20914787086227443, -1.955700319019361, 0.5255102130084054, 0.05619948061479844]",92.02026662696343,4.749321160154254
"[-0.28998045470498157, -0.0021316320323598037, -0.08313975081241107, 11.310067772682148]",52.801613307460926,4.752464324389962
"[1.035396497088478, 0.3250183676954822, -0.07605540509898455, 0.2422863070247008]",55.171011823591414,4.75560748862567
"[0.8073339328826575, -0.6490814285198966, 0.3140957960593553, 0.39067547335739883]",56.78531251792696,4.758750652861377
"[0.7011624747223442, -0.00019467661893100976, -0.00606412894988177, -21.84104952192178]",76.18330333264238,4.765036981332793
"[0.6783894140159145, -0.007834069331681981, -0.050136409089183244, -4.341550698753316]",57.154329544320156,4.831043430282653
"[0.817882948160583, -0.4583994384416401, 0.10738306619573014, 0.19159442921931227]",83.42217805304095,4.8341865945183615
"[-0.19538386698909657, 0.7362262826786331, -0.314388418382645, -0.08343416469280988]",43.38119679444061,4.837329758754069
"[-0.291033292839431, -0.005415172190299861, -0.2079592518858753, 11.176572735186657]",41.2390209422796,4.840472922989776
"[-0.2969616519574597, -0.0022130849125981764, -0.14120095510364788, 18.9469769828566]",41.06406504376511,4.8436160872254845
"[-0.29795754316308765, -0.00036157153938890906, -0.031115918031957727, 25.64146160298773]",41.30480955008163,4.846759251461192
"[-0.13941115984007907, 0.07462168717243779, 1.0670782425694658, 1.9935573835649671]",42.716912926545504,4.849902415696899
"[0.7029511312905495, 0.0017426839647985725, 0.030974428728361453, -12.494238860379525]",51.16639237193946,4.8530455799326075
"[0.011233763545499533, 0.8532851844463205, -0.6897124938186312, 0.00908027844754443]",41.29951418674116,4.856188744168315
"[0.7787098560918303, 0.032496338465631, 0.0709933922208196, -1.7012148706559647]",40.35018996873686,4.859331908404022
"[0.7343256903017021, -0.01642951876721601, -0.06982385300579169, -3.1208125925505614]",40.03658258830417,4.8624750726397306
"[0.7036550455058826, -0.0024979743286133345, -0.03869228516745543, -10.89923998844002]",39.973137502910994,4.865618236875438
"[-1.404294829857738, 0.28975633623489255, -0.11188837898133477, -0.5422634554478762]",42.791500156493164,4.868761401111145
"[0.396913712214981, -2.777898622284956, 0.3963003665892726, 0.056624474483421144]",47.94012804226918,4.871904565346853
"[0.966166612266445, 1.0170437756184205, -0.4505065696467363, 0.4279701785055429]",44.934148946707396,4.875047729582561
"[1.057326669147689, 0.4963943477359445, -0.18875578074052926, 0.402052363897834]",42.12984754902947,4.878190893818268
"[-2.398495976647133, 6.70021058090837, -0.16809530044476026, -0.06017361647690002]",66.36475409629051,4.893906714996806
"[-1.484350626580461, 1.652600516234365, -0.3528950795287616, -0.3169671237966578]",46.76252187510331,4.897049879232514
"[-0.5879932884780851, -1.1643918015380124, 0.5829526630401101, -0.29437879321655996]",44.697579982697796,4.900193043468222
"[0.16897583410638775, -0.8724909524690303, 0.8485477727410293, 0.16433874445605803]",44.62264678203341,4.903336207703929
"[0.1014451309906359, -0.9303422139290642, 0.8315456999270765, 0.09067229369023745]",44.24873271087624,4.919052028882467
"[-1.7785672826256762, -0.3586531533398712, 0.1038385163233552, -0.5149370250597005]",45.57862897940703,4.922195193118175
"[0.40818774716897527, 0.708753914909783, -0.4981664726897483, 0.28690557600409144]",41.90412506592809,4.931624685825298
"[0.7251991794253425, -0.008902249258073218, -0.04808190167680857, -3.916870291079175]",39.99127345661435,4.9347678500610055
"[1.784014909506444, 0.6723893610227829, -0.1793313559105428, 0.4758103432805142]",43.9899082548805,4.937911014296713
"[-0.14386823251141773, -0.0915070660661905, -1.18778401502547, 1.867444714307158]",39.01584856720125,4.941054178532421
"[-0.976210613132825, 0.02328748565380043, -0.004960345583359075, -0.20793751954428355]",40.964538863687196,4.9441973427681285
"[-0.22645524175676227, -0.5954014334712567, -0.06168705075827353, 0.023462079879926486]",39.46390714015298,4.947340507003836
"[-0.057630578264079205, -0.5924091401659971, -0.01740432515932696, 0.0016931226330252382]",39.42206931383582,4.950483671239543
"[-1.2474782096440118, 0.4294045457706261, -0.1778612240239639, -0.5167108813725153]",41.90318873900614,4.956769999710959
"[-1.2086120278263353, 0.5051115662993019, -0.212333064967453, -0.508062601110165]",41.97000427521329,4.959913163946666
"[-1.1261754161425428, 0.502125906657074, -0.21553719046421407, -0.4834100012509434]",41.94148209266674,4.9630563281823745
"[-0.8338153101328125, 0.6835739039516926, -0.31172406114090473, -0.38023729872284373]",42.20966675630382,4.966199492418082
"[-0.01130119835577915, 0.013561689029753654, 1.2941598735887716, 1.0784466008184825]",71.02160077284485,4.9724858208894975
"[-0.7703020071270856, -0.548593317205986, 0.17080352780361563, -0.23983212366060172]",187.6280662534059,4.975628985125205
"[-2.094646006181231, -0.5751495732838313, 0.12568425570474967, -0.4577314084555471]",48.91472957921995,4.985058477832328
"[-0.1962145684785198, -0.9653485485735641, 0.691936095778849, -0.14064137005082752]",194.07752741282988,4.988201642068035
"[-0.30302149426944264, -0.0009237727441898335, -0.06309527684317838, 20.696892337490503]",41.847647054039165,4.9913448063037436
"[-1.7407670140785525, 1.7338068635709825, -0.31051834526083966, -0.31176488226780746]",46.5971987024194,4.994487970539451
"[-1.8596778366896543, -0.9896024361897702, 0.2285999631440619, -0.4295889635881638]",45.232293268307636,4.997631134775158
"[0.8244325016035489, 0.36387775297485797, -0.01027311078065576, 0.023275636806362375]",47.585662545905656,5.01020379171799
"[-0.09312887488735139, 0.9068740270800096, -0.6977014118739707, -0.07164848209880882]",51.290565288647485,5.013346955953697
"[0.5298122359724886, -0.6173981427752845, 0.3116363282757108, 0.26742668701888606]",49.76096990002881,5.016490120189404
"[0.7965939128030997, -0.6804712558965029, 0.345869189244, 0.4048918868952407]",56.56166765267608,5.02277644866082
"[-0.22031704433977728, -0.04839692283163939, -0.7230643725928216, 3.2916019473296725]",64.60922446216712,5.025919612896527
"[0.7280451118692406, -0.0013621140857411518, -0.007102780295922495, -3.7964106906515958]",96.20736252180158,5.113928211496342
"[-1.2192529238411918, -0.5220965881797743, 0.21843016986340058, -0.5101002942570518]",67.90649854712436,5.117071375732049
"[-0.30345372420071837, -0.0027968910095430995, -0.1602377983561153, 17.385288326137612]",44.052784625715994,5.123357704203465
"[1.3030753629211238, -0.6977713807710758, 0.26352330990754563, 0.49212498844031355]",44.4911636520599,5.126500868439172
"[-0.41670754037069185, 0.802858531145431, -0.41586570960343805, -0.21584671551801135]",40.08612447880315,5.1296440326748804
"[-0.7345191162652301, 0.8551214160495049, -0.4399173524619336, -0.37787347959645984]",39.947826422131136,5.132787196910588
"[-0.6943924507811448, 1.083292734632862, -0.5377625492276318, -0.3447066915140385]",40.243323303903836,5.135930361146295
"[-0.03750116388750222, 1.412473990427178, -0.6660639103955255, -0.01768398712654349]",41.08598223312928,5.139073525382003
"[-8.69270983174902, 1.2573393871704723, -0.021052405182758954, -0.14554737677148796]",75.73598734182346,5.142216689617711
"[0.763209819080045, 1.1306503664359753, -0.5429632285098555, 0.3665101783006332]",43.41817952645868,5.145359853853418
"[-0.12933106615943696, 0.7848879057115677, -0.4558582768892106, -0.07511472216435179]",43.30411670646367,5.151646182324833
"[0.668137678921267, -0.5423503939864833, 0.18776541038109962, 0.23131382748996587]",60.03997165123567,5.154789346560541
"[-0.8097911580142167, -5.304506039777887, 0.22765945723421402, -0.03475471874744091]",54.26415806413351,5.176791496210495
"[6.308591894638186, 0.3896749371584508, -0.01224746723916893, 0.19827878364024829]",58.73321367696845,5.179934660446202
"[0.6865106808551341, 0.021019453791095957, 0.12614484359998923, -4.119982532704661]",37.3806120977195,5.189364153153325
"[1.3368304037138812, -0.2536879794850401, 0.08882038756828163, 0.4680465933463505]",38.4290785024678,5.19565048162474
"[1.2645391200079867, -0.17816399440254407, 0.057871580429341804, 0.4107500936706986]",38.23512646656241,5.198793645860448
"[0.7705322503590016, -0.37878742389179826, -2.4766248936776418e-5, -5.037969142252465e-5]",38.60465433546536,5.208223138567571
"[-0.622541690092431, -1.1348230848675982, 0.56910379677845, -0.312199182594013]",43.868972780087766,5.211366302803278
"[-1.5077672353316587, -0.12086573713691162, 0.04410901908694401, -0.5502480300647965]",85.28647226540892,5.217652631274694
"[0.559350211595137, 0.16059488819977336, 0.22581590604685658, -0.7865142922340956]",35.80305145665612,5.220795795510401
"[0.545890122065911, 0.131129714901705, 0.20942404644608703, -0.8718277040692013]",35.85118047229743,5.223938959746109
"[0.5267343778171811, 0.10717083913262508, 0.18335648271381083, -0.9011794964252701]",35.895193075980515,5.227082123981817
"[0.5037253095172088, 0.08267652806396801, 0.14754635497571233, -0.8989592943572271]",35.93997442064787,5.230225288217524
"[0.4768818165191427, 0.05425192529080819, 0.09953680692829044, -0.8749420973366014]",35.98839916991397,5.233368452453232
"[0.44483727843946763, 0.018129350879014353, 0.03390441460308111, -0.8319077511258177]",36.04416611924807,5.23651161668894
"[0.40298214892063117, -0.033216229346217485, -0.06294755448491941, -0.7636851405144458]",36.11563506762155,5.239654780924647
"[0.32364774009191294, -0.1370515585195371, -0.2575547841719971, -0.6082165335992423]",36.24840636283471,5.242797945160355
"[-0.06299813969684703, -0.2318180929797709, -1.2134350726774499, 0.3297592143865091]",36.59486496117465,5.245941109396063
"[0.007913638730065446, -0.1875127979019021, -1.2131391987583646, -0.05119834728973648]",36.471742168930646,5.24908427363177
"[0.019947502318802657, -0.14559926274342705, -1.282258801763808, -0.1756730078129256]",36.418131968718654,5.252227437867478
"[0.02079645464070014, -0.11660359951383825, -1.3423560350422536, -0.23941153198371606]",36.386762360649904,5.255370602103185
"[0.019558419062572326, -0.09805631789917404, -1.3830869912559345, -0.2758720249192063]",36.365911348812915,5.2585137663388934
"[0.01846559934681782, -0.08838430100738925, -1.4048828925290493, -0.29351371597602255]",36.35166436055843,5.261656930574601
"[0.018200688852283667, -0.08700842379922058, -1.4086207081495277, -0.29465959846675116]",36.34258600837167,5.264800094810308
"[0.01885096112989067, -0.09420605082223008, -1.393732446076666, -0.27889074997981067]",36.338609844406534,5.2679432590460165
"[0.01989481688955852, -0.11119940389038223, -1.3578623186302274, -0.24293675366284484]",36.34112921159159,5.271086423281724
"[0.019125788477228, -0.14052881434171785, -1.298134772493432, -0.17667445064517726]",36.354460010168594,5.274229587517431
"[0.005910512005215546, -0.18628052911672635, -1.223135118034249, -0.03880896641972269]",36.39303086975898,5.2773727517531395
"[-0.08563499334042615, -0.23103947217027115, -1.2352747355424885, 0.45785571944963827]",36.52391508173053,5.280515915988847
"[0.3617092775278371, -0.09316418372567718, -0.17484329527971956, -0.6788278444260021]",36.064320671360015,5.283659080224554
"[0.43088046552816306, -0.007520583671651909, -0.01413407734395137, -0.8097905816438646]",35.92474371392532,5.2868022444602625
"[0.47569745278173287, 0.040342201484816924, 0.07530739151748904, -0.8879915572784399]",35.8241002411679,5.28994540869597
"[-1.2995742191765474, 2.114045899289599, -0.3737866462699983, -0.22977906446032625]",41.70334102909156,5.293088572931677
"[-6.9091010627651395, -11.68821570581293, 0.08407949493091657, -0.04970080484526354]",96.70795654566673,5.2962317371673855
"[7.7891135157438764, -4.682584006784378, 0.07341318219925953, 0.12211710646803793]",70.102785106357,5.3025180656388
"[-2.4431366706370508, 0.7006586291101408, -0.11735810431293002, -0.4092176651096311]",41.1160384116304,5.3056612298745085
"[1.1383570100585776, -0.23079293405374485, 0.06087266241762518, 0.3002467223190362]",37.59797258954663,5.3150907225816315
"[1.1961361398120303, -0.12189584197081295, 0.03335701206678344, 0.32732476353687384]",37.47808613916533,5.318233886817339
"[1.2283291531469118, -0.05801431907394157, 0.01671289889913799, 0.3538598966444152]",37.45753091803466,5.321377051053046
"[1.2869135809696817, -0.07244420748768729, 0.023212266506830993, 0.4123474056611327]",37.56708878069295,5.3245202152887545
"[0.6598752353256172, 0.05149315868559549, 0.17258210976259478, -2.2116075843779064]",36.684876460299826,5.330806543760169
"[0.4381599673650571, -0.03388546802420612, -0.06273587442503298, -0.8112134874764706]",37.223827598994845,5.333949707995877
"[-0.7679336695237231, -0.7371604708495293, 0.3504661993893848, -0.3650966176075155]",39.69738062557935,5.337092872231585
"[0.8332168052021444, 0.9349399397129036, -0.4828875009362332, 0.43034847877574806]",42.73925383652468,5.340236036467292
"[1.0102610305087323, -0.588560059950984, 0.24956355587376602, 0.42837486314557477]",41.88637543675138,5.343379200703
"[-1.89986435273736, 1.5843503434017572, -0.279882194919535, -0.33561908027981785]",46.1785336341233,5.352808693410123
"[-2.1704564769726544, 0.4870340832276875, -0.10225261812999818, -0.45568650111066283]",42.115277621920825,5.359095021881538
"[0.3545040747708103, 0.7151034730868502, -0.5214578396263547, 0.25850654615164564]",45.213638711828615,5.362238186117246
"[-2.593462635069749, 7.528147329399803, -0.15228868676088622, -0.05246377383128176]",86.63583730544516,5.390526664238615
"[-0.07795181927805986, 0.7552474784358064, -0.41315059692513945, -0.04264276490246855]",42.27486227670065,5.393669828474322
"[0.5238978330794057, -1.8546003880466544, 0.5156146935668517, 0.14565370653679593]",60.23424861276411,5.403099321181445
"[0.8697163999934502, 0.32714005698905446, -0.0017719424103190295, 0.0047107877533890475]",39.3969402749774,5.4062424854171525
"[-0.3588412792909723, -0.8089579894904882, 0.4325931231544904, -0.19189163311559462]",41.262505363934274,5.409385649652861
"[-0.22816072828702652, 0.9614081788781237, -0.6735954833142591, -0.15985721717405202]",38.90750964623074,5.412528813888568
"[-0.35931116592460205, 0.9896677309488889, -0.6323409778372732, -0.22957924857342582]",38.91205658062271,5.4156719781242755
"[-0.4045204377599362, 0.926918148043486, -0.5721935619605844, -0.24971351640517297]",38.790177007856876,5.418815142359983
"[-0.3252856845458639, 0.8540798267699745, -0.5127938966554776, -0.19530318885454703]",38.74164751812259,5.421958306595691
"[-0.09256493998381578, 0.7547753046478424, -0.4038377690025368, -0.04952628765240056]",38.83877092327547,5.4251014708313985
"[0.4321515366891049, 0.36313869570096935, 0.12313830414497133, -0.1465401731942057]",39.28751060295532,5.428244635067106
"[0.5648609220842148, 0.00497617597910474, 0.011702552955347414, -1.328392500760435]",44.80859955704056,5.437674127774229
"[0.2808139577124741, -1.4381352529869063, 0.640622814116631, 0.12508964470439216]",43.73232738860491,5.440817292009936
"[0.7670895260065943, 1.103541609191629, -0.5400566207728896, 0.37540204537358873]",50.218482067049564,5.447103620481352
"[0.6935594030875241, -0.5351759116984718, 0.17946319833550894, 0.23257472168119236]",49.06712790797218,5.4533899489527675
"[-1.5362786866065001, 1.334704969496697, -0.32898985265217373, -0.3786755202761616]",231.00019303868973,5.459676277424182
"[-0.8780645641102197, -0.5180028127092149, 0.1909794586027743, -0.3237285415401528]",89.05392056912608,5.469105770131305
"[-2.0363097563360997, 0.5364532683952402, -0.12332349873318835, -0.46812063314873054]",129.8941870314366,5.4722489343670135
"[0.8429650947345957, -0.46827750001390694, 0.1253188319857516, 0.2255914518074274]",53.27971416902455,5.572830189909658
"[4.645816345104499, 4.588592876691314, -0.13562748107039238, 0.1373188655726911]",144.0486234551378,5.575973354145366
"[0.2258099628133059, 2.8477339709801006, -0.39335388505861085, 0.03119084404045896]",40.38458239072032,5.582259682616781
"[0.4243414164120491, -0.5756759172432822, 0.23930276870478426, 0.1763945177866375]",34.683783736734924,5.585402846852489
"[3.9672150992468573, -5.656621532784048, 0.15014840859231143, 0.10530508895512594]",142.22328409865906,5.588546011088196
"[0.7086905318610687, -0.0011601915887348992, -0.012293230822542396, -7.509187604581496]",59.30429932016607,5.594832339559612
"[0.5247472668489792, -0.01186714786386195, -0.024579406577909194, -1.0868640527993878]",48.99733525851323,5.601118668031027
"[-0.004388270131679953, -0.01456468227948787, -1.5853386570482562, 0.47765506612902237]",190.94719205539016,5.604261832266735
"[-0.49850366301227284, 0.751009063984917, -0.3352592397403085, -0.22253787215622345]",35.07119742846483,5.607404996502442
"[-0.8773692777575274, 0.5872422796533525, -0.24386623237433658, -0.3643483236493366]",34.61403270175259,5.61054816073815
"[-0.9945380525407439, 0.44239120434102064, -0.17355154478680687, -0.390160594681839]",34.374773258887224,5.613691324973858
"[-0.29328366603637746, -0.003451195060077643, -0.15585603288899758, 13.244695801042365]",33.25434648908243,5.616834489209565
"[-0.29501671517737793, -0.0027712778394516054, -0.14378298761282438, 15.306435212636776]",33.18286422740078,5.6199776534452734
"[-0.2964191423223436, -0.0018284279804552837, -0.11292488679504674, 18.307036681544822]",33.16531460521099,5.623120817680981
"[-0.2971989201870115, -0.001092498241504009, -0.07805109673914042, 21.232713103723842]",33.19818818338408,5.626263981916688
"[-0.2972341246487611, -0.000573207738600263, -0.042269060824122594, 21.91841893883453]",33.28716237468712,5.629407146152396
"[-0.29604133860185566, 0.0001629117477677573, 0.010150723072397588, 18.445776217677466]",33.449213788676126,5.632550310388104
"[-0.2906337698046105, 0.0037295377280609017, 0.14633117953752622, 11.403231564650428]",33.724648933868274,5.635693474623811
"[-0.24995951702856728, 0.038354926619315, 0.6417950995201719, 4.1825863649679835]",34.23141336661279,5.638836638859519
"[3.0272634963570604, -0.7484795348627329, 0.0872076437925783, 0.35271574486668916]",44.78819638952733,5.641979803095227
"[-5.068864478660848, -7.143813171556601, 0.12026589047198641, -0.08533418855845304]",72.63642650580256,5.645122967330934
"[-0.10698497066193265, -3.369255061672777, 0.34400759021767696, -0.010923376613894219]",49.663501171532744,5.648266131566642
"[3.711213157200904, 1.87460522863022, -0.12942428321359878, 0.25622520165196355]",55.389534282368196,5.651409295802349
"[0.7858871017945599, 0.43773863756563897, -0.07358406076968578, 0.13210797332894395]",44.095440095206015,5.654552460038057
"[-1.8194641348068132, -2.0315841965367127, 0.3029368164297687, -0.27130683214908496]",47.975522201808715,5.657695624273765
"[-0.050973037908961155, 0.9301542718058206, -0.747121278081883, -0.04094271497170429]",33.42201721105548,5.660838788509472
"[0.3081030750715975, 0.6417347006797928, -0.35917498047178253, 0.17244340356679008]",32.74361869864195,5.663981952745179
"[0.6582465076577723, 0.28167541297278825, 0.15489023565874996, -0.3619625710906407]",32.6150879430967,5.667125116980888
"[-0.23909509057764328, 0.042925832375106485, 0.6791251063484766, 3.7826984319589587]",35.26788433357848,5.726845237459332
"[-0.25416930606828536, 0.0321009997861835, 0.5678385568372443, 4.496032301518363]",35.17479662819763,5.72998840169504
"[-0.2570454243870667, 0.029625834154110384, 0.5398024013893722, 4.683538584199897]",35.16338030185269,5.733131565930748
"[-0.24968709400491673, 0.03497305249506441, 0.596944131546485, 4.261831177304602]",35.236459977667835,5.736274730166455
"[-0.22116119842301432, 0.052293765014495584, 0.7680668141253305, 3.2483141543488285]",35.42535813304798,5.739417894402163
"[-0.11483442817608965, 0.06981805876493813, 1.0960447843588583, 1.802738120963297]",35.83716872606378,5.742561058637871
"[-0.0868959857476216, -1.1995425904967223, 0.7276997683361061, -0.052715250962199936]",40.596693252036964,5.745704222873578
"[3.5091758717151342, -6.072366832164231, 0.15664549666425845, 0.09052427373053352]",62.65621388992572,5.7488473871092864
"[0.6836498554844224, -0.01484545375677039, -0.09642560698002282, -4.440507737674884]",52.99312583529116,5.7582768798164095
"[1.1093238786594812, 0.42665844131475855, -0.15134594219311248, 0.393503681998382]",65.04726386279543,5.764563208287824
"[0.11715069940113097, -0.7971506490250857, 0.6476372307797345, 0.09517793736585049]",52.0229464439331,5.7677063725235325
"[-0.029137394804209807, -0.9751779420330186, 0.7807115941664401, -0.023326924212448568]",43.74842434060976,5.77084953675924
"[-0.1744956752317256, -0.7574221461722898, 0.372199455193572, -0.08574768454170871]",39.98753111863,5.773992700994947
"[0.43434913725176094, 1.9641311254819689, -0.5070738950167224, 0.11213462582308976]",40.20773167968726,5.7771358652306555
"[-0.017289350820419994, -0.17894420688267476, -1.3101929139535848, 0.1265890934744033]",35.15547012682098,5.780279029466363
"[0.6358843199097943, 0.034973605440183665, 0.11366564470980953, -2.06664998571814]",34.32901136631253,5.78342219370207
"[-0.8447610500215718, -0.8078434039316208, 0.3947414589313365, -0.4127807539319978]",63.79650352514838,5.792851686409193
"[0.9021863336837934, -0.48583626938257635, 0.15738983494260295, 0.2922691595800708]",47.23419764379526,5.795994850644901
"[0.5266225263363766, -0.45555575552932653, 0.03710150092594992, 0.042889341011135715]",144.50916437304042,5.865144463830469
"[5.993487765318704, -8.999595607748077, 0.1008277447681544, 0.0671485565587338]",144.50229007694603,5.868287628066177
"[0.6124924668271198, -0.503891584840047, 0.12518955912042298, 0.1521709514378834]",62.57394463747057,5.871430792301885
"[0.34907829640087196, 0.8229546003146815, -0.7083898301639405, 0.30048257219386926]",111.35015694650711,5.874573956537592
"[-0.06486580844699376, -0.008616522486478812, -0.25304931454406554, 1.9049736585308057]",42.604263900233626,5.887146613480423
"[-0.05794173751439499, 0.7408373193348031, -0.3889138260853222, -0.030417396962378267]",39.48430337445989,5.890289777716131
"[0.5843795135928727, 1.1365894809943475, -0.6175210205139423, 0.31749953667141795]",42.82464182120077,5.899719270423254
"[0.18941369520195192, 0.6856640214073733, -0.4134587048618656, 0.11421736981408812]",43.58174361365346,6.012873182908729
"[-0.09536787441589349, -0.013259687725371023, -0.2884773139791726, 2.074820223614786]",38.847066702461966,6.016016347144436
"[-0.2546585619593373, 0.014985924117675168, 0.2915087717641389, 4.953662118712028]",39.65515479420437,6.019159511380144
"[0.6173838791498377, -0.023345494241274356, -0.07002730812966679, -1.8519090104718579]",50.73956414468424,6.022302675615851
"[2.6461716312776433, -18.414219739543075, 0.07150348568249347, 0.01027523826840007]",251.25432257054467,6.044304825265805
"[0.7685984701426127, 0.5679088383015001, -0.227023887428297, 0.3072503908991668]",68.42192739915511,6.047447989501513
"[-0.15207407604028755, -0.170765635353943, -1.3504659433230963, 1.2026474772226428]",50.31777940681155,6.05059115373722
"[-4.850510969748215, 0.9465389515753894, -0.0473463025366996, -0.24262473239907467]",59.43247341313537,6.053734317972928
"[0.6126217406713331, 0.01603644882263671, 0.047380698677087614, -1.8100295407564695]",41.50017350446964,6.056877482208636
"[0.7194164825932574, 0.003788083402507019, 0.02477684260432979, -4.7055112203477325]",50.09646699679938,6.060020646444343
"[-0.7933455743163809, 1.6293871807813156, -0.49634936428466997, -0.24167157819491855]",71.0107618617386,6.063163810680051
"[-0.23245872983056984, -0.038238923374135224, -0.6099344677364414, 3.7078604505366424]",40.86952455857701,6.066306974915759
"[-0.30114674287367715, -0.0004915601037184091, -0.05413543918852519, 33.16524482121366]",38.95270012062159,6.069450139151466
"[0.35607194335379116, -0.4317927994580269, -0.05164289976761585, -0.042586601035915245]",38.775511108489596,6.072593303387174
"[0.6444859525337095, -0.7489526624778055, 0.4586689618684969, 0.39469210485145007]",39.21343422058086,6.075736467622882
"[0.586361079103331, -1.141715402837117, 0.6163034601510208, 0.3165205278401809]",39.94154551532678,6.078879631858589
"[0.5705359248374381, -1.2410618019943047, 0.6114984233807514, 0.28111558824833827]",40.06089351294082,6.082022796094297
"[0.8263885285479806, -0.9924493799735082, 0.5002923735253895, 0.41658132570192924]",39.59308499679346,6.085165960330005
"[0.9042712655531986, -0.7625923687944686, 0.3804223888393428, 0.4510994983392448]",39.24804630424868,6.088309124565712
"[0.8617751515599619, -0.6300464987512447, 0.29033430847326375, 0.39711813839693383]",39.08010379922146,6.09145228880142
"[0.7630913086824477, -0.5452135247654448, 0.19905646358200665, 0.27860324514480905]",39.0184435918021,6.094595453037128
"[0.6344225720850272, -0.4494205511079474, 0.04655030669750615, 0.0657125385867841]",39.01425123220819,6.097738617272835
"[-0.9732972075238565, 1.2873079197116917, -0.46514428359244303, -0.35168247268889746]",42.67853921352828,6.1008817815085425
"[-0.47932460322713794, -0.7022503162143968, 0.24861957767020915, -0.16969658492100254]",40.77263461540525,6.104024945744251
"[-0.9349846818893414, -0.6519698721044644, 0.29548559601705826, -0.4237534858828995]",44.79056993136902,6.107168109979958
"[-4.727468786802817, 6.467738707447545, -0.12929145545391074, -0.09450309415790864]",140.7778556636911,6.126027095394204
"[0.6873558303747609, -0.0020689128672750044, -0.018330064634766104, -6.089805420262748]",49.2460779712426,6.13231342386562
"[-0.15069255957063352, 0.054706902274547387, 0.8314659489161235, 2.2903093911095422]",46.0318999327292,6.135456588101327
"[-0.12093802218385435, 0.0015358372323912282, 0.02897651217220175, 2.281727515117965]",45.123327337328504,6.138599752337035
"[1.023092520009974, 0.49387611876823856, -0.18384454128918035, 0.3808444423405965]",47.58603692084263,6.141742916572742
"[0.5807771922531315, 0.041209965838258956, 0.09844530782686002, -1.3874020108305496]",44.78638317771548,6.154315573515572
"[0.03832240713141797, 0.9667836589956994, -0.8084348228473706, 0.03204560620372521]",45.26234027913128,6.160601901986988
"[0.3792140010535315, 0.6524397726166488, -0.3912787544835988, 0.2274208106901548]",44.079896453939774,6.163745066222695
"[0.6344062547128448, 0.4860240427249013, -0.10075775672159813, 0.13151890741179748]",43.931440389005125,6.166888230458403
"[0.7594196764393385, 0.4107445606613752, -0.0321637485347558, 0.05946708939010047]",43.88650597972618,6.170031394694111
"[0.832213410332048, 0.3833809378759375, -0.03324463082709717, 0.07216484927275021]",43.88635509000845,6.173174558929818
"[0.8797698558974018, 0.37116907875627764, -0.04395762170664336, 0.1041913045236338]",43.908094970006566,6.176317723165526
"[0.9065072600535652, 0.3656097913837121, -0.0515834945403547, 0.12789814004376848]",43.93317473703536,6.179460887401234
"[0.9144534143532879, 0.3653918330504945, -0.05499095641702008, 0.13762395134639763]",43.95274955105068,6.182604051636941
"[0.9076768120426105, 0.36955470472560475, -0.055336265296731066, 0.13591342291851893]",43.96572299829249,6.185747215872649
"[0.8914363062003418, 0.3765535737991484, -0.053968858928278594, 0.12776349396310713]",43.974614872137806,6.188890380108356
"[0.8705763408376607, 0.3849624464420784, -0.05215760546184234, 0.117952225546909]",43.98208700006544,6.192033544344064
"[0.8487908937432755, 0.3937838925919574, -0.050936826663201984, 0.10979299925991094]",43.98938267556357,6.195176708579772
"[0.8286933522327387, 0.4022520056638217, -0.050842048626222616, 0.10474147329835533]",43.99626733339206,6.198319872815479
"[0.8121603961347891, 0.40958927427351316, -0.051756086429338766, 0.10262535251052222]",44.00161586038341,6.201463037051187
"[0.8005856201222719, 0.4149715325689292, -0.05303226284780815, 0.10231272197319352]",44.00407326966342,6.204606201286895
"[0.7949443656197647, 0.4176832481381144, -0.053872711760763116, 0.10253178423071374]",44.002541428036956,6.207749365522602
"[0.7957407103125529, 0.41732254107900735, -0.05377391542547664, 0.10253482485352221]",43.996450520888544,6.21089252975831
"[0.8029507100388626, 0.41392744380753366, -0.05280650052091095, 0.10243586822345367]",43.985868334015876,6.214035693994018
"[0.8160320101533869, 0.40796184631680493, -0.05158527536709079, 0.10318424708627272]",43.971498363936306,6.217178858229725
"[0.833993107905224, 0.4001648323271544, -0.050942028740928035, 0.10616950176649204]",43.95455905954039,6.220322022465433
"[0.8554384771102482, 0.39133651208439946, -0.05146691870181345, 0.11250364123026288]",43.93648206236914,6.223465186701141
"[0.8784679547154497, 0.38220280226485615, -0.053158574573095876, 0.12218148062783077]",43.918375052026256,6.226608350936848
"[0.9003670393861664, 0.37350320795118247, -0.05535575416467281, 0.13344061156432147]",43.90030198657553,6.229751515172556
"[0.9172162514830791, 0.36629741938267485, -0.05694343859408782, 0.14258753824108433]",43.880658429482985,6.232894679408264
"[0.9238443877469162, 0.36217099892813104, -0.056629774881293914, 0.14445413867564685]",43.85628801444949,6.236037843643971
"[0.9147236050197294, 0.3627922315826951, -0.053038530832944346, 0.1337283213502872]",43.82430165037405,6.239181007879679
"[0.8858299352849088, 0.36899635310464907, -0.044894560341053984, 0.107775985174378]",43.785979452528025,6.242324172115387
"[0.8355572464571872, 0.38181462404668454, -0.033236621166067105, 0.07273451018916256]",43.75115975962235,6.245467336351094
"[0.7596677297166866, 0.41014333231622846, -0.03154442479519257, 0.058426602802634044]",43.739997142980705,6.248610500586802
"[0.6288001782088135, 0.4895297523689387, -0.1052188875540816, 0.1351534915391913]",43.7767021552357,6.25175366482251
"[0.3589217664625019, 0.6646416492887683, -0.4163854404507989, 0.2248577078727986]",43.92988138876355,6.254896829058217
"[0.0902224500180852, 1.0153608679114157, -0.8094598951528366, 0.07192659993121109]",45.43960855970224,6.258039993293925
"[0.6490533806510588, 0.03636103910703748, 0.1285506541570809, -2.294660403406925]",44.47039082929371,6.26432632176534
"[0.6283081587207451, -0.010157535454566427, -0.03381223478866825, -2.091501730626292]",52.332614632988985,6.273755814472463
"[-0.15537383453446407, 0.003190208937989258, 0.05345173696205424, 2.603278185119277]",44.9042316485536,6.280042142943879
"[-0.007483449851858611, 0.008078589041138711, 1.228743222626682, 1.1382233011846605]",46.26576839683942,6.283185307179586
