u,t,theta
"[0.3319411244977873, -0.13289231480903413, 1.9307228486077774, 0.3319411244978086]",34.63712443182544,0.009429492707122941
"[0.4464559963734615, -0.05700256391830986, 3.4176423084100027, 0.44645599637380007]",34.49410299346967,0.012572656942830588
"[-0.9491663776574357, 9.688473626901558, -0.08521258961068667, -0.9491663776576643]",44.34986726797595,0.015715821178538234
"[0.1786186309013662, -0.9261187136773139, 1.1012635188976707, 0.17861863090136298]",46.773670252057606,0.018858985414245882
"[-0.3976993776104908, 9.532951445824722, -0.12579148095052575, -0.3976993776105329]",46.79072441607641,0.02200214964995353
"[-0.6142927415599337, 12.046859489062822, -0.09195083515188204, -0.6142927415599717]",46.53008822865903,0.025145313885661175
"[-0.6044948599817537, 11.733245213942416, -0.09475155652442459, -0.6044948599818284]",46.40988276656366,0.02828847812136882
"[-0.4125811152957528, 9.277447874797875, -0.12833227406499925, -0.41258111529579133]",46.43147916475653,0.03143164235707647
"[0.1687350016449321, 3.903688554401545, -0.29467257824202964, 0.16873500164492483]",46.90741800229709,0.03457480659278411
"[-0.0682090933606988, 3.2956201176068443, -0.3433926009562586, -0.06820909336070317]",45.53415462919191,0.037717970828491765
"[-0.0988378061800879, -0.7450004854900262, 0.9519492146008686, -0.09883780618008871]",45.22491265434077,0.04086113506419941
"[-1.0410073767975356, -0.3975586009601645, 1.1783187305564282, -1.041007376797552]",44.68214517760646,0.04400429929990706
"[0.5178289341567328, 0.025974174861344776, 5.473349433832294, 0.5178289341541088]",34.67312114564814,0.047147463535614706
"[-1.1648920093525879, 0.6334958976131811, 0.17801729815648257, -1.1648920093525974]",45.358661665966295,0.05029062777132235
"[-0.8767879832287635, -0.0624355997580639, 1.2314295702424871, -0.8767879832287759]",32.44814189075006,0.05343379200703
"[-0.869906014884228, 0.025475450005979037, 1.1721210104381201, -0.86990601488424]",32.49546313508311,0.05657695624273764
"[-1.0563046906451394, 7.346845385889453, -0.09351518246570122, -1.0563046906453026]",41.655583280887186,0.06600644894986059
"[-0.3872032672438918, 2.814318720300317, -0.3619235045024143, -0.38720326724390575]",43.04252365954158,0.06914961318556823
"[0.3773000282995372, 2.634183991110634, -0.382369609778898, 0.377300028299483]",44.55053658886774,0.07229277742127588
"[-0.22717697420438002, 6.520952296227054, -0.18612371385614748, -0.22717697420438202]",43.97102602447699,0.07543594165698353
"[-0.4663554827070862, 8.712184015668136, -0.13322715479082722, -0.46635548270712873]",43.74839157509672,0.07857910589269117
"[-0.6228717915922207, 10.249732977197434, -0.10628508403826735, -0.6228717915922701]",43.60515161451863,0.08172227012839882
"[-0.7359902878113107, 11.383781469687788, -0.08965385009260894, -0.7359902878113508]",43.49706466401132,0.08486543436410646
"[-0.8205252395297674, 12.229605150198768, -0.0784924128554528, -0.8205252395299087]",43.40927070125607,0.08800859859981412
"[-0.8841461797610762, 12.855076426763327, -0.0707186717169901, -0.884146179761546]",43.33509376281196,0.09115176283552176
"[-0.9315812978872358, 13.306030226854736, -0.06525528069865898, -0.9315812978872904]",43.27098495545236,0.09429492707122941
"[-0.966081169709392, 13.616083296202477, -0.061473112736415786, -0.9660811697094065]",43.214826785928594,0.09743809130693705
"[-0.9900414668825682, 13.811146353485757, -0.05897223442621734, -0.9900414668833102]",43.165242051423796,0.1005812555426447
"[-1.005307601026162, 13.911788505983925, -0.05748227041844378, -1.0053076010263107]",43.121272589459615,0.10372441977835235
"[-1.0133406520130464, 13.934617354757142, -0.05681207467561038, -1.0133406520130583]",43.082215934068714,0.10686758401406
"[-1.0153168472039817, 13.893168291939347, -0.05682212228070203, -1.0153168472042688]",43.04753592878958,0.11001074824976764
"[-1.0121921487077588, 13.798523812583, -0.05740834834738002, -1.0121921487084076]",43.01681085973114,0.11315391248547528
"[-1.0047471535509045, 13.659773539218339, -0.0584921590103075, -1.0047471535509866]",42.98970255909065,0.11629707672118293
"[-0.9936200138742599, 13.484369130871452, -0.06001398699864269, -0.9936200138746193]",42.96593638607341,0.11944024095689058
"[-0.979331494269841, 13.278406980180401, -0.06192898876547824, -0.979331494270132]",42.94528851017061,0.12258340519259824
"[-0.9623045768070871, 13.046856867778402, -0.06420410169306472, -0.9623045768072022]",42.92757739111562,0.12572656942830587
"[-0.9428798166246866, 12.793745818624853, -0.06681603914711988, -0.9428798166251365]",42.91265783674814,0.12886973366401352
"[-0.9213277678768227, 12.522311043352971, -0.06974990120220075, -0.9213277678770848]",42.90041730202215,0.13201289789972118
"[-0.8978586808341692, 12.235122314099609, -0.0729982952048959, -0.897858680834222]",42.89077334877476,0.13515606213542883
"[-0.8726299325086809, 11.9341794250362, -0.07656086932978465, -0.8726299325087079]",42.88367225976802,0.13829922637113645
"[-0.8457518110707924, 11.620992317855022, -0.08044416772351265, -0.8457518110708316]",42.8790887739109,0.1414423906068441
"[-0.8172915669476263, 11.29664315179258, -0.08466183381190541, -0.8172915669478228]",42.87702673611704,0.14458555484255176
"[-0.7872753679046944, 10.96182750669109, -0.08923525725945072, -0.7872753679047696]",42.87752071458537,0.1477287190782594
"[-0.7556895278212651, 10.616891803191418, -0.094194524472603, -0.7556895278213495]",42.88063902875855,0.15087188331396706
"[-0.7224787731353033, 10.261843857109977, -0.09958010443948005, -0.7224787731354251]",42.88648816665194,0.15401504754967468
"[-0.6875434732024432, 9.896361307234557, -0.10544512232237942, -0.6875434732025005]",42.89521929080804,0.15715821178538233
"[-0.6507332376068433, 9.51977411308179, -0.1118588476365549, -0.650733237606885]",42.90703754417712,0.16030137602109001
"[-0.6118371069936841, 9.131031238251822, -0.11891171771753532, -0.6118371069936861]",42.922215417173454,0.16344454025679764
"[-0.5705688364107967, 8.72864659273458, -0.1267226865731353, -0.5705688364108039]",42.94111187199682,0.1665877044925053
"[-0.5265431359461125, 8.310601014937598, -0.1354505467807894, -0.5265431359461318]",42.96420086002876,0.1697308687282129
"[-0.479239687815654, 7.8742007871589985, -0.1453113771597464, -0.4792396878156999]",42.992114151489886,0.1728740329639206
"[-0.4279446962128436, 7.415850933485693, -0.15660686059971854, -0.42794469621284653]",43.025708609378654,0.17601719719962824
"[-0.37165247375667765, 6.930690952518287, -0.16977225202238494, -0.37165247375669913]",43.0661765210133,0.17916036143533587
"[-0.3088914881012331, 6.412000226127798, -0.1854618299833777, -0.30889148810125316]",43.11523509200228,0.18230352567104352
"[-0.23738784048567002, 5.85013809531728, -0.20471276965735669, -0.23738784048570924]",43.17547638916414,0.18544668990675117
"[-0.15334198488505052, 5.230506757475935, -0.22928750050518737, -0.15334198488505082]",43.25106946956217,0.18858985414245882
"[-0.049613511086941925, 4.529138934626152, -0.26247109763322046, -0.04961351108695854]",43.34932634170113,0.19173301837816648
"[0.09011380802814084, 3.701054790967689, -0.31117260029997496, 0.09011380802758874]",43.48466974643941,0.1948761826138741
"[0.3210239513754269, 2.636726478197807, -0.39042286356070494, 0.32102395137536377]",43.68793993064335,0.19801934684958175
"[1.0458499872404001, 0.8417120936133772, -0.05608226371053255, 1.045849987240397]",43.60106991235185,0.2011625110852894
"[0.15845103661824633, -0.9105345249019345, 1.060249553103189, 0.1584510366182461]",42.79171801303857,0.20430567532099703
"[0.13267840355925528, 0.706080363544558, -0.4279578211111467, 0.13267840355925076]",43.90958297484154,0.21059200379241236
"[-1.1185323932432478, 3.2870777295145546, -0.14416526347395597, -1.1185323932432596]",40.96008869282895,0.21373516802812
"[0.4936523267185649, -0.047911867235307, 4.428786714874216, 0.49365232671902326]",36.780779479262165,0.21687833226382763
"[0.5102735229930656, -0.00844460700669434, 8.593041445487005, 0.5102735230012148]",36.05410236130986,0.22002149649953529
"[-0.9516185043829359, 2.67060899718912, -0.22399456576697163, -0.9516185043829466]",41.84471765228508,0.22316466073524294
"[-0.19330360694862234, 0.7034548849448367, -0.39076186165575116, -0.19330360694862847]",47.880501441555836,0.22630782497095056
"[-0.2871886120240366, 0.2273760803713337, 1.1200748537627545, -0.2871886120240673]",43.357783866247274,0.2294509892066582
"[-0.34877747234772927, 1.8850224851761876, -0.4930897334395719, -0.348777472347732]",43.19225152664437,0.23259415344236586
"[-0.8015752543107962, 5.717530794572638, -0.1562470601834627, -0.8015752543112005]",43.23625730524762,0.23888048191378117
"[0.08533863973649095, 1.7669233743971635, -0.5555067201136643, 0.08533863973649049]",49.000960247947454,0.24202364614948882
"[1.0204303008995033, 0.9188473796985807, -0.11545903009625731, 1.0204303008995002]",46.94366391294387,0.24516681038519647
"[-0.38982399655102573, 7.266298859481094, -0.1617039451596773, -0.38982399655105393]",46.413069475086814,0.2483099746209041
"[-0.6830059130741944, 10.167486501661063, -0.10317781666708245, -0.6830059130741966]",46.33521965760294,0.25145313885661175
"[-0.7949510261797342, 11.580916629519692, -0.08432095014590242, -0.7949510261799244]",46.445605349226916,0.2545963030923194
"[-0.6376503228945257, 10.24936507284522, -0.10537118295817156, -0.6376503228945551]",46.728650566625255,0.25773946732802705
"[-0.776012101432089, -0.7006412910127428, 1.2989538184681635, -0.7760121014320924]",46.04350750777344,0.2608826315637347
"[-0.9944405322094049, 0.09128155708553859, 0.8595205640855066, -0.9944405322094984]",35.4299352447246,0.26716896003515
"[-0.9364084360332892, 6.7898309969461295, -0.11752018763357581, -0.9364084360333034]",45.009348024340134,0.27031212427085766
"[-0.29871265642803563, 1.4273941382925321, -0.6017007222795709, -0.29871265642803974]",49.84935302499066,0.2734552885065653
"[-0.5448128517974018, -0.081274362705918, 3.127968157077135, -0.5448128517972551]",34.924081206759226,0.2828847812136882
"[-0.7915009791877937, 0.4001764804020838, 0.49204107826290605, -0.791500979187794]",34.89508752496253,0.2891711096851035
"[-0.7957528678859604, 0.26717841036886886, 0.8371128552878692, -0.7957528678859842]",34.98268631369763,0.29231427392081116
"[-0.8260219952989639, 0.5517484744822242, 0.15066145227472172, -0.826021995298976]",34.13521978892036,0.2954574381565188
"[-1.1017065674554094, 0.14588128924367355, 0.7037936365960643, -1.1017065674554105]",34.29541991944002,0.29860060239222647
"[-0.8728539040088692, 3.6428060380271923, -0.20596536608082863, -0.8728539040089313]",43.84538523669058,0.3017437666279341
"[0.9718211267544511, 0.7694471869482895, -0.06480177213927492, 0.971821126754426]",41.18390426036814,0.30488693086364177
"[0.02651879380096446, 4.198779456639507, -0.2804340977775794, 0.0265187938009435]",48.353611081838906,0.30803009509934937
"[0.25154441033163344, 2.6147570032433967, -0.4014965474766597, 0.25154441033156694]",47.024193539103834,0.311173259335057
"[-0.09801255406135703, 0.7225218843448433, -0.48313001811928524, -0.0980125540613617]",47.12003400214907,0.31431642357076467
"[-0.7253664287527186, 8.65408097543521, -0.11597823261028088, -0.7253664287527478]",45.31094416142235,0.3174595878064724
"[-0.9097703652281124, 9.78521980981348, -0.08823755412353457, -0.9097703652283847]",45.04875775805075,0.32060275204218003
"[-0.8958858836422661, 9.448949139120726, -0.09236396796666571, -0.8958858836422814]",44.94198899189268,0.3237459162778876
"[-0.8455757596208806, 8.92755422506993, -0.10208463520898307, -0.8455757596209261]",44.90171214156537,0.3268890805135953
"[-0.8043712504040287, 8.545706052534447, -0.11014283364111316, -0.804371250404039]",44.891477171653364,0.3300322447493029
"[-0.7858650577127302, 8.379547495244351, -0.1138577861045092, -0.7858650577127857]",44.89346916597713,0.3331754089850106
"[-0.7917754869376421, 8.427323962003, -0.11272356025586926, -0.7917754869376774]",44.900696831121685,0.33631857322071823
"[-0.8178949666034533, 8.65489213997271, -0.10762364107222937, -0.8178949666034607]",44.9132636705764,0.3394617374564258
"[-0.8565968338262798, 9.009262013172968, -0.10020876813581159, -0.8565968338262908]",44.93544213861357,0.3426049016921335
"[-0.897689409065429, 9.418614140430726, -0.09245525984718246, -0.8976894090655446]",44.97355565147047,0.3457480659278412
"[-0.9274537804612282, 9.779297156430793, -0.08661087945846364, -0.9274537804614271]",45.035092491238146,0.34889123016354884
"[-0.9254807865964068, 9.92606000239191, -0.08565573369412584, -0.9254807865964191]",45.12916291649388,0.3520343943992565
"[-0.8582660525593083, 9.578093305491569, -0.09472920650786944, -0.8582660525596598]",45.26913573173084,0.3551775586349641
"[0.43030309228516983, 0.8284309841618304, -0.47195710456695483, 0.43030309228516894]",33.79050136030383,0.35832072287067174
"[0.425751033673312, 0.8109190632698855, -0.45114694927067867, 0.42575103367330863]",33.76383189802078,0.3614638871063794
"[0.4176629985645667, 0.7930672191437788, -0.42964930496411663, 0.41766299856456424]",33.739407418969705,0.36460705134208704
"[0.40589857462361006, 0.7749365027328092, -0.4073338406018447, 0.40589857462359313]",33.71785820135254,0.3677502155777947
"[0.39035712737599504, 0.7564657323017024, -0.3838882927502326, 0.39035712737598827]",33.69964275139863,0.37089337981350234
"[0.37096157023959847, 0.7374763531986028, -0.35879230211557345, 0.370961570239596]",33.68508835189046,0.37403654404921
"[0.34764959382860594, 0.7176730047814046, -0.3312799233135144, 0.34764959382854743]",33.674421286406684,0.37717970828491765
"[0.32037381440080204, 0.6966387852879866, -0.30028571780052066, 0.32037381440079393]",33.66778653355286,0.3803228725206253
"[0.2891130897126366, 0.6738244460614164, -0.2643687450436067, 0.2891130897125907]",33.66525706036385,0.38346603675633295
"[0.25389943600079945, 0.6485314626239791, -0.2216095115529698, 0.2538994360007909]",33.66683376681232,0.38660920099204055
"[0.21486843906258898, 0.6198902926367178, -0.16947904749338832, 0.214868439062581]",33.6724388092924,0.3897523652277482
"[0.17234484092957641, 0.5868378304038536, -0.10469159875917204, 0.1723448409295727]",33.68191001061321,0.3928955294634559
"[0.1269790332607987, 0.5481055565719954, -0.023087057121549855, 0.12697903326079854]",33.695015540987534,0.3960386936991635
"[0.07994200481346324, 0.5022412130780165, 0.08034085861157655, 0.07994200481345122]",33.71152917737009,0.39918185793487115
"[0.03315281738164618, 0.4477058773474057, 0.21101771197215394, 0.03315281738164443]",33.73143327110601,0.4023250221705788
"[-0.01057816377911135, 0.3830952670115821, 0.37349426612513603, -0.010578163779211721]",33.75532107049332,0.40546818640628646
"[-0.047726655641914625, 0.307488758541097, 0.5684828171452729, -0.04772665564192006]",33.78498035206756,0.40861135064199405
"[-0.07471487604077412, 0.2207449196716914, 0.7870188735723351, -0.07471487604079635]",33.82385489164218,0.41175451487770176
"[-0.08817828188001947, 0.12326010072581767, 1.0006879801992574, -0.08817828188003696]",33.87641424469188,0.4148976791134094
"[-0.0799769461894885, 0.014798677834568742, 1.1512228071710673, -0.07997694618950303]",33.943087073887185,0.418040843349117
"[-0.013619192438863427, -0.1053158673531046, 1.190671971552626, -0.013619192438866952]",33.997089658184535,0.4211840075848247
"[-1.0264272056020993, -0.2624728208496094, 1.1098815558441404, -1.0264272056021082]",35.12512132775887,0.4243271718205323
"[0.101211998741233, 1.631797029952835, -0.5861673409669503, 0.10121199874119724]",51.097045342679166,0.42747033605624
"[-0.7072223943481677, -0.7158505281711063, 1.2788391519093627, -0.7072223943481679]",44.443117012463105,0.4306135002919476
"[0.8712672950707778, 1.2078730000100357, -0.3097325046049613, 0.8712672950707778]",45.43701343574107,0.43689982876336286
"[-0.6195448178580141, 7.99125384691928, -0.13358095970256573, -0.6195448178580862]",44.58503617874758,0.44004299299907057
"[-0.9039042201733646, 10.054845217251014, -0.0866543769382362, -0.9039042201734357]",44.29266337459386,0.4431861572347783
"[-1.023456054218183, 10.817705533735472, -0.07042280347303621, -1.0234560542187348]",44.10378632661285,0.4463293214704859
"[-1.0618127526576338, 10.930300362827385, -0.06610000508838405, -1.0618127526578034]",43.96750853604761,0.4494724857061935
"[-1.0550438072634378, 10.69842643990379, -0.06803173729349814, -1.0550438072636086]",43.86628270626689,0.4526156499419011
"[-1.0219564252637552, 10.282595130294265, -0.07380049879497728, -1.02195642526381]",43.79105982526711,0.45575881417760883
"[-0.9727661965020404, 9.768587857419268, -0.08225433853765142, -0.972766196502263]",43.736453244045876,0.4589019784133164
"[-0.9129554712327753, 9.20167327769916, -0.0928719134799522, -0.9129554712329329]",43.69918012096612,0.46204514264902413
"[-0.8452268150377815, 8.604426591628293, -0.10551398019909153, -0.8452268150379034]",43.677400379216564,0.46518830688473173
"[-0.7704925259014335, 7.986039492654714, -0.12033573318913982, -0.7704925259014547]",43.670430651646626,0.4683314711204394
"[-0.6882966133544762, 7.346929785409101, -0.13779937853015173, -0.6882966133545022]",43.678700793439155,0.4714746353561471
"[-0.5968002012347619, 6.680410464516517, -0.15879686615670266, -0.5968002012347705]",43.703965737764854,0.4746177995918547
"[-0.4922204853672921, 5.971853084856944, -0.1849756870773139, -0.49222048536732727]",43.74994140284059,0.47776096382756233
"[-0.3670969427249684, 5.194152783605587, -0.21958337135223416, -0.36709694272498766]",43.8239180054777,0.48090412806326993
"[-0.2047090393733657, 4.293860409174681, -0.2700188329116172, -0.2047090393733668]",43.941308606086686,0.48404729229897764
"[0.047531829031470164, 3.1388163214297498, -0.35787919685296943, 0.04753182903146835]",44.14165450707359,0.48719045653468523
"[0.9144246057055184, 1.0460024969155648, -0.24753952923371186, 0.9144246057055109]",44.20135839089752,0.49033362077039294
"[-0.38050236104179463, -0.8825980800414059, 1.1966882060878368, -0.3805023610417986]",42.27087684797869,0.49347678500610054
"[-0.25443574129348395, 1.3242477831676822, -0.6408789246328204, -0.25443574129349333]",45.659456039554705,0.4966199492418082
"[0.8480754141913112, -0.012072923394193757, 1.2699919370755088, 0.8480754141913046]",44.78345668848091,0.4997631134775159
"[0.4894262915751719, 0.015099456413502438, 7.247761917585484, 0.4894262915748782]",40.36358326297737,0.5029062777132235
"[0.4896755150620899, 0.014528585256207953, 7.375074195665442, 0.48967551506095647]",43.69479270921893,0.5060494419489312
"[-0.4171137956625184, 5.736285227612246, -0.19774702604013525, -0.41711379566255646]",47.07385137259477,0.5091926061846388
"[-0.8137934652114356, 9.025789561186352, -0.10404634760579307, -0.8137934652114549]",47.167065798247194,0.5123357704203465
"[-0.528704335046669, 1.3553404035123615, -0.5235704234779605, -0.528704335046671]",45.084058397388276,0.5154789346560541
"[0.15721400685722514, 2.9903463191523167, -0.36818397189129065, 0.15721400685722]",49.019514709069284,0.5186220988917617
"[-0.4857821110719481, 2.4859374870200552, -0.37831768946120614, -0.4857821110719587]",41.961039731779245,0.524908427363177
"[0.5020413830777433, 0.00632616591320406, 12.197579234643925, 0.5020413830689252]",38.361773176431875,0.5280515915988847
"[0.7217249316712424, 0.5955319559666218, 0.06397156898059446, 0.7217249316711855]",40.259268785850736,0.5311947558345923
"[0.3616356674694084, 2.224128535937916, -0.4365246933179062, 0.36163566746940373]",47.85471094899587,0.5343379200703
"[-0.6697560087704437, 2.4353785991398214, -0.3355229433059291, -0.6697560087704454]",41.99032581962785,0.5374810843060076
"[-0.9560404426024781, 2.9330570982133506, -0.21108846884072924, -0.9560404426024806]",45.39967184321341,0.5406242485417153
"[-0.5138958253078413, -0.008375742673481283, 7.7629952231950705, -0.5138958253039594]",40.93264480352865,0.5437674127774229
"[-1.0230560577100936, 0.7710613804039685, -0.029283551906531945, -1.0230560577100938]",44.68487655250916,0.5469105770131306
"[-0.2723281906308392, -0.9114823056674074, 1.1489889990020443, -0.2723281906308416]",44.43889090771014,0.5500537412488382
"[-0.5536974976285157, -0.050571876241512145, 3.523909423231686, -0.5536974976282792]",40.866009160186685,0.5563400697202535
"[-0.41195860742634155, 2.075258079578039, -0.447685656156535, -0.4119586074263505]",46.94524715430847,0.5594832339559611
"[-0.251840461753829, 4.829120544005346, -0.24161085993030512, -0.2518404617538923]",48.830808029576204,0.5626263981916688
"[-0.5834406934775508, 7.3218930720551745, -0.14748057951246984, -0.5834406934775739]",48.84682145270464,0.5657695624273764
"[-0.5811323832990262, 2.183727938216063, -0.38806924179435404, -0.5811323832990277]",42.037636156475436,0.5689127266630841
"[-0.533386113874536, 0.5397585611743687, 0.19012040001802502, -0.5333861138745447]",39.584861244260374,0.5720558908987917
"[-0.2590219509628311, 5.168822596738831, -0.2273155392466457, -0.2590219509632002]",47.92680815055026,0.5751990551344994
"[0.7082025013208081, 0.6305884091765214, -0.007045599912446935, 0.7082025013207968]",40.90946907594897,0.578342219370207
"[-0.7000654030291875, 8.124543762730742, -0.1249742645380052, -0.7000654030291954]",47.9592500260636,0.5877717120773299
"[0.34251043830456035, 0.060740951745341686, 2.055655797164384, 0.3425104383045453]",40.88295211203888,0.5909148763130376
"[0.9266636554012878, 0.6149459088006557, 0.06814774137127974, 0.9266636554012768]",45.25743436547363,0.5940580405487452
"[-0.7224872481445019, 6.184026060004689, -0.15622335235675988, -0.7224872481445775]",44.93226794528689,0.5972012047844529
"[-1.0533583112796727, 7.5717223548973385, -0.09163959740998609, -1.0533583112800493]",44.54498831780079,0.6003443690201605
"[-1.114025481025359, 7.5464373344485445, -0.08309841860139917, -1.1140254810253862]",44.317512128786504,0.6034875332558682
"[-1.0774533514369242, 7.07705312102771, -0.09319047063918659, -1.0774533514369495]",44.17074040711655,0.6066306974915759
"[-1.0011181392175725, 6.47845396737858, -0.11238176426459867, -1.0011181392175823]",44.075851390627264,0.6097738617272835
"[-0.9057052740816651, 5.854578944052999, -0.1376846268537396, -0.9057052740816881]",44.0190694014763,0.6129170259629911
"[-0.7972109074400755, 5.233981000150818, -0.16877591973282882, -0.7972109074401]",43.994378458518625,0.6160601901986987
"[-0.6740443121192301, 4.614630730123081, -0.20716974066680305, -0.674044312119239]",44.00115559756201,0.6192033544344064
"[-0.5274555093863706, 3.975617813021377, -0.2569076365296863, -0.5274555093863776]",44.0442110525926,0.622346518670114
"[-0.33380235929272256, 3.2684090158179173, -0.32800934763002354, -0.333802359292727]",44.13637781000619,0.6254896829058217
"[-0.0064181924889504275, 2.355269156499174, -0.45054342799244756, -0.006418192488961826]",44.29996529105382,0.6286328471415293
"[0.9897899777528446, 0.6362088247326112, 0.0689344339327304, 0.9897899777528409]",43.65843926670096,0.631776011377237
"[-0.049592984853481736, 1.6193610681168467, -0.5924724732326279, -0.04959298485348477]",45.593453444215754,0.6349191756129448
"[-1.2362212617921786, 0.474227565176834, 0.36281617140081446, -1.23622126179219]",44.914305578094144,0.6380623398486523
"[-0.5927053867134808, 4.619617896480335, -0.21856699375609576, -0.5927053867135061]",47.307138847851654,0.6412055040843601
"[-0.3632596722687037, 4.430308654663915, -0.252180601917066, -0.36325967226870587]",47.99957210163855,0.6443486683200677
"[0.698281007986961, 1.2705394163364792, -0.4326219717826003, 0.6982810079869219]",49.01277414462251,0.6474918325557752
"[-0.09305642526640033, 0.6450819261413029, -0.288572463687632, -0.0930564252664069]",41.60500422366725,0.6506349967914828
"[-0.46956989290078405, 0.5685578177441949, 0.09459699965971792, -0.4695698929007872]",41.30129429550935,0.6537781610271906
"[-0.5411396229743932, -0.10156849391827466, 2.864633020774037, -0.5411396229741808]",41.1923017338933,0.6569213252628981
"[0.25269949024418425, 0.08863637275161677, 1.4758757956976074, 0.2526994902441798]",41.899803038094255,0.6600644894986059
"[0.6270784176356572, 1.3425578687845658, -0.47210139041999316, 0.6270784176356533]",49.05626330296204,0.6632076537343136
"[-1.1597369635318655, -0.21105657491357607, 1.0362272359132592, -1.1597369635318713]",46.38085298382957,0.6663508179700212
"[0.6159407713281654, -0.11515758291829496, 2.272357545439298, 0.6159407713281823]",39.78573106779295,0.6694939822057289
"[0.5669593133308864, -0.0900295427179907, 2.8151200368465905, 0.5669593133310524]",39.897289865478264,0.6726371464414365
"[0.5401460625203215, -0.07728263893653664, 3.2378418776400393, 0.5401460625205936]",40.0127482721138,0.6757803106771441
"[0.5223350993740611, -0.07512442264983875, 3.4312054748490577, 0.5223350993742076]",40.14388228568094,0.6789234749128517
"[0.5051298653615602, -0.08475916601161325, 3.291050304491384, 0.5051298653616014]",40.299338766407885,0.6820666391485594
"[0.4743744832258199, -0.11343496269040208, 2.7791904829346943, 0.4743744832258383]",40.494451062309025,0.685209803384267
"[0.3438115341602106, -0.19348544130612158, 1.8004485236748324, 0.3438115341602254]",40.80982467645295,0.6883529676199747
"[-0.3365182372452887, 1.9059212056081223, -0.49206722141050224, -0.3365182372452932]",46.376365537504924,0.6914961318556824
"[-0.6224630900845965, 3.325689815404567, -0.27887857131114635, -0.6224630900845969]",45.24794773614406,0.69463929609139
"[-1.165052561539829, 4.159943673932764, -0.1135839490465157, -1.1650525615398533]",44.73052600903939,0.6977824603270977
"[-1.2149539612672373, 3.762386126871352, -0.10388534760051332, -1.2149539612673492]",44.44484565966121,0.7009256245628053
"[-1.1518610839467986, 3.220781416589334, -0.13358237268754958, -1.1518610839468295]",44.26955717095237,0.704068788798513
"[-1.061190066728932, 2.7248827822167203, -0.179498196423051, -1.0611900667289416]",44.15819584454286,0.7072119530342206
"[-0.9638166724513025, 2.296158922653511, -0.23571989556921402, -0.9638166724513163]",44.09111326522347,0.7103551172699282
"[0.7930364896352629, 1.4880281391404195, -0.36563299329503407, 0.7930364896352574]",40.18431276740494,0.7134982815056359
"[0.7470001119209512, 1.5906261769693486, -0.38476417779328725, 0.7470001119209462]",40.193863007778056,0.7166414457413435
"[0.7049152216212706, 1.6890174131876832, -0.39695673797856973, 0.7049152216212663]",40.1976386364073,0.7197846099770512
"[0.6666353469379486, 1.7835176940839432, -0.40409109948981514, 0.6666353469379407]",40.19710863103404,0.7229277742127588
"[0.6318274082132007, 1.874463775154901, -0.407602524647106, 0.631827408213195]",40.193471577877816,0.7260709384484665
"[0.6000991246027094, 1.9621816176418616, -0.40854447161019614, 0.6000991246026081]",40.18764883438851,0.7292141026841741
"[0.5710650015164316, 2.046971543762788, -0.40767503490958845, 0.5710650015164049]",40.180325399191396,0.7323572669198818
"[0.5443749007005048, 2.129103297204172, -0.4055354243568981, 0.5443749007004858]",40.17200145138909,0.7355004311555894
"[0.5197229731716307, 2.2088157533156414, -0.40251157770057727, 0.5197229731716076]",40.163038888174704,0.738643595391297
"[0.49684719404770894, 2.2863190807492733, -0.39887941787410525, 0.49684719404770106]",40.153698403261835,0.7417867596270047
"[0.4755250549573935, 2.3617978493755616, -0.3948370532592862, 0.47552505495738323]",40.14416734206033,0.7449299238627123
"[0.4555680934436015, 2.4354144564662206, -0.39052737045015873, 0.4555680934435894]",40.13458001417146,0.74807308809842
"[0.43681668775307597, 2.507311734947183, -0.38605387262343055, 0.4368166877530747]",40.12503241859898,0.7512162523341276
"[0.4191351916842649, 2.5776160590899515, -0.3814917462579528, 0.4191351916842617]",40.11559272895966,0.7543594165698353
"[0.4024079664137288, 2.646439353379714, -0.37689569981440796, 0.4024079664135289]",40.106308897296294,0.7575025808055429
"[0.386535912040447, 2.713881446289959, -0.3723054925281194, 0.3865359120403701]",40.09721405260192,0.7606457450412506
"[0.3714337726954238, 2.78003140144473, -0.3677499323326031, 0.3714337726953597]",40.08833051735098,0.7637889092769582
"[0.35702779657178885, 2.8449691935081796, -0.36324972725041554, 0.3570277965717616]",40.07967263273721,0.7669320735126659
"[0.34325388201314455, 2.908766872493945, -0.35881957459417185, 0.34325388201314216]",40.07124887695872,0.7700752377483735
"[0.33005606525398656, 2.9714895133079993, -0.35446969572520615, 0.3300560652539845]",40.063063424100754,0.7732184019840811
"[0.317385258046924, 3.0331961146260435, -0.3502069635802987, 0.3173852580469041]",40.05511729615272,0.7763615662197888
"[0.3051981718708081, 3.0939405473842267, -0.34603572822261514, 0.3051981718708055]",40.047409178681434,0.7795047304554964
"[0.293456533840092, 3.153771841013905, -0.3419584691670465, 0.29345653384007137]",40.03993611088069,0.7826478946912041
"[0.2821263398910808, 3.2127348973862806, -0.3379762561445948, 0.28212633989108005]",40.032693939362254,0.7857910589269118
"[0.2711772390718896, 3.270871081238653, -0.3340890982366617, 0.2711772390718852]",40.02567765692815,0.7889342231626194
"[0.2605820887906367, 3.328218351115061, -0.33029623355072, 0.2605820887906329]",40.01888171400978,0.792077387398327
"[0.2503164873649, 3.3848118680490016, -0.3265963185420021, 0.25031648736488415]",40.01230018505138,0.7952205516340346
"[0.2403584580695877, 3.4406840965972174, -0.3229875993738004, 0.24035845806957667]",40.00592694331782,0.7983637158697423
"[0.230688119756645, 3.495865229304608, -0.319468022320216, 0.2306881197566355]",39.99975576388388,0.80150688010545
"[0.22128745176851974, 3.550383302225449, -0.3160353339244093, 0.22128745176851963]",39.993780406808305,0.8046500443411576
"[0.21214007462927126, 3.604264395504375, -0.312687151926362, 0.2121400746292555]",39.98799470267219,0.8077932085768653
"[0.20323104233475225, 3.6575329257326357, -0.3094210124356638, 0.20323104233474854]",39.98239257073496,0.8109363728125729
"[0.19454669532531016, 3.7102117149292626, -0.30623441695999765, 0.1945466953252936]",39.976968061018376,0.8140795370482805
"[0.18607452152777937, 3.762322118411951, -0.3031248644688837, 0.18607452152776846]",39.97171538552306,0.8172227012839881
"[0.17780301973588017, 3.8138842374113273, -0.3000898697979358, 0.1778030197358597]",39.966628923291424,0.8203658655196959
"[0.16972161591690874, 3.864916888436452, -0.2971269897095439, 0.1697216159168855]",39.96170324116163,0.8235090297554035
"[0.16182054921558983, 3.915437830716814, -0.29423382824690797, 0.16182054921558542]",39.95693309390789,0.8266521939911111
"[0.15409078690479577, 3.9654638792204273, -0.29140804489472505, 0.15409078690418757]",39.95231341223122,0.8297953582268188
"[0.14652398810556455, 4.015010753346746, -0.2886473741338106, 0.1465239881055622]",39.94783933600433,0.8329385224625264
"[0.13911239199246317, 4.064093460867742, -0.28594961208725983, 0.13911239199244207]",39.943506177993015,0.836081686698234
"[0.13184879126089405, 4.1127261715003565, -0.2833126299757617, 0.13184879126086912]",39.939309433029074,0.8392248509339416
"[0.12472648626563514, 4.160922245778804, -0.28073437681484625, 0.1247264862656181]",39.935244785964144,0.8423680151696494
"[0.11773922360060161, 4.20869440162683, -0.2782128734745058, 0.11773922360059218]",39.9313080940617,0.845511179405357
"[0.1108811480262361, 4.256054823914829, -0.2757462091505804, 0.11088114802620963]",39.92749536080312,0.8486543436410646
"[0.10414680488015868, 4.303014948634381, -0.27333255388687466, 0.10414680488013657]",39.9238027742631,0.8517975078767724
"[0.09753107679872926, 4.349585718639951, -0.27097014564855104, 0.09753107679872455]",39.92022667128599,0.85494067211248
"[0.09102916240419309, 4.3957775721289964, -0.26865729107806285, 0.09102916240416686]",39.91676353836869,0.8580838363481876
"[0.08463655124494367, 4.441600472633931, -0.2663923636425513, 0.08463655124492316]",39.91340999427113,0.8612270005838952
"[0.07834900281838134, 4.487063924622015, -0.26417380217997577, 0.07834900281836732]",39.910162805738885,0.8643701648196029
"[0.0721625240486265, 4.53217701342088, -0.2620001080122046, 0.07216252404862478]",39.90701886545659,0.8675133290553105
"[0.06607334883541315, 4.576948442799525, -0.2598698420583387, 0.0660733488354035]",39.903975186331,0.8706564932910181
"[0.060077930670511925, 4.621386486887944, -0.2577816258802971, 0.060077930670491955]",39.9010289143866,0.8737996575267257
"[0.05417292194028769, 4.665499048424964, -0.2557341375026098, 0.054172921940284224]",39.898177300585786,0.8769428217624335
"[0.0483551357822058, 4.709293859590107, -0.2537261008233734, 0.04835513578218972]",39.89541769378256,0.8800859859981411
"[0.042621574107814524, 4.752778195252361, -0.2517562975543111, 0.042621574107808834]",39.89274756655994,0.8832291502338487
"[0.03696938765825592, 4.795959100740867, -0.24982355525862207, 0.03696938765822543]",39.890164469658735,0.8863723144695566
"[0.031395883693515966, 4.838843267748604, -0.2479267515577725, 0.031395883693487454]",39.88766606975469,0.8895154787052642
"[0.025898497361581337, 4.881437192490173, -0.2460648056532079, 0.025898497361580404]",39.88525010955307,0.8926586429409717
"[0.02047478837389247, 4.923747147154107, -0.24423667834198626, 0.020474788373878727]",39.882914411960755,0.8958018071766793
"[0.015122435604238003, 4.965779170673832, -0.24244137111309108, 0.0151224356042282]",39.88065688893187,0.898944971412387
"[0.009839245353443968, 5.007538954614813, -0.24067792962151757, 0.009839245353415278]",39.87847553957982,0.9020881356480946
"[0.004623105878530806, 5.049032157081921, -0.23894542908001742, 0.0046231058785099165]",39.87636841588266,0.9052312998838022
"[-0.0005279773601518133, 5.090264083743831, -0.23724298653651751, -0.0005279773601593705]",39.87433366153665,0.9083744641195101
"[-0.005615912525987005, 5.131239893491958, -0.23556975097796837, -0.005615912525991841]",39.87236948266881,0.9115176283552177
"[-0.010642529598072149, 5.1719646305682305, -0.23392490099221497, -0.01064252959810181]",39.87047414000867,0.9146607925909253
"[-0.015609573362011495, 5.212443135929731, -0.2323076473297299, -0.01560957336204447]",39.86864596349196,0.9178039568266328
"[-0.020518701471586874, 5.252679999372362, -0.23071723365468516, -0.020518701471592328]",39.86688334459624,0.9209471210623407
"[-0.02537151961219101, 5.292679818858881, -0.22915292525708622, -0.02537151961220021]",39.86518472385949,0.9240902852980483
"[-0.0301695462394968, 5.332446885167398, -0.2276140205568723, -0.030169546239517564]",39.86354860380617,0.9272334495337559
"[-0.03491424325128219, 5.371985408686526, -0.22609984120783827, -0.034914243251304586]",39.861973534012,0.9303766137694635
"[-0.039607016295731184, 5.411299500271777, -0.22460973205216653, -0.0396070162957465]",39.860458112179714,0.9335197780051712
"[-0.0442492054140095, 5.4503930712579605, -0.22314306406821574, -0.04424920541402295]",39.859000992551714,0.9366629422408788
"[-0.04884210170256161, 5.489269952526678, -0.22169922902161826, -0.048842101702572034]",39.857600863138956,0.9398061064765864
"[-0.053386947302967995, 5.527933876339047, -0.22027763943317785, -0.05338694730298287]",39.8562564558755,0.9429492707122942
"[-0.05788492526489195, 5.566388371933175, -0.2188777316519434, -0.057884925264912034]",39.85496655610193,0.9460924349480018
"[-0.06233718502307093, 5.604636965840489, -0.21749895779898756, -0.06233718502307496]",39.85372997388924,0.9492355991837094
"[-0.06674483030052464, 5.642683063938919, -0.21614078946691695, -0.06674483030054702]",39.85254556656195,0.952378763419417
"[-0.07110890840181822, 5.680529843052298, -0.2148027208554981, -0.0711089084018447]",39.85141222883191,0.9555219276551247
"[-0.0754304523680984, 5.718180602065737, -0.21348425569944912, -0.07543045236810486]",39.85032888305428,0.9586650918908323
"[-0.07971042867514973, 5.7556382949737745, -0.21218492316277457, -0.07971042867517537]",39.84929449968837,0.9618082561265399
"[-0.08394979822731059, 5.792906050130021, -0.21090425910222962, -0.08394979822734365]",39.8483080605869,0.9649514203622477
"[-0.08814946394382986, 5.829986700600246, -0.209641821867661, -0.08814946394383541]",39.847368593770106,0.9680945845979553
"[-0.09231031128843013, 5.866883128674607, -0.20839717988764803, -0.09231031128846053]",39.84647515239274,0.9712377488336629
"[-0.09643318352820936, 5.9035980374929835, -0.20716991898246886, -0.09643318352822906]",39.8456268217481,0.9743809130693705
"[-0.10051890367273321, 5.940134135680052, -0.2059596356550147, -0.10051890367274371]",39.844822711604735,0.9775240773050783
"[-0.10456826235686364, 5.976494020724197, -0.20476594057744887, -0.10456826235686703]",39.844061956369444,0.9806672415407859
"[-0.10858202363577824, 6.012680221746124, -0.20358845672244064, -0.10858202363579035]",39.84334371995802,0.9838104057764935
"[-0.1125609268080978, 6.048695207760469, -0.20242681869340406, -0.11256092680813373]",39.842667191567365,0.9869535700122011
"[-0.11650568718216997, 6.084541386931708, -0.20128067236969238, -0.11650568718220514]",39.84203157578015,0.9900967342479088
"[-0.12041699707007801, 6.120221108285527, -0.20014967448650112, -0.12041699707012002]",39.84143610861091,0.9932398984836164
"[-0.12429552055526584, 6.155736606703118, -0.19903349400549722, -0.12429552055529385]",39.8408800467408,0.996383062719324
"[-0.128141906169226, 6.191090111948279, -0.19793180832091753, -0.1281419061692314]",39.840362666017526,0.9995262269550318
"[-0.1319567898285096, 6.226283870463278, -0.19684430233523922, -0.13195678982853395]",39.83988325817984,1.0026693911907394
"[-0.13574076516637418, 6.261319865450775, -0.19577067678340845, -0.13574076516638697]",39.83944114530996,1.005812555426447
"[-0.13949442771401857, 6.29620021863952, -0.19471063551096376, -0.1394944277140318]",39.839035660481336,1.0089557196621546
"[-0.143218349927454, 6.330926954988047, -0.19366389249413568, -0.14321834992752358]",39.83866615189231,1.0120988838978624
"[-0.1469130803403062, 6.365501988720555, -0.19263017192537754, -0.14691308034031797]",39.838331997814976,1.01524204813357
"[-0.15057915933796973, 6.399927265712634, -0.19160920367307518, -0.15057915933805993]",39.838032579223835,1.0183852123692776
"[-0.15421710266262323, 6.434204604471664, -0.19060072778677606, -0.15421710266263075]",39.83776730605736,1.0215283766049854
"[-0.1578274204054854, 6.468335870148471, -0.1896044891041931, -0.15782742040551198]",39.837535592915955,1.024671540840693
"[-0.16141059974074037, 6.502322807755536, -0.18862024193876736, -0.1614105997408283]",39.83733687791955,1.0278147050764006
"[-0.16496711464931194, 6.536167129517928, -0.18764774727266287, -0.16496711464949793]",39.83717061087856,1.0309578693121082
"[-0.16849743543107085, 6.569870602115712, -0.18668677007984338, -0.16849743543109486]",39.83703625432278,1.0341010335478158
"[-0.17200200291675793, 6.60343479714365, -0.18573708626199154, -0.17200200291676998]",39.83693329080328,1.0372441977835234
"[-0.1754812587810084, 6.63686137678441, -0.18479847429568808, -0.17548125878110366]",39.836861205943784,1.040387362019231
"[-0.17893562726597706, 6.670151916065253, -0.18387072011981334, -0.17893562726605572]",39.83681950559792,1.0435305262549388
"[-0.18236551942130053, 6.7033079399058035, -0.18295361588362852, -0.182365519421347]",39.83680770715481,1.0466736904906464
"[-0.1857713379469484, 6.736330966853888, -0.1820469585656279, -0.18577133794699166]",39.83682534151137,1.049816854726354
"[-0.1891534751072623, 6.769222486259891, -0.18115055045875447, -0.18915347510738711]",39.836871945764585,1.0529600189620616
"[-0.19251230892197593, 6.8019839183169974, -0.18026420009471159, -0.19251230892204657]",39.83694707136117,1.0561031831977694
"[-0.195848215149924, 6.834616728239522, -0.1793877190017384, -0.1958482151499535]",39.83705028140465,1.059246347433477
"[-0.19916154434721284, 6.867122199399791, -0.17852092766182076, -0.19916154434725963]",39.83718115420103,1.0623895116691846
"[-0.20245265528605796, 6.899501757954043, -0.17766364666340112, -0.2024526552860621]",39.83733926650419,1.0655326759048922
"[-0.20572188873825026, 6.931756713923618, -0.17681570351356668, -0.20572188873827676]",39.837524213550815,1.0686758401406
"[-0.2089695756229142, 6.963888338412569, -0.17597693041913132, -0.20896957562291912]",39.837735601230136,1.0718190043763076
"[-0.2121960432312022, 6.995897923139336, -0.175147162615998, -0.21219604323122182]",39.83797304055302,1.0749621686120152
"[-0.21540160845812267, 7.027786711591225, -0.1743262400599277, -0.21540160845818687]",39.838236153578436,1.078105332847723
"[-0.2185865764757744, 7.059555883479996, -0.17351400768885006, -0.2185865764760379]",39.83852456945727,1.0812484970834306
"[-0.22175124865984436, 7.091206631694457, -0.1727103133327739, -0.2217512486598484]",39.838837928091955,1.0843916613191382
"[-0.22489592074021322, 7.122740142428315, -0.1719150081411785, -0.22489592074025005]",39.83917587725267,1.0875348255548458
"[-0.22802088203224138, 7.154157585879624, -0.17112794672827283, -0.2280208820322805]",39.839538070786155,1.0906779897905536
"[-0.23112640428604414, 7.185460002123075, -0.17034898991168976, -0.23112640428607129]",39.839924176154064,1.0938211540262612
"[-0.2342127658282207, 7.2166485423824795, -0.16957799858546008, -0.23421276582858072]",39.8403338570385,1.0969643182619688
"[-0.23728023431741446, 7.247724294230652, -0.16881483801732777, -0.2372802343174384]",39.84076679611992,1.1001074824976764
"[-0.24032906184318886, 7.278688229745725, -0.16805937898773768, -0.240329061843294]",39.84122267973282,1.103250646733384
"[-0.24335950983004911, 7.309541456724999, -0.16731149156150354, -0.2433595098302055]",39.841701195623905,1.1063938109690916
"[-0.24637182076481695, 7.340284930338933, -0.16657105205177383, -0.24637182076491487]",39.842202046969255,1.1095369752047992
"[-0.2493662444490478, 7.370919719074534, -0.16583793649510856, -0.24936624444923394]",39.84272493892134,1.112680139440507
"[-0.2523430118816522, 7.401446736879698, -0.16511202702650485, -0.252343011881656]",39.84326957980668,1.1158233036762146
"[-0.2553023527413998, 7.431866920239406, -0.16439320753343556, -0.2553023527414148]",39.84383569201003,1.1189664679119222
"[-0.25824449689151746, 7.462181242980889, -0.16368136327036845, -0.25824449689153633]",39.84442299578164,1.1221096321476298
"[-0.26116966661434116, 7.492390635487863, -0.16297638271099188, -0.2611696666143932]",39.84503122413675,1.1252527963833376
"[-0.2640780705046113, 7.522495919996519, -0.1622781589597738, -0.26407807050462917]",39.84566011393482,1.1283959606190452
"[-0.2669699267642191, 7.552498050446235, -0.16158658411274457, -0.2669699267644014]",39.84630940373525,1.1315391248547528
"[-0.26984544150648443, 7.58239788727483, -0.1609015544452934, -0.269845441506492]",39.846978840245534,1.1346822890904606
"[-0.27270481342504704, 7.612196244276851, -0.16022296923534457, -0.2727048134250827]",39.84766817706202,1.1378254533261682
"[-0.27554824039037756, 7.641893956259275, -0.1595507291589723, -0.275548240390399]",39.84837716846145,1.1409686175618758
"[-0.27837592336428224, 7.671491919555293, -0.15888473535184255, -0.27837592336452377]",39.84910558108888,1.1441117817975834
"[-0.2811880436896317, 7.700990853456348, -0.15822489472750573, -0.2811880436896722]",39.84985317838542,1.1472549460332913
"[-0.2839847879209657, 7.730391558927607, -0.15757111408295535, -0.28398478792100207]",39.85061973331741,1.1503981102689989
"[-0.28676633988295236, 7.7596948350397, -0.1569233019545261, -0.2867663398829969]",39.85140502188671,1.1535412745047064
"[-0.2895328758908081, 7.788901427787508, -0.156281369699361, -0.2895328758908384]",39.85220882443546,1.156684438740414
"[-0.29228457054015, 7.818012090211721, -0.15564523011404677, -0.29228457054017987]",39.85303092764145,1.1598276029761219
"[-0.29502159444062614, 7.8470275578099535, -0.15501479793559608, -0.2950215944406882]",39.853871120334674,1.1629707672118295
"[-0.2977441130985194, 7.8759485358800365, -0.1543899900680566, -0.2977441130985403]",39.85472919651641,1.166113931447537
"[-0.3004522934317884, 7.904775768063846, -0.153770724061824, -0.3004522934317902]",39.85560494982504,1.1692570956832447
"[-0.30314629173656354, 7.933509907701258, -0.15315692084421487, -0.3031462917366063]",39.856498190108525,1.1724002599189522
"[-0.3058262674708402, 7.962151663843903, -0.1525485015405222, -0.3058262674708748]",39.85740871583373,1.1755434241546598
"[-0.3084923744115792, 7.990701706511958, -0.15194538947216535, -0.30849237441161736]",39.858336337870064,1.1786865883903674
"[-0.31114476165919075, 8.019160676590975, -0.15134750989645268, -0.31114476165922333]",39.8592808706166,1.1818297526260753
"[-0.3137835789564146, 8.04752924230182, -0.15075478878429896, -0.31378357895645076]",39.860242129690214,1.1849729168617829
"[-0.31640896758950354, 8.075808000897613, -0.15016715484497137, -0.31640896758955045]",39.86121993754355,1.1881160810974905
"[-0.31902107866236157, 8.103997674935695, -0.14958453541341404, -0.3190210786630115]",39.8622141139378,1.1912592453331983
"[-0.3216200417660619, 8.132098773919466, -0.14900686343026273, -0.3216200417660633]",39.863224486074884,1.1944024095689059
"[-0.3242059964183805, 8.160111932819992, -0.1484340703957138, -0.32420599641838854]",39.86425088656402,1.1975455738046135
"[-0.32677908172275033, 8.188037800445386, -0.1478660886777768, -0.3267790817227604]",39.8652931479279,1.200688738040321
"[-0.3293394241145682, 8.21587690583917, -0.1473028541912008, -0.32933942411457273]",39.86635110437926,1.2038319022760289
"[-0.3318871499598737, 8.243629794144624, -0.1467443035831089, -0.33188714995991797]",39.86742459708737,1.2069750665117365
"[-0.3344223952023142, 8.271297131756931, -0.1461903721195657, -0.334422395202321]",39.868513468028034,1.210118230747444
"[-0.3369452789192382, 8.298879417695458, -0.14564099946028647, -0.33694527891929454]",39.86961756358729,1.2132613949831519
"[-0.33945592002228836, 8.326377164805448, -0.14509612596955043, -0.3394559200223265]",39.870736729718466,1.2164045592188595
"[-0.34195444385037393, 8.353790971956549, -0.14455569128341733, -0.3419544438503835]",39.87187081933637,1.219547723454567
"[-0.3444409667646311, 8.38112135499983, -0.14401963763998232, -0.344440966764643]",39.87301968303426,1.2226908876902747
"[-0.34691560044358943, 8.408368793043422, -0.1434879089175005, -0.3469156004436208]",39.87418317886666,1.2258340519259823
"[-0.34937846118185106, 8.435533830476267, -0.14296044862165108, -0.3493784611818971]",39.87536116538054,1.2289772161616899
"[-0.35182966342023636, 8.462617005687221, -0.14243720127271917, -0.35182966342027877]",39.87655350748376,1.2321203803973975
"[-0.3542693099858165, 8.48961874259971, -0.14191811446449262, -0.3542693099858234]",39.877760061373266,1.2352635446331053
"[-0.35669751333122063, 8.516539585084939, -0.14140313431942136, -0.35669751333124705]",39.878980699952145,1.2384067088688129
"[-0.3591143769485853, 8.543379991121888, -0.1408922094370853, -0.35911437694860565]",39.880215288100835,1.2415498731045205
"[-0.36152000498188647, 8.570140438822431, -0.14038528883406545, -0.36152000498190456]",39.88146369720325,1.244693037340228
"[-0.36391449675203946, 8.596821365283244, -0.13988232308731252, -0.36391449675208254]",39.88272580100792,1.2478362015759359
"[-0.36629795545942556, 8.623423263201198, -0.13938326249187696, -0.36629795545945393]",39.88400147743334,1.2509793658116435
"[-0.368670481363617, 8.649946604778947, -0.13888805848827204, -0.36867048136366926]",39.885290598572915,1.254122530047351
"[-0.37103216637480724, 8.676391780697783, -0.13839666476969278, -0.37103216637483444]",39.88659304860699,1.2572656942830587
"[-0.37338310712710787, 8.702759245972217, -0.1379090345408955, -0.3733831071271503]",39.8879087052629,1.2604088585187665
"[-0.37572339769401064, 8.72904943834361, -0.13742512203122167, -0.3757233976940321]",39.889237455513694,1.263552022754474
"[-0.37805313254771605, 8.755262811246999, -0.1369448818709926, -0.37805313254774453]",39.89057918395912,1.2666951869901817
"[-0.38037239503461073, 8.781399703738696, -0.13646827145134302, -0.3803723950346333]",39.891933778200894,1.2698383512258895
"[-0.3826812785958516, 8.80746057909753, -0.1359952465423901, -0.3826812785958612]",39.89330112763989,1.272981515461597
"[-0.3849798692124465, 8.833445826988745, -0.1355257648992265, -0.38497986921244776]",39.8946811239797,1.2761246796973047
"[-0.3872682548237179, 8.859355869412836, -0.135059784318011, -0.38726825482377564]",39.89607366157832,1.2792678439330123
"[-0.38954651640407967, 8.885191059494552, -0.13459726444530298, -0.38954651640408133]",39.89747863525386,1.2824110081687201
"[-0.3918147403465659, 8.9109518215239, -0.13413816424854014, -0.39181474034657543]",39.898895938438784,1.2855541724044277
"[-0.39407300671265744, 8.936638517558034, -0.13368244439492716, -0.3940730067126796]",39.90032547502826,1.2886973366401353
"[-0.39632139682644657, 8.962251533349589, -0.13323006570140872, -0.39632139682648276]",39.90176714034494,1.291840500875843
"[-0.39855998706366735, 8.987791207440097, -0.13278099037750868, -0.39855998706369994]",39.90322084130168,1.2949836651115505
"[-0.4007888595418726, 9.013257952874984, -0.1323351798706659, -0.4007888595418756]",39.90468647788628,1.298126829347258
"[-0.40300808578098574, 9.038652070487915, -0.13189259813202478, -0.4030080857809863]",39.906163954913055,1.3012699935829657
"[-0.40521774478164413, 9.063973955234113, -0.13145320799115418, -0.40521774478169953]",39.90765318240644,1.3044131578186735
"[-0.4074179087404034, 9.089223932668768, -0.13101697400128612, -0.4074179087404071]",39.90915406582415,1.307556322054381
"[-0.40960865227293297, 9.11440236437412, -0.1305838605942835, -0.40960865227296356]",39.91066651328585,1.3106994862900887
"[-0.41179004583388606, 9.13950957227686, -0.13015383337848585, -0.41179004583391937]",39.91219044153293,1.3138426505257963
"[-0.4139621613135723, 9.16454590277801, -0.12972685802393327, -0.4139621613136003]",39.91372575949266,1.3169858147615041
"[-0.4161250697601941, 9.189511700477352, -0.12930290070797643, -0.41612506976023617]",39.915272381989006,1.3201289789972117
"[-0.4182788344914444, 9.214407228341843, -0.12888192945319754, -0.41827883449146136]",39.91683022381586,1.3232721432329193
"[-0.42042352873921784, 9.239232871387648, -0.12846391066774518, -0.42042352873927774]",39.918399204644025,1.3264153074686271
"[-0.4225592141746364, 9.263988888301549, -0.12804881333662713, -0.4225592141746748]",39.91997923821034,1.3295584717043347
"[-0.4246859615235466, 9.28867564990092, -0.12763660499611254, -0.4246859615235482]",39.92157024545863,1.3327016359400423
"[-0.42680382991717175, 9.313293399598372, -0.1272272557399777, -0.42680382991721205]",39.923172149856775,1.33584480017575
"[-0.4289128869623887, 9.337842486172848, -0.12682073432151716, -0.42891288696242347]",39.92478487198956,1.3389879644114577
"[-0.4310131909975895, 9.362323157419514, -0.1264170115784546, -0.43101319099764823]",39.926408333313084,1.3421311286471653
"[-0.43310480730151213, 9.386735748653317, -0.12601605730202364, -0.4331048073015605]",39.92804246238241,1.345274292882873
"[-0.4351877968092396, 9.411080551225165, -0.12561784240584511, -0.4351877968092639]",39.929687181566536,1.3484174571185805
"[-0.4372622161294608, 9.435357812314964, -0.1252223389078381, -0.43726221612946553]",39.931342417698865,1.3515606213542881
"[-0.4393281266875371, 9.459567841748331, -0.1248295181795619, -0.4393281266875988]",39.93300809896036,1.3547037855899957
"[-0.441385586113701, 9.48371091118657, -0.12443935258617617, -0.4413855861137068]",39.93468415789796,1.3578469498257033
"[-0.44343465310625724, 9.507787310958697, -0.12405181455487228, -0.44343465310630736]",39.936370522040754,1.3609901140614111
"[-0.44547537891458566, 9.531797249804455, -0.12366687817886948, -0.4454753789146094]",39.938067122810565,1.3641332782971187
"[-0.447507823783855, 9.555741048109711, -0.12328451610599114, -0.44750782378389453]",39.93977389505915,1.3672764425328263
"[-0.44953204073220404, 9.579618947046301, -0.12290470259796041, -0.44953204073226527]",39.94149076872895,1.370419606768534
"[-0.45154808456649953, 9.60343121452276, -0.12252741182448514, -0.45154808456654866]",39.94321767988349,1.3735627710042417
"[-0.4535560089015896, 9.627178109993492, -0.12215261842035144, -0.4535560089015911]",39.94495456638862,1.3767059352399493
"[-0.4555558644653589, 9.650859864233066, -0.12178029779476163, -0.45555586446539464]",39.94670136156042,1.379849099475657
"[-0.4575477046376617, 9.674476744779383, -0.12141042509440812, -0.4575477046377094]",39.94845800644013,1.3829922637113647
"[-0.4595315785757962, 9.69802897442295, -0.12104297647864674, -0.45953157857584337]",39.950224438023355,1.3861354279470723
"[-0.46150753793367455, 9.721516810760154, -0.12067792786703617, -0.4615075379337177]",39.95200059423368,1.38927859218278
"[-0.46347563456544133, 9.74494051898433, -0.12031525536519193, -0.46347563456547214]",39.95378641827962,1.3924217564184875
"[-0.46543591403231643, 9.768300294429501, -0.11995493645458682, -0.4654359140323289]",39.95558185110518,1.3955649206541954
"[-0.46738842428460137, 9.79159636571189, -0.11959694838557108, -0.46738842428465543]",39.957386834616756,1.398708084889903
"[-0.46933321516880544, 9.814828988968848, -0.1192412682704927, -0.46933321516886367]",39.959201312554356,1.4018512491256105
"[-0.47127033093713666, 9.837998358310536, -0.11888787445031898, -0.4712703309371531]",39.96102522841172,1.4049944133613184
"[-0.47319982074999883, 9.861104731215995, -0.11853674457064978, -0.47319982075000394]",39.962858528115554,1.408137577597026
"[-0.4751217283842109, 9.884148305375374, -0.11818785745641577, -0.47512172838424105]",39.964701157660436,1.4112807418327336
"[-0.4770360991783266, 9.90712930168325, -0.11784119184133705, -0.47703609917837214]",39.966553062290345,1.4144239060684412
"[-0.4789429776772697, 9.930047935987393, -0.11749672679409831, -0.478942977677276]",39.96841419140688,1.4175670703041487
"[-0.48084240936301353, 9.952904439832778, -0.11715444140284956, -0.4808424093630192]",39.970284491092976,1.4207102345398563
"[-0.4827344335062536, 9.975698974315852, -0.11681431605855733, -0.48273443350629464]",39.97216391291692,1.423853398775564
"[-0.4846190959425318, 9.998431783800505, -0.1164763301509448, -0.4846190959425866]",39.9740524055828,1.4269965630112718
"[-0.4864964402278044, 10.021103089481803, -0.1161404636609672, -0.4864964402278524]",39.9759499223658,1.4301397272469794
"[-0.4883665056223057, 10.043713064796448, -0.1158066975132052, -0.4883665056223412]",39.977856410280125,1.433282891482687
"[-0.4902293319025955, 10.066261893366041, -0.11547501270892821, -0.490229331902653]",39.97977182685566,1.4364260557183945
"[-0.4920849601801009, 10.08874977892452, -0.11514539018003686, -0.4920849601801428]",39.98169612155446,1.4395692199541024
"[-0.4939334313781395, 10.111176926893673, -0.11481781105946694, -0.4939334313781964]",39.98362925032121,1.44271238418981
"[-0.495774785571933, 10.133543536312393, -0.11449225679544725, -0.49577478557195254]",39.98557116515783,1.4458555484255176
"[-0.4976090592750447, 10.155849766731157, -0.11416870962589422, -0.4976090592750494]",39.98752182355883,1.4489987126612252
"[-0.4994362942489835, 10.178095845246318, -0.11384715102078272, -0.49943629424902425]",39.98948118181879,1.452141876896933
"[-0.501256525689897, 10.200281922763782, -0.11352756376276496, -0.5012565256899087]",39.99144919396054,1.4552850411326406
"[-0.5030697899412718, 10.222408167686373, -0.11320993058254915, -0.5030697899413374]",39.99342581892115,1.4584282053683482
"[-0.5048761312427412, 10.244474848448966, -0.11289423298143929, -0.5048761312427444]",39.99541101692243,1.461571369604056
"[-0.5066755750561724, 10.26648200763731, -0.11258045589115656, -0.5066755750562038]",39.9974047415872,1.4647145338397636
"[-0.5084681668547807, 10.288429935850202, -0.11226858089422441, -0.5084681668548025]",39.99940695851733,1.4678576980754712
"[-0.5102539380736815, 10.310318755460155, -0.11195859216555468, -0.510253938073698]",40.001417622592825,1.4710008623111788
"[-0.51203292161719, 10.332148610020468, -0.11165047376053233, -0.5120329216172081]",40.00343669524595,1.4741440265468864
"[-0.5138051564680031, 10.353919720993927, -0.11134420882072343, -0.5138051564680145]",40.00546413768442,1.477287190782594
"[-0.5155706756743925, 10.375632240324563, -0.11103978165302952, -0.5155706756744655]",40.00749991667133,1.4804303550183016
"[-0.5173295138490082, 10.397286342379754, -0.11073717642808449, -0.5173295138490482]",40.00954399032815,1.4835735192540094
"[-0.5190817011243136, 10.418882149497673, -0.11043637821819056, -0.5190817011243525]",40.01159631953922,1.486716683489717
"[-0.5208272725149222, 10.44041984723703, -0.1101373713855153, -0.5208272725149522]",40.013656871637465,1.4898598477254246
"[-0.5225662626311057, 10.461899619351044, -0.10984014049236605, -0.5225662626311701]",40.01572561195064,1.4930030119611322
"[-0.5242987007962288, 10.483321587327305, -0.1095446711308062, -0.5242987007962675]",40.01780250144819,1.49614617619684
"[-0.5260246195404713, 10.504685915213566, -0.10925094846754149, -0.5260246195404934]",40.01988750875364,1.4992893404325476
"[-0.5277440505396497, 10.525992759454885, -0.10895895793739126, -0.5277440505397227]",40.021980597126635,1.5024325046682552
"[-0.5294570246068766, 10.547242268709558, -0.10866868524180821, -0.5294570246069148]",40.024081736548446,1.5055756689039628
"[-0.5311635742184992, 10.568434615161088, -0.10838011591926075, -0.5311635742185112]",40.02619089218709,1.5087188331396706
"[-0.5328637269167643, 10.58956991254601, -0.10809323645897877, -0.5328637269168037]",40.028308032291754,1.5118619973753782
"[-0.534557514187587, 10.610648326346912, -0.10780803279759997, -0.5345575141876547]",40.030433123716044,1.5150051616110858
"[-0.5362449651038057, 10.631669994801143, -0.10752449139190448, -0.5362449651038427]",40.03256613884238,1.5181483258467936
"[-0.5379261082020385, 10.652635052143532, -0.10724259889891789, -0.5379261082020708]",40.03470704160492,1.5212914900825012
"[-0.5396009745597116, 10.673543666982537, -0.1069623416594586, -0.5396009745597413]",40.03685580500158,1.5244346543182088
"[-0.5412695934007764, 10.694395987505663, -0.106683706434336, -0.5412695934007926]",40.039012400241404,1.5275778185539164
"[-0.542931987359258, 10.71519208205914, -0.1064066811884311, -0.5429319873593107]",40.04117679550433,1.5307209827896242
"[-0.5445881866725495, 10.735932116530526, -0.10613125272040178, -0.544588186672565]",40.04334896200067,1.5338641470253318
"[-0.5462382241700454, 10.75661629197617, -0.10585740750530505, -0.5462382241700745]",40.04552887618311,1.5370073112610394
"[-0.5478821227941394, 10.777244688092479, -0.10558513376258018, -0.5478821227941839]",40.04771650555036,1.540150475496747
"[-0.549519907103503, 10.797817407136042, -0.10531441953885756, -0.5495199071035545]",40.049911825795704,1.5432936397324546
"[-0.551151608092748, 10.818334634645316, -0.1050452519153894, -0.5511516080927574]",40.052114809808366,1.5464368039681622
"[-0.5527772506195123, 10.838796481504444, -0.1047776190854236, -0.5527772506195515]",40.05432542954648,1.5495799682038698
"[-0.5543968580246852, 10.859203041773142, -0.10451150958472548, -0.5543968580247183]",40.05654365903661,1.5527231324395776
"[-0.5560104580824483, 10.879554467662565, -0.10424691131335956, -0.5560104580824702]",40.058769475895765,1.5558662966752852
"[-0.5576180790285488, 10.89985091963219, -0.1039838121912443, -0.5576180790285992]",40.061002852677866,1.5590094609109928
"[-0.5592197415987428, 10.92009246573517, -0.10372220145700858, -0.5592197415987894]",40.06324376750218,1.5621526251467004
"[-0.5608154736488042, 10.94027926617446, -0.10346206727401609, -0.560815473648828]",40.065492195462376,1.5652957893824082
"[-0.5624052950492162, 10.960411382362713, -0.10320339919601924, -0.5624052950492213]",40.06774810914816,1.5684389536181158
"[-0.5639892360902501, 10.980489009819165, -0.10294618516775472, -0.5639892360902872]",40.07001149250112,1.5715821178538236
"[-0.5655673178786155, 11.000512229953388, -0.10269041471452456, -0.5655673178786372]",40.07228231844812,1.574725282089531
"[-0.5671395630286705, 11.020481145333536, -0.10243607719911331, -0.5671395630286833]",40.07456056511946,1.5778684463252388
"[-0.5687059954574606, 11.040395877159845, -0.1021831618563327, -0.5687059954575326]",40.076846212189096,1.5810116105609466
"[-0.5702666400745111, 11.06025656138116, -0.10193165784411824, -0.5702666400745273]",40.07913923796646,1.584154774796654
"[-0.5718215176785562, 11.080063283713073, -0.10168155506416962, -0.5718215176785922]",40.081439621147986,1.5872979390323618
"[-0.5733706532185048, 11.099816184747295, -0.10143284282990964, -0.5733706532185276]",40.083747342964074,1.5904411032680692
"[-0.57491406509326, 11.11951532356771, -0.1011855115849298, -0.5749140650932815]",40.08606237893016,1.593584267503777
"[-0.5764517791023579, 11.139160855646914, -0.10093955066305632, -0.5764517791024178]",40.08838471597302,1.5967274317394846
"[-0.5779838173141517, 11.158752890868904, -0.10069495007414629, -0.5779838173142298]",40.09071432851484,1.5998705959751922
"[-0.5795101983572153, 11.178291497020204, -0.1004517004513517, -0.5795101983572654]",40.09305120257061,1.6030137602109
"[-0.5810309458764927, 11.197776807967813, -0.1002097917014119, -0.581030945876501]",40.09539531687869,1.6061569244466076
"[-0.5825460790601324, 11.217208902404597, -0.09996921451398073, -0.5825460790602044]",40.09774665299984,1.6093000886823152
"[-0.5840556202964867, 11.236587901903963, -0.09972995914197337, -0.5840556202965104]",40.10010519564657,1.6124432529180228
"[-0.5855595900111282, 11.255913904741108, -0.09949201622142446, -0.5855595900111883]",40.10247092845874,1.6155864171537306
"[-0.5870580091871229, 11.275187018185173, -0.09925537637036412, -0.587058009187176]",40.10484382983471,1.618729581389438
"[-0.5885508966137183, 11.294407323091653, -0.0990200306221637, -0.588550896613758]",40.107223887450075,1.6218727456251458
"[-0.5900382735029644, 11.313574933278158, -0.0987859696959232, -0.5900382735029697]",40.1096110835315,1.6250159098608536
"[-0.5915201576765131, 11.332689920645514, -0.09855318491150115, -0.591520157676555]",40.112005401905286,1.628159074096561
"[-0.5929965694499356, 11.351752390967702, -0.09832166726225315, -0.5929965694499363]",40.11440682954285,1.6313022383322688
"[-0.5944675310032105, 11.370762475903671, -0.09809140751619036, -0.594467531003226]",40.116815350878845,1.6344454025679762
"[-0.5959330575479777, 11.389720218784326, -0.0978623975969162, -0.5959330575480082]",40.11923094935763,1.637588566803684
"[-0.5973931680384258, 11.40862571293232, -0.0976346289040993, -0.5973931680384608]",40.12165361073621,1.6407317310393918
"[-0.598847884722675, 11.427479096066298, -0.09740809238770186, -0.5988478847227611]",40.124083323050804,1.6438748952750992
"[-0.6002972234841643, 11.446280425136456, -0.09718278005197374, -0.6002972234841841]",40.126520074401185,1.647018059510807
"[-0.6017412000609037, 11.46502975672951, -0.09695868398191902, -0.6017412000609421]",40.12896384755732,1.6501612237465149
"[-0.6031798364076003, 11.483727229769668, -0.09673579535774339, -0.6031798364076508]",40.13141463193828,1.6533043879822222
"[-0.6046131494978407, 11.502372920156054, -0.09651410619284016, -0.6046131494978875]",40.13387241421693,1.65644755221793
"[-0.6060411561484008, 11.520966903299412, -0.09629360858238001, -0.6060411561484466]",40.13633718562837,1.6595907164536376
"[-0.60746387387488, 11.539509265262508, -0.09607429457074555, -0.6074638738749342]",40.13880892932865,1.6627338806893452
"[-0.6088813193498868, 11.558000082672969, -0.09585615638893796, -0.6088813193498882]",40.141287637434004,1.6658770449250528
"[-0.6102935086677467, 11.576439426127951, -0.09563918641226299, -0.6102935086677574]",40.143773294874485,1.6690202091607604
"[-0.6117004624163911, 11.594827426465391, -0.0954233763817516, -0.6117004624163997]",40.14626589885671,1.672163373396468
"[-0.6131021931587844, 11.61316411119711, -0.09520871932470001, -0.6131021931588019]",40.14876543068164,1.6753065376321759
"[-0.6144987188714959, 11.631449580056714, -0.0949952074911669, -0.614498718871535]",40.15127188711276,1.6784497018678832
"[-0.6158900549956927, 11.649683901096829, -0.09478283357253646, -0.6158900549957393]",40.15378525412032,1.681592866103591
"[-0.6172762188917978, 11.667867168993324, -0.0945715900195307, -0.6172762188918223]",40.15630552278911,1.6847360303392989
"[-0.618657225068814, 11.68599944249087, -0.09436146976928698, -0.6186572250688634]",40.158832685794756,1.6878791945750062
"[-0.6200330892325994, 11.7040807974497, -0.09415246562692739, -0.6200330892326709]",40.16136673436532,1.691022358810714
"[-0.6214038287966537, 11.722111333637185, -0.09394457018907933, -0.621403828796707]",40.163907660572015,1.6941655230464219
"[-0.6227694569321245, 11.740091096454446, -0.09373777674567767, -0.622769456932156]",40.166455453483145,1.6973086872821292
"[-0.624129986859952, 11.758020133263924, -0.09353207862599869, -0.6241299868600412]",40.1690101066733,1.700451851517837
"[-0.6254854362044435, 11.775898550835116, -0.09332746854160796, -0.6254854362045155]",40.171571613994644,1.7035950157535449
"[-0.6268358180415655, 11.79372639737707, -0.09312393993915914, -0.6268358180416043]",40.17413997060999,1.7067381799892523
"[-0.6281811498753459, 11.811503780928252, -0.0929214856448245, -0.6281811498754396]",40.17671516566563,1.70988134422496
"[-0.6295214417486142, 11.829230712295974, -0.09272009965403173, -0.6295214417487701]",40.17929719543183,1.7130245084606674
"[-0.6308567112463027, 11.846907303312953, -0.09251977487324013, -0.630856711246378]",40.1818860526174,1.7161676726963753
"[-0.6321869696850334, 11.864533584219235, -0.09232050519528241, -0.6321869696850586]",40.18448173048709,1.719310836932083
"[-0.6335122323818979, 11.882109639525174, -0.09212228395707746, -0.6335122323819189]",40.18708422778865,1.7224540011677905
"[-0.6348325106221484, 11.899635501579542, -0.0919251051423974, -0.6348325106221931]",40.189693535172665,1.7255971654034983
"[-0.6361478216935351, 11.917111283704886, -0.09172896188168804, -0.6361478216935521]",40.192309651173815,1.7287403296392059
"[-0.6374581763960646, 11.93453701438455, -0.09153384831671127, -0.6374581763961452]",40.19493256689659,1.7318834938749135
"[-0.6387635858541958, 11.95191272757889, -0.09133975858088776, -0.6387635858543536]",40.1975622829643,1.735026658110621
"[-0.640064066640471, 11.969238531035634, -0.09114668603915055, -0.6400640666405277]",40.20019879561323,1.7381698223463289
"[-0.6413596280760507, 11.986514437204209, -0.09095462517466718, -0.6413596280760516]",40.202842096696386,1.7413129865820363
"[-0.642650286765993, 12.003740556875105, -0.09076356943055716, -0.6426502867659936]",40.20549218951851,1.744456150817744
"[-0.6439360501195678, 12.020916879372864, -0.09057351365148102, -0.6439360501196711]",40.20814906525026,1.7475993150534515
"[-0.6452169340091893, 12.038043508218458, -0.09038445146883743, -0.6452169340092649]",40.21081272469575,1.7507424792891593
"[-0.6464929461136238, 12.055120438629897, -0.09019637776260285, -0.6464929461136866]",40.213483163408014,1.753885643524867
"[-0.6477641026357177, 12.07214778105573, -0.0900092861935916, -0.6477641026357185]",40.21616038014001,1.7570288077605745
"[-0.649030414992607, 12.089125583168038, -0.08982317116674608, -0.6490304149926494]",40.21884437781441,1.7601719719962823
"[-0.6502918925390795, 12.106053866127636, -0.0896380274264056, -0.6502918925390992]",40.2215351514911,1.76331513623199
"[-0.6515485442568772, 12.12293264716802, -0.08945384980635461, -0.6515485442569874]",40.22423269735269,1.7664583004676975
"[-0.6528003858650255, 12.139762035195407, -0.0892706321892418, -0.6528003858651314]",40.226937018488165,1.7696014647034053
"[-0.6540474255846308, 12.156542039573303, -0.08908836959211819, -0.6540474255846492]",40.22964811513785,1.772744628939113
"[-0.6552896740630365, 12.173272703387289, -0.08890705671101853, -0.6552896740631667]",40.232365984035575,1.7758877931748205
"[-0.6565271432536122, 12.189954088472932, -0.08872668808631697, -0.6565271432536445]",40.23509062739996,1.7790309574105283
"[-0.6577598431221701, 12.206586231058012, -0.08854725858261821, -0.6577598431222734]",40.237822046737165,1.7821741216462357
"[-0.658987782881532, 12.223169158302063, -0.08836876320725423, -0.6589877828815337]",40.240560242316384,1.7853172858819435
"[-0.6602109713318486, 12.239702892872666, -0.08819119705972593, -0.6602109713318998]",40.24330521403809,1.788460450117651
"[-0.6614294220501746, 12.25618752314763, -0.08801455457925234, -0.6614294220501977]",40.24605696571801,1.7916036143533587
"[-0.6626431421266771, 12.272623050924635, -0.08783883117866248, -0.6626431421266803]",40.24881549643201,1.7947467785890663
"[-0.6638521391721488, 12.289009486041506, -0.08766402222533097, -0.6638521391721991]",40.251580808190866,1.797889942824774
"[-0.6650564259396783, 12.305346909134323, -0.08749012237447268, -0.6650564259397093]",40.254352907906735,1.8010331070604815
"[-0.666256009157185, 12.321635320257133, -0.08731712718307562, -0.6662560091572012]",40.257131794154326,1.8041762712961893
"[-0.6674508988964182, 12.337874765899796, -0.0871450317554563, -0.66745089889649]",40.2599174694726,1.8073194355318971
"[-0.6686411056220124, 12.3540652990342, -0.08697383117028454, -0.6686411056220476]",40.2627099429016,1.8104625997676045
"[-0.6698266327725982, 12.370206878091869, -0.08680352154567617, -0.6698266327726925]",40.265509212209906,1.8136057640033123
"[-0.6710074916918074, 12.38629957009412, -0.08663409789167598, -0.6710074916919528]",40.26831528101423,1.8167489282390201
"[-0.6721836918938631, 12.402343418308055, -0.0864655555111501, -0.6721836918938737]",40.27112815941794,1.8198920924747275
"[-0.6733552386525581, 12.418338409212502, -0.08629789034260159, -0.6733552386525726]",40.27394784539988,1.8230352567104353
"[-0.6745221406687764, 12.434284577051953, -0.08613109786090346, -0.6745221406688285]",40.27677434862687,1.8261784209461427
"[-0.6756844077060948, 12.450181971706133, -0.08596517341736573, -0.6756844077061024]",40.279607673944376,1.8293215851818505
"[-0.6768420436633625, 12.466030563881905, -0.08580011322748475, -0.6768420436633731]",40.28244782321088,1.8324647494175583
"[-0.6779950559714925, 12.481830373568751, -0.08563591302820363, -0.6779950559715954]",40.285294805220225,1.8356079136532657
"[-0.6791434560718052, 12.497581476827945, -0.08547256801274344, -0.679143456071905]",40.288148628740544,1.8387510778889735
"[-0.680287243653446, 12.513283789563781, -0.08531007507169652, -0.6802872436534598]",40.291009292416376,1.8418942421246813
"[-0.6814264335553554, 12.528937436616305, -0.08514842896775493, -0.6814264335554228]",40.2938768123355,1.8450374063603887
"[-0.6825610241001929, 12.544542316992239, -0.08498762683360202, -0.6825610241002961]",40.29675118638138,1.8481805705960965
"[-0.683691027786854, 12.560098525550183, -0.08482766381547935, -0.6836910277868686]",40.299632429862335,1.8513237348318041
"[-0.6848164457627169, 12.57560600199786, -0.08466853669208926, -0.6848164457627512]",40.30252054415704,1.8544668990675117
"[-0.685937287592159, 12.591064802940432, -0.08451024107473415, -0.6859372875922687]",40.305415542435156,1.8576100633032193
"[-0.6870535564650545, 12.606474898137405, -0.08435277349935119, -0.6870535564650729]",40.308317428800954,1.860753227538927
"[-0.6881652590116676, 12.621836305793261, -0.08419613003884333, -0.6881652590116856]",40.31122621540223,1.8638963917746345
"[-0.6892724012115315, 12.637149036165415, -0.08404030688117216, -0.6892724012115548]",40.31414191096633,1.8670395560103423
"[-0.6903749851722062, 12.652413046920673, -0.08388530078114953, -0.6903749851722264]",40.31706452124064,1.8701827202460497
"[-0.6914730191737362, 12.667628382140862, -0.08373110764743358, -0.691473019173758]",40.31999405940118,1.8733258844817575
"[-0.6925665047137359, 12.682794992965412, -0.08357772436331848, -0.6925665047138189]",40.32293053360044,1.8764690487174653
"[-0.693655447427358, 12.697912888827462, -0.08342514725203215, -0.6936554474274234]",40.32587395431806,1.8796122129531727
"[-0.6947398524513743, 12.712982073287897, -0.08327337272817495, -0.6947398524514485]",40.32882433358609,1.8827553771888805
"[-0.6958197239260421, 12.7280025370746, -0.08312239736673972, -0.6958197239260824]",40.33178168114373,1.8858985414245883
"[-0.6968950603883818, 12.74297419386195, -0.08297221854511509, -0.6968950603884225]",40.33474600375629,1.8890417056602957
"[-0.6979658725014724, 12.757897127098957, -0.08282283196665646, -0.6979658725015202]",40.33771732164722,1.8921848698960035
"[-0.6990321600488012, 12.772771269762707, -0.08267423487382153, -0.6990321600490027]",40.34069564144122,1.8953280341317114
"[-0.7000939251712778, 12.787596588546654, -0.08252642419817674, -0.7000939251713437]",40.34368097398037,1.8984711983674187
"[-0.7011511727914334, 12.802373089980346, -0.08237939650285636, -0.701151172791448]",40.346673337125765,1.9016143626031266
"[-0.7022039019839491, 12.81710069982801, -0.08223314918267546, -0.7022039019839825]",40.349672735895446,1.904757526838834
"[-0.7032521222824532, 12.831779491171432, -0.08208767819781752, -0.7032521222824685]",40.352679194044825,1.9079006910745417
"[-0.7042958286311175, 12.846409333859476, -0.08194298155190892, -0.7042958286311249]",40.355692715930175,1.9110438553102493
"[-0.7053350238127194, 12.860990208360668, -0.08179905617689018, -0.7053350238127857]",40.35871331748699,1.914187019545957
"[-0.7063697115666828, 12.875522109607362, -0.08165589889004761, -0.7063697115667025]",40.361741014074006,1.9173301837816645
"[-0.7073998944001915, 12.890005016296593, -0.081513506696806, -0.7073998944002369]",40.36477582325465,1.9204733480173724
"[-0.7084255708154912, 12.904438851772925, -0.08137187717239153, -0.7084255708155727]",40.367817755035105,1.9236165122530797
"[-0.7094467424959314, 12.918823585043148, -0.0812310074680865, -0.7094467424960227]",40.37086682548874,1.9267596764887875
"[-0.7104634113900284, 12.933159189875841, -0.08109089471485244, -0.7104634113900434]",40.37392305225417,1.9299028407244954
"[-0.7114755738956672, 12.947445562711108, -0.08095153682363115, -0.7114755738957571]",40.376986448400515,1.9330460049602027
"[-0.7124832339678697, 12.961682707562002, -0.0808129306794373, -0.7124832339678866]",40.38005703021684,1.9361891691959106
"[-0.7134863901371165, 12.975870552888418, -0.0806750739291497, -0.7134863901371236]",40.38313481596236,1.939332333431618
"[-0.7144850427419814, 12.990009053663611, -0.08053796398533529, -0.7144850427419843]",40.38621982376787,1.9424754976673257
"[-0.7154791902669067, 13.004098139598373, -0.08040159852930087, -0.7154791902669139]",40.38931206780521,1.9456186619030336
"[-0.7164688306184996, 13.018137733140556, -0.08026597533490913, -0.7164688306186321]",40.392411565867334,1.948761826138741
"[-0.7174539659716496, 13.032127818298516, -0.08013109160487236, -0.7174539659716906]",40.39551833949617,1.9519049903744488
"[-0.718434590973112, 13.046068273205698, -0.07999694558608064, -0.7184345909731539]",40.39863240157404,1.9550481546101566
"[-0.7194107057191209, 13.059959054346825, -0.07986353479198617, -0.7194107057192101]",40.40175377571624,1.958191318845864
"[-0.7203823072212499, 13.073800075347243, -0.07973085717057385, -0.7203823072212673]",40.404882476005405,1.9613344830815718
"[-0.721349395065777, 13.087591287519048, -0.07959891033048336, -0.7213493950658406]",40.40801852750597,1.9644776473172796
"[-0.72231196497267, 13.101332588065782, -0.07946769242007704, -0.7223119649726939]",40.41116194543885,1.967620811552987
"[-0.723270012288256, 13.115023869762153, -0.07933720164943298, -0.7232700122882658]",40.414312749922544,1.9707639757886948
"[-0.7242235394845548, 13.128665128284915, -0.07920743526984513, -0.7242235394846339]",40.41747096843188,1.9739071400244022
"[-0.7251725334337571, 13.142256137143335, -0.07907839266657099, -0.7251725334338768]",40.42063660728901,1.97705030426011
"[-0.7261169997729141, 13.155796939453975, -0.07895007068280431, -0.7261169997730313]",40.42380970268127,1.9801934684958176
"[-0.7270569316131372, 13.169287400072305, -0.07882246787612608, -0.7270569316131463]",40.426990271766144,1.9833366327315252
"[-0.7279923193800888, 13.182727346114447, -0.0786955831771104, -0.7279923193801145]",40.43017832861079,1.9864797969672328
"[-0.7289231636414802, 13.196116751372216, -0.07856941414981976, -0.7289231636415294]",40.43337390422399,1.9896229612029406
"[-0.7298494573583265, 13.209455481425831, -0.07844395939988817, -0.7298494573583715]",40.4365770197922,1.992766125438648
"[-0.7307711941030107, 13.22274341160526, -0.07831921745858648, -0.7307711941031778]",40.43978769548689,1.9959092896743558
"[-0.7316883693738939, 13.23598044603973, -0.07819518660532446, -0.7316883693739762]",40.44300595633642,1.9990524539100636
"[-0.7326009762067326, 13.249166454415505, -0.07807186546117643, -0.732600976206904]",40.44623182603811,2.002195618145771
"[-0.7335090094460217, 13.262301333606327, -0.07794925241101945, -0.733509009446252]",40.44946533186454,2.005338782381479
"[-0.7344124593474418, 13.275384915161508, -0.0778273464671364, -0.734412459347539]",40.45270649357054,2.0084819466171866
"[-0.7353113211183453, 13.288417103363681, -0.07770614598083395, -0.7353113211184256]",40.45595534010308,2.011625110852894
"[-0.736205585632488, 13.301397740805998, -0.07758564989539417, -0.7362055856325792]",40.459211892479566,2.014768275088602
"[-0.737095244535085, 13.314326682297212, -0.07746585705667301, -0.7370952445351289]",40.4624761791906,2.017911439324309
"[-0.7379802905655827, 13.327203799663137, -0.07734676616985886, -0.7379802905656689]",40.4657482256564,2.021054603560017
"[-0.738860715382142, 13.340028950158858, -0.07722837609227824, -0.7388607153821731]",40.46902806095885,2.024197767795725
"[-0.7397365074229135, 13.352801945211409, -0.07711068611998444, -0.7397365074229776]",40.47231570780557,2.027340932031432
"[-0.7406076592787167, 13.365522657885526, -0.07699369499644891, -0.740607659278798]",40.475611197796496,2.03048409626714
"[-0.7414741597607735, 13.378190907254751, -0.07687740197839331, -0.7414741597608226]",40.47891455531163,2.033627260502848
"[-0.7423359991101295, 13.390806534406297, -0.0767618061355099, -0.7423359991101505]",40.482225812517655,2.036770424738555
"[-0.743193166070448, 13.403369359680966, -0.0766469067431411, -0.7431931660704965]",40.48554499456156,2.039913588974263
"[-0.7440456497105286, 13.415879209337845, -0.07653270303742965, -0.7440456497105676]",40.488872131911755,2.043056753209971
"[-0.744893438238824, 13.428335898201698, -0.07641919437391877, -0.7448934382388293]",40.49220725495105,2.046199917445678
"[-0.7457365189704056, 13.440739229141135, -0.07630638023145894, -0.7457365189704709]",40.49555039014586,2.049343081681386
"[-0.7465748797293402, 13.45308901369557, -0.07619426002422512, -0.7465748797293984]",40.49890157177645,2.0524862459170934
"[-0.7474085084221227, 13.465385065885906, -0.07608283315866513, -0.7474085084224165]",40.502260830285046,2.055629410152801
"[-0.7482373893073848, 13.477627147119733, -0.07597209953165686, -0.7482373893074372]",40.50562819330757,2.058772574388509
"[-0.7490615124298757, 13.489815105537179, -0.07586205826949939, -0.7490615124301686]",40.5090037019316,2.0619157386242164
"[-0.7498808577555762, 13.501948641482278, -0.07575270984672226, -0.7498808577556094]",40.51238737278278,2.065058902859924
"[-0.7506954150096378, 13.51402760097896, -0.07564405343668756, -0.7506954150096508]",40.515779251211924,2.0682020670956316
"[-0.7515051673207349, 13.526051733695809, -0.07553608909491799, -0.7515051673208472]",40.51917936749475,2.0713452313313394
"[-0.7523100976134888, 13.538020787463752, -0.07542881690504752, -0.7523100976135766]",40.52258775085549,2.074488395567047
"[-0.7531101907167942, 13.549934539733025, -0.07532223669774735, -0.7531101907168215]",40.52600443854551,2.0776315598027546
"[-0.7539054301661624, 13.561792750112334, -0.07521634847679336, -0.7539054301662219]",40.52942946752723,2.080774724038462
"[-0.7546957979057933, 13.573595155839644, -0.07511115245813609, -0.754695797905846]",40.53286286857825,2.08391788827417
"[-0.7554812769272053, 13.585341511169771, -0.07500664871824143, -0.7554812769272536]",40.536304679921194,2.0870610525098776
"[-0.7562618483632532, 13.597031543998684, -0.07490283758056249, -0.7562618483633045]",40.53975493752052,2.090204216745585
"[-0.7570374913838692, 13.608664954162997, -0.07479971962870338, -0.7570374913838782]",40.543213674606996,2.093347380981293
"[-0.7578081893873567, 13.620241506361172, -0.07469729488305459, -0.7578081893874551]",40.546680929449785,2.096490545217
"[-0.7585739206758002, 13.631760890312709, -0.0745955640401712, -0.7585739206758187]",40.55015674333405,2.099633709452708
"[-0.7593346644080698, 13.643222810028332, -0.07449452768083031, -0.7593346644080881]",40.5536411464036,2.102776873688416
"[-0.7600903978550336, 13.654626942519569, -0.07439418663442691, -0.760090397855056]",40.55713418013604,2.105920037924123
"[-0.7608411020283329, 13.665973022800332, -0.07429454123130894, -0.7608411020283918]",40.56063588677833,2.109063202159831
"[-0.7615867537773372, 13.677260724684253, -0.07419559235179883, -0.761586753777404]",40.56414630325786,2.112206366395539
"[-0.7623273299383547, 13.6884897233359, -0.07409734087478345, -0.7623273299384924]",40.56766547188787,2.115349530631246
"[-0.7630628057787542, 13.699659671699926, -0.07399978788383078, -0.7630628057787979]",40.571193428794665,2.118492694866954
"[-0.7637931586550919, 13.71077025610236, -0.07390293418157812, -0.7637931586551252]",40.57473021817136,2.121635859102662
"[-0.7645183618292879, 13.72182110228953, -0.0738067811095937, -0.7645183618293482]",40.57827587954952,2.124779023338369
"[-0.7652383898736522, 13.732811857578467, -0.07371132983110391, -0.7652383898738693]",40.58183045556719,2.127922187574077
"[-0.7659532180370069, 13.743742181416032, -0.07361658141491122, -0.7659532180371056]",40.58539398924783,2.1310653518097844
"[-0.766662818995012, 13.754611695776338, -0.07352253726566382, -0.7666628189951575]",40.588966525852875,2.134208516045492
"[-0.7673671628709233, 13.765419985216816, -0.07342919912070438, -0.767367162870989]",40.59254810287297,2.1373516802812
"[-0.7680662235799448, 13.776166694271549, -0.07333656820887678, -0.7680662235799733]",40.59613876872359,2.1404948445169074
"[-0.7687599719259092, 13.78685142167179, -0.07324464616506801, -0.768759971926003]",40.59973856714227,2.1436380087526152
"[-0.7694483784384789, 13.79747376384371, -0.07315343465382561, -0.7694483784385057]",40.603347547809676,2.146781172988323
"[-0.7701314097384624, 13.808033258759453, -0.07306293585050937, -0.7701314097384936]",40.606965746395524,2.1499243372240304
"[-0.7708090385638348, 13.818529540922398, -0.07297315111255478, -0.7708090385639922]",40.610593221948214,2.1530675014597382
"[-0.7714812306659785, 13.828962138849619, -0.07288408271530532, -0.7714812306660679]",40.61423001251623,2.156210665695446
"[-0.7721479539195351, 13.839330615969736, -0.07279573264452083, -0.7721479539197345]",40.61787617010952,2.1593538299311534
"[-0.7728091748761654, 13.849634517316149, -0.07270810305270457, -0.7728091748763519]",40.62153174274366,2.1624969941668613
"[-0.7734648580441461, 13.85987335822114, -0.07262119635416547, -0.7734648580442338]",40.62519677608562,2.1656401584025686
"[-0.7741149692968403, 13.870046677527476, -0.0725350147728818, -0.7741149692970541]",40.62887132249655,2.1687833226382764
"[-0.774759473213929, 13.880153996217961, -0.07244956069451956, -0.7747594732139419]",40.63255543107643,2.1719264868739843
"[-0.775398331732014, 13.890194796167929, -0.07236483684488569, -0.7753983317321061]",40.63624915409628,2.1750696511096916
"[-0.77603150636683, 13.900168554865555, -0.0722808459951851, -0.7760315063668396]",40.63995253923773,2.1782128153453995
"[-0.7766589631159768, 13.910074823031268, -0.07219759031082654, -0.7766589631160042]",40.64366564670348,2.1813559795811073
"[-0.7772806569197263, 13.919912979424842, -0.0721150734128216, -0.7772806569197782]",40.64738851814602,2.1844991438168146
"[-0.777896551159096, 13.929682538644876, -0.07203329779026946, -0.7778965511591738]",40.651121216020314,2.1876423080525225
"[-0.7785066026454294, 13.93938291395608, -0.07195226679192714, -0.7785066026455066]",40.654863788673886,2.19078547228823
"[-0.7791107704144441, 13.949013556586063, -0.07187198345843698, -0.7791107704145084]",40.65861629430646,2.1939286365239377
"[-0.7797090107259712, 13.958573876375624, -0.07179245118593365, -0.7797090107260777]",40.66237878571477,2.197071800759645
"[-0.7803012785627746, 13.968063265485029, -0.07171367352682377, -0.7803012785628087]",40.66615131740863,2.200214964995353
"[-0.7808875314007376, 13.977481159014395, -0.07163565368759647, -0.7808875314007427]",40.669933952334226,2.2033581292310607
"[-0.7814677216450159, 13.986826913784073, -0.07155839553461625, -0.7814677216450963]",40.6737267446183,2.206501293466768
"[-0.7820418016750117, 13.996099889083837, -0.07148190292291658, -0.782041801675029]",40.67752974928413,2.209644457702476
"[-0.7826097252675556, 14.005299470026026, -0.07140617950553453, -0.7826097252675902]",40.681343031618944,2.2127876219381832
"[-0.7831714406931162, 14.014424955826422, -0.07133122965351235, -0.7831714406931665]",40.68516664288618,2.215930786173891
"[-0.7837268995772008, 14.02347570339385, -0.07125705727393195, -0.7837268995772084]",40.689000650328815,2.2190739504095984
"[-0.784276051250571, 14.032451035977596, -0.07118366656253984, -0.7842760512505842]",40.69284511506845,2.2222171146453062
"[-0.7848188413414057, 14.041350219807269, -0.07111106219234359, -0.7848188413415874]",40.696700092041745,2.225360278881014
"[-0.7853552176862805, 14.050172560831822, -0.07103924852308098, -0.7853552176863022]",40.70056565048496,2.2285034431167214
"[-0.7858851257014795, 14.058917329175435, -0.07096823021919603, -0.7858851257015796]",40.70444185257971,2.2316466073524293
"[-0.7864085087520538, 14.067583764940395, -0.0708980122008557, -0.786408508752063]",40.708328760247035,2.234789771588137
"[-0.7869253116481292, 14.076171136233143, -0.0708285991741989, -0.7869253116481632]",40.71222644430736,2.2379329358238444
"[-0.7874354736150578, 14.084678622542874, -0.07075999657481925, -0.7874354736150638]",40.71613496065665,2.2410761000595523
"[-0.7879389362508912, 14.093105446921802, -0.0706922094988083, -0.7879389362509478]",40.72005438107616,2.2442192642952596
"[-0.7884356395776765, 14.101450810683733, -0.07062524323203316, -0.7884356395778668]",40.72398477365677,2.2473624285309675
"[-0.788925521423082, 14.10971388292889, -0.07055910333347934, -0.7889255214231268]",40.72792620668214,2.2505055927666753
"[-0.7894085178805136, 14.117893808137824, -0.07049379557334877, -0.7894085178805298]",40.731878746769205,2.2536487570023827
"[-0.7898845662618306, 14.125989756383314, -0.07042932553301993, -0.7898845662618671]",40.73584246937378,2.2567919212380905
"[-0.7903535979474272, 14.134000801959495, -0.07036569957244153, -0.7903535979477034]",40.739817438035864,2.2599350854737983
"[-0.7908155475887539, 14.141926079954445, -0.07030292358347184, -0.7908155475888469]",40.74380372658046,2.2630782497095057
"[-0.7912703459425704, 14.149764664362776, -0.07024100396014996, -0.7912703459426663]",40.74780140867083,2.2662214139452135
"[-0.7917179239093255, 14.157515637249915, -0.07017994705013417, -0.7917179239093532]",40.751810561168824,2.2693645781809213
"[-0.7921582089784446, 14.16517802750528, -0.07011975963841952, -0.7921582089785032]",40.75583125370857,2.2725077424166287
"[-0.7925911279832237, 14.172750858377944, -0.07006044857198486, -0.7925911279833194]",40.759863560276145,2.2756509066523365
"[-0.7930166075550672, 14.180233155936854, -0.07000202069570345, -0.7930166075551973]",40.76390756008526,2.2787940708880443
"[-0.7934345719236904, 14.1876239107935, -0.06994448315290593, -0.7934345719238]",40.76796333241765,2.2819372351237517
"[-0.793844942146982, 14.194922064063901, -0.06988784349276185, -0.7938449421471409]",40.77203094827015,2.2850803993594595
"[-0.7942476405570678, 14.202126586386774, -0.0698321090567639, -0.7942476405572223]",40.776110492804115,2.288223563595167
"[-0.7946425859933726, 14.20923639350602, -0.06977728763532806, -0.7946425859933745]",40.78020204430017,2.2913667278308747
"[-0.7950296964285436, 14.216250393082875, -0.06972338710491556, -0.7950296964286176]",40.7843056844785,2.2945098920665825
"[-0.7954088877289879, 14.223167462566863, -0.06967041559941566, -0.7954088877290623]",40.788421494235955,2.29765305630229
"[-0.7957800748676317, 14.229986471434836, -0.06961838134028643, -0.7957800748679341]",40.79254955745659,2.3007962205379977
"[-0.7961431697992069, 14.236706242373387, -0.06956729293365516, -0.7961431697992424]",40.796689957594175,2.3039393847737055
"[-0.7964980850170115, 14.243325617172848, -0.06951715886961336, -0.7964980850176089]",40.80084278530159,2.307082549009413
"[-0.7968447262687706, 14.249843320978048, -0.06946798855092681, -0.7968447262687863]",40.80500811002961,2.3102257132451207
"[-0.797183005009912, 14.256258195818607, -0.06941979052900706, -0.7971830050099261]",40.80918603993014,2.313368877480828
"[-0.7975128243449241, 14.26256893669472, -0.06937257449667565, -0.7975128243449339]",40.813376651460345,2.316512041716536
"[-0.7978340895091509, 14.268774289626998, -0.06932634979764236, -0.7978340895093006]",40.81758004199374,2.3196552059522437
"[-0.7981467008926937, 14.274872918751187, -0.06928112642313845, -0.7981467008928248]",40.82179629548317,2.322798370187951
"[-0.7984505586630027, 14.280863495259542, -0.06923691434841504, -0.7984505586630334]",40.82602550420202,2.325941534423659
"[-0.798745560912335, 14.286744662248761, -0.06919372379701064, -0.7987455609123942]",40.830267763699,2.3290846986593663
"[-0.7990316034711905, 14.292515031104939, -0.06915156526793395, -0.7990316034715171]",40.83452316953147,2.332227862895074
"[-0.7993085799912241, 14.298173183175201, -0.06911044952378421, -0.7993085799916124]",40.83879181435233,2.3353710271307815
"[-0.799576382190644, 14.303717674995491, -0.0690703875538098, -0.7995763821906466]",40.84307379549534,2.3385141913664893
"[-0.7998348996746731, 14.30914703502098, -0.06903139059931282, -0.7998348996747991]",40.84736921023962,2.3416573556021967
"[-0.80008401979808, 14.31445976095705, -0.06899347017394644, -0.8000840197981175]",40.85167816031536,2.3448005198379045
"[-0.8003236279392475, 14.319654326004882, -0.06895663802079369, -0.8003236279392864]",40.856000748381405,2.3479436840736123
"[-0.8005536062562697, 14.324729151941394, -0.06892090630394213, -0.8005536062563058]",40.86033706734223,2.3510868483093197
"[-0.8007738366906162, 14.329682675669995, -0.06888628714125081, -0.8007738366906507]",40.86468723078305,2.3542300125450275
"[-0.8009841968065349, 14.334513257813217, -0.06885279324970087, -0.8009841968065382]",40.86905133803037,2.357373176780735
"[-0.8011845620211814, 14.33921923121561, -0.06882043760265963, -0.8011845620212641]",40.87342949160782,2.3605163410164427
"[-0.8013748067570221, 14.34379892980927, -0.06878923323679882, -0.8013748067572739]",40.87782180701401,2.3636595052521505
"[-0.8015548014553827, 14.348250618777703, -0.06875919373384382, -0.801554801455404]",40.88222838410799,2.366802669487858
"[-0.8017244153521111, 14.352572561789014, -0.06873033276434168, -0.8017244153521704]",40.88664934643389,2.3699458337235657
"[-0.8018835134603192, 14.356762946027494, -0.06870266459367741, -0.8018835134603597]",40.89108478756893,2.3730889979592735
"[-0.8020319601408651, 14.36081997457071, -0.06867620346940241, -0.8020319601408834]",40.895534838680526,2.376232162194981
"[-0.8021696154318245, 14.364741770846303, -0.06865096425568973, -0.8021696154318564]",40.899999603505634,2.3793753264306887
"[-0.8022963375058751, 14.368526444461313, -0.06862696200225811, -0.8022963375058949]",40.90447920255389,2.3825184906663965
"[-0.8024119814389582, 14.372172058085587, -0.06860421216273563, -0.8024119814391358]",40.90897374610157,2.385661654902104
"[-0.8025164000374105, 14.375676654049865, -0.06858273043092096, -0.8025164000375898]",40.91348336710897,2.3888048191378117
"[-0.8026094425616382, 14.379038214422785, -0.0685625329918551, -0.8026094425616546]",40.91800817431607,2.3919479833735195
"[-0.8026909558284454, 14.382254698251828, -0.0685436362954149, -0.8026909558285603]",40.9225482977019,2.395091147609227
"[-0.8027607833950954, 14.385324014277511, -0.06852605722527742, -0.8027607833953169]",40.92710385942327,2.3982343118449347
"[-0.8028187659540067, 14.388244037156028, -0.06850981300617873, -0.802818765954188]",40.931674985580734,2.401377476080642
"[-0.802864740997032, 14.391012594513121, -0.06849492128214077, -0.8028647409970375]",40.936261801298365,2.40452064031635
"[-0.802898543050938, 14.393627483850683, -0.06848140002992345, -0.8028985430510412]",40.940864444534085,2.4076638045520578
"[-0.8029200031892815, 14.396086443988175, -0.06846926771535729, -0.8029200031893415]",40.94548303855416,2.410806968787765
"[-0.8029289493481205, 14.398387176066898, -0.06845854318428084, -0.8029289493481993]",40.950117717470334,2.413950133023473
"[-0.802925206121409, 14.400527344907582, -0.06844924567020204, -0.8029252061214315]",40.95476862466031,2.4170932972591808
"[-0.8029085946673575, 14.402504557077078, -0.06844139489927914, -0.802908594667379]",40.959435889142696,2.420236461494888
"[-0.8028789326990129, 14.404316379331439, -0.0684350110113099, -0.8028789326992222]",40.96411965167341,2.423379625730596
"[-0.8028360344296157, 14.4059603291156, -0.06843011460753737, -0.8028360344296633]",40.968820051525164,2.4265227899663038
"[-0.8027797104185115, 14.407433878138171, -0.06842672674607318, -0.8027797104185165]",40.97353723670766,2.429665954202011
"[-0.8027097674221025, 14.40873445002761, -0.0684248689634578, -0.8027097674224688]",40.97827135217651,2.432809118437719
"[-0.802626008794475, 14.409859411943996, -0.06842456329241245, -0.8026260087945981]",40.98302254274772,2.4359522826734263
"[-0.8025282336625745, 14.41080608691693, -0.06842583225634699, -0.8025282336626407]",40.98779095820004,2.439095446909134
"[-0.8024162376821312, 14.411571741063453, -0.06842869888704933, -0.8024162376823323]",40.99257674947515,2.442238611144842
"[-0.802289812086977, 14.412153591307378, -0.06843318674703856, -0.802289812086997]",40.997380073410184,2.4453817753805493
"[-0.8021487445245148, 14.412548797836857, -0.0684393199199033, -0.8021487445246254]",41.0022010826576,2.448524939616257
"[-0.8019928173603855, 14.412754468053064, -0.06844712309134614, -0.801992817360392]",41.00703994836923,2.4516681038519645
"[-0.8018218108262093, 14.41276764986008, -0.06845662140696623, -0.8018218108262156]",41.011896812473054,2.4548112680876724
"[-0.8016354992045929, 14.412585336913553, -0.06846784066639784, -0.80163549920486]",41.01677184705739,2.4579544323233797
"[-0.8014336528477105, 14.412204463544846, -0.06848080723736578, -0.8014336528479505]",41.02166521857005,2.4610975965590876
"[-0.8012160371543658, 14.411621903106857, -0.06849554812477883, -0.8012160371543957]",41.02657710019568,2.464240760794795
"[-0.8009824140500448, 14.410834471050244, -0.06851209087922895, -0.8009824140500764]",41.031507654324415,2.4673839250305027
"[-0.8007325393699625, 14.409838916478924, -0.06853046378570075, -0.8007325393700304]",41.036457065033176,2.4705270892662106
"[-0.8004661666006643, 14.408631935149224, -0.06855069560222513, -0.8004661666007424]",41.04142549197837,2.473670253501918
"[-0.8001830405966845, 14.407210141805047, -0.06857281603912255, -0.8001830405968314]",41.046413133412166,2.4768134177376258
"[-0.7998829047084084, 14.405570101163988, -0.06859685522928614, -0.799882904708448]",41.05142016027936,2.479956581973333
"[-0.7995654953162158, 14.403708301660492, -0.06862284415607733, -0.7995654953163173]",41.0564467639141,2.483099746209041
"[-0.7992305447154372, 14.40162116941801, -0.0686508144366417, -0.7992305447157064]",41.0614931248912,2.4862429104447488
"[-0.7988777789082704, 14.39930505468519, -0.06868079851217827, -0.7988777789087953]",41.06655944303111,2.489386074680456
"[-0.7985069199792145, 14.396756246239923, -0.06871282945840707, -0.7985069199793552]",41.07164590250916,2.492529238916164
"[-0.7981176817986587, 14.393970941608924, -0.06874694136519244, -0.7981176817988257]",41.076752713683476,2.4956724031518718
"[-0.7977097763622873, 14.390945290645853, -0.06878316879672922, -0.7977097763624735]",41.0818800643056,2.498815567387579
"[-0.7972829065397947, 14.387675343304318, -0.06882154743669466, -0.7972829065399493]",41.08702816794241,2.501958731623287
"[-0.7968367712154647, 14.384157086135637, -0.06886211364757107, -0.7968367712155499]",41.09219722649975,2.505101895858995
"[-0.7963710630576796, 14.380386425593214, -0.06890490467836992, -0.7963710630578914]",41.09738744860536,2.508245060094702
"[-0.7958854682110699, 14.376359184629472, -0.0689499587064092, -0.7958854682111527]",41.10259905648092,2.51138822433041
"[-0.7953796655798943, 14.372071095664188, -0.06899731491859891, -0.7953796655799832]",41.1078322667382,2.5145313885661174
"[-0.7948533315623426, 14.367517840609366, -0.06904701307898789, -0.794853331562447]",41.11308729128821,2.517674552801825
"[-0.7943061294961883, 14.36269495972481, -0.06909909453540687, -0.7943061294962942]",41.118364373072104,2.520817717037533
"[-0.7937377235718133, 14.357597971801612, -0.06915360091786127, -0.7937377235719314]",41.12366372629302,2.5239608812732404
"[-0.7931477665766583, 14.352222266804517, -0.06921057531379157, -0.7931477665769177]",41.128985586044585,2.527104045508948
"[-0.7925359027199016, 14.346563128378834, -0.06927006202285314, -0.7925359027199785]",41.13433020523022,2.530247209744656
"[-0.7919017736482044, 14.340615789281426, -0.06933210598612317, -0.7919017736483918]",41.13969781177757,2.5333903739803634
"[-0.7912450118506615, 14.334375370787177, -0.06939675343904, -0.7912450118510149]",41.145088655964265,2.536533538216071
"[-0.7905652409763846, 14.327836884159895, -0.06946405190187631, -0.7905652409763916]",41.150502992852246,2.539676702451779
"[-0.7898620791501482, 14.320995261952003, -0.06953404986941636, -0.7898620791502223]",41.15594107487915,2.5428198666874864
"[-0.7891351351099285, 14.31384532055584, -0.06960679721058316, -0.7891351351100617]",41.1614031619144,2.545963030923194
"[-0.7883840116686603, 14.306381793591079, -0.06968234484182001, -0.7883840116688696]",41.16688951848847,2.5491061951589016
"[-0.7876083010340674, 14.298599285369539, -0.06976074521532655, -0.7876083010341585]",41.17240041832453,2.5522493593946094
"[-0.7868075878410733, 14.290492300245592, -0.06984205203625234, -0.786807587841231]",41.17793613618309,2.555392523630317
"[-0.7859814496358892, 14.282055247623655, -0.0699263202321298, -0.7859814496359214]",41.18349695012251,2.5585356878660246
"[-0.7851294529672738, 14.273282401874106, -0.07001360637251879, -0.7851294529675811]",41.189083151749244,2.5616788521017324
"[-0.7842511570894017, 14.264167939659233, -0.0701039683149558, -0.7842511570894669]",41.19469503036273,2.5648220163374402
"[-0.7833461117690586, 14.25470591735158, -0.0701974654518005, -0.7833461117691166]",41.20033288214944,2.5679651805731476
"[-0.7824138552647334, 14.244890249266604, -0.07029415894574384, -0.782413855264789]",41.20599702020653,2.5711083448088554
"[-0.7814539228980898, 14.234714797846456, -0.07039411086556649, -0.7814539228981231]",41.21168773705433,2.574251509044563
"[-0.7804658288289343, 14.22417318069376, -0.07049738610824256, -0.7804658288290358]",41.21740536669865,2.5773946732802706
"[-0.7794490892879015, 14.213259016724578, -0.07060405000748995, -0.779449089287957]",41.22315022023639,2.580537837515978
"[-0.7784032015229382, 14.201965701962925, -0.07071417056038137, -0.7784032015230647]",41.228922635145004,2.583681001751686
"[-0.7773276564509722, 14.190286544413235, -0.07082781713545927, -0.7773276564510385]",41.23472294149347,2.586824165987393
"[-0.7762219345759162, 14.17821472055573, -0.07094506093049516, -0.7762219345759162]",41.24055147951495,2.589967330223101
"[-0.7750855001168085, 14.165743210733933, -0.07106597563132044, -0.7750855001168476]",41.246408611610356,2.5931104944588084
"[-0.7739178104223562, 14.152864901740644, -0.07119063644970541, -0.7739178104224986]",41.25229469203542,2.596253658694516
"[-0.7727183130722696, 14.139572555812737, -0.07131912046320384, -0.7727183130722783]",41.2582100798469,2.599396822930224
"[-0.7714864354544262, 14.125858694793907, -0.07145150777248094, -0.7714864354544846]",41.26415516412218,2.6025399871659314
"[-0.770221600815615, 14.111715777957334, -0.07158787982308783, -0.7702216008157072]",41.270130315216285,2.605683151401639
"[-0.7689232173717365, 14.097136081515744, -0.07172832061357735, -0.7689232173717782]",41.276135928129584,2.608826315637347
"[-0.7675906780872935, 14.08211169562012, -0.07187291676841749, -0.7675906780873959]",41.282172405964545,2.6119694798730544
"[-0.7662233666980208, 14.066634592261515, -0.07202175693231597, -0.7662233666980762]",41.28824015261078,2.615112644108762
"[-0.7648206495960431, 14.050696533946562, -0.07217493270000315, -0.7648206495960983]",41.294339589152116,2.61825580834447
"[-0.7633818774838159, 14.034289091996113, -0.0723325384929217, -0.7633818774838499]",41.30047115299511,2.6213989725801774
"[-0.7619063926246615, 14.017403729595266, -0.07249467081850791, -0.7619063926247017]",41.30663527449044,2.624542136815885
"[-0.7603935191160358, 14.00003169138339, -0.07266142939097256, -0.7603935191161695]",41.31283240556535,2.6276853010515926
"[-0.7588425650850074, 13.98216402845988, -0.0728329169540856, -0.758842565085068]",41.31906300693929,2.6308284652873004
"[-0.7572528219696295, 13.963791590333454, -0.07300923942550673, -0.7572528219696907]",41.32532755542265,2.6339716295230082
"[-0.7556235708516686, 13.94490509870782, -0.0731905052595513, -0.7556235708517515]",41.331626526531906,2.6371147937587156
"[-0.75395406820338, 13.925494983027358, -0.07337682710049516, -0.7539540682035385]",41.337960426315206,2.6402579579944234
"[-0.7522435613792754, 13.905551560564255, -0.07356832013334648, -0.7522435613793762]",41.34432975463816,2.6434011222301312
"[-0.7504912681551856, 13.885064798816906, -0.07376510444911548, -0.7504912681552309]",41.35073504956197,2.6465442864658386
"[-0.7486964054065933, 13.864024650951604, -0.07396730191219376, -0.7486964054067029]",41.357176828028756,2.6496874507015464
"[-0.7468581552632562, 13.842420660938144, -0.07417504004724265, -0.74685815526328]",41.36365565265125,2.6528306149372542
"[-0.7449756910475553, 13.820242267994619, -0.07438844921382985, -0.7449756910476624]",41.370172080967016,2.6559737791729616
"[-0.7430481587237721, 13.797478589696782, -0.07460766479718044, -0.7430481587238511]",41.376726704026105,2.6591169434086694
"[-0.7410746930497857, 13.774118613393199, -0.07483282547769389, -0.741074693049921]",41.383320102076446,2.6622601076443773
"[-0.7390543940184685, 13.750150918782186, -0.07506407602232727, -0.7390543940184781]",41.38995290791835,2.6654032718800846
"[-0.7369863557940041, 13.725564021794797, -0.07530156409505061, -0.7369863557940364]",41.39662573156743,2.6685464361157925
"[-0.7348696365004326, 13.700346017659538, -0.07554544383345684, -0.7348696365005056]",41.40333923775663,2.6716896003515
"[-0.7327032742696185, 13.674484772500307, -0.07579587414315293, -0.732703274269629]",41.410094090696894,2.6748327645872076
"[-0.7304862951365718, 13.647968019895407, -0.07605301790865474, -0.7304862951365981]",41.416890963486615,2.6779759288229155
"[-0.7282176841298664, 13.620783017216066, -0.0763170454823551, -0.7282176841298735]",41.423730573901054,2.681119093058623
"[-0.7258964035643551, 13.59291676554506, -0.07658813272717674, -0.7258964035643775]",41.43061365576169,2.6842622572943307
"[-0.7235214006223571, 13.564356103344645, -0.07686646028049635, -0.7235214006223876]",41.43754094607249,2.6874054215300385
"[-0.7210915763671246, 13.53508733630727, -0.07715221735031083, -0.7210915763672262]",41.44451323594899,2.690548585765746
"[-0.7186058228595805, 13.505096686122698, -0.07744559754511963, -0.7186058228595961]",41.45153130790202,2.6936917500014537
"[-0.7160629935847114, 13.474369937359315, -0.07774680253256092, -0.7160629935847286]",41.458595984267674,2.696834914237161
"[-0.7134619023050403, 13.442892425564699, -0.07805604239757019, -0.7134619023050737]",41.465708132326796,2.699978078472869
"[-0.7108013543544268, 13.410649419098192, -0.07837353213640154, -0.710801354354516]",41.47286860585601,2.7031212427085762
"[-0.7080800919072515, 13.377625459799113, -0.07869949840117088, -0.7080800919072994]",41.480078334115134,2.706264406944284
"[-0.7052968509321202, 13.343805056663788, -0.07903417295038224, -0.7052968509322188]",41.487338238239275,2.7094075711799914
"[-0.7024503112931166, 13.309172084466459, -0.0793777988782229, -0.7024503112931325]",41.49464929806653,2.7125507354156992
"[-0.6995391394156394, 13.273710306471333, -0.07973062575760442, -0.699539139415749]",41.50201249449625,2.7156938996514066
"[-0.6965619314451535, 13.237402687062765, -0.08009291680766034, -0.696561931445242]",41.509428891894814,2.7188370638871144
"[-0.6935172683661011, 13.200232067800217, -0.08046494253722138, -0.6935172683662798]",41.51689954966566,2.7219802281228223
"[-0.6904036787306879, 13.162180718650387, -0.08084698559974862, -0.6904036787307458]",41.524425586398834,2.7251233923585296
"[-0.68721965549829, 13.123230549177325, -0.08123933909852984, -0.6872196554983209]",41.532008147680195,2.7282665565942374
"[-0.6839636398309401, 13.083362916705429, -0.08164230895746859, -0.6839636398309992]",41.53964843322327,2.7314097208299453
"[-0.6806340342204463, 13.042558793628555, -0.08205621271124378, -0.680634034220543]",41.547347674833645,2.7345528850656526
"[-0.6772291745016967, 13.000798431731646, -0.08248138342071284, -0.6772291745018157]",41.55510717768062,2.7376960493013605
"[-0.6737473632328606, 12.95806177911178, -0.08291816599310718, -0.6737473632329024]",41.562928267928484,2.740839213537068
"[-0.6701868420910949, 12.9143281503693, -0.0833669211178606, -0.670186842091117]",41.570812337784034,2.7439823777727756
"[-0.6665458029985765, 12.86957637231287, -0.08382802441240081, -0.6665458029986424]",41.57876082470963,2.7471255420084835
"[-0.6628223610254756, 12.823784460854489, -0.08430187043558493, -0.6628223610254811]",41.586775251209154,2.750268706244191
"[-0.6590145940296476, 12.776930119136194, -0.08478886828174856, -0.6590145940296717]",41.59485716453108,2.7534118704798987
"[-0.6551204957929536, 12.728990172986956, -0.08528944820798824, -0.6551204957929839]",41.60300820847746,2.7565550347156065
"[-0.6511380131617038, 12.679941040635441, -0.08580405760311459, -0.6511380131617561]",41.61123006649848,2.759698198951314
"[-0.6470649993103414, 12.629758171121509, -0.08633316777605533, -0.6470649993104951]",41.61952452520068,2.7628413631870217
"[-0.6428992385628921, 12.578416364794501, -0.08687727161543032, -0.6428992385629586]",41.627893439773075,2.7659845274227295
"[-0.6386384568117291, 12.525889918271005, -0.08743688309532582, -0.6386384568118301]",41.63633872510293,2.769127691658437
"[-0.6342802741036848, 12.47215205775369, -0.08801254445037923, -0.634280274103686]",41.64486240897703,2.7722708558941447
"[-0.6298222267600567, 12.41717523090856, -0.08860482436343425, -0.6298222267600626]",41.653466611338395,2.7754140201298525
"[-0.625261779746304, 12.360931280540298, -0.08921431742997928, -0.625261779746305]",41.66215352420671,2.77855718436556
"[-0.6205962656159655, 12.303390714564728, -0.08984165353845744, -0.6205962656160076]",41.67092548706375,2.7817003486012677
"[-0.6158229574376239, 12.244523630439273, -0.09048748945208913, -0.6158229574376523]",41.67978489636662,2.784843512836975
"[-0.6109389755218756, 12.18429859221388, -0.09115252281427558, -0.6109389755218936]",41.68873432883933,2.787986677072683
"[-0.605941369425423, 12.122683671730126, -0.0918374826402464, -0.6059413694254413]",41.69777642801814,2.7911298413083907
"[-0.6008270392553338, 12.059645510896694, -0.09254314172507533, -0.6008270392553692]",41.706914008213836,2.794273005544098
"[-0.595592751547145, 11.995149553547787, -0.09327031642366308, -0.5955927515471818]",41.716150038750136,2.797416169779806
"[-0.5902351629875715, 11.92916037702685, -0.09401986538001661, -0.5902351629875877]",41.72548760384003,2.8005593340155137
"[-0.5847507659912197, 11.861641064718146, -0.09479269931190266, -0.5847507659912655]",41.73492997985922,2.803702498251221
"[-0.5791359005353229, 11.792553399528554, -0.09558978185013754, -0.5791359005353367]",41.74448061876359,2.806845662486929
"[-0.5733867422618064, 11.721857769701495, -0.09641213389755454, -0.5733867422618758]",41.75414315952322,2.8099888267226367
"[-0.5674992937750017, 11.64951311933178, -0.09726083780556471, -0.567499293775032]",41.76392144410506,2.813131990958344
"[-0.5614693685757374, 11.575476814411482, -0.09813704290853148, -0.561469368575801]",41.77381953355023,2.816275155194052
"[-0.5552925807067045, 11.49970458589227, -0.0990419705813761, -0.5552925807067274]",41.783841725738085,2.8194183194297593
"[-0.5489643089773855, 11.422150168811054, -0.09997692342425826, -0.548964308977414]",41.79399259381018,2.822561483665467
"[-0.5424797272110846, 11.34276575949852, -0.10094328515338198, -0.5424797272111507]",41.804276959600735,2.8257046479011745
"[-0.5358337443411784, 11.261501377029559, -0.10194253422204864, -0.5358337443411954]",41.814699955935275,2.8288478121368823
"[-0.5290209992504095, 11.178304907355635, -0.10297624997075862, -0.5290209992504693]",41.82526704658976,2.8319909763725897
"[-0.5220358529875408, 11.093122126693402, -0.1040461196752945, -0.5220358529875794]",41.835984028443974,2.8351341406082975
"[-0.5148723306679446, 11.00589612534698, -0.10515395397905425, -0.514872330668011]",41.84685710428176,2.838277304844005
"[-0.5075241480482336, 10.916567780074654, -0.10630169012774589, -0.5075241480482673]",41.85789286516679,2.8414204690797127
"[-0.49998463014011113, 10.82507492942299, -0.10749141271806786, -0.4999846301401123]",41.86909836795312,2.8445636333154205
"[-0.49224669444725516, 10.731352358798315, -0.10872536560294169, -0.492246694447317]",41.88048118513343,2.847706797551128
"[-0.48430285288773056, 10.635332033463776, -0.11000596178086357, -0.4843028528877755]",41.89204938505708,2.8508499617868357
"[-0.4761451362236639, 10.536942419734345, -0.11133580690212208, -0.4761451362237248]",41.90381163887675,2.8539931260225435
"[-0.46776500034119617, 10.436107625462402, -0.11271772768160447, -0.4677650003412207]",41.91577732460047,2.857136290258251
"[-0.4591533991832356, 10.332748584505353, -0.11415477468008042, -0.4591533991832422]",41.92795646656507,2.8602794544939587
"[-0.45030063471947296, 10.226781596117213, -0.11565026352752149, -0.4503006347195206]",41.9403599013918,2.863422618729666
"[-0.4411963055952701, 10.11811810826846, -0.11720780263960467, -0.4411963055952725]",41.9529993508764,2.866565782965374
"[-0.4318292754134684, 10.006664790782684, -0.11883132009865156, -0.43182927541351707]",41.96588747122109,2.8697089472010817
"[-0.4221875274667417, 9.892322323540872, -0.12052511323618342, -0.4221875274667886]",41.97903803182593,2.872852111436789
"[-0.412258138796749, 9.774985688535597, -0.12229388144222854, -0.4122581387967925]",41.992465961924374,2.875995275672497
"[-0.40202712096006904, 9.654542974361268, -0.12414278660743386, -0.40202712096008625]",42.006187540057276,2.8791384399082047
"[-0.3914792982115191, 9.530874746309571, -0.126077512621419, -0.39147929821154687]",42.020220559002254,2.882281604143912
"[-0.38059820972141334, 9.403853832757672, -0.1281043264938042, -0.38059820972145586]",42.03458445800844,2.88542476837962
"[-0.36936592286242503, 9.273344229791695, -0.13023016294777356, -0.36936592286248177]",42.0493005617195,2.8885679326153277
"[-0.3577627895566412, 9.139199552264438, -0.13246272912401802, -0.3577627895566721]",42.06439237196568,2.891711096851035
"[-0.3457672780944455, 9.00126260807312, -0.13481060586545712, -0.3457672780944934]",42.07988580927075,2.894854261086743
"[-0.33335576076613627, 8.859364739064421, -0.13728336938344515, -0.33335576076615536]",42.09580948144982,2.8979974253224503
"[-0.3205019769964719, 8.713321820061747, -0.13989179343976021, -0.32050197699647814]",42.11219531777119,2.901140589558158
"[-0.30717694856538047, 8.562935883295417, -0.14264798089294628, -0.30717694856538996]",42.12907874012352,2.904283753793866
"[-0.2933483061399053, 8.407990587240777, -0.14556563666501598, -0.29334830613992635]",42.146499453169895,2.9074269180295733
"[-0.2789798310092632, 8.248249866921553, -0.14866032759487788, -0.2789798310092871]",42.164502029065915,2.910570082265281
"[-0.2640308113808795, 8.0834553793248, -0.15194981632367352, -0.26403081138096846]",42.183136697068804,2.913713246500989
"[-0.24845513426405078, 7.913322176054953, -0.15545449831817523, -0.24845513426406507]",42.20246043508031,2.9168564107366963
"[-0.23220034001278644, 7.737535470406679, -0.1591979052023519, -0.2322003400129464]",42.22253810295439,2.919999574972404
"[-0.2152063562054565, 7.555745825878836, -0.16320735178838475, -0.21520635620551185]",42.24344395163704,2.923142739208112
"[-0.1974038285571197, 7.367562578728374, -0.167514769551227, -0.19740382855752994]",42.26526354121931,2.9262859034438193
"[-0.17871215331283832, 7.172547516215635, -0.1721577297959525, -0.17871215331294482]",42.28809601771213,2.929429067679527
"[-0.15903660277837345, 6.970203686338814, -0.1771808417766869, -0.15903660277841877]",42.312057301209386,2.9325722319152345
"[-0.13826507721788955, 6.759966788210024, -0.1826374440805216, -0.1382650772179033]",42.3372836726393,2.9357153961509423
"[-0.1162631272274261, 6.541187832424999, -0.1885919961907939, -0.11626312722744526]",42.36393704837277,2.93885856038665
"[-0.09286754578956949, 6.313114512074047, -0.19512319087329852, -0.09286754578958126]",42.39221161177565,2.9420017246223575
"[-0.06787739496110302, 6.074866189612935, -0.2023281963742024, -0.06787739496111775]",42.42234270751919,2.9451448888580654
"[-0.04104115817955322, 5.825399908416886, -0.21032852744206162, -0.04104115817958693]",42.45461904084491,2.9482880530937727
"[-0.012037648945556189, 5.563461628720257, -0.219278366044037, -0.012037648945561011]",42.48939985909665,2.9514312173294805
"[0.019552845860503373, 5.287518552228222, -0.22937643943023123, 0.019552845860498408]",42.52713918473589,2.954574381565188
"[0.05429397154333193, 4.995661694552379, -0.24088324600438002, 0.05429397154332051]",42.56842074988779,2.9577175458008957
"[0.09296874137277776, 4.685455685905429, -0.2541464750151212, 0.09296874137275637]",42.6140098671222,2.960860710036603
"[0.1367119495095742, 4.353699019247423, -0.26963833019723255, 0.13671194950955848]",42.66493135358593,2.964003874272311
"[0.1872602149571249, 3.9960169051646037, -0.2880077331766476, 0.18726021495712]",42.72258641527422,2.9671470385080188
"[0.24746850328765338, 3.606126672577241, -0.3101362715563476, 0.24746850328763706]",42.78891429208794,2.970290202743726
"[0.3225229004080354, 3.174340579844688, -0.3370974071008575, 0.3225229004080322]",42.86653149005734,2.973433366979434
"[0.4233103703263956, 2.6841062535418767, -0.3692992037542602, 0.42331037032616176]",42.95817572958946,2.9765765312151413
"[0.5782330188615085, 2.1022879450179808, -0.39859738371506936, 0.5782330188614668]",43.059369597051486,2.979719695450849
"[0.8739651941525535, 1.3491371765124667, -0.3158967984512983, 0.8739651941525054]",43.07666921621342,2.982862859686557
"[1.1437101280054873, 0.37807236444996467, 0.4178216998894202, 1.1437101280054818]",42.70447479188437,2.9860060239222643
"[-0.02370192342971982, 0.5091060900507584, 0.050599297729369, -0.0237019234297338]",43.510513192023836,2.989149188157972
"[0.14410938687645522, -0.9484820655338447, 1.120847466110694, 0.14410938687645375]",42.049399307469585,2.99229235239368
"[-1.1519077175866304, -0.3748376036997051, 1.173308048777064, -1.1519077175866388]",41.52463239529332,2.9954355166293873
"[0.7773236554199927, 0.9526661432240207, -0.32241284246883284, 0.7773236554199858]",43.989445395633055,2.998578680865095
"[-0.09208974168799242, 0.7352312678171937, -0.5168231678382021, -0.09208974168799722]",43.12464078802571,3.001721845100803
"[-0.7220099404700211, 3.360898956283707, -0.25550658595310594, -0.722009940470041]",44.28671959061303,3.0048650093365104
"[-0.7965355526136301, 1.7891782449944265, -0.3436333512918791, -0.796535552613635]",40.43444432076679,3.008008173572218
"[-1.2054712660164617, 3.853633903614184, -0.10580733999743165, -1.2054712660166733]",40.87240760156286,3.0111513378079255
"[0.45202810143968003, -0.12221712716569938, 2.5976065110638347, 0.452028101439744]",36.9369856819568,3.0142945020436334
"[0.54376750872081, -0.06028837003258613, 3.5140647085601886, 0.5437675087210568]",36.257173771565846,3.017437666279341
"[-0.8662181975856306, 3.6829045720249884, -0.20599713591434754, -0.8662181975856454]",42.50823178661043,3.0205808305150486
"[-0.32696581167297323, 0.5524079139253867, 0.07614940415700455, -0.326965811672983]",37.603742168123716,3.0237239947507564
"[0.9121459779923021, 0.09018525129084834, 0.9901335697649853, 0.9121459779922878]",42.822546755023765,3.026867158986464
"[-0.27346663494389556, 3.1041343710074747, -0.34835428862740203, -0.27346663494389706]",40.499734287052775,3.0300103232221716
"[-0.9040205976788662, 5.912351363802458, -0.13684646599820366, -0.9040205976789063]",40.37145587798053,3.0331534874578794
"[-0.9543393405478259, 7.1910255274690575, -0.10959207047526547, -0.9543393405479075]",40.98339154675294,3.036296651693587
"[-0.5405042463027215, 7.2112687797954536, -0.15290760964540692, -0.5405042463027647]",44.47940557568582,3.0394398159292946
"[-0.2520532800990953, 5.025799053321902, -0.23333611652647707, -0.2520532800991295]",44.087903522832136,3.0425829801650024
"[-0.6033493529164301, 7.33651076160045, -0.14557894081250322, -0.6033493529164763]",44.989089943371006,3.04572614440071
"[-0.35313642310318544, 4.4345804034270255, -0.2528313139420495, -0.353136423103212]",42.49847603301442,3.0488693086364176
"[-0.7217613832626223, 5.109694171646907, -0.18366358226417107, -0.7217613832626523]",41.64719715414161,3.0520124728721254
"[-0.3190020026378163, 3.36832201310413, -0.32163691643116843, -0.31900200263781786]",41.75553963566668,3.0551556371078328
"[-0.5129263019871321, -0.007842691558692612, 8.047770150324093, -0.5129263019803129]",37.07534299175647,3.0582988013435406
"[0.5022844390236941, 0.0076798326651183885, 11.096672942936841, 0.5022844389845424]",34.46803344578495,3.0614419655792484
"[0.3897381777543217, 0.8401947194634951, -0.5160558739925125, 0.3897381777543195]",46.08890328273567,3.064585129814956
"[-0.0665968876577442, 3.7393660237421797, -0.30900932658299174, -0.06659688765775297]",43.45586809307018,3.0677282940506636
"[-0.14297556751249146, -0.9099814432199721, 1.0478280699159874, -0.14297556751249224]",39.53567314436588,3.070871458286371
"[0.29600631355180496, 2.3082661555070363, -0.43561750797203025, 0.2960063135517715]",40.445428827720804,3.074014622522079
"[-0.42613361774709707, 5.614866836812596, -0.2007993347491689, -0.4261336177471001]",39.92886022892954,3.077157786757786
"[-0.7212777182302401, 7.693219503896602, -0.129214228857193, -0.721277718230257]",39.82130157434354,3.080300950993494
"[-0.9221205529856118, 9.416499636334322, -0.09009263427190393, -0.9221205529857104]",39.858995576833486,3.0834441152292014
"[-1.0175060441185895, 10.537194690707112, -0.07265881934411066, -1.0175060441187345]",40.02619606479911,3.086587279464909
"[-0.8208453114437972, 9.42759877927987, -0.09944453936804333, -0.8208453114438]",40.398738522135076,3.089730443700617
"[0.9396243567744336, 0.25324972285621195, 0.6698822031929783, 0.9396243567744178]",38.047653238578064,3.0928736079363244
"[0.3122315162862199, 0.047173048931493586, 1.8877728432241516, 0.3122315162862003]",36.28754300457756,3.096016772172032
"[0.11940916878748423, -0.15068370036711853, 1.2902640245725772, 0.11940916878748063]",29.899881348278324,3.0991599364077396
"[-0.05324110865873814, 0.06930296943962701, 1.0545475043908215, -0.05324110865874759]",29.82922359874768,3.1023031006434474
"[-0.03549276238002238, 0.2479986965326573, 0.7040522975576728, -0.0354927623800324]",29.716326156775775,3.105446264879155
"[0.028539469889818835, 0.3823963846620605, 0.37737466278388787, 0.028539469889807576]",29.63619549388809,3.1085894291148626
"[0.10939549078467212, 0.4778164068955722, 0.15618854761059714, 0.10939549078466583]",29.57155185977035,3.1117325933505704
"[0.19020220447659655, 0.5438980769370096, 0.01964391499999532, 0.19020220447659608]",29.516427951245902,3.114875757586278
"[0.2638796385624852, 0.5897708470476357, -0.06272992253292149, 0.2638796385624831]",29.470085653136543,3.1180189218219856
"[0.3286735357121095, 0.622068637294172, -0.11225192806199896, 0.32867353571210506]",29.432143370120123,3.1211620860576934
"[0.3848991643069046, 0.6452345750943517, -0.14192309626205127, 0.38489916430686794]",29.40181304970954,3.124305250293401
"[-0.9413545124009569, 9.688793845448084, -0.08597820946880522, -0.9413545124010205]",40.72154805389291,3.2217433416003383
"[-0.8170277610327358, 8.528299526172718, -0.1091258203807181, -0.8170277610327414]",40.674505481672526,3.228029670071753
"[-0.7308472060078851, 7.814607327626057, -0.12652940556880507, -0.7308472060079133]",40.677705808745266,3.2311728343074613
"[-0.6267178728762736, 7.016170340825514, -0.14939154083167241, -0.6267178728762951]",40.703498940829,3.2343159985431686
"[-0.49833690933815455, 6.113590057473706, -0.18068816577139038, -0.49833690933818886]",40.76015395014396,3.237459162778876
"[-0.32951029902538853, 5.051717652122792, -0.2276524903151489, -0.32951029902549667]",40.86576604892121,3.2406023270145843
"[-0.0670903166338019, 3.671852765283802, -0.3137843274881769, -0.06709031663381268]",41.07047122084101,3.2437454912502917
"[0.9451739522273878, 0.9887781011897462, -0.2049977005944402, 0.9451739522273842]",41.20351478919,3.246888655485999
"[0.9797545002660231, 0.13483549980402465, 0.8179248074528981, 0.9797545002660136]",41.92204566631931,3.2531749839574147
"[-0.6764708389717062, 1.9594123786738695, -0.3805660057529934, -0.67647083897173]",40.82683382909148,3.256318148193122
"[-0.7173086841105025, 7.954369902345347, -0.12580217056825513, -0.7173086841105316]",44.09942755641219,3.2594613124288294
"[0.5022203213577854, 0.007826649898610679, 11.011165791282265, 0.5022203213265013]",35.41908889141873,3.2688908051359524
"[-0.23005333403626366, 0.5271607185856416, 0.08910762135867407, -0.2300533340362757]",36.55947141872168,3.2720339693716607
"[-0.8528466513357075, 5.919037828187277, -0.14446403550327602, -0.8528466513360001]",42.62734569535176,3.275177133607368
"[-0.13042766326304311, 1.6244257284503834, -0.5852280514171031, -0.13042766326304317]",44.27300083354789,3.2783202978430754
"[0.11140030250773665, 1.4203244323646378, -0.6421663200599493, 0.11140030250767492]",44.234863444608926,3.2814634620787837
"[-0.5643460308183182, 4.332480861782033, -0.234455018185879, -0.5643460308183222]",42.71717993542284,3.284606626314491
"[-0.9722705738360219, 7.019963466380881, -0.10933799001159238, -0.9722705738360642]",42.96612191435859,3.2877497905501984
"[-0.6294823933688337, -0.10492443729778848, 2.23545054844814, -0.6294823933688273]",38.23842180852811,3.2908929547859067
"[-0.5408941767484475, 7.126514187804987, -0.1545031756198909, -0.5408941767484884]",46.240742552420826,3.294036119021614
"[0.38226099150348225, 2.1620403077906793, -0.44139323539082426, 0.38226099150346254]",45.49764481708086,3.2971792832573215
"[1.07634142676485, 0.42494174150222835, 0.3484456233374545, 1.0763414267648235]",42.498718529777406,3.303465611728737
"[-1.0571347613826587, 7.032549894066488, -0.09678193775032451, -1.0571347613827895]",41.67769360322139,3.3066087759644445
"[-0.6653028387997691, 4.638214487477122, -0.2076133197508214, -0.6653028387997939]",41.519600864659914,3.3097519402001523
"[0.9766177074860103, 0.6934440162700997, 0.0037451668409585323, 0.9766177074860009]",41.22943719467708,3.31289510443586
"[-0.5011240070079824, 5.033853904750602, -0.21365634920294518, -0.5011240070079834]",45.41677076600835,3.3160382686715675
"[-0.2576749879882464, 3.554058339066403, -0.3131281569175411, -0.2576749879882497]",45.236017926002226,3.3191814329072753
"[-1.0265660586488958, 3.8353008867197182, -0.15917051133578147, -1.0265660586488996]",43.579493669459126,3.322324597142983
"[0.5305527382614256, -0.05223331084094801, 3.928929888818851, 0.5305527382617031]",37.562531528175064,3.3254677613786905
"[0.40402225212000903, -0.15415870115894545, 2.1626891472104495, 0.40402225212003634]",38.316658276620096,3.3286109256143983
"[-1.1975764675560183, 3.728765331085312, -0.10998475167958548, -1.197576467556081]",42.09073217191785,3.3317540898501057
"[-0.7922783875654285, 1.7896935314892262, -0.3456845862702583, -0.792278387565437]",41.71814227789358,3.3348972540858135
"[-0.9834165240542223, 3.335324548648446, -0.18696526843362196, -0.983416524054226]",45.194371228996594,3.338040418321521
"[-0.4981057193992224, 0.0005553692506441694, 22.473470755981598, -0.49810571952343013]",42.79159522687754,3.3411835825572287
"[-0.8166049382285149, 3.115270450676902, -0.24529041233951202, -0.8166049382285299]",46.798326162134906,3.344326746792936
"[-0.6403479654880805, 3.1446566051891516, -0.28711487678180536, -0.6403479654882117]",46.23408043294397,3.347469911028644
"[-1.0551762595481566, -0.4815257192323022, 1.2366582932290617, -1.0551762595481577]",42.823436506751996,3.3506130752643517
"[-0.20042426679720454, -0.9832976916523594, 1.2245583441745975, -0.20042426679720976]",42.917325560582285,3.353756239500059
"[0.22257697832724835, -0.8713946284205684, 1.0604958717819901, 0.2225769783272462]",43.68730347327746,3.3568994037357665
"[-1.266891525748156, 0.3301535225039627, 0.5172211525958164, -1.2668915257481763]",45.9681636919554,3.3600425679714747
"[0.006656057385048534, 0.724115950609301, -0.5068701207523518, 0.00665605738504389]",46.21542604416378,3.363185732207182
"[-0.014907990689986777, 0.7169523101045802, -0.48815191310487316, -0.01490799068998929]",46.17742663786871,3.3663288964428895
"[-1.0631970885336819, -0.29176338566840476, 1.1108777444055302, -1.063197088533683]",45.85324281824781,3.3694720606785977
"[0.100481617250342, -0.9651302763663385, 1.1344545499456042, 0.10048161725033904]",43.30653719702608,3.372615224914305
"[-0.7829180660146187, -0.7037501023568499, 1.3037814135726018, -0.7829180660146232]",42.74573827188116,3.3757583891500125
"[-0.7812183178525465, 2.8183917464182993, -0.2728668998999831, -0.7812183178528846]",46.61634579555316,3.382044717621428
"[-0.7535243348437758, 1.6922219082755015, -0.3728734305030607, -0.7535243348438072]",41.72053158161722,3.3851878818571355
"[0.47032400021587933, -0.10164048745539873, 2.92135592796774, 0.47032400021607196]",38.10960833280708,3.3883310460928437
"[0.5325541458516504, 1.3093271213820485, -0.5275521139180424, 0.5325541458516493]",43.821573477823996,3.391474210328551
"[-0.4254935365124036, 3.642189416082579, -0.2899968913895545, -0.42549353651240485]",41.5795879622606,3.3946173745642585
"[-0.8934669637793237, 6.821143197547669, -0.12291403797621692, -0.8934669637793584]",43.02134024134729,3.400903703035674
"[-0.9880012520247584, 2.9881844092768888, -0.1979812366013107, -0.9880012520247731]",44.36636369467863,3.4040468672713815
"[0.5018358120118538, -0.003820323679100301, 15.314968126042874, 0.5018358121568302]",37.32112606307148,3.4071900315070898
"[-0.11354531011192967, 3.9342847462497352, -0.2948359299182631, -0.11354531011194448]",40.882455889650174,3.410333195742797
"[-0.895913034628274, 9.652965466918545, -0.09062060954276105, -0.8959130346284176]",40.73048686932203,3.4134763599785045
"[0.31092995663388306, 2.4291573225917604, -0.41709657167477565, 0.3109299566338766]",42.75254390638502,3.416619524214212
"[0.07171624163213318, 2.3742391359396793, -0.44651108916375726, 0.07171624163207388]",37.375804424323505,3.41976268844992
"[0.5059448383293959, -0.031048393566291466, 5.5204670992708955, 0.5059448383324543]",35.87664648414178,3.4229058526856275
"[-1.0565522911748062, 0.3529247089215154, 0.4438233823184986, -1.056552291174811]",29.872087420663146,3.426049016921335
"[-0.7780503703443147, 0.2863556364242693, 0.8119474049469366, -0.7780503703443272]",30.516457293293893,3.4323353453927505
"[-0.754182958767581, 0.3889883412109234, 0.5510647202146548, -0.7541829587676077]",30.424625711232377,3.435478509628458
"[-0.7486508637163359, 0.44677811286738034, 0.40168981273447063, -0.7486508637163447]",30.437572926728265,3.438621673864166
"[-0.5036238366537944, -0.016104113043134555, 7.702535575323184, -0.503623836649037]",30.26622711793544,3.444908002335581
"[0.31190639814687127, 1.8872816649891377, -0.5005222971411233, 0.31190639814687043]",37.2785292672558,3.4480511665712887
"[-0.4042304246401655, 2.0539494552279196, -0.4526854864193923, -0.404230424640175]",36.81403123377407,3.4511943308069966
"[-0.9356706367670022, 2.913054112162364, -0.21884031734767156, -0.9356706367670095]",38.762924603777016,3.454337495042704
"[0.10027948461492113, 0.8882351841255138, -0.7962136216283178, 0.10027948461492048]",38.90466592992411,3.4574806592784117
"[-0.17022400632193121, -0.56363507528307, 1.0831758704651187, -0.1702240063219316]",46.50813002187756,3.4669101519855348
"[0.3800218410442942, -0.16448686125722045, 2.0219555219921608, 0.380021841044334]",39.848650529688655,3.470053316221242
"[-0.39188996094929346, 5.7049915096439925, -0.20054412217731915, -0.39188996094935175]",47.41039073462747,3.4731964804569495
"[-0.31622249174481726, 0.10625732842174768, 1.7067090673398781, -0.31622249174482814]",41.423479869093185,3.4763396446926578
"[0.5011896169457551, 0.008128133198432894, 10.956935863749573, 0.5011896169275857]",33.19486902475325,3.4826259731640725
"[-1.2669985489964348, 0.09727551195740183, 0.7531633727886426, -1.2669985489964402]",45.833322174843566,3.485769137399781
"[-0.9712647845701211, 0.018296150621138763, 0.9785372196671969, -0.9712647845701238]",31.223916660169,3.488912301635488
"[-0.9226680520678527, 0.0975055875756741, 0.9595929345319281, -0.9226680520678595]",31.26104883783683,3.4920554658711955
"[-0.7509053540612662, 2.9526785580775283, -0.27285138559244854, -0.7509053540613042]",37.91466502576466,3.498341794342611
"[0.5092306199064288, -0.04361749158429776, 4.618654384968646, 0.509230619907125]",36.69987645456227,3.5014849585783185
"[-0.028345461488277414, 4.906364328442218, -0.24495452565908504, -0.02834546148828165]",43.12114946940518,3.504628122814026
"[-0.47949081880501077, 8.76630435956588, -0.13175491562458874, -0.47949081880503325]",42.70278657496828,3.507771287049734
"[-0.6841799542735877, 10.741580084394515, -0.0980250876248659, -0.684179954273634]",42.511587576361,3.5109144512854416
"[-0.7923967454654475, 11.760411889353596, -0.08331004984925584, -0.7923967454654772]",42.38415294259032,3.514057615521149
"[-0.8408626817940906, 12.14929836561691, -0.07757146932507587, -0.8408626817942081]",42.29124972500188,3.517200779756857
"[-0.8477399070845572, 12.09926939335244, -0.07738352216300935, -0.8477399070845576]",42.223263476240234,3.5203439439925646
"[-0.8243199485260493, 11.739582562929957, -0.08123377025652773, -0.8243199485261357]",42.176138972842665,3.523487108228272
"[-0.7779627143779401, 11.15910840270605, -0.08844706753838638, -0.7779627143780048]",42.1481173807186,3.52663027246398
"[-0.7131512222804678, 10.416217578908597, -0.09887698563582266, -0.713151222280499]",42.13888770503739,3.5297734366996876
"[-0.6318975873968031, 9.544694597150535, -0.11287128607857169, -0.6318975873968037]",42.14957212599202,3.532916600935395
"[-0.5336350759934378, 8.556549461634015, -0.1314560047325778, -0.5336350759934949]",42.1832980882779,3.536059765171103
"[-0.4141885974069097, 7.440219502140865, -0.15693620822685084, -0.4141885974069172]",42.24678196333485,3.5392029294068106
"[-0.26207301769834945, 6.148433001376995, -0.1947920954708283, -0.2620730176984154]",42.354837417073746,3.542346093642518
"[-0.04238429694418363, 4.549639787726557, -0.2615207418751031, -0.0423842969442093]",42.54721985638146,3.545489257878226
"[0.4951102700214027, 2.080863732398741, -0.4257982742216811, 0.49511027002138824]",42.978950726393236,3.5486324221139336
"[-1.1517063806617467, 3.5185265485814052, -0.12836633378849024, -1.1517063806617611]",40.230847076691106,3.5549187505853492
"[0.5342629058312054, -0.01625966767493717, 5.00325487913633, 0.5342629058316285]",35.10950479093802,3.5580619148210566
"[-0.04712018231981895, 0.7536372782314197, -0.576705690261951, -0.047120182319822415]",44.121262040450915,3.561205079056764
"[-0.12101869829179246, 0.46402691408578667, 0.19855138698682528, -0.1210186982917974]",41.76635578148669,3.5643482432924714
"[-1.084655560865908, 4.06325670106553, -0.13777331346443614, -1.0846555608660273]",43.93415207780901,3.5674914075281796
"[-0.5877285049196703, 9.130557054690856, -0.12052000953797998, -0.5877285049197339]",45.55130412117028,3.570634571763887
"[-0.7743873730011905, 11.543585774989186, -0.08597881916587939, -0.7743873730012115]",45.790689849654775,3.5737777359995944
"[-0.16864182568667513, 1.3384056735102712, -0.6576554035022586, -0.168641825686678]",40.975786816584275,3.576920900235302
"[-1.2723413468166653, -0.02481540841585601, 0.8778892027351974, -1.2723413468166747]",47.425976581170005,3.58006406447101
"[-0.2029417682931419, 0.5527947562215133, 0.002623803849776429, -0.20294176829314267]",42.743090131755,3.5832072287067174
"[-0.5000697312564693, -0.00044212509178640646, 47.251751284801614, -0.5000697240641001]",33.7362687325053,3.5894935571781326
"[-0.7876257182383731, 0.3070117023884357, 0.7404007352022854, -0.7876257182383881]",34.126539034188646,3.5926367214138404
"[-1.0973929561698001, 0.23463984561820253, 0.5940746499239623, -1.0973929561698108]",33.50449222440254,3.595779885649548
"[-0.15314229116823366, 4.76617384641352, -0.24876381730418698, -0.15314229116823902]",45.055208311443636,3.602066214120963
"[-0.5650535991835243, 6.665209321401823, -0.161942466797111, -0.5650535991835325]",44.168524465398974,3.605209378356671
"[0.2198597378339204, 0.8016968955163218, -0.5855953817643067, 0.21985973783391766]",43.08753039154351,3.6083525425923786
"[-0.9496197336254052, 6.77642526588191, -0.11584952587169188, -0.949619733625522]",46.219346882759915,3.6146388710637942
"[0.478534775902434, 0.03056375018635119, 4.996992088969473, 0.4785347759022628]",44.409245928919084,3.6177820352995016
"[0.4576012876089643, 1.0770134962074212, -0.5860810867832237, 0.4576012876089312]",37.03896983080184,3.7246496193135616
"[0.06554908769348293, 2.2759148858318, -0.46150271133118587, 0.06554908769347376]",36.23039311176724,3.7309359477849764
"[-0.23314127009564822, 3.105818024586304, -0.3517993273044699, -0.2331412700956551]",36.08862240486548,3.7340791120206847
"[-0.41804191288161285, 3.7743031707623933, -0.28253370487103957, -0.41804191288162396]",35.997565872906705,3.737222276256392
"[-0.5588935061065714, 4.376681586460297, -0.2332237293683241, -0.5588935061065732]",35.94625309904201,3.7403654404920994
"[-0.6748838130800462, 4.943143798284463, -0.195604414046434, -0.6748838130800744]",35.92484235010098,3.7435086047278077
"[-0.7721990729070399, 5.479377217115701, -0.16619384498860923, -0.7721990729070428]",35.92848160974926,3.746651768963515
"[-0.8508502694596406, 5.973016910768599, -0.14366838308613575, -0.8508502694599998]",35.95545376554684,3.7497949331992224
"[-0.9058617944407247, 6.390143090877536, -0.12807262050780313, -0.9058617944409353]",36.00621916477981,3.7529380974349307
"[-0.9264331110416952, 6.665466902184609, -0.12076267030660982, -0.9264331110422125]",36.083085084687184,3.756081261670638
"[-0.8936714067176661, 6.6864506750039, -0.12497381908271488, -0.8936714067177551]",36.190571723885355,3.7592244259063454
"[-0.7756085254432105, 6.268742515082242, -0.1479266301257905, -0.7756085254432792]",36.33807602478235,3.7623675901420537
"[-0.5070068182082017, 5.090793710904791, -0.21100185718767378, -0.5070068182082151]",36.55579890722522,3.765510754377761
"[0.3477477544296451, 2.023912397086713, -0.46969906689017815, 0.34774775442957945]",37.06865019310753,3.7686539186134684
"[0.015567331823525214, 1.9406527608604918, -0.5213781465805474, 0.015567331823523082]",38.53395133229115,3.7717970828491767
"[-0.508266012714255, -0.0046524206007516325, 10.199053478411685, -0.5082660127076627]",31.35058940026158,3.774940247084884
"[-0.5632473347659764, -0.06575796301508412, 3.1432022347410187, -0.5632473347659317]",31.18418416859893,3.7780834113205914
"[-1.040095016905096, -0.3689183042781402, 1.1615349259004168, -1.0400950169051009]",35.01619480839222,3.7812265755562997
"[0.15549960404520557, 1.7830484876897614, -0.5459193226560207, 0.15549960404519397]",36.56050590935065,3.784369739792007
"[0.2386868291486753, 0.7668524901807049, -0.5050409883521119, 0.23868682914867345]",41.18971011274644,3.7875129040277145
"[0.272729891279319, 2.4524033204273787, -0.4192773860440883, 0.27272989127931]",39.49434622533544,3.7906560682634227
"[-0.17422471230653291, 4.408186212987745, -0.26536874040646613, -0.1742247123065567]",39.1794905629685,3.79379923249913
"[-0.37764739557876986, 1.66320756349854, -0.5273116081637842, -0.3776473955787719]",32.27838513421,3.800085560970545
"[0.1642503583026699, 0.8101988621765318, -0.642514551686987, 0.16425035830265447]",30.732763211277824,3.803228725206253
"[-0.1220013437627451, 0.5956291458734432, -0.1502394448769184, -0.12200134376275049]",30.011430432328595,3.8063718894419605
"[-0.27841457238438205, 0.5185785031078612, 0.1438595441297589, -0.2784145723843886]",29.788338125077395,3.809515053677668
"[-0.41240553169219524, 0.5215706511978494, 0.20947660198223078, -0.41240553169220145]",29.73869780329094,3.812658217913376
"[-0.6237720200325153, -0.15924740346827368, 2.031035113868102, -0.6237720200325079]",29.926169114219036,3.818944546384791
"[-0.7018302667666475, -0.5576600174229556, 1.2608598330959007, -0.7018302667666488]",34.83743955484214,3.8220877106204987
"[-0.6668639890351367, 1.846326627882079, -0.396881227191033, -0.6668639890351447]",34.35545845215766,3.8252308748562065
"[-0.1753578983768689, -0.6735596183337437, 1.0203296227402465, -0.17535789837686921]",39.72797856210688,3.828374039091914
"[0.12229513374674895, -0.7761127471321078, 0.9524830101875252, 0.1222951337467481]",37.72499977450905,3.8315172033276217
"[0.41816220974389345, 2.0757078191314844, -0.44616898249913334, 0.4181622097438291]",38.16058685402719,3.834660367563329
"[0.053213655495867956, 3.3753211928506817, -0.3369502096603324, 0.05321365549584928]",37.952303712405076,3.837803531799037
"[-0.058672623087824005, 3.944013236701424, -0.2954927290939191, -0.05867262308783498]",37.884366324559544,3.8409466960347447
"[-0.09042549218642243, 4.142266463495051, -0.28276020795791, -0.09042549218642713]",37.87699980280112,3.844089860270452
"[-0.07235966219663968, 4.075452879176349, -0.28710617693461504, -0.07235966219664774]",37.904911541999944,3.8472330245061594
"[-0.011769894031947852, 3.7866144176003065, -0.30635350397803585, -0.01176989403196466]",37.962411830554785,3.8503761887418677
"[0.0981910712763981, 3.282059450886917, -0.3437379544934115, 0.09819107127638846]",38.05487247398977,3.853519352977575
"[0.29726842938612896, 2.512960612603469, -0.4083720742194893, 0.297268429386127]",38.19904111524475,3.8566625172132825
"[0.8644073995295685, 1.2010925148141876, -0.3141502412699096, 0.8644073995295538]",38.21412772834845,3.8598056814489907
"[0.13090899202405182, 0.6584871743807836, -0.30917279925094066, 0.1309089920240468]",38.64865598518439,3.862948845684698
"[-1.0623197872870584, -0.451243107396861, 1.2154857992381904, -1.0623197872870613]",36.39529743363044,3.8660920099204055
"[-0.6027358995216945, 2.0730470486133337, -0.3942134628178971, -0.6027358995217038]",39.92336212986048,3.8692351741561137
"[-0.32000009075556146, -0.793780349400516, 1.0892622330177455, -0.32000009075556207]",37.18217229223366,3.872378338391821
"[-0.9970259798799833, 3.385090271613637, -0.18113198920068085, -0.997025979879986]",38.34938293489876,3.8755215026275285
"[-0.764964086540091, 1.9176854226852291, -0.3478023072530167, -0.764964086540134]",34.79165893658563,3.878664666863236
"[-1.1306578827053726, 3.5183437729799456, -0.13533177734553228, -1.1306578827053937]",34.99959395983032,3.881807831098944
"[0.4364539719614851, 1.4314869590007286, -0.5527780623183425, 0.43645397196148294]",35.75699849545031,3.8849509953346515
"[0.352606277703301, -0.1407254010342489, 2.0004220674819093, 0.35260627770330855]",31.070836188684037,3.888094159570359
"[0.48645833466707206, -0.04135985370443965, 4.675902643302461, 0.48645833466772526]",30.62446308799792,3.891237323806067
"[0.4993501119552758, -0.014578781999596713, 8.201451896402203, 0.4993501119633149]",30.366807403356827,3.8943804880417745
"[0.5007411437238041, -0.004525854509264092, 14.720110955645072, 0.5007411437354568]",30.175579820397623,3.897523652277482
"[0.7698993688483671, 0.17958872522876712, 1.1392493718115781, 0.7698993688483651]",29.11910436571867,3.9383847873416817
"[0.7633788969796074, 0.17599145423899004, 1.1673519654433908, 0.7633788969795956]",29.100417017100483,3.9415279515773896
"[0.7576696781260195, 0.17326119887857494, 1.1914104943284638, 0.7576696781260105]",29.08357736143577,3.944671115813097
"[0.7527245776383165, 0.1712902084871117, 1.2115575248121622, 0.7527245776383088]",29.068453896340507,3.9478142800488043
"[0.7484958440586684, 0.16999007073711633, 1.2279381809937242, 0.7484958440586447]",29.054934355234426,3.950957444284512
"[0.7449365611085363, 0.16928822523711307, 1.2407082277852302, 0.74493656110853]",29.042922252605894,3.95410060852022
"[0.7420015941104021, 0.1691251683773763, 1.2500316409286132, 0.7420015941103435]",29.032334112204378,3.9572437727559273
"[0.7396481788794118, 0.16945221597780896, 1.256077904974239, 0.739648178879373]",29.02309734377076,3.960386936991635
"[0.7378362393080349, 0.1702297029313813, 1.2590193395707974, 0.7378362393080347]",29.015148616102792,3.9635301012273425
"[0.7365284973490499, 0.17142552840788725, 1.2590286618433406, 0.7365284973490249]",29.00843253171713,3.9666732654630503
"[0.7356904350585335, 0.1730139789353788, 1.256276867847198, 0.7356904350585035]",29.002900588191654,3.969816429698758
"[0.7352901535786954, 0.17497478366925642, 1.2509314397340787, 0.7352901535785705]",28.99851031774326,3.9729595939344655
"[0.7352981718584091, 0.17729233740926423, 1.243154921842628, 0.7352981718583498]",28.99522463415766,3.9761027581701733
"[0.7356871737024797, 0.17995507370751618, 1.233103836029869, 0.7356871737024693]",28.993011271749644,3.979245922405881
"[0.7364317326439894, 0.1829549629136948, 1.2209278561105346, 0.7364317326439765]",28.99184232392749,3.9823890866415885
"[0.7375080229983574, 0.1862870948874819, 1.2067692724430978, 0.7375080229983524]",28.991693864559178,3.985532250877296
"[0.7388935231001653, 0.18994933849562393, 1.1907626762835066, 0.73889352310013]",28.992545650705992,3.988675415113004
"[0.7405667171309253, 0.19394206211947776, 1.1730348225366904, 0.7405667171308999]",28.99438084727675,3.9918185793487115
"[0.7425068075096879, 0.19826792186077033, 1.1537045484279511, 0.7425068075096257]",28.997185814796417,3.994961743584419
"[0.7446934208071809, 0.20293166379888525, 1.1328829114292427, 0.7446934208071655]",29.00094991974998,3.998104907820127
"[0.7471063231665642, 0.20793997303603196, 1.1106733389099832, 0.7471063231665487]",29.00566539665274,4.0012480720558345
"[0.7497251324094096, 0.2133013334279633, 1.0871718938965207, 0.7497251324094042]",29.011327211992214,4.004391236291542
"[0.752529038623589, 0.2190259197902065, 1.0624675141926225, 0.752529038623584]",29.017932941963366,4.00753440052725
"[0.7554965290355069, 0.2251255116709509, 1.0366422400053397, 0.7554965290354934]",29.02548272950439,4.010677564762958
"[0.7586050767456936, 0.2316133457442162, 1.0097717464917189, 0.7586050767456927]",29.033979137237534,4.013820728998665
"[0.7618308804327, 0.23850408565999984, 0.9819253935774582, 0.7618308804326924]",29.043427161879695,4.016963893234373
"[0.7651485373842772, 0.24581366788549666, 0.9531667877735688, 0.7651485373842679]",29.053834116801344,4.020107057470081
"[0.768530730499064, 0.25355918813258455, 0.9235541260947445, 0.7685307304990627]",29.065209573582344,4.023250221705788
"[0.7719479229356485, 0.26175882661859845, 0.8931403435164919, 0.7719479229356168]",29.077565361837838,4.026393385941495
"[0.775367978319201, 0.2704316257254017, 0.8619737473616378, 0.7753679783191989]",29.09091545585317,4.029536550177204
"[0.7787558055077658, 0.27959734772836764, 0.8300982372592253, 0.7787558055077592]",29.10527592965596,4.032679714412911
"[0.7820729414377565, 0.2892762135977543, 0.7975538340660512, 0.7820729414377545]",29.12066484757697,4.035822878648618
"[0.7852771270485234, 0.2994886694701523, 0.764376960242074, 0.7852771270485096]",29.137102216484102,4.038966042884327
"[0.788321800722209, 0.3102549748369721, 0.730601138877982, 0.7883218007222015]",29.154609761599797,4.042109207120034
"[0.7911555878336495, 0.321594867757362, 0.6962572288873026, 0.7911555878336223]",29.173210900584852,4.045252371355741
"[0.7937216755483774, 0.33352697282384625, 0.6613742341611951, 0.7937216755483623]",29.192930437846147,4.04839553559145
"[0.7959571441709011, 0.3460682344570191, 0.625979737969165, 0.795957144170897]",29.21379441876098,4.051538699827157
"[0.7977921632876798, 0.3592330714880517, 0.5901008233632082, 0.7977921632876713]",29.235829738532875,4.054681864062864
"[0.799149085948128, 0.3730325634063172, 0.5537645188857444, 0.7991490859481175]",29.25906400805443,4.057825028298573
"[0.7999413232139841, 0.3874731972438645, 0.5169989996362853, 0.7999413232139765]",29.283525016101432,4.06096819253428
"[0.49933273064406636, -0.002259131357956368, 20.569649813107755, 0.4993327307151653]",30.25098294681099,4.095542999127065
"[0.49855647952046084, -0.0038234168581187267, 15.598302886599395, 0.49855647955608834]",30.32209005175151,4.098686163362772
"[0.49735720268690975, -0.005653849712001857, 12.604467995528243, 0.49735720271417866]",30.396429515933054,4.101829327598479
"[0.4957551814443104, -0.007472694510680503, 10.724659829637698, 0.4957551814628161]",30.47451611702745,4.104972491834187
"[0.49402634644251403, -0.00872310666625235, 9.656799783552847, 0.494026346446295]",30.55747784285931,4.108115656069895
"[0.4930673580805252, -0.008362844280226852, 9.52456503273317, 0.49306735809136804]",30.64797100299713,4.111258820305602
"[0.17174979307170365, 0.5161811606778349, 0.08473796526120823, 0.17174979307169896]",30.23396478164529,4.120688313012725
"[-0.03085313127881119, 0.2361463436063666, 0.7291521211421088, -0.030853131278822367]",30.465166916310437,4.123831477248433
"[0.24239983309255478, 1.2077593885226394, -0.6761772020881721, 0.24239983309253663]",47.32521766026413,4.126974641484141
"[-1.0023329485644266, 10.329015729617309, -0.07544346474583893, -1.0023329485644283]",40.81398383211744,4.130117805719848
"[-0.0405950698100785, 3.5432083569608204, -0.3237577629244012, -0.040595069810086246]",41.08078357694073,4.133260969955556
"[-0.6677601668089008, 4.826817237088798, -0.20053517843088747, -0.6677601668089319]",42.60268606879332,4.1395472984269714
"[-1.1304870513513279, -0.2977744387702235, 1.1065838433198403, -1.130487051351343]",45.58494599118759,4.142690462662679
"[-0.10257513614050538, 2.738851998178264, -0.39796490657181627, -0.10257513614051716]",44.85413834163594,4.145833626898386
"[0.3385506328437262, -0.18562603964997282, 1.806807287698989, 0.33855063284373454]",38.24207769018453,4.148976791134094
"[-0.283585677678833, 0.7419156727416469, -0.4233256740031143, -0.283585677678839]",44.0958217285657,4.152119955369802
"[0.1827333292927478, 0.6744607538540399, -0.3252858632349234, 0.18273332929273553]",44.82847813791457,4.155263119605509
"[0.43923659132455584, 2.582994147798904, -0.37716813700528706, 0.43923659132454584]",44.12523565013209,4.158406283841217
"[0.18156308055531556, 3.959153619625905, -0.2905644434423685, 0.18156308055530637]",43.88406938399197,4.161549448076924
"[0.06761343338777491, 4.775139577237188, -0.2504243172011825, 0.067613433387774]",43.75700313624325,4.164692612312632
"[0.011108592252548085, 5.218435954308156, -0.2320840033830737, 0.011108592252517015]",43.68634262078376,4.16783577654834
"[-0.003971084490629324, 5.328237350059922, -0.2278603311202401, -0.003971084490637956]",43.65546593952285,4.170978940784047
"[0.02307859022370706, 5.084734131843267, -0.23741567956899862, 0.023078590223678537]",43.66497558332574,4.174122105019755
"[0.10920560984305404, 4.40252542262248, -0.2678661702423452, 0.10920560984304581]",43.73373168311321,4.177265269255463
"[0.335004417289127, 3.0138054225063597, -0.3499131681491163, 0.33500441728911295]",43.93483402149479,4.18040843349117
"[-0.17786072839622305, 0.27484359181266466, 0.7671914611914346, -0.17786072839622527]",44.33227667336598,4.183551597726877
"[-0.844577784510305, 1.9605623875902582, -0.3082565711097915, -0.8445777845103102]",41.339780098943095,4.186694761962586
"[0.6796677763187412, 1.2288516697015877, -0.4450910718010627, 0.6796677763187348]",41.276006273288154,4.189837926198293
"[-0.7117336839400951, 6.056377371837987, -0.1603454413127116, -0.7117336839401283]",42.787372646404776,4.192981090434
"[-0.659216741480864, 7.383949239353565, -0.13988541481822686, -0.6592167414808984]",40.13977147427162,4.199267418905416
"[0.04495269000279894, 0.5901871189851234, -0.1576997448863943, 0.044952690002795184]",42.654709663294206,4.202410583141123
"[-1.0728640627095924, 0.049376945158597085, 0.832729396233147, -1.0728640627096024]",29.431143796040516,4.208696911612539
"[-0.8193420017302222, 0.5376398056330579, 0.1775160550358162, -0.8193420017302223]",29.218025080252996,4.211840075848246
"[-0.7725593954591481, 0.2566430338442968, 0.9070423107754827, -0.7725593954591715]",30.027223764912762,4.214983240083955
"[-0.747347163385373, 0.3739077666246662, 0.5991508054403113, -0.7473471633853808]",29.891578041999857,4.218126404319662
"[-0.7262350657952025, 0.435347023270944, 0.44424618299704266, -0.726235065795204]",29.871474789357304,4.221269568555369
"[-0.74429517025683, 0.4732886449894213, 0.33705603189884914, -0.7442951702568332]",29.924271056676268,4.224412732791078
"[-0.5074752019473818, -0.02784600211399035, 5.788428654380676, -0.5074752019472984]",29.784598993837022,4.230699061262492
"[0.9737611774739764, 0.1498989396228522, 0.8030813179752243, 0.9737611774739608]",35.730089326314726,4.233842225498201
"[-1.2327113444304065, 0.5001337170073854, 0.3373834978664653, -1.2327113444304132]",35.47745409725739,4.236985389733908
"[-0.558705869562514, 1.6077932246303446, -0.472816626895736, -0.5587058695625166]",34.77635986913684,4.240128553969615
"[-0.2755321838887547, 0.7519025305491803, -0.449539808137871, -0.27553218388875583]",37.83637271692358,4.243271718205324
"[0.7313647072924472, 1.40102268529436, -0.4069859427112298, 0.7313647072924448]",38.68298372329009,4.246414882441031
"[-0.09254978170733358, 3.98777163531305, -0.292044491533401, -0.09254978170735603]",38.411804594929635,4.249558046676738
"[-0.34689898577029615, 8.603376209348166, -0.14049782844825418, -0.34689898577029976]",44.726170669991255,4.262130703619569
"[-0.3383914387093299, 8.49876664188231, -0.14243480227045333, -0.33839143870935084]",44.737991421006825,4.265273867855277
"[-0.29570051347911697, 8.01495694874221, -0.15201498649144152, -0.2957005134791692]",44.76630767155947,4.268417032090984
"[-0.2043845788887623, 7.045015368845258, -0.17427492408172787, -0.20438457888880862]",44.83059047810297,4.271560196326692
"[-0.020976304021600414, 5.336085065557058, -0.2275223496396023, -0.020976304021622042]",44.98751141298213,4.2747033605624
"[0.7233935160096298, 1.6539141688632537, -0.3913730102370322, 0.7233935160096258]",45.514201201757054,4.2778465247981075
"[0.3626209363746498, 1.2875744262184416, -0.6116705332309728, 0.3626209363745862]",44.79376805700992,4.280989689033815
"[-0.9290301945553029, 2.456577988544349, -0.24281659123237234, -0.9290301945553218]",43.51594951986981,4.284132853269523
"[0.9502554769345828, 0.7879609382283953, -0.093958997013997, 0.9502554769345674]",43.2428941328425,4.2872760175052305
"[0.05630906058568348, 3.1757194558053414, -0.35430291573845946, 0.05630906058568338]",41.96053573661377,4.290419181740938
"[-0.5142962058068312, 7.138255505137552, -0.15628019121285386, -0.5142962058068451]",42.11932237264259,4.293562345976646
"[0.5072562779273474, -0.023571328446068306, 6.272334328114738, 0.5072562779307719]",38.04961565762592,4.2967055102123535
"[0.5009338737661946, 0.006831565546252851, 11.97359196405476, 0.5009338737543542]",32.72915210829403,4.299848674448061
"[-0.11985379238554214, 0.7099898864529347, -0.44325405207815416, -0.11985379238554403]",41.15361515713222,4.302991838683769
"[0.3171495051996708, 0.7642037055820055, -0.44635797232208274, 0.31714950519966884]",44.64123336486315,4.3061350029194765
"[-0.9038909752026348, -0.08089299556903462, 1.1819794326580977, -0.9038909752026362]",30.741184500661138,4.309278167155184
"[-0.9623468610232421, 0.03195677243521707, 0.9772667330246437, -0.9623468610232495]",30.762905657929,4.312421331390892
"[-0.9398678978598227, 0.07881101847281272, 0.9559876256079995, -0.9398678978598262]",30.78294972191942,4.3155644956265995
"[-0.8820114741749712, 0.07689821149317824, 1.073131525352411, -0.8820114741749758]",30.82896132876094,4.318707659862307
"[-0.14626763282191946, 4.205790836511162, -0.2774310302399378, -0.14626763282192767]",43.53898814716273,4.331280316805137
"[-0.45828217096641244, 0.5577671429407006, 0.12111583825619514, -0.4582821709664241]",37.11665748378748,4.3344234810408455
"[0.48495943254731977, 0.015913458134898417, 6.630135802663164, 0.484959432547145]",40.12948933438371,4.337566645276553
"[0.33682303796148094, 2.7947238349510064, -0.3711066589364071, 0.3368230379614637]",42.99243443984692,4.34070980951226
"[-0.15325466809687596, 5.871297549354065, -0.2069422172788186, -0.15325466809688548]",42.527494834326994,4.3438529737479685
"[-0.36783648209362846, 7.733480807823263, -0.15391489737317782, -0.36783648209366665]",42.33110341426217,4.346996137983676
"[-0.5105499575214301, 9.077108803388866, -0.12589528515740342, -0.5105499575214547]",42.20575221088748,4.350139302219383
"[-0.6149479672904437, 10.089853777282977, -0.1083246792046893, -0.6149479672904952]",42.1127554013664,4.3532824664550915
"[-0.693858369929309, 10.860147823333188, -0.09641967329492604, -0.6938583699293717]",42.03841212989637,4.356425630690799
"[-0.753889304484195, 11.4404822142796, -0.08807020818428464, -0.7538893044842357]",41.9764626933502,4.359568794926506
"[-0.7990811364001773, 11.866583657996195, -0.08217227467871861, -0.7990811364002627]",41.92358905254035,4.3627119591622145
"[-0.832197980888869, 12.164986726065257, -0.07807882419136078, -0.8321979808891199]",41.87784496627592,4.365855123397922
"[-0.8552805266332544, 12.356527347626916, -0.07537859130314285, -0.8552805266333089]",41.837997990141346,4.368998287633629
"[-0.8699137001428806, 12.458133727415749, -0.07379413196872076, -0.8699137001428902]",41.80321861166026,4.372141451869338
"[-0.8773693161992394, 12.48383456116074, -0.07312991847370852, -0.8773693161992644]",41.77291984821931,4.375284616105045
"[-0.8786882490075897, 12.445376933437682, -0.07324386821286676, -0.8786882490076269]",41.746669611819,4.378427780340752
"[-0.8747316362114744, 12.352640798322119, -0.0740307435060826, -0.8747316362114768]",41.72414014441975,4.38157094457646
"[-0.8662149875781591, 12.213938921367587, -0.07541201334707705, -0.8662149875782347]",41.70507806158621,4.384714108812168
"[-0.8537323841187108, 12.03624823589533, -0.07732943422948871, -0.8537323841187326]",41.689286101527095,4.387857273047875
"[-0.837774587458138, 11.825397503871367, -0.07974088362811611, -0.8377745874581591]",41.67661201911736,4.391000437283583
"[-0.8187429867663134, 11.586222350916824, -0.08261765828500944, -0.8187429867664912]",41.66694177658005,4.39414360151929
"[-0.7969605661147326, 11.322695775531288, -0.08594277316918977, -0.7969605661149184]",41.66019570330904,4.397286765754998
"[-0.7726804983612006, 11.038037905031073, -0.08971001052280748, -0.772680498361237]",41.656326746639316,4.400429929990706
"[-0.7460925493204237, 10.73480585712818, -0.09392361354033497, -0.7460925493204852]",41.65532032105267,4.403573094226413
"[-0.717327603692147, 10.414967430270679, -0.09859855951991922, -0.717327603692221]",41.6571957282079,4.406716258462121
"[-0.6864602786325292, 10.07995916525429, -0.10376145003350687, -0.6864602786326247]",41.66200908521024,4.409859422697829
"[-0.6535091586432203, 9.730725881075616, -0.10945218281619243, -0.6535091586432621]",41.66985809575971,4.413002586933536
"[-0.618434693812654, 9.367745840795084, -0.11572655726693117, -0.6184346938127112]",41.68088914604719,4.4161457511692435
"[-0.581133654267595, 8.991035266109634, -0.12266025813998177, -0.5811336542676356]",41.69530763455805,4.419288915404952
"[-0.5414294098706531, 8.600133446701944, -0.13035475932896137, -0.5414294098706738]",41.71339280261373,4.422432079640659
"[-0.49905548721749055, 8.194056689188969, -0.13894628361295855, -0.49905548721752985]",41.73551953715099,4.4255752438763665
"[-0.45362916779546475, 7.771213191856282, -0.14861956361398246, -0.4536291677954687]",41.762190943866734,4.428718408112074
"[-0.4046098017978892, 7.329268662228092, -0.15962936309545517, -0.4046098017979156]",41.79408776603193,4.431861572347782
"[-0.35122827968651843, 6.86491269293229, -0.17233599541739938, -0.35122827968652004]",41.83214759851102,4.4350047365834895
"[-0.29236549081283725, 6.373478787652083, -0.1872660559325363, -0.29236549081293]",41.877696091083756,4.438147900819197
"[-0.22632773655105315, 5.848291715652291, -0.20522252539191682, -0.22632773655114408]",41.9326769479373,4.441291065054905
"[-0.15039156134680057, 5.279461660304218, -0.2274992247699163, -0.1503915613468292]",42.00008455396483,4.4444342292906125
"[-0.059760393111163136, 4.651449554034766, -0.2563350781668782, -0.05976039311117719]",42.084847568109254,4.44757739352632
"[0.05531915425426876, 3.937367183716208, -0.2959689886626551, 0.05531915425386889]",42.19581444007128,4.450720557762028
"[0.22040324814601467, 3.082024945133511, -0.3550236279780644, 0.22040324814599851]",42.35031181381011,4.4538637219977355
"[0.5531847686442429, 1.9212016535369576, -0.42997306253714357, 0.5531847686442177]",42.559669606586304,4.457006886233443
"[1.008944503935487, 0.0338835256543888, 0.9106670016867495, 1.0089445039354763]",41.96663289602649,4.460150050469151
"[-0.3089485627251206, -0.9396682310029488, 1.2186036338059154, -0.3089485627251358]",40.82193704762834,4.4632932147048585
"[-0.8098041259960893, 3.1925895406221234, -0.24302056151927082, -0.8098041259960981]",44.75051672690742,4.466436378940566
"[0.4464954776404758, 0.03322595344927111, 3.759393470924989, 0.4464954776403407]",39.28554526586664,4.469579543176274
"[-0.8745481615019536, 2.178658975249763, -0.2807798410930558, -0.8745481615019575]",39.54468444345895,4.4727227074119815
"[-0.05280948814993184, 0.538136178103486, -0.020661610207558412, -0.05280948814993948]",39.72882415783337,4.475865871647689
"[0.5064774321138049, -0.019381545231491114, 6.906703962338582, 0.5064774321143998]",35.23237169895291,4.479009035883397
"[0.5191335289157833, -0.011851189289131977, 6.564133602416021, 0.519133528917868]",34.75478605287878,4.4821522001191045
"[-0.8557806146474567, 2.30605784201491, -0.28055691814593053, -0.8557806146474788]",40.60426148957069,4.485295364354812
"[-0.08978664862747426, -0.8941549045891438, 0.9816590809276541, -0.08978664862747535]",43.34574066864754,4.488438528590519
"[-0.7870706358034035, 2.71056730616899, -0.27812114313967495, -0.7870706358034099]",45.81228340766009,4.4915816928262275
"[-0.2303698056428338, 1.1165925154826517, -0.7044096623665632, -0.23036980564284892]",43.84204839746108,4.494724857061935
"[-0.48783516414338074, 0.5532057286146106, 0.14283475924212025, -0.48783516414339]",35.96769299752764,4.497868021297642
"[0.3317449938819475, 0.07146662593941437, 1.936862561752631, 0.33174499388193013]",38.10950886158083,4.501011185533351
"[-0.7474248311901754, 5.392442053070853, -0.1720015956201266, -0.747424831190407]",42.031836144105505,4.504154349769058
"[-0.746473512466422, 2.218057461540759, -0.3291097137502374, -0.7464735124664277]",46.16497151465056,4.510440678240474
"[0.01803629990672979, 4.181029596219576, -0.28150443984252893, 0.018036299906713106]",45.54042910831698,4.513583842476181
"[-0.4237861977134385, 7.5577699339875295, -0.15418125987270415, -0.4237861977134579]",45.20264178097902,4.516727006711888
"[-0.6483439847383305, 9.766289399549654, -0.10943524055992068, -0.6483439847383359]",45.134807483915715,4.519870170947597
"[-0.7784608618877453, 11.25205198327599, -0.08774165327727455, -0.7784608618878797]",45.174372872381966,4.523013335183304
"[-0.8083333471702595, 11.783684114087404, -0.08206914080601696, -0.8083333471703177]",45.29413124113636,4.526156499419011
"[-0.6843901541639946, 10.709992560061858, -0.09827769301836453, -0.6843901541640093]",45.50436951336927,4.52929966365472
"[-0.23189647101125113, 6.508692772844363, -0.18626867213950446, -0.23189647101126007]",45.94217378783106,4.532442827890427
"[1.005339966611976, 0.31619043683002895, 0.5134770598980398, 1.0053399666119749]",42.70734351936533,4.535585992126134
"[-0.9704165969542439, 0.11125421463114125, 0.8639047185662642, -0.9704165969542594]",34.26892472228015,4.54187232059755
"[0.5671372481403862, 1.9367147687322166, -0.42318608168245964, 0.5671372481401344]",47.50640414788229,4.545015484833257
"[-0.44112282780175854, 2.479223550583277, -0.38841661284908835, -0.44112282780177076]",39.97141738033126,4.548158649068966
"[-0.780309573774727, 8.988828307287205, -0.10742919801168192, -0.7803095737747798]",45.42570549029876,4.551301813304673
"[-0.41785819184432776, 0.7552501699076086, -0.36459981472921726, -0.41785819184433426]",44.56974565648014,4.55444497754038
"[-0.8972848956901684, 2.6446343952389966, -0.24516189481144823, -0.8972848956902627]",38.56666594161562,4.560731306011796
"[0.006658876338709362, 2.5222442288610374, -0.4271149089206115, 0.006658876338704395]",41.860717135820714,4.563874470247503
"[-0.16952835718475037, 3.2371230716504518, -0.3444533329004723, -0.16952835718476011]",40.3491428315843,4.567017634483211
"[-0.5028507330874511, -0.012031804134535884, 8.921246890779585, -0.5028507330829226]",33.47651043989296,4.570160798718919
"[-0.7772496921124192, 0.4186307538212526, 0.4559750709403673, -0.7772496921124364]",33.701298312338814,4.576447127190334
"[-0.7845719717856136, 0.34638994526239786, 0.6373998150945915, -0.7845719717856251]",33.723712220407805,4.579590291426042
"[-0.8131586251633586, 0.5511371666961776, 0.15222381477060087, -0.8131586251633866]",32.96419014860652,4.585876619897457
"[-1.0687576790892788, 0.3393018564280823, 0.46091764745101726, -1.0687576790892805]",33.11299275780722,4.589019784133165
"[0.083739235807736, 3.9384289898487768, -0.29536686533811907, 0.08373923580773218]",45.98867031642561,4.592162948368872
"[0.5250641267520259, 0.03196680406646204, 4.776300869259796, 0.5250641267504509]",35.182724041987214,4.59530611260458
"[-0.27450317454285006, 3.4699517531932216, -0.31800532304486845, -0.27450317454296974]",40.46413442467504,4.598449276840288
"[-0.49707738872495005, 0.0012396767759797948, 17.704537641863315, -0.49707738879689833]",45.75293558634641,4.601592441075995
"[-0.40065529472947503, -0.8910105272947868, 1.2213911558465371, -0.400655294729479]",44.08875076613291,4.604735605311703
"[-0.1299130153322637, 4.628018238797832, -0.2559570558950172, -0.12991301533228525]",44.70863122810717,4.607878769547411
"[-0.8924139003867421, 9.695774821159961, -0.09058894987082322, -0.8924139003867796]",43.971352763085314,4.611021933783118
"[-0.8214431819040696, 8.729597154514268, -0.10646703109937328, -0.8214431819041108]",43.786992485470684,4.614165098018826
"[-0.5701271420974908, 6.699833659009501, -0.16076228252102198, -0.5701271420975341]",43.80408395242766,4.617308262254534
"[-0.16163807659202875, 4.172347924092347, -0.27873541039690064, -0.16163807659203094]",44.05421528628273,4.620451426490241
"[0.073266269359004, -0.9343993659824147, 1.0534456939882173, 0.07326626935900145]",43.03465886891501,4.623594590725949
"[0.5145251629849787, 0.9216221478630193, -0.4989882936933434, 0.5145251629849675]",46.48705258575034,4.626737754961656
"[0.004898123777751858, 3.406132061668741, -0.3348604336697047, 0.0048981237777514655]",47.51909709069585,4.629880919197364
"[-0.5192726360455325, 7.155563947426763, -0.15557500806162253, -0.5192726360455636]",47.72489789706934,4.633024083433072
"[-0.4037278783237888, 0.5241772430320931, 0.19783329078734252, -0.4037278783238051]",40.928843987393144,4.636167247668779
"[-0.9046569956518159, 0.7481740030931374, -0.09078502256676076, -0.9046569956518214]",41.34305399520186,4.6393104119044875
"[0.5010935290457339, 0.0051208313137657314, 13.759869963163716, 0.5010935289743818]",38.482356262325204,4.642453576140195
"[0.6147047600589427, 0.6395006198042695, -0.04442174669255818, 0.61470476005894]",40.56738984891754,4.645596740375902
"[-0.4995681403555072, -0.005941751511221292, 12.903917276232077, -0.49956814028115215]",39.30997067056064,4.64873990461161
"[-0.7711286935657254, -0.6709715586312179, 1.2812115392757635, -0.7711286935657289]",47.33605347443038,4.651883068847318
"[-0.578635747530773, 0.8151870145740431, -0.35690512189054424, -0.5786357475307786]",44.94500780053012,4.655026233083025
"[-0.8493603521123947, 6.587611022488111, -0.13250982333700995, -0.8493603521124982]",46.11110292841715,4.658169397318733
"[-0.9467695210152411, 6.8204346996432035, -0.11562794697189929, -0.9467695210153808]",45.9418618324065,4.66131256155444
"[-0.9482416478917128, 6.811646064814482, -0.11554476944243547, -0.9482416478919552]",45.939862021774715,4.664455725790148
"[-0.896225166687537, 6.748613720982332, -0.12365816358584629, -0.8962251666878008]",46.069678969980075,4.667598890025856
"[-0.3459346548637587, 4.3898902644240465, -0.2556256094596204, -0.34593465486376573]",46.542187957646874,4.670742054261563
"[-0.5490814685611115, -0.048627475796797104, 3.651352597072601, -0.5490814685607903]",41.08622563107437,4.67388521849727
"[-0.35978936539905676, 5.526519057963786, -0.20847959567310756, -0.35978936539923384]",48.99339125443755,4.677028382732979
"[-0.39680806512374056, 0.5114649756702703, 0.23299068989779234, -0.39680806512375716]",39.639076601666105,4.680171546968686
"[0.03931073876180457, 3.5756258467602517, -0.3213106429704546, 0.03931073876179689]",48.11268853192899,4.683314711204393
"[0.5043324337139782, 0.012215336289082767, 8.685793926276922, 0.5043324336941851]",38.61753118059441,4.689601039675809
"[0.9167952673497944, 0.4900677219225694, 0.25297478603467344, 0.9167952673497393]",40.8124639819235,4.692744203911516
"[-0.6105853722291068, 2.177632398892923, -0.3796875554691223, -0.6105853722291177]",43.59637605174022,4.695887368147225
"[0.016190492889584636, -0.8970947675724755, 0.9455167961120065, 0.016190492889583893]",49.305315017811324,4.705316860854348
"[0.01836257192649232, 0.5642988516554606, -0.09341205597935442, 0.018362571926486097]",48.954740083122125,4.708460025090055
"[-0.8140967333567082, 9.117629661040874, -0.10308071709751897, -0.8140967333567273]",47.550620925840676,4.711603189325762
"[-0.6821888918823106, 7.653419468234629, -0.13344846204093866, -0.6821888918823423]",47.33704899521362,4.71474635356147
"[0.05897521830595331, 3.1767253359999077, -0.3541577562755487, 0.058975218305935044]",47.7376369735598,4.717889517797178
"[-0.13986371380697554, 1.0039810755035583, -0.769393450314821, -0.13986371380697607]",44.20639327597709,4.721032682032885
"[0.4041272101295266, 0.05355303305292317, 2.7080488438545247, 0.4041272101294835]",40.5157454039413,4.724175846268593
"[0.9902456943129329, 0.16448568454591156, 0.7620505789604081, 0.9902456943129234]",45.18583509601965,4.727319010504301
"[-0.252328987714413, -0.8738693614107571, 1.0872098446151517, -0.2523289877144179]",43.56238195254018,4.730462174740008
"[-0.5139598760443045, -0.819154309616932, 1.2349958581252511, -0.513959876044308]",42.563293115550046,4.736748503211424
"[0.9250747371159894, -0.01189906212275303, 1.0885625562100185, 0.9250747371159602]",43.94375901133569,4.739891667447131
"[0.4044845533079383, 2.031108513118632, -0.45612588697749645, 0.40448455330793076]",44.678397721732985,4.743034831682839
"[0.04666559063134466, 3.1905631016405827, -0.35311692127166233, 0.046665590631330245]",44.46481838493209,4.746177995918547
"[-0.1332881882793599, 4.008844180414491, -0.2895160575723966, -0.13328818827936753]",44.32599067725397,4.749321160154254
"[-0.2592009461316021, 4.675757169419956, -0.24805113418321617, -0.2592009461318479]",44.23434042512567,4.752464324389962
"[-0.3580221935191401, 5.252773867570044, -0.2180936579522994, -0.35802219351946885]",44.17060557319876,4.75560748862567
"[-0.44021248194303464, 5.768744999008069, -0.19499985462787695, -0.44021248194304585]",44.12538498846854,4.758750652861377
"[-0.5109477179265115, 6.239557411545592, -0.17642154895088027, -0.5109477179265127]",44.093469083177354,4.761893817097085
"[-0.5731497910639693, 6.674708192416106, -0.16103334144893147, -0.573149791064003]",44.07167400796523,4.765036981332793
"[-0.6286034225857148, 7.080100878187002, -0.14802555461309158, -0.6286034225857167]",44.05791276506056,4.7681801455685004
"[-0.6784500787742432, 7.45941363783726, -0.13687423406654223, -0.6784500787742743]",44.05074578002259,4.771323309804208
"[-0.7234350995244051, 7.8148367980139675, -0.12722573489701064, -0.7234350995244324]",44.04914131993909,4.774466474039916
"[-0.7640434976511165, 8.14750428282085, -0.11883396628444008, -0.7640434976511294]",44.05233768752159,4.7776096382756235
"[-0.800579211110646, 8.4577551280525, -0.11152423879895122, -0.8005792111106484]",44.05975913370509,4.780752802511331
"[-0.8332146637746558, 8.745305072506465, -0.10517123806057158, -0.8332146637746654]",44.070961944507374,4.783895966747039
"[-0.8620234101473312, 9.009365919771426, -0.099685045905775, -0.8620234101474376]",44.08559861557164,4.7870391309827465
"[-0.8870020911995226, 9.248728122027087, -0.09500208892683704, -0.8870020911995786]",44.10339316668429,4.790182295218454
"[-0.9080867358738318, 9.46182949544461, -0.09107898437653163, -0.9080867358738522]",44.124123949367174,4.793325459454161
"[-0.9251648045436652, 9.646810032773073, -0.08788841084599777, -0.925164804543901]",44.14761129843444,4.7964686236898695
"[-0.9380851448373867, 9.801565736793133, -0.08541623201095784, -0.9380851448378261]",44.17370921876355,4.799611787925577
"[0.5191929467052561, 0.9026224085204306, -0.4825689170761154, 0.5191929467052356]",33.095167338464385,4.802754952161284
"[0.5206195848645272, 0.8962918681308465, -0.4767609217884731, 0.5206195848645091]",33.085518573127764,4.8058981163969925
"[0.521749048956551, 0.8902207299381033, -0.4711551149235412, 0.5217490489564577]",33.076490621318534,4.8090412806327
"[0.5226040264796623, 0.8843982053565118, -0.46574752595664587, 0.5226040264796622]",33.06805714981494,4.812184444868407
"[0.5232058971954153, 0.8788138630509963, -0.46053367209440427, 0.5232058971954061]",33.06019251723265,4.8153276091041155
"[0.5235747972762419, 0.8734576875758463, -0.45550872413905524, 0.5235747972762406]",33.05287191660269,4.818470773339823
"[0.5237296941585577, 0.8683200455893146, -0.45066757239607763, 0.5237296941585265]",33.04607134237673,4.82161393757553
"[0.5236884519418068, 0.8633917275118104, -0.44600495093574155, 0.5236884519418027]",33.03976767385789,4.8247571018112385
"[0.5234678990165726, 0.8586639278700129, -0.4415154937937852, 0.5234678990165702]",33.03393865233332,4.827900266046946
"[0.5230838934303262, 0.8541282757272667, -0.43719382928950806, 0.5230838934303187]",33.02856292883561,4.831043430282653
"[0.5225513831844311, 0.8497767984570705, -0.43303460302947633, 0.5225513831844276]",33.02362000475767,4.8341865945183615
"[0.5218844642436141, 0.8456019305210318, -0.4290325364555229, 0.5218844642436085]",33.01909024689962,4.837329758754069
"[0.5210964341812679, 0.8415965008469595, -0.42518245884838485, 0.5210964341812667]",33.01495485479139,4.840472922989776
"[0.5201998435978425, 0.8377537279692766, -0.42147934128970926, 0.5201998435978022]",33.01119584921917,4.8436160872254845
"[0.5192065441053199, 0.8340672105519652, -0.417918321432892, 0.5192065441053185]",33.00779604969204,4.846759251461192
"[0.5181277281489735, 0.8305309014391161, -0.41449470807860456, 0.5181277281489685]",33.004739028192,4.849902415696899
"[0.5169739741337711, 0.8271391132956001, -0.41120401252519867, 0.5169739741337688]",33.00200911022113,4.8530455799326075
"[0.5157552781848865, 0.8238864878866513, -0.4080419414376573, 0.5157552781848854]",32.999591321502145,4.856188744168315
"[0.5144810904629046, 0.8207679911360526, -0.4050044117192696, 0.5144810904628951]",32.997471371531724,4.859331908404022
"[0.5131603478264403, 0.8177789022103632, -0.4020875570333959, 0.51316034782644]",32.9956356373991,4.8624750726397306
"[0.5118015002765386, 0.8149147939767889, -0.39928772359759096, 0.5118015002765206]",32.99407112904427,4.865618236875438
"[0.5104125407843382, 0.8121715266751943, -0.3966014767993224, 0.5104125407843237]",32.99276546705305,4.868761401111145
"[0.5090010170022897, 0.8095452103588896, -0.3940255753842225, 0.5090010170022848]",32.99170684084654,4.871904565346853
"[0.5075740711219278, 0.8070322267209031, -0.39155700216248557, 0.507574071121922]",32.99088402246485,4.875047729582561
"[0.5061384482847945, 0.8046291923194667, -0.389192935870416, 0.5061384482847907]",32.99028632094691,4.878190893818268
"[0.5047005111873903, 0.8023329409157233, -0.3869307403603809, 0.5047005111873899]",32.989903551234036,4.881334058053976
"[0.5032662762682398, 0.800140541763484, -0.3847679880773152, 0.5032662762682368]",32.98972605236282,4.884477222289684
"[0.5018414036578612, 0.79804924631785, -0.3827024119895824, 0.5018414036578599]",32.989744630999574,4.887620386525391
"[0.5004312289495345, 0.7960565042689886, -0.3807319248855496, 0.5004312289495286]",32.989950564535505,4.890763550761099
"[0.49904077112839934, 0.7941599434938608, -0.37885460231957835, 0.49904077112839407]",32.990335574768324,4.893906714996806
"[0.49767473874392826, 0.7923573511889936, -0.3770686659451683, 0.4976747387439251]",32.99089182439523,4.897049879232514
"[0.4963375544185765, 0.7906466810207209, -0.3753724919967447, 0.49633755441857447]",32.991611889653896,4.900193043468222
"[0.49503334965462764, 0.7890260222154539, -0.37376458152465886, 0.4950333496546258]",32.99248875040975,4.903336207703929
"[0.4937659862829246, 0.7874936051257738, -0.37224356629660565, 0.4937659862829194]",32.9935157821226,4.9064793719396365
"[0.4925390591763131, 0.7860477837649811, -0.3708081914751765, 0.49253905917630575]",32.994686738181954,4.909622536175345
"[0.4913558997613829, 0.7846870215633349, -0.36945730113724223, 0.49135589976137733]",32.99599573384776,4.912765700411052
"[0.4902196006605759, 0.783409902306486, -0.3681898485251316, 0.49021960066055176]",32.99743724563718,4.9159088646467595
"[0.48913300115978536, 0.7822150968763392, -0.3670048622020306, 0.48913300115977804]",32.99900609283477,4.919052028882467
"[0.488098706899928, 0.7811013705308045, -0.365901452284387, 0.4880987068999164]",33.00069742849982,4.922195193118175
"[0.4871191002281023, 0.7800675794210113, -0.36487880584516746, 0.4871191002281019]",33.00250673272944,4.9253383573538825
"[0.4861963295492287, 0.7791126459781398, -0.3639361613298218, 0.4861963295491903]",33.00442980009782,4.92848152158959
"[0.4853323325662917, 0.7782355711362057, -0.3630728194014542, 0.4853323325662886]",33.006462732562994,4.931624685825298
"[0.4845288304592788, 0.7774354165224582, -0.36228812407613215, 0.48452883045926637]",33.0086019309676,4.9347678500610055
"[0.4837873395922948, 0.7767113056098546, -0.3615814626099524, 0.48378733959229325]",33.010844085114286,4.937911014296713
"[0.4831091710767558, 0.7760624132528391, -0.36095225403660475, 0.48310917107675155]",33.01318616871689,4.941054178532421
"[0.4824954422062688, 0.7754879674877228, -0.3603999497671937, 0.4824954422062643]",33.015625430229484,4.9441973427681285
"[0.4819470724160298, 0.7749872371190211, -0.3599240205274698, 0.48194707241602197]",33.01815938999767,4.947340507003836
"[0.4814647987761312, 0.7745595381842066, -0.3595239615937336, 0.4814647987761304]",33.020785820609184,4.950483671239543
"[0.48104916942198017, 0.774204220610078, -0.3591992792485059, 0.4810491694219767]",33.02350276132066,4.9536268354752515
"[0.48070055517028154, 0.7739206720089539, -0.35894949371996765, 0.48070055517027077]",33.02630849160471,4.956769999710959
"[0.4804191512641396, 0.7737083129670196, -0.3587741342001909, 0.48041915126413093]",33.029201535583056,4.959913163946666
"[0.48020498174041243, 0.773566595173475, -0.35867273670857874, 0.48020498174041243]",33.032180654523856,4.9630563281823745
"[0.48005790233738566, 0.773494999124408, -0.35864484203547714, 0.4800579023373848]",33.03524484634619,4.966199492418082
"[0.4799776070220622, 0.7734930342601647, -0.35868999533295315, 0.47997760702202336]",33.03839331966055,4.969342656653789
"[0.4799636289232087, 0.7735602365151271, -0.35880774475624044, 0.479963628923202]",33.04162552308922,4.9724858208894975
"[0.4800153456179018, 0.7736961678434351, -0.3589976406034275, 0.4800153456178961]",33.04494109948667,4.975628985125205
"[0.4801319829940843, 0.7739004177125005, -0.3592592384016046, 0.4801319829940829]",33.0483399252752,4.978772149360912
"[0.4803126175792562, 0.77417259987572, -0.35959209515336404, 0.4803126175792558]",33.051822063064115,4.9819153135966205
"[0.48055618161890123, 0.7745123558720538, -0.35999577475206584, 0.4805561816189001]",33.0553877905047,4.985058477832328
"[0.48086146522728096, 0.7749193533366733, -0.3604698466308173, 0.4808614652272734]",33.05903757471484,4.988201642068035
"[0.4812271205773069, 0.7753932880700262, -0.361013889184145, 0.4812271205773017]",33.06277207768293,4.9913448063037436
"[0.48165166313222874, 0.7759338824528881, -0.36162748895251146, 0.4816516631321801]",33.066592147385336,4.994487970539451
"[0.4821334792986855, 0.7765408924330188, -0.3623102496287717, 0.48213347929867956]",33.07049882660837,4.997631134775158
"[0.48267082431427555, 0.7772141023474362, -0.3630617872432567, 0.4826708243142687]",33.07449333304992,5.000774299010867
"[0.4832618282931733, 0.7779533304952579, -0.363881737593585, 0.4832618282931662]",33.07857706015623,5.003917463246574
"[0.4839044984785392, 0.7787584301607238, -0.3647697584843219, 0.4839044984785366]",33.0827515837776,5.007060627482281
"[0.4845967210284948, 0.779629290362135, -0.3657255316932867, 0.48459672102848744]",33.08701864537888,5.01020379171799
"[0.48533626263742535, 0.7805658366402745, -0.36674876498232667, 0.48533626263741153]",33.09138014997036,5.013346955953697
"[0.48612077857172903, 0.7815680402555264, -0.36783920322347385, 0.48612077857172814]",33.09583818212771,5.016490120189404
"[0.4869478079791928, 0.7826359115729914, -0.36899662217542617, 0.48694780797918163]",33.10039498404489,5.019633284425112
"[0.4878147817822345, 0.7837695096939221, -0.37022083992274946, 0.4878147817822285]",33.105052957516406,5.02277644866082
"[0.4887190170036296, 0.7849689348109651, -0.3715117094794276, 0.4887190170035997]",33.10981465651662,5.025919612896527
"[0.48965772861352963, 0.7862343436934073, -0.372869136278695, 0.4896577286135215]",33.11468280185365,5.029062777132235
"[0.49062802435673464, 0.7875659432191952, -0.37429307181796634, 0.4906280243567306]",33.119660266827076,5.032205941367943
"[0.49162690641744095, 0.7889639928788442, -0.3757835169036087, 0.49162690641744033]",33.124750068889945,5.03534910560365
"[0.49265127849070556, 0.7904288153497355, -0.3773405332969325, 0.4926512784907002]",33.12995539126709,5.038492269839358
"[0.49369793747668617, 0.7919607857181622, -0.378964232447064, 0.4936979374766798]",33.135279551632884,5.041635434075066
"[0.4947635819109654, 0.7935603444804199, -0.38065478937858316, 0.494763581910961]",33.14072602068189,5.044778598310773
"[0.49584481339606756, 0.7952280015817892, -0.38241244675939023, 0.4958448133960606]",33.14629842933827,5.047921762546481
"[0.4969381263491719, 0.7969643223234419, -0.38423749970295873, 0.4969381263491699]",33.15200052715089,5.051064926782189
"[0.4980399227212156, 0.7987699520491165, -0.3861303212325702, 0.4980399227212137]",33.15783623778037,5.054208091017896
"[0.4991465027539206, 0.8006456044452773, -0.38809134913698307, 0.4991465027539167]",33.163809617601174,5.057351255253604
"[0.5002540617299134, 0.8025920579968377, -0.39012108131561885, 0.500254061729911]",33.16992485430134,5.060494419489312
"[0.5013587014516336, 0.8046101788884752, -0.3922200984287603, 0.5013587014516304]",33.17618630554448,5.063637583725019
"[0.5024564177818742, 0.8067009031503507, -0.39438904371461825, 0.5024564177818591]",33.182598455197564,5.066780747960727
"[0.5035431023860703, 0.8088652428578303, -0.3966286277147252, 0.5035431023860544]",33.189165927457374,5.069923912196435
"[0.504614547669534, 0.8111043009691723, -0.3989396415339576, 0.5046145476695294]",33.19589351110382,5.073067076432142
"[0.5056664344400601, 0.8134192519779279, -0.4013229344526021, 0.5056664344400593]",33.202786121283914,5.07621024066785
"[0.5066943341855237, 0.8158113509953925, -0.40377942070449124, 0.5066943341855173]",33.209848809631794,5.079353404903558
"[0.5076937124565568, 0.8182819491496751, -0.4063100922749548, 0.5076937124565524]",33.217086796504056,5.082496569139265
"[0.5086599173665084, 0.8208324751028307, -0.408915996560938, 0.5086599173664936]",33.22450543469565,5.085639733374973
"[0.5095881775811824, 0.8234644365421984, -0.41159823431125203, 0.5095881775811819]",33.23211020940854,5.088782897610681
"[0.5104736046484989, 0.8261794366959267, -0.41435797243672734, 0.5104736046484952]",33.23990676568468,5.091926061846388
"[0.5113111845842802, 0.8289791632402579, -0.417196428226004, 0.511311184584268]",33.24790089565902,5.095069226082096
"[0.5120957721199902, 0.8318653815895833, -0.42011485775835455, 0.5120957721199854]",33.25609851922644,5.098212390317803
"[0.5128220907286262, 0.8348399496294323, -0.42311456558902755, 0.5128220907286206]",33.26450571352194,5.101355554553511
"[0.5134847245002002, 0.8379048058771422, -0.4261968870496581, 0.5134847245001942]",33.27312869155608,5.104498718789219
"[0.5140781137299864, 0.8410619697391748, -0.4293631823691128, 0.5140781137299837]",33.28197380573713,5.107641883024926
"[0.5145965509996242, 0.8443135483321211, -0.4326148368160282, 0.5145965509996224]",33.29104755830273,5.110785047260634
"[0.5150341725582559, 0.8476617170244646, -0.4359532339948169, 0.5150341725582538]",33.30035657197986,5.113928211496342
"[0.51538495610947, 0.8511087407872338, -0.43937976938321505, 0.5153849561094663]",33.30990762173554,5.117071375732049
"[0.5156427110492937, 0.8546569394410083, -0.4428958073116378, 0.5156427110492899]",33.31970757761022,5.120214539967757
"[0.5158010761297396, 0.8583087211586952, -0.4465027052001409, 0.5158010761297296]",33.32976347322226,5.123357704203465
"[0.5158535105993105, 0.8620665472598372, -0.45020176884903146, 0.5158535105993083]",33.34008243041367,5.126500868439172
"[0.5157932893147757, 0.8659329468938102, -0.4539942564504699, 0.5157932893147721]",33.35067169475565,5.1296440326748804
"[0.515613497542858, 0.8699104805546998, -0.4578813314768794, 0.5156134975428563]",33.36153855933516,5.132787196910588
"[0.5153070241033201, 0.8740017852835267, -0.4618640947665186, 0.5153070241033182]",33.37269046725317,5.135930361146295
"[0.5148665577289673, 0.8782095182044097, -0.4659435161333545, 0.5148665577289555]",33.38413488162179,5.139073525382003
"[0.5142845821585861, 0.8825363699958577, -0.47012043352874394, 0.5142845821585725]",33.39587932346211,5.142216689617711
"[0.513553375199572, 0.8869850375541349, -0.47439551150071446, 0.5135533751995709]",33.407931303951635,5.145359853853418
"[0.5126650009655825, 0.8915582481815946, -0.47876924819898387, 0.5126650009655612]",33.420298385839736,5.148503018089126
"[0.5116113150643525, 0.8962587074266082, -0.48324190776312165, 0.511611315064352]",33.43298805060659,5.151646182324833
"[0.5103839658021743, 0.9010890930257563, -0.487813496177183, 0.5103839658021725]",33.446007694303155,5.154789346560541
"[-0.9373156472235996, 9.801756731361888, -0.08548893977424568, -0.9373156472239939]",44.536400386628564,5.157932510796249
"[-0.9281021093270807, 9.688426531024746, -0.08726982700121522, -0.9281021093272374]",44.52160939848635,5.161075675031956
"[-0.916476216225741, 9.55759087807864, -0.0894601156386265, -0.9164762162257549]",44.50839660943552,5.164218839267663
"[-0.9025453166861752, 9.410469941336839, -0.09205785661468306, -0.9025453166861765]",44.49679984747629,5.167362003503372
"[-0.8864037193235998, 9.248187130371113, -0.0950649205400005, -0.8864037193236066]",44.48686522944731,5.170505167739079
"[-0.8681310189826487, 9.071758827275684, -0.09848735798933242, -0.8681310189827023]",44.47864811876186,5.173648331974786
"[-0.8477905289999187, 8.882087548028467, -0.10233585208831182, -0.8477905290000027]",44.47221474222025,5.176791496210495
"[-0.8254274457489027, 8.679954750842837, -0.10662634911645161, -0.8254274457489278]",44.467644205259234,5.179934660446202
"[-0.8010661630144744, 8.466008853550903, -0.11138100550119606, -0.8010661630144804]",44.46503093890089,5.183077824681909
"[-0.7747079883739976, 8.240760527015203, -0.11662924971810053, -0.7747079883740676]",44.46448812835442,5.186220988917617
"[-0.7463272210906313, 8.00456800454737, -0.12240940809612114, -0.7463272210906675]",44.46615179940799,5.189364153153325
"[-0.7158664073620038, 7.757621871331111, -0.1287708298065572, -0.7158664073620404]",44.47018627721306,5.192507317389032
"[-0.6832303014569825, 7.499927429437008, -0.13577672728365311, -0.6832303014569847]",44.4767913094455,5.19565048162474
"[-0.6482769389262764, 7.231275472257294, -0.1435082588777798, -0.6482769389263063]",44.486211580688156,5.198793645860448
"[-0.6108058501993037, 6.951207635382676, -0.15207015156051115, -0.6108058501993294]",44.49874958585376,5.201936810096155
"[-0.5705403074609156, 6.65896128509674, -0.16159901321977516, -0.5705403074609336]",44.51478366449352,5.205079974331863
"[-0.5271017385072229, 6.353395256680815, -0.17227552565936965, -0.5271017385072262]",44.53479362201216,5.208223138567571
"[-0.47997001006971307, 6.03287604119553, -0.18434323839976433, -0.47997001006971696]",44.55939858620094,5.211366302803278
"[-0.4284200844597269, 5.695104363893548, -0.19813840808076913, -0.4284200844597437]",44.58941482082081,5.214509467038986
"[-0.3714169176996769, 5.336847328432398, -0.2141390933110008, -0.3714169176997687]",44.62594703183744,5.217652631274694
"[-0.3074258518587822, 4.9534802308114925, -0.23305105794596823, -0.30742585185892696]",44.6705415710531,5.220795795510401
"[-0.2340476590535571, 4.538188453414462, -0.25596558860271, -0.2340476590535879]",44.72545511831509,5.223938959746109
"[-0.1472278756358421, 4.080416381058571, -0.2846709791957807, -0.14722787563584921]",44.79415739050725,5.227082123981817
"[-0.039257009566454316, 3.5624786253260456, -0.322305532553832, -0.03925700956646862]",44.88231126460969,5.230225288217524
"[0.10768823487015143, 2.9505542810812835, -0.37465016303651905, 0.10768823487014285]",44.9994470530345,5.233368452453232
"[0.3536159699871811, 2.1614449677423124, -0.44715326025973606, 0.35361596998717537]",45.153168328680316,5.23651161668894
"[0.9862489730358759, 0.8992194149918572, -0.13425570013845525, 0.9862489730358749]",44.94582083376859,5.239654780924647
"[0.3600761355138349, 0.8819880618359335, -0.5835004898500531, 0.3600761355138315]",45.94460700944514,5.242797945160355
"[-0.20927792932683748, -0.9430852289172446, 1.1526915258784889, -0.20927792932685335]",43.25781507188595,5.245941109396063
"[-0.8787581702738944, 3.078811969754729, -0.22923247894149995, -0.8787581702739022]",46.06341502901179,5.24908427363177
"[-0.7937007710670154, 3.2607164247850764, -0.24364147151323817, -0.7937007710670171]",46.91578085300881,5.252227437867478
"[-1.0549973094049512, -0.3952638763470448, 1.176395758248129, -1.0549973094049785]",44.12781286922707,5.255370602103185
"[0.3174118194989975, 0.8864150564542679, -0.6203964725922696, 0.31741181949899416]",47.1171703319426,5.2585137663388934
"[0.9855244856072908, 0.1549051820598712, 0.7815608221814062, 0.9855244856072878]",45.713822417065394,5.261656930574601
"[-0.4043196482257421, 1.6279725546184314, -0.5261795330440562, -0.40431964822574756]",46.213065190039586,5.264800094810308
"[-0.01960268968013802, 1.4837912156828592, -0.6298135858996413, -0.0196026896801384]",49.39566595393198,5.2679432590460165
"[-0.9066426266354289, 2.7628412958413278, -0.23580163157425751, -0.9066426266354295]",44.716590139980056,5.271086423281724
"[-0.8491593094074552, 0.7423466577022138, -0.11743279670344874, -0.8491593094074604]",50.87377780756516,5.274229587517431
"[0.26902460816064644, 2.4218756167639794, -0.42376812106630796, 0.2690246081606371]",48.4401379510711,5.2773727517531395
"[-0.4155737635034662, 5.708695991475098, -0.19870282818407073, -0.41557376350348996]",47.97083052095533,5.280515915988847
"[-0.6807286123666241, 7.6406237741180725, -0.13377956693690185, -0.6807286123666427]",47.903900212344176,5.283659080224554
"[-0.8173673408392833, 8.879291197164859, -0.10524689270396606, -0.8173673408393606]",47.970274179703516,5.2868022444602625
"[-0.8117527942382633, 9.107961355044253, -0.10339000478340193, -0.8117527942384082]",48.132536723770116,5.28994540869597
"[-0.5767085282051685, 7.554652276286732, -0.1439323241489893, -0.576708528205194]",48.411020323756,5.293088572931677
"[0.9600536932287076, 1.024815349010226, -0.20460408319896523, 0.9600536932285565]",49.11415781191033,5.2962317371673855
"[-0.7738019867886363, 1.9755015012301176, -0.3389771201783991, -0.7738019867886649]",46.60250897100122,5.3025180656388
"[0.9669587345629362, 0.007251838328498248, 0.9967374762459517, 0.9669587345628644]",49.44900381588372,5.3056612298745085
"[-0.331183296577705, 0.023523838398166606, 2.081175030002984, -0.33118329657774187]",50.023401645703295,5.308804394110216
"[-0.021131781161194935, 0.6634523152630931, -0.3502352452756828, -0.021131781161199948]",42.12248086570684,5.311947558345923
"[-0.8485785287250744, 5.969843358935844, -0.14406182176820215, -0.8485785287250859]",47.85452248626517,5.318233886817339
"[-0.09021046749373927, 2.6750844896673276, -0.40599541634534075, -0.0902104674937472]",48.05869395637485,5.321377051053046
"[-0.07834649963309832, 1.4581328704044216, -0.6343611125958626, -0.07834649963310147]",49.42257247492366,5.340236036467292
"[-0.32119490748537227, 3.4112302743756056, -0.31810678867159936, -0.3211949074853786]",47.948852938478026,5.343379200703
"[-0.8644328704910604, 6.592078869566746, -0.13044110973226303, -0.8644328704912192]",48.13773624023118,5.346522364938708
"[0.33589734652166225, 0.8299893912653863, -0.5426163764940526, 0.3358973465216607]",50.72795165703847,5.352808693410123
"[-0.8405819363990651, 3.1341635171728974, -0.23759458945879947, -0.8405819363990817]",51.99460998186418,5.355951857645831
"[-0.1458798742346201, 4.707227012677128, -0.251716366194797, -0.1458798742346498]",48.809904178082085,5.362238186117246
"[-0.8058855321725619, 9.082234636857814, -0.10418003628555786, -0.8058855321726283]",48.17783166109424,5.365381350352954
"[-0.7518135546175492, 8.240586485670184, -0.11877896344078999, -0.7518135546175608]",47.951455777301,5.368524514588661
"[-0.26684990063365394, 4.791033100586096, -0.2424307339125201, -0.2668499006336739]",48.0952989942051,5.371667678824369
"[-0.06731325810762173, -0.8941104663188035, 0.9653782628266379, -0.06731325810762454]",47.51436453799405,5.374810843060077
"[0.3769798645503085, 0.047584655702275276, 2.425134757378503, 0.37697986455027765]",41.075040970747764,5.377954007295784
"[0.9467828741247455, 0.0846862591802745, 0.9364138527449644, 0.9467828741247444]",45.74908521777874,5.381097171531492
"[0.08042384051115825, 0.8118592581683237, -0.7030817964750021, 0.08042384051115818]",45.00896708755236,5.384240335767199
"[-0.012906428015864295, -0.9567440588008123, 1.0914927057949926, -0.012906428015880237]",43.615498859005726,5.387383500002907
"[0.44568650697626644, 1.9370306710632836, -0.46031352862721864, 0.4456865069762573]",45.253880620374844,5.390526664238615
"[-0.1079716117690982, 3.9006963313218415, -0.2971598219628369, -0.10797161176910072]",44.90249006190665,5.393669828474322
"[-0.3531893402249969, 5.252061090586344, -0.21845867255281728, -0.35318934022506276]",44.726130826690024,5.3968129927100295
"[-0.5313463051489803, 6.421169425632608, -0.17031005852418366, -0.5313463051490215]",44.634090273814266,5.399956156945738
"[-0.676750341438445, 7.502053779556517, -0.13633939164501527, -0.676750341438489]",44.59582800139934,5.403099321181445
"[-0.79635482868281, 8.498872793010506, -0.11144599621097097, -0.7963548286828342]",44.603076160297704,5.4062424854171525
"[-0.8818669877780924, 9.32565933672334, -0.09479667324340543, -0.881866987778103]",44.65799484699241,5.409385649652861
"[-0.903534750632227, 9.726480187705917, -0.08929835007821971, -0.9035347506323499]",44.77220641686291,5.412528813888568
"[-0.7867431364450215, 9.070353761450853, -0.10600031439679487, -0.7867431364450336]",44.97527053738472,5.4156719781242755
"[-0.29125039531958735, 5.634514990319602, -0.20904773611704688, -0.29125039531973135]",45.41783028453469,5.418815142359983
"[0.502032764126697, -0.0041481547563185246, 14.666208257974663, 0.5020327641455731]",38.06506691528084,5.421958306595691
"[-1.1030726011791017, -0.4063312424146533, 1.1884535795324667, -1.1030726011791059]",45.02047016133537,5.4251014708313985
"[-0.7894865483085617, 2.3200405386316967, -0.30501372406364247, -0.78948654830857]",47.72067543887333,5.428244635067106
"[0.9930423803520558, 0.9923399495553431, -0.16702568406215798, 0.9930423803520511]",48.341391883320256,5.431387799302813
"[0.5031555051578879, 1.5317724017257437, -0.5078232543890144, 0.5031555051578827]",41.45045051257118,5.437674127774229
"[-0.040251722109005635, 0.8791866872581967, -0.8393216288036441, -0.04025172210900565]",42.23374416334985,5.4439604562456445
"[-0.7520071172641518, -0.7107263098068227, 1.2949912264658974, -0.752007117264154]",45.362998989356726,5.447103620481352
"[-1.037004213581892, -0.03743328097309642, 0.951149490271594, -1.0370042135819117]",34.05044059928969,5.450246784717059
"[-1.0826829609636888, 0.3053254837484916, 0.5045943130915157, -1.082682960963692]",34.03465145531921,5.4533899489527675
"[-0.9512382841052108, 0.48514394045812254, 0.2585239894046277, -0.9512382841052508]",33.964679145952815,5.456533113188475
"[-0.8017114234202931, 0.55546458219868, 0.14442706521694088, -0.8017114234202992]",33.882960552516955,5.459676277424182
"[-0.7885750936277628, 0.2471313106200907, 0.9048776889217548, -0.7885750936277676]",34.76579378931188,5.465962605895598
"[-0.7902539437706164, 0.3203639584316115, 0.7006951681399075, -0.7902539437706293]",34.6924244833455,5.469105770131305
"[-0.783006841970624, 0.3728138541517583, 0.5690008762433393, -0.7830068419707109]",34.66000779763856,5.4722489343670135
"[-0.7806415333384537, 0.41133808441750436, 0.4719884094750939, -0.7806415333384576]",34.65933525164442,5.475392098602721
"[-0.7923050372518816, 0.43881630659714277, 0.39762234446419487, -0.792305037251886]",34.68808022338048,5.478535262838428
"[-0.5004700122837288, -0.0025125347568945087, 19.743792963046026, -0.5004700119971253]",34.37186308206549,5.484821591309844
"[-0.5063914448780588, -0.021972712327196556, 6.5181331052413425, -0.5063914448741457]",34.50886683351588,5.487964755545551
"[-0.5659777281735594, -0.10337919221612579, 2.6857730392795296, -0.5659777281735252]",34.77946672538103,5.491107919781259
"[-1.1078059341263635, -0.2966100289305087, 1.1062094326185292, -1.1078059341263728]",38.720021671863854,5.494251084016967
"[0.6781915339171896, 0.024543637572947186, 2.004882719297973, 0.6781915339171671]",38.632322809473585,5.500537412488382
"[0.11600956733053457, 2.937860941083067, -0.37560856453325775, 0.11600956733053353]",46.58421660630516,5.513110069431213
"[-0.7798499250924139, 8.415789863696224, -0.11398782170292386, -0.7798499250924757]",46.124842629159936,5.51625323366692
"[-0.45022809354673576, -0.2724573888259808, 1.738439455962689, -0.45022809354672566]",41.26615572589308,5.519396397902628
"[-0.6154828815212798, 2.6211522958164464, -0.333917003129258, -0.6154828815213206]",47.99630170440087,5.525682726374043
"[-0.2292912010396452, 0.15864146053141326, 1.2032213113138956, -0.22929120103966436]",48.6478801605125,5.528825890609751
"[-0.9701336644798789, -0.019347322274884934, 1.0178165547467848, -0.9701336644799332]",35.31357847002767,5.531969054845459
"[-0.9772986007521729, 0.10963299476400548, 0.8568748172791564, -0.9772986007521859]",35.3149231134553,5.535112219081166
"[-0.8972609297687866, 0.10843815922791324, 0.9910023485795103, -0.8972609297687938]",35.368073274397794,5.538255383316874
"[0.6233622209728833, -0.06848057711585352, 2.4389707829200478, 0.6233622209729301]",40.20597527320351,5.547684876023997
"[0.09925119433575004, 4.0395051639088315, -0.28868208368706666, 0.0992511943353955]",47.34407500904625,5.550828040259705
"[-0.42524386033763817, 8.237102839152971, -0.1424913206738215, -0.4252438603376645]",46.84339446835758,5.553971204495412
"[-0.6435718965842498, 10.315824381836606, -0.10437518187969005, -0.6435718965842875]",46.63552226902655,5.55711436873112
"[-0.7560922776175875, 11.367168018415532, -0.08844579200601138, -0.7560922776175925]",46.498508716943896,5.560257532966827
"[-0.8025054406649369, 11.726773420771472, -0.08283808124836492, -0.8025054406649594]",46.39878289674432,5.563400697202535
"[-0.8013611836961202, 11.587995928634566, -0.08382913851134016, -0.8013611836962331]",46.32669608640335,5.566543861438243
"[-0.7638552641432707, 11.082850773897269, -0.08999361415042834, -0.7638552641433536]",46.2793091688788,5.56968702567395
"[-0.6966636581619041, 10.300296662127742, -0.10103421691178939, -0.6966636581619093]",46.25686453094011,5.572830189909658
"[-0.6023119703961001, 9.290979117568687, -0.11767114843069926, -0.6023119703961629]",46.26256474024896,5.575973354145366
"[-0.4779698334342326, 8.064603101252342, -0.14226926598316927, -0.4779698334342793]",46.30447074090535,5.579116518381073
"[-0.310307020299373, 6.570921616371106, -0.1813625433651022, -0.3103070202999912]",46.402107503783355,5.582259682616781
"[-0.04930164325082108, 4.611442680066731, -0.2583992157923274, -0.04930164325083085]",46.615465886376604,5.585402846852489
"[1.0851635411996865, 0.7154201660348628, 0.05682463167210553, 1.0851635411996863]",46.79425590073293,5.588546011088196
"[-0.5097540735233447, 1.594075028647081, -0.4949007225284637, -0.5097540735233461]",47.2971818752094,5.591689175323904
"[0.5479830610683648, -0.02017399296608194, 4.229265619616635, 0.5479830610684305]",39.14033786496144,5.594832339559612
"[0.4929920446407819, 0.013280638141594598, 8.054857415804074, 0.4929920446399008]",41.538635491821644,5.597975503795319
"[0.45215544691720216, 1.5656734301936017, -0.5216929649879045, 0.4521554469171998]",43.494544646398396,5.601118668031027
"[-0.8940941592459405, 6.460081290598284, -0.12858243380207812, -0.8940941592461404]",43.32872421662555,5.604261832266735
"[-0.5073589680169772, -0.0047883713930361544, 10.60664628566509, -0.5073589680141165]",38.557537767533404,5.607404996502442
"[-0.3021633325665972, 0.5347647909349681, 0.11203683211108365, -0.3021633325666774]",37.15884064548767,5.613691324973858
"[-0.7736733820972174, 0.7747743648254811, -0.194578542888888, -0.773673382097223]",41.109351917160005,5.616834489209565
"[-0.5794519640064212, 1.618672068958668, -0.46243050899863397, -0.5794519640064225]",41.64485414356672,5.6199776534452734
"[-0.2262548605997503, -0.87494662729171, 1.0671573900759679, -0.2262548605997545]",44.40174821423278,5.623120817680981
"[-0.6963570953218547, 3.1304027305341218, -0.2753100588994476, -0.6963570953218621]",47.307489971858196,5.626263981916688
"[-1.166424600917222, 0.6430946469169604, 0.17160736836889814, -1.1664246009172232]",44.6973545815103,5.629407146152396
"[-0.03710984149091264, -0.9009191869834327, 0.9619007356750925, -0.03710984149091368]",44.76956883465469,5.632550310388104
"[-0.31006380042642856, 1.2290135696302138, -0.6458385507644004, -0.31006380042643394]",45.17460894099434,5.635693474623811
"[-0.921864618077165, 2.552105671430999, -0.24083776205185262, -0.9218646180771657]",41.85302683797702,5.638836638859519
"[0.5561157345529911, -0.019979809348404275, 3.930774980030533, 0.5561157345531765]",35.842824722373024,5.641979803095227
"[0.5143189041374612, -0.010131797190144374, 7.4606331868911795, 0.5143189041399318]",36.034259474459326,5.645122967330934
"[0.5080498732518804, -0.011552200930382955, 8.349513471355529, 0.5080498732569573]",36.27537953392396,5.648266131566642
"[0.5041224524819596, -0.026648664084410797, 5.991933177008814, 0.5041224524835103]",36.60270597488031,5.651409295802349
"[0.44011524062884555, -0.1076969028400906, 2.6820347654746435, 0.44011524062890495]",37.12067545730711,5.654552460038057
"[-0.7805498569692069, 3.6255319184841155, -0.228648795225089, -0.7805498569692418]",41.71758067592544,5.657695624273765
"[-1.0383200637196097, 2.8452836200391474, -0.18478638366441952, -1.0383200637196148]",40.90520347858481,5.660838788509472
"[-0.5839773946553307, 1.4157371986435499, -0.48768545069552116, -0.5839773946553365]",40.8518759982384,5.663981952745179
"[-0.446334818233032, 2.305017839091139, -0.4083443880546048, -0.4463348182330392]",45.67497506061678,5.667125116980888
"[-1.0008920790326667, -0.4159397762124114, 1.192330718967094, -1.0008920790326694]",43.28789081824017,5.670268281216595
"[0.12336127861244627, 0.8669748411972128, -0.760789074576199, 0.12336127861244144]",44.51519615526666,5.673411445452302
"[-0.7700687774756995, 2.5334710544588166, -0.29587605035264536, -0.7700687774757234]",44.99831245000893,5.67655460968801
"[-0.38873921641479714, -0.9093255424510391, 1.2349557378005687, -0.3887392164147973]",42.07995636823772,5.679697773923718
"[-0.017298794076663515, 0.7198033765998355, -0.4952834785090109, -0.017298794076679263]",45.5070802412947,5.682840938159425
"[1.0306416609175897, 0.06930223041014875, 0.8462954835499269, 1.03064166091758]",43.29356709631025,5.685984102395133
"[0.924506235749874, 1.1326119720866343, -0.2586808352940245, 0.9245062357498671]",43.802585354758925,5.689127266630841
"[0.5120228709355957, 2.0264886164865246, -0.4284418019342908, 0.5120228709355911]",43.87345406777193,5.692270430866548
"[0.31600897096801456, 2.669459140364356, -0.38739018003440084, 0.3160089709679925]",43.7629292826645,5.695413595102256
"[0.19412856938707426, 3.1940043390021873, -0.34673272901592234, 0.19412856938706044]",43.665318099886385,5.698556759337964
"[0.10426751990416534, 3.6491024218892405, -0.3144928326847049, 0.10426751990397234]",43.58644192990258,5.701699923573671
"[0.03212625157556952, 4.057075930592454, -0.28876768062100094, 0.032126251575549464]",43.521862607628414,5.704843087809379
"[-0.028727556870674076, 4.430334314857588, -0.2677312977275854, -0.02872755687067836]",43.467937812803996,5.707986252045087
"[-0.08172936475851261, 4.7766600304005635, -0.2501238451233778, -0.08172936475852893]",43.422149698620395,5.711129416280794
"[-0.128932545701843, 5.101334772555708, -0.23509343537111635, -0.12893254570186324]",43.382755961905495,5.714272580516502
"[-0.17166485727457523, 5.408144960220014, -0.22205165898782395, -0.17166485727459052]",43.348519231209984,5.717415744752209
"[-0.2108365388829529, 5.699920185816132, -0.21058048224985135, -0.21083653888295692]",43.31853486728468,5.720558908987917
"[-0.2470994184414834, 5.9788376643908965, -0.2003749807654246, -0.24709941844152788]",43.29212428365024,5.723702073223625
"[-0.2809371842436364, 6.246616413397312, -0.19120719949421253, -0.2809371842437392]",43.268766227030156,5.726845237459332
"[-0.3127188419515639, 6.504639285163348, -0.18290310390279468, -0.3127188419518556]",43.2480522924403,5.72998840169504
"[-0.3427324080658502, 6.754036102832449, -0.17532733657195498, -0.3427324080658782]",43.22965689393368,5.733131565930748
"[-0.37120685279910487, 6.9957406623329526, -0.1683729224046768, -0.3712068527991482]",43.213316616108116,5.736274730166455
"[-0.3983273228550681, 7.230534643135086, -0.1619540410946915, -0.3983273228550962]",43.198815383422236,5.739417894402163
"[-0.42424527410002405, 7.4590756558861875, -0.15600102645940125, -0.4242452741000343]",43.185974093200656,5.742561058637871
"[-0.4490860977748105, 7.681921519042056, -0.15045665896372779, -0.44908609777481573]",43.17464273132419,5.745704222873578
"[-0.4729545654948383, 7.899547641656337, -0.14527347231836227, -0.47295456549486997]",43.16469456419547,5.7488473871092864
"[-0.49593874805572186, 8.112359180947884, -0.14041176942205794, -0.4959387480557398]",43.156021800078236,5.751990551344994
"[-0.5181131691922429, 8.320702246528532, -0.13583807635246745, -0.5181131691922894]",43.14853213341682,5.755133715580701
"[-0.5395411789315869, 8.524872320565187, -0.13152396703957692, -0.539541178931642]",43.142146080368555,5.7582768798164095
"[-0.5602767702984658, 8.725120689838548, -0.12744515605064854, -0.5602767702984788]",43.13679490195114,5.761420044052117
"[-0.5803659193834857, 8.921658724240885, -0.12358080245382813, -0.5803659193835404]",43.13241896272754,5.764563208287824
"[-0.5998478383921133, 9.114663151213454, -0.11991292007616455, -0.5998478383921604]",43.12896633852795,5.7677063725235325
"[-0.6187558507925826, 9.304279090084822, -0.11642593114183448, -0.6187558507926006]",43.12639174886823,5.77084953675924
"[-0.6371180450765478, 9.490621957821354, -0.11310631450443441, -0.6371180450765831]",43.124655677560256,5.773992700994947
"[-0.654958001189594, 9.673780980636788, -0.10994228347188026, -0.6549580011896027]",43.12372360671687,5.7771358652306555
"[-0.6722951009384992, 9.853819181264445, -0.10692357301392104, -0.67229510093858]",43.12356543983223,5.780279029466363
"[-0.6891449670090193, 10.030775186953981, -0.10404122980863917, -0.689144967009056]",43.124154988596764,5.78342219370207
"[-0.7055198615410061, 10.204665113011908, -0.1012874325335654, -0.705519861541076]",43.125469522276724,5.786565357937778
"[-0.7214287322221407, 10.375481085759558, -0.09865538958067994, -0.7214287322222981]",43.127489450249286,5.789708522173486
"[-0.7368776538193282, 10.543194253070604, -0.09613918442131761, -0.7368776538194173]",43.130197985105596,5.792851686409193
"[-0.7518696596673403, 10.707751498347998, -0.09373373397593728, -0.7518696596674254]",43.1335809145161,5.795994850644901
"[-0.7664051578592359, 10.869078664513584, -0.09143466059821907, -0.7664051578594118]",43.13762637202788,5.799138014880609
"[-0.7804818075751445, 11.027078090173065, -0.08923826016972507, -0.7804818075752202]",43.142324657015244,5.802281179116316
"[-0.7940946443520805, 11.18162899005628, -0.08714143638595703, -0.7940946443521237]",43.147668085740854,5.805424343352024
"[-0.8072360754967312, 11.332586524635957, -0.0851416614732714, -0.807236075496873]",43.1536508565832,5.808567507587732
"[-0.819895876808288, 11.479780976752393, -0.08323694136925223, -0.819895876808438]",43.16026895036822,5.811710671823439
"[-0.8320611376934245, 11.623016414037332, -0.08142579282016188, -0.8320611376934248]",43.16752002743344,5.814853836059147
"[-0.8437162885770481, 11.762070397970149, -0.07970721189447853, -0.8437162885772973]",43.17540337563026,5.817997000294855
"[-0.8548429399027935, 11.896691546861419, -0.07808067385261395, -0.8548429399028237]",43.18391982377313,5.821140164530562
"[-0.8654199003541001, 12.026599291124278, -0.07654610945314773, -0.865419900354152]",43.193071748396434,5.82428332876627
"[-0.8754229778830157, 12.151481081683889, -0.07510391598391705, -0.8754229778833473]",43.20286300297539,5.827426493001978
"[-0.8848249022681463, 12.270991110018493, -0.07375495316028037, -0.8848249022681802]",43.213298915909434,5.830569657237685
"[-0.893595167176239, 12.384748102249294, -0.07250055353955484, -0.8935951671763356]",43.224386282012574,5.833712821473393
"[-0.9016999346780311, 12.492333998866258, -0.07134252690739212, -0.9016999346783798]",43.23613344330955,5.836855985709101
"[-0.909101760903474, 12.59329038536693, -0.07028319335759918, -0.9091017609036571]",43.24855022031981,5.839999149944808
"[-0.9157594551330231, 12.687116720525243, -0.0693254007817323, -0.9157594551332717]",43.261648019529105,5.843142314180516
"[-0.9216278398764647, 12.773267359383652, -0.06847256056530164, -0.9216278398766187]",43.27543986741055,5.846285478416224
"[-0.9266575684911802, 12.851149580532933, -0.06772867944751668, -0.9266575684912943]",43.28994063342109,5.849428642651931
"[-0.9307947333639485, 12.920118646624383, -0.06709842745839417, -0.9307947333641885]",43.30516689246999,5.852571806887639
"[-0.9339806924283525, 12.979476402284401, -0.066587180267842, -0.9339806924285372]",43.32113737599228,5.855714971123347
"[-0.9361516487974579, 13.028466334852371, -0.06620110593898801, -0.9361516487976335]",43.337872952364144,5.858858135359054
"[-0.9372383045723558, 13.066270147419258, -0.06594725033376822, -0.9372383045727205]",43.35539695666574,5.862001299594762
"[-0.9371654264117877, 13.092003420810922, -0.06583364744071213, -0.9371654264118563]",43.37373550567791,5.865144463830469
"[-0.9358513524135224, 13.104710790094037, -0.06586945391792492, -0.9358513524136899]",43.392917829509614,5.868287628066177
"[-0.9332074061802411, 13.103360761726268, -0.06606511438058747, -0.9332074061805217]",43.41297689557441,5.871430792301885
"[-0.9291372340207862, 13.086839575143562, -0.06643256516580731, -0.9291372340208457]",43.43394984309897,5.874573956537592
"[-0.9235359827938644, 13.053944430900435, -0.06698548917685017, -0.9235359827938968]",43.45587888542369,5.8777171207733
"[-0.9162893520643738, 13.00337566491142, -0.06773963232914854, -0.9162893520644688]",43.47881219407447,5.880860285009008
"[-0.9072722779155504, 12.933726481284944, -0.06871322048398237, -0.9072722779155935]",43.50280544408234,5.884003449244715
"[-0.8963476091666696, 12.843472812080464, -0.069927459905261, -0.8963476091667365]",43.52792296673035,5.887146613480423
"[-0.8833639654623869, 12.730957432384399, -0.07140723620351358, -0.8833639654625328]",43.554240412513565,5.890289777716131
"[-0.8681533482631497, 12.594372710205821, -0.07318199267115941, -0.8681533482631948]",43.581847293981426,5.893432941951838
"[-0.8505279068781736, 12.431737886564852, -0.07528691153244955, -0.8505279068783027]",43.61085069796115,5.8965761061875455
"[-0.8302754880650726, 12.240868102272495, -0.07776453084359336, -0.8302754880650947]",43.64138047981914,5.899719270423254
"[-0.8071537119752814, 12.019334141602451, -0.08066696137724563, -0.807153711975283]",43.67359615411085,5.902862434658961
"[-0.7808819799588738, 11.764409824006407, -0.08405897963230453, -0.78088197995889]",43.70769629935684,5.9060055988946685
"[-0.7511297295558973, 11.472994908122612, -0.08802253749215147, -0.7511297295559209]",43.743932495790155,5.909148763130376
"[-0.7175000331375517, 11.141511714246064, -0.09266334914587483, -0.7175000331375687]",43.78262896249898,5.912291927366084
"[-0.6795049075895744, 10.765752688419292, -0.09812095860686028, -0.6795049075895946]",43.824212319204044,5.9154350916017915
"[-0.6365279281085648, 10.340658928089596, -0.10458454108594335, -0.6365279281087082]",43.86925713382353,5.918578255837499
"[-0.587764705750485, 9.85998199153902, -0.11231884954028855, -0.5877647057505322]",43.91855904387482,5.921721420073206
"[-0.5321230449614164, 9.315742852453898, -0.12170909717694715, -0.5321230449614979]",43.97325806439896,5.9248645843089145
"[-0.46804769015129527, 8.697348521897112, -0.13334311179287353, -0.4680476901513365]",44.03505623403116,5.928007748544622
"[-0.39318129982879135, 7.990000620073844, -0.14817504296534956, -0.3931812998288353]",44.1066363409045,5.931150912780329
"[-0.30364022619126746, 7.171622641855446, -0.16788606253726354, -0.3036402261912942]",44.19254270918609,5.9342940770160375
"[-0.19220252369825677, 6.206102659677756, -0.19580111452365223, -0.19220252369827426]",44.30130070957834,5.937437241251745
"[-0.042496383017049846, 5.025189810036067, -0.2397572997472379, -0.042496383017061955]",44.45162792567474,5.940580405487452
"[0.20123718417658623, 3.4585473698797076, -0.32430344524559795, 0.20123718417657022]",44.69719078901299,5.94372356972316
"[1.1306030556285775, 0.4934951891248609, 0.28599808333274335, 1.1306030556285485]",44.60561866635294,5.946866733958868
"[-0.49812286537281697, 0.0007638179873148381, 22.178970388020016, -0.4981228656129796]",43.241450841561736,5.950009898194575
"[-1.1829390852307617, 3.9888503919892466, -0.11091827858317181, -1.182939085230781]",42.61696191401955,5.953153062430283
"[-0.7275490050807096, 1.9584234860900782, -0.3601112734602522, -0.7275490050807754]",43.400000185205506,5.956296226665991
"[1.017144856308692, 0.43806779347622765, 0.3269319089776898, 1.017144856308687]",41.189275645706715,5.959439390901698
"[-0.9012563225646351, 6.937827945070822, -0.12013765958277434, -0.9012563225647354]",42.23845155150517,5.962582555137406
"[0.5013525138203809, -0.00614713778676465, 12.551152696222383, 0.5013525138850436]",38.01438727497369,5.965725719373114
"[0.35568270109192013, 2.3637061311664445, -0.4185337394327513, 0.3556827010919144]",46.75218610483058,5.968868883608821
"[-0.8002370873281474, 0.036200741733462216, 1.3663802604826316, -0.8002370873281677]",32.83535681517587,5.98458470478736
"[-0.8538523350303073, 0.04962839773628552, 1.1825689071636043, -0.8538523350303101]",32.801528264521195,5.987727869023067
"[-0.8914421472874652, 0.054021749320970085, 1.0845718366949275, -0.8914421472874703]",32.77840192343193,5.990871033258775
"[-0.9173970688018596, 0.047444922789000664, 1.0385860157071687, -0.917397068801867]",32.763746657961875,5.994014197494483
"[-0.9320517230065106, 0.028076839446159012, 1.0336855080068048, -0.9320517230065325]",32.75536910514624,5.99715736173019
"[-0.9318442369749097, -0.006069790466955, 1.0701117478871685, -0.9318442369749181]",32.750359077397285,6.000300525965898
"[-0.9061228982221043, -0.05672514018828001, 1.1628489311574588, -0.9061228982221545]",32.74274138293592,6.003443690201606
"[-0.8089165746040275, -0.12258785772783179, 1.4221655508175695, -0.8089165746040345]",32.70401173535479,6.006586854437313
"[0.8501766351745821, -0.11232318793655208, 1.3134678200528433, 0.8501766351745766]",45.39601124121766,6.009730018673021
"[-0.3506848316329687, 0.7911283425795717, -0.4721312760586425, -0.3506848316329718]",44.7094728103141,6.012873182908729
"[0.5134476698695689, -0.01869303451036497, 6.493778457981624, 0.513447669871293]",38.49688733707102,6.016016347144436
"[-0.9352811813840537, 6.595660994092202, -0.12056035624200741, -0.9352811813852813]",42.246215856972206,6.019159511380144
"[-0.24272700369151615, 3.141921285331051, -0.34772362904198106, -0.2427270036915327]",43.655795250459754,6.031732168322974
"[-0.7511405901315719, 8.787106822505292, -0.11220728863497256, -0.751140590131581]",43.950320851940184,6.03801849679439
"[-0.6989493314993422, 7.7398145446228455, -0.13060315351475568, -0.6989493314993513]",43.59675095365584,6.041161661030097
"[-1.2223343448157569, 0.4767926147938656, 0.3516940374662092, -1.22233434481576]",45.50537171279531,6.044304825265805
"[0.773651474322876, 1.3401150309830385, -0.3828006301940944, 0.7736514743228728]",49.06878572326402,6.047447989501513
"[-0.36228005555445053, 1.1883607302002928, -0.6311925166666862, -0.362280055554451]",47.52583337623927,6.05059115373722
"[-0.6274489793221434, 5.677098510118574, -0.1796432961686361, -0.6274489793221514]",46.30768391029681,6.053734317972928
"[-0.6095483584245316, 5.638635639298789, -0.18271349732560616, -0.6095483584245791]",45.480991993861664,6.056877482208636
"[-1.0345699115954103, 3.191609977964785, -0.1753038021957698, -1.0345699115954112]",46.36013911745756,6.060020646444343
"[-0.10751113871527047, 0.49931920618320896, 0.09822401905405852, -0.10751113871532346]",46.24765830799224,6.063163810680051
"[0.9833869493025053, 1.0795626895120434, -0.2003625275393284, 0.9833869493025019]",47.513671300618505,6.066306974915759
"[0.11485991702371492, 4.274369564528829, -0.27461886107151, 0.11485991702369297]",47.22389628691398,6.069450139151466
"[-0.10041507824777092, 6.0186852341326285, -0.20355255810914782, -0.1004150782478007]",47.02508918330302,6.072593303387174
"[-0.23376141941938927, 7.320383955568085, -0.16740527538077477, -0.23376141941990536]",46.923385423367925,6.075736467622882
"[-0.33010192192650933, 8.358993099069753, -0.14495719027452086, -0.3301019219265122]",46.866534993901375,6.078879631858589
"[-0.40354741371219677, 9.205351617344192, -0.1296649587841394, -0.40354741371221664]",46.83594696222061,6.082022796094297
"[-0.4603327443168463, 9.89410943484134, -0.11878464930729321, -0.46033274431688437]",46.8227944659384,6.085165960330005
"[-0.5037151280471981, 10.44414523656655, -0.1109485201135172, -0.5037151280472558]",46.82213970246821,6.088309124565712
"[-0.5355933800336299, 10.866664008865774, -0.10539640144072153, -0.5355933800336947]",46.83090502153684,6.09145228880142
"[-0.5571862920418538, 11.169120645443543, -0.10167387041534834, -0.5571862920419186]",46.84701674295593,6.094595453037128
"[-0.5693655232815605, 11.357411543943856, -0.09949516536160023, -0.5693655232815905]",46.86899282740512,6.097738617272835
"[-0.5728369104085765, 11.437203876559336, -0.098674049389822, -0.5728369104086136]",46.89572423732923,6.1008817815085425
"[-0.5682474201240946, 11.414790846257636, -0.09908566396931505, -0.5682474201241419]",46.92634999771206,6.104024945744251
"[-0.5562510602956563, 11.297639376219259, -0.10064364426083534, -0.5562510602957369]",46.960178516484795,6.107168109979958
"[-0.5375517529962875, 11.094736854493664, -0.10328466048767428, -0.5375517529962996]",46.996632094463756,6.1103112742156656
"[-0.5129335380426792, 10.816799147570762, -0.10695603853446846, -0.5129335380426902]",47.03519970069478,6.113454438451374
"[-0.48328674960142465, 10.47640357578496, -0.11160327000385059, -0.48328674960146556]",47.07538717883123,6.116597602687081
"[-0.4496353692940073, 10.088077490301652, -0.11715497973830111, -0.44963536929401626]",47.11665881190377,6.119740766922789
"[-0.4131714193359911, 9.668380437061053, -0.1235028403088754, -0.41317141933600215]",47.15836283049256,6.122883931158497
"[-0.37529754069057614, 9.235967479110531, -0.13047488387910028, -0.3752975406905956]",47.19964003293545,6.126027095394204
"[-0.3376730767049151, 8.811574639176898, -0.13780289316414063, -0.3376730767049302]",47.23932222259683,6.129170259629912
"[-0.3022475237367241, 8.41779740201289, -0.1450898711881007, -0.302247523736801]",47.275843126735744,6.13231342386562
"[-0.2712455188454148, 8.078430487908802, -0.1517933556002888, -0.2712455188456947]",47.30721026031969,6.135456588101327
"[-0.24705102250657757, 7.817106421706418, -0.15725074083298352, -0.24705102250658767]",47.33110727246289,6.138599752337035
"[-0.23193921185844457, 7.655030985045624, -0.16077397264720591, -0.23193921185892288]",47.345190676181964,6.141742916572742
"[-0.22766267099462784, 7.607964499383655, -0.1618141333519228, -0.2276626709948247]",47.34756710108678,6.14488608080845
"[-0.23500359562659584, 7.683066850997701, -0.16014276767056257, -0.2350035956267785]",47.337302251737015,6.148029245044158
"[-0.25348373870159174, 7.876547884661715, -0.15595594878628968, -0.25348373870173363]",47.31471581645212,6.151172409279865
"[-0.28136069841057687, 8.172747393246638, -0.14983767254382047, -0.28136069841102296]",47.28129557954409,6.154315573515572
"[-0.31585437989731807, 8.544428089674684, -0.14261108536232572, -0.3158543798973427]",47.23929414157704,6.157458737751281
"[-0.48031629464781, 6.485217331397526, -0.17289537494249974, -0.48031629464781284]",40.576102340703976,6.176317723165526
"[-0.3973933007356626, 5.860262952266371, -0.1954688190836231, -0.39739330073567175]",40.56394349169279,6.179460887401234
"[-0.21899753049476955, 4.704760352060945, -0.24886384057382152, -0.21899753049480317]",40.618995171429916,6.182604051636941
"[0.3485722755868418, 2.238945525247996, -0.4368220803535689, 0.3485722755868339]",40.95942539341612,6.185747215872649
"[-1.2617640842856626, 0.5226437243515463, 0.3386581242725956, -1.2617640842856663]",40.11603990442948,6.188890380108356
"[-0.9333951803490905, 2.78763849428523, -0.22528687160052663, -0.9333951803491132]",37.14590436614534,6.192033544344064
"[0.33690633212756255, 0.08824098234318888, 1.8998025959752538, 0.3369063321275199]",33.30692301200638,6.195176708579772
"[-0.5226404981720936, -0.05823021048854854, 3.867267697351359, -0.5226404981716011]",32.27975168153338,6.198319872815479
"[-0.7092253275853722, 0.47529911028389965, 0.3457926611781568, -0.7092253275853764]",32.31719534244551,6.204606201286895
"[-0.7137360139595367, 0.41334211560199147, 0.5135808538405975, -0.7137360139595577]",32.30764675875553,6.207749365522602
"[-0.7669626999232825, 0.26063806557072927, 0.9053519870950059, -0.7669626999233011]",32.50909261815116,6.21089252975831
"[-1.0776292348892509, 0.2887698571695127, 0.5277285362020935, -1.0776292348892553]",31.937820455999173,6.214035693994018
"[-0.2810292486106378, 0.104609981036801, 1.5475637035943695, -0.2810292486106812]",49.28862052609139,6.217178858229725
"[-1.2009182549626631, 0.6037581858265085, 0.22795172967527116, -1.2009182549626711]",47.732337057711725,6.220322022465433
"[0.5009710977858138, 9.7049029012621e-5, 31.986747830297663, 0.5009710977296197]",44.51245019000812,6.223465186701141
"[0.2504916917190222, 3.4596553610034895, -0.32074871640287544, 0.2504916917190185]",46.587093522187416,6.226608350936848
"[-0.1259210860288693, 6.40484359574976, -0.192023350715296, -0.12592108602888097]",46.309560453990876,6.229751515172556
"[-0.14325015041622996, 6.636139904717548, -0.18561021950280884, -0.1432501504162314]",46.38777107382351,6.232894679408264
"[0.06871229752146699, 4.796286202905141, -0.24944292862573236, 0.0687122975214612]",46.67559005297764,6.236037843643971
"[0.07821575198029117, 0.8323281482078798, -0.7468640916540378, 0.07821575198029053]",46.889883846440505,6.239181007879679
"[0.4080337945982729, 0.06394162803394804, 2.6649570766065303, 0.4080337945982307]",41.21927763031106,6.242324172115387
"[-0.3518305755861817, 5.16709968548611, -0.22168653113953585, -0.35183057558619873]",43.91199509471842,6.245467336351094
"[0.0721401572895664, 0.4284594751252997, 0.27104042871069534, 0.07214015728955646]",33.46278086528645,6.248610500586802
"[0.48605817224686604, -0.016045515655546645, 6.76476708056578, 0.48605817225200904]",33.88462142005735,6.25175366482251
"[0.49098742163525944, -0.01693857340121764, 7.1316320472894645, 0.49098742163889636]",33.72392517900418,6.254896829058217
"[0.49645579287182934, -0.010888474400000667, 9.275358620514494, 0.4964557928866891]",33.61478978337471,6.258039993293925
"[0.4988171664357155, -0.006618070947131715, 12.141048976522171, 0.4988171664903974]",33.546061282515716,6.261183157529633
"[0.4996126178782414, -0.0046948049907145125, 14.522958742173039, 0.4996126179731064]",33.522143043209944,6.26432632176534
"[0.4998072705302665, -0.004742404906591759, 14.468129890089012, 0.4998072706051757]",33.54891449303931,6.267469486001048
