u,t,theta
"[0.0011974690689926818, 0.8649290451213024, -0.8668737378148172, 0.0012001614393811267]",15.71048229333489,0.0
"[0.001200507660944224, 0.8649262565519267, -0.8668758934610143, 0.001203213734470944]",15.714492488860788,0.003143164235707647
"[0.0012035594558089794, 0.8649234558325576, -0.8668780584889357, 0.0012062793271381386]",15.71850262927792,0.006286328471415294
"[0.0012066244975605597, 0.864920642922403, -0.866880232929977, 0.001209358262013595]",15.722512682938174,0.009429492707122941
"[0.001209702809434986, 0.8649178177996988, -0.8668824168008229, 0.0012124505629003027]",15.726522605394345,0.012572656942830588
"[0.001212794422348553, 0.8649149804356294, -0.8668846101236088, 0.001215556261319688]",15.730532362497199,0.015715821178538234
"[0.0012158993783935779, 0.864912130791118, -0.8668868129284011, 0.0012186754000237281]",15.7345419195949,0.018858985414245882
"[0.0012190177000701852, 0.8649092688450669, -0.8668890252313664, 0.0012218080020864322]",15.738551235151114,0.02200214964995353
"[0.001222149419965963, 0.8649063945671159, -0.8668912470558306, 0.001224954100718758]",15.742560276844134,0.025145313885661175
"[0.0012252945709474322, 0.8649035079266459, -0.8668934784253189, 0.0012281137294154313]",15.746569002912846,0.02828847812136882
"[0.0012284531792941121, 0.8649006088990798, -0.866895719358685, 0.0012312869150574344]",15.750577380973173,0.03143164235707647
"[0.0012316252800503508, 0.8648976974517932, -0.8668979698810015, 0.0012344736933344433]",15.754585371923234,0.03457480659278411
"[0.001234810897938569, 0.8648947735616317, -0.8669002300100203, 0.001237674089570104]",15.758592937754553,0.037717970828491765
"[0.001238010066259367, 0.8648918371975639, -0.8669024997695807, 0.00124088813770942]",15.762600044979902,0.04086113506419941
"[0.0012412228108578803, 0.8648888883353987, -0.8669047791782337, 0.001244115864210837]",15.766606652771177,0.04400429929990706
"[0.00124444915883839, 0.8648859269497855, -0.8669070682554254, 0.001247357296801241]",15.770612725664073,0.047147463535614706
"[0.0012476891461380031, 0.864882953007263, -0.8669093670268706, 0.0012506124720852412]",15.774618230485956,0.05029062777132235
"[0.0012509427941579559, 0.8648799664877089, -0.8669116755079717, 0.001253881412067041]",15.778623126252407,0.05343379200703
"[0.00125421012841528, 0.8648769673672198, -0.8669139937170532, 0.0012571641428892816]",15.782627378298745,0.05657695624273764
"[0.0012574911814918547, 0.8648739556154038, -0.8669163216774541, 0.00126046069779622]",15.786630948647726,0.05972012047844529
"[0.0012607859744224552, 0.8648709312124652, -0.8669186594043212, 0.001263771098434125]",15.790633801677336,0.06286328471415294
"[0.001264094542713273, 0.8648678941253215, -0.866921006923071, 0.001267095380992582]",15.794635902038006,0.06600644894986059
"[0.0012674169016959054, 0.8648648443394052, -0.8669233642448075, 0.0012704335613944245]",15.798637210889888,0.06914961318556823
"[0.001270753082869665, 0.8648617818253053, -0.8669257313921069, 0.0012737856718105277]",15.802637694684172,0.07229277742127588
"[0.0012741031103667454, 0.8648587065603692, -0.8669281083823206, 0.0012771517370128666]",15.806637314927537,0.07543594165698353
"[0.0012774670069793316, 0.8648556185231718, -0.8669304952318502, 0.0012805317804306872]",15.810636038660254,0.07857910589269117
"[0.001280844800395248, 0.8648525176877906, -0.8669328919605723, 0.0012839258304156041]",15.81463382484781,0.08172227012839882
"[0.0012842365139245039, 0.8648494040323181, -0.8669352985852592, 0.0012873339109240455]",15.818630644293822,0.08486543436410646
"[0.0012876421679751705, 0.8648462775375083, -0.866937715120625, 0.0012907560429997545]",15.822626453462922,0.08800859859981412
"[0.0012910617903324475, 0.8648431381773386, -0.8669401415866207, 0.0012941922551027757]",15.826621222967729,0.09115176283552176
"[0.001294495399150068, 0.8648399859346264, -0.8669425779963638, 0.0012976425660184928]",15.830614912838616,0.09429492707122941
"[0.0012979430215562958, 0.8648368207839452, -0.8669450243693417, 0.0013011070035537445]",15.834607491948784,0.09743809130693705
"[0.001301404677390266, 0.8648336427065587, -0.8669474807198713, 0.0013045855881942924]",15.838598921312556,0.1005812555426447
"[0.001304880386398468, 0.8648304516838113, -0.8669499470622046, 0.0013080783403361031]",15.842589163143074,0.10372441977835235
"[0.0013083701742015764, 0.8648272476916519, -0.8669524234147641, 0.001311585286281465]",15.84657818965557,0.10686758401406
"[0.0013118740592810896, 0.8648240307125801, -0.8669549097909074, 0.0013151064451619743]",15.850565960760054,0.11001074824976764
"[0.00131539205651543, 0.8648208007324005, -0.8669574062014367, 0.0013186418324915754]",15.854552440664731,0.11315391248547528
"[0.0013189241962719845, 0.8648175577226941, -0.8669599126681472, 0.0013221914793530706]",15.85853759736817,0.11629707672118293
"[0.001322470493144237, 0.8648143016695203, -0.8669624292016421, 0.0013257554009808267]",15.862521394403828,0.11944024095689058
"[0.001326030965568894, 0.8648110325554083, -0.8669649558152527, 0.0013293336164747322]",15.866503796734946,0.12258340519259824
"[0.001329605631959176, 0.8648077503629037, -0.8669674925222959, 0.0013329261449142801]",15.870484771848199,0.12572656942830587
"[0.0013331945132027071, 0.8648044550722785, -0.8669700393378453, 0.0013365330078691808]",15.874464282287317,0.12886973366401352
"[0.0013367976236789692, 0.8648011466697769, -0.8669725962723578, 0.0013401542203715904]",15.878442298310627,0.13201289789972118
"[0.0013404149834231344, 0.8647978251364467, -0.8669751633403053, 0.0013437898031412403]",15.8824187801609,0.13515606213542883
"[0.0013440466095524317, 0.8647944904560119, -0.8669777405540905, 0.0013474397739683863]",15.886393699939472,0.13829922637113645
"[0.0013476925183791354, 0.8647911426129324, -0.8669803279255459, 0.0013511041498376587]",15.890367018265236,0.1414423906068441
"[0.0013513527258606011, 0.8647877815919914, -0.866982925466254, 0.0013547829473800658]",15.894338705098543,0.14458555484255176
"[0.001355027251238269, 0.864784407374953, -0.866985533190129, 0.0013584761865307459]",15.898308724676113,0.1477287190782594
"[0.0013587161036063547, 0.8647810199528957, -0.8669881511038856, 0.0013621838770292596]",15.902277044177994,0.15087188331396706
"[0.0013624192996544075, 0.8647776193099214, -0.8669907792196295, 0.0013659060362522127]",15.906243631201635,0.15401504754967468
"[0.0013661368567353983, 0.8647742054295187, -0.8669934175499394, 0.0013696426822463654]",15.910208452612155,0.15715821178538233
"[0.0013698687810956502, 0.8647707783053731, -0.8669960660995127, 0.0013733938218979814]",15.914171473175967,0.16030137602109001
"[0.0013736150994262872, 0.8647673379123926, -0.8669987248875575, 0.0013771594826463454]",15.918132663246483,0.16344454025679764
"[0.0013773758163218444, 0.8647638842457726, -0.867001393917602, 0.0013809396697239099]",15.922091988769472,0.1665877044925053
"[0.0013811509461543817, 0.8647604172917283, -0.8670040732001144, 0.001384734398193524]",15.926049417805766,0.1697308687282129
"[0.001384940500152527, 0.8647569370393573, -0.8670067627433335, 0.0013885436799621334]",15.930004917903773,0.1728740329639206
"[0.0013887444901876848, 0.8647534434771651, -0.8670094625559553, 0.0013923675275853047]",15.933958456430407,0.17601719719962824
"[0.001392562929179476, 0.8647499365926906, -0.8670121726474219, 0.0013962059546757414]",15.93791000006233,0.17916036143533587
"[0.0013963958297236114, 0.8647464163737679, -0.867014893026946, 0.001400058974523645]",15.941859519835463,0.18230352567104352
"[0.001400243199006031, 0.8647428828131968, -0.8670176236999023, 0.0014039265949836075]",15.945806986059523,0.18544668990675117
"[0.0014041050454109668, 0.8647393359026729, -0.8670203646725174, 0.0014078088251184072]",15.949752360927613,0.18858985414245882
"[0.0014079813839093828, 0.8647357756278404, -0.8670231159556944, 0.001411705680614896]",15.953695617046096,0.19173301837816648
"[0.0014118722213549801, 0.8647322019817946, -0.8670258775545762, 0.0014156171690031531]",15.957636724718549,0.1948761826138741
"[0.0014157775696275342, 0.8647286149530136, -0.8670286494778735, 0.0014195433028684691]",15.961575649485113,0.19801934684958175
"[0.001419697427948245, 0.8647250145415974, -0.8670314317253156, 0.0014234840820734776]",15.96551236387593,0.2011625110852894
"[0.0014236318105239115, 0.8647214007338808, -0.8670342243072672, 0.0014274395215491153]",15.969446834690906,0.20430567532099703
"[0.0014275807275627658, 0.8647177735198676, -0.8670370272312576, 0.0014314096322090536]",15.973379035787598,0.2074488395567047
"[0.0014315441784905584, 0.8647141328994625, -0.8670398404971636, 0.001435394414130179]",15.977308933201217,0.21059200379241236
"[0.0014355221772295744, 0.8647104788592536, -0.867042664115153, 0.0014393938819655895]",15.981236497346284,0.21373516802812
"[0.001439514722692515, 0.8647068113996111, -0.8670454980847404, 0.0014434080352819713]",15.985161701637299,0.21687833226382763
"[0.001443521825018028, 0.8647031305105924, -0.8670483424134108, 0.001447436884934717]",15.989084512564562,0.22002149649953529
"[0.0014475434896669256, 0.8646994361865489, -0.8670511971053293, 0.001451480437078849]",15.993004904782593,0.22316466073524294
"[0.0014515797158537068, 0.8646957284275667, -0.8670540621602287, 0.0014555386915916539]",15.996922847276203,0.22630782497095056
"[0.0014556305159896575, 0.8646920072216074, -0.8670569375872105, 0.0014596116616225683]",16.000838310704463,0.2294509892066582
"[0.0014596958878531322, 0.864688272570071, -0.8670598233849902, 0.0014636993456103667]",16.004751267120845,0.23259415344236586
"[0.0014637758365457527, 0.8646845244676289, -0.8670627195574829, 0.001467801749359967]",16.008661688550465,0.23573731767807354
"[0.001467870366578371, 0.8646807629094921, -0.8670656261081857, 0.0014719188780844463]",16.012569547068594,0.23888048191378117
"[0.0014719794763308404, 0.8646769878965017, -0.8670685430362441, 0.0014760507308356984]",16.016474812089548,0.24202364614948882
"[0.0014761031679750305, 0.864673199426012, -0.8670714703434977, 0.0014801973104804805]",16.020377459667927,0.24516681038519647
"[0.0014802414485547396, 0.8646693974908994, -0.8670744080352442, 0.0014843586247870171]",16.024277459129653,0.2483099746209041
"[0.0014843943124077813, 0.864665582095712, -0.8670773561077636, 0.0014885346687495697]",16.02817478552339,0.25145313885661175
"[0.0014885617655117107, 0.8646617532343, -0.8670803145656002, 0.0014927254490698983]",16.032069411853136,0.2545963030923194
"[0.0014927438055132526, 0.8646579109081662, -0.8670832834073843, 0.001496930964074724]",16.03596130675908,0.25773946732802705
"[0.001496940425280948, 0.8646540551232013, -0.8670862626283562, 0.0015011512072874776]",16.039850449383415,0.2608826315637347
"[0.0015011516337231634, 0.8646501858705564, -0.8670892522351432, 0.001505386188364788]",16.043736808303613,0.26402579579944235
"[0.0015053774285339518, 0.8646463031516832, -0.8670922522264135, 0.001509635905688213]",16.04762036255298,0.26716896003515
"[0.0015096178028055232, 0.8646424069722606, -0.8670952625975684, 0.0015139003530133695]",16.051501083605636,0.27031212427085766
"[0.0015138727583429172, 0.8646384973299587, -0.8670982833501962, 0.0015181795328610603]",16.05537894477559,0.2734552885065653
"[0.0015181422897879834, 0.8646345742290286, -0.8671013144808006, 0.0015224734405489607]",16.05925392290799,0.2765984527422729
"[0.0015224263995707017, 0.864630637666561, -0.8671043559914157, 0.0015267820792319816]",16.06312598848971,0.27974161697798056
"[0.0015267250724921191, 0.8646266876558453, -0.8671074078715605, 0.0015311054343352646]",16.066995121619346,0.2828847812136882
"[0.0015310383140861533, 0.8646227241911153, -0.8671104701254752, 0.0015354435121398512]",16.070861293346983,0.28602794544939586
"[0.001535366117771613, 0.8646187472777392, -0.8671135427487979, 0.0015397963067414352]",16.074724482901935,0.2891711096851035
"[0.0015397084792218526, 0.8646147569190074, -0.8671166257387705, 0.001544163814508392]",16.07858466630571,0.29231427392081116
"[0.0015440653929281681, 0.8646107531192955, -0.8671197190917954, 0.0015485460306212645]",16.082441813557057,0.2954574381565188
"[0.0015484368486028193, 0.8646067358873701, -0.8671228228008828, 0.0015529429454552539]",16.08629590660233,0.29860060239222647
"[0.0015528228441866131, 0.8646027052244334, -0.8671259368648867, 0.0015573545576647605]",16.0901469197606,0.3017437666279341
"[0.0015572233685458112, 0.8645986611400251, -0.8671290612762178, 0.001561780856778165]",16.093994833110113,0.30488693086364177
"[0.0015616384179740236, 0.8645946036368573, -0.8671321960325626, 0.0015662218397970037]",16.097839615034136,0.30803009509934937
"[0.0015660679897622324, 0.8645905327167237, -0.8671353411323155, 0.0015706775047279106]",16.10168125098782,0.311173259335057
"[0.0015705120710357069, 0.8645864483907577, -0.8671384965666545, 0.0015751478393544122]",16.105519718899938,0.31431642357076467
"[0.0015749706482250214, 0.8645823506707313, -0.867141662326265, 0.0015796328307620606]",16.109354988017976,0.3174595878064724
"[0.001579443714534509, 0.8645782395621876, -0.8671448384066428, 0.0015841324728528758]",16.11318704337043,0.32060275204218003
"[0.001583931259975263, 0.8645741150736042, -0.8671480248010168, 0.0015886467563179464]",16.117015860129744,0.3237459162778876
"[0.0015884332769108358, 0.8645699772112933, -0.8671512215042876, 0.0015931756742176444]",16.120841419639547,0.3268890805135953
"[0.0015929497567280962, 0.8645658259824662, -0.8671544285106622, 0.0015977192186286647]",16.124663695733794,0.3300322447493029
"[0.0015974806887020837, 0.8645616613962693, -0.8671576458128498, 0.001602277379509495]",16.128482672809373,0.3331754089850106
"[0.0016020260583957972, 0.8645574834652617, -0.8671608734009244, 0.0016068501430828962]",16.13229832593738,0.33631857322071823
"[0.0016065858508845442, 0.8645532922024493, -0.867164111264614, 0.0016114374950831432]",16.136110636846645,0.3394617374564258
"[0.001611160059467883, 0.864549087613277, -0.867167359399487, 0.0016160394295201077]",16.139919585850166,0.3426049016921335
"[0.0016157486677268946, 0.8645448697121204, -0.867170617794212, 0.0016206559306279412]",16.143725151652,0.3457480659278412
"[0.0016203516633855716, 0.8645406385095468, -0.8671738864403997, 0.0016252869868104984]",16.14752731281863,0.34889123016354884
"[0.001624969035926765, 0.8645363940145043, -0.867177165330911, 0.0016299325882420147]",16.151326049986565,0.3520343943992565
"[0.001629600767644568, 0.8645321362425481, -0.867180454453502, 0.0016345927178666817]",16.155121348020963,0.3551775586349641
"[0.001634246845635286, 0.8645278652048176, -0.8671837537993398, 0.0016392673634608545]",16.158913185262552,0.35832072287067174
"[0.0016389072562737511, 0.8645235809131144, -0.8671870633590797, 0.0016439565120766292]",16.162701541437986,0.3614638871063794
"[0.001643581980007848, 0.8645192833846869, -0.8671903831191687, 0.0016486601448039103]",16.166486399621576,0.36460705134208704
"[0.0016482710027703297, 0.8645149726317405, -0.8671937130699496, 0.001653378248252511]",16.170267741812506,0.3677502155777947
"[0.001652974310631376, 0.864510648666353, -0.8671970532018628, 0.001658110809171924]",16.174045548230147,0.37089337981350234
"[0.0016576918833916816, 0.8645063115063647, -0.8672004035008972, 0.0016628578080043845]",16.177819804934533,0.37403654404921
"[0.0016624237049644899, 0.8645019611658344, -0.8672037639559631, 0.0016676192293313707]",16.181590489693246,0.37717970828491765
"[0.0016671697585316767, 0.8644975976594914, -0.8672071345554511, 0.0016723950569996014]",16.185357589324003,0.3803228725206253
"[0.0016719300273478834, 0.8644932210019974, -0.8672105152878047, 0.0016771852749301833]",16.189121084337174,0.38346603675633295
"[0.0016767044937649233, 0.8644888312088436, -0.8672139061408265, 0.0016819898661368457]",16.192880957060357,0.38660920099204055
"[0.0016814931306791492, 0.864484428304213, -0.8672173070956042, 0.0016868088041190033]",16.19663719474354,0.3897523652277482
"[0.0016862959266554262, 0.8644800122978823, -0.8672207181443535, 0.0016916420781445526]",16.200389778367523,0.3928955294634559
"[0.0016911128592052476, 0.8644755832097905, -0.8672241392714407, 0.001696489666359067]",16.204138691136716,0.3960386936991635
"[0.001695943916925059, 0.864471141049682, -0.8672275704691051, 0.0017013515580646232]",16.20788392217446,0.39918185793487115
"[0.0017007890650731306, 0.8644666858487614, -0.8672310117130111, 0.001706227719077015]",16.211625452131315,0.4023250221705788
"[0.0017056482855947182, 0.8644622176228874, -0.8672344629906745, 0.0017111181320060768]",16.215363264992106,0.40546818640628646
"[0.0017105215642424531, 0.8644577363844185, -0.8672379242923162, 0.0017160227832945254]",16.219097347556723,0.40861135064199405
"[0.0017154088731737636, 0.8644532421582123, -0.8672413955985012, 0.0017209416457032538]",16.222827687031025,0.41175451487770176
"[0.001720310195354238, 0.864448734959188, -0.8672448768974714, 0.00172587470287164]",16.22655426451933,0.4148976791134094
"[0.0017252255029239097, 0.8644442148122188, -0.8672483681697801, 0.0017308219275441283]",16.23027706944923,0.418040843349117
"[0.0017301547709014937, 0.8644396817395303, -0.8672518693980251, 0.0017357832953628259]",16.233996086554466,0.4211840075848247
"[0.0017350979869976972, 0.8644351357516756, -0.8672553805738197, 0.001740758794745283]",16.237711304346973,0.4243271718205323
"[0.0017400551119057985, 0.8644305768840538, -0.8672589016695874, 0.0017457483869157341]",16.241422706001053,0.42747033605624
"[0.001745026138794561, 0.8644260051421975, -0.867262432680818, 0.0017507520657868635]",16.245130282414426,0.4306135002919476
"[0.0017500110238956891, 0.8644214205656081, -0.8672659735767667, 0.0017557697880923582]",16.248834013084977,0.43375666452765527
"[0.0017550097578438288, 0.8644168231621473, -0.8672695243511241, 0.0017608015451953964]",16.252533893585383,0.43689982876336286
"[0.0017600223051972923, 0.8644122129636591, -0.8672730849790592, 0.0017658473022113433]",16.256229909668132,0.44004299299907057
"[0.0017650486464457172, 0.8644075899873344, -0.8672766554470575, 0.0017709070402924475]",16.2599220479184,0.4431861572347783
"[0.0017700887534440122, 0.8644029542583059, -0.8672802357354708, 0.001775980731899355]",16.263610296451624,0.4463293214704859
"[0.0017751425916773225, 0.8643983058075648, -0.8672838258201265, 0.0017810683430803764]",16.26729464508911,0.4494724857061935
"[0.0017802101452566374, 0.8643936446489711, -0.8672874256900828, 0.001786169858634258]",16.270975079000053,0.4526156499419011
"[0.0017852913801206292, 0.864388970813098, -0.8672910353214891, 0.0017912852450660778]",16.274651590361458,0.45575881417760883
"[0.0017903862736161908, 0.8643842843200263, -0.867294654698599, 0.0017964144803657362]",16.278324168267314,0.4589019784133164
"[0.0017954947964386057, 0.8643795851959551, -0.8672982838009409, 0.001801557535826925]",16.28199280089431,0.46204514264902413
"[0.0018006169123183959, 0.8643748734734898, -0.8673019226030952, 0.0018067143757312036]",16.285657478940433,0.46518830688473173
"[0.001805752599674033, 0.8643701491717249, -0.8673055710900772, 0.0018118849791474447]",16.289318190445908,0.4683314711204394
"[0.0018109018272931502, 0.8643654123186149, -0.8673092292400594, 0.0018170693154483787]",16.292974927472812,0.4714746353561471
"[0.0018160645653384471, 0.8643606629408485, -0.8673128970321918, 0.0018222673553909647]",16.29662768100982,0.4746177995918547
"[0.0018212407846684533, 0.8643559010644751, -0.8673165744461189, 0.0018274790704325616]",16.300276438900728,0.47776096382756233
"[0.0018264304523630728, 0.8643511267190207, -0.8673202614587996, 0.0018327044282257382]",16.30392119450642,0.48090412806326993
"[0.0018316335371793622, 0.8643463399324681, -0.867323958048385, 0.00183794339811133]",16.30756193968456,0.48404729229897764
"[0.0018368500084376585, 0.8643415407322828, -0.8673276641934261, 0.0018431959499969998]",16.311198662599395,0.48719045653468523
"[0.0018420798379738402, 0.8643367291436156, -0.8673313798742609, 0.001848462056323123]",16.314831355084905,0.49033362077039294
"[0.0018473229877377718, 0.8643319052007141, -0.8673351050642032, 0.001853741679575034]",16.318460012545067,0.49347678500610054
"[0.001852579432977735, 0.8643270689255902, -0.8673388397460152, 0.0018590347956284746]",16.32208462519242,0.4966199492418082
"[0.0018578491343526034, 0.8643222203536802, -0.8673425838920932, 0.0018643413656676553]",16.325705184133298,0.4997631134775159
"[0.001863132060344933, 0.8643173595132224, -0.8673463374803918, 0.0018696613587543636]",16.3293216854405,0.5029062777132235
"[0.0018684281766503865, 0.8643124864350193, -0.8673501004868857, 0.001874994741143408]",16.33293411589313,0.5060494419489312
"[0.001873737457390262, 0.8643076011421224, -0.867353872893535, 0.00188034148757405]",16.336542474887562,0.5091926061846388
"[0.0018790598537466788, 0.8643027036786901, -0.8673576546660013, 0.0018857015496837534]",16.340146752111306,0.5123357704203465
"[0.001884395344745005, 0.8642977940632625, -0.8673614457897296, 0.0018910749071492277]",16.343746941899784,0.5154789346560541
"[0.0018897438887643368, 0.864292872333377, -0.8673652462354939, 0.001896461518854071]",16.347343039110918,0.5186220988917617
"[0.0018951054519538162, 0.8642879385194238, -0.8673690559795895, 0.0019018613515060841]",16.350935038396766,0.5217652631274694
"[0.0019004799932107663, 0.8642829926584661, -0.8673728749931572, 0.0019072743645085247]",16.354522929801078,0.524908427363177
"[0.0019058674895954513, 0.8642780347708536, -0.8673767032602455, 0.0019127005355567945]",16.35810671299331,0.5280515915988847
"[0.0019112678953915492, 0.8642730648978978, -0.867380540748716, 0.0019181398194056077]",16.361686381114314,0.5311947558345923
"[0.0019166811718185058, 0.8642680830745282, -0.8673843874313591, 0.0019235921777938127]",16.365261924574554,0.5343379200703
"[0.001922107294388233, 0.8642630893225215, -0.8673882432911215, 0.0019290575868551325]",16.368833344266786,0.5374810843060076
"[0.0019275462133745366, 0.8642580836868831, -0.8673921082930139, 0.001934535997301582]",16.372400634452944,0.5406242485417153
"[0.0019329978952431072, 0.8642530661977171, -0.8673959824135539, 0.0019400273761529874]",16.3759637888281,0.5437674127774229
"[0.0019384623044782481, 0.864248036886953, -0.8673998656278493, 0.0019455316884324277]",16.379522804805475,0.5469105770131306
"[0.0019439393968549994, 0.8642429957945362, -0.8674037579048194, 0.001951048890388839]",16.383077677043676,0.5500537412488382
"[0.0019494291394841303, 0.8642379429499815, -0.8674076592214377, 0.001956578949688462]",16.38662840287397,0.5531969054845458
"[0.0019549314964998218, 0.8642328783855431, -0.8674115695525624, 0.0019621218309981633]",16.390174982255026,0.5563400697202535
"[0.0019604464204028183, 0.864227802144185, -0.8674154888647838, 0.0019676774872642014]",16.393717404489323,0.5594832339559611
"[0.0019659738787092965, 0.8642227142550518, -0.8674194171353617, 0.0019732458865575338]",16.397255672748518,0.5626263981916688
"[0.0019715138250768617, 0.8642176147600454, -0.8674233543317074, 0.001978826982986617]",16.40078978038229,0.5657695624273764
"[0.001977066226382117, 0.8642125036889017, -0.8674273004306254, 0.0019844207439754426]",16.404319727752537,0.5689127266630841
"[0.001982631038120499, 0.8642073810818338, -0.8674312554008312, 0.001990027125480743]",16.407845510580753,0.5720558908987917
"[0.0019882082224669095, 0.8642022469729087, -0.8674352192157866, 0.0019956460901868933]",16.411367129505482,0.5751990551344994
"[0.0019937977343089867, 0.8641971014029024, -0.8674391918437738, 0.002001277593434806]",16.41488457694319,0.578342219370207
"[0.001999399531932247, 0.8641919444094652, -0.8674431732554887, 0.0020069215939868654]",16.41839785418448,0.5814853836059147
"[0.002005013582275453, 0.8641867760222824, -0.8674471634277773, 0.0020125780593224156]",16.421906962256447,0.5846285478416223
"[0.002010639836036382, 0.8641815962859928, -0.8674511623259412, 0.0020182469405555436]",16.425411899800928,0.5877717120773299
"[0.002016278252548859, 0.8641764052372862, -0.8674551699214197, 0.0020239281974996654]",16.428912659450873,0.5909148763130376
"[0.0020219287963952827, 0.8641712029080225, -0.8674591861893809, 0.002029621795255089]",16.432409246054036,0.5940580405487452
"[0.0020275914093580596, 0.8641659893510539, -0.8674632110887878, 0.002035327675946381]",16.435901656939457,0.5972012047844529
"[0.002033266063096079, 0.8641607645917289, -0.8674672445998368, 0.002041045811800559]",16.439389893708434,0.6003443690201605
"[0.00203895270696967, 0.8641555286759264, -0.867471286686875, 0.0020467761525737754]",16.44287395390178,0.6034875332558682
"[0.002044651300545833, 0.8641502816401316, -0.8674753373215028, 0.0020525186583049515]",16.44635383535845,0.6066306974915759
"[0.0020503618028030347, 0.8641450235213725, -0.8674793964749016, 0.0020582732884381174]",16.449829543365983,0.6097738617272835
"[0.0020560841599279577, 0.8641397543684572, -0.8674834641091594, 0.0020640399895243866]",16.453301074978395,0.6129170259629911
"[0.0020618183400317, 0.8641344742100091, -0.8674875402019476, 0.0020698187302069086]",16.45676843138241,0.6160601901986987
"[0.002067564290997335, 0.8641291830932787, -0.8674916247165577, 0.00207560945874178]",16.460231613453477,0.6192033544344064
"[0.002073321966517543, 0.8641238810601701, -0.8674957176204098, 0.0020814121292373625]",16.46369062033669,0.622346518670114
"[0.0020790913279944098, 0.8641185681454897, -0.867499818886404, 0.002087226703569431]",16.467145455970023,0.6254896829058217
"[0.002084872330270541, 0.8641132443900864, -0.8675039284827757, 0.002093053137000951]",16.47059612187336,0.6286328471415293
"[0.002090664923954615, 0.8641079098387103, -0.8675080463747504, 0.002098891380525171]",16.47404261556078,0.631776011377237
"[0.0020964690606768005, 0.8641025645351745, -0.8675121725282774, 0.002104741386162169]",16.47748494223679,0.6349191756129448
"[0.002102284699689352, 0.8640972085162731, -0.8675163069147246, 0.0021106031136119588]",16.480923103078727,0.6380623398486523
"[0.0021081117940829805, 0.8640918418244784, -0.8675204495010779, 0.0021164765163618807]",16.484357101299256,0.6412055040843601
"[0.002113950292276224, 0.8640864645065675, -0.8675246002510008, 0.0021223615431873177]",16.48778693401799,0.6443486683200677
"[0.0021198001564350284, 0.8640810765966588, -0.8675287591379289, 0.0021282581567179538]",16.491212607839305,0.6474918325557752
"[0.0021256613348029306, 0.8640756781416956, -0.8675329261253992, 0.00213416630554762]",16.49463412701994,0.6506349967914828
"[0.002131533776766684, 0.8640702691875717, -0.8675371011777598, 0.0021400859394193968]",16.498051491486763,0.6537781610271906
"[0.0021374174408661335, 0.8640648497717519, -0.8675412842658653, 0.0021460170173003904]",16.50146470356927,0.6569213252628981
"[0.0021433122810749676, 0.8640594199359101, -0.8675454753573225, 0.0021519594935523116]",16.50487376702934,0.6600644894986059
"[0.0021492182432426006, 0.8640539797292056, -0.8675496744139614, 0.002157913314344116]",16.508278689345197,0.6632076537343136
"[0.0021551352833573297, 0.8640485291914617, -0.8675538814048189, 0.0021638784360627403]",16.511679467907584,0.6663508179700212
"[0.0021610633525081142, 0.8640430683670172, -0.8675580962954472, 0.0021698548101533196]",16.515076110390986,0.6694939822057289
"[0.002167002401584064, 0.8640375973003981, -0.8675623190512552, 0.002175842387856526]",16.518468617603386,0.6726371464414365
"[0.002172952378292636, 0.8640321160390635, -0.8675665496353887, 0.0021818411172023194]",16.521856996206886,0.6757803106771441
"[0.002178913241644299, 0.8640266246200635, -0.8675707880190284, 0.002187850957613381]",16.525241248645308,0.6789234749128517
"[0.0021848849369017274, 0.8640211230931156, -0.867575034163579, 0.0021938718546488014]",16.528621379568474,0.6820666391485594
"[0.0021908674241335586, 0.8640156114943002, -0.867579288040971, 0.00219990376879261]",16.531997395468167,0.685209803384267
"[0.0021968606375474685, 0.8640100898835256, -0.8675835496047458, 0.0022059466344511395]",16.535369297551746,0.6883529676199747
"[0.0022028645410633856, 0.8640045582933296, -0.8675878188295703, 0.0022120004159854796]",16.538737093775175,0.6914961318556824
"[0.0022088790805642896, 0.8639990167728706, -0.8675920956772842, 0.002218065059567408]",16.54210078736838,0.69463929609139
"[0.002214904203961777, 0.8639934653694411, -0.8675963801111687, 0.0022241405134106897]",16.545460383623276,0.6977824603270977
"[0.002220939865112825, 0.8639879041248589, -0.8676006720987309, 0.00223022673172091]",16.548815889200924,0.7009256245628053
"[0.0022269860107966897, 0.8639823330874661, -0.8676049716024442, 0.0022363236615634973]",16.55216730786663,0.704068788798513
"[0.00223304259551692, 0.8639767522984904, -0.8676092785902728, 0.0022424312577897306]",16.55551464777236,0.7072119530342206
"[0.002239109563073111, 0.8639711618090262, -0.8676135930225678, 0.002248549464453656]",16.558857911342233,0.7103551172699282
"[0.0022451868607901364, 0.8639655616669226, -0.8676179148621856, 0.0022546782291604003]",16.56219710419922,0.7134982815056359
"[0.002251274445300226, 0.8639599519114555, -0.8676222440786004, 0.002260817508898129]",16.56553223863292,0.7166414457413435
"[0.0022573722626400487, 0.8639543325916675, -0.8676265806337498, 0.0022669672499663765]",16.568863313733495,0.7197846099770512
"[0.00226348025483565, 0.8639487037603005, -0.867630924486717, 0.002273127394615982]",16.57219033925086,0.7229277742127588
"[0.0022695983817628876, 0.8639430654536514, -0.8676352756092783, 0.002279297903096442]",16.5755133229945,0.7260709384484665
"[0.0022757265832554514, 0.8639374177264889, -0.8676396339589555, 0.0022854787154403997]",16.578832269518287,0.7292141026841741
"[0.0022818648113661004, 0.8639317606223256, -0.867643999501958, 0.002291669784000419]",16.582147185169443,0.7323572669198818
"[0.002288013015326834, 0.8639260941872765, -0.867648372202488, 0.0022978710582807166]",16.58545807850861,0.7355004311555894
"[0.0022941711352131564, 0.8639204184758995, -0.8676527520182336, 0.0023040824785460624]",16.58876495672991,0.738643595391297
"[0.0023003391318387628, 0.863914733523642, -0.8676571389216314, 0.002310304005975256]",16.592067826850005,0.7417867596270047
"[0.0023065169401616965, 0.8639090393897857, -0.8676615328667262, 0.0023165355756636064]",16.595366694821447,0.7449299238627123
"[0.0023127045165414455, 0.8639033361138906, -0.867665933822783, 0.002322777144289869]",16.598661571025136,0.74807308809842
"[0.0023189018019087585, 0.8638976237497413, -0.8676703417480915, 0.002329028652966058]",16.60195245851189,0.7512162523341276
"[0.0023251087474740204, 0.86389190234165, -0.8676747566082517, 0.002335290053169639]",16.605239369390294,0.7543594165698353
"[0.0023313253023644095, 0.8638861719358536, -0.8676791783673795, 0.002341561294272967]",16.60852231258771,0.7575025808055429
"[0.0023375514111829893, 0.8638804325827629, -0.8676836069863713, 0.0023478423210807685]",16.61180128994528,0.7606457450412506
"[0.0023437870149534395, 0.8638746843360914, -0.8676880424235764, 0.002354133074782371]",16.615076316325876,0.7637889092769582
"[0.002350032072844559, 0.8638689272328304, -0.8676924846502483, 0.0023604335148690527]",16.61834739886434,0.7669320735126659
"[0.002356286522002246, 0.8638631613302765, -0.8676969336219742, 0.002366743578609967]",16.62161454279484,0.7700752377483735
"[0.0023625503143091787, 0.8638573866721442, -0.8677013893048215, 0.002373063218138189]",16.62487775918727,0.7732184019840811
"[0.002368823389483465, 0.8638516033133672, -0.867705851656204, 0.0023793923733094087]",16.628137052440994,0.7763615662197888
"[0.0023751057018697964, 0.8638458112953981, -0.8677103206439365, 0.002385730998732535]",16.631392439707913,0.7795047304554964
"[0.0023813971904651015, 0.8638400106738429, -0.8677147962249157, 0.0023920790335274812]",16.63464392395695,0.7826478946912041
"[0.0023876978060586164, 0.8638342014934404, -0.8677192783644245, 0.002398436428707745]",16.637891517547448,0.7857910589269118
"[0.002394007493504987, 0.8638283838044037, -0.8677237670235226, 0.002404803129295065]",16.641135226039548,0.7889342231626194
"[0.0024003261989881124, 0.8638225576557255, -0.8677282621642134, 0.00241117908164811]",16.64437505907189,0.792077387398327
"[0.002406653867579765, 0.8638167230974269, -0.867732763747707, 0.002417564230998992]",16.647611031346962,0.7952205516340346
"[0.0024129904489194522, 0.8638108801753218, -0.8677372717384619, 0.0024239585271852862]",16.650843146879186,0.7983637158697423
"[0.002419335880481578, 0.8638050289464457, -0.8677417860922791, 0.0024303619077638205]",16.654071418683337,0.80150688010545
"[0.002425690113308163, 0.8637991694553274, -0.8677463067746112, 0.0024367743239787024]",16.657295852716448,0.8046500443411576
"[0.0024320530948957093, 0.8637933017497682, -0.8677508337483862, 0.0024431957234920527]",16.660516463817533,0.8077932085768653
"[0.0024384247647236006, 0.8637874258849677, -0.8677553669708263, 0.002449626045870879]",16.663733257650943,0.8109363728125729
"[0.002444805074592299, 0.8637815419047674, -0.8677599064079176, 0.0024560652431118097]",16.666946247179098,0.8140795370482805
"[0.002451193965568959, 0.8637756498629106, -0.8677644520180083, 0.0024625132563755583]",16.670155442750747,0.8172227012839881
"[0.0024575913856566636, 0.8637697498067485, -0.8677690037643789, 0.002468970033817877]",16.673360856796418,0.8203658655196959
"[0.002463997275617042, 0.8637638417903155, -0.8677735616051564, 0.0024754355162816375]",16.676562491684972,0.8235090297554035
"[0.0024704115840232543, 0.8637579258604453, -0.8677781255040232, 0.0024819096524892822]",16.679760366142986,0.8266521939911111
"[0.0024768342541453526, 0.8637520020688675, -0.8677826954208868, 0.002488392385806259]",16.68295448615388,0.8297953582268188
"[0.0024832652334188902, 0.8637460704634736, -0.8677872713186162, 0.002494883663797937]",16.686144865112002,0.8329385224625264
"[0.002489704466924287, 0.8637401310943316, -0.8677918531584033, 0.002501383431648174]",16.68933151401676,0.836081686698234
"[0.002496151895883334, 0.8637341840150733, -0.8677964408986921, 0.002507891630641182]",16.69251444423988,0.8392248509339416
"[0.0025026074681241245, 0.8637282292732413, -0.8678010345026251, 0.0025144082087249775]",16.695693663468933,0.8423680151696494
"[0.0025090711273116958, 0.8637222669202222, -0.8678056339303811, 0.0025209331096407443]",16.69886918537256,0.845511179405357
"[0.0025155428193230365, 0.863716297005367, -0.8678102391437104, 0.0025274662793580214]",16.7020410223322,0.8486543436410646
"[0.002522022486788105, 0.8637103195810265, -0.8678148501020506, 0.0025340076605636]",16.705209185122122,0.8517975078767724
"[0.002528510074996606, 0.8637043346971025, -0.8678194667667305, 0.0025405571986245336]",16.70837368209335,0.85494067211248
"[0.0025350055332285385, 0.863698342399819, -0.8678240891019159, 0.002547114842932239]",16.711534527868324,0.8580838363481876
"[0.0025415087956342642, 0.8636923427493644, -0.8678287170610038, 0.002553680527598032]",16.714691732580846,0.8612270005838952
"[0.002548019815516026, 0.8636863357882599, -0.867833350611019, 0.002560254206064837]",16.7178453118298,0.8643701648196029
"[0.002554538534922287, 0.8636803215694167, -0.867837989710975, 0.0025668358204084672]",16.72099527273018,0.8675133290553105
"[0.002561064897777378, 0.8636743001440181, -0.8678426343212181, 0.0025734253145939094]",16.72414163050666,0.8706564932910181
"[0.002567598849223071, 0.8636682715621292, -0.8678472844029594, 0.0025800226338106446]",16.72728439677468,0.8737996575267257
"[0.002574140334408931, 0.8636622358738124, -0.867851939917413, 0.0025866277232515634]",16.73042357884442,0.8769428217624335
"[0.0025806892964540945, 0.8636561931310084, -0.8678566008243461, 0.0025932405260537194]",16.733559195117,0.8800859859981411
"[0.0025872456735204184, 0.863650143390237, -0.8678612670799954, 0.0025998609803438775]",16.736691255320885,0.8832291502338487
"[0.0025938094318804826, 0.8636440866820827, -0.8678659386606028, 0.0026064890526303333]",16.73981977533796,0.8863723144695566
"[0.0026003804899115144, 0.863638023081331, -0.8678706155083192, 0.0026131246610512854]",16.742944761130943,0.8895154787052642
"[0.0026069587996272827, 0.8636319526317336, -0.867875297589234, 0.00261976775770624]",16.746066228712184,0.8926586429409717
"[0.002613544317302547, 0.8636258753731145, -0.8678799848724672, 0.002626418298993446]",16.749184189881174,0.8958018071766793
"[0.0026201369739735692, 0.8636197913685928, -0.8678846773091728, 0.0026330762158187568]",16.75229865933114,0.898944971412387
"[0.0026267367192377654, 0.8636137006641635, -0.8678893748637138, 0.0026397414578272762]",16.75540964763083,0.9020881356480946
"[0.002633343498378475, 0.8636076033098075, -0.8678940774973808, 0.0026464139703030135]",16.75851717104321,0.9052312998838022
"[0.002639957251437974, 0.8636014993603471, -0.8678987851677312, 0.0026530936932310486]",16.76162123737507,0.9083744641195101
"[0.002646577927638746, 0.8635953888621379, -0.8679034978388553, 0.0026597805758635743]",16.76472186300494,0.9115176283552177
"[0.00265320546823126, 0.863589271868897, -0.8679082154691657, 0.002666474559395881]",16.76781906105394,0.9146607925909253
"[0.002659839823605573, 0.8635831484259107, -0.8679129380235798, 0.0026731755942499213]",16.770912844269283,0.9178039568266328
"[0.002666480927131519, 0.8635770185941796, -0.8679176654548963, 0.0026798836136511348]",16.774003224881852,0.9209471210623407
"[0.0026731287371973733, 0.863570882411618, -0.8679223977337213, 0.0026865985760894887]",16.77709021777799,0.9240902852980483
"[0.0026797831846913497, 0.8635647399415266, -0.8679271348110824, 0.002693320412273808]",16.780173835270297,0.9272334495337559
"[0.002686444220759462, 0.863558591228514, -0.8679318766524262, 0.0027000490733684796]",16.78325408935074,0.9303766137694635
"[0.002693111791618212, 0.8635524363217423, -0.8679366232196872, 0.00270678450555535]",16.78633099618769,0.9335197780051712
"[0.002699785840939026, 0.8635462752727275, -0.8679413744729871, 0.0027135266524396916]",16.789404571201533,0.9366629422408788
"[0.002706466314330042, 0.863540108131205, -0.867946130373823, 0.002720275459577117]",16.79247482301233,0.9398061064765864
"[0.0027131531493284977, 0.8635339349543629, -0.8679508908779444, 0.002727030864366041]",16.795541768189853,0.9429492707122942
"[0.0027198462961002504, 0.8635277557877381, -0.8679556559500888, 0.00273379281695657]",16.798605420063762,0.9460924349480018
"[0.002726545698350201, 0.8635215706828353, -0.8679604255503928, 0.002740561260967392]",16.80166579047727,0.9492355991837094
"[0.0027332513043249866, 0.8635153796869736, -0.8679651996422223, 0.0027473361445985995]",16.804722898931118,0.952378763419417
"[0.002739963053478371, 0.8635091828555911, -0.8679699781826827, 0.002754117407164932]",16.807776751695624,0.9555219276551247
"[0.0027466808933435606, 0.8635029802366755, -0.8679747611346288, 0.0027609049961351945]",16.8108273687054,0.9586650918908323
"[0.002753404766307368, 0.8634967718829681, -0.8679795484572486, 0.0027676988537759313]",16.813874762268647,0.9618082561265399
"[0.0027601346261550384, 0.8634905578366927, -0.8679843401178433, 0.0027744989338641148]",16.816918948301385,0.9649514203622477
"[0.0027668704056540553, 0.8634843381594822, -0.8679891360687486, 0.0027813051689359373]",16.819959936756423,0.9680945845979553
"[0.0027736120624508353, 0.8634781128900054, -0.8679939362800103, 0.0027881175166591904]",16.82299774508137,0.9712377488336629
"[0.0027803595267851494, 0.8634718820922399, -0.8679987407021588, 0.002794935907005087]",16.826032386161714,0.9743809130693705
"[0.002787112755494158, 0.8634656458056104, -0.8680035493046601, 0.0028017602968143447]",16.829063874988574,0.9775240773050783
"[0.002793871691388112, 0.8634594040824978, -0.8680083620469901, 0.0028085906287490052]",16.832092227812765,0.9806672415407859
"[0.0028006362756544025, 0.8634531569767875, -0.8680131788874669, 0.002815426843825565]",16.83511745784547,0.9838104057764935
"[0.002807406460867841, 0.8634469045318535, -0.868017999792515, 0.0028222688945632604]",16.838139578690228,0.9869535700122011
"[0.002814182188565531, 0.8634406468012679, -0.8680228247206975, 0.0028291167223214986]",16.841158606233098,0.9900967342479088
"[0.0028209634031375074, 0.8634343838359743, -0.8680276536326055, 0.0028359702713369283]",16.844174553794915,0.9932398984836164
"[0.002827750051429495, 0.8634281156846514, -0.8680324864905772, 0.002842829488323936]",16.847187435547013,0.996383062719324
"[0.00283454207771664, 0.8634218423983577, -0.8680373232551186, 0.00284969431739319]",16.85019726677876,0.9995262269550318
"[0.0028413394341577514, 0.8634155640208783, -0.8680421638923458, 0.002856564710616487]",16.8532040677559,1.0026693911907394
"[0.002848142060865843, 0.8634092806071235, -0.8680470083597965, 0.002863440607888593]",16.856207845599048,1.005812555426447
"[0.0028549499022590473, 0.8634029922080361, -0.8680518566180706, 0.002870321953448157]",16.85920861794088,1.0089557196621546
"[0.0028617629028596632, 0.8633966988744668, -0.8680567086278402, 0.0028772086916343405]",16.86220639803269,1.0120988838978624
"[0.002868581021888172, 0.8633904006436953, -0.8680615643602427, 0.0028841007816374892]",16.865201205413754,1.01524204813357
"[0.0028754041961341543, 0.8633840975737241, -0.8680664237704387, 0.0028909981599706093]",16.868193051755252,1.0183852123692776
"[0.0028822323697090036, 0.8633777897158009, -0.8680712868188003, 0.0028979007705397463]",16.871181953866557,1.0215283766049854
"[0.002889065487063828, 0.8633714771208603, -0.8680761534659401, 0.0029048085575923356]",16.874167923986487,1.024671540840693
"[0.0028959035094066094, 0.8633651598243649, -0.8680810236844023, 0.002911721482308316]",16.877150983976122,1.0278147050764006
"[0.0029027463649072315, 0.8633588378923025, -0.8680858974231985, 0.0029186394724635546]",16.880131138892583,1.0309578693121082
"[0.002909594018701194, 0.8633525113565155, -0.8680907746576662, 0.0029255624931988867]",16.883108412587884,1.0341010335478158
"[0.002916446397599426, 0.8633461802842587, -0.868095655335844, 0.0029324904709051394]",16.88608281570728,1.0372441977835234
"[0.0029233034674691852, 0.8633398447067063, -0.8681005394335869, 0.002939423371454495]",16.889054366402352,1.040387362019231
"[0.002930165166999132, 0.8633335046801522, -0.8681054269073876, 0.002946361133232739]",16.892023078545954,1.0435305262549388
"[0.002937031437845232, 0.8633271602581497, -0.8681103177158521, 0.002953303697623622]",16.894988966408405,1.0466736904906464
"[0.0029439022397480226, 0.8633208114775486, -0.868115211830464, 0.0029602510242897092]",16.897952048005713,1.049816854726354
"[0.002950777511185389, 0.863314458394851, -0.8681201092075603, 0.002967203051389041]",16.90091233915122,1.0529600189620616
"[0.002957657202848281, 0.8633081010552782, -0.8681250098121748, 0.002974159729423549]",16.903869850148897,1.0561031831977694
"[0.0029645412643653814, 0.8633017395050386, -0.8681299136085817, 0.0029811210078160436]",16.90682460432091,1.059246347433477
"[0.002971429638096951, 0.8632953737970622, -0.8681348205558767, 0.002988086828634051]",16.909776611807228,1.0623895116691846
"[0.002978322273291578, 0.8632890039779181, -0.8681397306180584, 0.0029950571409053306]",16.912725889777636,1.0655326759048922
"[0.002985219124634705, 0.8632826300891561, -0.8681446437629978, 0.003002031899150848]",16.915672455217134,1.0686758401406
"[0.002992120136014674, 0.8632762521823085, -0.8681495599508712, 0.003009011046967821]",16.918616319433998,1.0718190043763076
"[0.0029990252490013315, 0.8632698703110578, -0.8681544791402006, 0.0030159945256017302]",16.92155750389194,1.0749621686120152
"[0.0030059344261070407, 0.8632634845097333, -0.8681594013044261, 0.0030229822974749466]",16.92449602321626,1.078105332847723
"[0.0030128476061917504, 0.8632570948345304, -0.8681643264001349, 0.003029974301082455]",16.92743188861293,1.0812484970834306
"[0.003019764743915937, 0.8632507013270465, -0.8681692543951682, 0.0030369704908946174]",16.930365121050503,1.0843916613191382
"[0.0030266857807019357, 0.863244304041119, -0.8681741852479343, 0.003043970807987221]",16.93329573353267,1.0875348255548458
"[0.0030336106745972786, 0.863237903015224, -0.8681791189286833, 0.003050975210246382]",16.93622374499646,1.0906779897905536
"[0.003040539365986395, 0.8632314983041685, -0.8681840553950787, 0.0030579836376873224]",16.939149167260187,1.0938211540262612
"[0.0030474718124558647, 0.863225089946864, -0.8681889946170382, 0.0030649960477199386]",16.942072018757198,1.0969643182619688
"[0.00305440796126171, 0.8632186779917755, -0.868193936557117, 0.0030720123872997073]",16.944992316961834,1.1001074824976764
"[0.003061347754346375, 0.8632122624922864, -0.8681988811740817, 0.0030790325980014337]",16.947910074469657,1.103250646733384
"[0.0030682911522829834, 0.8632058434845611, -0.8682038284399712, 0.003086056640241258]",16.95082530786295,1.1063938109690916
"[0.003075238095103039, 0.8631994210237586, -0.8682087783121861, 0.0030930844536502774]",16.953738035067968,1.1095369752047992
"[0.0030821885510205886, 0.8631929951389887, -0.8682137307682054, 0.0031001160063651345]",16.956648274419493,1.112680139440507
"[0.003089142453394019, 0.8631865658915902, -0.8682186857606705, 0.003107151231255486]",16.959556036973545,1.1158233036762146
"[0.0030960997502700056, 0.863180133329328, -0.8682236432526856, 0.0031141900760447263]",16.962461339552178,1.1189664679119222
"[0.0031030604121985873, 0.8631736974791645, -0.8682286032233888, 0.0031212325112188744]",16.965364201177866,1.1221096321476298
"[0.0031100243772199374, 0.8631672583981262, -0.8682335656287498, 0.0031282784743678943]",16.96826463827384,1.1252527963833376
"[0.0031169915898278918, 0.863160816137277, -0.8682385304293349, 0.003135327909605153]",16.971162664976696,1.1283959606190452
"[0.0031239620148154168, 0.8631543707289165, -0.8682434976001733, 0.003142380781577804]",16.974058297149867,1.1315391248547528
"[0.0031309355964305816, 0.8631479222243457, -0.8682484671016516, 0.003149437034140593]",16.976951553259294,1.1346822890904606
"[0.003137912285042304, 0.8631414706692114, -0.8682534388985158, 0.003156496617336118]",16.979842446705568,1.1378254533261682
"[0.0031448920321104547, 0.8631350161081559, -0.8682584129562875, 0.003163559482305774]",16.982730995441848,1.1409686175618758
"[0.003151874804665637, 0.8631285585714266, -0.8682633892515822, 0.003170625595942665]",16.985617219702014,1.1441117817975834
"[0.003158860540654333, 0.8631220981161722, -0.8682683677402872, 0.003177694895704064]",16.98850113102555,1.1472549460332913
"[0.0031658491905656077, 0.8631156347879472, -0.8682733483872247, 0.0031847673317338646]",16.99138274479257,1.1503981102689989
"[0.003172840708961079, 0.8631091686285447, -0.8682783311601185, 0.003191842858292296]",16.994262080263837,1.1535412745047064
"[0.003179835056835727, 0.8631026996738118, -0.8682833160312746, 0.003198921436145752]",16.997139151858576,1.156684438740414
"[0.0031868321822541013, 0.8630962279715594, -0.8682883029637817, 0.003206003012969907]",17.000013980368223,1.1598276029761219
"[0.0031938320327359305, 0.8630897535701075, -0.8682932919203374, 0.003213087535883546]",17.002886578104317,1.1629707672118295
"[0.0032008345695640765, 0.8630832765050512, -0.8682982828734471, 0.00322017496593007]",17.005756963108936,1.166113931447537
"[0.003207839745893813, 0.8630767968195066, -0.8683032757898211, 0.003227265255922398]",17.008625150894904,1.1692570956832447
"[0.0032148475087711383, 0.8630703145622459, -0.8683082706318134, 0.003234358352484779]",17.01149116139361,1.1724002599189522
"[0.0032218578227226923, 0.8630638297658771, -0.8683132673742345, 0.0032414542199300394]",17.01435500584704,1.1755434241546598
"[0.003228870635293415, 0.8630573424787205, -0.8683182659797901, 0.0032485528053776704]",17.01721670347872,1.1786865883903674
"[0.0032358858996360622, 0.8630508527439131, -0.8683232664151802, 0.003255654061618244]",17.02007627218387,1.1818297526260753
"[0.003242903576619064, 0.8630443605974599, -0.8683282686526022, 0.0032627579492479444]",17.022933728047736,1.1849729168617829
"[0.0032499236113650255, 0.8630378660899363, -0.8683332726530278, 0.0032698644129188926]",17.02578908560588,1.1881160810974905
"[0.0032569459730436836, 0.8630313692496759, -0.8683382783945682, 0.0032769734216215934]",17.028642364275772,1.1912592453331983
"[0.003263970603766164, 0.8630248701300496, -0.8683432858360443, 0.0032840849169497002]",17.031493578483733,1.1944024095689059
"[0.003270997463252278, 0.8630183687681423, -0.8683482949488267, 0.0032911988583178716]",17.0343427448899,1.1975455738046135
"[0.0032780265134151726, 0.863011865199014, -0.8683533057058477, 0.003298315207357061]",17.037189881023874,1.200688738040321
"[0.0032850577060363987, 0.8630053594671022, -0.8683583180728156, 0.003305433915436367]",17.040035006682636,1.2038319022760289
"[0.003292090986112652, 0.8629988516231283, -0.8683633320105995, 0.003312554927050187]",17.042878130747628,1.2069750665117365
"[0.0032991263353772957, 0.862992341683825, -0.8683683475062548, 0.003319678223883426]",17.04571927821543,1.210118230747444
"[0.003306163691627862, 0.8629858297065837, -0.8683733645155145, 0.00332680374313222]",17.04855846254291,1.2132613949831519
"[0.003313203010534689, 0.8629793157322618, -0.868378383006851, 0.003333931440083519]",17.05139569827111,1.2164045592188595
"[0.00332024426417297, 0.862972799786542, -0.8683834029604289, 0.0033410612866309935]",17.054231007837604,1.219547723454567
"[0.003327287401034212, 0.862966281916933, -0.8683884243395988, 0.0033481932307839932]",17.057064402864384,1.2226908876902747
"[0.003334332371127067, 0.862959762169546, -0.8683934471087901, 0.0033553272220826712]",17.059895898895107,1.2258340519259823
"[0.0033413791453952217, 0.8629532405711212, -0.868398471247356, 0.0033624632312622697]",17.062725517487817,1.2289772161616899
"[0.0033484276833604712, 0.8629467171589738, -0.8684034967265049, 0.0033696012174878986]",17.065553276626513,1.2321203803973975
"[0.003355477925671616, 0.8629401919878903, -0.8684085235039859, 0.0033767411208071338]",17.068379185911642,1.2352635446331053
"[0.003362529849827519, 0.8629336650785561, -0.8684135515638214, 0.0033838829185813013]",17.071203269919522,1.2384067088688129
"[0.0033695834110786926, 0.8629271364722518, -0.868418580874168, 0.0033910265656365794]",17.074025541086808,1.2415498731045205
"[0.003376638564176722, 0.8629206062107246, -0.8684236114028254, 0.0033981720162889867]",17.0768460165539,1.244693037340228
"[0.0033836952663755062, 0.86291407433341, -0.8684286431193744, 0.003405319227384131]",17.07966471274775,1.2478362015759359
"[0.0033907534789106714, 0.8629075408760617, -0.8684336759962336, 0.003412468159795987]",17.08248164967774,1.2509793658116435
"[0.003397813171324297, 0.8629010058667486, -0.8684387100117431, 0.003419618782807934]",17.085296842822377,1.254122530047351
"[0.0034048742964675693, 0.8628944693489939, -0.8684437451323389, 0.003426771048793479]",17.088110309122545,1.2572656942830587
"[0.0034119368101005825, 0.8628879313636323, -0.8684487813265295, 0.0034339249130676494]",17.09092206229119,1.2604088585187665
"[0.003419000679760032, 0.8628813919406007, -0.8684538185712195, 0.0034410803428701177]",17.093732123650263,1.263552022754474
"[0.0034260658740977376, 0.8628748511088068, -0.8684588568441068, 0.00344823730656665]",17.09654051048306,1.2666951869901817
"[0.003433132331770841, 0.862868308924932, -0.8684638961014981, 0.0034553957421341796]",17.099347235797115,1.2698383512258895
"[0.003440200036521435, 0.8628617654039213, -0.8684689363318491, 0.0034625556332166]",17.102152318284244,1.272981515461597
"[0.0034472689409961845, 0.8628552205895125, -0.8684739775014383, 0.0034697169319537666]",17.10495577517326,1.2761246796973047
"[0.0034543390057240487, 0.8628486745181493, -0.8684790195821643, 0.0034768795984661035]",17.107757623077458,1.2792678439330123
"[0.003461410195614821, 0.8628421272222238, -0.8684840625490478, 0.0034840435973080663]",17.110557879978014,1.2824110081687201
"[0.003468482477348016, 0.8628355787324925, -0.8684891063783694, 0.0034912088948234566]",17.113356563360746,1.2855541724044277
"[0.003475555817255795, 0.8628290290800377, -0.8684941510461611, 0.003498375457000447]",17.116153689829634,1.2886973366401353
"[0.00348263016314322, 0.8628224783131005, -0.8684991965152398, 0.003505543231051572]",17.118949273110996,1.291840500875843
"[0.0034897054959365016, 0.8628159264492569, -0.8685042427720416, 0.0035127121977436187]",17.121743335471997,1.2949836651115505
"[0.003496781766776704, 0.8628093735336667, -0.8685092897817592, 0.0035198823076608016]",17.124535891033478,1.298126829347258
"[0.0035038589429692885, 0.8628028195965265, -0.8685143375211111, 0.0035270535277613837]",17.127326954529845,1.3012699935829657
"[0.0035109369944455716, 0.8627962646656028, -0.8685193859686883, 0.003534225827661017]",17.13011654800788,1.3044131578186735
"[0.003518015881328793, 0.8627897087777501, -0.8685244350960832, 0.0035413991670329753]",17.13290468526288,1.307556322054381
"[0.0035250955710219726, 0.8627831519630845, -0.86852948488008, 0.0035485735129234053]",17.13569138325205,1.3106994862900887
"[0.0035321760265803015, 0.8627765942557519, -0.8685345352943594, 0.0035557488279688073]",17.138476661437974,1.3138426505257963
"[0.0035392572197182367, 0.8627700356818823, -0.8685395863187775, 0.0035629250835772647]",17.141260536298955,1.3169858147615041
"[0.00354633911553356, 0.8627634762737366, -0.8685446379284691, 0.003570102244448053]",17.144043024117103,1.3201289789972117
"[0.0035534216719352108, 0.8627569160702385, -0.8685496900934393, 0.0035772802679907762]",17.146824140011645,1.3232721432329193
"[0.0035605048623152773, 0.8627503550959741, -0.8685547427947361, 0.0035844591273029975]",17.149603905712667,1.3264153074686271
"[0.0035675886546761293, 0.8627437933805248, -0.8685597960095611, 0.003591638790016568]",17.152382333124258,1.3295584717043347
"[0.003574673017951032, 0.8627372309526133, -0.8685648497157791, 0.0035988192247034595]",17.15515944154409,1.3327016359400423
"[0.003581757907875349, 0.8627306678531904, -0.8685699038818376, 0.003606000386554831]",17.157935251095836,1.33584480017575
"[0.0035888433097822758, 0.8627241040957941, -0.8685749584972975, 0.0036131822607582175]",17.160709775149353,1.3389879644114577
"[0.003595929176143419, 0.8627175397244062, -0.8685800135282749, 0.003620364799189224]",17.163483031004795,1.3421311286471653
"[0.0036030154897854264, 0.8627109747548916, -0.8685850689625395, 0.0036275479844886825]",17.16625503810827,1.345274292882873
"[0.0036101022114604854, 0.8627044092235678, -0.8685901247721122, 0.003634731776918449]",17.16902581248953,1.3484174571185805
"[0.0036171893100562743, 0.86269784315922, -0.8685951809348154, 0.003641916144983278]",17.171795367510065,1.3515606213542881
"[0.0036242767538470283, 0.8626912765912038, -0.8686002374280332, 0.003649101056562759]",17.174563725026587,1.3547037855899957
"[0.0036313645247923513, 0.8626847095361985, -0.8686052942389114, 0.0036562864934070846]",17.177330901396513,1.3578469498257033
"[0.003638452591139868, 0.86267814202359, -0.8686103513448122, 0.0036634724233630127]",17.180096917045557,1.3609901140614111
"[0.0036455409033231303, 0.8626715740992755, -0.8686154087103862, 0.003670658796213042]",17.18286177980284,1.3641332782971187
"[0.0036526294566084695, 0.862665005767612, -0.8686204663322699, 0.0036778456071891803]",17.185625514620703,1.3672764425328263
"[0.0036597182025809943, 0.8626584370734351, -0.8686255241759322, 0.0036850328072343713]",17.188388135030806,1.370419606768534
"[0.003666807127717841, 0.8626518680292528, -0.868630582231736, 0.0036922203826643]",17.19114966117605,1.3735627710042417
"[0.0036738962046738892, 0.8626452986603823, -0.8686356404801809, 0.003699408305778082]",17.19391010893626,1.3767059352399493
"[0.0036809853901659377, 0.8626387290069143, -0.8686406988903933, 0.0037065965327107877]",17.196669491587816,1.379849099475657
"[0.003688074677597674, 0.8626321590749443, -0.868645757457675, 0.003713785056793814]",17.199427835431756,1.3829922637113647
"[0.003695164023771897, 0.8626255889044899, -0.8686508161512101, 0.003720973834242983]",17.202185147191237,1.3861354279470723
"[0.0037022534100281924, 0.8626190185128315, -0.8686558749576904, 0.003728162846151432]",17.20494144841445,1.38927859218278
"[0.0037093428127887235, 0.8626124479218097, -0.868660933860297, 0.0037353520686234172]",17.207696760972553,1.3924217564184875
"[0.0037164322025890974, 0.8626058771587234, -0.8686659928380098, 0.003742541471791044]",17.210451094602305,1.3955649206541954
"[0.0037235215491783005, 0.8625993062516032, -0.8686710518692456, 0.003749731024985409]",17.21320447035436,1.398708084889903
"[0.003730610841695272, 0.8625927352105107, -0.8686761109462573, 0.003756920717199104]",17.215956906480894,1.4018512491256105
"[0.0037377000333483406, 0.8625861640788145, -0.868681170035655, 0.003764110500982592]",17.218708415519693,1.4049944133613184
"[0.0037447891190188127, 0.8625795928612572, -0.8686862291337876, 0.003771300371147238]",17.221459019276978,1.408137577597026
"[0.0037518780689007295, 0.8625730215854681, -0.8686912882193847, 0.003778490297464631]",17.22420873307483,1.4112807418327336
"[0.0037589668589458163, 0.8625664502737413, -0.8686963472752839, 0.0037856802555429887]",17.2269575736417,1.4144239060684412
"[0.0037660554636211, 0.8625598789497507, -0.8687014062832614, 0.003792870219481922]",17.229705558356514,1.4175670703041487
"[0.0037731438667149885, 0.8625533076285304, -0.8687064652317461, 0.003800060172833328]",17.23245270414993,1.4207102345398563
"[0.003780232043276133, 0.8625467363332194, -0.8687115241029273, 0.003807250090282046]",17.235199030198306,1.423853398775564
"[0.0037873199621414615, 0.8625401650927176, -0.8687165828745598, 0.0038144399402090163]",17.237944550559227,1.4269965630112718
"[0.0037944076192241694, 0.8625335939108253, -0.8687216415437229, 0.0038216297184585158]",17.24068928712686,1.4301397272469794
"[0.0038014949894893233, 0.8625270228107651, -0.8687267000925435, 0.003828819399623555]",17.243433254576015,1.433282891482687
"[0.00380858203747278, 0.8625204518254324, -0.8687317584957038, 0.0038360089477142375]",17.24617646804714,1.4364260557183945
"[0.003815668752683958, 0.8625138809645707, -0.8687368167457087, 0.0038431983520725624]",17.248918946016246,1.4395692199541024
"[0.00382275511315576, 0.8625073102485651, -0.868741874826872, 0.0038503875903960535]",17.251660705911224,1.44271238418981
"[0.0038298411014581345, 0.8625007396935966, -0.8687469327267446, 0.003857576644982999]",17.254401766253466,1.4458555484255176
"[0.00383692669607027, 0.8624941693196415, -0.8687519904299564, 0.003864765493979307]",17.25714214300276,1.4489987126612252
"[0.003844011886981075, 0.8624875991360047, -0.8687570479293523, 0.0038719541272064315]",17.259881854162202,1.452141876896933
"[0.0038510966419096344, 0.8624810291726444, -0.8687621052018794, 0.00387914251188892]",17.262620913666556,1.4552850411326406
"[0.0038581809459549633, 0.862474459443404, -0.8687671622368902, 0.0038863306328825687]",17.265359341805286,1.4584282053683482
"[0.003865264801513846, 0.8624678899460867, -0.868772219036085, 0.003893518492593605]",17.268097158112486,1.461571369604056
"[0.0038723481620770695, 0.8624613207238522, -0.8687772755662513, 0.0039007060438023965]",17.27083437411303,1.4647145338397636
"[0.0038794310263267407, 0.8624547517779525, -0.8687823318264352, 0.003907893285142144]",17.273571012671052,1.4678576980754712
"[0.003886513381645491, 0.8624481831201192, -0.8687873878076167, 0.003915080203779461]",17.2763070889503,1.4710008623111788
"[0.0038935951964863516, 0.8624416147796431, -0.8687924434872611, 0.003922266767669779]",17.27904261491139,1.4741440265468864
"[0.003900676468723815, 0.8624350467585282, -0.868797498863837, 0.003929452974622867]",17.281777612856345,1.477287190782594
"[0.0039077571790824385, 0.8624284790746874, -0.8688025539235682, 0.003936638805043413]",17.28451210371492,1.4804303550183016
"[0.003914837319830053, 0.8624219117353267, -0.8688076086609198, 0.003943824251049309]",17.287246099444378,1.4835735192540094
"[0.003921916864052813, 0.8624153447654475, -0.8688126630566609, 0.003951009285289688]",17.289979614463512,1.486716683489717
"[0.00392899580583257, 0.8624087781705768, -0.8688177171065505, 0.003958193901720124]",17.292712671177366,1.4898598477254246
"[0.003936074132826396, 0.8624022119622023, -0.8688227708017588, 0.003965378087774734]",17.295445289120767,1.4930030119611322
"[0.003943151827408516, 0.8623956461567146, -0.8688278241296847, 0.003972561825524104]",17.298177478714173,1.49614617619684
"[0.003950228877537255, 0.8623890807653242, -0.8688328770817129, 0.003979745102704918]",17.30090925943442,1.4992893404325476
"[0.003957305277196634, 0.8623825157936539, -0.8688379296535297, 0.0039869279131689115]",17.30364064978289,1.5024325046682552
"[0.003964381007774301, 0.862375951259013, -0.868842981831827, 0.003994110237980877]",17.306371667071325,1.5055756689039628
"[0.003971456065586483, 0.8623693871648624, -0.868848033613956, 0.004001292073357678]",17.309102328817286,1.5087188331396706
"[0.003978530436048687, 0.8623628235247769, -0.8688530849894835, 0.004008473404450033]",17.311832650949587,1.5118619973753782
"[0.003985604105472139, 0.8623562603515024, -0.8688581359486152, 0.004015654217316367]",17.31456265003472,1.5150051616110858
"[0.003992677070448694, 0.862349697648246, -0.8688631864888977, 0.004022834508450504]",17.317292347608266,1.5181483258467936
"[0.003999749309370044, 0.8623431354351039, -0.8688682365948805, 0.004030014255868661]",17.320021753322955,1.5212914900825012
"[0.004006820825509737, 0.8623365737090861, -0.8688732862688806, 0.004037193462845907]",17.322750889823862,1.5244346543182088
"[0.004013891622756785, 0.8623300124666305, -0.8688783355136539, 0.004044372133282426]",17.325479776869038,1.5275778185539164
"[0.004020961663038648, 0.8623234517431151, -0.8688833843019915, 0.0040515502284755875]",17.328208424326732,1.5307209827896242
"[0.004028030947673666, 0.8623168915373656, -0.8688884326348132, 0.004058727749712801]",17.33093685194189,1.5338641470253318
"[0.004035099493551469, 0.8623103318337578, -0.8688934805241583, 0.004065904714092112]",17.33366508137099,1.5370073112610394
"[0.004042167270467581, 0.8623037726603715, -0.8688985279484347, 0.004073081090895287]",17.336393126418525,1.540150475496747
"[0.004049234271559635, 0.8622972140236261, -0.8689035749027193, 0.004080256873102268]",17.339121004035505,1.5432936397324546
"[0.004056300506334629, 0.8622906559147496, -0.8689086213937788, 0.004087432070314081]",17.34184873240705,1.5464368039681622
"[0.004063365962747309, 0.8622840983449719, -0.8689136674129885, 0.00409460667024778]",17.344576326182988,1.5495799682038698
"[0.004070430623933795, 0.8622775413299968, -0.8689187129482814, 0.0041017806557254325]",17.34730380424733,1.5527231324395776
"[0.004077494501330044, 0.8622709848592625, -0.8689237580078015, 0.0041089540383063795]",17.350031186693712,1.5558662966752852
"[0.004084557591914753, 0.862264428935625, -0.868928802589368, 0.004116126814869292]",17.3527584877046,1.5590094609109928
"[0.004091619885572145, 0.8622578735685267, -0.8689338466857328, 0.004123298975087279]",17.35548572436173,1.5621526251467004
"[0.004098681382499964, 0.8622513187578368, -0.8689388902970137, 0.004130470519107215]",17.35821291574077,1.5652957893824082
"[0.004105742074455725, 0.8622447645112589, -0.8689439334172998, 0.004137641438503596]",17.36094007429851,1.5684389536181158
"[0.004112801969107967, 0.8622382108217286, -0.868948976052045, 0.004144811741009914]",17.36366722448164,1.5715821178538236
"[0.004119861062386883, 0.8622316576930767, -0.8689540181983184, 0.004151981422438358]",17.366394379290085,1.574725282089531
"[0.004126919346905093, 0.8622251051322144, -0.8689590598508201, 0.0041591504752311334]",17.369121553625455,1.5778684463252388
"[0.004133976828706091, 0.8622185531335849, -0.8689641010138428, 0.004166318905471441]",17.371848769804895,1.5810116105609466
"[0.0041410335142560975, 0.8622120016912383, -0.8689691416919819, 0.00417348671967277]",17.37457604413289,1.584154774796654
"[0.004148089391107682, 0.8622054508167838, -0.8689741818763221, 0.004180653905137067]",17.37730339059759,1.5872979390323618
"[0.004155144474082217, 0.8621989004965145, -0.8689792215774276, 0.0041878204768649495]",17.38003083031445,1.5904411032680692
"[0.004162198747269626, 0.8621923507452552, -0.8689842607839088, 0.004194986418640249]",17.382758374910324,1.593584267503777
"[0.0041692522303210765, 0.8621858015448134, -0.8689892995097805, 0.004202151750370724]",17.38548604831533,1.5967274317394846
"[0.004176304921233685, 0.862179252897101, -0.8689943377535886, 0.0042093164699680856]",17.38821386420426,1.5998705959751922
"[0.004183356819758021, 0.862172704802402, -0.8689993755151313, 0.004216480577125228]",17.3909418389246,1.6030137602109
"[0.004190407932755259, 0.8621661572543984, -0.8690044127992871, 0.004223644078758586]",17.393669991426545,1.6061569244466076
"[0.004197458256198949, 0.8621596102568805, -0.8690094496031565, 0.004230806970724254]",17.39639833653304,1.6093000886823152
"[0.004204507811113092, 0.862153063790377, -0.8690144859417362, 0.004237969274329302]",17.399126896151113,1.6124432529180228
"[0.004211556594037455, 0.862146517858152, -0.8690195218125317, 0.0042451309860060665]",17.401855684963543,1.6155864171537306
"[0.004218604613502594, 0.862139972452334, -0.8690245572216149, 0.004252292114369956]",17.404584717139844,1.618729581389438
"[0.004225651869334462, 0.8621334275731346, -0.8690295921688393, 0.004259452659192639]",17.407314014708177,1.6218727456251458
"[0.004232698377670109, 0.8621268832056173, -0.8690346266657123, 0.004266612636819875]",17.410043592250393,1.6250159098608536
"[0.004239744137835821, 0.8621203393504567, -0.8690396607117304, 0.004273772046516615]",17.41277346574996,1.628159074096561
"[0.004246789159924084, 0.8621137959983277, -0.8690446943140832, 0.004280930898488819]",17.415503654586228,1.6313022383322688
"[0.004253833462331238, 0.8621072531321919, -0.8690497274858936, 0.004288089211380921]",17.41823417802619,1.6344454025679762
"[0.0042608770520718405, 0.8621007107455804, -0.8690547602321529, 0.004295246992273774]",17.420965050377625,1.637588566803684
"[0.00426791991561784, 0.8620941688511055, -0.8690597925431744, 0.0043024042273719885]",17.42369628478357,1.6407317310393918
"[0.004274962092662096, 0.8620876274119436, -0.8690648244472995, 0.004309560956966335]",17.426427906051835,1.6438748952750992
"[0.0042820035891388926, 0.8620810864226259, -0.8690698559487491, 0.00431671718704288]",17.429159929961408,1.647018059510807
"[0.0042890444079675275, 0.8620745458804854, -0.8690748870495897, 0.004323872920523352]",17.431892369118586,1.6501612237465149
"[0.004296084562905192, 0.8620680057727846, -0.8690799177596327, 0.004331028171346143]",17.434625244215574,1.6533043879822222
"[0.004303124057479423, 0.862061466096289, -0.8690849480813804, 0.004338182943053158]",17.43735856990227,1.65644755221793
"[0.004310162930801548, 0.8620549268147051, -0.8690899780427632, 0.004345337275354727]",17.44009236785561,1.6595907164536376
"[0.0043172011854192005, 0.8620483879257055, -0.8690950076455841, 0.004352491170800602]",17.442826653946597,1.6627338806893452
"[0.004324238821393646, 0.862041849429272, -0.8691000368898701, 0.0043596446294132925]",17.44556144054901,1.6658770449250528
"[0.0043312758567988045, 0.8620353113086503, -0.8691050657885205, 0.004366797669525689]",17.448296747578357,1.6690202091607604
"[0.0043383123196902304, 0.8620287735378114, -0.8691100943615685, 0.004373950319618617]",17.451032593806076,1.672163373396468
"[0.004345348225589579, 0.8620222361023682, -0.8691151226200913, 0.004381102595434633]",17.453768997274747,1.6753065376321759
"[0.004352383589818792, 0.8620156989881176, -0.8691201505750245, 0.004388254512515416]",17.45650597354076,1.6784497018678832
"[0.004359418412510626, 0.8620091621949699, -0.8691251782264483, 0.004395406070962375]",17.45924353540553,1.681592866103591
"[0.004366452740929149, 0.8620026256790374, -0.8691302056081279, 0.0044025573187929015]",17.4619817100357,1.6847360303392989
"[0.004373486573389414, 0.8619960894419157, -0.8691352327188465, 0.004409708254264366]",17.464720505393384,1.6878791945750062
"[0.004380519929014903, 0.8619895534658629, -0.8691402595722596, 0.004416858896789785]",17.46745994279105,1.691022358810714
"[0.004387552833237396, 0.8619830177272727, -0.8691452861865314, 0.004424009272197985]",17.47020003743409,1.6941655230464219
"[0.004394585300448148, 0.8619764822127964, -0.8691503125719373, 0.004431159395095568]",17.472940807150785,1.6973086872821292
"[0.004401617370632968, 0.8619699468852975, -0.8691553387570468, 0.004438309306113802]",17.47568227346246,1.700451851517837
"[0.004408649041414862, 0.8619634117470067, -0.8691603647401513, 0.004445459002814566]",17.478424446163544,1.7035950157535449
"[0.004415680353772805, 0.8619568767598591, -0.8691653905505329, 0.004452608526844693]",17.481167348737447,1.7067381799892523
"[0.00442271130575859, 0.8619503419256844, -0.8691704161867911, 0.004459757876204679]",17.483910992638663,1.70988134422496
"[0.0044297419480086074, 0.8619438071974361, -0.8691754416851133, 0.0044669071023670385]",17.486655398287,1.7130245084606674
"[0.004436772294423213, 0.8619372725622091, -0.869180467055429, 0.004474056219453123]",17.489400583147077,1.7161676726963753
"[0.004443802358854746, 0.8619307380071408, -0.8691854923076351, 0.004481205241536559]",17.49214656354304,1.719310836932083
"[0.0044508321799038965, 0.8619242034963626, -0.8691905174693196, 0.004488354207860692]",17.49489335833601,1.7224540011677905
"[0.004457861783181558, 0.8619176690060774, -0.869195542558787, 0.004495503144462494]",17.497640980323904,1.7255971654034983
"[0.0044648911881708525, 0.8619111345181809, -0.869200567589962, 0.0045026520711500375]",17.500389453328534,1.7287403296392059
"[0.004471920431875762, 0.8619045999982797, -0.8692055925892956, 0.0045098010255527525]",17.503138787314175,1.7318834938749135
"[0.004478949519491121, 0.8618980654415479, -0.8692106175605011, 0.004516950012951718]",17.505889001642636,1.735026658110621
"[0.0044859785035966035, 0.8618915307991062, -0.869215642541167, 0.004524099086824127]",17.508640116476712,1.7381698223463289
"[0.004493007402407618, 0.861884996054018, -0.8692206675443165, 0.004531248265699943]",17.511392145365303,1.7413129865820363
"[0.004500036258317939, 0.861878461166867, -0.8692256926002602, 0.004538397592703545]",17.51414510950695,1.744456150817744
"[0.0045070650845357415, 0.8618719261253651, -0.8692307177184444, 0.004545547081278691]",17.51689902107232,1.7475993150534515
"[0.004514093904678635, 0.8618653909075489, -0.8692357429157581, 0.004552696755456446]",17.51965389893807,1.7507424792891593
"[0.004521122789818743, 0.8618588554473237, -0.86924076824302, 0.004559846687545705]",17.522409762449463,1.753885643524867
"[0.004528151734276805, 0.8618523197499577, -0.8692457936961765, 0.004566996871784497]",17.525166626359315,1.7570288077605745
"[0.004535180785124395, 0.861845783771666, -0.8692508193088904, 0.004574147356075054]",17.52792451056873,1.7601719719962823
"[0.004542209971567822, 0.8618392474852733, -0.8692558451020524, 0.004581298170148283]",17.5306834271321,1.76331513623199
"[0.004549239331662715, 0.8618327108553712, -0.8692608711028824, 0.004588449352742534]",17.533443397738928,1.7664583004676975
"[0.004556268897330641, 0.861826173852252, -0.8692658973342162, 0.004595600936359237]",17.536204435653183,1.7696014647034053
"[0.0045632987026145546, 0.8618196364442319, -0.8692709238204075, 0.004602752955660865]",17.538966560876354,1.772744628939113
"[0.004570328805821909, 0.8618130985770571, -0.8692759506031624, 0.004609905470002155]",17.54172979191699,1.7758877931748205
"[0.004577359221520503, 0.8618065602371474, -0.8692809776929131, 0.004617058494240414]",17.54449414440016,1.7790309574105283
"[0.004584389977597358, 0.8618000213985333, -0.8692860051096165, 0.0046242120567870654]",17.54725963035466,1.7821741216462357
"[0.0045914211366496925, 0.8617934820029592, -0.8692910328980521, 0.004631366221373599]",17.550026273789054,1.7853172858819435
"[0.004598452725512237, 0.8617869420254263, -0.8692960610774276, 0.00463852101534973]",17.55279408720935,1.788460450117651
"[0.004605484786238418, 0.8617804014267769, -0.8693010896778366, 0.004645676481553272]",17.555563090876923,1.7916036143533587
"[0.004612517353361263, 0.8617738601748443, -0.8693061187239952, 0.004652832655174946]",17.55833329877834,1.7947467785890663
"[0.0046195504811460085, 0.8617673182191037, -0.8693111482547337, 0.004659989591488286]",17.561104732897,1.797889942824774
"[0.004626584215103359, 0.8617607755171681, -0.8693161783026228, 0.004667147336864234]",17.563877406002337,1.8010331070604815
"[0.004633618563476951, 0.8617542320613133, -0.8693212088735845, 0.0046743058997527715]",17.566651333302637,1.8041762712961893
"[0.00464065360157613, 0.8617476877814253, -0.8693262400215044, 0.004681465356857519]",17.569426537273085,1.8073194355318971
"[0.004647689377521229, 0.8617411426326763, -0.8693312717808261, 0.004688625757219315]",17.572203032744575,1.8104625997676045
"[0.004654725914477018, 0.8617345965934501, -0.8693363041681481, 0.004695787124485455]",17.57498083587277,1.8136057640033123
"[0.004661763268149923, 0.8617280496118515, -0.8693413372233436, 0.004702949515427279]",17.577759964941873,1.8167489282390201
"[0.004668801479946235, 0.8617215016492856, -0.8693463709760609, 0.004710112972266209]",17.580540433040404,1.8198920924747275
"[0.004675840594478423, 0.8617149526641708, -0.8693514054582434, 0.0047172775404916755]",17.583322261516404,1.8230352567104353
"[0.004682880681483072, 0.8617084025915425, -0.8693564407198062, 0.0047244432911715565]",17.586105467247563,1.8261784209461427
"[0.004689921765002127, 0.8617018514089478, -0.8693614767779848, 0.004731610248868559]",17.588890067074583,1.8293215851818505
"[0.004696963886722656, 0.861695299077511, -0.869366513662637, 0.004738778456109648]",17.591676072574476,1.8324647494175583
"[0.004704007129105866, 0.8616887455204132, -0.8693715514327863, 0.0047459479969324285]",17.594463507733426,1.8356079136532657
"[0.004711051521811648, 0.8616821907099593, -0.8693765901096931, 0.004753118901632819]",17.597252388625176,1.8387510778889735
"[0.004718097117628927, 0.8616756345969279, -0.8693816297311631, 0.004760291224055606]",17.60004272794213,1.8418942421246813
"[0.004725143969520103, 0.8616690771319315, -0.8693866703351287, 0.00476746501822795]",17.602834544242477,1.8450374063603887
"[0.004732192145889213, 0.8616625182512059, -0.8693917119705701, 0.0047746403539039705]",17.60562785977908,1.8481805705960965
"[0.004739241661846448, 0.8616559579405779, -0.8693967546483486, 0.004781817246586229]",17.608422681417466,1.8513237348318041
"[0.0047462926021349505, 0.8616493961210687, -0.8694017984291369, 0.00478899578267365]",17.611219035279166,1.8544668990675117
"[0.004753345017940544, 0.8616428327449189, -0.8694068433496074, 0.004796176014410194]",17.614016933574653,1.8576100633032193
"[0.004760398967482043, 0.8616362677578224, -0.8694118894514652, 0.00480335800120318]",17.616816395967557,1.860753227538927
"[0.004767454492815846, 0.8616297011205056, -0.8694169367648568, 0.004810541786012776]",17.619617433635597,1.8638963917746345
"[0.004774511662041063, 0.8616231327694541, -0.8694219853385604, 0.004817727438319321]",17.622420069547427,1.8670395560103423
"[0.004781570543208393, 0.8616165626411906, -0.869427035221324, 0.004824915027561524]",17.625224320215583,1.8701827202460497
"[0.004788631177123004, 0.8616099906975897, -0.8694320864424063, 0.004832104595443464]",17.62803019949185,1.8733258844817575
"[0.004795693628567545, 0.8616034168782063, -0.8694371390482215, 0.0048392962080870666]",17.630837724180477,1.8764690487174653
"[0.004802757955070667, 0.8615968411293355, -0.8694421930799991, 0.004846489924238814]",17.633646914663604,1.8796122129531727
"[0.004809824227985383, 0.8615902633844019, -0.8694472485888604, 0.004853685816726343]",17.636457783435194,1.8827553771888805
"[0.004816892514568884, 0.8615836835806346, -0.8694523056229995, 0.004860883954214519]",17.639270352770524,1.8858985414245883
"[0.00482396284623654, 0.8615771016886195, -0.8694573642049711, 0.004868084368876239]",17.64208463113203,1.8890417056602957
"[0.0048310353284227595, 0.8615705176100347, -0.8694624244102901, 0.004875287168268205]",17.64490064605195,1.8921848698960035
"[0.004838109994381396, 0.8615639313137412, -0.8694674862628323, 0.004882492386448967]",17.64771840538721,1.8953280341317114
"[0.0048451869332354095, 0.8615573427165869, -0.8694725498264487, 0.004889700114379898]",17.650537930503617,1.8984711983674187
"[0.0048522661809942014, 0.8615507517848566, -0.8694776151269921, 0.004896910388937759]",17.653359235086022,1.9016143626031266
"[0.004859347824828053, 0.8615441584371997, -0.8694826822269236, 0.004904123299111727]",17.6561823381221,1.904757526838834
"[0.004866431937428702, 0.8615375626057371, -0.8694877511783484, 0.0049113389191529685]",17.659007257374707,1.9079006910745417
"[0.004873518569444086, 0.8615309642431063, -0.8694928220176024, 0.004918557300867626]",17.66183400642919,1.9110438553102493
"[0.004880607792729506, 0.8615243632821935, -0.869497894796198, 0.004925778517669652]",17.66466260126384,1.914187019545957
"[0.004887699707115785, 0.8615177596298262, -0.8695029695856715, 0.0049330026714786345]",17.66749306634843,1.9173301837816645
"[0.004894794349897327, 0.8615111532510554, -0.869508046412812, 0.004940229800520644]",17.67032540972159,1.9204733480173724
"[0.004901891798138371, 0.8615045440738941, -0.8695131253328706, 0.004947459983539356]",17.673159650702555,1.9236165122530797
"[0.004908992144501279, 0.8614979320118196, -0.869518206412265, 0.004954693315179278]",17.675995808370853,1.9267596764887875
"[0.0049160954477213996, 0.8614913170098997, -0.8695232896931361, 0.004961929855526628]",17.67883389818584,1.9299028407244954
"[0.004923201760926519, 0.8614846990184106, -0.8695283752136176, 0.004969169658968433]",17.681673932999942,1.9330460049602027
"[0.004930311201646006, 0.8614780779276497, -0.8695334630579329, 0.004976412845506693]",17.684515933372204,1.9361891691959106
"[0.004937423824011573, 0.8614714536869476, -0.8695385532649399, 0.004983659470563437]",17.687359916615524,1.939332333431618
"[0.004944539706236558, 0.8614648262231949, -0.8695436458907353, 0.004990909614107225]",17.690205897440585,1.9424754976673257
"[0.0049516589226734, 0.861458195466874, -0.869548740988655, 0.004998163352178093]",17.693053891790644,1.9456186619030336
"[0.004958781567109815, 0.8614515613303565, -0.8695538386259485, 0.0050054207806288515]",17.695903917742246,1.948761826138741
"[0.00496590770843474, 0.861444923749195, -0.8695589388520504, 0.005012681969951553]",17.698755993502274,1.9519049903744488
"[0.0049730374157560915, 0.8614382826587317, -0.8695640417165541, 0.005019946990869555]",17.701610129577006,1.9550481546101566
"[0.004980170782241265, 0.861431637971888, -0.8695691472862782, 0.005027215938631654]",17.704466348557144,1.958191318845864
"[0.004987307903347245, 0.8614249895994445, -0.8695742556296839, 0.005034488910829183]",17.70732466371874,1.9613344830815718
"[0.0049944488404133755, 0.861418337483954, -0.8695793667908163, 0.0050417659702962775]",17.710185093313093,1.9644776473172796
"[0.005001593674360064, 0.8614116815497188, -0.8695844808277408, 0.005049047199830472]",17.713047650229377,1.967620811552987
"[0.0050087425121724425, 0.8614050216967529, -0.869589597817182, 0.0050563327088002956]",17.715912354602686,1.9707639757886948
"[0.00501589544231163, 0.8613983578423153, -0.8695947178226117, 0.005063622587708518]",17.71877922518719,1.9739071400244022
"[0.0050230525165529385, 0.861391689937836, -0.8695998408812444, 0.005070916889676301]",17.721648270953175,1.97705030426011
"[0.00503021384960089, 0.8613850178761042, -0.8696049670753455, 0.005078215731973476]",17.72451951364287,1.9801934684958176
"[0.005037379531615542, 0.8613783415727714, -0.8696100964696141, 0.005085519206860842]",17.727392970250325,1.9833366327315252
"[0.005044549628143517, 0.8613716609664074, -0.8696152291111359, 0.005092827381526323]",17.730268651134086,1.9864797969672328
"[0.005051724269884908, 0.8613649759348683, -0.8696203650936402, 0.005100140389575062]",17.733146580517626,1.9896229612029406
"[0.0050589035052175, 0.8613582864327083, -0.8696255044519294, 0.005107458280709518]",17.73602676828426,1.992766125438648
"[0.005066087454781903, 0.861351592347132, -0.8696306472725427, 0.005114781178306622]",17.738909233700912,1.9959092896743558
"[0.005073276202850676, 0.8613448935992261, -0.8696357936159872, 0.005122109168678787]",17.741793994070584,1.9990524539100636
"[0.005080469828672679, 0.8613381901147471, -0.8696409435391793, 0.005129442333029598]",17.744681061039408,2.002195618145771
"[0.005087668450734324, 0.8613314817828798, -0.869646097127129, 0.005136780792569747]",17.747570454936444,2.005338782381479
"[0.005094872158551544, 0.8613247685197908, -0.8696512544441125, 0.005144124638992009]",17.750462191864855,2.0084819466171866
"[0.00510208104777538, 0.8613180502359217, -0.8696564155588025, 0.005151473970252345]",17.753356286106722,2.011625110852894
"[0.00510929520154911, 0.8613113268533603, -0.8696615805309214, 0.005158828871566382]",17.756252751881114,2.014768275088602
"[0.0051165147450554435, 0.8613045982550018, -0.8696667494502954, 0.005166189471022043]",17.759151613189392,2.017911439324309
"[0.005123739758215812, 0.861297864365918, -0.8696719223743494, 0.005173555850570481]",17.762052877054444,2.021054603560017
"[0.0051309703543017315, 0.8612911250800829, -0.8696770993843917, 0.005180928126180206]",17.764956566856334,2.024197767795725
"[0.005138206616587589, 0.8612843803194185, -0.8696822805402591, 0.005188306383245575]",17.767862691741723,2.027340932031432
"[0.005145448665559643, 0.8612776299711519, -0.8696874659284357, 0.005195690745114992]",17.770771272669872,2.03048409626714
"[0.005152696584916432, 0.8612708739567901, -0.8696926556090712, 0.005203081297636685]",17.773682321719257,2.033627260502848
"[0.005159950514421083, 0.8612641121455668, -0.8696978496824639, 0.005210478183841338]",17.77659585966324,2.036770424738555
"[0.005167210537891501, 0.8612573444588535, -0.8697030482088597, 0.005217881489724562]",17.779511899972466,2.039913588974263
"[0.005174476742417025, 0.8612505708149618, -0.8697082512508515, 0.005225291304628487]",17.782430456762373,2.043056753209971
"[0.005181749265617354, 0.8612437910850858, -0.8697134589072204, 0.0052327077694375316]",17.78535154967,2.046199917445678
"[0.005189028198813998, 0.8612370051835714, -0.8697186712435999, 0.00524013097783247]",17.788275188913545,2.049343081681386
"[0.0051963136608621065, 0.8612302129990773, -0.869723888345347, 0.005247561051590611]",17.791201396304196,2.0524862459170934
"[0.005203605752320665, 0.8612234144373127, -0.8697291102847208, 0.005254998093839839]",17.79413018350839,2.055629410152801
"[0.005210904615305293, 0.8612166093652268, -0.8697343371637467, 0.00526244225010537]",17.797061569976055,2.058772574388509
"[0.005218210326160583, 0.8612097977110783, -0.8697395690373557, 0.0052698935988461345]",17.799995570498655,2.0619157386242164
"[0.005225522995275985, 0.8612029793713726, -0.8697448059848643, 0.005277352253255384]",17.802932194046893,2.065058902859924
"[0.005232842774788233, 0.8611961542036758, -0.8697500481154924, 0.005284818369122091]",17.805871467088274,2.0682020670956316
"[0.005240169748273102, 0.8611893221294673, -0.8697552954893665, 0.005292292032318701]",17.808813398097662,2.0713452313313394
"[0.0052475040209262955, 0.8611824830500574, -0.869760548182101, 0.005299773350781637]",17.81175800119689,2.074488395567047
"[0.005254845749220787, 0.8611756368189263, -0.8697658063060413, 0.0053072624847675595]",17.814705297558188,2.0776315598027546
"[0.005262195032010497, 0.8611687833432687, -0.8697710699322727, 0.005314759535773472]",17.81765529973347,2.080774724038462
"[0.005269551988768652, 0.8611619225110403, -0.8697763391466542, 0.005322264626343168]",17.820608022913163,2.08391788827417
"[0.005276916753371578, 0.8611550541967493, -0.8697816140453672, 0.005329777893728698]",17.823563486570144,2.0870610525098776
"[0.005284289427788714, 0.8611481783046463, -0.8697868947017466, 0.005337299442646712]",17.82652170090996,2.090204216745585
"[0.005291670132622397, 0.8611412947215922, -0.8697921812024794, 0.005344829396836329]",17.829482681191468,2.093347380981293
"[0.005299058998449602, 0.8611344033251301, -0.8697974736414027, 0.005352367890228175]",17.832446444685786,2.096490545217
"[0.005306456168707841, 0.8611275039807941, -0.869802772121573, 0.005359915069890338]",17.835413008753147,2.099633709452708
"[0.0053138617494620614, 0.8611205965889586, -0.8698080767192845, 0.005367471044776362]",17.838382385287897,2.102776873688416
"[0.005321275860359052, 0.8611136810373186, -0.8698133875205658, 0.005375035937711167]",17.841354590587894,2.105920037924123
"[0.005328698661015374, 0.8611067571762705, -0.869818704640083, 0.005382609912318861]",17.84432964137912,2.109063202159831
"[0.005336130244388966, 0.8610998249183734, -0.8698240281447612, 0.005390193064223981]",17.84730755000221,2.112206366395539
"[0.0053435707490413825, 0.8610928841336338, -0.8698293581341985, 0.00539778553559854]",17.85028833064329,2.115349530631246
"[0.005351020327451807, 0.8610859346790583, -0.8698346947179705, 0.005405387482834136]",17.853272003768815,2.118492694866954
"[0.005358479092898053, 0.8610789764482071, -0.8698400379775779, 0.005412999022336327]",17.8562585796835,2.121635859102662
"[0.005365947187526252, 0.8610720093076945, -0.869845388015209, 0.005420620299985854]",17.859248073608452,2.124779023338369
"[0.005373424722236709, 0.861065033153269, -0.8698507449106753, 0.005428251429793081]",17.86224050158712,2.127922187574077
"[0.005380911866586895, 0.8610580478259396, -0.8698561087858165, 0.005435892585647012]",17.86523587799531,2.1310653518097844
"[0.005388408747146575, 0.8610510532068038, -0.869861479731685, 0.0054435438975838964]",17.86823421929403,2.134208516045492
"[0.005395915486480315, 0.86104404918068, -0.8698668578364697, 0.00545120549156814]",17.871235539131934,2.1373516802812
"[0.005403432229721185, 0.8610370356113146, -0.8698722432045362, 0.005458877516614796]",17.87423985025033,2.1404948445169074
"[0.005410959142419315, 0.8610300123433854, -0.8698776359548861, 0.005466560142597062]",17.87724717047701,2.1436380087526152
"[0.005418496318865417, 0.8610229792880444, -0.8698830361554739, 0.005474253466672107]",17.880257511803727,2.146781172988323
"[0.005426043918038152, 0.8610159362960682, -0.8698884439206082, 0.005481957652040568]",17.88327088740828,2.1499243372240304
"[0.005433602123210537, 0.8610088831955423, -0.8698938593820134, 0.005489672886722659]",17.886287317685817,2.1530675014597382
"[0.005441171023356289, 0.8610018199025327, -0.8698992826038571, 0.005497399262499081]",17.889306812512814,2.156210665695446
"[0.005448750813026455, 0.8609947462345643, -0.8699047137259608, 0.005505136978941064]",17.892329389288037,2.1593538299311534
"[0.005456341575192563, 0.8609876621132733, -0.8699101528082052, 0.005512886121735233]",17.895355056813866,2.1624969941668613
"[0.005463943520002547, 0.8609805673415902, -0.8699156000016058, 0.005520646906415147]",17.89838383477232,2.1656401584025686
"[0.0054715567637121055, 0.860973461810054, -0.869921055389909, 0.00552841945268268]",17.90141573440965,2.1687833226382764
"[0.005479181469579146, 0.860966345365318, -0.8699265190905489, 0.005536203928242942]",17.904450771824546,2.1719264868739843
"[0.005486817781948392, 0.8609592178716697, -0.8699319912074148, 0.005544000481511883]",17.907488961523566,2.1750696511096916
"[0.005494465840035403, 0.860952079198166, -0.8699374718407303, 0.005551809255687372]",17.91053031343013,2.1782128153453995
"[0.005502125805840681, 0.8609449291925775, -0.869942961107054, 0.00555963041725045]",17.913574843220665,2.1813559795811073
"[0.005509797872160583, 0.8609377676739086, -0.8699484591450234, 0.005567464164148667]",17.91662257134924,2.1844991438168146
"[0.005517482122178997, 0.8609305945634621, -0.8699539660147337, 0.005575310582427198]",17.91967350175245,2.1876423080525225
"[0.005525178780776045, 0.8609234096502529, -0.8699594818778332, 0.0055831699028361095]",17.92272765463067,2.19078547228823
"[0.005532887974728264, 0.860916212814854, -0.8699650068256741, 0.005591042255973098]",17.925785042975875,2.1939286365239377
"[0.005540609857204868, 0.8609090039131811, -0.8699705409685321, 0.005598927799405608]",17.928845677434367,2.197071800759645
"[0.005548344595455889, 0.8609017827879851, -0.8699760844267833, 0.005606826705101568]",17.931909573112794,2.200214964995353
"[0.005556092358656679, 0.8608945492801985, -0.8699816373221935, 0.005614739147017457]",17.934976744550394,2.2033581292310607
"[0.005563853318242403, 0.8608873032286217, -0.869987199778158, 0.005622665301440343]",17.938047207816233,2.206501293466768
"[0.005571627593558699, 0.8608800445206699, -0.8699927718807466, 0.005630605291479751]",17.941120968274962,2.209644457702476
"[0.0055794154038163206, 0.860872772950495, -0.8699983537876174, 0.005638559342260236]",17.944198046482185,2.2127876219381832
"[0.005587216883088341, 0.8608654883917197, -0.8700039455954145, 0.005646527591976523]",17.947278453405712,2.215930786173891
"[0.005595032208111123, 0.8608581906781108, -0.8700095474313725, 0.005654510222419264]",17.950362203925227,2.2190739504095984
"[0.0056028615420207276, 0.860850879656112, -0.8700151594129863, 0.005662507401511078]",17.953449305984662,2.2222171146453062
"[0.005610705068540013, 0.8608435551529207, -0.8700207816725185, 0.0056705193182262]",17.956539779727464,2.225360278881014
"[0.005618562922567033, 0.8608362170413079, -0.8700264143072437, 0.005678546111688582]",17.959633629675125,2.2285034431167214
"[0.005626435345358375, 0.8608288650946966, -0.8700320574906855, 0.005686588029691567]",17.962730881207836,2.2316466073524293
"[0.005634322435477292, 0.8608214992197455, -0.8700377112940935, 0.005694645174288641]",17.965831533391853,2.234789771588137
"[0.005642224408447594, 0.8608141192138629, -0.8700433758725672, 0.00570271776703601]",17.968935606015204,2.2379329358238444
"[0.005650141434509751, 0.860806724916723, -0.8700490513487571, 0.0057108059832561295]",17.9720431134082,2.2410761000595523
"[0.005658073675382469, 0.8607993161759372, -0.8700547378392146, 0.0057189099895889]",17.97515406341637,2.2442192642952596
"[0.0056660213401035575, 0.8607918927948965, -0.8700604354944245, 0.005727030001043286]",17.978268472225658,2.2473624285309675
"[0.0056739845807842965, 0.860784454630138, -0.8700661444240726, 0.005735166174493552]",17.981386349678058,2.2505055927666753
"[0.005681963588166916, 0.8607770015020934, -0.87007186476555, 0.0057433187063076156]",17.984507711279942,2.2536487570023827
"[0.005689958543097806, 0.8607695332404117, -0.8700775966491647, 0.005751487782768923]",17.987632566242684,2.2567919212380905
"[0.00569796963290372, 0.860762049668665, -0.8700833402098823, 0.005759673596808484]",17.990760927226233,2.2599350854737983
"[0.005705997041882681, 0.8607545506132288, -0.8700890955805082, 0.005767876338289157]",17.99389280893053,2.2630782497095057
"[0.0057140409448558855, 0.8607470359093067, -0.870094862887065, 0.005776096187416102]",17.99702822053774,2.2662214139452135
"[0.005722101533587963, 0.8607395053762494, -0.8701006422677344, 0.005784333341734704]",18.00016717709462,2.2693645781809213
"[0.00573017900247494, 0.8607319588309228, -0.8701064338625972, 0.005792588001507232]",18.00330968419848,2.2725077424166287
"[0.005738273541801038, 0.8607243960940074, -0.870112237808798, 0.00580086036282189]",18.006455762010372,2.2756509066523365
"[0.005746385332191933, 0.8607168169951821, -0.8701180542365684, 0.005809150611923496]",18.009605416408775,2.2787940708880443
"[0.005754514562939064, 0.8607092213560035, -0.8701238832823646, 0.005817458943940417]",18.01275865901312,2.2819372351237517
"[0.0057626614482077865, 0.8607016089747596, -0.8701297251004919, 0.005825785579451962]",18.015915504728788,2.2850803993594595
"[0.005770826162967017, 0.860693979686335, -0.870135579817162, 0.0058341306990056215]",18.019075963349195,2.288223563595167
"[0.005779008924586139, 0.860686333285968, -0.8701414475890032, 0.005842494526514565]",18.02224004577575,2.2913667278308747
"[0.00578720990113006, 0.8606786696149411, -0.8701473285373008, 0.005850877235526091]",18.02540776342818,2.2945098920665825
"[0.005795429300553329, 0.8606709884772347, -0.8701532228119578, 0.00585927904038877]",18.028579127185868,2.29765305630229
"[0.005803667332712253, 0.8606632896750226, -0.8701591305642535, 0.005867700157426188]",18.031754147741967,2.3007962205379977
"[0.005811924196241251, 0.8606555730209364, -0.8701650519374343, 0.005876140791521588]",18.03493283896796,2.3039393847737055
"[0.0058202000803029355, 0.8606478383364321, -0.8701709870679658, 0.005884601137905254]",18.038115206277556,2.307082549009413
"[0.005828495197754138, 0.8606400854207922, -0.8701769361093199, 0.005893081416060027]",18.041301265411565,2.3102257132451207
"[0.005836809763881105, 0.8606323140709976, -0.8701828992167248, 0.005901581847984796]",18.044491025940943,2.313368877480828
"[0.005845143964209086, 0.8606245241118172, -0.8701888765240775, 0.0059101026252835025]",18.047684495930866,2.316512041716536
"[0.0058534980015434645, 0.8606167153518386, -0.8701948681776824, 0.005918643957256926]",18.050881686456588,2.3196552059522437
"[0.005861872130593609, 0.860608887551102, -0.8702008743610847, 0.0059272061063075625]",18.054082611878385,2.322798370187951
"[0.005870266511805881, 0.8606010405577279, -0.8702068951902356, 0.005935789238492295]",18.057287277606402,2.325941534423659
"[0.005878681366940573, 0.8605931741624947, -0.8702129308250769, 0.005944393582589808]",18.060495694232397,2.3290846986593663
"[0.005887116909360963, 0.860585288163997, -0.8702189814195416, 0.00595301935882686]",18.063707874371293,2.332227862895074
"[0.0058955733804885915, 0.860577382334567, -0.870225047147704, 0.005961666816156079]",18.06692382629305,2.3353710271307815
"[0.005904050946070773, 0.8605694565172511, -0.8702311281293724, 0.0059703361261805145]",18.070143560224032,2.3385141913664893
"[0.005912549858056908, 0.8605615104744737, -0.8702372245462023, 0.005979027548686914]",18.07336708425091,2.3416573556021967
"[0.005921070342039601, 0.8605535439932662, -0.8702433365609595, 0.005987741316546149]",18.076594411164212,2.3448005198379045
"[0.005929612594087786, 0.8605455568882308, -0.8702494643152463, 0.005996477632470158]",18.07982554922359,2.3479436840736123
"[0.00593817681754496, 0.8605375489671371, -0.8702556079558977, 0.006005236706643205]",18.083060502644813,2.3510868483093197
"[0.005946763269987109, 0.8605295199870112, -0.8702617676686688, 0.0060140188047520015]",18.086299287587654,2.3542300125450275
"[0.0059553721469674204, 0.8605214697628394, -0.8702679435948373, 0.006022824129085008]",18.089541909240626,2.357373176780735
"[0.005964003695650926, 0.8605133980613121, -0.8702741359127218, 0.006031652934755447]",18.092788378838957,2.3605163410164427
"[0.005972658138199406, 0.8605053046724641, -0.8702803447827214, 0.006040505451340598]",18.09603870405546,2.3636595052521505
"[0.005981335675329579, 0.8604971894063523, -0.8702865703498641, 0.006049381886517345]",18.099292893056283,2.366802669487858
"[0.005990036557727765, 0.8604890520262667, -0.8702928127950447, 0.00605828249911416]",18.102550953437163,2.3699458337235657
"[0.005998761039199306, 0.8604808922925414, -0.8702990723014131, 0.00606720755119118]",18.10581289909382,2.3730889979592735
"[0.006007509298164693, 0.8604727100359796, -0.8703053489980506, 0.006076157227728519]",18.109078732533952,2.376232162194981
"[0.006016281603811964, 0.8604645050024559, -0.870311643079177, 0.006085131806599827]",18.11234846448332,2.3793753264306887
"[0.006025078158705607, 0.8604562770001208, -0.8703179546912283, 0.00609413149755979]",18.115622100241463,2.3825184906663965
"[0.00603389921439074, 0.8604480257912751, -0.8703242840158012, 0.006103156560512612]",18.118899650440767,2.385661654902104
"[0.006042745013009888, 0.8604397511469741, -0.8703306312277642, 0.0061122072457842486]",18.122181124178304,2.3888048191378117
"[0.006051615782836166, 0.8604314528512095, -0.8703369964920509, 0.006121283789550536]",18.125466524703366,2.3919479833735195
"[0.006060511777507846, 0.8604231306642062, -0.870343379991814, 0.006130386453981699]",18.128755862782857,2.395091147609227
"[0.0060694332215082275, 0.8604147843734231, -0.8703497818893037, 0.006139515471457489]",18.13204914807097,2.3982343118449347
"[0.006078380340391012, 0.8604064137652815, -0.8703562023475555, 0.006148671075492459]",18.135346380778063,2.401377476080642
"[0.006087353403061037, 0.8603980185856036, -0.870362641560732, 0.006157853544004633]",18.13864757426764,2.40452064031635
"[0.006096352653929279, 0.8603895986030871, -0.8703690997054381, 0.006167063129891563]",18.14195273183059,2.4076638045520578
"[0.006105378318444454, 0.8603811536041304, -0.8703755769446893, 0.00617630006668731]",18.145261863390527,2.410806968787765
"[0.006114430660449133, 0.8603726833391683, -0.8703820734690726, 0.0061855646272612344]",18.1485749715006,2.413950133023473
"[0.006123509929023933, 0.860364187572405, -0.8703885894586012, 0.006194857069420219]",18.151892068435483,2.4170932972591808
"[0.0061326163557491155, 0.8603556660843793, -0.8703951250807475, 0.006204177633103436]",18.155213155229738,2.420236461494888
"[0.0061417502091169794, 0.8603471186210472, -0.8704016805294942, 0.006213526596074352]",18.158538241743504,2.423379625730596
"[0.006150911723849734, 0.8603385449599227, -0.8704082559746076, 0.00622290420157709]",18.161867331303284,2.4265227899663038
"[0.00616010116744266, 0.8603299448478074, -0.8704148516093957, 0.006232310726446928]",18.165200430694156,2.429665954202011
"[0.006169318786437263, 0.8603213180510687, -0.8704214676121469, 0.006241746426117472]",18.16853754842104,2.432809118437719
"[0.006178564838980033, 0.8603126643251683, -0.8704281041694999, 0.0062512115679480805]",18.171878685863515,2.4359522826734263
"[0.00618783957911986, 0.8603039834293589, -0.8704347614651731, 0.006260706415150774]",18.175223851530887,2.439095446909134
"[0.0061971432651995355, 0.8602952751188291, -0.8704414396859865, 0.006270231235380815]",18.17857304951326,2.442238611144842
"[0.006206476166010258, 0.8602865391389415, -0.8704481390262827, 0.006279786307038913]",18.181926283905767,2.4453817753805493
"[0.006215838532992952, 0.8602777752512529, -0.8704548596679706, 0.006289371890811588]",18.185283563286333,2.448524939616257
"[0.0062252306219576625, 0.8602689832131856, -0.870461601796116, 0.006298988251906624]",18.18864488686149,2.4516681038519645
"[0.006234652718886945, 0.8602601627538681, -0.8704683656174665, 0.006308635686475223]",18.192010265170804,2.4548112680876724
"[0.006244105058830406, 0.8602513136500629, -0.8704751513022287, 0.006318314438568164]",18.195379698025903,2.4579544323233797
"[0.006253587956153383, 0.86024243560423, -0.87048195907757, 0.00632802483350258]",18.19875319513558,2.4610975965590876
"[0.006263101626323002, 0.8602335284113694, -0.8704887890996831, 0.0063377670953776305]",18.202130755686763,2.464240760794795
"[0.006272646353879064, 0.8602245918017667, -0.8704956415743688, 0.0063475415190727144]",18.205512385415364,2.4673839250305027
"[0.006282222429874095, 0.8602156254995577, -0.8705025167121284, 0.006357348406191691]",18.208898088562865,2.4705270892662106
"[0.0062918300994929425, 0.8602066292717746, -0.870509414690555, 0.00636718801141857]",18.212287868713382,2.473670253501918
"[0.0063014696373454105, 0.8601976028578492, -0.8705163357083908, 0.006377060619623849]",18.21568172912738,2.4768134177376258
"[0.006311141335288369, 0.8601885459810102, -0.8705232799767846, 0.0063869665333971875]",18.21907967349933,2.479956581973333
"[0.006320845453607904, 0.860179458393999, -0.8705302476842417, 0.006396906023048441]",18.222481703526853,2.483099746209041
"[0.006330582277831332, 0.8601703398258672, -0.8705372390374146, 0.006406879384795037]",18.225887823559283,2.4862429104447488
"[0.006340352087745421, 0.8601611900109888, -0.870544254238859, 0.006416886909031118]",18.2292980366207,2.489386074680456
"[0.006350155158182766, 0.8601520086883253, -0.870551293487597, 0.0064269288811323036]",18.232712346678127,2.492529238916164
"[0.006359991744493062, 0.8601427956150334, -0.8705583569686849, 0.0064370055665714425]",18.236130749410787,2.4956724031518718
"[0.0063698621915599385, 0.8601335504643541, -0.8705654449314979, 0.006447117322599449]",18.239553258489654,2.498815567387579
"[0.006379766705074866, 0.8601242730398486, -0.8705725575254823, 0.006457264363931791]",18.24297986516993,2.501958731623287
"[0.0063897056273154685, 0.8601149630170863, -0.8705796949981939, 0.006467447045269084]",18.24641057651962,2.505101895858995
"[0.0063996792465078715, 0.8601056201222074, -0.8705868575583999, 0.006477665665999724]",18.249845397069713,2.508245060094702
"[0.006409687791618994, 0.8600962441368103, -0.8705940453723355, 0.006487920464853991]",18.25328432116033,2.51138822433041
"[0.006419731604580866, 0.8600868347366126, -0.8706012586873891, 0.006498211796364577]",18.256727354330618,2.5145313885661174
"[0.006429810948011662, 0.860077391671575, -0.870608497694015, 0.006508539933860448]",18.260174496494237,2.517674552801825
"[0.006439926131098679, 0.8600679146479723, -0.8706157626161397, 0.006518905198449292]",18.263625752058097,2.520817717037533
"[0.006450077437453523, 0.8600584033959805, -0.8706230536593489, 0.006529307885094395]",18.267081118142453,2.5239608812732404
"[0.006460265155839462, 0.8600488576408917, -0.8706303710329545, 0.006539748294100178]",18.270540594244146,2.527104045508948
"[0.0064704895742747365, 0.8600392771086349, -0.8706377149457618, 0.00655022672507009]",18.274004182666165,2.530247209744656
"[0.006480751028628967, 0.8600296614802407, -0.8706450856409742, 0.006560743526714025]",18.277471886924495,2.5333903739803634
"[0.006491049750922078, 0.8600200105339907, -0.8706524832872292, 0.006571298941372598]",18.280943700958584,2.536533538216071
"[0.006501386095819781, 0.8600103239331766, -0.8706599081412897, 0.006581893337151769]",18.28441962690633,2.539676702451779
"[0.006511760313156721, 0.8600006014392662, -0.8706673603846448, 0.0065925269747780174]",18.287899664206165,2.5428198666874864
"[0.0065221727869408126, 0.8599908426879198, -0.8706748402951956, 0.0066032002525730485]",18.291383815704002,2.545963030923194
"[0.0065326237070043374, 0.8599810474967173, -0.8706823480113856, 0.0066139133698886994]",18.294872074973284,2.5491061951589016
"[0.00654311347144075, 0.8599712154879853, -0.8706898838212949, 0.0066246667396251905]",18.298364445561855,2.5522493593946094
"[0.006553642342991108, 0.8599613464108433, -0.8706974479158007, 0.006635460636005337]",18.30186092495089,2.555392523630317
"[0.006564210604395946, 0.8599514399956049, -0.870705040500176, 0.006646295353818434]",18.305361506615583,2.5585356878660246
"[0.006574818614861075, 0.8599414959008398, -0.8707126618346595, 0.006657171266318232]",18.30886619732676,2.5616788521017324
"[0.0065854666547551025, 0.8599315138589496, -0.8707203121228823, 0.006668088666004792]",18.312374990853918,2.5648220163374402
"[0.006596155018817938, 0.8599214935888002, -0.8707279915788297, 0.006679047860181062]",18.31588788267661,2.5679651805731476
"[0.006606884042856036, 0.8599114347706887, -0.8707357004460251, 0.00669004919832939]",18.319404875587416,2.5711083448088554
"[0.006617654045101012, 0.8599013371013177, -0.870743438955397, 0.006701093011987535]",18.322925964299678,2.574251509044563
"[0.006628465301619677, 0.859891200316854, -0.8707512073076088, 0.006712179589528551]",18.32645114575075,2.5773946732802706
"[0.006639318149712477, 0.8598810240959822, -0.8707590057473548, 0.006723309282190517]",18.3299804172926,2.580537837515978
"[0.006650212910397666, 0.8598708081325818, -0.8707668345076628, 0.006734482424592454]",18.333513778126697,2.583681001751686
"[0.00666114988664022, 0.8598605521373869, -0.8707746938086217, 0.006745699332914327]",18.33705122460017,2.586824165987393
"[0.006672129403027036, 0.8598502558007862, -0.8707825838858906, 0.00675696034558719]",18.34059274762721,2.589967330223101
"[0.006683151766234433, 0.8598399188298903, -0.8707905049622914, 0.006768265782750083]",18.344138349024742,2.5931104944588084
"[0.006694217316816958, 0.8598295408999643, -0.8707984572850263, 0.006779615999368348]",18.347688023366327,2.596253658694516
"[0.006705326355600752, 0.859819121723458, -0.8708064410727812, 0.0067910113097370975]",18.35124176550807,2.599396822930224
"[0.006716479221014275, 0.8598086609774787, -0.8708144565713004, 0.006802452066801383]",18.354799571785232,2.6025399871659314
"[0.0067276762164077955, 0.8597981583719584, -0.8708225040011528, 0.006813938587603751]",18.358361436011833,2.605683151401639
"[0.006738917687479713, 0.8597876135770327, -0.8708305836133783, 0.006825471232710145]",18.361927355555036,2.608826315637347
"[0.006750203946814483, 0.8597770262938177, -0.8708386956352541, 0.0068370503287988795]",18.36549732203501,2.6119694798730544
"[0.006761535302354833, 0.8597663962277087, -0.8708468402907553, 0.006848676197866465]",18.369071332098585,2.615112644108762
"[0.006772912133623356, 0.859755723016872, -0.8708550178553437, 0.006860349235434555]",18.37264938418956,2.61825580834447
"[0.006784334739029145, 0.859745006375485, -0.8708632285462162, 0.0068720697538879804]",18.37623146657123,2.6213989725801774
"[0.006795803422550614, 0.8597342460124259, -0.870871472584608, 0.00688383807140639]",18.379817572054154,2.624542136815885
"[0.006807318548875548, 0.8597234415795321, -0.8708797502354311, 0.0068956545685503875]",18.383407700497326,2.6276853010515926
"[0.006818880444571667, 0.8597125927643217, -0.8708880617362343, 0.006907519586853493]",18.38700184092608,2.6308284652873004
"[0.006830489430062751, 0.8597016992599971, -0.8708964073201876, 0.00691943346163047]",18.390599989185414,2.6339716295230082
"[0.006842145863032768, 0.8596907607247128, -0.8709047872472856, 0.0069313965665237405]",18.39420213461984,2.6371147937587156
"[0.006853850035423767, 0.859679776878232, -0.8709132017302986, 0.006943409207793623]",18.397808272384477,2.6402579579944234
"[0.006865602320818597, 0.8596687473636186, -0.8709216510407306, 0.006955471775580649]",18.401418393933888,2.6434011222301312
"[0.006877403036757327, 0.8596576718764429, -0.8709301354098337, 0.00696758460259744]",18.4050324926479,2.6465442864658386
"[0.006889252539745493, 0.8596465500756199, -0.8709386550969146, 0.006979748061643655]",18.408650561157266,2.6496874507015464
"[0.006901151147175358, 0.8596353816566855, -0.8709472103331992, 0.0069919624854629355]",18.412272589348095,2.6528306149372542
"[0.006913099194740273, 0.8596241662979132, -0.8709558013631117, 0.007004228225676826]",18.415898568660626,2.6559737791729616
"[0.006925097045790274, 0.8596129036515242, -0.8709644284510039, 0.007016545662394563]",18.419528492362883,2.6591169434086694
"[0.006937145050797266, 0.8596015933817364, -0.8709730918520106, 0.007028915162603251]",18.42316234977874,2.6622601076443773
"[0.006949243526000935, 0.8595902351848127, -0.8709817917966927, 0.007041337058239825]",18.42680013349491,2.6654032718800846
"[0.006961392811096922, 0.859578828734907, -0.870990528532519, 0.007053811705418073]",18.430441831815592,2.6685464361157925
"[0.006973593259573539, 0.8595673736931307, -0.87099930231692, 0.007066339474512222]",18.434087435565804,2.6716896003515
"[0.006985845225091247, 0.8595558697203386, -0.871008113407494, 0.007078920736174137]",18.437736936792806,2.6748327645872076
"[0.0069981490367877295, 0.8595443165003165, -0.8710169620442463, 0.00709155583597359]",18.441390322104926,2.6779759288229155
"[0.007010505059961092, 0.8595327136828018, -0.8710258484932321, 0.007104245156714518]",18.445047583233503,2.681119093058623
"[0.007022913632943079, 0.8595210609427559, -0.8710347730011576, 0.007116989053610683]",18.44870870838752,2.6842622572943307
"[0.0070353751005695, 0.8595093579489375, -0.8710437358194513, 0.007129787888656568]",18.452373688966038,2.6874054215300385
"[0.007047889800264449, 0.859497604376969, -0.871052737194254, 0.007142642016337074]",18.456042511348684,2.690548585765746
"[0.007060458133043514, 0.8594857998426477, -0.8710617774174939, 0.007155551856559821]",18.45971516313517,2.6936917500014537
"[0.007073080382909725, 0.8594739440715717, -0.8710708566969795, 0.007168517709147499]",18.46339163521368,2.696834914237161
"[0.0070857569403349795, 0.8594620366892408, -0.8710799753171464, 0.007181539983390823]",18.4670719147396,2.699978078472869
"[0.007098488141760323, 0.8594500773718008, -0.8710891335236141, 0.007194619033187535]",18.470755988910202,2.7031212427085762
"[0.007111274369805877, 0.8594380657519172, -0.8710983315952675, 0.007207755259984274]",18.474443846257977,2.706264406944284
"[0.007124115949206267, 0.8594260015165286, -0.8711075697693985, 0.007220949005868812]",18.47813547374466,2.7094075711799914
"[0.007137013235918672, 0.8594138843231409, -0.8711168483058073, 0.007234200645114061]",18.48183085883498,2.7125507354156992
"[0.007149966587058406, 0.8594017138280673, -0.871126167465175, 0.007247510553294472]",18.485529984902936,2.7156938996514066
"[0.00716297638715227, 0.8593894896617564, -0.8711355275279544, 0.007260879134265605]",18.489232844534815,2.7188370638871144
"[0.007176042959956017, 0.8593772115116515, -0.871144928730925, 0.007274306729549793]",18.492939418909913,2.7219802281228223
"[0.007189166654312657, 0.8593648790415178, -0.8711543713289647, 0.0072877937065594384]",18.496649695650632,2.7251233923585296
"[0.007202347869481662, 0.8593524918676347, -0.8711638556132763, 0.007301340484635778]",18.500363661767295,2.7282665565942374
"[0.007215586921787053, 0.8593400496841084, -0.8711733818154404, 0.007314947398003034]",18.504081299510684,2.7314097208299453
"[0.007228884211056707, 0.859327552106459, -0.8711829502271728, 0.007328614866824256]",18.507802599476804,2.7345528850656526
"[0.007242240054413943, 0.8593149988278245, -0.8711925610807293, 0.007342343226375501]",18.511527540246796,2.7376960493013605
"[0.007255654853143944, 0.8593023894621277, -0.8712022146689792, 0.007356132898559033]",18.515256111028215,2.740839213537068
"[0.0072691289396572345, 0.8592897236879139, -0.8712119112352827, 0.007369984234601296]",18.518988295941423,2.7439823777727756
"[0.00728266267885994, 0.8592770011530738, -0.8712216510464351, 0.0073838976192502894]",18.522724075574867,2.7471255420084835
"[0.007296256451973659, 0.8592642214900399, -0.8712314343810288, 0.007397873454153368]",18.526463439614474,2.750268706244191
"[0.007309910598808257, 0.8592513843700614, -0.8712412614879058, 0.007411912098504992]",18.530206365590026,2.7534118704798987
"[0.00732362549711488, 0.8592384894286013, -0.8712511326432684, 0.0074260139506317855]",18.53395284093798,2.7565550347156065
"[0.007337401505747542, 0.8592255363187687, -0.8712610481097736, 0.007440179389557165]",18.5377028488965,2.759698198951314
"[0.007351238984328251, 0.8592125246928347, -0.8712710081506847, 0.007454408795218787]",18.541456371862967,2.7628413631870217
"[0.00736513833201355, 0.8591994541657713, -0.8712810130577793, 0.007468702588339142]",18.54521339094687,2.7659845274227295
"[0.0073790998467602766, 0.8591863244475951, -0.8712910630500449, 0.007483061085696349]",18.548973889117928,2.769127691658437
"[0.00739312394550538, 0.8591731351363155, -0.8713011584321697, 0.0074974847265556685]",18.552737848468833,2.7722708558941447
"[0.007407210993209164, 0.8591598858786933, -0.8713112994714857, 0.00751197389686308]",18.556505253549005,2.7754140201298525
"[0.007421361295297336, 0.8591465763773644, -0.8713214863925223, 0.007526528921456566]",18.560276081641742,2.77855718436556
"[0.0074355753113886005, 0.8591332061898105, -0.8713317195308706, 0.007541150283908624]",18.564050317861536,2.7817003486012677
"[0.00744985335177879, 0.8591197750138355, -0.8713419991146817, 0.007555838314332623]",18.567827941728655,2.784843512836975
"[0.007464195790921823, 0.8591062824867728, -0.8713523254183527, 0.007570593408968343]",18.57160893299271,2.787986677072683
"[0.007478602986422941, 0.8590927282616759, -0.8713626987042099, 0.007585415946859194]",18.575393273317484,2.7911298413083907
"[0.007493075352430863, 0.859079111938272, -0.8713731192753512, 0.007600306365360873]",18.57918094353022,2.794273005544098
"[0.0075076132096211345, 0.8590654332040997, -0.8713835873676329, 0.007615265005796181]",18.582971924080347,2.797416169779806
"[0.007522216932921716, 0.8590516916955258, -0.8713941032560331, 0.007630292265444174]",18.586766193679487,2.8005593340155137
"[0.007536886898706601, 0.8590378870474242, -0.8714046672166331, 0.00764538854321179]",18.590563730036568,2.803702498251221
"[0.0075516234691301734, 0.8590240189079152, -0.8714152795153366, 0.0076605542235159375]",18.594364517491897,2.806845662486929
"[0.007566427047294872, 0.8590100868864468, -0.8714259404475984, 0.007675789733059254]",18.5981685320633,2.8099888267226367
"[0.007581297941242443, 0.8589960906817983, -0.8714366502404759, 0.007691095400850559]",18.601975749792743,2.813131990958344
"[0.0075962365552100465, 0.8589820299020801, -0.8714474091903659, 0.007706471655046909]",18.605786154530847,2.816275155194052
"[0.007611243288621274, 0.8589679041597883, -0.8714582175902654, 0.00772191891900335]",18.6095997220023,2.8194183194297593
"[0.007626318448864853, 0.8589537131539154, -0.871469075666947, 0.007737437521483031]",18.61341643088602,2.822561483665467
"[0.007641462448763218, 0.8589394564840681, -0.8714799837231864, 0.007753027899927745]",18.617236258862526,2.8257046479011745
"[0.007656675633659709, 0.858925133813235, -0.8714909420132207, 0.007768690422463214]",18.621059181026773,2.8288478121368823
"[0.007671958392688145, 0.8589107447630371, -0.8715019508228947, 0.007784425502447883]",18.624885179433303,2.8319909763725897
"[0.007687311091823906, 0.8588962889767555, -0.871513010421438, 0.007800233529548893]",18.628714230069555,2.8351341406082975
"[0.007702734077394006, 0.8588817661160308, -0.8715241210639917, 0.007816114873352731]",18.632546304165018,2.838277304844005
"[0.007718227749279343, 0.8588671757919336, -0.871535283044342, 0.007832069958741252]",18.63638138489802,2.8414204690797127
"[0.007733792449131063, 0.8588525176702182, -0.8715464966143948, 0.007848099150791866]",18.640219443103277,2.8445636333154205
"[0.007749428561401813, 0.8588377913761898, -0.8715577620569572, 0.007864202858811167]",18.6440604623165,2.847706797551128
"[0.007765136454262325, 0.8588229965503367, -0.871569079643176, 0.007880381475496108]",18.647904410765566,2.8508499617868357
"[0.00778091650925829, 0.8588081328204024, -0.8715804496539025, 0.007896635407477239]",18.651751268494813,2.8539931260225435
"[0.0077967690554186855, 0.8587931998634474, -0.8715918723322174, 0.007912965007449129]",18.65560100821866,2.857136290258251
"[0.00781269452322144, 0.8587781972608206, -0.8716033479943698, 0.007929370732765933]",18.659453607987782,2.8602794544939587
"[0.007828693226803789, 0.8587631247033122, -0.8716148768728482, 0.007945852921099303]",18.66330904101019,2.863422618729666
"[0.007844765550481218, 0.8587479818154515, -0.8716264592507793, 0.007962411982574113]",18.667167281267037,2.866565782965374
"[0.007860911890007961, 0.8587327682108327, -0.8716380954196062, 0.007979048339268262]",18.671028305038067,2.8697089472010817
"[0.007877132571041168, 0.8587174835689408, -0.8716497856203278, 0.007995762341200547]",18.67489208416489,2.872852111436789
"[0.007893427955203194, 0.8587021275352242, -0.871661530119931, 0.008012554375605614]",18.67875859223253,2.875995275672497
"[0.007909798449040469, 0.8586866997126384, -0.8716733292178539, 0.008029424876180101]",18.68262780618378,2.8791384399082047
"[0.007926244420638526, 0.8586711997402178, -0.8716851831858905, 0.008046374237160552]",18.68649969886833,2.882281604143912
"[0.00794276618913943, 0.8586556273029753, -0.8716970922606277, 0.008063402802503386]",18.690374237778887,2.88542476837962
"[0.00795936414260984, 0.8586399820208024, -0.8717090567284058, 0.0080805109873683]",18.69425140385299,2.8885679326153277
"[0.007976038671646785, 0.8586242635110383, -0.8717210768774666, 0.008097699209702188]",18.698131165193853,2.891711096851035
"[0.007992790143163049, 0.8586084714131825, -0.8717331529790548, 0.00811496786321267]",18.702013498495244,2.894854261086743
"[0.008009618857181277, 0.8585926054296407, -0.8717452852562667, 0.008132317272816485]",18.705898370586834,2.8979974253224503
"[0.00802652522707532, 0.8585766651557898, -0.8717574740139897, 0.008149747880459744]",18.709785755191437,2.901140589558158
"[0.008043509634183625, 0.8585606502170404, -0.8717697195340955, 0.00816726009524137]",18.713675628075883,2.904283753793866
"[0.008060572399566488, 0.858544560295472, -0.871782022055073, 0.008184854264288048]",18.71756795609745,2.9074269180295733
"[0.008077713891175153, 0.8585283950287904, -0.871794381849294, 0.008202530783243884]",18.721462713557486,2.910570082265281
"[0.008094934511836127, 0.8585121540216372, -0.8718067992143562, 0.008220290083902806]",18.725359869360716,2.913713246500989
"[0.008112234559544457, 0.8584958369773541, -0.8718192743723452, 0.008238132490125791]",18.729259396659593,2.9168564107366963
"[0.008129614439559047, 0.8584794434979501, -0.8718318076227699, 0.008256058436574669]",18.733161266115854,2.919999574972404
"[0.008147074489589136, 0.8584629732489726, -0.8718443992165092, 0.00827406828842717]",18.73706544815829,2.923142739208112
"[0.008164615092680976, 0.8584464258530333, -0.8718570494372158, 0.00829216245780557]",18.740971910247115,2.9262859034438193
"[0.008182236613673245, 0.8584298009497435, -0.8718697585554928, 0.00831034133823741]",18.744880628411497,2.929429067679527
"[0.00819993933844056, 0.8584130982530435, -0.8718825267850704, 0.008328605241968462]",18.748791566366545,2.9325722319152345
"[0.008217723697255827, 0.8583963173404656, -0.8718953544439051, 0.008346954630397469]",18.752704699173922,2.9357153961509423
"[0.008235590011150349, 0.8583794578924306, -0.8719082417712458, 0.008365389852410953]",18.75661999390856,2.93885856038665
"[0.008253538644759547, 0.8583625195480457, -0.8719211890378712, 0.008383911302066796]",18.760537418698153,2.9420017246223575
"[0.008271569944239535, 0.8583455019636776, -0.8719341965013131, 0.00840251935454372]",18.764456944585163,2.9451448888580654
"[0.008289684294556227, 0.858328404758884, -0.8719472644471841, 0.008421214425263928]",18.76837854075122,2.9482880530937727
"[0.00830788202943099, 0.858311227601407, -0.8719603931242124, 0.008439996876956358]",18.772302174769887,2.9514312173294805
"[0.008326163457143184, 0.8582939701828304, -0.8719735827628514, 0.00845886704627457]",18.776227815344036,2.954574381565188
"[0.008344528987455874, 0.8582766320987655, -0.8719868336668549, 0.008477825374809742]",18.78015543295128,2.9577175458008957
"[0.008362978943263162, 0.858259213026633, -0.8720001460773893, 0.00849687221468995]",18.784084992410065,2.960860710036603
"[0.008381513660134496, 0.8582417126317154, -0.872013520244848, 0.008516007931311777]",18.788016465070818,2.964003874272311
"[0.00840013349833527, 0.8582241305557929, -0.8720269564375294, 0.008535232915764192]",18.791949815976157,2.9671470385080188
"[0.008418838821189687, 0.8582064664375713, -0.8720404549260258, 0.008554547562492923]",18.795885017424297,2.970290202743726
"[0.008437629974807376, 0.8581887199318177, -0.8720540159685957, 0.008573952248374256]",18.79982203144232,2.973433366979434
"[0.008456507203976244, 0.8581708907888205, -0.8720676397504565, 0.008593447245834522]",18.803760826190462,2.9765765312151413
"[0.008475471014338286, 0.8581529785122982, -0.8720813266451748, 0.008613033096899373]",18.807701374296727,2.979719695450849
"[0.008494521613999502, 0.8581349828868203, -0.8720950768116635, 0.00863271003650155]",18.811643637435928,2.982862859686557
"[0.008513659425221592, 0.8581169034944689, -0.8721088905634928, 0.008652478520969264]",18.815587582669036,2.9860060239222643
"[0.008532884715881754, 0.8580987400629854, -0.8721227681028858, 0.008672338847359459]",18.819533178317887,2.989149188157972
"[0.008552197891100411, 0.8580804921902583, -0.8721367097312201, 0.008692291454706654]",18.82348039196901,2.99229235239368
"[0.008571599220800159, 0.8580621596017228, -0.8721507156523682, 0.008712336642578474]",18.827429187035335,2.9954355166293873
"[0.00859108909607704, 0.8580437419081316, -0.8721647861577643, 0.008732474835932822]",18.83137953401272,2.998578680865095
"[0.008610667827092628, 0.8580252387965069, -0.8721789214805088, 0.008752706376324453]",18.835331394608275,3.001721845100803
"[0.008630335759080968, 0.8580066499205476, -0.8721931218791089, 0.00877303164174269]",18.839284739132943,3.0048650093365104
"[0.008650093208785414, 0.8579879749606779, -0.8722073875915934, 0.008793450980946792]",18.84323952698441,3.008008173572218
"[0.008669940472403118, 0.857969213616549, -0.8722217188412451, 0.008813964721666267]",18.84719573062586,3.0111513378079255
"[0.008689877922726422, 0.8579503655152219, -0.8722361159067428, 0.008834573270998635]",18.851153310637194,3.0142945020436334
"[0.008709905862050013, 0.857931430350195, -0.8722505790159527, 0.008855276963390122]",18.85511223571416,3.017437666279341
"[0.008730024627153995, 0.8579124077821672, -0.8722651084217362, 0.008876076169144789]",18.85907246884914,3.0205808305150486
"[0.008750234540191656, 0.8578932974854648, -0.8722797043664845, 0.008896971243659508]",18.86303397702035,3.0237239947507564
"[0.008770535896666412, 0.8578740991594245, -0.8722943670734309, 0.008917962514981694]",18.86699672341841,3.026867158986464
"[0.008790929077935645, 0.8578548124219798, -0.8723090968279147, 0.00893905040015428]",18.870960675574647,3.0300103232221716
"[0.008811414330418427, 0.857835437018497, -0.872323893817899, 0.008960235176887116]",18.874925794886703,3.0331534874578794
"[0.0088319919994056, 0.8578159726006106, -0.8723387583028616, 0.008981517225361488]",18.87889204902599,3.036296651693587
"[0.008852662385915961, 0.8577964188616435, -0.872353690510389, 0.00900289688017677]",18.88285939914068,3.0394398159292946
"[0.008873425818951487, 0.8577767754682385, -0.8723686906883803, 0.00902437450509621]",18.886827813145892,3.0425829801650024
"[0.008894282627551446, 0.8577570420867958, -0.872383759084856, 0.009045950464142399]",18.8907972526262,3.04572614440071
"[0.008915233066335562, 0.857737218453924, -0.8723988958941661, 0.009067625044567337]",18.894767682994377,3.0488693086364176
"[0.008936277475495052, 0.8577173042250659, -0.8724141013725772, 0.009089398622362804]",18.898739069299246,3.0520124728721254
"[0.008957416150186638, 0.8576972990980686, -0.8724293757439149, 0.009111271527150121]",18.90271137376137,3.0551556371078328
"[0.008978649433784465, 0.8576772027249387, -0.8724447192669426, 0.009133244138665302]",18.90668456228217,3.0582988013435406
"[0.008999977550498485, 0.8576570148702608, -0.8724601321144094, 0.009155316713549485]",18.910658596799916,3.0614419655792484
"[0.00902140083217491, 0.8576367351965429, -0.8724756145369381, 0.00917748962004538]",18.91463344055297,3.064585129814956
"[0.009042919603386506, 0.85761636337296, -0.8724911667799974, 0.009199763219099499]",18.918609059887153,3.0677282940506636
"[0.009064534138549574, 0.8575958991159589, -0.8725067890529029, 0.009222137819967524]",18.922585415913424,3.070871458286371
"[0.009086244741940691, 0.8575753421135096, -0.8725224815866497, 0.009244613763034733]",18.926562474866248,3.074014622522079
"[0.009108051663221657, 0.8575546921050881, -0.8725382445728513, 0.009267191332366233]",18.930540196459088,3.077157786757786
"[0.009129955208817663, 0.857533948776215, -0.8725540782442478, 0.009289870871013307]",18.93451854583881,3.080300950993494
"[0.009151955684883065, 0.8575131118124514, -0.8725699828334839, 0.009312652721977038]",18.938497485454796,3.0834441152292014
"[0.009174053367388474, 0.8574921809277319, -0.8725859585514825, 0.00933553719723048]",18.942476980482667,3.086587279464909
"[0.009196248536726797, 0.8574711558315933, -0.8726020056124617, 0.009358524613549248]",18.946456992912964,3.089730443700617
"[0.009218541505592027, 0.8574500362027586, -0.8726181242540922, 0.009381615321392348]",18.950437487048003,3.0928736079363244
"[0.00924093245534593, 0.8574288218441642, -0.872634314619184, 0.009404809535407243]",18.95441842291432,3.096016772172032
"[0.009263421750785459, 0.8574075123847471, -0.8726505769832779, 0.009428107660473767]",18.958399765565044,3.0991599364077396
"[0.009286009649697478, 0.8573861075546099, -0.8726669115446419, 0.009451509990858024]",18.962381477661673,3.1023031006434474
"[0.009308696381921482, 0.857364607110136, -0.8726833184814278, 0.009475016792088993]",18.966363523807328,3.105446264879155
"[0.009331482233198034, 0.8573430107545211, -0.8726997980123122, 0.009498628387838045]",18.970345861863905,3.1085894291148626
"[0.00935436749889216, 0.8573213181816208, -0.8727163503630343, 0.009522345111985535]",18.974328461198862,3.1117325933505704
"[0.009377352425790646, 0.8572995291311163, -0.8727329757242998, 0.009546167248301499]",18.97831127953735,3.114875757586278
"[0.009400437262788074, 0.8572776433404827, -0.8727496742884359, 0.009570095082963392]",18.982294279393447,3.1180189218219856
"[0.009423622268612446, 0.8572556605376606, -0.8727664462549818, 0.009594128912567125]",18.986277428570894,3.1211620860576934
"[0.009446907713346966, 0.8572335804396071, -0.8727832918317922, 0.009618269045710807]",18.99026068533061,3.124305250293401
"[0.009470293852461346, 0.8572114027769175, -0.8728002112162503, 0.009642515776075519]",18.994244014812857,3.1274484145291086
"[0.009493780883112465, 0.8571891273352794, -0.8728172045636493, 0.009666869337105994]",18.998227375174547,3.1305915787648164
"[0.0095173691503261, 0.8571667537599214, -0.8728342721363687, 0.009691330115802293]",19.00221073635049,3.133734743000524
"[0.009541058793687583, 0.8571442818907109, -0.8728514140482435, 0.009715898286362839]",19.006194054693523,3.1368779072362316
"[0.009564850136230546, 0.8571217113932952, -0.8728686305459459, 0.009740574213453626]",19.010177295684517,3.1400210714719394
"[0.00958874339325342, 0.8570990420352967, -0.8728859217982943, 0.00976535815024588]",19.014160420312713,3.1431642357076472
"[0.009612738759523428, 0.8570762736036134, -0.8729032879593436, 0.009790250328832401]",19.01814339281397,3.1463073999433546
"[0.009636836550911358, 0.8570534057700142, -0.8729207292708963, 0.009815251107167694]",19.02212617544763,3.149450564179062
"[0.009661036958271288, 0.8570304383246755, -0.8729382458843775, 0.009840360713749332]",19.02610873224831,3.1525937284147703
"[0.009685340187177748, 0.8570073710435997, -0.8729558379619629, 0.009865579392565455]",19.03009102139535,3.1557368926504776
"[0.009709746509956343, 0.856984203639215, -0.8729735057142463, 0.009890907457101474]",19.03407301029009,3.158880056886185
"[0.009734256105315673, 0.8569609359125945, -0.8729912492841557, 0.009916345123925493]",19.038054659678327,3.1620232211218933
"[0.009758869226766649, 0.8569375675935887, -0.8730090688688696, 0.009941892687464895]",19.042035931229755,3.1651663853576006
"[0.00978358605755674, 0.8569140984785394, -0.8730269646147983, 0.009967550369449732]",19.046016790423195,3.168309549593308
"[0.009808406872687976, 0.8568905282764485, -0.8730449367348866, 0.009993318487088326]",19.04999719924109,3.1714527138290163
"[0.00983333182592879, 0.8568668568112221, -0.8730629853543994, 0.010019197231965331]",19.053977116920432,3.1745958780647237
"[0.009858361145816504, 0.8568430838355523, -0.87308111065284, 0.010045186873514186]",19.057956509702276,3.177739042300431
"[0.0098834950421297, 0.8568192091197275, -0.8730993127962294, 0.010071287661925624]",19.06193534016755,3.1808822065361384
"[0.009908733736284326, 0.8567952324227633, -0.8731175919591186, 0.010097499859709577]",19.065913572644767,3.1840253707718467
"[0.009934077375961607, 0.8567711535735101, -0.8731359482627555, 0.010123823653023624]",19.06989116632751,3.187168535007554
"[0.00995952623064149, 0.8567469722848857, -0.873154381916705, 0.010150259354762374]",19.073868085764097,3.1903116992432614
"[0.00998508043176984, 0.8567226884007436, -0.8731728930306526, 0.010176807134672197]",19.077844294785375,3.1934548634789692
"[0.010010740184113945, 0.8566983016950583, -0.8731914817674914, 0.010203467238887215]",19.081819755613363,3.196598027714677
"[0.010036505726095999, 0.8566738119095948, -0.8732101483145992, 0.01023023994874899]",19.085794435455735,3.1997411919503844
"[0.010062377180015599, 0.8566492188962731, -0.8732288927753281, 0.010257125425169749]",19.089768290717014,3.2028843561860922
"[0.01008835473102107, 0.8566245224470719, -0.8732477152986577, 0.010284123894586354]",19.09374128873859,3.2060275204218
"[0.010114438624294782, 0.8565997222966719, -0.8732666160771709, 0.010311235646068893]",19.09771339418554,3.2091706846575074
"[0.010140628967420174, 0.8565748183103606, -0.8732855952038474, 0.010338460825900992]",19.101684566163993,3.2123138488932153
"[0.010166925952343853, 0.8565498102730087, -0.8733046528328942, 0.010365799668275524]",19.105654772533473,3.2154570131289226
"[0.010193329756369374, 0.8565246979831915, -0.8733237891080082, 0.010393252392395854]",19.109623973315284,3.2186001773646304
"[0.010219840553896313, 0.8564994812420333, -0.8733430041708821, 0.010420819214676247]",19.11359213711952,3.2217433416003383
"[0.010246458493836033, 0.8564741598746888, -0.873362298144834, 0.010448500325253993]",19.117559222635816,3.2248865058360456
"[0.010273183714468906, 0.8564487337162231, -0.8733816711455712, 0.010476295903429127]",19.121525195979792,3.228029670071753
"[0.010300016410845372, 0.856423202547479, -0.8734011233300523, 0.010504206187771552]",19.125490021526854,3.2311728343074613
"[0.010326956725562771, 0.8563975661989905, -0.8734206548173115, 0.010532231362525001]",19.12945366032271,3.2343159985431686
"[0.010354004790361582, 0.856371824511418, -0.8734402657186084, 0.010560371600857842]",19.1334160807785,3.237459162778876
"[0.010381160761096627, 0.8563459773022667, -0.873459956162782, 0.010588627101246566]",19.13737724682737,3.2406023270145843
"[0.010408424799428353, 0.8563200243833036, -0.8734797262829811, 0.010616998068437277]",19.14133711773925,3.2437454912502917
"[0.010435797033636122, 0.8562939655978586, -0.8734995761882466, 0.01064548467266524]",19.145295666263,3.246888655485999
"[0.010463277593158155, 0.8562678007879577, -0.8735195059885552, 0.010674087085589234]",19.149252848415305,3.2500318197217073
"[0.01049086660509239, 0.8562415297976499, -0.8735395157922816, 0.010702805476650451]",19.15320863590767,3.2531749839574147
"[0.01051856424261581, 0.8562151524268963, -0.8735596057413195, 0.010731640063481302]",19.157162990098985,3.256318148193122
"[0.01054637058409038, 0.8561886685657442, -0.8735797759088879, 0.010760590965231106]",19.16111587766961,3.2594613124288294
"[0.010574285745976606, 0.8561620780677646, -0.8736000263959307, 0.01078965834092004]",19.16506726128271,3.2626044766645377
"[0.010602309877779591, 0.8561353807548444, -0.8736203573274608, 0.010818842384198354]",19.169017107315376,3.265747640900245
"[0.010630443074283895, 0.856108576500794, -0.873640768788889, 0.010848143231952889]",19.172965381825584,3.2688908051359524
"[0.010658685502703267, 0.8560816651102106, -0.873661260918271, 0.010877561096725778]",19.176912049621023,3.2720339693716607
"[0.010687037177663433, 0.8560546465328874, -0.873681833743043, 0.01090709603233532]",19.18085707662631,3.275177133607368
"[0.01071549830102969, 0.8560275205399929, -0.8737024874265955, 0.010936748287858032]",19.184800430790585,3.2783202978430754
"[0.010744068900575837, 0.8560002870684055, -0.8737232220060854, 0.010966517931221604]",19.188742072232024,3.2814634620787837
"[0.010772749119551298, 0.8559729459447487, -0.8737440376025599, 0.010996405150874673]",19.192681972895244,3.284606626314491
"[0.01080153906577199, 0.8559454970292123, -0.8737649343114489, 0.011026410098568154]",19.19662009857046,3.2877497905501984
"[0.010830438772970108, 0.8559179402524295, -0.8737859121744984, 0.011056532849047129]",19.200556410705047,3.2908929547859067
"[0.010859448353204132, 0.8558902754701626, -0.8738069712903974, 0.01108677355889486]",19.204490880346306,3.294036119021614
"[0.010888567922726407, 0.8558625025339692, -0.8738281117609751, 0.011117132389287623]",19.208423473003737,3.2971792832573215
"[0.010917797509324572, 0.8558346213795871, -0.8738493336239276, 0.011147609409380001]",19.212354154774406,3.3003224474930297
"[0.010947137241103447, 0.8558066318468782, -0.8738706369898727, 0.011178204793124653]",19.216282893282408,3.303465611728737
"[0.01097658715955334, 0.8557785338581338, -0.8738920219066314, 0.011208918624367608]",19.220209656926638,3.3066087759644445
"[0.011006147360892804, 0.855750327283244, -0.8739134884618527, 0.011239751044231236]",19.22413441156921,3.3097519402001523
"[0.011035817881139056, 0.8557220120493519, -0.8739350366995572, 0.01127070213125086]",19.22805712576443,3.31289510443586
"[0.011065598801709512, 0.8556935880400929, -0.873956666696823, 0.011301772011517408]",19.231977765420627,3.3160382686715675
"[0.011095490161506258, 0.8556650551794915, -0.873978378499938, 0.011332960766968724]",19.23589630039433,3.3191814329072753
"[0.01112549203086369, 0.8556364133613878, -0.8740001721781054, 0.011364268512534805]",19.239812696656696,3.322324597142983
"[0.01115560448404995, 0.8556076624756733, -0.8740220478034778, 0.011395695367457326]",19.24372692570122,3.3254677613786905
"[0.011185827527346714, 0.8555788024769704, -0.8740440053989033, 0.011427241380219513]",19.247638953627956,3.3286109256143983
"[0.011216161233870904, 0.8555498332559069, -0.8740660450358673, 0.011458906669252741]",19.25154874660988,3.3317540898501057
"[0.011246605637386442, 0.8555207547405066, -0.8740881667573521, 0.011490691312109419]",19.25545627998736,3.3348972540858135
"[0.011277160782795989, 0.8554915668479752, -0.8741103706145176, 0.011522595398162541]",19.25936151809852,3.338040418321521
"[0.011307826679715565, 0.8554622695290524, -0.8741326566329624, 0.011554618980129352]",19.263264430553598,3.3411835825572287
"[0.011338603363049366, 0.8554328627101474, -0.8741550248567447, 0.011586762137317715]",19.267164987251405,3.344326746792936
"[0.01136949091202813, 0.8554033462751316, -0.8741774753622248, 0.011619024995529732]",19.271063158822184,3.347469911028644
"[0.011400489253833164, 0.8553737202530045, -0.8742000081153279, 0.011651407521933025]",19.274958911803495,3.3506130752643517
"[0.011431598492127817, 0.8553439845039373, -0.8742226232103395, 0.011683909868228438]",19.278852220635994,3.353756239500059
"[0.011462818593979194, 0.8553141390184816, -0.8742453206423318, 0.011716532043604726]",19.28274305291175,3.3568994037357665
"[0.011494149606403187, 0.855284183710599, -0.8742681004645787, 0.011749274140963266]",19.2866313792766,3.3600425679714747
"[0.011525591479849705, 0.8552541185864105, -0.8742909626602207, 0.011782136152470498]",19.2905171699969,3.363185732207182
"[0.011557144265690768, 0.8552239435553769, -0.8743139072858571, 0.011815118175942625]",19.29440039569923,3.3663288964428895
"[0.011588807961811075, 0.8551936585779342, -0.8743369343592745, 0.011848220253477119]",19.298281031124635,3.3694720606785977
"[0.01162058255803798, 0.8551632636220636, -0.8743600438924767, 0.01188144241892117]",19.302159041086245,3.372615224914305
"[0.011652468057751254, 0.8551327586426235, -0.8743832359073993, 0.011914784720464935]",19.306034402680126,3.3757583891500125
"[0.011684464419365628, 0.8551021436373333, -0.8744065103933466, 0.011948247159448144]",19.309907086742903,3.3789015533857207
"[0.011716571606398543, 0.8550714185988874, -0.8744298673434021, 0.011981829742702047]",19.313777061398483,3.382044717621428
"[0.011748789712021892, 0.8550405833957376, -0.8744533068450492, 0.012015532612853406]",19.317644300378507,3.3851878818571355
"[0.01178111859994198, 0.8550096381157852, -0.8744768288189079, 0.012049355672668599]",19.321508779609335,3.3883310460928437
"[0.011813558284778564, 0.8549785827023535, -0.8745004332954596, 0.012083298982936775]",19.3253704667454,3.391474210328551
"[0.011846108764898807, 0.8549474171141567, -0.8745241202934383, 0.012117362587622442]",19.329229340046233,3.3946173745642585
"[0.011878769936242014, 0.8549161414078357, -0.8745478897571096, 0.012151546423656567]",19.333085366825895,3.3977605387999668
"[0.011911541845680194, 0.8548847554953614, -0.8745717417406483, 0.012185850586090797]",19.336938522312423,3.400903703035674
"[0.011944424389103786, 0.8548532594331428, -0.874595676188417, 0.01222027501210783]",19.340788782536823,3.4040468672713815
"[0.011977417538775703, 0.8548216532043106, -0.8746196931004282, 0.01225481971898051]",19.344636117350014,3.4071900315070898
"[0.01201052128205414, 0.8547899367773821, -0.8746437924877549, 0.012289484739952714]",19.34848050223823,3.410333195742797
"[0.012043735516127512, 0.8547581102071258, -0.8746679742958939, 0.012324270013997404]",19.352321914635393,3.4134763599785045
"[0.012077060179796973, 0.8547261735083167, -0.8746922385006947, 0.012359175523798855]",19.356160323802385,3.416619524214212
"[0.012110495277469959, 0.8546941266327109, -0.8747165851258455, 0.012394201320917108]",19.35999570714659,3.41976268844992
"[0.012144040715218936, 0.8546619696261695, -0.8747410141234985, 0.01242934735405897]",19.363828040798047,3.4229058526856275
"[0.012177696408091753, 0.8546297025258329, -0.8747655254523987, 0.012464613581461953]",19.36765729627813,3.426049016921335
"[0.012211462270886075, 0.854597325368961, -0.8747901190711658, 0.012499999961232824]",19.371483452492473,3.429192181157043
"[0.012245338269055417, 0.8545648381441132, -0.8748147949753767, 0.012535506504705295]",19.3753064833892,3.4323353453927505
"[0.012279324335691233, 0.854532240870743, -0.8748395531371023, 0.012571133189445841]",19.37912636347356,3.435478509628458
"[0.012313420352474303, 0.8544995336174965, -0.8748643934910177, 0.012606879939257859]",19.382943071046302,3.438621673864166
"[0.012347626228364458, 0.8544667164267451, -0.8748893159917238, 0.012642746706660667]",19.386756583834988,3.4417648380998735
"[0.012381941931201158, 0.8544337892842425, -0.8749143206367821, 0.01267873350605208]",19.390566873171448,3.444908002335581
"[0.012416367297198, 0.8544007523019231, -0.8749394073279003, 0.012714840213924807]",19.394373925651724,3.4480511665712887
"[0.01245090228339889, 0.8543676054756627, -0.8749645760548876, 0.012751066833614223]",19.398177706912954,3.4511943308069966
"[0.012485546733600153, 0.8543343489099152, -0.8749898267250753, 0.012787413249789364]",19.401978197926926,3.454337495042704
"[0.012520300604990292, 0.8543009826001821, -0.8750151593284904, 0.012823879466194706]",19.405775382789788,3.4574806592784117
"[0.01255516374980041, 0.8542675066426122, -0.8750405737787125, 0.012860465376576867]",19.40956923157434,3.460623823514119
"[0.01259013607651457, 0.8542339210792484, -0.8750660700303731, 0.01289717093381648]",19.413359726513175,3.463766987749827
"[0.012625217465009473, 0.8542002259794924, -0.8750916480173012, 0.012933996060892685]",19.417146844822394,3.4669101519855348
"[0.01266040779094978, 0.8541664214167008, -0.8751173076703, 0.012970940676464721]",19.42093056500715,3.470053316221242
"[0.012695706968207897, 0.8541325074274206, -0.8751430489480834, 0.013008004739420381]",19.424710866569384,3.4731964804569495
"[0.01273111479237866, 0.8540984841617447, -0.8751688717231572, 0.01304518808455635]",19.428487729328175,3.4763396446926578
"[0.012766631223166743, 0.8540643516119902, -0.8751947759877524, 0.013082490719100158]",19.43226112953033,3.479482808928365
"[0.012802256079511975, 0.8540301099056423, -0.8752207616314864, 0.013119912502558229]",19.436031050383924,3.4826259731640725
"[0.01283798923165712, 0.8539957591208027, -0.8752468285814325, 0.01315745334840865]",19.43979746953123,3.485769137399781
"[0.012873830564798213, 0.8539612993211046, -0.8752729767756188, 0.013195113185941893]",19.44356036943077,3.488912301635488
"[0.012909779856104652, 0.8539267306739688, -0.8752992060732984, 0.01323289183102519]",19.447319728056954,3.4920554658711955
"[0.012945837071723348, 0.8538920531650199, -0.8753255164716431, 0.013270789298204494]",19.451075528974272,3.495198630106903
"[0.012982001985403913, 0.8538572669648158, -0.8753519078274858, 0.013308805399921976]",19.454827749649418,3.498341794342611
"[0.01301827447126554, 0.8538223721473156, -0.8753783800709309, 0.013346940054188952]",19.458576372704876,3.5014849585783185
"[0.013054654341924451, 0.8537873688455696, -0.8754049330872351, 0.013385193114442561]",19.462321381240574,3.504628122814026
"[0.013091141480784338, 0.8537522571244478, -0.8754315668133561, 0.013423564508630298]",19.46606275640629,3.507771287049734
"[0.013127735711439865, 0.8537170371062947, -0.8754582811426332, 0.013462054101892157]",19.469800478756902,3.5109144512854416
"[0.013164436811960705, 0.8536817089572181, -0.8754850759351983, 0.013500661711543965]",19.47353453041334,3.514057615521149
"[0.0132012446883911, 0.8536462727200818, -0.8755119511446441, 0.01353938728958888]",19.47726489750659,3.517200779756857
"[0.013238159139635865, 0.8536107285408087, -0.8755389066463772, 0.013578230675405315]",19.480991558771745,3.5203439439925646
"[0.013275179981161182, 0.8535750765493322, -0.8755659423279207, 0.013617191725849059]",19.484714499394258,3.523487108228272
"[0.013312307023772587, 0.8535393168800196, -0.875593058073421, 0.013656270292932128]",19.488433701033735,3.52663027246398
"[0.013349540060267387, 0.853503449684539, -0.8756202537538951, 0.013695466209762787]",19.492149147562476,3.5297734366996876
"[0.013386878968141901, 0.8534674750329138, -0.8756475293022528, 0.013734779398675614]",19.495860826853683,3.532916600935395
"[0.013424323521815603, 0.8534313930944036, -0.8756748845761424, 0.013774209673557926]",19.499568718728447,3.536059765171103
"[0.013461873497641276, 0.8533952040363865, -0.8757023194346375, 0.013813756850359196]",19.5032728082138,3.5392029294068106
"[0.01349952874416802, 0.8533589079566205, -0.8757298337895804, 0.01385342082111275]",19.50697307957002,3.542346093642518
"[0.01353728901728712, 0.8533225050421218, -0.8757574274851361, 0.01389320138031228]",19.51066951800374,3.545489257878226
"[0.01357515417003033, 0.8532859953862286, -0.8757851004364723, 0.013933098424825555]",19.514362112393837,3.5486324221139336
"[0.013613123924889742, 0.8532493792081048, -0.8758128524633763, 0.013973111714023484]",19.518050841320523,3.551775586349641
"[0.01365119811549904, 0.8532126566197187, -0.8758406834668774, 0.014013241124421838]",19.521735696278817,3.5549187505853492
"[0.013689376499992053, 0.8531758278058156, -0.8758685932928393, 0.014053486453009384]",19.525416660035003,3.5580619148210566
"[0.013727658909063004, 0.853138892881121, -0.8758965818401834, 0.014093847573295223]",19.52909371851899,3.561205079056764
"[0.013766045062231327, 0.8531018520675917, -0.8759246489265669, 0.014134324241612269]",19.53276686221673,3.5643482432924714
"[0.0138045347562424, 0.8530647055126666, -0.875952794426115, 0.014174916295729508]",19.536436073348618,3.5674914075281796
"[0.013843127754053644, 0.8530274533963558, -0.8759810181882629, 0.014215623537822774]",19.540101343147132,3.570634571763887
"[0.013881823858093839, 0.8529900958605771, -0.8760093200913159, 0.014256445811705489]",19.543762652775317,3.5737777359995944
"[0.013920622822730393, 0.8529526330935958, -0.8760376999784477, 0.014297382910539868]",19.54741999496204,3.576920900235302
"[0.013959524410300227, 0.8529150652759871, -0.8760661576986645, 0.014338434635898572]",19.55107335532193,3.58006406447101
"[0.01399852833238394, 0.8528773926373493, -0.8760946930638408, 0.014379600735790395]",19.554722724942184,3.5832072287067174
"[0.014037634387048005, 0.8528396153237551, -0.8761233059491249, 0.014420881049500655]",19.558368086127604,3.586350392942425
"[0.014076842377303148, 0.8528017334764599, -0.8761519962333009, 0.014462275421578177]",19.56200943057697,3.5894935571781326
"[0.014116151963519095, 0.8527637473745487, -0.8761807636907739, 0.014503783545971006]",19.565646750394308,3.5926367214138404
"[0.014155562911417958, 0.8527256571953299, -0.8762096081730366, 0.01454540522784192]",19.569280028358808,3.595779885649548
"[0.014195074985669801, 0.8526874631171331, -0.8762385295308124, 0.014587140271246603]",19.572909258688263,3.5989230498852556
"[0.014234687975256746, 0.8526491652947616, -0.8762675276326323, 0.014628988505946816]",19.576534427266775,3.602066214120963
"[0.01427440154764165, 0.852610764000533, -0.8762966022580627, 0.01467094963330585]",19.58015552794193,3.605209378356671
"[0.01431421548190947, 0.8525722593988484, -0.8763257532683814, 0.014713023472608704]",19.583772547097393,3.6083525425923786
"[0.014354129426969564, 0.8525336517800307, -0.8763549804295435, 0.014755209705552772]",19.587385476795998,3.611495706828086
"[0.01439414321130233, 0.8524949412607388, -0.8763842836389861, 0.0147975082036017]",19.59099430866753,3.6146388710637942
"[0.014434256522675444, 0.852456128093758, -0.8764136626911015, 0.014839918689480713]",19.59459902945471,3.6177820352995016
"[0.014474469095952555, 0.8524172124863385, -0.8764431174147612, 0.014882440935674719]",19.5981996355752,3.620925199535209
"[0.01451478061717919, 0.8523781946930111, -0.876472647603064, 0.014925074663012138]",19.60179611154874,3.6240683637709172
"[0.014555190845769823, 0.8523390748973273, -0.8765022531028415, 0.014967819669884206]",19.605388458653984,3.6272115280066246
"[0.014595699469468077, 0.852299853352246, -0.876531933708408, 0.01501067567884731]",19.6089766593477,3.630354692242332
"[0.014636306213290953, 0.852260530274684, -0.8765616892413685, 0.015053642451846622]",19.612560712003855,3.6334978564780402
"[0.014677010805224227, 0.8522211058787138, -0.8765915195254914, 0.015096719753939796]",19.61614060500847,3.6366410207137476
"[0.014717812899794418, 0.8521815804496058, -0.8766214243306907, 0.01513990727239544]",19.61971633166958,3.639784184949455
"[0.014758712267385479, 0.8521419541604506, -0.8766514035117727, 0.01518320481706238]",19.623287885690324,3.6429273491851624
"[0.014799708561462623, 0.8521022272976513, -0.8766814568378297, 0.015226612073983204]",19.626855260795402,3.6460705134208706
"[0.014840801499131563, 0.8520624000860098, -0.8767115841245775, 0.015270128796516147]",19.630418449210165,3.649213677656578
"[0.014881990767162945, 0.8520224727797775, -0.8767417851654713, 0.01531375470584681]",19.63397744262542,3.6523568418922854
"[0.014923276050824615, 0.8519824456347249, -0.8767720597528381, 0.015357489521506793]",19.63753223835782,3.6555000061279936
"[0.01496465705585466, 0.8519423188868448, -0.8768024076939874, 0.015401332984646507]",19.641082829677746,3.658643170363701
"[0.015006133455572846, 0.8519020928036148, -0.8768328287724309, 0.015445284802017492]",19.644629207913642,3.6617863345994084
"[0.015047704965437107, 0.8518617676117182, -0.8768633228025571, 0.015489344724953063]",19.64817137042456,3.6649294988351167
"[0.015089371241189774, 0.851821343595825, -0.876893889554924, 0.015533512441434435]",19.651709309462948,3.668072663070824
"[0.015131131962005408, 0.851780821017956, -0.8769245288172439, 0.015577787664197044]",19.65524302183902,3.6712158273065314
"[0.015172986821619786, 0.8517402001260745, -0.8769552403878805, 0.015622170121342385]",19.658772504660078,3.6743589915422397
"[0.015214935496352599, 0.8516994811851171, -0.8769860240523885, 0.01566665952243277]",19.662297749436572,3.677502155777947
"[0.015256977646404378, 0.851658664475751, -0.8770168795844567, 0.015711255559850364]",19.665818752001112,3.6806453200136544
"[0.015299112943534556, 0.85161775026751, -0.8770478067662184, 0.015755957938148636]",19.669335510969482,3.6837884842493627
"[0.015341341025660222, 0.8515767388628833, -0.8770788053549263, 0.01580076632588147]",19.672848022870607,3.68693164848507
"[0.015383661663117856, 0.8515356304358321, -0.877109875205005, 0.015845680532037488]",19.67635627795505,3.6900748127207774
"[0.01542607441637332, 0.8514944253642501, -0.877141016016771, 0.015890700142798773]",19.67986027952421,3.6932179769564852
"[0.015468578944426851, 0.851453123930442, -0.8771722275628248, 0.01593582484879436]",19.68336002202001,3.696361141192193
"[0.015511174986829314, 0.8514117263385192, -0.8772035096748831, 0.015981054426091008]",19.68685550141438,3.6995043054279004
"[0.015553862077409308, 0.8513702329926264, -0.8772348620335387, 0.01602638843221457]",19.69034671599355,3.7026474696636082
"[0.01559664001897495, 0.8513286440355665, -0.8772662845168899, 0.01607182671022872]",19.69383366391551,3.7057906338993156
"[0.01563950836806321, 0.8512869598496373, -0.8772977768221075, 0.016117368841543262]",19.697316342207454,3.7089337981350234
"[0.015682466758280448, 0.8512451807423496, -0.8773293387029106, 0.016163014489284935]",19.70079474646686,3.7120769623707313
"[0.015725514920155136, 0.8512033069270497, -0.8773609699841859, 0.016208763419466563]",19.704268878667847,3.7152201266064386
"[0.015768652419293202, 0.8511613387776076, -0.877392670369592, 0.016254615222729828]",19.70773873306327,3.718363290842146
"[0.015811878950745678, 0.8511192765420946, -0.8774244396578514, 0.01630056962716397]",19.71120431003721,3.721506455077854
"[0.015855194107976492, 0.8510771205675436, -0.8774562775729764, 0.016346626252747368]",19.714665610033418,3.7246496193135616
"[0.01589859756484645, 0.8510348711228763, -0.8774881838980134, 0.016392784804805268]",19.718122633688083,3.727792783549269
"[0.01594208895308255, 0.8509925285181393, -0.877520158384987, 0.016439044943739937]",19.721575373177,3.7309359477849764
"[0.015985667902299053, 0.8509500930655688, -0.8775522007843081, 0.0164854063275703]",19.72502383208227,3.7340791120206847
"[0.01602933403749172, 0.8509075650820335, -0.8775843108429323, 0.01653186860926217]",19.728468012158043,3.737222276256392
"[0.016073086997437303, 0.8508649448711153, -0.8776164883178886, 0.016578431456305418]",19.73190790898277,3.7403654404920994
"[0.016116926405923146, 0.8508222327511318, -0.8776487329551224, 0.01662509452009923]",19.735343525240314,3.7435086047278077
"[0.016160851903415506, 0.8507794290242883, -0.8776810445127846, 0.016671857469653585]",19.738774859501618,3.746651768963515
"[0.016204863085602903, 0.8507365340365682, -0.8777134227160237, 0.01671871992615955]",19.74220191377788,3.7497949331992224
"[0.0162489596046735, 0.8506935480790377, -0.8777458673314865, 0.016765681570813252]",19.745624685305295,3.7529380974349307
"[0.0162931410622294, 0.8506504714922153, -0.8777783780885378, 0.016812742030793554]",19.749043180376272,3.756081261670638
"[0.016337407085188032, 0.8506073045920923, -0.8778109547351007, 0.01685990096008195]",19.752457395818407,3.7592244259063454
"[0.016381757310484846, 0.8505640476850368, -0.8778435970264057, 0.016907158023183707]",19.755867334681977,3.7623675901420537
"[0.016426191292048455, 0.8505207011585387, -0.8778763046565164, 0.016954512795987364]",19.75927299838317,3.765510754377761
"[0.016470708702563324, 0.8504772652844094, -0.8779090774068357, 0.017001964980767177]",19.76267438831693,3.7686539186134684
"[0.01651530913756333, 0.8504337404098741, -0.8779419150019068, 0.01704951419741736]",19.766071503314592,3.7717970828491767
"[0.016559992172160722, 0.8503901269022683, -0.8779748171511568, 0.01709716004387286]",19.769464351312777,3.774940247084884
"[0.01660475745440503, 0.850346425057906, -0.8780077836176428, 0.017144902195664447]",19.772852929066048,3.7780834113205914
"[0.016649604616560756, 0.8503026351886553, -0.8780408141527322, 0.017192740311339386]",19.7762372417963,3.7812265755562997
"[0.016694533170032978, 0.8502587577245795, -0.8780739084186948, 0.017240673920332468]",19.779617289138145,3.784369739792007
"[0.01673954283170818, 0.8502147928952527, -0.8781070662290736, 0.017288702771110425]",19.78299308018888,3.7875129040277145
"[0.016784633090433584, 0.8501707411531504, -0.878140287229349, 0.017336826368642887]",19.786364609130917,3.7906560682634227
"[0.01682980362361352, 0.8501266027667423, -0.8781735712038299, 0.01738504441892297]",19.789731887432712,3.79379923249913
"[0.016875054010958547, 0.8500823781001112, -0.8782069178647702, 0.0174333565235018]",19.793094912950096,3.7969423967348375
"[0.0169203838391037, 0.8500380675107678, -0.8782403269294395, 0.017481762291119782]",19.796453690804324,3.800085560970545
"[0.01696579272173809, 0.849993671329963, -0.8782737981349616, 0.017530261359213206]",19.799808227463103,3.803228725206253
"[0.017011280212371752, 0.8499491899479757, -0.8783073311740159, 0.017578853300743977]",19.8031585202432,3.8063718894419605
"[0.017056845912351334, 0.8499046237085147, -0.8783409257744517, 0.01762753773955822]",19.806504577184374,3.809515053677668
"[0.017102489466630115, 0.849859972912813, -0.87837458169619, 0.017676314345911562]",19.809846403798545,3.812658217913376
"[0.01714821041425207, 0.8498152379658946, -0.8784082986209741, 0.017725182676686945]",19.813184003394834,3.8158013821490835
"[0.017194008394125364, 0.8497704191752814, -0.8784420763040977, 0.017774142395288687]",19.816517379183356,3.818944546384791
"[0.017239882922699703, 0.8497255169685323, -0.8784759144104474, 0.017823193034002496]",19.81984653722961,3.8220877106204987
"[0.017285833622409215, 0.8496805316696937, -0.8785098126829837, 0.017872334238199707]",19.823171481866236,3.8252308748562065
"[0.017331860023413616, 0.8496354636933522, -0.8785437707965025, 0.01792156555435711]",19.826492214836424,3.828374039091914
"[0.01737796183229841, 0.8495903132815412, -0.8785777885558764, 0.017970886717454466]",19.82980874917417,3.8315172033276217
"[0.01742413849417755, 0.84954508093256, -0.8786118655729555, 0.018020297182541393]",19.833121083079646,3.834660367563329
"[0.017470389667146532, 0.8494997669363379, -0.8786460016166473, 0.018069796632296777]",19.836429225564768,3.837803531799037
"[0.01751671491569612, 0.8494543716746944, -0.8786801963866915, 0.018119384649029652]",19.839733181186705,3.8409466960347447
"[0.01756311381458189, 0.8494088955196157, -0.8787144495903014, 0.018169060825800776]",19.84303295656364,3.844089860270452
"[0.017609585911280826, 0.8493633388700539, -0.8787487609144486, 0.01821882472622478]",19.846328557271598,3.8472330245061594
"[0.017656130834145318, 0.8493177020459, -0.8787831301057145, 0.01826867600028868]",19.849619990108902,3.8503761887418677
"[0.0002772308069031007, 0.8657720383028915, -0.8662215964734232, 0.00027737476093355417]",13.250602751503354,3.853519352977575
"[0.00027798541561235574, 0.8657713482795757, -0.8662221306713298, 0.00027813015467166184]",13.253946684960798,3.8566625172132825
"[0.0002787413110886226, 0.865770657077583, -0.866222665781088, 0.00027888683865716433]",13.257286570023265,3.8598056814489907
"[0.00027949848657899583, 0.865769964703078, -0.8662232017979219, 0.0002796448061410456]",13.260622414724756,3.862948845684698
"[0.00028025693640273654, 0.8657692711612447, -0.866223738717815, 0.0002804040514475211]",13.26395422446971,3.8660920099204055
"[0.00028101665363560856, 0.8657685764584044, -0.8662242765358701, 0.0002811645676559532]",13.267282004694634,3.8692351741561137
"[0.00028177763178664273, 0.8657678806004824, -0.8662248152474968, 0.00028192634827936926]",13.270605764806692,3.872378338391821
"[0.00028253986492023, 0.8657671835928964, -0.8662253548484977, 0.0002826893873866871]",13.273925509057474,3.8755215026275285
"[0.0002833033465419947, 0.8657664854415741, -0.8662258953342802, 0.0002834536784874188]",13.277241243241848,3.878664666863236
"[0.00028406807010343673, 0.8657657861524939, -0.8662264367002133, 0.0002842192150368377]",13.280552976947828,3.881807831098944
"[0.00028483402927039246, 0.8657650857314375, -0.866226978941817, 0.0002849859907047057]",13.283860720297193,3.8849509953346515
"[0.000285601217840261, 0.865764384184067, -0.8662275220547055, 0.00028575399929247106]",13.287164475426385,3.888094159570359
"[0.00028636962894704345, 0.8657636815166506, -0.8662280660340225, 0.0002865232339373783]",13.290464251098808,3.891237323806067
"[0.0002871392565944636, 0.8657629777346617, -0.8662286108755277, 0.00028729368864729185]",13.293760054002233,3.8943804880417745
"[0.00028791009373139976, 0.8657622728445377, -0.8662291565742342, 0.0002880653563740411]",13.297051895397097,3.897523652277482
"[0.0002886821347258797, 0.8657615668514193, -0.8662297031261589, 0.00028883823149005843]",13.300339782493475,3.90066681651319
"[0.00028945537207070767, 0.8657608597621611, -0.8662302505259925, 0.0002896123064904878]",13.303623720964747,3.9038099807488975
"[0.0002902297994215695, 0.865760151582555, -0.8662307987692477, 0.00029038757503453504]",13.306903723599719,3.906953144984605
"[0.0002910054110437243, 0.8657594423178352, -0.8662313478518695, 0.0002911640313915897]",13.310179793927306,3.910096309220313
"[0.0002917822002804644, 0.865758731974079, -0.8662318977691497, 0.00029194166890802184]",13.313451941701468,3.9132394734560205
"[0.000292560159675161, 0.8657580205580958, -0.8662324485158137, 0.0002927204801293432]",13.316720179363616,3.916382637691728
"[0.00029333928217986687, 0.8657573080763203, -0.8662330000868771, 0.00029350045801010785]",13.319984508359038,3.919525801927436
"[0.0002941195631880408, 0.8657565945329561, -0.8662335524790827, 0.0002942815979489233]",13.323244941480313,3.9226689661631435
"[0.000294900994680929, 0.8657558799353257, -0.8662341056867583, 0.00029506389192835694]",13.32650148992928,3.925812130398851
"[0.0002956835702714627, 0.8657551642892608, -0.8662346597053864, 0.0002958473335643928]",13.329754160623544,3.928955294634559
"[0.0002964672840742569, 0.8657544476001336, -0.8662352145308049, 0.0002966319169751973]",13.333002965614144,3.9320984588702665
"[0.00029725212740924723, 0.8657537298758724, -0.8662357701568735, 0.0002974176334811055]",13.336247905866115,3.935241623105974
"[0.0002980380955716279, 0.8657530111207701, -0.8662363265802655, 0.0002982044783820398]",13.339488999526923,3.9383847873416817
"[0.00029882518267259804, 0.8657522913402022, -0.8662368837968164, 0.0002989924457925712]",13.34272625581502,3.9415279515773896
"[0.0002996133788669852, 0.865751570543163, -0.8662374417995604, 0.0002997815258664039]",13.345959677371196,3.944671115813097
"[0.00030040267994188786, 0.8657508487334954, -0.8662380005855195, 0.0003005717143957546]",13.34918928288668,3.9478142800488043
"[0.00030119307822634337, 0.8657501259182053, -0.866238560149267, 0.0003013630037108002]",13.352415075521526,3.950957444284512
"[0.0003019845677874391, 0.8657494021027091, -0.8662391204866075, 0.0003021553878817311]",13.35563706859802,3.95410060852022
"[0.00030277714108326503, 0.8657486772938945, -0.8662396815922053, 0.00030294885936780303]",13.358855272606021,3.9572437727559273
"[0.0003035707916767226, 0.8657479514976388, -0.866240243461508, 0.0003037434117342718]",13.362069692273588,3.960386936991635
"[0.00030436551280415305, 0.8657472247201188, -0.8662408060897306, 0.00030453903821941726]",13.365280345932804,3.9635301012273425
"[0.0003051612980422807, 0.8657464969671987, -0.8662413694723308, 0.0003053357324021883]",13.36848724132485,3.9666732654630503
"[0.0003059581399984174, 0.8657457682456309, -0.8662419336040781, 0.00030613348689097783]",13.371690384959859,3.969816429698758
"[0.00030675603176889366, 0.8657450385617194, -0.8662424984800899, 0.00030693229478367864]",13.374889793071327,3.9729595939344655
"[0.00030755496840783144, 0.8657443079199786, -0.8662430640968684, 0.0003077321511381416]",13.378085473252495,3.9761027581701733
"[0.0003083549406333704, 0.8657435763288879, -0.8662436304478465, 0.000308533046671212]",13.381277436140172,3.979245922405881
"[0.0003091559432409451, 0.8657428437931978, -0.8662441975293438, 0.0003093349761816267]",13.384465696809704,3.9823890866415885
"[0.0003099579689130903, 0.8657421103195918, -0.8662447653361837, 0.00031013793235272203]",13.387650263306362,3.985532250877296
"[0.0003107610111570786, 0.8657413759139987, -0.8662453338637732, 0.00031094190869347806]",13.390831144422433,3.988675415113004
"[0.00031156506284726914, 0.8657406405829265, -0.8662459031070723, 0.0003117468980791079]",13.394008356143702,3.9918185793487115
"[0.0003123701168168499, 0.865739904332921, -0.8662464730610105, 0.00031255289334359285]",13.397181906844297,3.994961743584419
"[0.000313176166925212, 0.8657391671695889, -0.8662470437212448, 0.00031335988834819484]",13.400351809107072,3.998104907820127
"[0.00031398320662334896, 0.8657384290989111, -0.8662476150831424, 0.000314167876545266]",13.403518074882992,4.0012480720558345
"[0.0003147912277055013, 0.8657376901283834, -0.8662481871408977, 0.0003149768497283667]",13.406680714239839,4.004391236291542
"[0.00031560022513865406, 0.8657369502626006, -0.8662487598909514, 0.00031578680286748465]",13.409839742637752,4.00753440052725
"[0.0003164101907044059, 0.86573620950907, -0.866249333327489, 0.0003165977277433631]",13.412995166392479,4.010677564762958
"[0.00031722111796697193, 0.8657354678736691, -0.866249907445958, 0.00031740961792141016]",13.416146998164667,4.013820728998665
"[0.0003180329998912511, 0.8657347253628239, -0.8662504822413811, 0.0003182224663669521]",13.419295255504487,4.016963893234373
"[0.00031884583082048457, 0.8657339819816988, -0.8662510577097577, 0.00031903626742520256]",13.422439946882681,4.020107057470081
"[0.0003196596019724828, 0.865733237738318, -0.8662516338448738, 0.00031985101231215863]",13.425581085781484,4.023250221705788
"[0.000320474307967496, 0.8657324926375932, -0.8662522106429243, 0.0003206666956501972]",13.428718681027647,4.026393385941495
"[0.00032128994194347054, 0.865731746685792, -0.8662527880990548, 0.00032148331057764543]",13.431852748303601,4.029536550177204
"[0.00032210649636735527, 0.8657309998897956, -0.8662533662079358, 0.00032230084956087665]",13.4349832998904,4.032679714412911
"[0.0003229239639002245, 0.8657302522563082, -0.8662539449643749, 0.0003231193052605599]",13.43811034521971,4.035822878648618
"[0.0003237423393516997, 0.8657295037900684, -0.8662545243647011, 0.0003239386724884424]",13.441233903061297,4.038966042884327
"[0.0003245616148013616, 0.865728754498313, -0.8662551044033104, 0.00032475894332282916]",13.44435398144864,4.042109207120034
"[0.0003253817825588913, 0.8657280043880664, -0.8662556850747619, 0.00032558011007236985]",13.447470590737938,4.045252371355741
"[0.0003262028375998746, 0.8657272534639167, -0.8662562663755019, 0.0003264021677147551]",13.450583749608432,4.04839553559145
"[0.00032702477261167985, 0.8657265017325433, -0.8662568483003567, 0.00032722510893661033]",13.453693469161346,4.051538699827157
"[0.0003278475792207619, 0.8657257492015978, -0.8662574308434013, 0.00032804892536226316]",13.456799761625897,4.054681864062864
"[0.0003286712527672832, 0.8657249958753339, -0.8662580140013402, 0.0003288736123341862]",13.459902638860468,4.057825028298573
"[0.00032949578418932406, 0.8657242417620318, -0.8662585977677608, 0.00032969916078740084]",13.463002114772717,4.06096819253428
"[0.0003303211689152517, 0.8657234868658654, -0.8662591821394302, 0.0003305255661525346]",13.466098204615149,4.064111356769987
"[0.0003311473988406716, 0.865722731194239, -0.8662597671106138, 0.0003313528203230767]",13.46919092013955,4.067254521005696
"[0.00033197446659738824, 0.8657219747538847, -0.8662603526760982, 0.0003321809159295984]",13.472280273924769,4.070397685241403
"[0.000332802366213366, 0.8657212175502567, -0.8662609388316589, 0.0003330098470003841]",13.475366281028865,4.07354084947711
"[0.0003336310910616667, 0.865720459589409, -0.8662615255726068, 0.0003338396069080004]",13.478448953375963,4.076684013712819
"[0.00033446063338854736, 0.8657197008784254, -0.8662621128934563, 0.00033467018789670397]",13.481528305471288,4.079827177948526
"[0.000335290986930877, 0.8657189414230274, -0.866262700789776, 0.00033550158370312754]",13.484604350538259,4.082970342184233
"[0.00033612214510898473, 0.8657181812292256, -0.8662632892569105, 0.000336333787746927]",13.487677103674033,4.086113506419942
"[0.00033695410088166943, 0.8657174203034529, -0.8662638782898784, 0.0003371667929855578]",13.490746575661756,4.089256670655649
"[0.00033778684711357717, 0.8657166586522281, -0.8662644678836304, 0.00033800059228210024]",13.49381278393369,4.092399834891356
"[0.00033862037744870134, 0.8657158962813578, -0.86626505803367, 0.0003388351792799439]",13.496875739715914,4.095542999127065
"[0.0003394546846796011, 0.865715133197427, -0.8662656487348975, 0.000339670546769851]",13.499935457990246,4.098686163362772
"[0.00034028976207342245, 0.865714369406587, -0.8662662399825489, 0.00034050668801765025]",13.502991951131873,4.101829327598479
"[0.0003411256034984449, 0.8657136049144389, -0.8662668317722861, 0.0003413435968910486]",13.50604523802337,4.104972491834187
"[0.0003419622015473519, 0.8657128397277511, -0.8662674240988676, 0.0003421812659804968]",13.509095328330343,4.108115656069895
"[0.0003427995491987434, 0.865712073852939, -0.8662680169573252, 0.0003430196882627421]",13.512142235536142,4.111258820305602
"[0.00034363764006265125, 0.8657113072958403, -0.866268610343138, 0.0003438588573465033]",13.515185977109386,4.11440198454131
"[0.00034447646679950267, 0.8657105400631613, -0.8662692042511121, 0.0003446987658898974]",13.518226564528097,4.117545148777018
"[0.0003453160239509176, 0.8657097721598878, -0.8662697986773863, 0.00034553940843444985]",13.52126401562473,4.120688313012725
"[0.0003461563036301546, 0.8657090035932272, -0.8662703936163791, 0.0003463807770900617]",13.524298341207238,4.123831477248433
"[0.00034699729949509917, 0.8657082343689739, -0.8662709890636037, 0.00034722286551328556]",13.527329558472148,4.126974641484141
"[0.00034783900531375157, 0.8657074644928211, -0.86627158501465, 0.000348065667470727]",13.530357680301577,4.130117805719848
"[0.00034868141343721956, 0.8657066939717589, -0.8662721814641058, 0.00034890917531025297]",13.533382723410652,4.133260969955556
"[0.00034952451732859363, 0.8657059228117602, -0.8662727784073452, 0.00034975338249311185]",13.536404697105667,4.136404134191263
"[0.0003503683108168465, 0.865705151018463, -0.8662733758400021, 0.0003505982828467637]",13.539423622985655,4.1395472984269714
"[0.0003512127865043203, 0.8657043785986274, -0.8662739737568416, 0.0003514438689704107]",13.542439510339904,4.142690462662679
"[0.0003520579383223858, 0.865703605557798, -0.8662745721535695, 0.00035229013479388445]",13.545452377636,4.145833626898386
"[0.0003529037595160652, 0.8657028319021475, -0.8662751710254062, 0.00035313707355975757]",13.54846223822332,4.148976791134094
"[0.0003537502431771984, 0.8657020576379885, -0.8662757703674628, 0.00035398467835704984]",13.551469105160793,4.152119955369802
"[0.000354597382665586, 0.8657012827713886, -0.8662763701750408, 0.00035483294254311]",13.554472997860612,4.155263119605509
"[0.0003554451712641499, 0.865700507308486, -0.8662769704433869, 0.0003556818593982689]",13.557473927346042,4.158406283841217
"[0.0003562936026053658, 0.8656997312550992, -0.8662775711679954, 0.0003565314225525033]",13.560471909067116,4.161549448076924
"[0.000357142670383175, 0.8656989546169902, -0.8662781723444037, 0.00035738162569763903]",13.563466959820788,4.164692612312632
"[0.00035799236754529727, 0.8656981774006042, -0.8662787739676215, 0.0003582324617779662]",13.566459091743269,4.16783577654834
"[0.00035884268678931737, 0.8656973996126146, -0.866279376032481, 0.00035908392348732573]",13.569448326089422,4.170978940784047
"[0.0003596936228191752, 0.8656966212578604, -0.8662799785352346, 0.00035993600552851253]",13.572434671800975,4.174122105019755
"[0.00036054516820814347, 0.8656958423431289, -0.8662805814706266, 0.00036078870047060336]",13.57541814542777,4.177265269255463
"[0.00036139731682834325, 0.86569506287402, -0.8662811848343208, 0.0003616420021833899]",13.57839876456265,4.18040843349117
"[0.00036225006187527356, 0.8656942828567527, -0.8662817886215015, 0.0003624959038588115]",13.581376539170327,4.183551597726877
"[0.00036310339821439026, 0.8656935022960173, -0.8662823928285358, 0.0003633504003611979]",13.584351494830003,4.186694761962586
"[0.0003639573160481044, 0.865692721200771, -0.8662829974484891, 0.0003642054818852369]",13.587323636050858,4.189837926198293
"[0.0003648118120008054, 0.8656919395740961, -0.8662836024789736, 0.0003650611450563497]",13.590292983640389,4.192981090434
"[0.00036566687843768143, 0.8656911574229711, -0.8662842079145859, 0.000365917382234803]",13.59325955265961,4.196124254669709
"[0.00036652250920501353, 0.8656903747530198, -0.8662848137509709, 0.0003667741872638946]",13.596223358730121,4.199267418905416
"[0.0003673786975616099, 0.8656895915704033, -0.8662854199833582, 0.0003676315533987296]",13.599184415424212,4.202410583141123
"[0.0003682354369397906, 0.8656888078811241, -0.8662860266070995, 0.0003684894740678198]",13.602142741045668,4.205553747376832
"[0.0003690927210681003, 0.8656880236909138, -0.8662866336177569, 0.00036934794299652935]",13.605098347626877,4.208696911612539
"[0.0003699505435763761, 0.8656872390055946, -0.866287241010822, 0.0003702069538109729]",13.608051256866593,4.211840075848246
"[0.00037080889838005706, 0.8656864538307277, -0.8662878487819887, 0.00037106650042338375]",13.611001479384365,4.214983240083955
"[0.00037166777773545937, 0.865685668173391, -0.8662884569257764, 0.00037192657508453795]",13.613949028624596,4.218126404319662
"[0.0003725271774613725, 0.8656848820374047, -0.8662890654392267, 0.0003727871736124655]",13.616893928761229,4.221269568555369
"[0.0003733870902118436, 0.8656840954294838, -0.8662896743171402, 0.0003736482886559124]",13.619836189200965,4.224412732791078
"[0.0003742475086613472, 0.8656833083563243, -0.8662902835543322, 0.0003745099128841322]",13.622775824999001,4.227555897026785
"[0.00037510842850520915, 0.8656825208218599, -0.8662908931477566, 0.0003753720419912541]",13.62571285803824,4.230699061262492
"[0.0003759698410923843, 0.8656817328339992, -0.8662915030912903, 0.00037623466731898726]",13.62864729534809,4.233842225498201
"[0.0003768317427822602, 0.8656809443960679, -0.8662921133823575, 0.00037709778522638566]",13.631579163159056,4.236985389733908
"[0.00037769412592015053, 0.8656801555150638, -0.8662927240155398, 0.00037796138805258346]",13.63450847088574,4.240128553969615
"[0.00037855698304299916, 0.8656793661978096, -0.8662933349855552, 0.00037882546832872883]",13.637435232962243,4.243271718205324
"[0.00037942030994741365, 0.8656785764481457, -0.866293946289429, 0.00037969002185005916]",13.640359470604249,4.246414882441031
"[0.0003802840995473538, 0.8656777862725502, -0.8662945579221463, 0.00038055504152499864]",13.643281194104606,4.249558046676738
"[0.00038114834659833867, 0.8656769956758164, -0.8662951698799949, 0.00038142052210616336]",13.646200428142947,4.252701210912446
"[0.00038201304439568407, 0.8656762046640731, -0.8662957821582297, 0.0003822864568835251]",13.649117181813036,4.255844375148154
"[0.00038287818598780894, 0.8656754132436756, -0.86629639475193, 0.0003831528389002494]",13.652031471365513,4.258987539383861
"[0.00038374376618043304, 0.8656746214193713, -0.8662970076574198, 0.00038401966295863627]",13.654943316140441,4.262130703619569
"[0.0003846097786435432, 0.8656738291969466, -0.8662976208702189, 0.00038488692272402824]",13.657852730223969,4.265273867855277
"[0.0003854762174561768, 0.8656730365818144, -0.8662982343861364, 0.00038575461227107404]",13.660759730141912,4.268417032090984
"[0.0003863430762851167, 0.865672243579764, -0.8662988482006898, 0.0003866227252616112]",13.663664331441876,4.271560196326692
"[0.00038721034924334564, 0.865671450196177, -0.8662994623097121, 0.000387491255804104]",13.666566551442633,4.2747033605624
"[0.0003880780306098485, 0.8656706564362833, -0.8663000767091541, 0.0003883601981733953]",13.6694664044017,4.2778465247981075
"[0.0003889461140399287, 0.865669862305883, -0.8663006913945253, 0.0003892295460194266]",13.672363910759307,4.280989689033815
"[0.00038981459401965805, 0.8656690678100171, -0.866301306361922, 0.0003900992938242397]",13.675259084473396,4.284132853269523
"[0.00039068346428881195, 0.8656682729544082, -0.8663019216069143, 0.00039096943532238596]",13.678151940992118,4.2872760175052305
"[0.00039155271884320814, 0.8656674777445453, -0.8663025371252517, 0.00039183996450456514]",13.681042497068667,4.290419181740938
"[0.00039242235099245094, 0.8656666821865461, -0.8663031529121983, 0.00039271087467447765]",13.683930765946545,4.293562345976646
"[0.0003932923576035796, 0.8656658862832727, -0.8663037689655373, 0.00039358216269808305]",13.686816772848719,4.2967055102123535
"[0.00039416272995306076, 0.8656650900427022, -0.8663043852790933, 0.0003944538198428481]",13.689700527312073,4.299848674448061
"[0.00039503346339088093, 0.865664293469085, -0.866305001849575, 0.0003953258414554137]",13.69258204569685,4.302991838683769
"[0.0003959045525879514, 0.865663496567293, -0.8663056186732105, 0.00039619822220220396]",13.695461347693032,4.3061350029194765
"[0.00039677599148360955, 0.8656626993428675, -0.8663062357457098, 0.00039707095601716584]",13.698338446864023,4.309278167155184
"[0.0003976477739681954, 0.8656619018013949, -0.8663068530627477, 0.0003979440367851128]",13.701213362265806,4.312421331390892
"[0.00039851989464622295, 0.8656611039478074, -0.8663074706205056, 0.0003988174591055702]",13.704086107489445,4.3155644956265995
"[0.00039939234698434706, 0.8656603057880791, -0.866308088414358, 0.0003996912164389741]",13.706956700179369,4.318707659862307
"[0.0004002651271682033, 0.8656595073256965, -0.8663087064416058, 0.0004005653049684684]",13.709825158952071,4.321850824098015
"[0.0004011382272686005, 0.8656587085679102, -0.8663093246966357, 0.00040143971675623186]",13.712691496141563,4.3249939883337225
"[0.0004020116442653238, 0.8656579095174806, -0.8663099431773101, 0.00040231444878062114]",13.715555734837492,4.32813715256943
"[0.0004028853707070752, 0.8656571101812217, -0.8663105618783539, 0.0004031894935822638]",13.718417885056581,4.331280316805137
"[0.00040375940199650526, 0.865656310563336, -0.8663111807965135, 0.00040406484655981784]",13.721277968383028,4.3344234810408455
"[0.00040463373182507146, 0.8656555106695929, -0.8663117999273223, 0.00040494050139823235]",13.724135995765561,4.337566645276553
"[0.0004055083545356459, 0.8656547105051645, -0.8663124192667762, 0.0004058164524348351]",13.726991988491784,4.34070980951226
"[0.00040638326599485626, 0.8656539100738295, -0.8663130388119493, 0.0004066926955327527]",13.729845965517038,4.3438529737479685
"[0.00040725845966125987, 0.8656531093815705, -0.8663136585582105, 0.0004075692241433527]",13.732697935896452,4.346996137983676
"[0.00040813393054781245, 0.8656523084329466, -0.86631427850203, 0.00040844603327493334]",13.735547919000357,4.350139302219383
"[0.0004090096731006917, 0.8656515072330366, -0.8663148986394758, 0.00040932311736783465]",13.738395935708976,4.3532824664550915
"[0.00040988568285035387, 0.8656507057859267, -0.8663155189673841, 0.0004102004719484476]",13.741242001082677,4.356425630690799
"[0.0004107619523534391, 0.8656499040984249, -0.8663161394804854, 0.0004110780895642997]",13.744086127417066,4.359568794926506
"[0.000411638478567316, 0.8656491021733119, -0.8663167601766261, 0.00041195596717095187]",13.746928335842055,4.3627119591622145
"[0.00041251525536118024, 0.8656483000161944, -0.8663173810514657, 0.00041283409863057457]",13.749768644010503,4.365855123397922
"[0.0004133922773796415, 0.8656474976319697, -0.8663180021012135, 0.0004137124785819696]",13.752607064945432,4.368998287633629
"[0.0004142695390554518, 0.865646695025729, -0.8663186233219276, 0.00041459110145168615]",13.755443617562305,4.372141451869338
"[0.0004151470368827629, 0.8656458922006776, -0.8663192447111266, 0.00041546996373080687]",13.758278318569763,4.375284616105045
"[0.00041602476329587353, 0.8656450891637347, -0.866319866263454, 0.0004163490578441848]",13.761111182585465,4.378427780340752
"[0.0004169027151884181, 0.8656442859177408, -0.8663204879767112, 0.00041722838068291435]",13.763942231125295,4.38157094457646
"[0.00041778088621059306, 0.865643482468503, -0.8663211098464023, 0.0004181079258893907]",13.766771476552536,4.384714108812168
"[0.00041865927229535195, 0.8656426788197402, -0.8663217318696484, 0.000418987689392476]",13.769598937866661,4.387857273047875
"[0.00041953786736413813, 0.8656418749770118, -0.8663223540421459, 0.0004198676651061664]",13.772424629735113,4.391000437283583
"[0.00042041666745519014, 0.8656410709439405, -0.8663229763610902, 0.00042074784906454433]",13.775248573747522,4.39414360151929
"[0.0004212956684600836, 0.8656402667242833, -0.8663235988235726, 0.0004216282371547452]",13.778070783507799,4.397286765754998
"[0.0004221748635801524, 0.8656394623242584, -0.8663242214247799, 0.00042250882256935073]",13.780891275900084,4.400429929990706
"[0.0004230542478949512, 0.8656386577483662, -0.8663248441612282, 0.0004233896003820555]",13.783710065279076,4.403573094226413
"[0.0004239338178828222, 0.8656378529998267, -0.8663254670304247, 0.00042427056706749726]",13.786527173353992,4.406716258462121
"[0.00042481356737655504, 0.8656370480842808, -0.8663260900280028, 0.0004251517164505029]",13.789342613013309,4.409859422697829
"[0.000425693492807588, 0.8656362430049918, -0.866326713151436, 0.0004260330449586154]",13.792156405341485,4.413002586933536
"[0.0004265735891046962, 0.8656354377665977, -0.8663273363971338, 0.00042691454751426204]",13.794968564744151,4.4161457511692435
"[0.0004274538522573592, 0.8656346323727668, -0.8663279597622573, 0.00042779622010220955]",13.797779108611982,4.419288915404952
"[0.0004283342766509268, 0.8656338268286343, -0.8663285832428308, 0.00042867805710046665]",13.800588054949015,4.422432079640659
"[0.0004292148563977191, 0.8656330211395858, -0.8663292068346855, 0.00042956005261349575]",13.803395417121573,4.4255752438763665
"[0.00043009559032647696, 0.8656322153066911, -0.8663298305369932, 0.00043044220546971227]",13.806201217847915,4.428718408112074
"[0.0004309764712727792, 0.8656314093365042, -0.8663304543446804, 0.00043132450849466783]",13.809005468801983,4.431861572347782
"[0.00043185749405318525, 0.8656306032337665, -0.8663310782540772, 0.00043220695649800713]",13.811808186884315,4.4350047365834895
"[0.0004327386564023165, 0.8656297970005489, -0.8663317022635801, 0.0004330895472121046]",13.814609393644002,4.438147900819197
"[0.00043361995302023033, 0.8656289906416997, -0.8663323263694361, 0.0004339722753298068]",13.817409103688448,4.441291065054905
"[0.00043450138035211044, 0.8656281841604703, -0.8663329505691288, 0.00043485513729185854]",13.82020733508029,4.4444342292906125
"[0.00043538293074398487, 0.8656273775638623, -0.866333574857238, 0.00043573812543311227]",13.82300409953946,4.44757739352632
"[0.00043626460500283717, 0.8656265708511364, -0.8663341992343362, 0.0004366212405631136]",13.825799423793498,4.450720557762028
"[0.0004371463939571164, 0.865625764030683, -0.8663348236939288, 0.0004375044734965301]",13.828593315922273,4.4538637219977355
"[0.00043802829506777753, 0.8656249571048241, -0.8663354482342178, 0.00043838782169130537]",13.831385796357141,4.457006886233443
"[0.00043891030542566657, 0.8656241500762211, -0.866336072853144, 0.00043927128223463386]",13.834176881661817,4.460150050469151
"[0.0004397924207277426, 0.8656233429488095, -0.8663366975476601, 0.0004401548508174828]",13.836966591452713,4.4632932147048585
"[0.000440674633947624, 0.8656225357290177, -0.866337322312791, 0.00044103852040292576]",13.839754939478667,4.466436378940566
"[0.0004415569436656413, 0.8656217284181439, -0.8663379471475318, 0.00044192228956993485]",13.84254194424194,4.469579543176274
"[0.0004424393464395744, 0.8656209210193365, -0.8663385720494446, 0.00044280615487156]",13.845327624913693,4.4727227074119815
"[0.00044332183542535167, 0.865620113538857, -0.8663391970136837, 0.0004436901094532979]",13.84811199277254,4.475865871647689
"[0.00044420440848080367, 0.8656193059786649, -0.8663398220387319, 0.00044457415117028917]",13.850895069214888,4.479009035883397
"[0.0004450870616153821, 0.8656184983424107, -0.8663404471217635, 0.0004454582760261814]",13.853676870312954,4.4821522001191045
"[0.00044596979071564953, 0.8656176906338572, -0.8663410722598663, 0.0004463424799014755]",13.856457415338342,4.485295364354812
"[0.0004468525912375368, 0.865616882857162, -0.8663416974498221, 0.000447226758245265]",13.859236715611887,4.488438528590519
"[0.0004477354601073625, 0.8656160750151365, -0.8663423226894548, 0.00044811110797943703]",13.86201479485824,4.4915816928262275
"[0.0004486183934696107, 0.8656152671113082, -0.866342947976034, 0.0004489955252426925]",13.86479166679745,4.494724857061935
"[0.0004495013874313349, 0.8656144591492385, -0.8663435733068029, 0.0004498800061361837]",13.867567348380613,4.497868021297642
"[0.00045038443889339446, 0.8656136511317628, -0.8663441986795674, 0.00045076454755615985]",13.870341859575703,4.501011185533351
"[0.00045126754242576136, 0.8656128430638487, -0.8663448240904819, 0.00045164914406399715]",13.873115210970548,4.504154349769058
"[0.0004521506956421647, 0.8656120349476797, -0.8663454495378567, 0.0004525337932699176]",13.875887425073573,4.507297514004765
"[0.00045303389546084684, 0.8656112267860753, -0.8663460750195097, 0.00045341849208744303]",13.87865852104068,4.510440678240474
"[0.00045391713818862566, 0.8656104185824137, -0.8663467005328254, 0.0004543032368175889]",13.881428510279838,4.513583842476181
"[0.00045480041922194914, 0.865609610340908, -0.8663473260745438, 0.0004551880228494005]",13.884197412830654,4.516727006711888
"[0.00045568373718887355, 0.8656088020628124, -0.8663479516436937, 0.00045607284880899035]",13.88696524702924,4.519870170947597
"[0.0004565670857879371, 0.8656079937538933, -0.8663485772358122, 0.0004569577083844963]",13.88973202518736,4.523013335183304
"[0.0004574504640758631, 0.8656071854150131, -0.8663492028502312, 0.0004578426006313497]",13.8924977727105,4.526156499419011
"[0.0004583338670044745, 0.865606377050791, -0.8663498284833763, 0.0004587275204930133]",13.895262495247058,4.52929966365472
"[0.00045921729361147264, 0.8656055686621074, -0.8663504541345659, 0.0004596124670057957]",13.898026221320027,4.532442827890427
"[0.0004601007382460398, 0.8656047602541328, -0.8663510797997979, 0.00046049743450938657]",13.900788963037167,4.535585992126134
"[0.0004609841988962704, 0.8656039518287083, -0.8663517054776476, 0.0004613824209886032]",13.903550735961906,4.538729156361843
"[0.0004618676721471828, 0.8656031433889584, -0.8663523311656969, 0.0004622674230227271]",13.906311558599235,4.54187232059755
"[0.0004627511557020911, 0.8656023349369845, -0.866352956862319, 0.0004631524383112342]",13.909071450960434,4.545015484833257
"[0.00046363464583391964, 0.8656015264761975, -0.866353582564874, 0.00046403746312069223]",13.911830425732916,4.548158649068966
"[0.0004645181389933762, 0.8656007180098447, -0.8663542082708492, 0.0004649224938957112]",13.914588502572121,4.551301813304673
"[0.00046540163263689366, 0.8655999095402541, -0.8663548339784424, 0.00046580752808833526]",13.917345697039707,4.55444497754038
"[0.00046628512398924773, 0.8655991010699648, -0.8663554596856883, 0.00046669256291851334]",13.920102026798997,4.557588141776089
"[0.00046716861003958196, 0.8655982926017325, -0.8663560853904549, 0.0004675775953701122]",13.922857510777188,4.560731306011796
"[0.0004680520892559355, 0.8655974841369586, -0.8663567110916569, 0.0004684626239084486]",13.925612167028424,4.563874470247503
"[0.000468935557360975, 0.865596675679558, -0.8663573367862648, 0.00046934764424862033]",13.928366008028078,4.567017634483211
"[0.0004698190117472084, 0.8655958672319162, -0.8663579624724325, 0.00047023265377845147]",13.931119054223542,4.570160798718919
"[0.000470702450808471, 0.8655950587955035, -0.8663585881490217, 0.0004711176508888248]",13.933871323697444,4.573303962954626
"[0.00047158587001447887, 0.8655942503744656, -0.8663592138128242, 0.0004720026310413136]",13.936622829450013,4.576447127190334
"[0.00047246926896855293, 0.8655934419691658, -0.866359839463559, 0.0004728875938383582]",13.939373593546527,4.579590291426042
"[0.0004733526434472786, 0.8655926335834689, -0.8663604650982348, 0.0004737725350488653]",13.94212362912371,4.582733455661749
"[0.0004742359915169144, 0.8655918252191449, -0.8663610907154822, 0.000474657452735432]",13.944872955443921,4.585876619897457
"[0.00047511931240556954, 0.8655910168769005, -0.8663617163147539, 0.00047554234612454924]",13.947621590895057,4.589019784133165
"[0.00047600260118058795, 0.8655902085612498, -0.8663623418925567, 0.00047642721027450465]",13.950369549267391,4.592162948368872
"[0.00047688585718293837, 0.8655894002727963, -0.8663629674484234, 0.00047731204452479057]",13.95311685144941,4.59530611260458
"[0.00047776907754681105, 0.8655885920141627, -0.8663635929803247, 0.0004781968460041565]",13.955863511574933,4.598449276840288
"[0.000478652259037764, 0.8655877837883095, -0.8663642184859691, 0.00047908161147201827]",13.95860954908124,4.601592441075995
"[0.00047953540089326976, 0.8655869755959346, -0.8663648439648168, 0.00047996634016411315]",13.961354978222516,4.604735605311703
"[0.0004804185008212534, 0.8655861674391359, -0.8663654694152442, 0.00048085102978386084]",13.96409981883539,4.607878769547411
"[0.0004813015572671599, 0.8655853593193369, -0.8663660948361499, 0.0004817356787735032]",13.966844088152238,4.611021933783118
"[0.0004821845678057197, 0.8655845512387568, -0.8663667202258163, 0.00048262028470297345]",13.969587804517953,4.614165098018826
"[0.000483067529184561, 0.8655837432003729, -0.8663673455819396, 0.00048350484431357126]",13.972330980483802,4.617308262254534
"[0.0004839504420703665, 0.8655829352035752, -0.8663679709049918, 0.0004843893582727214]",13.975073638505034,4.620451426490241
"[0.00048483330139438265, 0.8655821272530033, -0.8663685961913825, 0.00048527382150198855]",13.977815790318063,4.623594590725949
"[0.00048571610848539295, 0.8655813193474411, -0.8663692214420533, 0.00048615823533206714]",13.98055745858335,4.626737754961656
"[0.00048659885822736947, 0.8655805114915716, -0.8663698466533798, 0.0004870425946370921]",13.98329865489537,4.629880919197364
"[0.000487481553173482, 0.865579703683058, -0.8663704718271703, 0.0004879269019743514]",13.986039403400753,4.633024083433072
"[0.0004883641873258371, 0.8655788959273909, -0.8663710969591764, 0.000488811151334441]",13.98877971429345,4.636167247668779
"[0.0004892467627363343, 0.8655780882226922, -0.8663717220508516, 0.0004896953447724422]",13.991519609843904,4.6393104119044875
"[0.0004901292754174933, 0.8655772805726119, -0.8663723470993709, 0.00049057947829298]",13.99425910470964,4.642453576140195
"[0.0004910117250960852, 0.8655764729774007, -0.8663729721045408, 0.0004914635516217182]",13.99699821547025,4.645596740375902
"[0.0004918941096192442, 0.8655756654390295, -0.8663735970648362, 0.000492347562601214]",13.99973696258715,4.64873990461161
"[0.0004927764287775485, 0.8655748579576904, -0.8663742219801083, 0.00049323151102103]",14.002475360899227,4.651883068847318
"[0.0004936586809400664, 0.8655740505348767, -0.8663748468492022, 0.0004941153952465864]",14.005213428941873,4.655026233083025
"[0.0004945408632342201, 0.865573243173218, -0.8663754716700827, 0.0004949992123993314]",14.007951181321486,4.658169397318733
"[0.0004954229760739032, 0.8655724358723361, -0.8663760964430425, 0.0004958829628932519]",14.010688635211354,4.66131256155444
"[0.0004963050179319839, 0.8655716286336292, -0.8663767211670002, 0.0004967666451977052]",14.013425813808954,4.664455725790148
"[0.0004971869888935964, 0.8655708214570204, -0.8663773458420152, 0.0004976502593972979]",14.016162729902875,4.667598890025856
"[0.0004980688854394185, 0.8655700143457304, -0.866377970465595, 0.0004985338019654483]",14.018899397495522,4.670742054261563
"[0.0004989507075691709, 0.865569207299761, -0.866378595037739, 0.0004994172729011591]",14.021635837435015,4.67388521849727
"[0.0004998324559415804, 0.8655684003185099, -0.8663792195589132, 0.0005003006728636706]",14.024372068811635,4.677028382732979
"[0.0005007141289524601, 0.8655675934034455, -0.8663798440279814, 0.000501184000245073]",14.027108106265818,4.680171546968686
"[0.000501595723770671, 0.8655667865571598, -0.8663804684429379, 0.0005020672522081701]",14.029843965271706,4.683314711204393
"[0.0005024772425320385, 0.865565979777699, -0.8663810928052951, 0.000502950430892057]",14.032579667029843,4.686457875440102
"[0.0005033586831374408, 0.8655651730669848, -0.8663817171135659, 0.0005038335341929131]",14.03531522718613,4.689601039675809
"[0.0005042400452093186, 0.8655643664253635, -0.8663823413674827, 0.0005047165617317095]",14.038050663124292,4.692744203911516
"[0.0005051213279143756, 0.8655635598535985, -0.8663829655664549, 0.000505599512672811]",14.040785988773841,4.695887368147225
"[0.0005060025309849707, 0.8655627533519352, -0.8663835897102927, 0.0005064823867472999]",14.043521226335717,4.699030532382932
"[0.0005068836538528714, 0.8655619469208948, -0.8663842137985929, 0.000507365183385094]",14.046256389391173,4.702173696618639
"[0.0005077646966299008, 0.8655611405603756, -0.8663848378314347, 0.0005082479026974508]",14.048991499123737,4.705316860854348
"[0.0005086456594585619, 0.8655603342702478, -0.8663854618089187, 0.0005091305448263724]",14.051726567609915,4.708460025090055
"[0.0005095265399208443, 0.8655595280527252, -0.8663860857293317, 0.000510013107348453]",14.054461615774882,4.711603189325762
"[0.0005104073400826821, 0.865558721905918, -0.8663867095941369, 0.0005108955923327834]",14.057196659502766,4.71474635356147
"[0.0005112880589159381, 0.8655579158307676, -0.8663873334026057, 0.0005117779987484794]",14.059931715301454,4.717889517797178
"[0.0005121686963163421, 0.8655571098273703, -0.8663879571546635, 0.0005126603264902803]",14.062666804441832,4.721032682032885
"[0.0005130492523453555, 0.8655563038956706, -0.866388580850354, 0.0005135425756189818]",14.065401937670556,4.724175846268593
"[0.0005139297280301512, 0.8655554980347293, -0.8663892044904044, 0.0005144247471629452]",14.068137139190418,4.727319010504301
"[0.0005148101217516216, 0.8655546922460288, -0.8663898280736669, 0.0005153068394991622]",14.07087241905559,4.730462174740008
"[0.0005156904341394734, 0.8655538865289935, -0.866390451600588, 0.0005161888532577646]",14.073607797688037,4.733605338975716
"[0.0005165706672662007, 0.8655530808817276, -0.8663910750726348, 0.0005170707905144736]",14.076343295861736,4.736748503211424
"[0.000517450819449711, 0.865552275305771, -0.8663916984886157, 0.0005179526495831659]",14.079078925227753,4.739891667447131
"[0.0005183308917025608, 0.8655514698001979, -0.8663923218492477, 0.0005188344314775846]",14.081814706763865,4.743034831682839
"[0.0005192108848495269, 0.8655506643642539, -0.8663929451551143, 0.0005197161370233398]",14.084550655819456,4.746177995918547
"[0.0005200907988786116, 0.8655498589979511, -0.8663935684062068, 0.000520597766207645]",14.087286789120247,4.749321160154254
"[0.0005209706333551188, 0.8655490537016881, -0.8663941916022172, 0.0005214793185941924]",14.090023123802519,4.752464324389962
"[0.0005218503913714591, 0.8655482484726348, -0.8663948147453353, 0.0005223607972806737]",14.09275968095745,4.75560748862567
"[0.0005227300712258382, 0.8655474433123499, -0.8663954378343556, 0.0005232422005612233]",14.095496470672188,4.758750652861377
"[0.000523609676294473, 0.8655466382177437, -0.866396060871669, 0.0005241235318179315]",14.098233517777757,4.761893817097085
"[0.0005244892055877785, 0.8655458331897226, -0.8663966838565743, 0.0005250047900585482]",14.100970835287027,4.765036981332793
"[0.0005253686611240134, 0.8655450282264401, -0.8663973067905006, 0.0005258859773045754]",14.103708442796988,4.7681801455685004
"[0.0005262480418952907, 0.8655442233288193, -0.8663979296727342, 0.0005267670925454252]",14.106446353559091,4.771323309804208
"[0.0005271273513225266, 0.8655434184937301, -0.8663985525056972, 0.0005276481392080597]",14.109184585847037,4.774466474039916
"[0.0005280065889814162, 0.865542613721561, -0.8663991752890893, 0.0005285291168666455]",14.111923161996133,4.7776096382756235
"[0.0005288857569423165, 0.8655418090104179, -0.8663997980243765, 0.000529410027594955]",14.114662093561776,4.780752802511331
"[0.0005297648552494156, 0.8655410043602612, -0.8664004207115897, 0.0005302908714365946]",14.117401397061387,4.783895966747039
"[0.0005306438869757635, 0.8655401997682779, -0.8664010433529057, 0.0005311716514700617]",14.120141095644161,4.7870391309827465
"[0.0005315228526786093, 0.8655393952339597, -0.8664016659487184, 0.0005320523682530757]",14.122881200377543,4.790182295218454
"[0.0005324017526418186, 0.8655385907570464, -0.8664022884992288, 0.0005329330220694349]",14.12562173252094,4.793325459454161
"[0.0005332805911345894, 0.8655377863336317, -0.8664029110074608, 0.0005338136171962468]",14.128362707851059,4.7964686236898695
"[0.0005341593671688695, 0.86553698196462, -0.8664035334727141, 0.000534694152642891]",14.131104142633765,4.799611787925577
"[0.0005350380836505743, 0.865536177647352, -0.8664041558970471, 0.0005355746313205165]",14.133846056175114,4.802754952161284
"[0.000535916741795783, 0.8655353733807154, -0.8664047782813206, 0.000536455054447078]",14.136588462876292,4.8058981163969925
"[0.0005367953456493578, 0.8655345691610081, -0.8664054006283992, 0.0005373354260750251]",14.139331385031811,4.8090412806327
"[0.0005376738934787393, 0.8655337649898168, -0.8664060229370564, 0.0005382157444677833]",14.142074833250243,4.812184444868407
"[0.0005385523899826915, 0.8655329608628406, -0.8664066452106195, 0.0005390960143330784]",14.144818828793666,4.8153276091041155
"[0.0005394308347007704, 0.8655321567805017, -0.8664072674487622, 0.0005399762352090443]",14.147563386438453,4.818470773339823
"[0.0005403092327438265, 0.8655313527381222, -0.8664078896551048, 0.0005408564122163999]",14.15030852683403,4.82161393757553
"[0.0005411875835312528, 0.8655305487362339, -0.866408511829236, 0.0005417365447729167]",14.15305426087362,4.8247571018112385
"[0.0005420658932358383, 0.8655297447691875, -0.8664091339755271, 0.000542616639063486]",14.155800617036213,4.827900266046946
"[0.0005429441601590908, 0.8655289408385373, -0.8664097560927762, 0.0005434966933857731]",14.158547601634767,4.831043430282653
"[0.0005438223882329231, 0.8655281369406851, -0.8664103781837673, 0.0005443767116793066]",14.161295236879392,4.8341865945183615
"[0.0005447005793377659, 0.8655273330739095, -0.8664110002498325, 0.0005452566958279971]",14.164043537560923,4.837329758754069
"[0.000545578737338134, 0.865526529234674, -0.8664116222937092, 0.0005461366497039193]",14.166792521109494,4.840472922989776
"[0.0005464568638651099, 0.8655257254214855, -0.8664122443165524, 0.0005470165749411962]",14.169542207047341,4.8436160872254845
"[0.0005473349624809019, 0.8655249216310834, -0.8664128663208857, 0.0005478964751090563]",14.172292610206775,4.846759251461192
"[0.0005482130346990042, 0.8655241178620826, -0.8664134883077806, 0.0005487763517238518]",14.175043749436396,4.849902415696899
"[0.0005490910845029821, 0.8655233141108366, -0.8664141102800591, 0.0005496562087771131]",14.1777956425184,4.8530455799326075
"[0.0005499691145800784, 0.8655225103748864, -0.8664147322396246, 0.000550536048961424]",14.180548303238007,4.856188744168315
"[0.0005508471290880652, 0.8655217066504256, -0.8664153541894223, 0.0005514158764429741]",14.183301754771092,4.859331908404022
"[0.0005517251278672842, 0.8655209029376009, -0.8664159761293386, 0.0005522956910616406]",14.186056005956871,4.8624750726397306
"[0.0005526031173926513, 0.865520099230485, -0.8664165980639605, 0.0005531754993056284]",14.188811079685966,4.865618236875438
"[0.0005534810999580572, 0.8655192955269779, -0.8664172199949131, 0.0005540553034735197]",14.191566992240103,4.868761401111145
"[0.0005543590772439516, 0.8655184918255421, -0.8664178419233859, 0.0005549351052492114]",14.194323760835877,4.871904565346853
"[0.0005552370565179805, 0.8655176881195241, -0.8664184638545278, 0.0005558149119154528]",14.197081401688274,4.875047729582561
"[0.0005561150360818804, 0.8655168844104789, -0.8664190857871353, 0.0005566947217704788]",14.199839929726524,4.878190893818268
"[0.0005569930245323991, 0.8655160806905369, -0.8664197077272985, 0.0005575745434290255]",14.20259937002406,4.881334058053976
"[0.0005578710217476847, 0.8655152769598091, -0.8664203296749311, 0.0005584543767690942]",14.205359728884472,4.884477222289684
"[0.0005587490327791524, 0.8655144732136717, -0.8664209516336112, 0.0005593342268527962]",14.208121031529217,4.887620386525391
"[0.0005596270631658529, 0.8655136694470538, -0.8664215736072627, 0.0005602140992309667]",14.21088329446493,4.890763550761099
"[0.0005605051148287588, 0.865512865658197, -0.8664221955972463, 0.0005610939958288321]",14.213646529946766,4.893906714996806
"[0.0005613831925296302, 0.8655120618427413, -0.8664228176069357, 0.0005619739214184104]",14.216410760948229,4.897049879232514
"[0.0005622612997111313, 0.8655112579975356, -0.8664234396387693, 0.0005628538794499088]",14.219175999191867,4.900193043468222
"[0.0005631394423227835, 0.865510454117133, -0.8664240616969617, 0.0005637338758857281]",14.2219422673234,4.903336207703929
"[0.0005640176214001241, 0.8655096502005851, -0.866424683782247, 0.00056461391176397]",14.224709576611613,4.9064793719396365
"[0.0005648958439886694, 0.8655088462414421, -0.866425305899616, 0.000565493994145465]",14.22747794898336,4.909622536175345
"[0.0005657741137930192, 0.8655080422363115, -0.8664259280516934, 0.0005663741267431239]",14.230247399528372,4.912765700411052
"[0.0005666524357672115, 0.8655072381806584, -0.8664265502419886, 0.0005672543145220078]",14.233017946197931,4.9159088646467595
"[0.0005675308117909843, 0.8655064340727614, -0.8664271724718333, 0.000568134559366397]",14.2357896026312,4.919052028882467
"[0.0005684092491678726, 0.8655056299059337, -0.8664277947464017, 0.0005690148685959478]",14.238562389282981,4.922195193118175
"[0.00056928775374445, 0.8655048256748223, -0.8664284170698358, 0.0005698952480703603]",14.241336325974798,4.9253383573538825
"[0.0005701663280802996, 0.8655040213770836, -0.866429039443949, 0.0005707757003553749]",14.244111424039787,4.92848152158959
"[0.0005710449777816482, 0.8655032170075847, -0.866429661872713, 0.000571656231069941]",14.24688770461278,4.931624685825298
"[0.0005719237067696723, 0.8655024125627351, -0.8664302843589056, 0.0005725368441444163]",14.249665182061765,4.9347678500610055
"[0.0005728025230373512, 0.8655016080352166, -0.8664309069081897, 0.0005734175475897674]",14.252443874720425,4.937911014296713
"[0.0005736814289480244, 0.8655008034228647, -0.8664315295222398, 0.0005742983437752985]",14.255223801243604,4.941054178532421
"[0.0005745604311581446, 0.8654999987195849, -0.8664321522057719, 0.00057517923937273]",14.258004975878324,4.9441973427681285
"[0.0005754395334346134, 0.865499193921928, -0.8664327749614543, 0.000576060238158063]",14.26078741587488,4.947340507003836
"[0.0005763187437600731, 0.8654983890225845, -0.8664333977949431, 0.0005769413481322191]",14.263571139949775,4.950483671239543
"[0.0005771980660605013, 0.8654975840179595, -0.8664340207090195, 0.0005778225732307695]",14.266356167004142,4.9536268354752515
"[0.0005780775060609889, 0.8654967789028107, -0.8664346437077398, 0.0005787039191923528]",14.269142510656115,4.956769999710959
"[0.0005789570704237101, 0.8654959736710379, -0.8664352667958238, 0.0005795853926948028]",14.27193018571413,4.959913163946666
"[0.0005798367628731365, 0.86549516831923, -0.8664358899759109, 0.0005804669974719454]",14.274719214734176,4.9630563281823745
"[0.0005807165929618378, 0.8654943628386405, -0.8664365132547686, 0.0005813487430984577]",14.27750961384971,4.966199492418082
"[0.0005815965643117961, 0.865493557225952, -0.8664371366349632, 0.0005822306332056166]",14.280301398358448,4.969342656653789
"[0.0005824766816201746, 0.8654927514768631, -0.8664377601198232, 0.0005831126725022642]",14.283094584643468,4.9724858208894975
"[0.0005833569527159723, 0.8654919455842046, -0.866438383714895, 0.0005839948688360138]",14.285889191379278,4.975628985125205
"[0.0005842373837997747, 0.8654911395422986, -0.8664390074245724, 0.0005848772284225895]",14.28868523298948,4.978772149360912
"[0.0005851179814414083, 0.865490333345129, -0.8664396312535094, 0.0005857597578478446]",14.291482730019384,4.9819153135966205
"[0.0005859987521194892, 0.8654895269867625, -0.8664402552062972, 0.0005866424636063191]",14.294281697986786,4.985058477832328
"[0.0005868797027763803, 0.8654887204608418, -0.8664408792878542, 0.0005875253526574045]",14.297082153979776,4.988201642068035
"[0.0005877608393290135, 0.8654879137619479, -0.866441503502373, 0.0005884084309328916]",14.299884115322042,4.9913448063037436
"[0.0005886421679875983, 0.8654871068843937, -0.8664421278542537, 0.0005892917046585771]",14.302687598365111,4.994487970539451
"[0.0005895236968111508, 0.865486299820799, -0.8664427523492065, 0.0005901751819132128]",14.305492619733595,4.997631134775158
"[0.0005904054324603324, 0.8654854925650638, -0.8664433769919507, 0.0005910588693742522]",14.308299196048754,5.000774299010867
"[0.0005912873819554234, 0.8654846851107587, -0.8664440017874607, 0.0005919427740796193]",14.311107348592031,5.003917463246574
"[0.0005921695515208759, 0.8654838774521829, -0.8664446267401469, 0.0005928269022697469]",14.313917087216147,5.007060627482281
"[0.0005930519483416815, 0.8654830695827567, -0.8664452518551004, 0.0005937112611478225]",14.3167284321599,5.01020379171799
"[0.0005939345813961363, 0.8654822614942572, -0.8664458771386826, 0.0005945958597144371]",14.319541401125385,5.013346955953697
"[0.0005948174584660641, 0.8654814531795577, -0.8664465025964078, 0.0005954807057711581]",14.322356013021164,5.016490120189404
"[0.0005957005850299695, 0.8654806446336402, -0.8664471282321576, 0.0005963658048111731]",14.325172280152193,5.019633284425112
"[0.0005965839692068593, 0.8654798358490688, -0.8664477540516854, 0.0005972511649741861]",14.327990221995107,5.02277644866082
"[0.0005974676195474119, 0.8654790268180125, -0.8664483800610496, 0.0005981367948326306]",14.33080985648445,5.025919612896527
"[0.0005983515421142613, 0.8654782175349179, -0.8664490062645465, 0.0005990227004654176]",14.33363119750211,5.029062777132235
"[0.0005992357471974207, 0.8654774079903614, -0.8664496326694672, 0.0005999088921884437]",14.33645426333309,5.032205941367943
"[0.0006001202417164834, 0.8654765981780047, -0.866450259280715, 0.0006007953769397114]",14.339279071108788,5.03534910560365
"[0.0006010050342919373, 0.8654757880899527, -0.8664508861043981, 0.0006016821633620769]",14.34210563768996,5.038492269839358
"[0.000601890132443404, 0.8654749777193175, -0.8664515131458455, 0.0006025692589951135]",14.344933979806386,5.041635434075066
"[0.0006027755447448726, 0.8654741670582462, -0.8664521404111322, 0.0006034566724352999]",14.347764113517718,5.044778598310773
"[0.0006036612791929245, 0.8654733560994142, -0.8664527679059251, 0.0006043444117004836]",14.350596056749456,5.047921762546481
"[0.0006045473457329847, 0.8654725448337125, -0.8664533956372712, 0.0006052324867618878]",14.353429827559227,5.051064926782189
"[0.0006054337516845896, 0.8654717332544364, -0.8664540236103575, 0.0006061209049590165]",14.35626544041758,5.054208091017896
"[0.0006063205059612323, 0.8654709213534216, -0.8664546518315004, 0.0006070096752290657]",14.359102912292931,5.057351255253604
"[0.0006072076189825249, 0.8654701091211245, -0.866455280308083, 0.000607898808018888]",14.36194226122005,5.060494419489312
"[0.0006080950969301611, 0.8654692965518819, -0.8664559090444865, 0.0006087883095279015]",14.364783502306462,5.063637583725019
"[0.0006089829515430347, 0.8654684836349418, -0.8664565380490292, 0.0006096781915255082]",14.36762665360326,5.066780747960727
"[0.0006098711883007911, 0.8654676703652838, -0.8664571673255942, 0.0006105684595076492]",14.370471730568465,5.069923912196435
"[0.0006107598224546596, 0.8654668567289399, -0.8664577968849888, 0.000611459128764395]",14.373318752875786,5.073067076432142
"[0.0006116488570998691, 0.8654660427230726, -0.8664584267294069, 0.000612350202402075]",14.376167733184301,5.07621024066785
"[0.0006125383058403386, 0.8654652283352217, -0.8664590568684887, 0.00061324169405992]",14.379018692337576,5.079353404903558
"[0.0006134281777005811, 0.8654644135571206, -0.8664596873086289, 0.0006141336127873923]",14.381871642540213,5.082496569139265
"[0.0006143184807848715, 0.8654635983813446, -0.8664603180555714, 0.0006150259667117028]",14.38472660401014,5.085639733374973
"[0.0006152092249198612, 0.8654627827988922, -0.86646094911628, 0.0006159187656865718]",14.38758359142821,5.088782897610681
"[0.000616100422947453, 0.8654619667980008, -0.8664615804998543, 0.000616812022588018]",14.390442623649543,5.091926061846388
"[0.0006169920808647382, 0.865461150373175, -0.8664622122105453, 0.0006177057434316317]",14.3933037136727,5.095069226082096
"[0.0006178842121272474, 0.8654603335120897, -0.8664628442578878, 0.0006185999417087607]",14.396166881414157,5.098212390317803
"[0.0006187768262220338, 0.8654595162060542, -0.8664634766486053, 0.0006194946269332888]",14.399032143757305,5.101355554553511
"[0.0006196699319818382, 0.8654586984469758, -0.8664641093889577, 0.0006203898079633947]",14.401899512461164,5.104498718789219
"[0.0006205635410882874, 0.8654578802241539, -0.8664647424872229, 0.0006212854965128555]",14.404769008808291,5.107641883024926
"[0.0006214576648206388, 0.8654570615272559, -0.8664653759513947, 0.0006221817038923489]",14.407640649590066,5.110785047260634
"[0.0006223523117361971, 0.8654562423484411, -0.8664660097875377, 0.0006230784386843835]",14.410514448751531,5.113928211496342
"[0.000623247496561304, 0.8654554226742206, -0.8664666440060877, 0.0006239757156550362]",14.413390423473448,5.117071375732049
"[0.0006241432243110016, 0.8654546024999967, -0.8664672786106, 0.0006248735398365496]",14.416268588875885,5.120214539967757
"[0.000625039511195057, 0.8654537818109221, -0.8664679136125615, 0.0006257719274822207]",14.419148964892042,5.123357704203465
"[0.0006259363651533852, 0.8654529605997209, -0.8664685490175996, 0.0006266708865563041]",14.422031563766275,5.126500868439172
"[0.000626833800945932, 0.8654521388528726, -0.8664691848361742, 0.0006275704318592263]",14.42491640781471,5.1296440326748804
"[0.0006277318274129623, 0.8654513165622767, -0.8664698210745512, 0.0006284705722579889]",14.427803509345514,5.132787196910588
"[0.0006286304550883067, 0.8654504937182816, -0.8664704577401962, 0.0006293713183172719]",14.430692882647579,5.135930361146295
"[0.0006295296980729327, 0.8654496703079705, -0.8664710948431021, 0.0006302726841774615]",14.433584546371355,5.139073525382003
"[0.0006304295679526409, 0.8654488463207278, -0.8664717323914803, 0.0006311746814580752]",14.43647852014355,5.142216689617711
"[0.0006313300736571042, 0.8654480217483713, -0.8664723703916599, 0.000632077319116311]",14.439374814788689,5.145359853853418
"[0.0006322312320428383, 0.8654471965754591, -0.8664730088555869, 0.0006329806140551487]",14.44227345105917,5.148503018089126
"[0.0006331330509038133, 0.8654463707948484, -0.8664736477887858, 0.0006338845740937476]",14.445174441564568,5.151646182324833
"[0.000634035544574583, 0.8654455443934067, -0.8664742872014154, 0.0006347892136075282]",14.448077806636125,5.154789346560541
"[0.0006349387238220035, 0.8654447173612683, -0.8664749271011074, 0.0006356945433958748]",14.45098355679386,5.157932510796249
"[0.0006358426032712845, 0.8654438896850342, -0.8664755674982264, 0.0006366005781259355]",14.45389171426348,5.161075675031956
"[0.0006367471915803649, 0.8654430613567696, -0.86647620839891, 0.0006375073264834603]",14.456802288737087,5.164218839267663
"[0.0006376525069486491, 0.8654422323598024, -0.8664768498160554, 0.0006384148067186967]",14.459715304239834,5.167362003503372
"[0.000638558559717093, 0.8654414026846561, -0.8664774917569926, 0.0006393230292048253]",14.46263077116649,5.170505167739079
"[0.0006394653614176848, 0.8654405723207638, -0.8664781342298955, 0.0006402320055090901]",14.465548707238009,5.173648331974786
"[0.0006403729256355877, 0.8654397412556779, -0.8664787772443924, 0.0006411417492569725]",14.468469128064639,5.176791496210495
"[0.0006412812656055282, 0.8654389094772718, -0.8664794208098637, 0.0006420522737228543]",14.471392048822631,5.179934660446202
"[0.0006421903977580605, 0.8654380769704921, -0.8664800649379538, 0.000642963595384894]",14.474317490039638,5.183077824681909
"[0.0006431003300173576, 0.8654372437280748, -0.866480709634281, 0.0006438757221945585]",14.47724546085786,5.186220988917617
"[0.0006440110827076593, 0.8654364097314006, -0.866481354913249, 0.0006447886745334327]",14.480175985111881,5.189364153153325
"[0.000644922662839607, 0.8654355749740413, -0.8664820007798281, 0.0006457024594375857]",14.483109071898795,5.192507317389032
"[0.0006458350880388392, 0.865434739439849, -0.8664826472465103, 0.000646617094583916]",14.486044740431415,5.19565048162474
"[0.0006467483717704206, 0.8654339031164846, -0.8664832943228394, 0.000647532593478902]",14.488983005517802,5.198793645860448
"[0.0006476625282921973, 0.8654330659908835, -0.8664839420189216, 0.0006484489704238746]",14.4919238834659,5.201936810096155
"[0.0006485775684867677, 0.8654322280530711, -0.8664845903424713, 0.0006493662363370277]",14.494867388992702,5.205079974331863
"[0.0006494935119370154, 0.865431389285106, -0.8664852393073671, 0.0006502844108580559]",14.497813539609057,5.208223138567571
"[0.0006504103701591503, 0.8654305496764332, -0.8664858889217729, 0.0006512035055407071]",14.500762350037038,5.211366302803278
"[0.0006513281594712906, 0.8654297092121008, -0.8664865391972543, 0.0006521235367524011]",14.503713837940257,5.214509467038986
"[0.000652246888626509, 0.8654288678840831, -0.8664871901400174, 0.0006530445132773826]",14.506668014338034,5.217652631274694
"[0.0006531665808173392, 0.8654280256711325, -0.8664878417664992, 0.000653966458374801]",14.509624899819583,5.220795795510401
"[0.0006540872458992698, 0.8654271825642147, -0.8664884940836866, 0.0006548893819342826]",14.512584507285775,5.223938959746109
"[0.0006550089000750472, 0.8654263385484815, -0.8664891471030643, 0.0006558133002086266]",14.51554685241451,5.227082123981817
"[0.000655931559279201, 0.8654254936093309, -0.8664898008359271, 0.0006567382291818672]",14.518511950759885,5.230225288217524
"[0.0006568552389907652, 0.8654246477325777, -0.8664904552932466, 0.000657664184381702]",14.52147981998499,5.233368452453232
"[0.0006577799528887469, 0.8654238009056848, -0.8664911104847199, 0.0006585911795315659]",14.52445047376148,5.23651161668894
"[0.000658705718438077, 0.8654229531126479, -0.8664917664227262, 0.0006595192321503786]",14.527423926642868,5.239654780924647
"[0.000659632550738789, 0.8654221043396287, -0.8664924231179688, 0.0006604483573865915]",14.530400194884884,5.242797945160355
"[0.0006605604661584144, 0.865421254571627, -0.8664930805820499, 0.000661378571659473]",14.53337929605878,5.245941109396063
"[0.0006614894799331864, 0.8654204037946788, -0.86649373882577, 0.0006623098902544695]",14.53636124196835,5.24908427363177
"[0.0006624196079542092, 0.8654195519942199, -0.8664943978603937, 0.0006632423291137291]",14.539346048457865,5.252227437867478
"[0.0006633508678799057, 0.8654186991540684, -0.8664950576984377, 0.0006641759059513844]",14.542333733013127,5.255370602103185
"[0.0006642832762720743, 0.8654178452590453, -0.866495718351642, 0.000665110637382413]",14.545324309957545,5.2585137663388934
"[0.000665216847529376, 0.8654169902959525, -0.8664963798302141, 0.0006660465378535849]",14.548317792461447,5.261656930574601
"[0.0006661515998419997, 0.8654161342481204, -0.8664970421470479, 0.0006669836256128076]",14.551314196474914,5.264800094810308
"[0.0006670875504990767, 0.8654152770997029, -0.8664977053143992, 0.0006679219180050018]",14.554313538195908,5.2679432590460165
"[0.0006680247141475097, 0.8654144188372742, -0.8664983693426513, 0.0006688614297264787]",14.557315831605512,5.271086423281724
"[0.000668963112029649, 0.8654135594413686, -0.8664990342468613, 0.0006698021820858201]",14.560321093717969,5.274229587517431
"[0.0006699027568984145, 0.8654126989002935, -0.866499700036071, 0.0006707441878810742]",14.56332933688212,5.2773727517531395
"[0.0006708436687372178, 0.8654118371957354, -0.8665003667244457, 0.0006716874671591834]",14.566340575251516,5.280515915988847
"[0.0006717858654294508, 0.8654109743113039, -0.8665010343246626, 0.0006726320378622089]",14.569354828230498,5.283659080224554
"[0.0006727293651687306, 0.865410110230323, -0.8665017028496188, 0.0006735779182433331]",14.572372108044238,5.2868022444602625
"[0.0006736741811132192, 0.8654092449407291, -0.8665023723086438, 0.0006745251215079004]",14.575392425834876,5.28994540869597
"[0.0006746203358828627, 0.8654083784217929, -0.8665030427177713, 0.0006754736703472095]",14.578415799791097,5.293088572931677
"[0.000675567846972308, 0.865407510657478, -0.8665037140894039, 0.0006764235823146024]",14.581442248288624,5.2962317371673855
"[0.000676516732320506, 0.8654066416313417, -0.8665043864362585, 0.0006773748754091289]",14.584471778699744,5.299374901403093
"[0.0006774670086593099, 0.8654057713280464, -0.8665050597701972, 0.0006783275664198986]",14.587504409054425,5.3025180656388
"[0.0006784186971970533, 0.865404899728154, -0.866505734106254, 0.0006792816766242211]",14.59054015321726,5.3056612298745085
"[0.0006793718121042207, 0.8654040268186717, -0.8665064094544768, 0.0006802372202439057]",14.593579023800757,5.308804394110216
"[0.0006803263769933175, 0.8654031525779595, -0.8665070858316027, 0.0006811942209671791]",14.59662104010746,5.311947558345923
"[0.0006812824112807773, 0.86540227698822, -0.866507763251397, 0.0006821526982756772]",14.599666213802447,5.3150907225816315
"[0.0006822399279665162, 0.8654014000375315, -0.8665084417230781, 0.0006831126652186223]",14.602714555243315,5.318233886817339
"[0.0006831989518904711, 0.8654005217031292, -0.8665091212642535, 0.0006840741467155824]",14.605766084856871,5.321377051053046
"[0.0006841595022520281, 0.8653996419674129, -0.8665098018885351, 0.0006850371620316739]",14.608820814794903,5.3245202152887545
"[0.0006851215938782386, 0.8653987608167875, -0.8665104836064358, 0.0006860017260486499]",14.611878756976216,5.327663379524462
"[0.0006860852529319022, 0.865397878227275, -0.8665111664365015, 0.0006869678650134289]",14.614939927076934,5.330806543760169
"[0.0006870504937362188, 0.8653969941857409, -0.8665118503888891, 0.0006879355933032574]",14.618004338528982,5.333949707995877
"[0.0006880173403389856, 0.8653961086701437, -0.8665125354806457, 0.0006889049350452398]",14.621072007973686,5.337092872231585
"[0.0006889858096751275, 0.8653952216649564, -0.8665132217237789, 0.0006898759072357591]",14.624142944349611,5.340236036467292
"[0.0006899559243913825, 0.8653943331494199, -0.8665139091343436, 0.0006908485325979038]",14.627217163711753,5.343379200703
"[0.0006909277019091015, 0.8653934431075614, -0.8665145977246921, 0.0006918228286162408]",14.630294679938288,5.346522364938708
"[0.0006919011675024238, 0.8653925515162144, -0.8665152875127415, 0.0006927988206488888]",14.633375508139183,5.349665529174415
"[0.0006928763384303453, 0.8653916583595543, -0.8665159785107297, 0.0006937765260183054]",14.636459659960261,5.352808693410123
"[0.0006938532351983814, 0.8653907636187816, -0.8665166707331946, 0.0006947559653022902]",14.63954714715678,5.355951857645831
"[0.0006948318800313903, 0.8653898672735225, -0.8665173641958932, 0.0006957371608024449]",14.642637985347836,5.359095021881538
"[0.0006958122966403673, 0.8653889693020416, -0.866518058915635, 0.0006967201363113333]",14.64573219149209,5.362238186117246
"[0.00069679450189577, 0.8653880696888681, -0.8665187549043837, 0.0006977049087631204]",14.648829772714016,5.365381350352954
"[0.0006977785203024028, 0.8653871684115386, -0.8665194521795114, 0.0006986915027466636]",14.6519307462702,5.368524514588661
"[0.0006987643726378543, 0.8653862654510035, -0.8665201507557503, 0.0006996799391140682]",14.655035122589053,5.371667678824369
"[0.000699752078680525, 0.8653853607891275, -0.866520850647124, 0.000700670237716346]",14.65814291411447,5.374810843060077
"[0.0007007416637516841, 0.8653844544026988, -0.8665215518715847, 0.0007016624239619676]",14.661254139266566,5.377954007295784
"[0.0007017331478863946, 0.8653835462733467, -0.8665222544433381, 0.0007026565179599531]",14.664368805108555,5.381097171531492
"[0.0007027265553810723, 0.8653826363787965, -0.8665229583796104, 0.000703652544091699]",14.667486928017999,5.384240335767199
"[0.0007037219035888508, 0.8653817247031333, -0.8665236636927076, 0.0007046505197782545]",14.670608516964425,5.387383500002907
"[0.0007047192210744173, 0.8653808112201733, -0.8665243704028803, 0.0007056504736814598]",14.673733589182596,5.390526664238615
"[0.0007057185298067454, 0.8653798959097722, -0.8665250785257059, 0.0007066524278507314]",14.676862156868495,5.393669828474322
"[0.0007067198476715544, 0.8653789787555267, -0.8665257880738679, 0.0007076564002417871]",14.679994227139744,5.3968129927100295
"[0.0007077232025950321, 0.8653780597318359, -0.8665264990671656, 0.0007086624188777645]",14.683129819931018,5.399956156945738
"[0.0007087286165351712, 0.865377138818565, -0.8665272115211688, 0.000709670505798099]",14.686268942484034,5.403099321181445
"[0.0007097361125888564, 0.8653762159945362, -0.8665279254522544, 0.0007106806841848453]",14.689411607757922,5.4062424854171525
"[0.0007107457152541745, 0.8653752912372875, -0.8665286408777926, 0.0007116929786247717]",14.692557830982597,5.409385649652861
"[0.0007117574450599989, 0.8653743645279917, -0.8665293578123415, 0.0007127074097260683]",14.695707619697155,5.412528813888568
"[0.0007127713275007407, 0.8653734358432745, -0.8665300762739768, 0.0007137240030753516]",14.698860986762948,5.4156719781242755
"[0.0007137873895736215, 0.8653725051583827, -0.8665307962818414, 0.0007147427857671528]",14.702017949648717,5.418815142359983
"[0.0007148056502813467, 0.8653715724558867, -0.8665315178494111, 0.0007157637768800317]",14.705178514604876,5.421958306595691
"[0.0007158261397642154, 0.8653706377081547, -0.8665322409980555, 0.0007167870066606855]",14.70834269723829,5.4251014708313985
"[0.000716848877892525, 0.865369700896961, -0.8665329657418664, 0.0007178124950586118]",14.71151050501747,5.428244635067106
"[0.0007178738871089368, 0.8653687620017234, -0.8665336920967592, 0.0007188402646028894]",14.71468194774367,5.431387799302813
"[0.0007189011994239166, 0.865367820993096, -0.8665344200854286, 0.0007198703474167428]",14.717857045718286,5.4345309635385215
"[0.0007199308361576561, 0.8653668778515239, -0.8665351497229944, 0.0007209027649046702]",14.721035803815308,5.437674127774229
"[0.0007209628224677289, 0.8653659325539363, -0.8665358810272967, 0.0007219375423195701]",14.724218236977041,5.440817292009936
"[0.000721997183409827, 0.8653649850773573, -0.8665366140161022, 0.0007229747048122786]",14.727404351477572,5.4439604562456445
"[0.0007230339452761188, 0.8653640353976756, -0.866537348708055, 0.0007240142787741149]",14.730594162885213,5.447103620481352
"[0.0007240731332695146, 0.8653630834917782, -0.8665380851210274, 0.0007250562895047869]",14.733787680276214,5.450246784717059
"[0.0007251147699662161, 0.8653621293389585, -0.8665388232710298, 0.0007261007596703986]",14.736984912114321,5.4533899489527675
"[0.0007261588860978686, 0.8653611729110379, -0.866539563179853, 0.0007271477201151698]",14.74018587525021,5.456533113188475
"[0.0007272055040429204, 0.865360214187489, -0.8665403048633684, 0.0007281971933080811]",14.74339057358858,5.459676277424182
"[0.0007282546531005788, 0.8653592531414456, -0.866541048342351, 0.0007292492086576604]",14.746599023767587,5.4628194416598905
"[0.0007293063609879544, 0.8653582897474884, -0.8665417936364567, 0.0007303037939873348]",14.749811234721731,5.465962605895598
"[0.0007303606496458063, 0.8653573239854907, -0.8665425407612463, 0.0007313609713283925]",14.753027214167368,5.469105770131305
"[0.0007314175479147717, 0.8653563558290036, -0.8665432897371714, 0.0007324207696313261]",14.756246975514681,5.4722489343670135
"[0.0007324770826310079, 0.8653553852534147, -0.8665440405832637, 0.0007334832158372507]",14.759470524408753,5.475392098602721
"[0.0007335392815767516, 0.8653544122332436, -0.8665447933192246, 0.0007345483378366874]",14.76269787521805,5.478535262838428
"[0.0007346041726820707, 0.8653534367428753, -0.866545547964861, 0.0007356161636684174]",14.76592903903102,5.481678427074136
"[0.0007356717795605338, 0.8653524587606473, -0.8665463045369212, 0.0007366867170439634]",14.769164019640753,5.484821591309844
"[0.000736742134706166, 0.8653514782567615, -0.8665470630584468, 0.0007377600305799867]",14.772402833365387,5.487964755545551
"[0.0007378152630069474, 0.865350495208388, -0.8665478235470895, 0.0007388361292663784]",14.775645485906269,5.491107919781259
"[0.0007388911915283404, 0.8653495095907006, -0.8665485860220443, 0.0007399150402777522]",14.778891986725302,5.494251084016967
"[0.0007399699502495716, 0.8653485213762043, -0.8665493505045714, 0.0007409967937102552]",14.782142346207806,5.497394248252674
"[0.0007410515674686667, 0.8653475305389422, -0.86655011701474, 0.0007420814179756729]",14.785396575473483,5.500537412488382
"[0.0007421360716814893, 0.8653465370527783, -0.8665508855727592, 0.0007431689416836098]",14.788654681352872,5.50368057672409
"[0.000743223490363163, 0.8653455408925077, -0.8665516561981157, 0.0007442593924218369]",14.791916670929691,5.506823740959797
"[0.0007443138528046423, 0.8653445420312643, -0.8665524289115828, 0.0007453527995986384]",14.795182557937776,5.509966905195505
"[0.0007454071895376938, 0.8653435404410433, -0.8665532037348133, 0.0007464491938677237]",14.79845234895277,5.513110069431213
"[0.0007465035259031089, 0.8653425360985953, -0.866553980685782, 0.0007475486006776651]",14.801726050340712,5.51625323366692
"[0.0007476028925868765, 0.8653415289757735, -0.8665547597862517, 0.000748651050837789]",14.805003673414193,5.519396397902628
"[0.0007487053215910741, 0.8653405190432255, -0.8665555410589176, 0.0007497565764775364]",14.808285225695744,5.522539562138336
"[0.0007498108381618897, 0.8653395062777864, -0.8665563245216884, 0.0007508652029525547]",14.811570714066441,5.525682726374043
"[0.0007509194761948305, 0.8653384906483673, -0.8665571101986024, 0.0007519769642925495]",14.814860149564286,5.528825890609751
"[0.0007520312651737657, 0.8653374721279202, -0.8665578981105712, 0.0007530918901038678]",14.818153539835233,5.531969054845459
"[0.000753146233079467, 0.8653364506907744, -0.8665586882774414, 0.0007542100084857861]",14.821450890214917,5.535112219081166
"[0.0007542644103543158, 0.8653354263090026, -0.8665594807208055, 0.000755331350006978]",14.824752209029283,5.538255383316874
"[0.0007553858290633367, 0.8653343989531905, -0.8665602754634049, 0.0007564559468642383]",14.828057505725072,5.541398547552582
"[0.0007565105186501571, 0.8653333685963249, -0.8665610725261244, 0.0007575838286257263]",14.831366787785845,5.544541711788289
"[0.0007576385117502866, 0.8653323352084678, -0.8665618719321107, 0.0007587150280614681]",14.834680061123168,5.547684876023997
"[0.0007587698365077211, 0.8653312987637948, -0.866562673701328, 0.0007598495734378905]",14.83799733185275,5.550828040259705
"[0.0007599045235051426, 0.8653302592342483, -0.8665634778554684, 0.0007609874954673935]",14.84131860692946,5.553971204495412
"[0.0007610426092660147, 0.8653292165863258, -0.8665642844204353, 0.0007621288308208885]",14.844643897700088,5.55711436873112
"[0.0007621841200031849, 0.8653281707959707, -0.866565093414825, 0.0007632736058302128]",14.847973206932393,5.560257532966827
"[0.0007633290901066634, 0.8653271218316345, -0.8665659048630291, 0.0007644218550280566]",14.85130654161754,5.563400697202535
"[0.0007644775492690539, 0.8653260696660717, -0.8665667187861105, 0.0007655736082370141]",14.85464390939791,5.566543861438243
"[0.0007656295332622162, 0.8653250142664665, -0.8665675352094407, 0.0007667289013770695]",14.857985316956634,5.56968702567395
"[0.0007667850704928871, 0.8653239556067491, -0.8665683541531722, 0.0007678877629827557]",14.861330768569033,5.572830189909658
"[0.0007679441937081544, 0.8653228936568742, -0.8665691756405335, 0.0007690502259421254]",14.864680270016285,5.575973354145366
"[0.0007691069348215461, 0.8653218283875583, -0.8665699996941625, 0.0007702163223075732]",14.868033828893449,5.579116518381073
"[0.0007702733308050241, 0.8653207597648837, -0.8665708263402828, 0.0007713860892057962]",14.87139145030555,5.582259682616781
"[0.0007714434097513883, 0.8653196877630659, -0.8665716555988254, 0.0007725595548592684]",14.874753137996375,5.585402846852489
"[0.0007726172074301232, 0.8653186123492869, -0.8665724874951619, 0.0007737367551897354]",14.87811890147652,5.588546011088196
"[0.0007737947558646277, 0.8653175334941607, -0.8665733220520098, 0.0007749177223629998]",14.881488745133368,5.591689175323904
"[0.0007749760888510764, 0.8653164511666752, -0.8665741592933431, 0.000776102490323764]",14.88486266931134,5.594832339559612
"[0.0007761612387609826, 0.8653153653371243, -0.8665749992421263, 0.0007772910915883652]",14.888240682178981,5.597975503795319
"[0.000777350241389933, 0.8653142759726624, -0.8665758419237511, 0.0007784835621080108]",14.891622791499344,5.601118668031027
"[0.0007785431289069107, 0.865313183043767, -0.8665766873610395, 0.0007796799341979059]",14.89500899600675,5.604261832266735
"[0.0007797399335127959, 0.8653120865208861, -0.8665775355768356, 0.0007808802402046142]",14.898399302270159,5.607404996502442
"[0.0007809406936028424, 0.8653109863687901, -0.866578386598375, 0.0007820845186899586]",14.901793715282395,5.61054816073815
"[0.0007821454426105191, 0.8653098825567953, -0.8665792404493767, 0.0007832928032391165]",14.90519224159526,5.613691324973858
"[0.0007833542142423814, 0.8653087750539676, -0.8665800971537535, 0.0007845051277119932]",14.908594881654322,5.616834489209565
"[0.0007845670419926647, 0.8653076638295661, -0.866580956735268, 0.0007857215257566619]",14.912001638609102,5.6199776534452734
"[0.0007857839604855226, 0.8653065488518142, -0.866581819218484, 0.0007869420321547748]",14.915412516921199,5.623120817680981
"[0.0007870050061781232, 0.8653054300872546, -0.8665826846292652, 0.0007881666835279531]",14.91882752024078,5.626263981916688
"[0.0007882302136636898, 0.8653043075041372, -0.8665835529921542, 0.0007893955146284692]",14.922246652313751,5.629407146152396
"[0.0007894596205592343, 0.8653031810679406, -0.8665844243338369, 0.0007906285632430707]",14.92566991780268,5.632550310388104
"[0.0007906932618261736, 0.8653020507465767, -0.8665852986791177, 0.0007918658644944034]",14.92909731664442,5.635693474623811
"[0.0007919311695352143, 0.8653009165106027, -0.8665861760507533, 0.000793107450608501]",14.932528851673785,5.638836638859519
"[0.000793173384964986, 0.8652997783221409, -0.8665870564780251, 0.0007943533630465192]",14.935964528602254,5.641979803095227
"[0.0007944199383887065, 0.865298636153395, -0.8665879399824167, 0.000795603632232322]",14.939404344561263,5.645122967330934
"[0.0007956708704831585, 0.8652974899670356, -0.8665888265927845, 0.0007968582990256377]",14.942848306869957,5.648266131566642
"[0.000796926212235707, 0.8652963397346117, -0.8665897163311179, 0.0007981173945679525]",14.946296410333858,5.651409295802349
"[0.0007981860073211174, 0.8652951854160448, -0.8665906092283996, 0.0007993809627282432]",14.949748667426253,5.654552460038057
"[0.0007994502895664843, 0.865294026980279, -0.8665915053086328, 0.0008006490374984846]",14.9532050711033,5.657695624273765
"[0.0008007190924923612, 0.8652928643965397, -0.8665924045956034, 0.0008019216525638324]",14.956665624895036,5.660838788509472
"[0.0008019924589899485, 0.8652916976254634, -0.86659330711974, 0.000803198851010095]",14.960130331694815,5.663981952745179
"[0.0008032704214358898, 0.8652905266373214, -0.8665942129040187, 0.0008044806653767388]",14.963599189893623,5.667125116980888
"[0.0008045530192581074, 0.8652893513959222, -0.8665951219764143, 0.0008057671352776269]",14.967072203150202,5.670268281216595
"[0.0008058402897333676, 0.8652881718670454, -0.8665960343633763, 0.0008070582981696029]",14.970549369829131,5.673411445452302
"[0.0008071322693001761, 0.8652869880172369, -0.8665969500907615, 0.0008083541906693892]",14.974030690343366,5.67655460968801
"[0.000808428999315849, 0.8652857998085348, -0.8665978691879134, 0.000809654854328886]",14.977516165789174,5.679697773923718
"[0.0008097305132319105, 0.8652846072102207, -0.8665987916785719, 0.0008109603227711243]",14.981005796332914,5.682840938159425
"[0.0008110368533306157, 0.865283410183483, -0.8665997175927369, 0.0008122706384773713]",14.98449958212239,5.685984102395133
"[0.000812348055906028, 0.8652822086949967, -0.8666006469561641, 0.0008135858379238819]",14.987997521730152,5.689127266630841
"[0.0008136641617122692, 0.8652810027073484, -0.8666015797977712, 0.0008149059620614946]",14.99149961772298,5.692270430866548
"[0.0008149852029111036, 0.8652797921909978, -0.8666025161403855, 0.0008162310432235295]",14.995005862677703,5.695413595102256
"[0.0008163112244594387, 0.8652785771046794, -0.8666034560159048, 0.000817561126577608]",14.998516258565365,5.698556759337964
"[0.0008176422654073556, 0.8652773574125378, -0.8666043994520398, 0.0008188962513693996]",15.002030808925534,5.701699923573671
"[0.0008189783619422088, 0.8652761330813403, -0.8666053464744734, 0.0008202364539729044]",15.005549507710265,5.704843087809379
"[0.0008203195540049381, 0.8652749040744148, -0.8666062971115485, 0.0008215817745284794]",15.00907235238906,5.707986252045087
"[0.0008216658845719062, 0.8652736703523052, -0.866607251393761, 0.0008229322562224282]",15.012599346188088,5.711129416280794
"[0.0008230173868801774, 0.8652724318844799, -0.8666082093447032, 0.0008242879324728219]",15.016130480017045,5.714272580516502
"[0.0008243741052022831, 0.8652711886302937, -0.8666091709957902, 0.0008256488477683447]",15.019665755927885,5.717415744752209
"[0.0008257360770262015, 0.8652699405553167, -0.866610136373629, 0.0008270150397933013]",15.023205171076025,5.720558908987917
"[0.0008271033475562998, 0.8652686876180476, -0.866611105510296, 0.0008283865539734362]",15.026748725683053,5.723702073223625
"[0.000828475948662217, 0.8652674297892036, -0.8666120784284167, 0.0008297634223595243]",15.030296409323867,5.726845237459332
"[0.0008298539272449245, 0.865266167025726, -0.8666130551612713, 0.0008311456920815002]",15.033848224321675,5.72998840169504
"[0.0008312373231827301, 0.8652648992909908, -0.8666140357371623, 0.0008325334032260128]",15.037404167927727,5.733131565930748
"[0.0008326261751539167, 0.8652636265494723, -0.8666150201835432, 0.0008339265946770991]",15.040964234539063,5.736274730166455
"[0.0008340205248103758, 0.8652623487629186, -0.8666160085299747, 0.0008353253083028619]",15.044528421185705,5.739417894402163
"[0.0008354204112526792, 0.8652610658954154, -0.8666170008042102, 0.0008367295834132991]",15.048096723277595,5.742561058637871
"[0.0008368258798827781, 0.8652597779052719, -0.8666179970384701, 0.0008381394656407618]",15.05166913503126,5.745704222873578
"[0.000838236967120405, 0.8652584847590274, -0.8666189972586084, 0.0008395549916084236]",15.055245653074918,5.7488473871092864
"[0.0008396537182777114, 0.8652571864150713, -0.8666200014967828, 0.000840976206861049]",15.058826274941335,5.751990551344994
"[0.0008410761730980247, 0.8652558828368956, -0.8666210097812043, 0.0008424031513583155]",15.062410994506347,5.755133715580701
"[0.0008425043716811983, 0.8652545739876633, -0.866622022140337, 0.0008438358654187768]",15.06599980582279,5.7582768798164095
"[0.0008439383632550859, 0.8652532598221716, -0.8666230386091163, 0.0008452743985191594]",15.069592705624489,5.761420044052117
"[0.0008453781786916463, 0.8652519403120388, -0.8666240592094661, 0.0008467187817234495]",15.073189683180521,5.764563208287824
"[0.0008468238687174641, 0.8652506154106857, -0.8666250839773849, 0.0008481690660144709]",15.076790738536019,5.7677063725235325
"[0.0008482754704490781, 0.8652492850840053, -0.8666261129392245, 0.0008496252887231281]",15.080395862377193,5.77084953675924
"[0.0008497330300026565, 0.8652479492896413, -0.866627146127717, 0.0008510874962098882]",15.084005047577653,5.773992700994947
"[0.0008511965869742474, 0.8652466079912114, -0.8666281835709725, 0.0008525557282956684]",15.087618290131227,5.7771358652306555
"[0.000852666185524101, 0.8652452611481496, -0.8666292253003373, 0.0008540300293814872]",15.091235582756365,5.780279029466363
"[0.0008541418704686663, 0.8652439087192869, -0.8666302713476235, 0.0008555104445280527]",15.094856918498053,5.78342219370207
"[0.0008556236818830513, 0.865242550667798, -0.8666313217412831, 0.0008569970140409214]",15.09848228779966,5.786565357937778
"[0.000857111662247754, 0.8652411869546524, -0.8666323765114738, 0.0008584897806400907]",15.102111686736654,5.789708522173486
"[0.0008586058570718073, 0.8652398175380422, -0.8666334356905, 0.0008599887900852553]",15.105745103524766,5.792851686409193
"[0.0008601063106859898, 0.8652384423772383, -0.8666344993098324, 0.0008614940869555031]",15.10938253546647,5.795994850644901
"[0.0008616130613040714, 0.8652370614371163, -0.8666355673966055, 0.0008630057096945688]",15.113023968608514,5.799138014880609
"[0.0008631261580047001, 0.8652356746725929, -0.8666366399856569, 0.0008645237076476011]",15.116669398382198,5.802281179116316
"[0.0008646456417824031, 0.8652342820459925, -0.8666377171060933, 0.0008660481220509513]",15.120318814513059,5.805424343352024
"[0.000866171557276835, 0.8652328835162971, -0.8666387987896065, 0.0008675789977993611]",15.123972209530459,5.808567507587732
"[0.0008677039486533058, 0.8652314790429224, -0.8666398850675531, 0.0008691163793131701]",15.12762957135055,5.811710671823439
"[0.0008692428617139967, 0.8652300685837819, -0.86664097597245, 0.0008706603126564352]",15.13129089466527,5.814853836059147
"[0.0008707883348673537, 0.8652286521035649, -0.8666420715315738, 0.0008722108364768345]",15.134956164922245,5.817997000294855
"[0.0008723404178103295, 0.8652272295566127, -0.8666431717802039, 0.0008737680007489258]",15.138625377149387,5.821140164530562
"[0.0008738991555759587, 0.8652258009015397, -0.8666442767503141, 0.0008753318507696966]",15.142298517967168,5.82428332876627
"[0.0008754645876043909, 0.8652243661020848, -0.8666453864699145, 0.0008769024262264181]",15.145975576603632,5.827426493001978
"[0.000877036764223074, 0.865222925112007, -0.8666465009747334, 0.0008784797777309633]",15.149656543716368,5.830569657237685
"[0.0008786157270550103, 0.8652214778930417, -0.8666476202943293, 0.0008800639471637436]",15.153341409183,5.833712821473393
"[0.0008802015197508662, 0.8652200244050647, -0.8666487444596991, 0.0008816549784410458]",15.157030159772594,5.836855985709101
"[0.0008817941899220003, 0.8652185646043192, -0.8666498735046477, 0.0008832529194545441]",15.160722786033743,5.839999149944808
"[0.000883393784345031, 0.8652170984478128, -0.8666510074623897, 0.0008848578172600848]",15.164419276337943,5.843142314180516
"[0.0008850003414423527, 0.8652156259002087, -0.8666521463602167, 0.0008864697105331776]",15.168119614537328,5.846285478416224
"[0.0008866139165316611, 0.865214146910682, -0.8666532902373998, 0.0008880886549023973]",15.171823794950528,5.849428642651931
"[0.0008882345459765451, 0.8652126614457797, -0.866654439119773, 0.0008897146869808607]",15.175531800219664,5.852571806887639
"[0.0008898622813293831, 0.8652111694581259, -0.8666555930439389, 0.0008913478586227077]",15.179243620129144,5.855714971123347
"[0.0008914971649798158, 0.8652096709087402, -0.8666567520400054, 0.0008929882124904892]",15.182959241187511,5.858858135359054
"[0.000893139239587121, 0.8652081657583949, -0.8666579161382718, 0.0008946357915189214]",15.186678647933869,5.862001299594762
"[0.0008947885600357527, 0.8652066539566539, -0.8666590853777054, 0.0008962906509106334]",15.190401831262266,5.865144463830469
"[0.000896445165592381, 0.8652051354673953, -0.8666602597862021, 0.0008979528301998338]",15.194128772195954,5.868287628066177
"[0.0008981091013754367, 0.8652036102491323, -0.8666614393958068, 0.0008996223747938194]",15.197859461552751,5.871430792301885
"[0.0008997804192399842, 0.8652020782542003, -0.866662624243342, 0.0009012993368610354]",15.201593882301799,5.874573956537592
"[0.0009014591621500257, 0.8652005394430836, -0.866663814359326, 0.0009029837596506715]",15.20533202261897,5.8777171207733
"[0.000903145375020673, 0.8651989937744762, -0.8666650097756632, 0.0009046756883713667]",15.209073863684049,5.880860285009008
"[0.0009048391065068, 0.8651974412036422, -0.8666662105269085, 0.0009063751719860048]",15.212819394107553,5.884003449244715
"[0.0009065404038221675, 0.8651958816871651, -0.8666674166465966, 0.0009080822580133375]",15.216568597189992,5.887146613480423
"[0.0009082493088502403, 0.8651943151865126, -0.8666686281644841, 0.0009097969886254861]",15.220321458646106,5.890289777716131
"[0.0009099658721753671, 0.8651927416551749, -0.8666698451164963, 0.0009115194147269423]",15.224077959440304,5.893432941951838
"[0.0009116901410955754, 0.8651911610496528, -0.8666710675362302, 0.0009132495839265915]",15.22783808827602,5.8965761061875455
"[0.0009134221591558147, 0.8651895733298858, -0.8666722954546227, 0.0009149875400692633]",15.23160182491148,5.899719270423254
"[0.0009151619773683866, 0.8651879784489662, -0.8666735289079052, 0.0009167333344946392]",15.235369155488804,5.902862434658961
"[0.0009169096366205073, 0.8651863763692665, -0.8666747679251321, 0.0009184870083844558]",15.239140059075636,5.9060055988946685
"[0.0009186651900081908, 0.8651847670419651, -0.8666760125440137, 0.0009202486151731683]",15.242914523951471,5.909148763130376
"[0.0009204286798050572, 0.8651831504281595, -0.8666772627945893, 0.0009220181974375194]",15.24669252896697,5.912291927366084
"[0.0009222001571813603, 0.86518152648079, -0.8666785187132056, 0.0009237958066835514]",15.250474057783231,5.9154350916017915
"[0.0009239796713144251, 0.8651798951546215, -0.8666797803347975, 0.0009255814924195519]",15.254259094504436,5.918578255837499
"[0.0009257672574010959, 0.8651782564172338, -0.8666810476843891, 0.0009273752901267488]",15.258047618017635,5.921721420073206
"[0.0009275629764304551, 0.8651766102125595, -0.8666823208052917, 0.000929177261170186]",15.261839609982715,5.9248645843089145
"[0.0009293668710357592, 0.865174956501358, -0.8666835997278031, 0.0009309874484973867]",15.265635055351986,5.928007748544622
"[0.0009311789851144497, 0.8651732952432264, -0.8666848844831184, 0.0009328058963264025]",15.269433930575916,5.931150912780329
"[0.0009329993712132651, 0.8651716263898311, -0.8666861751085659, 0.0009346326575568644]",15.273236221497521,5.9342940770160375
"[0.0009348280726210315, 0.8651699499013245, -0.8666874716349113, 0.0009364677758001949]",15.277041905690448,5.937437241251745
"[0.0009366651385915831, 0.8651682657323873, -0.8666887740971501, 0.0009383113006557986]",15.280850963057103,5.940580405487452
"[0.0009385106172528163, 0.8651665738387314, -0.8666900825294799, 0.0009401632805953227]",15.284663373937533,5.94372356972316
"[0.0009403645572336675, 0.8651648741756064, -0.8666913969664557, 0.0009420237645953778]",15.288479120093282,5.946866733958868
"[0.0009422270045557694, 0.8651631667006514, -0.8666927174407839, 0.0009438927990182026]",15.292298181962106,5.950009898194575
"[0.0009440980079546321, 0.8651614513690143, -0.8666940439870958, 0.0009457704329516637]",15.296120535047049,5.953153062430283
"[0.0009459776117428785, 0.8651597281398962, -0.8666953766368891, 0.000947656711047218]",15.299946159656505,5.956296226665991
"[0.0009478658665022853, 0.8651579969667488, -0.8666967154261058, 0.0009495516842499063]",15.30377503503965,5.959439390901698
"[0.000949762821176276, 0.8651562578045231, -0.8666980603895281, 0.0009514554018628544]",15.307607141839851,5.962582555137406
"[0.0009516685222828747, 0.8651545106103926, -0.8666994115602195, 0.0009533679107573783]",15.311442454871036,5.965725719373114
"[0.0009535830183597361, 0.8651527553396761, -0.866700768972676, 0.0009552892598338679]",15.31528095571302,5.968868883608821
"[0.0009555063537026878, 0.8651509919515795, -0.8667021326583877, 0.0009572194937379306]",15.319122619518113,5.972012047844529
"[0.0009574385811149836, 0.8651492203975069, -0.8667035026548771, 0.0009591586656553892]",15.322967426717565,5.975155212080237
"[0.0009593797451891744, 0.8651474406363882, -0.866704878993846, 0.0009611068205341902]",15.32681535062796,5.978298376315944
"[0.0009613298936363076, 0.8651456526242914, -0.8667062617092087, 0.0009630640064542612]",15.330666370004133,5.981441540551652
"[0.0009632890801006871, 0.8651438563118429, -0.8667076508390875, 0.0009650302774525797]",15.334520465062425,5.98458470478736
"[0.000965257342911878, 0.8651420516637078, -0.8667090464107469, 0.0009670056721983529]",15.338377607402151,5.987727869023067
"[0.0009672347372765014, 0.8651402386290757, -0.8667104484634183, 0.0009689902463012544]",15.34223777815801,5.990871033258775
"[0.0009692213098389173, 0.8651384171649836, -0.8667118570302638, 0.0009709840467801093]",15.346100948870944,5.994014197494483
"[0.000971217108222907, 0.8651365872275688, -0.8667132721451408, 0.0009729871216390893]",15.34996709917289,5.99715736173019
"[0.0009732221754997907, 0.86513474877714, -0.8667146938386802, 0.000974999514315666]",15.353836200151779,6.000300525965898
"[0.0009752365663863415, 0.8651329017633262, -0.8667161221497705, 0.0009770212799377074]",15.357708233454943,6.003443690201606
"[0.0009772603258593711, 0.8651310461446848, -0.8667175571103954, 0.0009790524638600144]",15.361583170997736,6.006586854437313
"[0.000979293500076533, 0.8651291818786879, -0.8667189987533772, 0.000981093112624932]",15.365460985258276,6.009730018673021
"[0.000981336143476791, 0.865127308915212, -0.8667204471174108, 0.0009831432810890955]",15.369341655967338,6.012873182908729
"[0.000983388293049661, 0.8651254272201306, -0.8667219022288201, 0.0009852030065978879]",15.373225151967585,6.016016347144436
"[0.000985450005411652, 0.8651235367413196, -0.8667233641278455, 0.0009872723461985518]",15.377111451979331,6.019159511380144
"[0.0009875213288354679, 0.8651216374343014, -0.8667248328488141, 0.000989351348566357]",15.38100053021686,6.022302675615851
"[0.000989602303953783, 0.8651197292616029, -0.8667263084206356, 0.0009914400547106884]",15.384892356160167,6.025445839851559
"[0.000991692982381451, 0.8651178121756775, -0.8667277908800078, 0.0009935385166663744]",15.388786908180327,6.028589004087267
"[0.0009937934109002392, 0.865115886133409, -0.8667292802602032, 0.0009956467816198092]",15.392684155042886,6.031732168322974
"[0.000995903639347607, 0.8651139510888756, -0.8667307765966621, 0.0009977648998270726]",15.396584073988231,6.034875332558682
"[0.0009980237105291629, 0.8651120070026014, -0.8667322799198393, 0.0009998929144886997]",15.40048663473878,6.03801849679439
"[0.001000153679277744, 0.8651100538240799, -0.8667337902687197, 0.0010020308808801365]",15.4043918133219,6.041161661030097
"[0.0010022935904535303, 0.8651080915119459, -0.8667353076752171, 0.001004178844269477]",15.408299579200337,6.044304825265805
"[0.0010044434872558386, 0.8651061200263553, -0.8667368321700699, 0.0010063368482602602]",15.412209905251041,6.047447989501513
"[0.0010066034167790575, 0.8651041393238895, -0.8667383637867782, 0.001008504940368362]",15.41612276064938,6.05059115373722
"[0.0010087734350355086, 0.8651021493529496, -0.8667399025651683, 0.0010106831770640866]",15.420038124533953,6.053734317972928
"[0.0010109535802096442, 0.8651001500782824, -0.8667414485324249, 0.0010128715969251183]",15.42395596165173,6.056877482208636
"[0.0010131439038923971, 0.8650981414523385, -0.8667430017252407, 0.0010150702519890994]",15.427876246151026,6.060020646444343
"[0.0010153444506056913, 0.865096123434048, -0.8667445621752974, 0.0010172791872005663]",15.43179894932006,6.063163810680051
"[0.0010175552706045317, 0.8650940959770802, -0.8667461299183431, 0.0010194984532617332]",15.435724039971014,6.066306974915759
"[0.0010197764090758919, 0.8650920590397513, -0.8667477049865329, 0.0010217280957902349]",15.439651491702017,6.069450139151466
"[0.0010220079122023893, 0.8650900125794596, -0.8667492874127294, 0.0010239681614058966]",15.44358127477385,6.072593303387174
"[0.0010242498293935587, 0.8650879565506433, -0.8667508772320849, 0.0010262186999706667]",15.44751335729163,6.075736467622882
"[0.0010265022013195232, 0.8650858909157516, -0.8667524744735549, 0.0010284797525762647]",15.451447708769702,6.078879631858589
"[0.001028765081075764, 0.8650838156258358, -0.8667540791749083, 0.0010307513727904434]",15.455384303672995,6.082022796094297
"[0.0010310385140082168, 0.8650817306390525, -0.8667556913684189, 0.0010330336064044477]",15.459323106053956,6.085165960330005
"[0.0010333225439896404, 0.8650796359149052, -0.8667573110853177, 0.0010353264977334456]",15.463264088771878,6.088309124565712
"[0.0010356172206151333, 0.8650775314076481, -0.8667589383608946, 0.0010376300968400094]",15.467207222535748,6.09145228880142
"[0.0010379225886563623, 0.8650754170759553, -0.86676057322702, 0.0010399444489474754]",15.471152471756781,6.094595453037128
"[0.0010402386933624798, 0.8650732928780606, -0.8667622157159045, 0.0010422695997613864]",15.47509981030249,6.097738617272835
"[0.0010425655792018677, 0.865071158772911, -0.8667638658592068, 0.001044605594206353]",15.479049203614025,6.1008817815085425
"[0.00104490329458424, 0.8650690147158362, -0.8667655236913805, 0.0010469524811666775]",15.483000619775101,6.104024945744251
"[0.0010472518863966342, 0.8650668606635595, -0.8667671892458019, 0.0010493103080010439]",15.486954031816744,6.107168109979958
"[0.001049611395874018, 0.8650646965779846, -0.8667688625518399, 0.0010516791163967668]",15.490909402006528,6.1103112742156656
"[0.0010519818732966143, 0.8650625224127174, -0.8667705436452792, 0.0010540589571250184]",15.494866701524677,6.113454438451374
"[0.0010543633651557247, 0.8650603381248353, -0.8667722325592192, 0.0010564498771561957]",15.498825900693015,6.116597602687081
"[0.0010567559078878493, 0.8650581436806352, -0.8667739293196294, 0.0010588519133690089]",15.502786961534254,6.119740766922789
"[0.0010591595524569572, 0.8650559390330866, -0.8667756339627839, 0.0010612651172301883]",15.506749855604435,6.122883931158497
"[0.0010615743489676118, 0.8650537241359443, -0.8667773465243479, 0.0010636895393468732]",15.510714548820285,6.126027095394204
"[0.0010640003359702812, 0.865051498953558, -0.8667790670317946, 0.001066125218729146]",15.514681008665217,6.129170259629912
"[0.0010664375599798866, 0.8650492634429688, -0.8667807955182463, 0.001068572202386306]",15.518649203222903,6.13231342386562
"[0.001068886058939016, 0.8650470175690782, -0.8667825320107475, 0.001071030528724024]",15.522619095600966,6.135456588101327
"[0.0010713458886651202, 0.865044761280389, -0.8667842765490207, 0.0010735002540976798]",15.526590655779543,6.138599752337035
"[0.0010738170886064925, 0.8650424945404155, -0.8667860291611809, 0.0010759814184309483]",15.530563851158075,6.141742916572742
"[0.001076299698822066, 0.8650402173121091, -0.8667877898757776, 0.0010784740622635629]",15.534538646590507,6.14488608080845
"[0.0010787937707391127, 0.8650379295479905, -0.8667895587294238, 0.0010809782375526813]",15.53851500713576,6.148029245044158
"[0.0010812993409287474, 0.8650356312142043, -0.866791335748198, 0.0010834939813423549]",15.542492903657347,6.151172409279865
"[0.0010838164554917062, 0.8650333222681511, -0.8667931209649384, 0.001086021340247974]",15.54647229465586,6.154315573515572
"[0.0010863451625321837, 0.8650310026653906, -0.8667949144139055, 0.0010885603628998405]",15.550453153318943,6.157458737751281
"[0.0010888854995728973, 0.8650286723711851, -0.8667967161218573, 0.0010911110873068166]",15.554435438953547,6.160601901986988
"[0.0010914375127262584, 0.8650263313429155, -0.866798526121644, 0.0010936735601057197]",15.558419121327166,6.163745066222695
"[0.001094001240723819, 0.86502397954473, -0.8668003444408834, 0.0010962478205254486]",15.56240416703987,6.166888230458403
"[0.0010965767304532091, 0.8650216169332915, -0.8668021711129787, 0.0010988339159876928]",15.56639053591056,6.170031394694111
"[0.0010991640211777617, 0.8650192434722549, -0.8668040061659275, 0.001101431886261725]",15.570378198287495,6.173174558929818
"[0.0011017631603232275, 0.8650168591177827, -0.8668058496335174, 0.0011040417793161741]",15.57436711714488,6.176317723165526
"[0.0011043741840958497, 0.8650144638363275, -0.8668077015415809, 0.0011066636318570423]",15.578357257411444,6.179460887401234
"[0.0011069971408520108, 0.8650120575831931, -0.8668095619245684, 0.0011092974927940818]",15.582348584699643,6.182604051636941
"[0.0011096320626132036, 0.8650096403286647, -0.8668114308053466, 0.001111943394637524]",15.586341061576356,6.185747215872649
"[0.0011122790015997953, 0.8650072120244938, -0.8668133082211104, 0.0011146013901838937]",15.59033465516502,6.188890380108356
"[0.0011149379901942108, 0.8650047726406295, -0.8668151941949848, 0.0011172715123123106]",15.594329328904562,6.192033544344064
"[0.0011176090773977576, 0.8650023221317699, -0.8668170887618838, 0.00111995381059359]",15.598325048983806,6.195176708579772
"[0.0011202922992363039, 0.8649998604645148, -0.8668189919475203, 0.0011226483215720949]",15.602321775504793,6.198319872815479
"[0.0011229876942690134, 0.8649973876031362, -0.8668209037794047, 0.0011253550843393194]",15.606319475671787,6.201463037051187
"[0.0011256953115734176, 0.8649949035022534, -0.86682282429251, 0.0011280741485529056]",15.610318114430484,6.204606201286895
"[0.001128415180917312, 0.8649924081341979, -0.8668247535081138, 0.0011308055444825549]",15.614317654184706,6.207749365522602
"[0.0011311473455809544, 0.8649899014589009, -0.8668266914570801, 0.0011335493159708174]",15.618318060227493,6.21089252975831
"[0.0011338918488744446, 0.8649873834362632, -0.8668286381702949, 0.0011363055068937446]",15.622319293224933,6.214035693994018
"[0.0011366487290436211, 0.8649848540308286, -0.8668305936750542, 0.0011390741560450075]",15.626321319994673,6.217178858229725
"[0.0011394180246744544, 0.8649823132068254, -0.8668325579988965, 0.001141855302563215]",15.630324104965037,6.220322022465433
"[0.0011421997716221433, 0.8649797609309845, -0.8668345311674245, 0.001144648982847842]",15.634327609122868,6.223465186701141
"[0.0011449940090430919, 0.8649771971670046, -0.8668365132085843, 0.0011474552366170726]",15.638331797713464,6.226608350936848
"[0.0011478007839019716, 0.8649746218714167, -0.8668385041558624, 0.0011502741114344714]",15.642336635040778,6.229751515172556
"[0.0011506201229739795, 0.8649720350192733, -0.8668405040284248, 0.0011531056345905923]",15.646342081346248,6.232894679408264
"[0.0011534520695124415, 0.8649694365705041, -0.8668425128571284, 0.001155949849928508]",15.650348101316679,6.236037843643971
"[0.0011562966624165, 0.8649668264890309, -0.8668445306697425, 0.0011588067969218636]",15.654354658929494,6.239181007879679
"[0.0011591539370930362, 0.8649642047419759, -0.8668465574915614, 0.0011616765115403137]",15.658361717867981,6.242324172115387
"[0.0011620239305417598, 0.8649615712949975, -0.8668485933490098, 0.001164559031356634]",15.662369242921654,6.245467336351094
"[0.0011649066809693433, 0.8649589261126426, -0.8668506382693706, 0.0011674543951593747]",15.666377194419631,6.248610500586802
"[0.001167802221633766, 0.8649562691639961, -0.8668526922764177, 0.0011703626367701113]",15.670385534663147,6.25175366482251
"[0.0011707105932374307, 0.8649536004113085, -0.8668547553992074, 0.0011732837974910016]",15.674394230858637,6.254896829058217
"[0.0011736318297659474, 0.86495091982299, -0.8668568276620326, 0.0011762179118814037]",15.678403241908875,6.258039993293925
"[0.001176565968045473, 0.8649482273648413, -0.8668589090912033, 0.0011791650173571915]",15.682412532948103,6.261183157529633
"[0.0011795130389516404, 0.8649455230081204, -0.866860999708809, 0.0011821251453608633]",15.686422067633858,6.26432632176534
"[0.0011824730806922952, 0.8649428067173534, -0.8668630995421425, 0.0011850983347029994]",15.690431806534493,6.267469486001048
"[0.0011854461310541362, 0.8649400784574494, -0.8668652086181995, 0.001188084623774825]",15.694441716736693,6.270612650236756
"[0.0011884322179201675, 0.8649373382024024, -0.8668673269569513, 0.0011910840410232126]",15.69845175524583,6.273755814472463
"[0.0011914313844134466, 0.8649345859122183, -0.8668694545891823, 0.0011940966302066015]",15.7024618905764,6.276898978708171
"[0.0011944436574254824, 0.8649318215617939, -0.8668715915341635, 0.001197122418782863]",15.706472082781827,6.280042142943879
"[0.0011974690689926818, 0.8649290451213024, -0.8668737378148172, 0.0012001614393811267]",15.71048229333489,6.283185307179586
