u,t,theta
"[-0.31448717267361054, 22.314579863388786, -0.05949098686308692, -0.31448717267361276]",87.32573855080716,0.0
"[-0.3149020954923758, 22.316863769661264, -0.05947922216070087, -0.31490209549280224]",87.31010887324716,0.003143164235707647
"[-0.3137349464498302, 22.258929988316797, -0.05964571991718817, -0.313734946449891]",87.29648495661776,0.006286328471415294
"[-0.31102471702041734, 22.142533546666446, -0.059987757406746514, -0.31102471702047096]",87.28483482845193,0.009429492707122941
"[-0.3067937610677681, 21.96896938161862, -0.06050636667981398, -0.306793761067973]",87.27515068169673,0.012572656942830588
"[-0.30104801457117, 21.7390849002199, -0.061206358983339364, -0.3010480145714029]",87.26744868963945,0.015715821178538234
"[-0.2937765057851809, 21.453278464823477, -0.06209657903941023, -0.29377650578535097]",87.26176982358156,0.018858985414245882
"[-0.28495001476733606, 21.111480171688882, -0.0631904275782384, -0.2849500147674073]",87.25818181501607,0.02200214964995353
"[-0.2745189365101343, 20.71312084657917, -0.06450669034520003, -0.2745189365101536]",87.25678267788564,0.025145313885661175
"[-0.262409813772515, 20.25707495547993, -0.06607081691275617, -0.2624098137728232]",87.25770591258778,0.02828847812136882
"[-0.2485204954765817, 19.74158628737801, -0.06791678224220804, -0.248520495476618]",87.2611282091459,0.03143164235707647
"[-0.232712854286837, 19.164152689270622, -0.07008987583086251, -0.2327128542869185]",87.26728055230033,0.03457480659278411
"[-0.2148024343138859, 18.52137374922318, -0.07265084970422407, -0.21480243431415263]",87.27646438095144,0.037717970828491765
"[-0.19454261953687849, 17.808718617229854, -0.075682351163964, -0.19454261953695232]",87.28907563721765,0.04086113506419941
"[-0.17160104034621365, 17.020210900044535, -0.0792990288866164, -0.17160104034638252]",87.30564121022468,0.04400429929990706
"[-0.1455212647287641, 16.147928716469174, -0.08366433102137244, -0.14552126472893748]",87.32687678498992,0.047147463535614706
"[-0.11566066525951976, 15.181281356344279, -0.08901933990084734, -0.1156606652595616]",87.35378148568567,0.05029062777132235
"[-0.08107960144097687, 14.105791539875149, -0.09573602913296177, -0.08107960144101171]",87.38780387513069,0.05343379200703
"[-0.04033304999541725, 12.901059733814018, -0.10442267669237223, -0.04033304999544614]",87.43115205550511,0.05657695624273764
"[0.008965898029593885, 11.536974823772805, -0.11615523029369992, 0.008965898029433149]",87.48743333607638,0.05972012047844529
"[0.07119305485602827, 9.965928488071032, -0.13305929669938002, 0.07119305485586422]",87.56315554479163,0.06286328471415294
"[0.15581562072003632, 8.103881602366037, -0.1601025519619872, 0.15581562071998792]",87.67200937831794,0.06600644894986059
"[0.2907148501941714, 5.769757810778507, -0.21278117933799492, 0.29071485019415366]",87.85176987265284,0.06914961318556823
"[0.6899444253571754, 2.28974985138555, -0.36497177817901194, 0.6899444253571727]",88.28969247271445,0.07229277742127588
"[-0.44379021042732947, 1.1677070600017898, -0.6234295874646545, -0.44379021042733086]",86.54561156093463,0.07543594165698353
"[-1.0895291196347079, 0.027570521874911186, 0.5702131969313038, -1.0895291196347094]",86.84397299938425,0.07857910589269117
"[-0.6694467342006835, 9.756939048780819, -0.11275146289541302, -0.669446734200782]",86.39739837824101,0.08172227012839882
"[0.06604687425841836, -0.8847364569884231, 1.0488314422368221, 0.06604687425841767]",74.97089301205753,0.08486543436410646
"[-0.24747892922847214, 6.2363931292612405, -0.20036382091061283, -0.24747892922853135]",87.06816143871977,0.08800859859981412
"[-1.0477437402382768, 11.213387363022022, -0.0699901849545378, -1.047743740238277]",75.39104680496699,0.09115176283552176
"[-0.1772379418612011, 10.141013170805666, -0.12958979056851785, -0.17723794186165165]",87.39341473063097,0.09429492707122941
"[0.011151141536842466, 0.7172460560361453, -0.2817115092336136, 0.0111511415368401]",75.90207976342516,0.09743809130693705
"[-0.9779023800552644, 3.8117794394302718, -0.18516506885212372, -0.977902380055328]",66.27436157370951,0.1005812555426447
"[-0.3926490034488381, 16.90656816152191, -0.07610611601256377, -0.3926490034489361]",86.84470798478165,0.10372441977835235
"[-0.7335688586582324, 28.07992993783551, -0.039748370095676236, -0.7335688586592395]",89.32985014761196,0.10686758401406
"[-0.6829047450789208, 26.282825763232317, -0.043745179661746576, -0.6829047450790293]",85.6583735786469,0.11001074824976764
"[-0.13786659157287576, 12.923357239507936, -0.10357387670548084, -0.13786659157298545]",86.86875078682253,0.11944024095689058
"[-0.924761231144938, 40.31933886399559, -0.02400590497937926, -0.9247612311452833]",89.17500837592567,0.12258340519259824
"[1.1238467258597407, 0.3992116871315416, 0.3202803265200632, 1.123846725859722]",88.15299331289654,0.12886973366401352
"[0.8802727103103049, 0.09981695584886202, 1.4946938609369091, 0.8802727103102697]",77.80478793055215,0.13201289789972118
"[-1.0835798298816341, 46.45513387025215, -0.017469769376409348, -1.083579829882358]",84.90665429409862,0.13515606213542883
"[-0.8978630258453173, 10.057901488589268, -0.09168592583486959, -0.8978630258453468]",70.8195513751914,0.1414423906068441
"[0.1551096966945026, 0.6921197618220798, -0.31431713270668643, 0.15510969669449481]",60.45288851045189,0.14458555484255176
"[-0.6786305629098547, 0.6496585372310685, -0.12709020436426083, -0.6786305629098714]",54.69973295217417,0.15401504754967468
"[-0.8747865869428287, 38.359466335178894, -0.02637317685883094, -0.8747865869437271]",89.46679755925554,0.16030137602109001
"[-0.5831901508365974, 13.148892635614674, -0.08959044186594177, -0.5831901508366787]",87.37487177072332,0.16344454025679764
"[-0.5878252102142011, 13.239789426459732, -0.08880444809454693, -0.5878252102143808]",90.90782609223369,0.1665877044925053
"[-1.0630641470571975, 38.511891353065735, -0.021531645443537584, -1.0630641470575946]",83.16852330994567,0.1697308687282129
"[-0.1657354094494301, -1.0222524955521433, 1.3072046908205701, -0.16573540944943346]",87.1757025604409,0.1728740329639206
"[-0.3310475898897919, 16.384682682303964, -0.07979313194111053, -0.3310475898900206]",89.51697342267973,0.17601719719962824
"[0.1788549045783505, 3.2345613157010296, -0.35930127074848583, 0.1788549045783352]",80.28339217509256,0.17916036143533587
"[0.08089672116986649, 0.7385227006008466, -0.38500601105059884, 0.08089672116982072]",65.48836364879229,0.18230352567104352
"[0.5948188107765722, 2.143159894431879, -0.41321510235081643, 0.5948188107765637]",78.34219581914276,0.18544668990675117
"[-0.6202858964820193, 9.472098272119045, -0.11924235401558965, -0.6202858964821252]",88.43761676899605,0.18858985414245882
"[-0.16794079795464084, 15.363778903772603, -0.08752180722394198, -0.16794079795469186]",89.80896602313364,0.19173301837816648
"[0.03950457815864104, 0.6644677470162913, -0.15022777492629671, 0.03950457815863621]",79.02324710025124,0.1948761826138741
"[0.33396719099194694, -0.8848117445756322, 0.9360656371643765, 0.3339671909919465]",78.88438849370354,0.19801934684958175
"[0.042535740322413224, -0.1254796978370771, 2.01168648712552, 0.04253574032241603]",75.12254173374332,0.20430567532099703
"[-0.28813015732086544, 10.579113479283844, -0.12208191807967389, -0.28813015732091235]",67.51930621967212,0.21059200379241236
"[-0.3238344521866422, 11.456233340475501, -0.11231190218836279, -0.3238344521867492]",67.68489260932365,0.21373516802812
"[-0.35269731692371087, 11.665096266512922, -0.10957204625839788, -0.3526973169237861]",66.82606482227948,0.22630782497095056
"[-1.1835693643468923, 3.7460892359790985, -0.12649028256630387, -1.1835693643475034]",69.46758228607413,0.2294509892066582
"[0.5960896015263927, -0.7270072425824201, 0.967243155381518, 0.5960896015263877]",89.41869585618966,0.23888048191378117
"[-0.60669556061274, 32.31035267092786, -0.037316661758185904, -0.606695560612824]",88.612094061939,0.24202364614948882
"[-0.10306544610879041, 0.877201998308644, -0.6111736341857944, -0.10306544610879707]",85.37612263028582,0.24516681038519647
"[0.4722764308400267, 0.509901056945584, -0.06357904463376107, 0.47227643084002396]",60.97741529117444,0.25145313885661175
"[-0.3576374997345176, 22.944445647412724, -0.05727382734648686, -0.35763749973455744]",93.49357706386108,0.2545963030923194
"[-0.71470859449316, 36.953272970184514, -0.030796066442024126, -0.7147085944937113]",93.40834826873919,0.2608826315637347
"[-0.7851722042220043, 25.038574530371047, -0.042844149133601225, -0.7851722042221023]",87.86381861527485,0.26402579579944235
"[-0.6226348389985884, 33.09253522815372, -0.03615939135923212, -0.6226348389989373]",93.45878678194343,0.26716896003515
"[-0.03405009619460783, 6.1007354570298595, -0.2094486189826768, -0.03405009619466785]",93.58159238283662,0.27031212427085766
"[1.00737343798515, 0.37307869916030434, 0.3461108947938864, 1.0073734379851442]",57.751553234670745,0.2734552885065653
"[-0.33024158101344714, 21.836510467636167, -0.060518806189857256, -0.3302415810136477]",93.37467130118225,0.2765984527422729
"[-1.0274668815041872, 43.92723641197878, -0.019796239554485492, -1.027466881504759]",82.29073315775787,0.3017437666279341
"[-0.8475837125082333, 37.62134032238452, -0.02750052596234575, -0.847583712508559]",82.70825494008638,0.30488693086364177
"[0.7994642291859201, -0.0009807026823678414, 18.904385202270856, 0.7994642310708753]",67.88291690682243,0.30803009509934937
"[-0.5377161391085457, 6.678088041362311, -0.17086029400817282, -0.5377161391085689]",77.60642900278134,0.3268890805135953
"[-0.25072001116460396, 4.701335302900206, -0.2573779535260415, -0.25072001116463927]",59.440534274425275,0.3300322447493029
"[-0.3108628223563478, 1.5979613112838145, -0.5907250391672403, -0.3108628223563545]",70.0850482652292,0.33631857322071823
"[0.04424723598900289, 0.5521300007075999, 0.18564774609043758, 0.04424723598898225]",46.35167866901949,0.3394617374564258
"[-0.7781387570163109, 19.281055171059645, -0.05533773907803328, -0.7781387570163154]",67.62051337904285,0.3426049016921335
"[0.6367644983459987, 0.8202459278194284, -0.5338180803214357, 0.6367644983459941]",81.35843948747149,0.3457480659278412
"[-0.20762848895066496, -0.04321179019851172, 5.879707456963805, -0.20762848894875585]",66.60946692669557,0.34889123016354884
"[-0.8207001194509679, 41.973191999087234, -0.025247669523806346, -0.8207001194512608]",87.76538411298388,0.3551775586349641
"[-1.1268980736894396, 55.264810108175325, -0.01387965004841732, -1.1268980736911054]",87.42645650558212,0.35832072287067174
"[-1.1692367165306776, 56.947903659604414, -0.012624989200219055, -1.1692367165331095]",87.26109095864192,0.3614638871063794
"[-1.1199337534752536, 54.581302920783465, -0.014192734935275498, -1.119933753475899]",87.17147250931069,0.36460705134208704
"[-1.0373954291780565, 50.800377464913375, -0.01697564683031263, -1.0373954291786418]",87.12698565558006,0.3677502155777947
"[-0.9431312313556829, 46.575342858341365, -0.020482857614044975, -0.9431312313557942]",87.113187561676,0.37089337981350234
"[-0.8447481381877772, 42.25111062503115, -0.024610972254987935, -0.8447481381883165]",87.12280907627168,0.37403654404921
"[-0.7442184132360803, 37.925940688266984, -0.029455898558398173, -0.7442184132361218]",87.15258854976736,0.37717970828491765
"[-0.6408566711820715, 33.59128365391657, -0.03529225141381186, -0.6408566711823356]",87.20205605982919,0.3803228725206253
"[-0.532143706693035, 29.17955724674747, -0.04266892006481862, -0.5321437066935454]",87.27343900147474,0.38346603675633295
"[-0.4132057003416882, 24.567808744128246, -0.052724601651597106, -0.41320570034200194]",87.37287419429896,0.38660920099204055
"[-0.2740263574270282, 19.53824161619117, -0.0682568240905661, -0.27402635742717313]",87.51487190209656,0.3897523652277482
"[-0.08704845365008661, 13.617409782491876, -0.09896936722343944, -0.08704845365010387]",87.74144986641765,0.3928955294634559
"[0.3421812304557325, 4.930594010704952, -0.241118117453932, 0.3421812304557174]",88.33455148628917,0.3960386936991635
"[-0.42614856603315654, 8.095392730101903, -0.15036875974878375, -0.42614856603317264]",87.59407762793947,0.39918185793487115
"[-0.46425384024531735, -0.014831561473967978, 1.9480651258492192, -0.4642538402453305]",65.9360023886707,0.4023250221705788
"[-0.9364172467601689, 34.746124594879156, -0.02743240592065387, -0.9364172467631678]",90.0745648057011,0.40861135064199405
"[-0.45511521757416346, -0.047978029881759726, 2.0105070604922286, -0.4551152175741646]",53.354153682025476,0.41175451487770176
"[-0.5855872257483327, 3.0579408522973304, -0.3207564356580862, -0.5855872257483554]",63.680207013635986,0.4148976791134094
"[0.3331363887761097, -0.7902369971273496, 0.888753365996413, 0.33313638877610896]",89.72442034453223,0.418040843349117
"[-0.03727415723857994, 6.1163111449291625, -0.20894717749052202, -0.03727415723861886]",74.6467498881573,0.4243271718205323
"[0.14409352650097682, 0.7129044316092426, -0.36201358617434387, 0.14409352650097504]",84.98645287656518,0.42747033605624
"[-0.5462666183789607, 15.325373343335285, -0.07887042971623948, -0.54626661837916]",77.06584663973291,0.43375666452765527
"[-0.5926185795569521, 2.4078802707898084, -0.38088487170358, -0.5926185795569611]",58.42434081068146,0.43689982876336286
"[-0.9792745814819832, 10.46882045393909, -0.08107469071494745, -0.9792745814820095]",77.06408723022192,0.4431861572347783
"[-0.10435103209464569, 7.134360690348451, -0.1809543439819932, -0.10435103209499944]",78.57455959496612,0.4463293214704859
"[-0.5839329322294379, 23.363276498826686, -0.05170787597516208, -0.5839329322298701]",89.66690746225315,0.4494724857061935
"[-0.9940954074116022, -0.2581001330709913, 0.8511605482396798, -0.9940954074116051]",90.92810260689008,0.4526156499419011
"[-0.389319902170316, 23.82658366711353, -0.05471844595017172, -0.3893199021704239]",91.0749092499744,0.45575881417760883
"[-0.7011540242243645, 36.32474105146603, -0.03158088689301093, -0.7011540242245399]",90.89337302588932,0.4589019784133164
"[-0.8919982526213293, 44.59246364557022, -0.02242533817785089, -0.8919982526216328]",90.88630332669942,0.46204514264902413
"[-0.9747078500949522, 48.36332247173032, -0.019115375708725228, -0.9747078500949539]",90.97496873850508,0.46518830688473173
"[-0.9290426829910063, 46.51374487719491, -0.0207930383332619, -0.9290426829910895]",91.1326313925435,0.4683314711204394
"[-0.7481269570945838, 38.79128179897697, -0.028738239387056795, -0.7481269570949044]",91.35216720673436,0.4714746353561471
"[-0.43565921174259525, 26.025775430577806, -0.049485995945271144, -0.43565921174290445]",91.67166307305635,0.4746177995918547
"[0.2254168668199987, 6.700294092880331, -0.1885700604255407, 0.22541686681995107]",92.50704153548537,0.47776096382756233
"[0.20138683939208246, 0.6239404633367646, -0.16666923816403648, 0.201386839392063]",73.88681409300024,0.48090412806326993
"[0.4141972327467739, 4.1919263272612435, -0.270640882278883, 0.41419723274672615]",92.83443327216445,0.48719045653468523
"[-0.41115838414995803, 25.07824623703363, -0.05171601198554054, -0.4111583841502363]",91.82030780370863,0.49033362077039294
"[-0.7359073361472434, 38.26543747397236, -0.029361332993372236, -0.7359073361477025]",91.5351919520938,0.49347678500610054
"[-0.9157499307274873, 45.91561939175645, -0.021325084972350757, -0.9157499307294991]",91.3578069094546,0.4966199492418082
"[-0.9341772670692013, 46.55309765351367, -0.020673046897413432, -0.9341772670694178]",91.25110255717672,0.4997631134775159
"[-0.7847573028260186, 39.93510915818495, -0.027229528040724194, -0.7847573028262842]",91.24177380734831,0.5029062777132235
"[-0.45352223422439486, 26.297480923524883, -0.04868631931647682, -0.4535222342245002]",91.42940079062637,0.5060494419489312
"[-0.5288608338449247, 11.263726838092598, -0.10628572937149068, -0.528860833845032]",91.58029415358617,0.5091926061846388
"[-0.3799296198102215, -0.18858594185667377, 2.1413083633997014, -0.3799296198101813]",85.24081439645693,0.5123357704203465
"[-0.22203213948844194, 8.39998431234616, -0.1533619043096521, -0.22203213948865191]",88.19543163336975,0.5154789346560541
"[-0.4894633602414226, 10.433343699440135, -0.11609698566523564, -0.4894633602415588]",79.08188704088225,0.5217652631274694
"[-1.05425682017759, -0.39107771807910485, 0.972863021887978, -1.0542568201775941]",88.2015383346199,0.524908427363177
"[-0.6157400571088301, 6.9114963084889816, -0.15903786370865816, -0.615740057108841]",87.83514367199876,0.5280515915988847
"[-0.8184095849631835, 25.437138344056223, -0.041147001548200786, -0.8184095849631987]",89.77424230900787,0.5311947558345923
"[-0.2614135531133312, 14.808331563671572, -0.08929593631173298, -0.261413553113478]",91.80848843073025,0.5406242485417153
"[-0.802815153864834, 19.3311323570428, -0.054189148722936946, -0.8028151538649552]",87.95349831580128,0.5437674127774229
"[0.46814210813505674, 3.589055536915985, -0.30124116987076976, 0.4681421081350372]",89.969050151039,0.5469105770131306
"[-0.14671893973891437, 14.840368495089862, -0.09069813649459957, -0.1467189397390814]",89.05046282176501,0.5500537412488382
"[-0.31018194606299104, 19.91156149618383, -0.06648891304839293, -0.3101819460632401]",88.76329459975946,0.5531969054845458
"[-0.39732392809376116, 22.82324411742509, -0.05691060450296153, -0.3973239280938201]",88.57923243018897,0.5563400697202535
"[-0.44449927953392504, 24.416521095905185, -0.05249086148380716, -0.4444992795341642]",88.44546147324712,0.5594832339559611
"[-0.4648136237219948, 25.068460066517076, -0.05079631656356112, -0.46481362372213736]",88.34468965040874,0.5626263981916688
"[-0.4645613094067471, 24.986594777714114, -0.050962548629154544, -0.4645613094068386]",88.269587886527,0.5657695624273764
"[-0.4468843103368318, 24.289438959072793, -0.052713400781671325, -0.4468843103368343]",88.21716054063624,0.5689127266630841
"[-0.41281818402036624, 23.03365861024532, -0.0561337154183652, -0.412818184020606]",88.1871995382641,0.5720558908987917
"[-0.3613042437266433, 21.21859314969604, -0.06171571905132679, -0.36130424372669223]",88.18234320075453,0.5751990551344994
"[-0.2881228439119455, 18.770083354622475, -0.07073684754937642, -0.2881228439119625]",88.20979738558404,0.578342219370207
"[-0.1819299903255488, 15.480541694985959, -0.08673085285162682, -0.18192999032556847]",88.2875271074001,0.5814853836059147
"[-0.005106132057857481, 10.776368327454017, -0.12387546200227574, -0.005106132057998712]",88.47358697554074,0.5846285478416223
"[1.1341172466284373, 0.8643555353551989, -0.0696914274052339, 1.1341172466284022]",89.22812492165646,0.5877717120773299
"[-0.6507598127839639, 11.893606482525621, -0.0949126090536208, -0.6507598127840285]",87.03880345577525,0.5909148763130376
"[-0.42811298404495063, 14.59347142089261, -0.08658938213437246, -0.4281129840450646]",87.80583827189078,0.5940580405487452
"[0.06241636741940822, 7.352664805279739, -0.17651154413356301, 0.06241636741936265]",87.38243862588261,0.5972012047844529
"[-1.116762891526408, 33.285396665635844, -0.023032966449082256, -1.1167628915267136]",80.56417227858151,0.6034875332558682
"[0.36790100143405946, 4.034116573424031, -0.2843455517766424, 0.3679010014340141]",87.93357815486078,0.6066306974915759
"[-0.07504045664669341, 4.755250974612721, -0.26112976269189014, -0.07504045664674634]",89.41592744381958,0.6097738617272835
"[0.10834590458397014, 1.5828578812190477, -0.6336884989104417, 0.10834590458396498]",73.37789848639976,0.6129170259629911
"[-1.0165937604896342, 2.8170438089207286, -0.21050481839121285, -1.0165937604896427]",89.62212210583469,0.6160601901986987
"[1.1952989952552002, 0.2916158278296283, 0.4897462943568731, 1.195298995255189]",81.6155792646829,0.6192033544344064
"[-0.17734471581341255, 6.8394837816417, -0.18652805699197617, -0.17734471581350683]",68.11772173861597,0.622346518670114
"[-0.6199869039905822, 11.992348618297296, -0.09582521804335245, -0.6199869039906709]",67.74571974260265,0.6254896829058217
"[-1.095659933440221, 32.90294129971976, -0.024000264934950628, -1.0956599334423807]",85.00423498074589,0.6286328471415293
"[-0.7074268182277041, 7.92543386407548, -0.1328729649640993, -0.7074268182277346]",92.6131630853166,0.631776011377237
"[-0.710343582005524, -0.007239431229491333, 1.038891102786442, -0.710343582005543]",91.56005234454622,0.6349191756129448
"[-0.844095598177748, 25.981649889216698, -0.03949199700296162, -0.8440955981783255]",80.6257306251314,0.6380623398486523
"[-0.02705898105782502, 3.4382760592532597, -0.34629491799231504, -0.027058981057859543]",76.64919774602396,0.6412055040843601
"[-0.7860710111332839, 9.15649636882192, -0.11012915740416128, -0.7860710111333478]",71.35453826308138,0.6506349967914828
"[-0.23351284292809085, 7.693244712302171, -0.16595795717679634, -0.23351284292814442]",68.77506189471615,0.6537781610271906
"[0.6017134610296232, 1.6963087161962314, -0.47708294274068985, 0.6017134610296125]",89.12930587833019,0.6600644894986059
"[-1.189657803671079, 50.31243855266411, -0.0137656273583442, -1.1896578036719843]",87.9982286449609,0.6632076537343136
"[-1.0225400497068082, 43.54742059092857, -0.020080439761562686, -1.0225400497079256]",87.81663279678024,0.6663508179700212
"[-0.7925864237233158, 34.803775040819225, -0.030963870512817165, -0.7925864237239347]",87.81862320797937,0.6694939822057289
"[-0.5580471092288175, 26.39737104610032, -0.046500960765528676, -0.5580471092289093]",87.92776368953531,0.6726371464414365
"[-0.2830023326847059, 17.516941119461773, -0.07568407919105816, -0.28300233268491465]",88.17196722877026,0.6757803106771441
"[0.3635510041685844, 4.383155424185203, -0.26525744489344405, 0.3635510041685588]",89.02601099756875,0.6789234749128517
"[-0.25646671038675345, 6.21767153319061, -0.2005327900837063, -0.2564667103868239]",88.03283139833526,0.6820666391485594
"[-0.6644362150869908, -0.7728777263423575, 1.2363752623054318, -0.6644362150870023]",88.829922818053,0.685209803384267
"[-0.3373247838972274, 15.327019080534104, -0.08491572573758366, -0.3373247838974094]",87.23847061055233,0.6883529676199747
"[-0.763108147554324, 3.082776736529316, -0.27704366637025335, -0.7631081475543569]",80.34538390349267,0.6914961318556824
"[-0.18441575181227188, 10.153055533277142, -0.12931637091615003, -0.1844157518127398]",87.68686829399455,0.69463929609139
"[-0.021494970444888087, 9.66660184307102, -0.13715409763436753, -0.021494970445133658]",89.82848529527706,0.6977824603270977
"[-0.9423349977513568, 35.02550824304741, -0.027061137310235395, -0.9423349977516405]",88.95565200645514,0.7009256245628053
"[-0.7623839910095048, 0.42035858355867833, 0.2459446790640242, -0.7623839910095135]",72.93374362899733,0.7072119530342206
"[-0.22816317345269221, -0.1475019922656099, 3.023914667833469, -0.22816317345237644]",90.40787251567548,0.7103551172699282
"[-0.2124473018003763, 7.907647333177112, -0.16242105482510752, -0.21244730180096041]",91.27470024544667,0.7134982815056359
"[-0.45077613101794206, 16.309917296033866, -0.07726062163923622, -0.45077613101809655]",90.58935312932819,0.7166414457413435
"[0.6197345617306358, 1.2169003978479143, -0.5531598877515991, 0.6197345617305414]",88.08760826398819,0.7260709384484665
"[-0.3683157890320204, 10.532370099587318, -0.12006409639421299, -0.3683157890321225]",89.07948713179292,0.7292141026841741
"[-0.14803731796969377, 10.511522579127249, -0.12575666219651668, -0.14803731796973024]",93.91494680978666,0.7355004311555894
"[0.4031330086609862, 3.9275843303892906, -0.2871972921067629, 0.4031330086609587]",90.28255324904826,0.738643595391297
"[-0.32753526326966276, 17.98551502779316, -0.07302818346955635, -0.327535263269825]",89.15368256513536,0.7417867596270047
"[-0.485616881230897, 22.559652236166805, -0.05582251283780072, -0.4856168812310135]",88.81998494562906,0.7449299238627123
"[-0.5328038170642246, 23.865257228918466, -0.05185441144544515, -0.5328038170643312]",88.62040746492016,0.74807308809842
"[-0.5152530563117572, 23.171204999758594, -0.053754734944398294, -0.5152530563121017]",88.50026251842347,0.7512162523341276
"[-0.44555830383161527, 20.934794341142364, -0.06089599762015784, -0.44555830383161615]",88.45057711052088,0.7543594165698353
"[-0.31402446040746546, 17.074719047087648, -0.0770214870647158, -0.3140244604075975]",88.49186359576908,0.7575025808055429
"[-0.04317699195652793, 10.3920901707397, -0.12808935067704177, -0.04317699195752632]",88.74560250493595,0.7606457450412506
"[-0.30297673125245744, 0.6911293689390634, -0.1196944846126606, -0.3029767312525092]",78.24043722068829,0.7637889092769582
"[-0.21276918011475496, 10.685875462759034, -0.12272247803102937, -0.2127691801147867]",88.11483958737028,0.7669320735126659
"[-0.971020507098041, 23.33615900091916, -0.03884552689361752, -0.971020507098444]",84.865979011636,0.7700752377483735
"[-0.28581291263164643, 8.044209770275717, -0.1575648767485309, -0.28581291263170616]",84.05706466373385,0.7732184019840811
"[-0.09045531220045758, 1.3015137707120163, -0.7177527957284356, -0.09045531220046715]",96.63582346324722,0.7763615662197888
"[0.026301625762147434, 0.5432448009389186, 0.22987702385149628, 0.026301625762058106]",59.722791437803146,0.7795047304554964
"[-1.1134296152367027, 11.760989321613351, -0.060997901927241735, -1.1134296152369059]",73.14536302450428,0.7826478946912041
"[-0.9543996794004629, 9.806699479967318, -0.08841477611127911, -0.9543996794005046]",77.73377432844899,0.7857910589269118
"[-0.9704992246425448, 22.88457196701218, -0.0395986400382164, -0.970499224642981]",77.20698025124138,0.7889342231626194
"[0.6928181017186218, 0.4804445803680856, 0.03093406309797706, 0.6928181017186217]",65.71764959933478,0.792077387398327
"[-0.6054759123662895, 0.011814708260351307, 1.3131902267969573, -0.6054759123662949]",55.54816937308596,0.7952205516340346
"[-0.7381803820988745, 28.781648048057956, -0.0386900610617009, -0.7381803820991191]",88.91485150004641,0.7983637158697423
"[-1.0485164335295118, 37.821228445099, -0.022318872052441013, -1.0485164335298838]",88.1087772279627,0.80150688010545
"[-0.6717094760543363, 25.904615418980427, -0.04465670193550388, -0.6717094760545088]",88.14224013903959,0.8046500443411576
"[-0.24870963056018455, 14.306665703529147, -0.092508692011273, -0.2487096305602419]",88.48942110564981,0.8077932085768653
"[0.6282107038784515, 0.504171775080585, -0.045928341936116106, 0.6282107038784432]",77.69568644322199,0.8109363728125729
"[0.601356424338816, 0.09330607032569843, 1.0626171611447706, 0.601356424338757]",82.7541601670196,0.8203658655196959
"[0.2222360707423972, 0.5993095509480786, -0.11812412376056525, 0.22223607074238624]",87.96036096532693,0.8266521939911111
"[-0.5054130116162348, 17.687263284330783, -0.07000680971068159, -0.5054130116164003]",89.26135645106778,0.8297953582268188
"[-0.6280849710290237, 2.6644317341460666, -0.34518509611603965, -0.6280849710290514]",69.91695066011691,0.8329385224625264
"[0.8135841224885244, 1.571342666386849, -0.38759680041307415, 0.813584122488514]",90.59134351147826,0.836081686698234
"[-0.3078673935519892, 12.233214477523198, -0.1059860323753241, -0.30786739355213305]",88.63318226410746,0.8392248509339416
"[0.6093539706036014, 2.3911784225456536, -0.3788158111936513, 0.6093539706035853]",90.69435498525786,0.8423680151696494
"[-0.44902191640342726, 18.313068108916898, -0.06918592420577462, -0.4490219164036375]",89.14374369345367,0.845511179405357
"[-0.5751808526422098, 21.285060228025536, -0.056811742368427745, -0.575180852642268]",88.77760195332841,0.8486543436410646
"[-0.5404245586216645, 20.143057167581617, -0.06087488103234664, -0.5404245586219256]",88.60300179547292,0.8517975078767724
"[-0.38389062661173423, 16.132084697591278, -0.07981282423677419, -0.3838906266117612]",88.59688184705213,0.85494067211248
"[0.08411741627403822, 6.993222661781803, -0.18457050687854054, 0.08411741627403772]",89.06096705402949,0.8580838363481876
"[-0.20743610363635193, 0.9489598836983149, -0.6686440412900325, -0.2074361036363586]",88.59201155638576,0.8612270005838952
"[-0.8626995483866127, 0.04690210877872475, 0.6982624666802695, -0.8626995483866224]",79.63009370852308,0.8643701648196029
"[0.9750106678273264, 0.48972384268728414, 0.12388515083265786, 0.9750106678273073]",73.31314080574725,0.8675133290553105
"[-0.6106401712285033, 11.577791958208746, -0.09952762531833487, -0.6106401712285714]",77.49667094044467,0.8737996575267257
"[-0.8632707332524985, 0.18495110059435446, 0.5236396711016488, -0.8632707332525019]",65.35183602094327,0.8769428217624335
"[-0.7367678274304527, -0.11508226604055713, 1.058586921401503, -0.7367678274304742]",79.49425449162311,0.8800859859981411
"[-0.9476567211872492, 28.371160336691254, -0.03300161057241292, -0.947656721187787]",88.24076120937039,0.8832291502338487
"[-0.4059057759219259, 15.263532982254185, -0.0835745199350866, -0.40590577592207816]",88.48090042015217,0.8863723144695566
"[-0.7506597504705012, 3.2043435006438616, -0.2724872493370426, -0.7506597504706127]",88.89616990359517,0.8895154787052642
"[-0.18490907053323247, 3.0252277952486137, -0.37932530561118527, -0.18490907053324315]",90.47597328067911,0.8926586429409717
"[0.33535674753333555, 0.41445004483264064, 0.2563118007690592, 0.33535674753333156]",86.80678611704687,0.8958018071766793
"[-0.11068700265096669, 4.3705477341774746, -0.2803708608918639, -0.11068700265100949]",88.97346171577253,0.9052312998838022
"[0.7941344017460062, -0.01196430283055683, 5.4359270410880836, 0.7941344017601955]",82.28396140591057,0.9083744641195101
"[-0.4709991722191598, 15.487200937591597, -0.08057023379269991, -0.47099917221936105]",89.24526074294317,0.9115176283552177
"[-0.6144647745142411, 18.019211245022554, -0.06536926219479415, -0.6144647745142491]",88.77798045063854,0.9146607925909253
"[-0.48726319100059834, 15.151038510886734, -0.08175572180843678, -0.48726319100065296]",88.63858257375838,0.9178039568266328
"[0.05437506209551275, 6.324802288856485, -0.2025758337547987, 0.05437506209547315]",89.11007689828767,0.9209471210623407
"[-1.0010547905011735, 10.24516785268725, -0.08053681406668653, -1.0010547905012745]",81.03246759640948,0.9240902852980483
"[0.22945147661467444, 1.4731245701307503, -0.6493105060119228, 0.2294514766146667]",81.58070116814736,0.9272334495337559
"[-1.0206486909818238, 23.954017121914216, -0.035821827524233, -1.020648690982807]",90.08591160470806,0.9303766137694635
"[-0.03021936362198372, 3.7375975907523444, -0.3225332122750397, -0.030219363622023175]",78.43592955170655,0.9335197780051712
"[-1.2190831288559965, 28.17598227374144, -0.022775532952947375, -1.2190831288566848]",88.61674694024688,0.9366629422408788
"[-0.5840106323405112, 15.19688002382116, -0.07809387017701723, -0.5840106323407371]",88.43565199302572,0.9398061064765864
"[-0.4277405643799599, 1.292258707999484, -0.6164993430739146, -0.4277405643799611]",87.6954873085171,0.9429492707122942
"[-0.7032823167626748, -0.2202173144086629, 1.1577103111833535, -0.7032823167626989]",77.48691320688962,0.9460924349480018
"[-0.8402710533288812, 0.039883895127976375, 0.7382829311263756, -0.8402710533289004]",77.16764977880845,0.9492355991837094
"[-0.22988830003659966, 6.052255167628187, -0.20655959190073223, -0.22988830003667413]",89.28979154191433,0.952378763419417
"[0.4768159928257647, -0.03505222762383393, 1.024949908286275, 0.47681599282569365]",78.3643717457476,0.9555219276551247
"[-0.5505795599367718, 13.15411557791926, -0.09097139453036429, -0.5505795599368049]",89.19537244347751,0.9586650918908323
"[-0.6258210723469375, 13.744401055824659, -0.08403813883953293, -0.625821072347032]",88.71602479154488,0.9618082561265399
"[-0.26952408963816754, 8.553794481905813, -0.14942120672412887, -0.2695240896381689]",88.79929884816393,0.9649514203622477
"[-0.2011999302071154, -0.001302293511230883, 30.02023948458004, -0.2011999301137485]",73.7607584277557,0.9712377488336629
"[0.5910838838569927, 0.1897373913417589, 0.7743654646251814, 0.591083883856964]",73.77100574358826,0.9743809130693705
"[-1.184659004004818, 19.54792915103262, -0.03416335912674424, -1.1846590040055274]",88.50579266444409,0.9775240773050783
"[-0.31450599140117064, 7.88685799044311, -0.15934163107001945, -0.31450599140118823]",88.72173747369462,0.9806672415407859
"[0.1967351629993921, 1.0486069513923368, -0.811891517766494, 0.19673516299939092]",89.85639612136379,0.9838104057764935
"[0.5858194440776304, 1.4646896810714396, -0.5259055395514618, 0.5858194440776222]",89.76428591873612,0.9869535700122011
"[-1.0113689042262544, -0.2933618960612005, 0.8776533819070338, -1.0113689042262632]",88.95167067654661,0.9900967342479088
"[-0.49465197840342273, 8.723443257999726, -0.1367204373325688, -0.49465197840353914]",89.3942787378676,0.9932398984836164
"[-0.6753701985200417, 9.743144878084511, -0.11248489587492393, -0.6753701985201077]",88.70787313329362,0.996383062719324
"[-0.12200933275431505, 4.80153811899764, -0.25789980248673566, -0.12200933275435934]",88.93770068770327,0.9995262269550318
"[-0.772064433259748, 0.6913324975033581, -0.19132218581777752, -0.7720644332597536]",79.82400088109003,1.0026693911907394
"[0.6746319338124279, 0.584494178945883, -0.2012589942886474, 0.6746319338124229]",78.90177749337809,1.005812555426447
"[-1.0651422312826764, 10.594673871317871, -0.07187273661965114, -1.065142231282782]",88.43829905086352,1.0089557196621546
"[-0.04643329695484416, 3.476920651445655, -0.3428111935961267, -0.04643329695485655]",89.05990220249859,1.0120988838978624
"[-1.098793138638236, 0.291911075942614, 0.3029660301324735, -1.098793138638242]",89.19517332492039,1.01524204813357
"[0.17023326684415516, 0.7413706366445544, -0.4574544643668009, 0.17023326684414608]",89.3230503386816,1.0183852123692776
"[-0.7307669356868222, 5.69575862002227, -0.17459872198182638, -0.7307669356869083]",89.06674769177208,1.0215283766049854
"[-0.686313078479086, 4.483545314356644, -0.22060418739244286, -0.6863130784791388]",88.52317218694841,1.024671540840693
"[0.11905392554542937, -0.7586859365989982, 1.0521981865614314, 0.11905392554542782]",88.80139572640167,1.0278147050764006
"[0.8094740463425666, -0.011602551059951149, 5.120803971248145, 0.8094740463473408]",84.30470110017083,1.0309578693121082
"[-1.0595817386304174, 2.939142057169696, -0.18982078128073898, -1.059581738630423]",88.31353108933723,1.0341010335478158
"[-0.5800072574581913, 1.3003879134224354, -0.5392191494136634, -0.5800072574581935]",88.67612039701875,1.0372441977835234
"[-0.30745558486011293, 1.0021812435156014, -0.6643569416331341, -0.3074555848601138]",89.62188674719653,1.040387362019231
"[-1.2058220629143246, -0.02905437450179471, 0.6649198783750349, -1.2058220629143397]",89.35266028547012,1.0435305262549388
"[0.006855957958043555, -1.0558097641080348, 1.3104463851866972, 0.006855957958042546]",89.50519256574819,1.0466736904906464
"[0.17047731838856542, -0.10269407240746102, 1.512851157622998, 0.17047731838855687]",91.04519220016834,1.049816854726354
"[1.202784119770424, 0.6507343624483082, 0.11574755506003735, 1.2027841197704139]",90.54373247346395,1.0529600189620616
"[0.8443981807463472, 1.757274243801992, -0.35325377536572283, 0.8443981807463389]",90.74696494103733,1.0561031831977694
"[0.6520616124388301, 2.586221423747839, -0.34663814197009163, 0.6520616124388197]",90.64580159526398,1.059246347433477
"[0.5469100747153767, 3.2778759111520697, -0.3111991266431975, 0.5469100747153475]",90.54840274112648,1.0623895116691846
"[0.47609686320787714, 3.890961633368299, -0.2807210059538754, 0.47609686320783146]",90.47066203446025,1.0655326759048922
"[0.4228508797423548, 4.450796823994454, -0.25628101197855435, 0.42285087974231744]",90.40772340687103,1.0686758401406
"[0.3801536492995077, 4.971044730929231, -0.23652499370153737, 0.38015364929947243]",90.35540606873526,1.0718190043763076
"[0.34446113531270633, 5.460156029707988, -0.22025645488885612, 0.3444611353126874]",90.31090805403825,1.0749621686120152
"[0.3137478794404729, 5.923829937114351, -0.20661191715432436, 0.3137478794404127]",90.27235361168457,1.078105332847723
"[0.2867514724891899, 6.366149825772841, -0.1949816221704312, 0.28675147248913896]",90.23844834883658,1.0812484970834306
"[0.26263342846912247, 6.7901723023783935, -0.18492961799141414, 0.2626334284690751]",90.20826929985479,1.0843916613191382
"[0.24080910311601547, 7.198262922252753, -0.1761378592122249, 0.2408091031159961]",90.1811384615279,1.0875348255548458
"[0.22085496836850743, 7.592300371515356, -0.16836940586460594, 0.2208549683684667]",90.15654474303014,1.0906779897905536
"[0.20245443344636302, 7.973811456410918, -0.16144416711922457, 0.20245443344615352]",90.13409392184836,1.0938211540262612
"[0.18536478965185474, 8.344057686679465, -0.1552228115587987, 0.18536478965181993]",90.11347609257176,1.0969643182619688
"[0.16939605435448019, 8.704094248131158, -0.14959583057534395, 0.1693960543543375]",90.0944436044818,1.1001074824976764
"[0.1543965867507356, 9.054819393187797, -0.1444758332404103, 0.1543965867503849]",90.076795360632,1.103250646733384
"[0.14024354714651427, 9.397003506029252, -0.13979221310128517, 0.14024354714646192]",90.06036608402688,1.1063938109690916
"[0.12683604522045513, 9.731313872677298, -0.13548725299352304, 0.12683604522032377]",90.04501832852364,1.1095369752047992
"[0.11409017898704119, 10.058334307672743, -0.13151326323852336, 0.11409017898690386]",90.03063656644505,1.112680139440507
"[0.10193544295934898, 10.37857904275942, -0.1278304696979108, 0.10193544295923274]",90.01712280356563,1.1158233036762146
"[0.09031209264176568, 10.692502186583743, -0.12440543321149714, 0.09031209264175542]",90.00439333012221,1.1189664679119222
"[0.07916899602088094, 11.000509146611284, -0.12120979636719949, 0.07916899602077213]",89.99237596555741,1.1221096321476298
"[0.0684620362770545, 11.302964359333743, -0.11821933348925077, 0.06846203627692865]",89.98100804926274,1.1252527963833376
"[0.058152946476336564, 11.600195232829073, -0.11541322975982764, 0.0581529464762564]",89.97023490883653,1.1283959606190452
"[0.04820829119309188, 11.892498132869457, -0.11277348300037275, 0.04820829119307702]",89.96000852757196,1.1315391248547528
"[0.03859870714785934, 12.180141806337451, -0.1102844414446313, 0.03859870714785201]",89.9502865311661,1.1346822890904606
"[0.029298254044396902, 12.463371335530848, -0.10793242171697671, 0.029298254044350068]",89.94103133182948,1.1378254533261682
"[0.02028387299506866, 12.74241192851698, -0.10570539616523908, 0.020283872995033453]",89.93220939245005,1.1409686175618758
"[0.011535050940678426, 13.017468751591636, -0.10359276410164991, 0.011535050940668949]",89.9237907551103,1.1441117817975834
"[0.0030333577191337183, 13.288732602451502, -0.1015851176775448, 0.0030333577191242805]",89.91574843973879,1.1472549460332913
"[-0.0052377158037751346, 13.556377700937976, -0.0996741021593686, -0.0052377158038949215]",89.90805818369766,1.1503981102689989
"[-0.013293102321388436, 13.820566475017625, -0.09785224932188866, -0.01329310232146534]",89.90069799247523,1.1535412745047064
"[-0.021146294018156972, 14.081448710910612, -0.09611287421152874, -0.021146294018253707]",89.89364793722515,1.156684438740414
"[-0.02880960016319997, 14.33916552769062, -0.09444995589964293, -0.02880960016325052]",89.88688979845455,1.1598276029761219
"[-0.03629413874814555, 14.593845185412874, -0.09285808642510947, -0.03629413874832796]",89.88040706354114,1.1629707672118295
"[-0.04361018729920068, 14.845611566503795, -0.09133234991315448, -0.043610187299326815]",89.87418447575097,1.166113931447537
"[-0.05076705033627542, 15.094576778897606, -0.08986831205858177, -0.05076705033637621]",89.86820815138991,1.1692570956832447
"[-0.05777334492520952, 15.340848422465811, -0.08846192656416793, -0.057773344925298294]",89.8624652351179,1.1724002599189522
"[-0.06463694980836543, 15.584525636306804, -0.08710951658538982, -0.06463694980838637]",89.85694394348918,1.1755434241546598
"[-0.0713651964414959, 15.825703888750727, -0.08580771102170141, -0.07136519644152571]",89.85163330826859,1.1786865883903674
"[-0.0779648030303671, 16.06447093723399, -0.08455343529199494, -0.0779648030305797]",89.84652324162009,1.1818297526260753
"[-0.08444201061031528, 16.300910168686485, -0.08334386511373626, -0.0844420106104541]",89.84160436895496,1.1849729168617829
"[-0.09080263597245138, 16.535101222172976, -0.08217639965093812, -0.09080263597253767]",89.83686794679583,1.1881160810974905
"[-0.09705207158562981, 16.767118811478092, -0.08104864643192089, -0.09705207158581414]",89.83230585513827,1.1912592453331983
"[-0.10319531625597096, 16.997032771374005, -0.07995840199401624, -0.10319531625611013]",89.82791054641324,1.1944024095689059
"[-0.10923707548205057, 17.224910860717056, -0.07890362203315482, -0.10923707548224078]",89.82367492573754,1.1975455738046135
"[-0.11518172655917662, 17.450816633827028, -0.07788241718639173, -0.11518172655938086]",89.81959237380525,1.200688738040321
"[-0.12103334175241458, 17.674809529574805, -0.07689303924112574, -0.12103334175254109]",89.81565672691964,1.2038319022760289
"[-0.12679579328773696, 17.896948207985037, -0.07593385490575796, -0.12679579328791027]",89.81186212332662,1.2069750665117365
"[-0.1324726633275151, 18.11728649712512, -0.07500335351389589, -0.13247266332759194]",89.80820312855724,1.210118230747444
"[-0.1380673550191358, 18.335877112862327, -0.07410012166604353, -0.13806735501935027]",89.80467458729045,1.2132613949831519
"[-0.143583052957133, 18.552769639337093, -0.07322284374937724, -0.14358305295715076]",89.80127166278916,1.2164045592188595
"[-0.14902274984692274, 18.768011103180974, -0.07237029199236322, -0.14902274984701872]",89.79798979563941,1.219547723454567
"[-0.15438928734006124, 18.981647177216125, -0.07154131509387673, -0.15438928734006477]",89.7948246726175,1.2226908876902747
"[-0.15968533090804904, 19.19372081451041, -0.07073483769277003, -0.15968533090822218]",89.79177222966048,1.2258340519259823
"[-0.1649134296656566, 19.40427429686314, -0.06994984713271514, -0.16491342966588962]",89.78882859228881,1.2289772161616899
"[-0.17007595539888204, 19.61334647671109, -0.06918539900439788, -0.1700759553988879]",89.7859901363085,1.2321203803973975
"[-0.17517518162452972, 19.820975670131244, -0.06844060185746798, -0.1751751816247779]",89.78325339493722,1.2352635446331053
"[-0.18021326808267676, 20.02719878691958, -0.06771461661275947, -0.18021326808271992]",89.78061508199144,1.2384067088688129
"[-0.18519224771313733, 20.232050554984898, -0.06700665561593576, -0.18519224771316356]",89.77807208226913,1.2415498731045205
"[-0.190114056372768, 20.435564511748726, -0.06631597575895976, -0.1901140563729262]",89.77562143538549,1.244693037340228
"[-0.19498054143303264, 20.63777316337153, -0.06564187499402278, -0.1949805414331859]",89.77326032766196,1.2478362015759359
"[-0.19979344814230887, 20.838707232965497, -0.06498369209480896, -0.1997934481425581]",89.77098607527631,1.2509793658116435
"[-0.2045544618459366, 21.038397249610355, -0.06434079890546582, -0.2045544618461182]",89.76879611212281,1.254122530047351
"[-0.2092651605636205, 21.236871408560003, -0.06371260501206454, -0.20926516056381053]",89.76668800627996,1.2572656942830587
"[-0.2139270786011127, 21.434158093987573, -0.06309854750790593, -0.21392707860122548]",89.76465942896088,1.2604088585187665
"[-0.21854165134813705, 21.630283418611302, -0.06249809683923902, -0.21854165134814557]",89.76270815889917,1.263552022754474
"[-0.22311026756989516, 21.825273306519886, -0.06191074847263581, -0.22311026757018418]",89.76083207684452,1.2666951869901817
"[-0.2276342639968784, 22.01915315979504, -0.061336022416449684, -0.2276342639971223]",89.75902913894981,1.2698383512258895
"[-0.23211489226611026, 22.21194633196368, -0.0607734662066915, -0.23211489226611587]",89.75729741187779,1.272981515461597
"[-0.2365533764234606, 22.403676492022772, -0.0602226464953218, -0.23655337642380356]",89.75563502755813,1.2761246796973047
"[-0.24095086426394313, 22.594365438513396, -0.0596831541460257, -0.2409508642640254]",89.7540402121544,1.2792678439330123
"[-0.2453084810127016, 22.78403533228738, -0.05915459662716783, -0.24530848101273314]",89.75251124104793,1.2824110081687201
"[-0.24962729120620727, 22.972706967221967, -0.05863660184809297, -0.2496272912062443]",89.75104648786309,1.2855541724044277
"[-0.25390831644720946, 23.16040046183761, -0.05812881513851561, -0.25390831644731643]",89.74964437001256,1.2886973366401353
"[-0.25815254702730317, 23.34713570067931, -0.05763089712906081, -0.25815254702757195]",89.74830337371756,1.291840500875843
"[-0.26236091585066107, 23.53293112188437, -0.05714252610924924, -0.26236091585086174]",89.74702205835607,1.2949836651115505
"[-0.26653434779612056, 23.71780583136973, -0.056663391610458726, -0.2665343477963522]",89.74579900714262,1.298126829347258
"[-0.27067369778440986, 23.90177680863485, -0.056193200960832794, -0.27067369778444483]",89.74463289606182,1.3012699935829657
"[-0.27477982780126087, 24.084862266629344, -0.05573166988468717, -0.2747798278013301]",89.7435224135168,1.3044131578186735
"[-0.27885353241525346, 24.2670782923588, -0.055278530441817054, -0.2788535324153563]",89.74246632907824,1.307556322054381
"[-0.28289559451602003, 24.448441278353112, -0.05483352421013756, -0.28289559451631835]",89.74146343131758,1.3106994862900887
"[-0.2869067664064409, 24.628967037986985, -0.05439640396870775, -0.2869067664066746]",89.74051257343513,1.3138426505257963
"[-0.2908877648338829, 24.808670537021086, -0.053966933777264844, -0.2908877648340245]",89.73961263683069,1.3169858147615041
"[-0.29483929725730995, 24.987567039012404, -0.05354488572601679, -0.29483929725739966]",89.73876254745647,1.3201289789972117
"[-0.2987620370275114, 25.16567095013195, -0.053130042247441014, -0.2987620370278163]",89.73796126178526,1.3232721432329193
"[-0.30265663327406445, 25.34299622832746, -0.052722194671824624, -0.3026566332742959]",89.73720778476486,1.3264153074686271
"[-0.3065237079242075, 25.51955621332435, -0.05232114318955426, -0.3065237079245381]",89.73650114891821,1.3295584717043347
"[-0.31036387366248414, 25.6953644155085, -0.05192669467102753, -0.31036387366291435]",89.73584041682768,1.3327016359400423
"[-0.31417771782904397, 25.870433753665065, -0.05153866405503319, -0.3141777178292714]",89.73522468709366,1.33584480017575
"[-0.31796580734913943, 26.04477675112409, -0.05115687354590179, -0.3179658073492412]",89.73465308056873,1.3389879644114577
"[-0.3217286880335333, 26.21840547639297, -0.0507811524115071, -0.3217286880338583]",89.7341247592809,1.3421311286471653
"[-0.32546688478518365, 26.3913315262397, -0.050411336700043705, -0.3254668847851937]",89.7336389114461,1.345274292882873
"[-0.32918092560644124, 26.563567115146803, -0.0500472666465802, -0.3291809256066153]",89.73319472810697,1.3484174571185805
"[-0.33287129428219947, 26.73512286189565, -0.04968879111462107, -0.3328712942825674]",89.73279145916814,1.3515606213542881
"[-0.3365384798145446, 26.90601005908339, -0.049335762524500865, -0.336538479814646]",89.73242835452068,1.3547037855899957
"[-0.34018295036721613, 27.07623944625027, -0.04898803921936456, -0.3401829503674067]",89.73210469856973,1.3578469498257033
"[-0.34380514566290477, 27.245820831100282, -0.048645485967301866, -0.343805145663077]",89.73181979434557,1.3609901140614111
"[-0.3474055257411674, 27.41476535453181, -0.04830796917438056, -0.34740552574117456]",89.73157296046159,1.3641332782971187
"[-0.3509844914277005, 27.583081747081877, -0.04797536421418693, -0.35098449142802757]",89.73136355507225,1.3672764425328263
"[-0.35454247641494535, 27.750780633319653, -0.04764754663610762, -0.3545424764153949]",89.73119093021631,1.370419606768534
"[-0.3580798701796977, 27.91787089503393, -0.04732439920625634, -0.35807987017991094]",89.73105447328243,1.3735627710042417
"[-0.36159706491062077, 28.08436186391207, -0.047005807406365, -0.36159706491065763]",89.73095359026503,1.3767059352399493
"[-0.3650944332651402, 28.250262258578097, -0.046691661343427844, -0.3650944332651692]",89.73088769693841,1.379849099475657
"[-0.36857234703704844, 28.415581055465907, -0.046381853934030354, -0.3685723470371134]",89.73085622667948,1.3829922637113647
"[-0.3720311608478102, 28.58032670344463, -0.046076282253898426, -0.3720311608479093]",89.73085863317154,1.3861354279470723
"[-0.3754712226108095, 28.74450760839558, -0.0457748464840074, -0.3754712226108941]",89.73089438366517,1.38927859218278
"[-0.37889286412691436, 28.908131673140318, -0.04547745062638953, -0.37889286412711265]",89.73096296588353,1.3924217564184875
"[-0.3822964115124818, 29.071206783580205, -0.04518400148147828, -0.38229641151285115]",89.73106387467837,1.3955649206541954
"[-0.38568219338013915, 29.233741193034618, -0.04489440786449092, -0.38568219338024773]",89.7311966121615,1.398708084889903
"[-0.38905050811624053, 29.395741942238587, -0.044608583314924545, -0.38905050811638775]",89.73136070890962,1.4018512491256105
"[-0.3924016662418145, 29.55721688305876, -0.044326442381811056, -0.39240166624217715]",89.73155570378583,1.4049944133613184
"[-0.3957359516150643, 29.718172803945144, -0.04404790383399259, -0.39573595161510394]",89.73178114560766,1.408137577597026
"[-0.39905364393200066, 29.878616502308166, -0.04377288865979931, -0.39905364393219417]",89.73203660355661,1.4112807418327336
"[-0.4023550378318797, 30.03855570408802, -0.04350131843606753, -0.4023550378319444]",89.73232163748388,1.4144239060684412
"[-0.4056404014686685, 30.197997053203636, -0.04323311869290175, -0.4056404014692373]",89.73263583671869,1.4175670703041487
"[-0.40890998197515005, 30.356946361438418, -0.04296821834176476, -0.408909981975355]",89.73297880039271,1.4207102345398563
"[-0.4121640600935923, 30.515411258293497, -0.04270654518897318, -0.4121640600936151]",89.73335013419971,1.423853398775564
"[-0.4154028630103113, 30.673396945065125, -0.042448032923962604, -0.4154028630108072]",89.73374945046984,1.4269965630112718
"[-0.4186266460159427, 30.83091016220997, -0.04219261447236761, -0.41862664601635285]",89.73417637620202,1.4301397272469794
"[-0.42183565048820426, 30.987957139040777, -0.04194022533051575, -0.42183565048846766]",89.73463055509423,1.433282891482687
"[-0.4250300947919921, 31.144543137947625, -0.04169080419421059, -0.4250300947923666]",89.73511162287792,1.4364260557183945
"[-0.4282102208807862, 31.30067473160453, -0.041444289257592755, -0.4282102208808492]",89.73561923888208,1.4395692199541024
"[-0.43137623604367126, 31.45635694212852, -0.04120062271062847, -0.43137623604409586]",89.73615306056581,1.44271238418981
"[-0.4345283632314787, 31.61159570475148, -0.04095974677784103, -0.43452836323153304]",89.73671276053855,1.4458555484255176
"[-0.43766681086731457, 31.7663963806806, -0.040721606010865406, -0.43766681086737796]",89.73729801960806,1.4489987126612252
"[-0.44079178006112624, 31.920764105088782, -0.040486146676767386, -0.4407917800612011]",89.73790852180485,1.452141876896933
"[-0.4439034760555413, 32.074704348291675, -0.04025331585554785, -0.44390347605560865]",89.73854396813105,1.4552850411326406
"[-0.4470020951790391, 32.22822226758324, -0.04002306238835974, -0.4470020951791036]",89.739204047925,1.4584282053683482
"[-0.450087818125794, 32.38132236767512, -0.0397953373211941, -0.45008781812642906]",89.7398884830303,1.461571369604056
"[-0.4531608414060411, 32.534010056220666, -0.03957009154206902, -0.4531608414064181]",89.74059698182431,1.4647145338397636
"[-0.4562213406710099, 32.68628982101023, -0.03934727845592552, -0.4562213406711626]",89.74132927132548,1.4678576980754712
"[-0.45926950036032865, 32.838166698382494, -0.039126851772327505, -0.45926950036060993]",89.74208507695258,1.4710008623111788
"[-0.4623054851270064, 32.98964484722244, -0.03890876754924789, -0.4623054851271354]",89.74286413545428,1.4741440265468864
"[-0.4653294653002023, 33.14072881315573, -0.03869298231229519, -0.46532946530067615]",89.74366619081496,1.477287190782594
"[-0.46834162333672036, 33.29142385116125, -0.03847945259116578, -0.4683416233369024]",89.74449098503483,1.4804303550183016
"[-0.47134209693232254, 33.44173307595281, -0.03826813891985638, -0.47134209693232354]",89.74533827771057,1.4835735192540094
"[-0.4743310589175195, 33.591661455381974, -0.038059000142036066, -0.4743310589176748]",89.7462078264492,1.486716683489717
"[-0.477308661265362, 33.74121300594885, -0.03785199735193702, -0.47730866126538873]",89.74709939266974,1.4898598477254246
"[-0.4802750534503286, 33.8903917081421, -0.037647092564700446, -0.4802750534506157]",89.74801275300365,1.4930030119611322
"[-0.48323038523898976, 34.039201644363324, -0.037444248502463806, -0.48323038523954703]",89.74894767782614,1.49614617619684
"[-0.4861748071158454, 34.18764701881086, -0.03724342854895395, -0.4861748071158574]",89.74990395026182,1.4992893404325476
"[-0.4891084507019337, 34.335731167120784, -0.03704459805724759, -0.48910845070198267]",89.75088134902023,1.5024325046682552
"[-0.49203145575109564, 34.4834579139717, -0.03684772248154076, -0.492031455751878]",89.7518796693824,1.5055756689039628
"[-0.49494396390282164, 34.63083125770855, -0.036652767796117404, -0.49494396390297807]",89.75289870936726,1.5087188331396706
"[-0.49784610712304295, 34.777854783812955, -0.036459701250628807, -0.49784610712405886]",89.75393826714632,1.5118619973753782
"[-0.5007380084618686, 34.92453169845278, -0.03626849128663796, -0.5007380084621699]",89.75499814271365,1.5150051616110858
"[-0.5036197962594039, 35.070865546800356, -0.03607910657483444, -0.5036197962595482]",89.75607814147642,1.5181483258467936
"[-0.5064916069891707, 35.216860357505084, -0.0358915158277812, -0.5064916069895595]",89.75717808457031,1.5212914900825012
"[-0.5093535409216204, 35.36251838601735, -0.03570569067298269, -0.5093535409218595]",89.75829778374197,1.5244346543182088
"[-0.5122057412466156, 35.507844136788904, -0.03552160047866326, -0.5122057412474247]",89.75943705932598,1.5275778185539164
"[-0.5150483102769875, 35.652840097295574, -0.035339217785235494, -0.5150483102771984]",89.76059573522012,1.5307209827896242
"[-0.5178813638493299, 35.79750950513057, -0.035158514756037165, -0.5178813638493968]",89.76177363752474,1.5338641470253318
"[-0.5207050090990749, 35.9418552136446, -0.03497946459744481, -0.5207050090993389]",89.76297060519411,1.5370073112610394
"[-0.5235193638363371, 36.08588068063461, -0.034802040314141656, -0.5235193638371305]",89.76418646842615,1.540150475496747
"[-0.5263245368173788, 36.22958895888531, -0.03462621595139503, -0.5263245368175947]",89.76542106330615,1.5432936397324546
"[-0.5291206239169759, 36.372982496492064, -0.03445196680618434, -0.5291206239171822]",89.76667424435436,1.5464368039681622
"[-0.5319077348227994, 36.51606450332209, -0.03427926774561082, -0.531907734824025]",89.76794584234945,1.5495799682038698
"[-0.5346859650822037, 36.658837516348235, -0.03410809493959461, -0.534685965082307]",89.76923571405005,1.5527231324395776
"[-0.5374554145119325, 36.80130434304031, -0.03393842470202412, -0.5374554145124316]",89.77054371493051,1.5558662966752852
"[-0.5402161812338048, 36.94346775364453, -0.03377023385250339, -0.5402161812340058]",89.7718696914993,1.5590094609109928
"[-0.5429683663393488, 37.085330720881, -0.03360349942282625, -0.5429683663394395]",89.77321351070937,1.5621526251467004
"[-0.5457120498618169, 37.22689517930931, -0.03343820009751044, -0.5457120498629633]",89.77457502909573,1.5652957893824082
"[-0.5484473358033958, 37.368164345612, -0.03327431348076736, -0.5484473358036658]",89.77595411154887,1.5684389536181158
"[-0.5511743012019268, 37.509140089959, -0.03311181915471269, -0.5511743012020428]",89.77735062863498,1.5715821178538236
"[-0.5538930337188952, 37.64982487403227, -0.03295069640693849, -0.5538930337190957]",89.7787644480785,1.574725282089531
"[-0.5566036256611983, 37.790221443291, -0.032790924592046, -0.5566036256612819]",89.7801954446102,1.5778684463252388
"[-0.559306159348612, 37.930332068484674, -0.03263248398754105, -0.5593061593497052]",89.78164348946466,1.5810116105609466
"[-0.5620007196556447, 38.07015919333187, -0.03247535504223001, -0.5620007196559706]",89.78310846360279,1.584154774796654
"[-0.5646873781762715, 38.20970461207643, -0.032319519289410376, -0.564687378176442]",89.7845902518221,1.5872979390323618
"[-0.5673662174040245, 38.34897072290655, -0.03216495792918562, -0.5673662174045858]",89.7860887301584,1.5904411032680692
"[-0.5700373168519994, 38.48795980740332, -0.03201165263361921, -0.5700373168524406]",89.78760378691807,1.593584267503777
"[-0.5727007513404985, 38.62667394012352, -0.03185958563369681, -0.5727007513409207]",89.78913531074738,1.5967274317394846
"[-0.5753565932069445, 38.765115102017745, -0.031708739581578695, -0.5753565932072111]",89.79068319443884,1.5998705959751922
"[-0.5780049117789957, 38.90328515186827, -0.03155909757111853, -0.578004911779653]",89.79224732284449,1.6030137602109
"[-0.5806457828523206, 39.04118631999951, -0.03141064259695858, -0.5806457828523347]",89.793827603066,1.6061569244466076
"[-0.583279277347572, 39.17882061640431, -0.031263358191224964, -0.5832792773477797]",89.7954239228283,1.6093000886823152
"[-0.585905459777763, 39.31618974857795, -0.031117228496813108, -0.5859054597781388]",89.79703618501438,1.6124432529180228
"[-0.5885243992098761, 39.45329569385787, -0.03097223764806598, -0.5885243992102317]",89.798664288975,1.6155864171537306
"[-0.5911361597017721, 39.59014019869203, -0.03082837029789984, -0.59113615970328]",89.80030814281517,1.618729581389438
"[-0.5937408012719835, 39.72672482760847, -0.030685611553537998, -0.5937408012726154]",89.80196764884093,1.6218727456251458
"[-0.5963383954297811, 39.86305177778326, -0.030543946121388367, -0.5963383954298145]",89.80364271370036,1.6250159098608536
"[-0.5989289970055884, 39.99912240050302, -0.03040335984344382, -0.5989289970068155]",89.8053332554147,1.628159074096561
"[-0.6015126672856412, 40.13493841354229, -0.030263838424686638, -0.6015126672862319]",89.80703917475012,1.6313022383322688
"[-0.6040894680241315, 40.270501587543215, -0.030125367758248672, -0.6040894680246631]",89.80876038811985,1.6344454025679762
"[-0.6066594539586259, 40.40581335096101, -0.029987934321715648, -0.6066594539586946]",89.8104968159273,1.637588566803684
"[-0.609222679169418, 40.540875123686, -0.02985152482639753, -0.6092226791694401]",89.81224836790625,1.6407317310393918
"[-0.6117792042786867, 40.67568869616049, -0.029716125832617592, -0.6117792042791296]",89.81401496770263,1.6438748952750992
"[-0.6143290878018292, 40.81025577369375, -0.029581724209209074, -0.614329087801905]",89.81579653867769,1.647018059510807
"[-0.6168723672889989, 40.94457697952049, -0.029448308114025837, -0.6168723672901809]",89.81759299887317,1.6501612237465149
"[-0.6194091038489414, 41.078654203941014, -0.029315864645785394, -0.6194091038498588]",89.81940427279659,1.6533043879822222
"[-0.6219393557035554, 41.212489209809206, -0.02918438124062377, -0.6219393557037006]",89.82123028719118,1.65644755221793
"[-0.6244631572123185, 41.346082520699944, -0.029053846747652233, -0.6244631572125612]",89.82307097085199,1.6595907164536376
"[-0.6269805622605213, 41.47943571500526, -0.028924249168718486, -0.6269805622613883]",89.82492625034031,1.6627338806893452
"[-0.6294916249239896, 41.61255040408783, -0.028795576667388086, -0.6294916249244007]",89.82679606416224,1.6658770449250528
"[-0.6319963859963854, 41.745427517233615, -0.028667818251567678, -0.631996385996855]",89.82868033427363,1.6690202091607604
"[-0.6344948876057398, 41.878068074750345, -0.02854096301483414, -0.6344948876062368]",89.83057899597102,1.672163373396468
"[-0.636987180749059, 42.01047358850414, -0.028414999755303854, -0.6369871807496391]",89.83249199116065,1.6753065376321759
"[-0.6394733089886648, 42.142645196177945, -0.028289917801575297, -0.6394733089891135]",89.83441925621274,1.6784497018678832
"[-0.6419533110837878, 42.27458379967291, -0.02816570687004851, -0.6419533110839934]",89.83636071983315,1.681592866103591
"[-0.6444272243808736, 42.40629024448199, -0.028042356888355813, -0.6444272243809105]",89.8383163318241,1.6847360303392989
"[-0.6468950897118827, 42.53776558020862, -0.02791985774882463, -0.6468950897119405]",89.8402860286124,1.6878791945750062
"[-0.6493569575603038, 42.669011389831034, -0.027798199005918713, -0.6493569575615891]",89.84226975431444,1.691022358810714
"[-0.6518128599607386, 42.80002829132469, -0.02767737126401298, -0.6518128599614383]",89.84426745512621,1.6941655230464219
"[-0.654262825634933, 42.93081674285987, -0.027557365414954297, -0.6542628256354737]",89.8462790731794,1.6973086872821292
"[-0.6567069028806719, 43.06137826469341, -0.027438171518903452, -0.6567069028812156]",89.8483045548598,1.700451851517837
"[-0.6591451231597044, 43.19171349548944, -0.02731978058715811, -0.6591451231599552]",89.85034385212667,1.7035950157535449
"[-0.6615775205169592, 43.321823228253315, -0.027202183625366576, -0.6615775205172527]",89.85239691067737,1.7067381799892523
"[-0.664004129135696, 43.45170827956929, -0.027085371751760158, -0.6640041291362742]",89.85446368381987,1.70988134422496
"[-0.6664249801578552, 43.58136931907542, -0.026969336347403887, -0.6664249801585553]",89.8565441186902,1.7130245084606674
"[-0.6688401089746427, 43.71080725960036, -0.02685406870395586, -0.6688401089747626]",89.85863817626432,1.7161676726963753
"[-0.6712495453376153, 43.840022727300315, -0.026739560495025114, -0.6712495453378484]",89.86074580248575,1.719310836932083
"[-0.6736533206144025, 43.969016449797415, -0.02662580342612898, -0.6736533206153132]",89.86286695937171,1.7224540011677905
"[-0.6760514615856215, 44.09778892305996, -0.02651278952627435, -0.6760514615858932]",89.86500159842122,1.7255971654034983
"[-0.6784439949423005, 44.226340652492965, -0.026400510930914126, -0.6784439949430104]",89.86714968554178,1.7287403296392059
"[-0.6808309512717496, 44.35467236663324, -0.02628895969463439, -0.6808309512717887]",89.86931117286056,1.7318834938749135
"[-0.6832123569015748, 44.48278457919133, -0.026178128171835163, -0.6832123569018541]",89.87148602384364,1.735026658110621
"[-0.6855882449561256, 44.61067818313161, -0.026068008499861746, -0.6855882449564933]",89.87367419778829,1.7381698223463289
"[-0.6879586279362174, 44.73835297445614, -0.025958593866883872, -0.6879586279363543]",89.87587566085219,1.7413129865820363
"[-0.6903235350288501, 44.86580966012507, -0.025849876779280478, -0.6903235350296175]",89.8780903725218,1.744456150817744
"[-0.6926829909212985, 44.99304871752841, -0.025741850044049396, -0.6926829909215769]",89.88031829843372,1.7475993150534515
"[-0.6950370241192927, 45.120070842948216, -0.025634506384410803, -0.6950370241196216]",89.88255941169244,1.7507424792891593
"[-0.6973856419097111, 45.246875599487645, -0.02552783957692443, -0.6973856419097305]",89.88481366850684,1.753885643524867
"[-0.6997288795120421, 45.37346406987053, -0.025421842211809317, -0.6997288795120679]",89.88708104440882,1.7570288077605745
"[-0.7020667472251693, 45.49983600283833, -0.02531650809354559, -0.7020667472259455]",89.88936150733022,1.7601719719962823
"[-0.7043992716187941, 45.6259920375134, -0.02521183037240358, -0.7043992716194732]",89.89165502574606,1.76331513623199
"[-0.7067264659281836, 45.75193210354957, -0.025107802878271253, -0.7067264659305583]",89.89396157539369,1.7664583004676975
"[-0.7090483488344618, 45.87765643547967, -0.025004419273504955, -0.7090483488350964]",89.89628111977143,1.7696014647034053
"[-0.7113649391170447, 46.003165284615726, -0.024901673292732747, -0.7113649391175381]",89.89861364026645,1.772744628939113
"[-0.7136762577122767, 46.128459029656526, -0.024799558651504353, -0.7136762577126569]",89.90095910928495,1.7758877931748205
"[-0.715982305389616, 46.253536966177684, -0.02469807002733156, -0.7159823053899047]",89.90331749568482,1.7790309574105283
"[-0.7182831102711256, 46.37839988310354, -0.024597200962241803, -0.7182831102740398]",89.90568878973518,1.7821741216462357
"[-0.7205786825132159, 46.50304760464168, -0.02449694586051879, -0.7205786825149407]",89.90807295896116,1.7853172858819435
"[-0.7228690396339638, 46.62748036491425, -0.024397298872266115, -0.722869039634132]",89.91046998318629,1.788460450117651
"[-0.7251541810228388, 46.75169742234041, -0.02429825500155115, -0.7251541810231263]",89.91287983796974,1.7916036143533587
"[-0.7274341285999334, 46.875699268695534, -0.02419980833838601, -0.7274341285999504]",89.91530251120439,1.7947467785890663
"[-0.7297088892758404, 46.99948558944145, -0.024101953687739035, -0.7297088892781046]",89.91773797783308,1.797889942824774
"[-0.7319784754639772, 47.12305637776871, -0.024004685679417145, -0.7319784754643495]",89.92018621975322,1.8010331070604815
"[-0.7342428959984285, 47.24641144169716, -0.023907999158034234, -0.7342428959999194]",89.92264722850693,1.8041762712961893
"[-0.7365021563253726, 47.369550412502505, -0.023811889171876446, -0.7365021563260953]",89.92512098170312,1.8073194355318971
"[-0.7387562675144057, 47.49247323672549, -0.023716350587689828, -0.7387562675144832]",89.92760746477092,1.8104625997676045
"[-0.7410052353868032, 47.615179583224084, -0.023621378552674478, -0.7410052353889814]",89.93010666305327,1.8136057640033123
"[-0.7432490584837007, 47.737668730851894, -0.02352696857524545, -0.7432490584837813]",89.93261856487594,1.8167489282390201
"[-0.7454877552182751, 47.85994105197568, -0.023433115381897383, -0.745487755218292]",89.93514315732453,1.8198920924747275
"[-0.7477213210097342, 47.98199567101123, -0.023339814719442034, -0.7477213210102053]",89.9376804286125,1.8230352567104353
"[-0.7499497570611711, 48.10383203547045, -0.023247062141043814, -0.7499497570632766]",89.94023036614072,1.8261784209461427
"[-0.7521730744901985, 48.225450142317136, -0.023154852839092476, -0.7521730744906333]",89.9427929656574,1.8293215851818505
"[-0.7543912723874876, 48.346849338939435, -0.023063182556598096, -0.7543912723878886]",89.94536821651143,1.8324647494175583
"[-0.7566043517607777, 48.46802908426614, -0.022972047004885175, -0.7566043517610725]",89.94795610457406,1.8356079136532657
"[-0.7588123073534858, 48.588988501282365, -0.022881442199218588, -0.7588123073565936]",89.95055663011331,1.8387510778889735
"[-0.761015155547959, 48.70972790503145, -0.02279136331507186, -0.761015155548649]",89.95316979028699,1.8418942421246813
"[-0.763212869692415, 48.83024525956059, -0.022701807333083444, -0.7632128696927931]",89.95579556830683,1.8450374063603887
"[-0.7654054685707081, 48.95054102575098, -0.022612769422234863, -0.7654054685708117]",89.9584339705375,1.8481805705960965
"[-0.7675929401428587, 49.07061398106942, -0.022524246051727374, -0.7675929401439318]",89.96108498510159,1.8513237348318041
"[-0.7697752812507318, 49.1904633961135, -0.022436233370471702, -0.7697752812517472]",89.96374861735406,1.8544668990675117
"[-0.7719524842676986, 49.310088302390234, -0.022348727748257264, -0.7719524842679948]",89.96642485556717,1.8576100633032193
"[-0.7741245560204649, 49.429488532039514, -0.02226172501557964, -0.7741245560215505]",89.969113710906,1.860753227538927
"[-0.7762914765562756, 49.548662451109706, -0.02217522211630478, -0.7762914765569374]",89.97181517378152,1.8638963917746345
"[-0.7784532524905504, 49.66760989260501, -0.022089214970001114, -0.7784532524917799]",89.97452925116927,1.8670395560103423
"[-0.7806098596337251, 49.78632900045034, -0.022003700760593183, -0.780609859636624]",89.9772559385018,1.8701827202460497
"[-0.7827612976463272, 49.90481923610534, -0.02191867575918657, -0.782761297646509]",89.97999524508336,1.8733258844817575
"[-0.7849075643714262, 50.02307996801311, -0.02183413634826897, -0.7849075643719124]",89.98274717126871,1.8764690487174653
"[-0.787048639908672, 50.14110959203533, -0.02175007964473642, -0.7870486399118022]",89.98551171816567,1.8796122129531727
"[-0.7891845134744646, 50.258907010927885, -0.021666502438667325, -0.7891845134744735]",89.98828889485017,1.8827553771888805
"[-0.7913151711880461, 50.376470962884355, -0.02158340167380148, -0.7913151711904524]",89.99107870829147,1.8858985414245883
"[-0.7934406040064761, 50.49380045699735, -0.021500774138170364, -0.7934406040064946]",89.99388115837327,1.8890417056602957
"[-0.7955607999859979, 50.61089434856555, -0.02141861676524185, -0.7955607999867346]",89.99669626077609,1.8921848698960035
"[-0.7976757344802291, 50.727750795348676, -0.021336927010406785, -0.7976757344807487]",89.99952401634741,1.8953280341317114
"[-0.7997854030580797, 50.84436907701864, -0.021255701577004668, -0.7997854030595957]",90.00236444030101,1.8984711983674187
"[-0.8018897836589552, 50.96074750363193, -0.02117493787885212, -0.8018897836593509]",90.0052175440584,1.9016143626031266
"[-0.8039888567556074, 51.076884529977754, -0.021094633258658173, -0.8039888567572124]",90.00808332956701,1.904757526838834
"[-0.8060826083964532, 51.19277892341923, -0.021014784873846278, -0.8060826083973479]",90.01096181714979,1.9079006910745417
"[-0.8081710159539534, 51.308428976064945, -0.020935390240190088, -0.8081710159550669]",90.01385301521475,1.9110438553102493
"[-0.8102540573781238, 51.423833015883055, -0.02085644687645851, -0.8102540573796069]",90.01675693931469,1.914187019545957
"[-0.8123317145496294, 51.538989592803944, -0.0207779521779795, -0.8123317145496711]",90.01967360281854,1.9173301837816645
"[-0.8144039656645771, 51.6538970572161, -0.020699903704914663, -0.8144039656649016]",90.02260302145284,1.9204733480173724
"[-0.8164707782049131, 51.76855316886023, -0.020622299443637915, -0.8164707782052094]",90.02554520752386,1.9236165122530797
"[-0.8185321399614167, 51.8829568181736, -0.02054513664066146, -0.8185321399629116]",90.02850018237744,1.9267596764887875
"[-0.8205880197281129, 51.9971058454459, -0.020468413278822994, -0.8205880197287625]",90.03146796306372,1.9299028407244954
"[-0.8226383885915896, 52.11099822194969, -0.020392127275150725, -0.8226383885918431]",90.03444856473266,1.9330460049602027
"[-0.8246832214086764, 52.22463213193278, -0.020316276427436778, -0.8246832214093394]",90.03744201020031,1.9361891691959106
"[-0.8267224973273294, 52.33800600213307, -0.02024085839689596, -0.8267224973288565]",90.0404483216073,1.939332333431618
"[-0.8287561720953991, 52.45111696172482, -0.02016587172988038, -0.8287561720954267]",90.04346751170571,1.9424754976673257
"[-0.8307842192655847, 52.56396313333562, -0.020091314332126964, -0.8307842192659681]",90.04649961034357,1.9456186619030336
"[-0.8328066149029488, 52.67654278296297, -0.02001718403835068, -0.8328066149029991]",90.04954463703433,1.948761826138741
"[-0.8348233174146695, 52.7888531975142, -0.01994347934921716, -0.83482331741766]",90.05260261530985,1.9519049903744488
"[-0.8368342979127668, 52.90089237365831, -0.019870198317337124, -0.8368342979131659]",90.0556735706731,1.9550481546101566
"[-0.8388395166001423, 53.01265770455823, -0.019797339410059643, -0.838839516600555]",90.05875752169914,1.958191318845864
"[-0.8408389493633238, 53.12414746024842, -0.019724900542118565, -0.8408389493641582]",90.06185451274284,1.9613344830815718
"[-0.8428325384710595, 53.23535803935418, -0.019652880861941547, -0.8428325384719593]",90.06496454868807,1.9644776473172796
"[-0.8448202622741495, 53.34628785578809, -0.019581278227001838, -0.8448202622754222]",90.06808767277755,1.967620811552987
"[-0.8468020756867449, 53.4569340191692, -0.01951009135723874, -0.8468020756877589]",90.07122390667676,1.9707639757886948
"[-0.8487779369284365, 53.56729382625442, -0.019439318866426622, -0.84877793692876]",90.07437328587915,1.9739071400244022
"[-0.850747798902306, 53.67736427947352, -0.01936895957134567, -0.8507477989023172]",90.07753583362353,1.97705030426011
"[-0.8527116289236075, 53.78714318943255, -0.019299011787381, -0.8527116289250364]",90.08071158782637,1.9801934684958176
"[-0.854669368394813, 53.89662692075816, -0.01922947476603498, -0.85466936839598]",90.08390057290981,1.9833366327315252
"[-0.8566209918264508, 54.005813692369756, -0.019160346594272987, -0.8566209918266309]",90.08710283404879,1.9864797969672328
"[-0.8585664275762419, 54.11469914403724, -0.019091627006660353, -0.8585664275764221]",90.09031839089337,1.9896229612029406
"[-0.8605056471084485, 54.22328132982818, -0.019023314223015907, -0.8605056471085036]",90.09354729256204,1.992766125438648
"[-0.862438590096779, 54.33155652717272, -0.018955407596695593, -0.8624385900982658]",90.09678956632503,1.9959092896743558
"[-0.8643652031356994, 54.43952140265556, -0.01888790624506989, -0.8643652031375523]",90.10004525027217,1.9990524539100636
"[-0.8662854440870472, 54.547173256958864, -0.018820808901067656, -0.8662854440874691]",90.10331438694645,2.002195618145771
"[-0.8681992473998152, 54.65450808096152, -0.0187541151253455, -0.8681992474009375]",90.10659700978717,2.005338782381479
"[-0.8701065698739695, 54.76152312067304, -0.018687823707203427, -0.8701065698744419]",90.10989316395258,2.0084819466171866
"[-0.8720073409134385, 54.86821408771603, -0.01862193439686503, -0.8720073409140191]",90.1132028809937,2.011625110852894
"[-0.873901508317687, 54.97457772767355, -0.01855644631206877, -0.8739015083184404]",90.11652620653777,2.014768275088602
"[-0.8757890198253611, 55.08061078543461, -0.018491358582043902, -0.8757890198259167]",90.11986319232702,2.017911439324309
"[-0.8776698065992891, 55.18630907702943, -0.018426670914759892, -0.8776698066002722]",90.12321387071923,2.021054603560017
"[-0.8795438041570883, 55.29166866461193, -0.01836238287258945, -0.8795438041577776]",90.1265782877864,2.024197767795725
"[-0.8814109523090966, 55.3966858539592, -0.018298493876346533, -0.881410952312108]",90.1299564927671,2.027340932031432
"[-0.8832711799915335, 55.50135634059651, -0.018235003724528184, -0.8832711799916527]",90.13334852700548,2.03048409626714
"[-0.8851244282682627, 55.605676505326066, -0.018171911806109674, -0.8851244282701479]",90.13675444762261,2.033627260502848
"[-0.886970622574224, 55.709641850337846, -0.018109218047886635, -0.8869706225745301]",90.14017429233269,2.036770424738555
"[-0.8888096914683532, 55.81324805603382, -0.018046922272909716, -0.888809691470129]",90.14360811427892,2.039913588974263
"[-0.890641561557817, 55.916490693872234, -0.01798502437373966, -0.8906415615581769]",90.14705596478085,2.043056753209971
"[-0.8924661666677954, 56.01936574466459, -0.017923524002669864, -0.8924661666683683]",90.15051789688425,2.046199917445678
"[-0.8942834261292757, 56.12186837364783, -0.017862421304304148, -0.8942834261297292]",90.15399396171671,2.049343081681386
"[-0.8960932598628708, 56.22399378077565, -0.017801716404262993, -0.896093259863385]",90.15748421400714,2.0524862459170934
"[-0.8978955876685805, 56.325737160661134, -0.017741409433410998, -0.8978955876695393]",90.16098869868867,2.055629410152801
"[-0.8996903343368204, 56.427093991473264, -0.017681500357574154, -0.8996903343398069]",90.164507484584,2.058772574388509
"[-0.9014774180860491, 56.52805938196931, -0.017621989364378084, -0.9014774180893472]",90.16804062814873,2.0619157386242164
"[-0.903256746981319, 56.62862786877841, -0.017562876979550796, -0.9032567469818041]",90.17158817785729,2.065058902859924
"[-0.9050282330972532, 56.728794216668426, -0.01750416359420965, -0.9050282330976303]",90.17515019186355,2.0682020670956316
"[-0.9067917971990607, 56.82855368314103, -0.017445849312343248, -0.906791797199671]",90.17872674282368,2.0713452313313394
"[-0.9085473422774764, 56.92790052217466, -0.0173879348262388, -0.9085473422776797]",90.18231788115345,2.074488395567047
"[-0.91029477901929, 57.02682942465989, -0.017330420572556585, -0.9102947790199467]",90.18592367459667,2.0776315598027546
"[-0.912034008832066, 57.12533455766288, -0.017273307292353567, -0.9120340088348552]",90.1895441792996,2.080774724038462
"[-0.9137649402320479, 57.22341049187788, -0.017216595491664672, -0.9137649402320748]",90.19317947020023,2.08391788827417
"[-0.9154874759726515, 57.321051474193325, -0.017160285864305357, -0.9154874759741162]",90.19682960935285,2.0870610525098776
"[-0.9172015042766758, 57.41825092815564, -0.017104379576192243, -0.9172015042778717]",90.20049465518443,2.090204216745585
"[-0.9189069285301377, 57.51500313866748, -0.017048877294695584, -0.9189069285311295]",90.20417468290894,2.093347380981293
"[-0.9206036484147292, 57.61130218261807, -0.016993779806523744, -0.9206036484195304]",90.20786976289486,2.096490545217
"[-0.9222915518338954, 57.70714146912353, -0.0169390882782871, -0.9222915518350643]",90.21157996481057,2.099633709452708
"[-0.9239705302642869, 57.802514612699085, -0.016884803756231727, -0.9239705302655539]",90.21530535769264,2.102776873688416
"[-0.9256404656008312, 57.897414684010414, -0.016830927592419585, -0.9256404656014915]",90.21904601260569,2.105920037924123
"[-0.9273012552286445, 57.99183563590487, -0.016777460635118206, -0.927301255229888]",90.22280201177702,2.109063202159831
"[-0.928952776115355, 58.0857702623073, -0.0167244043869085, -0.9289527761184396]",90.22657342301635,2.112206366395539
"[-0.9305949062346084, 58.17921141502713, -0.016671760312108742, -0.9305949062347394]",90.23036032887268,2.115349530631246
"[-0.9322275263862564, 58.27215210892338, -0.0166195297790251, -0.9322275263865968]",90.23416279740893,2.118492694866954
"[-0.9338505120958581, 58.36458505969954, -0.016567714320027255, -0.9338505120972408]",90.237980915704,2.121635859102662
"[-0.9354637416392855, 58.45650314138369, -0.016516315374644347, -0.9354637416393965]",90.24181476648685,2.124779023338369
"[-0.9370670797309122, 58.547898457506314, -0.016465334808837332, -0.9370670797334427]",90.24566442741639,2.127922187574077
"[-0.938660395399971, 58.63876335803414, -0.01641477434474939, -0.9386603954004712]",90.2495299796325,2.1310653518097844
"[-0.9402435555150688, 58.729090072365814, -0.01636463576695027, -0.9402435555161737]",90.25341151079338,2.134208516045492
"[-0.9418164213904832, 58.81887051410054, -0.016314921029775248, -0.9418164213906003]",90.25730910642731,2.1373516802812
"[-0.9433788555079627, 58.90809666563533, -0.01626563204394742, -0.9433788555081953]",90.26122285398091,2.1404948445169074
"[-0.94493071235078, 58.996760054240184, -0.016216770965900573, -0.944930712351009]",90.26515284151226,2.1436380087526152
"[-0.9464718466556031, 59.0848522234341, -0.016168339936693785, -0.9464718466557125]",90.2690991619039,2.146781172988323
"[-0.9480021095814508, 59.17236451421072, -0.016120341202676802, -0.9480021095819197]",90.27306190265531,2.1499243372240304
"[-0.9495213507601378, 59.259288182200045, -0.016072777050829132, -0.9495213507612107]",90.27704116085046,2.1530675014597382
"[-0.9510294085411704, 59.34561383927346, -0.016025650113436048, -0.9510294085413515]",90.28103702340051,2.156210665695446
"[-0.9525261298609938, 59.431332591112024, -0.015978962746053763, -0.9525261298646748]",90.28504959022854,2.1593538299311534
"[-0.9540113586839225, 59.516435374992504, -0.0159327173904715, -0.9540113586852542]",90.28907896749973,2.1624969941668613
"[-0.955484920890013, 59.600912095251076, -0.015886917043182344, -0.9554849208915983]",90.29312524432972,2.1656401584025686
"[-0.9569466589049492, 59.68475360610681, -0.015841564177985146, -0.9569466589050316]",90.2971885293086,2.1687833226382764
"[-0.958396391024642, 59.767949380902465, -0.015796662009518403, -0.9583963910247809]",90.30126891309799,2.1719264868739843
"[-0.9598339522604608, 59.850489854213315, -0.0157522132257684, -0.959833952262222]",90.30536651271031,2.1750696511096916
"[-0.9612591588974932, 59.932364388381394, -0.015708221086165937, -0.961259158900367]",90.309481424731,2.1782128153453995
"[-0.9626718308746998, 60.01356255800065, -0.015664688728276224, -0.9626718308754328]",90.31361375951417,2.1813559795811073
"[-0.9640717839380211, 60.09407370016605, -0.015621619410500992, -0.964071783938995]",90.31776362796128,2.1844991438168146
"[-0.9654588314140314, 60.17388701552011, -0.015579016457542687, -0.9654588314147048]",90.32193113857488,2.1876423080525225
"[-0.9668327748799834, 60.25299103189137, -0.015536883546202472, -0.9668327748809461]",90.3261164015655,2.19078547228823
"[-0.9681934270355883, 60.33137492059785, -0.01549522400364857, -0.9681934270361827]",90.33031953987921,2.1939286365239377
"[-0.9695405828317093, 60.409026834564834, -0.015454041692669696, -0.9695405828320152]",90.33454066241136,2.197071800759645
"[-0.9708740384453182, 60.48593500058247, -0.015413340429568382, -0.9708740384454445]",90.33877988541573,2.200214964995353
"[-0.9721935837282982, 60.562087284462734, -0.015373124215193665, -0.9721935837302585]",90.34303732839355,2.2033581292310607
"[-0.9734990129732335, 60.63747181208857, -0.015333396907064478, -0.9734990129746353]",90.34731311946366,2.206501293466768
"[-0.9747901013454313, 60.71207560946413, -0.015294162936687868, -0.9747901013454734]",90.35160737244553,2.209644457702476
"[-0.9760666403501678, 60.78588665119989, -0.015255426230813975, -0.9760666403516921]",90.35592022769391,2.2127876219381832
"[-0.977328395673553, 60.85889142381507, -0.015217191492598661, -0.9773283956754616]",90.36025179527807,2.215930786173891
"[-0.9785751425809054, 60.931076972502446, -0.01517946312647493, -0.9785751425812727]",90.36460221469545,2.2190739504095984
"[-0.9798066464355545, 61.00242977497068, -0.015142245829385906, -0.9798066464368405]",90.36897161591799,2.2222171146453062
"[-0.9810226714463447, 61.072936247002204, -0.015105544326115912, -0.9810226714465177]",90.3733601334225,2.225360278881014
"[-0.9822229763285215, 61.1425824926979, -0.01506936350043982, -0.9822229763343113]",90.37776790142394,2.2285034431167214
"[-0.9834073077707547, 61.21135392273801, -0.015033708592155618, -0.983407307773187]",90.38219505394433,2.2316466073524293
"[-0.9845754180686511, 61.279236281021625, -0.014998584665286866, -0.9845754180707676]",90.38664173748613,2.234789771588137
"[-0.9857270514516007, 61.346214849047044, -0.014963997021192438, -0.985727051451638]",90.39110809079936,2.2379329358238444
"[-0.986861940856887, 61.412274258998266, -0.014929951294574004, -0.9868619408573219]",90.39559425182658,2.2410761000595523
"[-0.9879798276369565, 61.477399640039, -0.014896452862700046, -0.9879798276382606]",90.40010038088882,2.2442192642952596
"[-0.9890804354251626, 61.54157509771666, -0.01486350762969668, -0.9890804354254619]",90.40462661881207,2.2473624285309675
"[-0.9901634841791801, 61.604784531200806, -0.014831121605101933, -0.9901634841793147]",90.40917311556495,2.2505055927666753
"[-0.9912286939301986, 61.66701185252049, -0.01479930079271347, -0.9912286939309957]",90.41374002223358,2.2536487570023827
"[-0.9922757781240006, 61.72824059881577, -0.01476805139043822, -0.992275778124993]",90.41832750519747,2.2567919212380905
"[-0.9933044422025992, 61.788453849431285, -0.014737379832820119, -0.9933044422044187]",90.42293571773403,2.2599350854737983
"[-0.9943143847838943, 61.84763429429852, -0.014707292756203168, -0.9943143847857329]",90.42756481694131,2.2630782497095057
"[-0.9953053035412266, 61.90576457907575, -0.014677796824204701, -0.9953053035412828]",90.43221497125904,2.2662214139452135
"[-0.9962768852979773, 61.96282672518571, -0.014648899023399494, -0.9962768852979957]",90.4368863430655,2.2693645781809213
"[-0.9972288148256507, 62.01880264550422, -0.014620606402195027, -0.9972288148259617]",90.44157910459761,2.2725077424166287
"[-0.9981607756559369, 62.07367419448442, -0.014592926047792602, -0.9981607756594313]",90.44629344199855,2.2756509066523365
"[-0.9990724232993897, 62.12742158964421, -0.014565865882318634, -0.9990724233008977]",90.45102949457764,2.2787940708880443
"[-0.9999634364036009, 62.18002642694661, -0.01453943314430755, -0.9999634364041566]",90.45578747413883,2.2819372351237517
"[-1.0008334672562993, 62.23146876366597, -0.014513635859579863, -1.0008334672565184]",90.46056754517765,2.2850803993594595
"[-1.0016821658341497, 62.28172853576577, -0.014488482128116901, -1.0016821658347133]",90.46536988835877,2.288223563595167
"[-1.0025091822921146, 62.330785707880075, -0.014463980051801443, -1.0025091822924042]",90.47019470290718,2.2913667278308747
"[-1.0033141514385602, 62.37861935423266, -0.01444013819562791, -1.003314151438884]",90.47504216925667,2.2945098920665825
"[-1.0040967022716838, 62.42520822281817, -0.014416965306310491, -1.004096702273828]",90.47991247610493,2.29765305630229
"[-1.0048564633534134, 62.47053105691694, -0.014394470154744536, -1.0048564633541957]",90.48480582908545,2.3007962205379977
"[-1.0055930514780456, 62.51456592285356, -0.01437266187276587, -1.0055930514816762]",90.48972243306204,2.3039393847737055
"[-1.006306071439028, 62.55729019201378, -0.01435154996198771, -1.0063060714390781]",90.49466246882633,2.307082549009413
"[-1.0069951289375583, 62.5986813167123, -0.014331143912769741, -1.0069951289379122]",90.49962615943716,2.3102257132451207
"[-1.0076598176050007, 62.63871605278881, -0.01431145359065705, -1.007659817609662]",90.50461370964844,2.313368877480828
"[-1.0082997212562799, 62.677370593018516, -0.01429248917169034, -1.0082997212566307]",90.50962532412129,2.316512041716536
"[-1.0089144252466857, 62.714621257613985, -0.014274260807210452, -1.008914425248692]",90.51466124307167,2.3196552059522437
"[-1.00950349348239, 62.750443101394595, -0.014256779308191149, -1.009503493482504]",90.51972166285537,2.322798370187951
"[-1.0100664917226208, 62.784811327940126, -0.01424005545603631, -1.0100664917275757]",90.52480682453636,2.325941534423659
"[-1.0106029706324964, 62.81770025868876, -0.01422410050842553, -1.010602970632954]",90.5299169356692,2.3290846986593663
"[-1.011112479160878, 62.849084154634916, -0.014208925803598125, -1.0111124791646873]",90.53505225052304,2.332227862895074
"[-1.0115945526473031, 62.87893648576235, -0.01419454311742527, -1.0115945526480377]",90.54021300107645,2.3353710271307815
"[-1.0120487184630838, 62.90723028033441, -0.014180964497916402, -1.0120487184638998]",90.54539942421444,2.3385141913664893
"[-1.0124744951428313, 62.9339380710341, -0.01416820229452573, -1.0124744951433282]",90.5506117627236,2.3416573556021967
"[-1.0128713913509555, 62.959031832579306, -0.014156269192090573, -1.012871391351122]",90.55585026980994,2.3448005198379045
"[-1.013238907302229, 62.98248307254541, -0.014145178171606192, -1.0132389073025128]",90.56111519593512,2.3479436840736123
"[-1.0135765340571115, 63.00426279073486, -0.014134942534535243, -1.0135765340577436]",90.56640680649456,2.3510868483093197
"[-1.0138837509767735, 63.0243413167081, -0.014125575983712831, -1.0138837509774181]",90.57172536150058,2.3542300125450275
"[-1.014160028161572, 63.04268846699089, -0.014117092553796659, -1.0141600281620888]",90.57707112720345,2.357373176780735
"[-1.0144048267636645, 63.059273572881075, -0.014109506604823657, -1.0144048267646233]",90.5824443866668,2.3605163410164427
"[-1.0146175953341663, 63.074065238023906, -0.014102832939214474, -1.0146175953349676]",90.58784540992517,2.3636595052521505
"[-1.0147977726668431, 63.08703152939236, -0.014097086719166735, -1.014797772669313]",90.59327448078784,2.366802669487858
"[-1.0149447870916575, 63.09813993599641, -0.014092283492611875, -1.0149447870918062]",90.59873188837233,2.3699458337235657
"[-1.0150580557809263, 63.10735732911495, -0.014088439218899266, -1.0150580557837072]",90.60421793324834,2.3730889979592735
"[-1.0151369840000188, 63.114649902880025, -0.014085570299992687, -1.0151369840008804]",90.60973291650164,2.376232162194981
"[-1.015180965839146, 63.11998324224396, -0.014083693560227166, -1.0151809658396898]",90.615277146947,2.3793753264306887
"[-1.0151893833527073, 63.1233222555812, -0.014082826281770752, -1.0151893833538632]",90.6208509325397,2.3825184906663965
"[-1.0151616067051625, 63.12463118675436, -0.014082986206810295, -1.015161606705479]",90.62645459079678,2.385661654902104
"[-1.0150969935910668, 63.123873604600945, -0.01408419155679875, -1.015096993591573]",90.63208845590553,2.3888048191378117
"[-1.0149948892851193, 63.121012373646145, -0.014086461046094245, -1.014994889286771]",90.63775285574073,2.3919479833735195
"[-1.0148546266041916, 63.116009667966, -0.014089813887995423, -1.014854626609658]",90.643448117699,2.395091147609227
"[-1.014675524026475, 63.10882689076368, -0.014094269851585763, -1.0146755240281151]",90.64917461263337,2.3982343118449347
"[-1.0144568879434879, 63.099424753322495, -0.014099849217648007, -1.01445688794358]",90.65493267645678,2.401377476080642
"[-1.0141980099884704, 63.08776316836884, -0.014106572854988678, -1.0141980099893442]",90.66072268163472,2.40452064031635
"[-1.013898169052736, 63.0738013333014, -0.014114462180292834, -1.0138981690530195]",90.66654499070249,2.4076638045520578
"[-1.0135566282129544, 63.05749758963407, -0.014123539249527554, -1.013556628213053]",90.6723999872375,2.410806968787765
"[-1.0131726373115153, 63.03880954049246, -0.0141338267023848, -1.0131726373155596]",90.67828804599607,2.413950133023473
"[-1.012745431255714, 63.01769397071951, -0.014145347819584965, -1.0127454312557593]",90.68420956528153,2.4170932972591808
"[-1.012274226182381, 62.99410665476006, -0.014158126640033065, -1.012274226185083]",90.69016496170553,2.420236461494888
"[-1.0117582278510424, 62.96800277144752, -0.014172187748295878, -1.0117582278512105]",90.69615463732023,2.423379625730596
"[-1.0111966252252331, 62.93933659071546, -0.014187556461400182, -1.0111966252269697]",90.70217899847465,2.4265227899663038
"[-1.0105885859225519, 62.90806123419609, -0.01420425897052586, -1.0105885859260404]",90.70823850054049,2.429665954202011
"[-1.0099332644295786, 62.87412909426228, -0.014222322132687475, -1.009933264430458]",90.7143335840663,2.432809118437719
"[-1.0092297997036324, 62.83749171663577, -0.014241773552366159, -1.0092297997046253]",90.72046468758953,2.4359522826734263
"[-1.0084773099634017, 62.79809952864833, -0.014262641743897816, -1.008477309964903]",90.72663228196173,2.439095446909134
"[-1.0076748981154053, 62.755902122652394, -0.014284956000605755, -1.0076748981173376]",90.73283684086589,2.442238611144842
"[-1.0068216471310494, 62.71084801556528, -0.014308746543056099, -1.006821647131765]",90.7390788443473,2.4453817753805493
"[-1.0059166193097226, 62.66288460981023, -0.014334044561485784, -1.0059166193111035]",90.74535880506481,2.448524939616257
"[-1.0049588651593055, 62.611958665760916, -0.014360881989916436, -1.004958865159799]",90.75167720866312,2.4516681038519645
"[-1.0039474019627481, 62.55801516566543, -0.01438929213000592, -1.0039474019637806]",90.75803460831634,2.4548112680876724
"[-1.0028812396874798, 62.5009986923075, -0.014419308950530325, -1.0028812396878097]",90.76443152723066,2.4579544323233797
"[-1.0017593658630009, 62.44085262948355, -0.014450967536857397, -1.001759365863677]",90.77086850299307,2.4610975965590876
"[-1.0005807350808262, 62.377518597716765, -0.014484304417117814, -1.0005807350811933]",90.77734612960909,2.464240760794795
"[-0.9993442934272294, 62.31093776816294, -0.014519356902231745, -0.9993442934346586]",90.78386497105086,2.4673839250305027
"[-0.9980489572684038, 62.24104972545072, -0.014556163717135782, -0.9980489572700456]",90.79042563161646,2.4705270892662106
"[-0.9966936221168302, 62.1677929504237, -0.014594764783060103, -0.9966936221169566]",90.79702872219407,2.473670253501918
"[-0.995277159220272, 62.09110463704603, -0.01463520135051413, -0.9952771592207548]",90.80367487825639,2.4768134177376258
"[-0.9937984190261719, 62.010920885208336, -0.014677515937677356, -0.9937984190266339]",90.81036473546395,2.479956581973333
"[-0.9922562173981339, 61.92717595768292, -0.014721752764941495, -0.9922562174005739]",90.8170989810284,2.483099746209041
"[-0.9906493572051753, 61.83980345525649, -0.014767957179319221, -0.990649357205456]",90.82387828105865,2.4862429104447488
"[-0.9889766039158465, 61.74873499798019, -0.01481617639913288, -0.9889766039168716]",90.83070335503639,2.489386074680456
"[-0.987236701566694, 61.65390109662739, -0.014866459104077068, -0.9872367015681618]",90.8375749259759,2.492529238916164
"[-0.9854283655361978, 61.55523076678195, -0.014918855693467658, -0.985428365538681]",90.844493747763,2.4956724031518718
"[-0.9835502783731379, 61.452651306673566, -0.014973418462050535, -0.9835502783745922]",90.85146059617219,2.498815567387579
"[-0.9816010918853181, 61.34608841780318, -0.015030201598133987, -0.9816010918859782]",90.85847627417301,2.501958731623287
"[-0.9795794395313161, 61.235466890300856, -0.015089260882957936, -0.9795794395324782]",90.86554159083579,2.505101895858995
"[-0.9774839075937604, 61.12070903453047, -0.015150654596635131, -0.9774839075968531]",90.87265740652228,2.508245060094702
"[-0.9753130599897386, 61.00173604633168, -0.015214442864327856, -0.9753130599903721]",90.8798245909031,2.51138822433041
"[-0.9730654196267741, 60.878466996700645, -0.015280688276106492, -0.9730654196279045]",90.88704405592384,2.5145313885661174
"[-0.9707394747037301, 60.750819185144444, -0.015349455783199049, -0.9707394747059392]",90.89431674691087,2.517674552801825
"[-0.9683336804384884, 60.61870824607973, -0.015420812731171218, -0.9683336804399895]",90.90164362846889,2.520817717037533
"[-0.9658464676098858, 60.48204863077528, -0.015494828694185064, -0.9658464676112112]",90.90902567941438,2.5239608812732404
"[-0.9632761999196378, 60.34075127675568, -0.01557157684049334, -0.9632761999208947]",90.91646396455529,2.527104045508948
"[-0.9606212217606622, 60.19472624547798, -0.01565113261656787, -0.9606212217618441]",90.92395954950811,2.530247209744656
"[-0.9578798290870266, 60.04388113646924, -0.015733574724563694, -0.957879829087962]",90.93151354560432,2.5333903739803634
"[-0.9550502661125809, 59.888120920440336, -0.015818985344481, -0.9550502661128132]",90.93912712423426,2.536533538216071
"[-0.9521307457530623, 59.72734908163906, -0.015907449645768616, -0.9521307457571414]",90.94680147500041,2.539676702451779
"[-0.9491194459895165, 59.561467435943335, -0.015999056027141, -0.9491194459900679]",90.95453781331841,2.5428198666874864
"[-0.9460144482308998, 59.390372756781524, -0.01609389814165681, -0.9460144482318107]",90.96233748407504,2.545963030923194
"[-0.9428138300918033, 59.21396190514537, -0.016192072233653314, -0.9428138300948293]",90.97020180476146,2.5491061951589016
"[-0.9395156138825453, 59.03212901642659, -0.016293678868310617, -0.9395156138827003]",90.97813214471795,2.5522493593946094
"[-0.9361177331230834, 58.844763679316806, -0.016398824153621303, -0.9361177331231466]",90.98612999453732,2.555392523630317
"[-0.932618105873739, 58.651755004369996, -0.016507617676449236, -0.9326181058753991]",90.99419683174084,2.5585356878660246
"[-0.9290145582466446, 58.45298743600833, -0.016620175079095613, -0.9290145582476385]",91.00233424924888,2.5616788521017324
"[-0.925304858549564, 58.24834266704257, -0.016736617237754492, -0.9253048585498799]",91.01054389587723,2.5648220163374402
"[-0.9214867273185954, 58.037700226258295, -0.016857070189606232, -0.9214867273190313]",91.01882746977498,2.5679651805731476
"[-0.9175578024820288, 57.82093559383619, -0.0169816664937683, -0.9175578024833149]",91.0271867625033,2.5711083448088554
"[-0.9135156393328212, 57.597920239842395, -0.017110545533688536, -0.9135156393329353]",91.03562365583898,2.574251509044563
"[-0.9093577610437443, 57.368524455571304, -0.017243852217043075, -0.9093577610439786]",91.04414006574807,2.5773946732802706
"[-0.9050815607676609, 57.132611999225105, -0.017381740443290983, -0.9050815607680437]",91.05273806100972,2.580537837515978
"[-0.9006843793117039, 56.89004443363893, -0.01752437099440936, -0.9006843793147444]",91.06141976248195,2.583681001751686
"[-0.8961634843177427, 56.640680032966536, -0.017671912589933506, -0.8961634843183015]",91.07018737712204,2.586824165987393
"[-0.8915159656803676, 56.38436807761437, -0.017824545755117615, -0.8915159656813285]",91.07904333609058,2.589967330223101
"[-0.8867389421613812, 56.12096031580846, -0.017982456538719827, -0.8867389421626342]",91.08799001198612,2.5931104944588084
"[-0.8818293302706907, 55.85029829113223, -0.018145844614742695, -0.8818293302709015]",91.09703003657235,2.596253658694516
"[-0.8767839858453359, 55.5722212312265, -0.0183149192040237, -0.8767839858471108]",91.10616610667955,2.599396822930224
"[-0.8715996433384218, 55.28656278719675, -0.01848990170043612, -0.8715996433401331]",91.1154010764791,2.6025399871659314
"[-0.8662728949603251, 54.993149982519725, -0.01867102707481254, -0.8662728949610159]",91.12473796455062,2.605683151401639
"[-0.8608002448708997, 54.69180630437119, -0.01885854278978524, -0.8608002448715211]",91.13417991090841,2.608826315637347
"[-0.8551779991063188, 54.38234575841568, -0.019052713388244612, -0.8551779991075682]",91.14373029049803,2.6119694798730544
"[-0.8494023692439774, 54.06457870652697, -0.019253817864608898, -0.8494023692447333]",91.15339261518477,2.615112644108762
"[-0.8434694306902258, 53.73830970943262, -0.01946215206696417, -0.8434694306918512]",91.16317055952618,2.61825580834447
"[-0.8373749871905048, 53.403330234453854, -0.019678034595797585, -0.8373749871913778]",91.1730681534471,2.6213989725801774
"[-0.8311147648588946, 53.05942950106947, -0.01990180123403087, -0.8311147648593267]",91.18308952307966,2.624542136815885
"[-0.8246842743017613, 52.70638709019843, -0.020133811147390296, -0.8246842743029864]",91.19323908559059,2.6276853010515926
"[-0.8180788327652079, 52.343974376173, -0.020374447629933796, -0.8180788327664716]",91.20352151535066,2.6308284652873004
"[-0.8112934718797566, 51.97194970596868, -0.020624123182678897, -0.8112934718804016]",91.21394185672408,2.6339716295230082
"[-0.8043231056609542, 51.59006787813448, -0.0208832752449106, -0.804323105661586]",91.22450532797643,2.6371147937587156
"[-0.797162272992824, 51.19806632176654, -0.021152377797184478, -0.7971622729937815]",91.23521763631801,2.6402579579944234
"[-0.789805295459709, 50.79567408368135, -0.021431937936764248, -0.7898052954599496]",91.2460847972312,2.6434011222301312
"[-0.7822462183575059, 50.382608965050515, -0.021722500691577783, -0.7822462183607787]",91.2571132149068,2.6465442864658386
"[-0.7744787424261669, 49.95857420696204, -0.022024654628981618, -0.7744787424264452]",91.26830975672387,2.6496874507015464
"[-0.7664962209706528, 49.523258811625645, -0.022339035390938428, -0.7664962209714459]",91.27968177741863,2.6528306149372542
"[-0.7582915904245268, 49.07633429108383, -0.02266633229298812, -0.758291590424647]",91.29123720369824,2.6559737791729616
"[-0.7498574557494719, 48.61745992583817, -0.023007289278615527, -0.7498574557496441]",91.30298445790476,2.6591169434086694
"[-0.7411859243005203, 48.14627439813551, -0.023362716477661884, -0.741185924300809]",91.31493264964034,2.6622601076443773
"[-0.7322686073339996, 47.66239666713759, -0.023733495893677067, -0.7322686073345133]",91.32709160217048,2.6654032718800846
"[-0.7230965197404136, 47.16542142890893, -0.024120592114370346, -0.7230965197405191]",91.33947195969026,2.6685464361157925
"[-0.7136602435752076, 46.654928997151416, -0.024525052830368186, -0.7136602435761495]",91.3520850696235,2.6716896003515
"[-0.7039495249934423, 46.130464648776496, -0.024948034505467818, -0.7039495249954837]",91.36494341052747,2.6748327645872076
"[-0.6939534556262108, 45.59154982327729, -0.025390804777920488, -0.6939534556270475]",91.37806045009958,2.6779759288229155
"[-0.6836603272791626, 45.037675837942274, -0.025854760274916237, -0.6836603272796953]",91.39145082543381,2.681119093058623
"[-0.6730574837376471, 44.4682977456376, -0.02634144682559009, -0.6730574837381683]",91.40513055641782,2.6842622572943307
"[-0.6621313681707733, 43.882839015448106, -0.02685257311530132, -0.662131368171699]",91.41911702645548,2.6874054215300385
"[-0.65086714469765, 43.28067373998439, -0.027390046900551645, -0.6508671446982706]",91.43342946378911,2.690548585765746
"[-0.6392488331187041, 42.661136826192056, -0.027955990947846912, -0.6392488331190199]",91.44808884197086,2.6936917500014537
"[-0.6272589245111203, 42.02350694585679, -0.028552787711561792, -0.6272589245111315]",91.46311839367316,2.696834914237161
"[-0.6148783579060946, 41.36700947281425, -0.0291831121000016, -0.6148783579064462]",91.47854370242214,2.699978078472869
"[-0.602086195849059, 40.69080420382503, -0.02984998548933799, -0.60208619584984]",91.49439317502694,2.7031212427085762
"[-0.588859379999025, 39.9939784159352, -0.030556834246649626, -0.5888593799994253]",91.51069842011125,2.706264406944284
"[-0.5751723133861264, 39.27553210633923, -0.031307567947063894, -0.5751723133863239]",91.52749484728615,2.7094075711799914
"[-0.5609967561401261, 38.53438133352052, -0.03210665357538428, -0.5609967561403957]",91.54482198625864,2.7125507354156992
"[-0.5463010854986585, 37.76933022691538, -0.03295924107625758, -0.5463010854994058]",91.56272446085413,2.7156938996514066
"[-0.5310498272834072, 36.9790600251035, -0.03387129655537957, -0.5310498272837797]",91.58125279751033,2.7188370638871144
"[-0.5152029039281496, 36.1621068042358, -0.03484978026234662, -0.5152029039283325]",91.6004645429818,2.7219802281228223
"[-0.4987149711081224, 35.31684827023125, -0.03590285646444045, -0.4987149711084512]",91.62042540570476,2.7251233923585296
"[-0.4815340976430014, 34.44146268531438, -0.03704019414767131, -0.4815340976432673]",91.64121117169445,2.7282665565942374
"[-0.46360055045998305, 33.53390137448838, -0.03827333040234285, -0.4636005504602085]",91.6629096688518,2.7314097208299453
"[-0.44484500044572667, 32.59184255045627, -0.03961616532337305, -0.4448450004463754]",91.68562352793315,2.7345528850656526
"[-0.4251863284981559, 31.61263997920316, -0.041085615734487636, -0.4251863284982383]",91.70947362202807,2.7376960493013605
"[-0.40452850849895045, 30.593246468094186, -0.0427025222650916, -0.4045285084993738]",91.73460383458362,2.740839213537068
"[-0.3827568023561969, 29.530133295319462, -0.044492879203985244, -0.3827568023565862]",91.76118704265951,2.7439823777727756
"[-0.35973197749344255, 28.4191562537299, -0.046489622948874015, -0.35973197749374564]",91.78943392348326,2.7471255420084835
"[-0.33528288064779094, 27.25540776629182, -0.04873517275405108, -0.33528288064782]",91.81960452521383,2.750268706244191
"[-0.3091955018844134, 26.03300069746446, -0.05128523697956588, -0.30919550188465533]",91.85202514039543,2.7534118704798987
"[-0.28119655089687096, 24.74475242908085, -0.05421469217732759, -0.28119655089689766]",91.8871134146903,2.7565550347156065
"[-0.2509288658018734, 23.381752102847578, -0.057626908799652606, -0.25092886580199697]",91.92541613825934,2.759698198951314
"[-0.21791195931723853, 21.932700849114948, -0.06166931046671367, -0.21791195931741603]",91.96766940338361,2.7628413631870217
"[-0.18147629325505035, 20.38289821679183, -0.0665606509120105, -0.1814762932554173]",92.01489855567816,2.7659845274227295
"[-0.14064596751414185, 18.712570644054743, -0.07264215614077092, -0.14064596751437755]",92.06859544291784,2.769127691658437
"[-0.09391343652976446, 16.893984894209495, -0.08048151961779837, -0.09391343652977338]",92.13105657158337,2.7722708558941447
"[-0.03875685863122308, 14.885952490441452, -0.09110914424034797, -0.03875685863139357]",92.206100225199,2.7754140201298525
"[0.029557839835516506, 12.622121590248534, -0.10664320376825556, 0.029557839835473963]",92.30082014284645,2.77855718436556
"[0.12172082847772045, 9.981090242039938, -0.1323755104532814, 0.12172082847770364]",92.43092490177274,2.7817003486012677
"[0.2723147558695635, 6.681448793982851, -0.18726157383366618, 0.2723147558695332]",92.64476672980118,2.784843512836975
"[1.018430052652435, 1.2464782280455728, -0.254047880408168, 1.0184300526524321]",93.1919906659764,2.787986677072683
"[-0.679034894609658, 4.43700058043635, -0.2236755739296137, -0.6790348946096892]",91.01325957786788,2.7911298413083907
"[-0.630500992070826, 9.881144943606323, -0.11403731285871106, -0.6305009920708322]",91.66028238756516,2.794273005544098
"[-0.6060774261788485, 13.382848037424418, -0.08709014837991434, -0.6060774261789917]",91.2523580238273,2.797416169779806
"[0.7212397426082173, 1.669332448268123, -0.42620263955068755, 0.7212397426082003]",93.46544764410852,2.8005593340155137
"[0.25980150871368324, 2.9585964114594736, -0.38019146838587553, 0.25980150871368257]",94.41697650164626,2.803702498251221
"[-0.1859103901664658, 5.30753676489281, -0.2340701766710137, -0.18591039016653413]",90.49928293799991,2.806845662486929
"[0.07850983042864637, 0.7604795162309123, -0.4415950655548803, 0.07850983042863162]",89.27219967004861,2.8099888267226367
"[-0.6752023026100742, -0.6220065938599024, 1.1667028539028788, -0.6752023026100789]",95.59537241264802,2.813131990958344
"[-0.512379230619295, 23.35197719075103, -0.05341534822864763, -0.5123792306194134]",91.57156698913629,2.816275155194052
"[-0.2806876588751592, 11.814353925896661, -0.11021423395709064, -0.28068765887522507]",91.30614258930716,2.8194183194297593
"[-0.6640581476615043, 30.935833388638677, -0.03775269829585741, -0.6640581476618859]",91.60043998443432,2.822561483665467
"[-0.5127645164204712, 10.459368589031742, -0.11469997153700463, -0.5127645164205046]",84.64738505827108,2.8257046479011745
"[-0.4775536531376812, 25.424137379970247, -0.04986968936976978, -0.47755365313783465]",91.26019421731824,2.8288478121368823
"[-0.2781073774256262, 19.807792071154083, -0.06730296021864378, -0.2781073774257914]",94.40915873772718,2.8351341406082975
"[-0.8618569861435805, -0.10705070488200645, 0.8424967561852421, -0.8618569861435809]",61.251761481390204,2.8414204690797127
"[-0.8263960796089345, 19.817886631276135, -0.05194693647182439, -0.8263960796094144]",91.47894229546898,2.847706797551128
"[0.03101394120389056, -0.4328110016482688, 1.4637662475725381, 0.031013941203892843]",85.32518725121398,2.8508499617868357
"[-0.33190602450833867, 22.86157844192774, -0.05786403137639514, -0.3319060245085933]",90.92981953671357,2.8539931260225435
"[-0.4591577822179767, 11.124073129566819, -0.1106562238644991, -0.4591577822179947]",90.90536679554452,2.857136290258251
"[0.25356034372971054, 0.5748919792594447, -0.08082981966549066, 0.253560343729664]",90.8059306540001,2.8602794544939587
"[-1.0130225698180895, 36.95341391804162, -0.023817201537548505, -1.0130225698182345]",95.43614695200242,2.863422618729666
"[0.136248094731124, 8.319798897873389, -0.15660721062381375, 0.13624809473103028]",89.69614077683138,2.866565782965374
"[0.46513911924282203, 3.7023032587354954, -0.2940252488903133, 0.46513911924279816]",89.79130144009038,2.872852111436789
"[-0.8094156472097551, 46.17777821393567, -0.023193858015948542, -0.8094156472108843]",92.9610034825166,2.8791384399082047
"[-0.2883743531568238, 3.7420836872894934, -0.31040197355086246, -0.28837435315687054]",75.17110544029819,2.88542476837962
"[-0.8743426857414544, 8.959186992942993, -0.10404850263376697, -0.8743426857414647]",91.31924990391425,2.8885679326153277
"[-0.2999181788331619, 22.830352525552506, -0.05838447132628829, -0.29991817883339345]",89.57535745409137,2.891711096851035
"[-0.7946861611144604, 45.29500420174844, -0.023897762884954855, -0.7946861611146845]",89.1957818532639,2.894854261086743
"[-1.1145591837398727, 61.5341824027699, -0.012719949444301992, -1.1145591837403594]",89.21592691558631,2.8979974253224503
"[-0.26569801248408875, 21.919603178313224, -0.061176437144865606, -0.26569801248443853]",90.22281449998852,2.901140589558158
"[-1.2113596881373172, 3.6489948172450344, -0.11896592156954583, -1.2113596881373458]",78.55460157845937,2.904283753793866
"[-0.7194333021067327, 2.91893098290074, -0.29996861681038983, -0.719433302106796]",73.17665520386444,2.9074269180295733
"[-1.0005413730262938, 10.831554300965706, -0.07667654111678425, -1.0005413730265216]",80.16966867181311,2.919999574972404
"[-1.0230062619612106, 37.64913046028152, -0.023119965933179908, -1.0230062619633047]",79.53079888808328,2.923142739208112
"[0.3182784183020279, 0.8319915739661786, -0.788741434177655, 0.31827841830202586]",68.79343597704539,2.9262859034438193
"[0.31885255787576, 0.40110412901185477, 0.30658742040506376, 0.31885255787575406]",68.82400829930161,2.929429067679527
"[-0.7185370304807507, 18.1241961715802, -0.06116710987625141, -0.7185370304809006]",63.83545233775802,2.9357153961509423
"[-0.8583993965321249, 20.929455043887437, -0.04801832252016718, -0.8583993965322775]",63.960572265058204,2.93885856038665
"[0.2813227317843775, -0.9197834936996859, 0.9919795800980096, 0.28132273178437583]",49.364165845427735,2.9420017246223575
"[-0.30783572871089415, 11.877794845827404, -0.10897997014977347, -0.30783572871098475]",74.4400147857593,2.9451448888580654
"[-0.23997977259557238, 11.016547314534161, -0.11869025738473118, -0.2399797725955836]",71.12610069673578,2.9482880530937727
"[0.20610459444899837, 7.035484611117352, -0.18098122679330378, 0.2061045944489433]",85.50514995846213,2.9514312173294805
"[-1.080638013199149, 53.19257582879841, -0.015367438048991737, -1.0806380131996665]",84.10275321200334,2.954574381565188
"[-1.0449306604510424, 51.255840607539504, -0.016675049120750424, -1.0449306604549737]",83.92112295394519,2.9577175458008957
"[-0.780747232866834, 39.57249377029259, -0.02755278931248592, -0.7807472328679828]",83.96413177507986,2.960860710036603
"[-0.3891253803028172, 23.728118099199495, -0.05494188634107903, -0.3891253803029029]",84.25887648038766,2.964003874272311
"[-0.4194567957845229, 10.574985730931905, -0.11768630978802858, -0.41945679578466366]",83.70578822176077,2.9671470385080188
"[-0.289907013920694, -0.1686723963162486, 2.619408594111432, -0.28990701392069246]",80.60144716816754,2.970290202743726
"[-0.9242883875405694, 0.08807308072755211, 0.5802496527997414, -0.9242883875405717]",76.19993537241237,2.973433366979434
"[-0.7127121803319416, 36.79146134971811, -0.030967148213631075, -0.7127121803323914]",87.82968355419655,2.9765765312151413
"[0.028703574177327235, -0.9198076189108153, 1.0877033351481824, 0.028703574177325126]",73.5855698868661,2.979719695450849
"[0.144114024222958, 0.7353993468143419, -0.42214333997837006, 0.1441140242229436]",64.39759049029438,2.982862859686557
"[-0.5835353398380199, -0.8240119314617107, 1.2579237267550512, -0.5835353398380211]",85.2638892239614,2.99229235239368
"[-0.3530010108824525, 21.073175439275907, -0.062268513465482817, -0.35300101088257846]",86.01888687188028,2.9954355166293873
"[0.18040690851140648, 1.3594358861043507, -0.6947746875799411, 0.18040690851140093]",92.37461573415376,2.998578680865095
"[-0.1878493054518883, 13.375927878622141, -0.0996266225204853, -0.1878493054519859]",93.7568271918794,3.017437666279341
"[-0.26741695926183306, 7.568938312928079, -0.16731344617396382, -0.2674169592620764]",81.99496991896203,3.0205808305150486
"[-0.5437403954297871, 14.47924963096615, -0.08333691696915323, -0.5437403954298466]",92.61459323218625,3.0237239947507564
"[-0.42957366415905024, 7.17991368661767, -0.16754349166010543, -0.4295736641591034]",92.78323805479161,3.026867158986464
"[0.2671273227090574, -1.020341828473706, 1.2341921158384213, 0.26712732270904743]",93.75916290182455,3.0300103232221716
"[0.26230953269756957, 6.8380865073954515, -0.18376460908848777, 0.2623095326975057]",94.22845927207094,3.0331534874578794
"[0.1342009528804791, 9.614176699471676, -0.13692869314746192, 0.13420095288028766]",94.05164729275312,3.036296651693587
"[0.10746835528963693, 10.302989013059529, -0.12865395063934423, 0.10746835528942408]",94.01380502570274,3.0394398159292946
"[0.16963721289836206, 8.751346912287834, -0.14884118251986156, 0.16963721289825898]",94.09662419231421,3.0425829801650024
"[0.6499951617330078, 2.6040019194232533, -0.3455105199804546, 0.6499951617329937]",94.682490880718,3.04572614440071
"[-1.059903835428457, -0.166208344922915, 0.7595826084603204, -1.0599038354284993]",92.09094718378962,3.0488693086364176
"[-0.8338596869150532, 20.04626184504968, -0.0510724399986089, -0.8338596869150989]",90.34151258679913,3.0520124728721254
"[-0.46965423421307756, 23.402742883094678, -0.054201601382241865, -0.4696542342132874]",92.41508007737856,3.0551556371078328
"[-0.9083195694598434, 45.03102920389317, -0.021885259114582268, -0.9083195694601911]",91.88121080048718,3.0582988013435406
"[-0.2782226386218702, 9.161931801040131, -0.13993694709985072, -0.2782226386219036]",83.52235051145024,3.0614419655792484
"[-1.0524806104445972, 58.592191850786605, -0.014493114352312863, -1.0524806104458444]",90.4689181531408,3.0677282940506636
"[-0.3162068551672401, -0.15908686762884175, 2.559401583552511, -0.31620685516722613]",87.66003548629956,3.070871458286371
"[0.7983669429665993, -0.012274326034392132, 5.64288067526567, 0.7983669429800148]",73.51338290726031,3.074014622522079
"[-0.30538787979958504, 13.745352856277245, -0.09495383079388836, -0.3053878797996636]",69.6557149254575,3.0928736079363244
"[-0.06494962036854905, 8.902508882669657, -0.14789253605232766, -0.0649496203686583]",84.92310514031034,3.096016772172032
"[1.0746905390044967, 0.9777681946031952, -0.16487986881180874, 1.0746905390044947]",79.65547446728809,3.0991599364077396
"[-0.6393079031924351, 0.1502862037691281, 0.9958961214228603, -0.6393079031924555]",60.969486841490614,3.1023031006434474
"[-0.11298469628223737, 0.0019762629304559327, 3.9972388471800713, -0.11298469628224099]",58.88117819450528,3.1085894291148626
"[-0.607055717812404, 28.807363564679942, -0.04172230973609856, -0.6070557178125386]",81.9352651468147,3.1117325933505704
"[-0.2867152136750621, 22.433792673627504, -0.05955773381300031, -0.28671521367534175]",94.42390792480403,3.114875757586278
"[-0.6396258735728362, 12.10767109679571, -0.09394198926155921, -0.639625873572921]",95.30966145174101,3.1180189218219856
"[0.0738778421646871, 3.3834500374078718, -0.35027825223737796, 0.073877842164665]",71.13979039670636,3.1211620860576934
"[-0.9346692736830353, 10.288777861849171, -0.08652286059287695, -0.9346692736831486]",93.13248243436375,3.124305250293401
"[-0.110124337660951, 12.262889473034512, -0.10914164263185201, -0.11012433766103845]",94.54274055716272,3.1274484145291086
"[-0.310642427333537, 16.030440569111747, -0.08189128896488301, -0.3106424273336784]",94.69699523984951,3.1305915787648164
"[-0.9558640292852628, 3.3467208052303232, -0.20882529150412027, -0.9558640292852841]",62.65431937273443,3.133734743000524
"[-0.4707437865166573, 8.072504467750983, -0.14823992496799826, -0.47074378651676]",94.21221378710403,3.1368779072362316
"[-1.171856889463426, 49.53575470289434, -0.014399664618933508, -1.1718568894634678]",91.74202152880567,3.1400210714719394
"[-0.10661086208571999, 6.985089539277815, -0.18445213385108927, -0.10661086208573968]",92.85402932365906,3.149450564179062
"[0.9295447588618283, 0.3476668857619506, 0.4118485584722735, 0.9295447588617798]",76.95335995178378,3.1525937284147703
"[0.7752539395211575, 1.042274467678022, -0.44902425575955907, 0.7752539395211558]",80.04662114291384,3.1557368926504776
"[-0.878669347693123, -0.6167069386136944, 1.1466534816994838, -0.8786693476931355]",91.70014856513178,3.158880056886185
"[-0.6672394324395595, 26.57268353990321, -0.04368144721527003, -0.6672394324397288]",92.99535787288548,3.1620232211218933
"[-0.5594441303690683, 3.9103326021980167, -0.2678397741825665, -0.5594441303692184]",88.46845897980678,3.168309549593308
"[-1.061883002116857, 51.96338015986617, -0.01610927273390813, -1.0618830021204222]",90.34220165591636,3.1714527138290163
"[-0.22436392287076376, 9.881523972428036, -0.1318041375103716, -0.2243639228708181]",70.70178770379125,3.177739042300431
"[-0.278961819615968, 12.859389045535433, -0.10175903667758873, -0.2789618196160207]",94.53423681838028,3.1808822065361384
"[-0.8994079797989327, -0.020746117316459985, 0.7217218478835533, -0.8994079797989492]",85.09907279794871,3.1840253707718467
"[-0.19839066766103658, 0.0022113597411784363, 24.13521815249439, -0.19839066781947756]",57.38501629340953,3.187168535007554
"[-0.8682807702546357, 49.314413417723536, -0.020744141554477263, -0.8682807702549269]",97.94926221864017,3.1903116992432614
"[0.20224967943802055, 6.477920232861981, -0.19521695202422903, 0.20224967943799155]",86.45445670380172,3.1934548634789692
"[-0.6001811552333649, 20.07012596358941, -0.05938484683267864, -0.6001811552335427]",82.830349538026,3.2028843561860922
"[-0.6317194211980928, 7.703068110007326, -0.14299107597537583, -0.6317194211981992]",86.66239166664488,3.2060275204218
"[-1.1961162731112667, 19.98967751024524, -0.03278009303093702, -1.1961162731125061]",94.14689318002603,3.2091706846575074
"[0.2127815517158889, 4.874960375997502, -0.2512156545317928, 0.21278155171583601]",89.503890560213,3.2217433416003383
"[-1.0067163711073448, 49.989495522672485, -0.017872180212593094, -1.006716371107494]",88.3945161974065,3.2248865058360456
"[-0.3993397557131904, 3.3062663196760766, -0.33176594217904354, -0.39933975571323105]",79.52102861564977,3.2311728343074613
"[-0.2973385154396055, 13.354392529560782, -0.0977764571880955, -0.29733851543973255]",73.44666649126594,3.237459162778876
"[-0.5482326499237327, 8.859791448795646, -0.13158720439538565, -0.5482326499237498]",79.80486248288639,3.2406023270145843
"[-1.1485846927313572, 63.33417473951105, -0.011757623303264884, -1.1485846927315895]",93.33410226688609,3.2437454912502917
"[-0.8483348647622386, 47.91319621534262, -0.021696157674158188, -0.8483348647632181]",93.23539222167983,3.246888655485999
"[-0.43389636386844793, 28.43935613482852, -0.04542098352901176, -0.43389636386875124]",93.48855807366633,3.2500318197217073
"[-1.0659320483983052, 3.2351417911228406, -0.1778213220444034, -1.065932048398315]",90.43702769135106,3.2531749839574147
"[-0.6858235716653461, 31.652411096855644, -0.036455493680870345, -0.6858235716656115]",96.31306273626623,3.256318148193122
"[0.03638676398373825, 1.6805370260476062, -0.6104801487363735, 0.036386763983706064]",90.35699583262877,3.2594613124288294
"[-0.19316064130858684, -0.01775936913885566, 9.0551525950014, -0.19316064130434413]",83.5071179425357,3.2626044766645377
"[-0.6646811228525807, 34.752730575736244, -0.03369230311481282, -0.664681122853092]",94.2828954233265,3.265747640900245
"[-0.9335867905527466, 52.41881660731069, -0.0184152168060668, -0.9335867905532952]",97.05314548733189,3.2720339693716607
"[-0.6718318178528795, 12.580260253752158, -0.0889440497971232, -0.6718318178529042]",76.96730422441938,3.275177133607368
"[-0.2499220187163195, 15.59530725191818, -0.08517332117550679, -0.2499220187163744]",94.69809900187285,3.2877497905501984
"[-0.9158236973891303, 15.602774382617966, -0.06014839982762368, -0.9158236973895623]",80.00525395877706,3.2908929547859067
"[-0.24616134018182392, 3.06496074857705, -0.3705107447359048, -0.24616134018184685]",85.77970778499154,3.303465611728737
"[-0.3516728410851477, 6.887341961427822, -0.1784904024141954, -0.3516728410851884]",80.39841194671935,3.3066087759644445
"[0.8167715890545906, 0.0275688756902128, 3.407028794025479, 0.8167715890534284]",88.76535656554884,3.31289510443586
"[-0.20910499887449993, 19.68049954647073, -0.06858010796663468, -0.20910499887458509]",98.61835522155084,3.3160382686715675
"[-0.8006458239736904, 46.18002289390606, -0.023345707840039205, -0.8006458239740767]",98.04128840748596,3.3191814329072753
"[-0.9282293689379888, 52.347994297342794, -0.01853495123956081, -0.9282293689418692]",97.87695963706764,3.322324597142983
"[-0.9081774478366085, 51.22438606445763, -0.019293050789570925, -0.908177447837675]",97.81359523452439,3.3254677613786905
"[-0.834579089432452, 47.50340278280762, -0.022123393307236366, -0.8345790894326104]",97.80523703340994,3.3286109256143983
"[-0.6565557546673858, 7.948266437037977, -0.13696203763483933, -0.6565557546674231]",66.08754475191388,3.4480511665712887
"[0.10453846857501513, -0.9545349206324554, 1.0874280314965403, 0.10453846857501302]",60.67736987358078,3.463766987749827
"[-0.315720279830783, 10.868679059735415, -0.11825218160575132, -0.3157202798308711]",75.53099739079268,3.4669101519855348
"[0.8003672219920975, -0.001526707156770274, 15.943183503117426, 0.800367222608183]",89.88838371394401,3.5203439439925646
"[-0.4346127546036493, 12.63348103150097, -0.09905369052237323, -0.4346127546037248]",92.412323694838,3.52663027246398
"[-0.11002418413550538, 9.78187323093028, -0.13503819002003295, -0.11002418413560806]",83.75135941349245,3.5297734366996876
"[0.3874947083010364, -0.8197789579448591, 0.8867134966742041, 0.38749470830103605]",77.12548407477006,3.532916600935395
"[-0.3731122724761885, 23.6395889116905, -0.055400184694550526, -0.3731122724764817]",91.98093655177884,3.536059765171103
"[-0.9245072753845948, 46.33654864495176, -0.020961567724680663, -0.9245072753868478]",91.42000768173081,3.5392029294068106
"[-0.9665244820464013, 47.929937313816026, -0.0194501724396707, -0.9665244820484985]",91.20137260751643,3.542346093642518
"[-0.7402401955744582, 37.97374652134308, -0.02949747800048674, -0.7402401955749836]",91.17028386995125,3.545489257878226
"[-0.262760327284466, 19.269280030524, -0.0693332573307621, -0.26276032728472765]",91.49337111761473,3.5486324221139336
"[-0.4766933848628397, 18.634038048853785, -0.06735063872484294, -0.476693384863013]",90.72115218176903,3.551775586349641
"[0.20243764992056118, 3.0758485216003884, -0.37302233589050815, 0.2024376499205413]",78.16324790751443,3.5549187505853492
"[-1.0155733214525973, 43.6187627295767, -0.020211277559463597, -1.0155733214533593]",88.41199729151168,3.5580619148210566
"[-0.8611125076470632, 0.17547154677202234, 0.539333573471573, -0.8611125076470724]",56.825938770041226,3.561205079056764
"[0.33833688548776675, 2.174058728142027, -0.4724849306978726, 0.3383368854877254]",87.03153076345005,3.5643482432924714
"[-0.1538926435824364, 7.414667930302051, -0.1737927111602413, -0.15389264358245078]",74.86573923132785,3.5674914075281796
"[-0.9646034726836481, 22.63097504786023, -0.04027403781399525, -0.9646034726838348]",85.0791846594286,3.570634571763887
"[-0.3524742889410777, 14.270647011351677, -0.09053224790404794, -0.35247428894125055]",81.89388522676337,3.5737777359995944
"[-0.5506343886123541, 11.334621684930502, -0.10461802960745273, -0.5506343886124753]",79.39582521660336,3.576920900235302
"[-0.3013954741448637, 7.008076036765308, -0.1780952158215933, -0.3013954741448656]",88.08859488790918,3.58006406447101
"[-0.14843666846936612, 15.454073619404255, -0.08723297431050185, -0.1484366684695281]",87.96071249168538,3.5832072287067174
"[-0.49465207914309534, 27.726721260968457, -0.04553873229579356, -0.49465207914337456]",87.5952959331774,3.586350392942425
"[-0.7579514102808724, 38.54302196843767, -0.028727089128598754, -0.7579514102811415]",87.43183510249314,3.5894935571781326
"[-1.0023166003526465, 49.254341218636576, -0.01822273569104901, -1.002316600352827]",87.39265404794043,3.5926367214138404
"[-1.1530140768387196, 56.28723267340293, -0.013104273397884052, -1.153014076839052]",87.54591121037858,3.595779885649548
"[-0.021721719347677377, 5.822074501294658, -0.2185273653513469, -0.02172171934771373]",88.11799107233664,3.5989230498852556
"[-0.29755863927711984, 13.199664374583971, -0.09885935280464736, -0.29755863927723997]",81.18877950141362,3.602066214120963
"[-0.5959010414552608, 16.024285607835488, -0.07381498114038132, -0.5959010414554896]",67.44846279218027,3.605209378356671
"[0.752572486138255, 0.06309669091095692, 2.0520550490581253, 0.75257248613813]",68.72633565461241,3.6083525425923786
"[-0.013643933376656075, 9.50378559241366, -0.13936444407712373, -0.013643933376786268]",78.28821886752729,3.611495706828086
"[-0.00626410776354413, 1.1833300176062589, -0.7661848750975119, -0.00626410776355231]",68.68231348430686,3.6146388710637942
"[0.7268937130446387, 0.8797842182781838, -0.4705205234246419, 0.7268937130446375]",53.90342798759962,3.6177820352995016
"[-0.9753770552723108, 42.38174090449875, -0.021730304371761, -0.9753770552725716]",82.65400540501709,3.620925199535209
"[-0.30431611994676677, 18.245089163661245, -0.07243212219164022, -0.30431611994690216]",82.74915905004282,3.6240683637709172
"[-0.4236284544587901, 22.372379346598592, -0.05753710233888916, -0.42362845445910585]",87.08069644174907,3.630354692242332
"[-0.30642285868002445, 14.65433713833067, -0.08931431129352871, -0.3064228586800858]",90.73022831028138,3.639784184949455
"[-0.48595091829937953, 22.394413734476615, -0.05621354750823565, -0.48595091829951353]",91.03973237275476,3.6429273491851624
"[-0.8889769673035743, 0.5191769738038026, 0.029334448851608866, -0.8889769673035749]",60.93457744289356,3.6460705134208706
"[0.13206438800162254, 3.750571803509603, -0.31922111159000327, 0.13206438800130724]",94.88817756818096,3.649213677656578
"[-0.6178644936389771, 12.275297269325298, -0.09386394842134833, -0.617864493639001]",61.226025837634175,3.658643170363701
"[-0.2413403952935968, 2.4348082707327143, -0.44618393111154586, -0.24134039529360404]",61.38242448773286,3.6617863345994084
"[0.11552124324701021, 2.0652292365768092, -0.5198452350693192, 0.11552124324699534]",79.51892334260367,3.6649294988351167
"[-0.7651886792375557, 2.757847757493555, -0.2990412774723594, -0.7651886792375588]",63.30663442477819,3.668072663070824
"[-0.6434902417009852, 7.4128977493973025, -0.14698055454917647, -0.6434902417010154]",83.14288547556814,3.6712158273065314
"[0.1408496614580264, 0.7362144426678714, -0.42187959254931096, 0.14084966145800248]",87.14402381992602,3.6743589915422397
"[-0.8808784065891373, 9.657453583655492, -0.096678158329478, -0.8808784065893608]",58.220093090524564,3.677502155777947
"[-0.9748382298662779, 35.77331524161031, -0.025640123912740478, -0.9748382298666893]",82.12735713952826,3.68693164848507
"[-0.32187281103766907, 15.200483129925459, -0.08592757932894873, -0.3218728110377214]",80.23746511503681,3.6900748127207774
"[-1.0339190612967561, 31.367225612557952, -0.027226373292142367, -1.0339190612976237]",79.79469981577493,3.6932179769564852
"[-0.49122223724231145, 15.382647063387603, -0.08045647397481033, -0.4912222372423807]",79.9627932612256,3.696361141192193
"[-0.935243031871851, 15.77842651209877, -0.05837828589139624, -0.9352430318720321]",79.69046057343854,3.7026474696636082
"[-0.4477511540587687, 7.390258662567862, -0.16210856561844947, -0.4477511540587787]",80.04213824144118,3.7057906338993156
"[0.7059124382898238, 0.7202326324597677, -0.3882129278144, 0.7059124382898118]",70.5343352578266,3.7089337981350234
"[-0.534241100357441, 8.222096098251532, -0.14182778482267658, -0.5342411003575478]",80.11096851748708,3.7120769623707313
"[-1.2174605207329878, 4.012102909703165, -0.11148652590613674, -1.2174605207330147]",68.97339763241655,3.7152201266064386
"[-0.9859567155110689, 0.3498191786720833, 0.2282049392643524, -0.9859567155110825]",59.132861439041875,3.718363290842146
"[0.4270491973726793, 3.232947654205607, -0.33414053631773044, 0.427049197372659]",80.95246460169156,3.721506455077854
"[0.05846281530870183, 0.8068248074838862, -0.5461523150746992, 0.058462815308690345]",70.22023945711464,3.7246496193135616
"[-1.1394901412025122, 0.3158391648476458, 0.29736743692314044, -1.1394901412025182]",51.8912989435833,3.727792783549269
"[0.07830869253157395, 8.09808763347814, -0.16134926717796164, 0.07830869253154725]",79.85834888821074,3.7309359477849764
"[-0.7075592867557975, 32.40708877542605, -0.035160526602121496, -0.7075592867559927]",82.39483560594218,3.7340791120206847
"[-0.6337517875773815, 16.23166406287567, -0.07147703487495823, -0.6337517875775689]",76.82820247506739,3.737222276256392
"[-0.31635325091819827, 3.1086049163419536, -0.3592510124803451, -0.31635325091824273]",76.13469536999042,3.7403654404920994
"[-1.1187759510694957, -0.24042339279130773, 0.841283849503139, -1.1187759510695479]",74.01466205458468,3.7435086047278077
"[-0.3404290938887567, 16.753289737338736, -0.07792077444990883, -0.3404290938889229]",79.71885870081928,3.746651768963515
"[-1.0748902593759773, 32.22804156139445, -0.02518345101181526, -1.0748902593773617]",82.59713591598232,3.7497949331992224
"[-0.6211370302503159, 20.524242689939005, -0.057495708877555125, -0.6211370302504873]",69.69616706519577,3.7529380974349307
"[-0.6892429104041479, 22.58493640426247, -0.050453765896402755, -0.6892429104041782]",69.977040601111,3.756081261670638
"[-0.4607034568779717, 9.697376480100104, -0.12568928226258066, -0.46070345687803704]",62.23572031910063,3.7592244259063454
"[0.14164758310492448, 0.8607384901618791, -0.7273198792028996, 0.14164758310492157]",70.15171755546508,3.765510754377761
"[-0.6987744999779029, 22.771652887503212, -0.04976399697357244, -0.698774499978001]",70.02700859012367,3.774940247084884
"[-0.750229198946053, 24.035038282005367, -0.04568503994844727, -0.7502291989462221]",69.3219306622,3.79379923249913
"[-0.4838576505748802, 6.872985070128754, -0.1706087354557291, -0.48385765057491614]",55.00665066126626,3.7969423967348375
"[-1.0235395292970262, 43.8336720017494, -0.019929328678594323, -1.023539529297251]",78.5216698477532,3.800085560970545
"[-0.14936387807692597, 10.3484897659087, -0.12759687764003794, -0.14936387807695134]",85.66867508621984,3.803228725206253
"[-0.58315195447693, 2.334662661428322, -0.3918818333259875, -0.5831519544769418]",60.630133480028746,3.809515053677668
"[-0.3357360429189004, -0.1301822189233453, 2.6094717818309268, -0.33573604291887743]",75.58897940776207,3.812658217913376
"[0.15308461761195977, 7.952046594270477, -0.16297579983248622, 0.1530846176119478]",82.26966360694645,3.8158013821490835
"[-0.11596626483392383, 14.668498485530032, -0.09199040571150136, -0.1159662648340787]",81.93390804040158,3.818944546384791
"[-0.21051035415834587, 17.68064143390099, -0.07602620619962884, -0.21051035415838418]",81.83812083406328,3.8220877106204987
"[-0.24429301501818135, 18.835231546722284, -0.07112278336497961, -0.2442930150182158]",81.8128082326934,3.8252308748562065
"[-0.2404542103299248, 18.71840473494323, -0.07160051477510805, -0.2404542103300377]",81.8259939741111,3.828374039091914
"[-0.20682326150696534, 17.598291574717685, -0.07641232358137137, -0.20682326150715125]",81.86913612657138,3.8315172033276217
"[-0.14392360013028727, 15.581195399500567, -0.08659387859183727, -0.14392360013032748]",81.94458333563196,3.834660367563329
"[-0.043015457558689185, 12.617006259531083, -0.10664522774918886, -0.0430154575587314]",82.06845575015592,3.837803531799037
"[0.13611050413976403, 8.324966238797831, -0.15651952886880205, 0.1361105041394775]",82.30320672371872,3.8409466960347447
"[0.5548715859191434, -0.8359801295454587, 1.0513747412190517, 0.5548715859191381]",82.35811321439301,3.844089860270452
"[-0.507823701454532, 7.9408155767906585, -0.14816009685825132, -0.5078237014545676]",80.96815654213825,3.8472330245061594
"[-1.054519739171374, 17.92094124588607, -0.04516074780488285, -1.0545197391715295]",81.67265208721862,3.8503761887418677
"[0.3196071280154136, 3.022765601179907, -0.3672778852724593, 0.3196071280153889]",87.04690342198637,3.853519352977575
"[-0.5540946360535842, 18.77736876891041, -0.06472492511408906, -0.5540946360536229]",82.27787107335094,3.8566625172132825
"[0.1360265676345794, 0.8936300757642943, -0.7829234909158583, 0.13602656763457066]",72.2790995604964,3.878664666863236
"[-0.1312968966357377, 4.28444699715524, -0.28465309369089414, -0.13129689663574498]",57.98038442510114,3.881807831098944
"[0.028535763514857065, 0.5530815252886712, 0.19640583682362248, 0.028535763514732554]",50.76254022692044,3.8849509953346515
"[0.043946502859106173, 1.84839418081488, -0.5689555648137865, 0.043946502859101816]",54.30240357345576,3.888094159570359
"[-0.40193574663502624, 1.8394308350553443, -0.5158981479673306, -0.40193574663503445]",64.90418946704722,3.891237323806067
"[0.06733091007992083, 2.671904756020527, -0.4260566812719242, 0.06733091007991769]",60.4439218879288,3.8943804880417745
"[-0.9615733809807654, 16.470349597779233, -0.05455756201997696, -0.9615733809809526]",72.04020617792274,3.897523652277482
"[0.10834790972873211, 7.186546198994536, -0.17969079233816157, 0.10834790972872592]",73.21382056247963,3.90066681651319
"[-0.5142107259134194, 21.42408583090765, -0.05801047356700008, -0.5142107259136819]",72.47115024206802,3.9038099807488975
"[-0.8304993661111527, 30.924061555635703, -0.033740123858080846, -0.8304993661112104]",72.27541138778848,3.906953144984605
"[-1.0590207230198048, 38.32910069586958, -0.021743152081284522, -1.0590207230204345]",72.25388380957081,3.910096309220313
"[-1.1171980032648565, 40.522319882557575, -0.019037615328129857, -1.1171980032649507]",72.4038956702289,3.9132394734560205
"[-0.5796840556044556, 23.986497345887695, -0.050511197419078405, -0.5796840556045387]",72.93507318785622,3.916382637691728
"[-0.12591979199155756, 9.84438115712462, -0.13404261546707869, -0.125919791991827]",74.49938433160393,3.9226689661631435
"[-0.5334719338195467, 4.667422032749274, -0.23416655294006739, -0.533471933819798]",49.572549944854586,3.925812130398851
"[-0.9156945250364308, 9.87357472794687, -0.09157528562866923, -0.9156945250364744]",52.34209326810212,3.928955294634559
"[0.7495398189497838, 0.4621093830171164, 0.09553198903010879, 0.749539818949777]",45.627999366480815,3.9320984588702665
"[-0.6125008587867181, 1.8940135793071682, -0.43896763665707417, -0.612500858786721]",49.76074376821109,3.935241623105974
"[-0.20465575009584444, 4.598674999566612, -0.26478538556148296, -0.20465575009584783]",52.29707690906135,3.9383847873416817
"[0.43007441063735596, 0.7518779230867525, -0.6152522364880394, 0.4300744106373516]",56.612416038328256,3.95410060852022
"[-0.5206102896818691, 10.876624423823477, -0.11021636339468024, -0.5206102896819704]",66.86208805301554,3.9572437727559273
"[-0.717704894397003, 0.43745988098268757, 0.25561696781584325, -0.7177048943970168]",45.90477364553907,3.960386936991635
"[1.0675428437397905, 0.05151381788105907, 0.9641959235790561, 1.067542843739767]",65.23850202219911,3.9635301012273425
"[0.20941196200484521, 4.808351384311178, -0.2544278879435088, 0.20941196200483786]",67.47490910255054,3.9666732654630503
"[-0.2551505325336765, 8.95993366128821, -0.14356143752760842, -0.25515053253371317]",65.84407696487652,3.969816429698758
"[0.41728025136888175, 0.4964433723465455, -0.008042687615213876, 0.4172802513688775]",55.00566340191255,3.9729595939344655
"[-0.254612128247872, -0.9432517630617189, 1.2443851922816407, -0.2546121282478742]",54.81758594903109,3.9761027581701733
"[-0.44655488025195167, 3.834931554220401, -0.2878673489544983, -0.4465548802519759]",51.85377592630515,3.9823890866415885
"[-0.6535435927747318, 5.060842033855249, -0.20387803892354187, -0.6535435927747324]",65.06896412974139,3.985532250877296
"[0.01604074325276616, 7.704451537699004, -0.16932893208789584, 0.016040743252719206]",67.9103597806532,3.988675415113004
"[-0.276628557098401, 12.966673237255723, -0.10101072712747415, -0.2766285570985145]",67.59611509155647,3.9918185793487115
"[-0.3239807926920341, 13.960178180144851, -0.09314150744146477, -0.3239807926920388]",67.55583907243994,3.994961743584419
"[-0.3023359040011764, 13.501372399583058, -0.09665326414406349, -0.3023359040012255]",67.56999730107333,3.998104907820127
"[-0.17014531246622133, 10.869965589093542, -0.12152624602566006, -0.17014531246625905]",67.68928403959355,4.0012480720558345
"[0.6920810243828708, -0.09234093311884715, 1.591600141743072, 0.6920810243828733]",62.918890438886976,4.004391236291542
"[-0.20493697323552165, -0.03738093617452254, 6.364721117824112, -0.2049369732339737]",48.87096243801806,4.00753440052725
"[-0.8928810604703992, 0.6575549496577439, -0.12383413208253577, -0.8928810604704027]",51.626937107624194,4.010677564762958
"[-0.7358408997581178, 0.45902590232734486, 0.1962379885000466, -0.7358408997581204]",41.88720853703157,4.016963893234373
"[-0.8509030736768883, 9.222212808984136, -0.10360526188657722, -0.8509030736768944]",55.47157482579691,4.023250221705788
"[-0.48994554859056005, 0.8163504669444436, -0.3975291772262612, -0.4899455485905616]",69.32329524892151,4.026393385941495
"[-0.03626181644344753, 4.541489640704188, -0.27239814681243124, -0.03626181644349639]",70.35532929015362,4.032679714412911
"[0.6013436058686761, 2.2469061490147326, -0.39805689845687525, 0.6013436058685795]",67.94530684530963,4.035822878648618
"[0.32060689485449584, 3.8170357821266747, -0.3025150941104326, 0.32060689485446936]",67.5282763806953,4.038966042884327
"[-0.8517877730379337, 9.149400802531213, -0.10426213873104334, -0.8517877730379969]",69.05021716762259,4.042109207120034
"[-1.173145757623448, 19.60255168171373, -0.034768773371688905, -1.173145757623498]",64.47668715965176,4.045252371355741
"[0.679394426226486, 1.5611071688816949, -0.4624360701204466, 0.679394426226469]",69.3198696596233,4.04839553559145
"[-0.2945545831928071, 6.617934467552248, -0.18791165686968028, -0.2945545831928081]",69.12148276477335,4.051538699827157
"[-0.6758603515090553, 0.46931074462536676, 0.2301666669725596, -0.6758603515090645]",45.82676063677557,4.054681864062864
"[-0.8716535265117139, 20.900720614318033, -0.047531598443991165, -0.8716535265121025]",68.3530854058664,4.057825028298573
"[0.28135400331496896, 0.34489969661645525, 0.4931193829066445, 0.2813540033149614]",63.88747483233937,4.06096819253428
"[-0.8860904854081193, 15.859315200632789, -0.06093211203499152, -0.8860904854081385]",74.0660185147383,4.064111356769987
"[-0.5109998631593374, 10.212210514104342, -0.11736940563358543, -0.5109998631594452]",70.1904177998828,4.07354084947711
"[-0.5781001923379737, 4.450953347245939, -0.23797141793072032, -0.5781001923380007]",69.00987320723051,4.076684013712819
"[-0.755054192428054, 0.3962360456090114, 0.2983879912653129, -0.7550541924280643]",46.062877309294514,4.079827177948526
"[-1.1478487543376092, 19.135944133831, -0.037090236967077715, -1.1478487543378604]",64.5975521848166,4.082970342184233
"[-0.2946071287829988, 13.346427039388198, -0.09789287087139101, -0.2946071287831505]",67.8701038329965,4.089256670655649
"[0.8001669688865737, 0.0015902569862180586, 15.795770225498805, 0.8001669683759732]",43.99966105429925,4.092399834891356
"[0.09201293012536596, 0.8806072422452969, -0.730522734812174, 0.09201293012536445]",72.80382661349476,4.095542999127065
"[0.6548981080608305, 0.22106621229896045, 0.7599533647797979, 0.6548981080608174]",46.0849558316223,4.101829327598479
"[-0.3161043999995135, 3.943787381421005, -0.2946095190900557, -0.31610439999951623]",55.25476508033577,4.104972491834187
"[-0.2825556668664075, 7.799951574281003, -0.1622165873305028, -0.28255566686675976]",91.60014380304087,4.142690462662679
"[-0.3474952877060443, 20.865915348860153, -0.06295893446792472, -0.3474952877062764]",86.08747510897105,4.145833626898386
"[-0.17010144317460982, 6.460031520945617, -0.19665794638651032, -0.1701014431746705]",87.01496526944291,4.148976791134094
"[-0.7316293793290761, 27.925774830095214, -0.04001201177212366, -0.7316293793294029]",88.7002878095617,4.152119955369802
"[-0.6439789283527843, 29.43248729920218, -0.040074211964871966, -0.6439789283529206]",85.70805579424832,4.155263119605509
"[-0.9660152135570107, 41.76607904215744, -0.022260161913101904, -0.9660152135573806]",89.43533520303205,4.158406283841217
"[-0.47283930882970326, 22.106566711422673, -0.05720608114569957, -0.47283930882978215]",86.6973745775918,4.161549448076924
"[0.04910758329167128, 5.974395743756362, -0.21333483288353902, 0.04910758329165988]",79.54779434542465,4.164692612312632
"[-0.8782803739430695, 3.1407345337482586, -0.2414462834865434, -0.8782803739430727]",66.40283845988372,4.170978940784047
"[0.46238669741818655, 2.942389129792052, -0.35453045102546593, 0.46238669741785465]",88.55961422754227,4.174122105019755
"[0.9236137418912905, 0.408068654291395, 0.267322846035808, 0.9236137418912892]",74.19657247346503,4.177265269255463
"[-0.33515620530937074, 7.310293340090048, -0.16987179477964165, -0.3351562053094636]",87.50818009370077,4.18040843349117
"[-1.0823018004424703, 3.0409761581559427, -0.17809896642576456, -1.0823018004425062]",86.1563306829865,4.183551597726877
"[0.3385788524568663, 5.323144427299671, -0.2256536183858397, 0.3385788524568636]",88.10860544573622,4.186694761962586
"[0.09552508287937125, 9.941243874279964, -0.1331622493288031, 0.09552508287913439]",87.77887726546537,4.189837926198293
"[-0.023617015936232527, 13.230221544236478, -0.10199166503680442, -0.02361701593636908]",87.62400911946787,4.192981090434
"[-0.10514167375910893, 15.859266427191482, -0.08544466976735832, -0.10514167375923346]",87.52403364795052,4.196124254669709
"[-0.16727113051055026, 18.048912430986412, -0.074986936800395, -0.1672711305107172]",87.45158236817424,4.199267418905416
"[-0.21696754616702946, 19.90384748956749, -0.06775219137345473, -0.2169675461672381]",87.39592085600772,4.202410583141123
"[-0.25760517584931897, 21.48186587181585, -0.06248210966176081, -0.25760517584946274]",87.35173763460455,4.205553747376832
"[-0.2910394387725022, 22.817254612528895, -0.05853223171182887, -0.29103943877251903]",87.31604300128384,4.208696911612539
"[-0.31836159190446406, 23.930775882788172, -0.05553884092676608, -0.31836159190465163]",87.28702289988264,4.211840075848246
"[-0.34022849241866987, 24.834589048815552, -0.053283927522445686, -0.3402284924188842]",87.26353442322166,4.214983240083955
"[-0.35702323067722946, 25.534854650393665, -0.05163321592814829, -0.3570232306774349]",87.24485889853526,4.218126404319662
"[-0.3689394767446239, 26.033197993995845, -0.05050524756605517, -0.3689394767446836]",87.23057234365058,4.221269568555369
"[-0.3760254097429694, 26.32747856543554, -0.04985552822593602, -0.37602540974317533]",87.22047831388652,4.224412732791078
"[-0.37820400010326105, 26.41211916295499, -0.04966891010880355, -0.37820400010339517]",87.21457763069284,4.227555897026785
"[-0.3752757011630136, 26.27806267148541, -0.049957475451346454, -0.37527570116301606]",87.2130656148382,4.230699061262492
"[-0.36690460622647486, 25.912356811835203, -0.05076326314171871, -0.36690460622669296]",87.2163553649283,4.233842225498201
"[-0.3525836392733064, 25.2972567806122, -0.05216699535100798, -0.35258363927357406]",87.22513390176292,4.236985389733908
"[-0.3315670676655724, 24.408604409587028, -0.05430651930741668, -0.3315670676658353]",87.24046971677846,4.240128553969615
"[-0.30274334202436903, 23.212966757252737, -0.05741412166436216, -0.3027433420245819]",87.2640135426059,4.243271718205324
"[-0.26438461258974905, 21.662417204101125, -0.06189587770207852, -0.2643846125900002]",87.29839102859532,4.246414882441031
"[-0.21360565820840963, 19.68431878898256, -0.06851877021625333, -0.21360565820852798]",87.34804516398172,4.249558046676738
"[-0.14500798596400144, 17.15882286963415, -0.07892966309000089, -0.1450079859641464]",87.42132848177607,4.252701210912446
"[-0.04636166916150011, 13.859143194849054, -0.09752091391041108, -0.04636166916155841]",87.53707843405326,4.255844375148154
"[0.12330534818899477, 9.226603810233753, -0.14244374614163532, 0.12330534818847051]",87.757014442215,4.258987539383861
"[0.5520850294331487, -0.8441740606693126, 1.0615182553034552, 0.5520850294331425]",87.82814080402147,4.262130703619569
"[0.2942868755241832, 2.0306022743286047, -0.5052544668505549, 0.294286875524175]",87.52407362020259,4.265273867855277
"[-0.3218304326066397, 12.012865521491058, -0.10745288957538891, -0.3218304326066694]",86.57398290378259,4.268417032090984
"[-0.5401201762417611, 20.2411538608925, -0.06059901981671016, -0.540120176241825]",86.57401600585084,4.271560196326692
"[0.6128109531216201, 1.6954189877372856, -0.47252635130765813, 0.6128109531216148]",75.90057763195507,4.2747033605624
"[-0.651239868601388, 30.407529432968044, -0.03866853866983089, -0.6512398686014294]",89.87801320535307,4.2778465247981075
"[0.011367997281977573, 10.426035537146719, -0.127781660430528, 0.011367997280372761]",86.32650033366636,4.284132853269523
"[-0.8280653720681629, 41.8469106214776, -0.025177006714947762, -0.8280653720684351]",88.92316022106236,4.2872760175052305
"[-0.630699994084646, 20.805348180440575, -0.05645995115683292, -0.6306999940848487]",76.7433735618955,4.290419181740938
"[-0.1412247752730225, 13.861854047097054, -0.09685656887034017, -0.14122477527309316]",83.73914094785019,4.293562345976646
"[-0.3606113169464425, 9.813048641316344, -0.1285522452753747, -0.36061131694651366]",89.30837114725855,4.2967055102123535
"[0.20980179363376375, 6.863929869146468, -0.18498536246470704, 0.2098017936337092]",85.07672940508108,4.299848674448061
"[-1.0596582676839936, 52.09122806639954, -0.016115947271272208, -1.05965826768404]",84.10518896768772,4.302991838683769
"[-0.18449205708605387, 15.166449409625335, -0.08841772145818388, -0.18449205708626004]",86.85609730142119,4.3061350029194765
"[-0.1667985190172477, 7.64988517926698, -0.16860238662168128, -0.16679851901730033]",78.99192105767655,4.309278167155184
"[-0.5791694259609912, 9.218822823490125, -0.12495374899472043, -0.57916942596101]",72.90894279145151,4.318707659862307
"[0.7971343107356185, -0.011880162873229003, 5.680288845610075, 0.7971343107417909]",71.95153320538572,4.321850824098015
"[-0.7521025758110702, 29.038114718234894, -0.03800075161457904, -0.7521025758120993]",74.83982326788298,4.3249939883337225
"[-0.1295451462184339, 1.5304080839959662, -0.6434537996606865, -0.1295451462184376]",49.00819213140558,4.32813715256943
"[-0.6817314310320798, -0.03727645101878898, 1.1361257993678313, -0.6817314310320864]",52.95506636803841,4.331280316805137
"[-0.9268550704173296, 0.7653480027305221, -0.1887560704756213, -0.9268550704173347]",56.69790245344051,4.3532824664550915
"[-0.15282331751717104, 8.828486199321501, -0.14794481276725074, -0.1528233175178309]",63.52669572508216,4.4161457511692435
"[-0.6595525242721683, 26.248547080269756, -0.04439864521023813, -0.6595525242723104]",75.66649163363442,4.419288915404952
"[-0.8087379502101242, 30.637703084461865, -0.034628759445438854, -0.8087379502102026]",75.46526466991726,4.422432079640659
"[-0.5791206863484225, 23.54026272977469, -0.051451072390879, -0.5791206863484267]",75.50136158923333,4.4255752438763665
"[0.23249280960069507, 5.4978956974057684, -0.22500230464495752, 0.23249280960066143]",76.35971009132734,4.428718408112074
"[0.8343367993888352, 1.2839898515770656, -0.39709714782655675, 0.8343367993887821]",66.34259511317889,4.431861572347782
"[0.1348975239449027, 4.6587556491764905, -0.26446902285684043, 0.13489752394484694]",71.78737937502403,4.4350047365834895
"[-0.9339561886970815, 28.27764526830194, -0.03356309590562338, -0.933956188697392]",72.57664918235947,4.438147900819197
"[0.39932371465962313, 1.8310267962600602, -0.5210660015026156, 0.39932371465960814]",68.53799253961384,4.441291065054905
"[-0.18520651555128906, 0.00900078814935355, 9.477714439613914, -0.18520651555163958]",46.091932976741944,4.450720557762028
"[-1.3236053159301253, 4.219094378591903, -0.0761692011683601, -1.3236053159301582]",74.2002720403289,4.4538637219977355
"[-0.2463318862486182, 14.712183832900472, -0.09011471665265822, -0.24633188624870964]",75.60010114131906,4.457006886233443
"[-1.1414415780712759, 33.9129515821266, -0.021800658068550294, -1.1414415780715326]",72.73669296427902,4.460150050469151
"[-0.9740262092543311, 23.09350861231194, -0.039108126910093285, -0.9740262092545939]",71.55268795186981,4.4727227074119815
"[-0.7441911097796886, 23.30157601767678, -0.047263726597505114, -0.7441911097797416]",73.12812031584424,4.475865871647689
"[-0.4174867648927741, 19.283308219355018, -0.06654623334206348, -0.4174867648928849]",75.90461523226492,4.479009035883397
"[-0.8794998293707178, 32.94908152647709, -0.030452043396009956, -0.8794998293722219]",75.44758160854445,4.4821522001191045
"[-0.83334690766633, 31.295364625436658, -0.03327586770047739, -0.8333469076668478]",75.33146603180698,4.485295364354812
"[-0.5880625938378122, 23.752541443598098, -0.050786097420592334, -0.5880625938381921]",75.40120998735037,4.488438528590519
"[-0.175540798653958, 12.77580023238155, -0.10424385566497946, -0.1755407986541205]",75.75566480481241,4.4915816928262275
"[-0.16631461993766572, 5.86384892182936, -0.21472993264165674, -0.16631461993768315]",75.96854512512748,4.494724857061935
"[-0.6355074870813971, 0.4637150490454577, 0.2840491564886511, -0.6355074870814089]",53.08338052960771,4.497868021297642
"[-0.2000710535198137, 0.0006231182044640074, 50.485004229158605, -0.2000710674486698]",53.416476714071685,4.501011185533351
"[0.024780021009367718, 3.5901154829234274, -0.33385269448107047, 0.024780021009331955]",76.98130999202596,4.504154349769058
"[-0.42146250696039406, 11.055977404635787, -0.11280981874159597, -0.42146250696050325]",71.9504314033585,4.507297514004765
"[-0.7315064936703766, 23.093752215845836, -0.04807929526357711, -0.7315064936704273]",72.58798030347893,4.510440678240474
"[-0.6390886288834918, 21.42374880382907, -0.0546415747805012, -0.63908862888391]",73.13914082574615,4.513583842476181
"[-1.0735509789506883, 18.433367219192625, -0.04288519417361101, -1.073550978951194]",69.34361026492896,4.516727006711888
"[-0.24142737287871924, -0.3987568861020742, 1.7129019393120606, -0.24142737287871077]",53.09687199965982,4.519870170947597
"[-1.0587399893090836, 0.12342698694408538, 0.4725042137862512, -1.0587399893090865]",73.24884992066241,4.523013335183304
"[-0.35146418995024514, 11.776676095470235, -0.10863077046914234, -0.3514641899503927]",68.20340300802168,4.526156499419011
"[0.7235148021703661, 0.16240424300390702, 1.1199455440821868, 0.7235148021703107]",49.23486378977405,4.52929966365472
"[0.06215077206246648, 2.4483605390001433, -0.4572447379182996, 0.06215077206245619]",55.61601994782115,4.532442827890427
"[-0.29492568090632043, 13.338259324552489, -0.09794271211888461, -0.29492568090647525]",73.34587616165508,4.535585992126134
"[-0.07946146160705868, 3.889177483199576, -0.3109750219915776, -0.07946146160707328]",61.60227777065185,4.54187232059755
"[0.9722777127300941, 1.0801446147883025, -0.27922202247878886, 0.9722777127300829]",72.6748216927722,4.545015484833257
"[0.7879778556533344, 0.03712223867711009, 3.0695897976647823, 0.7879778556524912]",69.36233622327791,4.548158649068966
"[0.5108230742001966, 0.028282995173538644, 0.9952108270948857, 0.5108230742001804]",55.81206637877168,4.551301813304673
"[-0.09214243458090002, 0.7734756113712273, -0.38068716118615453, -0.09214243458090816]",73.53477307547658,4.55444497754038
"[-0.6106160949219955, 0.7719668327712559, -0.31654797827465914, -0.6106160949219984]",75.36126213024332,4.557588141776089
"[0.22129472099560318, 4.715518985680585, -0.2582502761519982, 0.22129472099557454]",73.14467669954435,4.560731306011796
"[0.10714387832541583, 5.907713240074947, -0.21471141176439826, 0.10714387832539433]",72.95481944673772,4.563874470247503
"[0.08462209379304647, 6.155095686029898, -0.20727374732733664, 0.08462209379303424]",72.89620786891061,4.567017634483211
"[0.09857677879724375, 5.974421799576918, -0.21270303463290466, 0.09857677879718008]",72.8931034645818,4.570160798718919
"[0.1331671064672746, 5.569560600972856, -0.2257967941090696, 0.1331671064672724]",72.92300390132337,4.573303962954626
"[0.1828637174945177, 5.035800820171114, -0.245353952645882, 0.1828637174945094]",72.97732606183983,4.576447127190334
"[0.2471182194645827, 4.418384596793538, -0.2719037511964786, 0.247118219464539]",73.05366234147034,4.579590291426042
"[0.33003957019173324, 3.733801892720998, -0.307323002172589, 0.3300395701917089]",73.15400333637588,4.582733455661749
"[0.44475411026949563, 2.974690517124033, -0.35442830241822076, 0.44475411026938305]",73.2849005781119,4.585876619897457
"[0.6361529228774877, 2.0945434515862624, -0.40586304250755845, 0.6361529228774855]",73.45047654985676,4.589019784133165
"[1.078764782793479, 0.92075179256741, -0.14442139616674868, 1.0787647827934752]",73.39952864052472,4.592162948368872
"[0.35863882152603255, 0.3752013973175062, 0.33014421493937907, 0.3586388215260201]",73.81539888801169,4.59530611260458
"[0.07459340962997454, -1.0333324807477011, 1.2492414296555145, 0.07459340962995006]",72.29785475808907,4.598449276840288
"[-1.183025761486197, -0.03782634127958737, 0.661589226634524, -1.1830257614861996]",72.19630971276335,4.601592441075995
"[0.14547203456736124, 0.8544829818344796, -0.717045719838189, 0.14547203456735774]",72.60728923599918,4.604735605311703
"[0.33222471543104254, 0.8266939612191408, -0.7792983830084171, 0.3322247154310402]",72.73250360544127,4.607878769547411
"[-0.5859383120095123, 1.5191008227285956, -0.5060176498350728, -0.5859383120095218]",71.15436994099308,4.611021933783118
"[-1.1294617934854796, 3.323485230259109, -0.15347623360170398, -1.129461793485488]",71.07544788027275,4.614165098018826
"[0.8010300056278449, -0.00362604803776092, 10.275668367987109, 0.8010300056410118]",67.13748899183761,4.617308262254534
"[-1.0721518632251235, 3.4058025846097117, -0.17052450664958918, -1.072151863225155]",72.74558829187377,4.620451426490241
"[-0.13335394983207494, 2.87357900630109, -0.39885121960362785, -0.13335394983208282]",75.01098145605351,4.623594590725949
"[-0.2621928751187804, 2.878810468293779, -0.38836746377862186, -0.2621928751188065]",71.36975724576843,4.626737754961656
"[-0.6652067577804666, 4.644305374198997, -0.21745532680729565, -0.6652067577805096]",71.3619369914128,4.629880919197364
"[-0.6749828226730713, 5.345816909489883, -0.19182672004850254, -0.6749828226732223]",71.80562280355606,4.633024083433072
"[1.1116395106498178, 0.4283416280099133, 0.2744565098058133, 1.1116395106498094]",72.61477498622963,4.636167247668779
"[0.7765693220188248, 0.04541191540957846, 2.643358760091724, 0.7765693220185813]",68.72684868005074,4.6393104119044875
"[-0.6788460459143257, 7.7550106454293966, -0.13808116961561473, -0.6788460459143827]",74.82697918101185,4.642453576140195
"[-0.7692808183888303, 8.451333671349001, -0.1199316662994349, -0.7692808183888808]",74.65445592711859,4.645596740375902
"[-0.36365733348231766, 1.593066846396874, -0.5772127867701983, -0.3636573334823373]",71.80496874139544,4.64873990461161
"[0.17074912256340494, 0.20296863415899596, 1.0701301707057695, 0.17074912256339964]",70.23238693919221,4.651883068847318
"[-0.13154124116926702, 3.9543819294309923, -0.30507351380831776, -0.131541241169297]",71.45011344699357,4.655026233083025
"[-0.7894927964179411, 8.310452974987902, -0.11983341331451779, -0.7894927964179623]",70.97473863999498,4.658169397318733
"[-1.0060706855530888, 10.96911230797057, -0.07530413589964292, -1.0060706855533506]",71.57552209154116,4.66131256155444
"[0.516138036254754, 0.3901801396757371, 0.21771808688033076, 0.516138036254746]",61.215633239076965,4.664455725790148
"[-0.3130662080797189, 2.113385855314308, -0.48615768039594526, -0.3130662080797209]",78.1953761984772,4.670742054261563
"[0.8381637276707928, 0.0831943657678119, 1.85995801724706, 0.8381637276707345]",64.2698544211618,4.67388521849727
"[-0.769285037945783, 0.07993739759371608, 0.812245777265087, -0.7692850379457867]",63.15985417723836,4.677028382732979
"[-0.9577117804684779, 0.7531389399060229, -0.16046733989203407, -0.9577117804684785]",74.3994268478257,4.680171546968686
"[0.827212321898416, 0.6625467865710125, -0.22047486806353528, 0.8272123218984107]",65.22759693016545,4.683314711204393
"[0.9113932242840098, 1.100398553366899, -0.3347655607355294, 0.9113932242840073]",72.01527513669453,4.686457875440102
"[-0.21122367605137468, 5.543614077769312, -0.2242272649213588, -0.21122367605144948]",71.41113158806748,4.689601039675809
"[-0.4228699193977738, 7.351894131969507, -0.16437942097487213, -0.4228699193978578]",71.33193423158413,4.692744203911516
"[-0.5211154869935678, 8.402306378213671, -0.1398837899980427, -0.5211154869935886]",71.40758456173255,4.695887368147225
"[-0.5371299712945544, 8.7664561540923, -0.13356857390415522, -0.5371299712945997]",71.58460934696426,4.699030532382932
"[-0.4468646246669936, 8.136465016907026, -0.14854286942165776, -0.4468646246669989]",71.87690342862084,4.702173696618639
"[-0.134026741156868, 5.575140682329977, -0.22557192684191354, -0.13402674115690255]",72.42009321944906,4.705316860854348
"[-1.3123101833297535, 4.331995299941039, -0.07886974852674501, -1.3123101833298556]",70.75829714618274,4.708460025090055
"[0.08867918334793935, -0.9439531394583306, 1.0789671499938471, 0.08867918334793448]",71.44014639383363,4.711603189325762
"[-0.4510020009372108, 4.083793075703462, -0.2725628466889921, -0.451002000937256]",71.53983687551121,4.71474635356147
"[0.803730691143679, 0.013529189833043112, 5.268705439925225, 0.8037306911433076]",63.52475937618424,4.717889517797178
"[-0.31871545544533936, -0.1456197251341987, 2.6262391036226145, -0.3187154554452583]",69.49988858267604,4.721032682032885
"[-0.45499647496169005, 9.78862368607078, -0.1248714607217384, -0.4549964749617042]",74.72961265416667,4.724175846268593
"[-0.9695728056223901, 16.81448980898546, -0.05305031742082325, -0.9695728056226126]",74.64256277843458,4.727319010504301
"[0.7284563193491195, 1.6107656730356268, -0.4301354189634996, 0.7284563193491104]",76.28897570926705,4.730462174740008
"[-0.7578002652216584, -0.013687383617751918, 0.940379393829591, -0.7578002652216692]",63.85613146171249,4.736748503211424
"[-0.31009049479868284, 3.708430631863585, -0.3109013389621479, -0.31009049479870404]",69.18221894525168,4.743034831682839
"[0.1693422401555765, 2.318071761090598, -0.47138026359113167, 0.1693422401555632]",69.69281265837844,4.746177995918547
"[0.29742812009315683, 0.711588664998125, -0.47317480905586456, 0.29742812009315295]",68.40238657761431,4.749321160154254
"[-0.41766163471859363, -0.1288313572001679, 2.129718427008893, -0.41766163471858403]",63.67539142273854,4.752464324389962
"[-0.25915534483448144, -0.0918530441059893, 3.59280716612334, -0.2591553448341627]",63.183292748616616,4.75560748862567
"[-0.2335130776596518, -0.07939573583379571, 4.100931008871415, -0.23351307765923485]",62.97750829680441,4.758750652861377
"[-0.21916934577397712, -0.06255853054646901, 4.759094396239627, -0.21916934577293012]",62.845217535427146,4.761893817097085
"[-0.21113594920055406, -0.047255764265662116, 5.575147938984248, -0.21113594919887751]",62.75340717623565,4.765036981332793
"[-0.20735096343406956, -0.03755200283520285, 6.3157024195141656, -0.20735096343130516]",62.69798662146813,4.7681801455685004
"[-0.1272969054660122, -0.015224866223115778, 4.3910473716292575, -0.12729690546590144]",61.07082254516208,4.771323309804208
"[-0.14178444377585908, -0.012715790126801171, 4.9580113112658735, -0.14178444377576252]",61.077218917808906,4.774466474039916
"[-0.14289492740751633, -0.012511877811121194, 5.009915785758243, -0.14289492740726037]",61.0832543519867,4.7776096382756235
"[-0.13038539461665846, -0.014718556592748882, 4.497314822162806, -0.13038539461664717]",61.08889423640526,4.780752802511331
"[-0.20724423953190477, -0.037238489494774984, 6.344126862008835, -0.2072442395310637]",62.72509355354787,4.783895966747039
"[-0.2112095278823065, -0.047419036178080534, 5.56454690121049, -0.21120952788061134]",62.79437374221129,4.7870391309827465
"[-0.21948610138099697, -0.06305050974840304, 4.737315656008869, -0.21948610138080177]",62.899125411406544,4.790182295218454
"[-0.23364533436362175, -0.07949367999912779, 4.097240901215667, -0.23364533436319268]",63.039795028260166,4.793325459454161
"[-0.2574955226682151, -0.09130343997808679, 3.6183790811203402, -0.2574955226680534]",63.24279358110339,4.7964686236898695
"[-0.35478824655346003, -0.11781706199403107, 2.540518736450948, -0.35478824655342184]",63.65394579908297,4.799611787925577
"[0.30647573450112175, 0.7349985120652431, -0.5388487049079056, 0.30647573450111615]",68.47270091207709,4.802754952161284
"[-0.08569670375695475, 1.6378272030233172, -0.6184246275911235, -0.08569670375696026]",71.87200494756377,4.8058981163969925
"[-0.23193893937550042, 3.519185884651716, -0.3313704919618929, -0.2319389393755038]",69.40667671082858,4.8090412806327
"[-0.8438563183847204, 0.1853795671237467, 0.5469266440606234, -0.8438563183847367]",63.839194199990736,4.818470773339823
"[0.1495857615212267, 4.127304785976558, -0.29337288245340504, 0.14958576152117867]",77.14423453348657,4.82161393757553
"[-0.04048422700858042, 4.047804992166402, -0.30106122558067405, -0.04048422700859807]",77.46490598861931,4.8247571018112385
"[-0.8494647626904483, 15.356834042064522, -0.06487748494074236, -0.8494647626904613]",75.00337083395226,4.827900266046946
"[-0.8729226125542147, 15.298975387644877, -0.06378213110519708, -0.8729226125542217]",74.74941621468463,4.831043430282653
"[-0.23681508947546767, 7.343040049261994, -0.17309252156778152, -0.23681508947589897]",75.10797846391634,4.8341865945183615
"[-0.3129419167194278, -0.15415256210075332, 2.6057482267004084, -0.3129419167193057]",69.68483497591015,4.837329758754069
"[-0.38102614385619854, 3.7333396412090694, -0.30212606107348255, -0.3810261438562212]",71.5903104599335,4.8436160872254845
"[0.33375415662833713, -0.4288452533218523, 1.0796571528092511, 0.33375415662833696]",86.30352999235055,4.846759251461192
"[-1.1947772845946283, 4.119203486201441, -0.11666702044950124, -1.1947772845946718]",89.80271417620818,4.849902415696899
"[0.9152155416433717, 0.6525351561588917, -0.13738700416442856, 0.9152155416433607]",77.08332390778881,4.8530455799326075
"[-0.191413255408363, -0.02028775837466212, 8.40052247675671, -0.1914132554051015]",80.65769029384548,4.856188744168315
"[-0.14645046532003583, 9.594390973527492, -0.13701094300644473, -0.14645046532010234]",85.21055646725733,4.859331908404022
"[-0.37185795612367656, 13.485546312095526, -0.0950114603597315, -0.37185795612374245]",84.7971818076586,4.8624750726397306
"[-0.4489105139388546, 14.833200254993798, -0.08463853320497654, -0.4489105139388711]",84.56864336858204,4.865618236875438
"[-0.44965421181545445, 14.710079299017394, -0.08528973347923101, -0.4496542118155883]",84.42969585252483,4.868761401111145
"[-0.39167931480422885, 13.487732352349795, -0.09443206704397233, -0.3916793148042983]",84.36460634484457,4.871904565346853
"[-0.26758817764707715, 11.175229824677722, -0.11647006311323331, -0.26758817764710496]",84.3918131305354,4.875047729582561
"[-0.005840471621713076, 7.136337017195272, -0.18168684297054427, -0.005840471621913048]",84.6243452780536,4.878190893818268
"[0.800167373214773, -0.009287005264912506, 6.525724625681869, 0.800167373234842]",79.11296413300876,4.881334058053976
"[0.40590424586315194, 0.7395825117402511, -0.5894539751094072, 0.4059042458631491]",80.20150932312988,4.884477222289684
"[0.15006006290064475, 3.381922654042165, -0.3476750196287189, 0.15006006290050064]",90.7880217357312,4.890763550761099
"[-0.19370717604660168, 7.131917414203282, -0.17910062751757538, -0.19370717604680493]",88.70738041936629,4.893906714996806
"[-0.6046361372521174, 15.788170916848117, -0.07453130238115475, -0.6046361372521816]",85.69874328818032,4.900193043468222
"[0.26180817206244955, 1.996675157979507, -0.517010741846352, 0.261808172062446]",78.6895437090823,4.903336207703929
"[-0.4249751572682617, 0.7561124870164083, -0.2887926146153763, -0.4249751572683153]",62.972748797280566,4.912765700411052
"[-1.193148579203584, 27.564343320733016, -0.024388558395035297, -1.1931485792039096]",84.20463863241146,4.9159088646467595
"[-0.6790783482959872, 17.00797520860828, -0.06661061585542638, -0.6790783482960524]",84.0804431243359,4.919052028882467
"[0.12376961204662473, 5.135800123218736, -0.2429582740311602, 0.12376961204656672]",84.89503363008251,4.922195193118175
"[-0.4676575078130893, 8.000556624100906, -0.14964173381761384, -0.46765750781319404]",83.29019520915872,4.9253383573538825
"[-0.5746453657461861, 0.4309289780392904, 0.4383248707384431, -0.5746453657462408]",72.10702154408548,4.92848152158959
"[-0.6411407672949442, 4.546913785746488, -0.22492473762083925, -0.6411407672949743]",86.9083682404055,4.931624685825298
"[-0.8411248110358732, 20.415233070894093, -0.04989249604709086, -0.8411248110363131]",87.80519515941626,4.9347678500610055
"[-0.36601946940203844, 11.75328448545631, -0.10838638308660227, -0.3660194694020804]",88.18031862309351,4.937911014296713
"[-0.21928508501282953, 7.303073354690574, -0.17451830323112347, -0.21928508501314606]",86.03947755937075,4.941054178532421
"[-0.4754499764129672, 12.011286008673128, -0.10232580503052477, -0.4754499764130692]",85.201587169881,4.947340507003836
"[-0.523618608727924, 12.252089256682064, -0.09845314747959402, -0.5236186087279342]",84.73110029954253,4.950483671239543
"[-0.06339075929810556, 6.264464090362504, -0.2042552468817639, -0.06339075929819572]",84.95748719843176,4.9536268354752515
"[0.1306143502263314, 4.216774791534332, -0.2886439498232408, 0.1306143502263046]",86.93943990524937,4.956769999710959
"[-0.20067138245945548, -0.0020071497772890315, 27.45340390937606, -0.20067138174417776]",69.4167288781606,4.959913163946666
"[-0.764405226432888, 2.387163597083132, -0.32918335389618686, -0.7644052264329141]",73.34802349847396,4.9630563281823745
"[-0.48365674699976813, 9.841868218152346, -0.12286114461061266, -0.4836567469998419]",84.53176181708578,4.969342656653789
"[-0.22516255894091955, -0.08473913871130492, 4.047954301043264, -0.2251625589404711]",82.42851918580203,4.975628985125205
"[0.2758868733384869, 0.7590460248866251, -0.58060006313125, 0.275886873338479]",84.45022423179512,4.978772149360912
"[-0.386094922885105, 7.7194102392783455, -0.15919928774461145, -0.38609492288514485]",85.64153281811659,4.9819153135966205
"[-0.548792724418768, 8.42705338054838, -0.13772445442754264, -0.5487927244188511]",84.78888717317211,4.985058477832328
"[-0.08666982070441329, 4.127475799006121, -0.2952678022605763, -0.08666982070442142]",86.813492870752,4.988201642068035
"[0.5841376143548392, 0.9216112606710182, -0.6127084518497724, 0.5841376143548355]",75.74452578830955,4.9913448063037436
"[-1.1101301220623716, 11.056455317788224, -0.06475540495063238, -1.11013012206239]",84.56427112564675,4.994487970539451
"[-0.8183474455677691, 0.8344477585623129, -0.2994364398657408, -0.818347445567772]",84.42038871528429,4.997631134775158
"[0.610284406941255, 0.08957631528982235, 1.0977357712478018, 0.6102844069412054]",81.8681532731616,5.000774299010867
"[-0.6537136730153841, 5.419766356728075, -0.1922736728196882, -0.6537136730155848]",85.3617197677509,5.003917463246574
"[-0.3655323234381532, 3.1577996230453405, -0.3488614124135132, -0.3655323234381803]",84.76420315152934,5.007060627482281
"[0.8572271774882875, -0.03215070247910069, 2.377871321233271, 0.8572271774882969]",80.23491569235969,5.01020379171799
"[-0.8480531350387843, 2.1942023354768594, -0.31302960303188876, -0.8480531350388363]",84.44856612027472,5.013346955953697
"[0.12863196562415422, 0.8795347203514824, -0.7542035897999214, 0.12863196562415344]",85.83954496269193,5.016490120189404
"[-0.9944183456027657, -0.48169683541121394, 1.0459502382003247, -0.9944183456027659]",85.52361934441866,5.019633284425112
"[0.413137535953905, -0.43196880186064646, 1.0153609150206342, 0.41313753595389147]",87.11810950973953,5.02277644866082
"[1.0462656745705192, 1.0854045059452995, -0.2134506285753957, 1.04626567457051]",86.90523341545071,5.025919612896527
"[0.6133787469420099, 2.4744398308440188, -0.36860122682201735, 0.6133787469419775]",86.85487134811608,5.029062777132235
"[0.45284778627483685, 3.4633567655627013, -0.31235462128117497, 0.4528477862748157]",86.70263970937923,5.032205941367943
"[0.3584888652082641, 4.282926121930299, -0.27102976311335, 0.3584888652082573]",86.59668697132625,5.03534910560365
"[0.29146032049947634, 4.998728582849563, -0.24158747430770713, 0.29146032049947435]",86.51934023951361,5.038492269839358
"[0.23938768606348818, 5.640006658516335, -0.21963893051004393, 0.2393876860634558]",86.46024998319925,5.041635434075066
"[0.19682346984340107, 6.22292948979695, -0.20261704391505753, 0.19682346984330906]",86.41375894584213,5.044778598310773
"[0.1609004333499192, 6.7575211643289785, -0.18900932167648027, 0.16090043334984303]",86.3765291140333,5.047921762546481
"[0.1299304361922931, 7.250427214997597, -0.17787744100215835, 0.12993043619228944]",86.34645079352846,5.051064926782189
"[0.10284105120409351, 7.70623419972876, -0.16860985846571508, 0.10284105120400082]",86.32211700049963,5.054208091017896
"[0.0789137525784044, 8.128168642181805, -0.16079125465004834, 0.07891375257833551]",86.30255035879874,5.057351255253604
"[0.05764804461698314, 8.518512945279237, -0.15412978142600678, 0.05764804461696539]",86.28705026898437,5.060494419489312
"[0.03868640212097077, 8.878846031400965, -0.14841487350838267, 0.03868640212090281]",86.27510355599567,5.063637583725019
"[0.021769362536249295, 9.210204258528258, -0.14349138737152883, 0.021769362535787887]",86.26632877156663,5.066780747960727
"[0.006707490666071853, 9.513190353731618, -0.1392432134011299, 0.006707490666059484]",86.26044046709266,5.069923912196435
"[-0.006636356190957748, 9.788040177074125, -0.13558268742169044, -0.0066363561911106945]",86.25722586890457,5.073067076432142
"[-0.018358635683063586, 10.034664862006542, -0.13244354490079316, -0.01835863568310869]",86.25652917780427,5.07621024066785
"[-0.028523097006504336, 10.25268230444066, -0.12977608551250702, -0.02852309700680867]",86.25824087214706,5.079353404903558
"[-0.03716587479613306, 10.441431459732264, -0.1275439445384131, -0.037165874797627375]",86.26229067999145,5.082496569139265
"[-0.0442985986819825, 10.59997439886876, -0.125721971845361, -0.04429859868281742]",86.2686431575512,5.085639733374973
"[-0.04991025276557287, 10.727093841014097, -0.12429487064507841, -0.049910252765699784]",86.27729537323764,5.088782897610681
"[-0.05396746004589543, 10.821274125000894, -0.12325658586994993, -0.05396746004592196]",86.28827618539744,5.091926061846388
"[-0.056413954808248214, 10.88068044360095, -0.12261020156726572, -0.05641395480854131]",86.30164764451206,5.095069226082096
"[-0.05716847355404582, 10.90311901984203, -0.1223685402128477, -0.05716847355406337]",86.31750782715302,5.098212390317803
"[-0.056121345980009056, 10.88598713633739, -0.12255543336219886, -0.056121345980127725]",86.33599620272767,5.101355554553511
"[-0.05312910238828276, 10.826203088951269, -0.12320793737737008, -0.05312910238923333]",86.35730170455331,5.104498718789219
"[-0.048006401800620505, 10.720110800970625, -0.12437985694423769, -0.04800640180067999]",86.38167499864194,5.107641883024926
"[-0.04051404574107164, 10.563349219759031, -0.12614722636400152, -0.0405140457417236]",86.40944646756917,5.110785047260634
"[-0.13817719898401482, 9.314267368781714, -0.14098148439490754, -0.13817719898431727]",73.71469575373992,5.113928211496342
"[-0.12901814714720317, 9.17830641070893, -0.14306249513287075, -0.1290181471477819]",73.74436472318827,5.117071375732049
"[-0.11760645880627307, 9.008271668531663, -0.1457341150631659, -0.11760645880628737]",73.77711568902572,5.120214539967757
"[-0.10362869279669518, 8.800419096208692, -0.14911119222164265, -0.10362869279688493]",73.81338097603303,5.123357704203465
"[-0.08668411459894677, 8.550267168411937, -0.15334942239856023, -0.08668411459908879]",73.85372232114956,5.126500868439172
"[-0.06624761478893004, 8.252361085724793, -0.15866497072318358, -0.06624761478896163]",73.89888546124958,5.1296440326748804
"[-0.0416091098701962, 7.899914337390135, -0.16536719141536463, -0.04160910987024926]",73.94988845476674,5.132787196910588
"[-0.011769454425157526, 7.48424596253481, -0.17391594766143031, -0.011769454425201697]",74.00817053419831,5.135930361146295
"[0.024751257941763697, 6.9938460727106495, -0.18502862751254262, 0.024751257941726893]",74.0758589038163,5.139073525382003
"[0.07029896484968208, 6.412725465093776, -0.19989612437135448, 0.07029896484962048]",74.15628400437865,5.142216689617711
"[0.12896655363995174, 5.717156099469848, -0.22066709548754196, 0.12896655363989085]",74.2550904981374,5.145359853853418
"[0.20900984057962538, 4.868288093202885, -0.2516894027182672, 0.20900984057957403]",74.38299405645398,5.148503018089126
"[0.3318323221127524, 3.791062851043218, -0.3032356370568492, 0.33183232211274444]",74.56413469237746,5.151646182324833
"[0.5963279647611368, 2.276740410682574, -0.39591660723385486, 0.5963279647609488]",74.86283892899414,5.154789346560541
"[0.18688186016249417, 0.014548690096085318, 1.3925987978160363, 0.18688186016245578]",75.1921804615445,5.157932510796249
"[0.0728906638883645, 0.880960046736523, -0.7183064256246032, 0.07289066388835867]",74.07050403484946,5.161075675031956
"[-0.8639933998338296, 0.6583424189538442, -0.1343378157767119, -0.8639933998338452]",74.41727681123233,5.164218839267663
"[-0.6247258942608109, 4.352860700458302, -0.23571967828069865, -0.6247258942608337]",72.84631810998725,5.167362003503372
"[-0.5904513775638481, 7.079371904529866, -0.15786570364221478, -0.5904513775638816]",76.37071966063834,5.170505167739079
"[-1.1034884878307687, 11.036023126174241, -0.06553055841203065, -1.103488487831011]",72.61460299427932,5.173648331974786
"[-0.29427083364334955, -0.8211046997291969, 1.2071958653825998, -0.2942708336433498]",74.80407798329232,5.176791496210495
"[-0.5484391764034359, 8.93931996421882, -0.13049931327747455, -0.5484391764035296]",73.26866122611405,5.179934660446202
"[-0.3307214646683883, 8.805414469682654, -0.14334522142603595, -0.3307214646683924]",76.92581925935114,5.183077824681909
"[-0.6671989993565621, 2.2939770354837705, -0.37100340175585034, -0.6671989993565782]",81.80422171916324,5.186220988917617
"[-0.9865198931212419, 16.61136793116291, -0.05265663862796255, -0.9865198931212675]",72.15997941232051,5.189364153153325
"[-1.082033410936306, 11.022220139757978, -0.06774139995138284, -1.082033410936529]",67.33516435281766,5.192507317389032
"[0.9198668609028446, 0.15270385137261888, 1.0743198959620388, 0.919866860902802]",67.56658899652383,5.198793645860448
"[-0.16407819041231048, 7.484461185261857, -0.17208395247904332, -0.1640781904123943]",72.5667660187049,5.201936810096155
"[-0.18978693570754693, 8.166417220371459, -0.15823773090294074, -0.1897869357076735]",73.07727524918717,5.205079974331863
"[0.08715166505435311, 3.962351908075799, -0.3058607590510163, 0.08715166505430581]",73.23335106240168,5.208223138567571
"[-0.8514867471892666, 20.695158125644394, -0.048823318745403646, -0.8514867471893762]",75.18065739478783,5.211366302803278
"[-1.2156983054522499, 3.900662043484115, -0.11369245810495514, -1.2156983054523283]",60.86185517571145,5.214509467038986
"[-0.4386805661652401, 0.07010925902155553, 1.957587208609566, -0.438680566165246]",56.058949744459554,5.217652631274694
"[-0.7504936676210598, 0.020872111638038607, 0.9204198742347266, -0.7504936676210748]",64.37386157279983,5.220795795510401
"[-0.6298421445107957, -0.5537592503811247, 1.1914466070715295, -0.6298421445107962]",63.39337552657635,5.223938959746109
"[0.6134776630731255, 1.0136535175168047, -0.5858789989604938, 0.6134776630731249]",67.23423487550973,5.227082123981817
"[0.2673671468699523, 2.779997672030006, -0.39908146411033957, 0.2673671468699097]",73.08840207383757,5.230225288217524
"[-0.2920162958424194, 6.430200194449512, -0.1929831231581371, -0.2920162958424301]",72.69713796248851,5.233368452453232
"[-0.23869353365454965, 6.269756128658485, -0.19975238441373272, -0.23869353365460136]",73.06082577548274,5.23651161668894
"[0.7990439217508004, -0.005732201325461293, 8.265901347101243, 0.7990439217892298]",67.43625850463073,5.239654780924647
"[-1.1298600021579075, 0.22542083819624623, 0.3791610452620906, -1.129860002157912]",72.18427605882188,5.242797945160355
"[-0.4419235609799065, 3.8936218103042224, -0.2847994643368954, -0.44192356097993074]",72.05899237339926,5.245941109396063
"[-0.2293313701148299, -0.0536418009107961, 4.929514972299516, -0.2293313701126467]",69.88005173088816,5.24908427363177
"[0.14587992501168487, 1.0779974108974597, -0.8062365560351229, 0.14587992501168282]",75.27502002203502,5.252227437867478
"[-0.7553633046602026, 0.7384314769483462, -0.24869149360259862, -0.7553633046602037]",68.26256555789756,5.255370602103185
"[-1.1095653290095882, 3.9769833554751592, -0.1441790250602443, -1.1095653290095913]",77.41430303715636,5.2585137663388934
"[0.38345475530432066, 2.99786014971987, -0.3615281967729332, 0.38345475530426293]",74.39635672491879,5.261656930574601
"[-0.06760993819902619, 6.708336485259686, -0.1918998016346707, -0.06760993819908806]",73.74139933427655,5.264800094810308
"[-0.20443619480743255, 8.256402537017955, -0.1562878060589816, -0.2044361948074741]",73.48441160061425,5.2679432590460165
"[-0.2488071223009511, 8.734442243351019, -0.14718218205108796, -0.2488071223009706]",73.33886743259247,5.271086423281724
"[-0.2299125256554155, 8.417085007063603, -0.15285856217554342, -0.2299125256554664]",73.26694676664886,5.274229587517431
"[-0.14796960251252814, 7.369093485150005, -0.1749021788470422, -0.1479696025126958]",73.27436048015713,5.2773727517531395
"[0.03451990669396343, 5.416314524300926, -0.23308134113422802, 0.03451990669392482]",73.42149881652803,5.280515915988847
"[1.096624323555348, 0.8052254159143413, -0.08038983026007451, 1.096624323555334]",73.85437947761113,5.283659080224554
"[-0.5180826733525097, -0.7794389827602749, 1.22411929128513, -0.5180826733525126]",74.06634789469014,5.2868022444602625
"[1.115693029859106, 0.5092213010325729, 0.17328150560014166, 1.115693029859065]",71.2109009420218,5.28994540869597
"[-0.08660758592579128, 1.8440763511937708, -0.5675122728039551, -0.08660758592581203]",69.10022223916191,5.2962317371673855
"[0.5375586210227863, 2.255801271899366, -0.41517548652885383, 0.53755862102269]",77.5702527299662,5.299374901403093
"[-0.32020986602056356, 3.448189611161808, -0.329439411277615, -0.3202098660205696]",74.7077855478064,5.3025180656388
"[-0.7564378062336216, 2.9750246553976565, -0.2860197921131987, -0.7564378062336373]",64.96070853055065,5.3056612298745085
"[-0.20202463282569957, -0.009921751911508736, 12.484125623752497, -0.20202463279914543]",57.697562447745945,5.308804394110216
"[0.26285432152558763, 0.34359890204804416, 0.5224701416242551, 0.262854321525575]",59.688834342173465,5.311947558345923
"[-0.21519666637339752, 11.71330104366824, -0.11251015048501782, -0.2151966663734711]",75.75702022688188,5.318233886817339
"[-0.4267593008558026, 1.970176235287532, -0.48597630112174356, -0.42675930085580926]",66.22780192062832,5.321377051053046
"[-0.6285797001664294, 7.997082700671758, -0.13849063893294739, -0.6285797001664947]",65.95454347032441,5.3245202152887545
"[0.15611786887603912, 5.801526158483053, -0.21709453426627004, 0.15611786887603873]",78.06340368867465,5.327663379524462
"[-0.5573917870474995, 19.42913021872581, -0.06254402272074645, -0.5573917870477652]",76.18035914458379,5.330806543760169
"[1.1980816424515621, 0.3350045889374583, 0.4326916171120588, 1.1980816424515583]",76.78820425690505,5.333949707995877
"[0.3515583378004209, 0.370316460581293, 0.34864577449773393, 0.35155833780039575]",74.74883599749295,5.340236036467292
"[-0.355654242843796, 10.028731589301382, -0.12615147992938486, -0.35565424284390956]",72.34531149840568,5.343379200703
"[0.326016614486857, 3.8490895898164315, -0.29989619925240185, 0.3260166144868366]",74.40758804016957,5.346522364938708
"[-0.30597014929387756, 12.18465641901241, -0.1064334008754872, -0.3059701492939789]",73.3418385326337,5.349665529174415
"[-0.27890985455151934, 11.508363138010195, -0.1130200333468535, -0.2789098545516067]",73.13636797421006,5.352808693410123
"[0.14016180231739472, 5.419747857204545, -0.23118232308486536, 0.1401618023173349]",73.47957527339081,5.355951857645831
"[0.1604290860255765, 3.5773845862204534, -0.33108091786421107, 0.16042908602555137]",73.20531588308894,5.359095021881538
"[-0.6010201787137207, 2.5379833930664812, -0.36467717671343647, -0.6010201787137298]",62.10666634142225,5.362238186117246
"[-0.4039781303835932, 9.10236542093883, -0.1360086287101484, -0.4039781303836576]",75.31913534205114,5.365381350352954
"[0.7175516009298254, 0.4195190315555325, 0.19066467806251466, 0.7175516009298207]",55.864824324560566,5.368524514588661
"[-0.4151035716541021, 11.060418564004541, -0.11301014319563205, -0.4151035716542148]",76.447195938657,5.371667678824369
"[-1.1225653226132675, 18.996095495988712, -0.038857416305032824, -1.1225653226135375]",68.07261806356588,5.374810843060077
"[-0.4712500498930441, 0.7246967781101041, -0.22635832846475246, -0.471250049893048]",51.55743857728746,5.377954007295784
"[-0.8228634436256478, 19.793320738292966, -0.05215596255769995, -0.8228634436258745]",72.7821636525201,5.381097171531492
"[-0.11143477585282713, 1.8992065766155564, -0.5535369714660334, -0.11143477585284911]",67.05062872555798,5.384240335767199
"[-0.46119185374447863, 13.319612360210881, -0.09332153250597128, -0.4611918537446068]",76.57036335329822,5.387383500002907
"[-0.9232985679665511, 9.655341444961012, -0.09269900788719726, -0.923298567966651]",76.37759169304013,5.390526664238615
"[-0.46773995306261756, 9.87217516629261, -0.123286860477819, -0.467739953062697]",77.90072726321597,5.393669828474322
"[-0.34894029446565944, 10.276861814694104, -0.12353710354522958, -0.34894029446578806]",74.32956248433837,5.3968129927100295
"[-0.06572422888953462, 6.309951412002072, -0.2028964417734778, -0.06572422888961427]",73.87469163764489,5.399956156945738
"[-0.2199937746062355, -0.03909089318363131, 5.873662505529617, -0.2199937746056297]",58.58112457846241,5.403099321181445
"[0.8094574816497772, 0.0012114856798594105, 6.429340081007443, 0.8094574816488204]",63.832830444490845,5.4062424854171525
"[0.1402997472833041, 0.8444992034604617, -0.6914221019986773, 0.14029974728330066]",73.72435343805839,5.409385649652861
"[-0.47202853116305804, 9.97227495418597, -0.1219321841056842, -0.47202853116311194]",77.16949940829096,5.412528813888568
"[-0.5443625220640774, 9.036907411130265, -0.12945375954178207, -0.5443625220640997]",74.22518637655332,5.4156719781242755
"[0.8105576328136753, 0.6130510517586707, -0.16708864995862113, 0.8105576328136662]",71.22215493062775,5.418815142359983
"[-1.1535132172964842, 11.495488876647807, -0.0582746009926536, -1.1535132172967113]",73.46322812968583,5.421958306595691
"[-0.7193818433057302, 2.918505903554328, -0.3000137612359001, -0.71938184330575]",78.28982309558096,5.4251014708313985
"[-0.6582915140168251, 4.474240642580409, -0.22536807291235295, -0.658291514016841]",73.58351988668322,5.428244635067106
"[-0.4793042326371038, 2.614029618264754, -0.38491669792411004, -0.47930423263726074]",75.75639124687983,5.431387799302813
"[-0.133806211490644, 0.9473790577512927, -0.7006143841671687, -0.13380621149065022]",74.77415330975036,5.4345309635385215
"[0.1699163201644629, -0.048553248355836756, 1.5020690689465903, 0.16991632016446015]",75.98265946510529,5.437674127774229
"[0.6201914068311856, 2.3350875103285937, -0.38200161215144846, 0.6201914068311372]",75.6293393602843,5.440817292009936
"[0.3619548484717539, 3.9600614677373667, -0.28943198128208153, 0.36195484847171655]",75.3482089265193,5.4439604562456445
"[0.24068077253944734, 5.165736997627917, -0.2374146124931709, 0.24068077253943246]",75.17999368341498,5.447103620481352
"[0.160390515828371, 6.15317114328309, -0.20577821509281774, 0.16039051582836503]",75.06250200743298,5.450246784717059
"[0.1003554682265856, 6.9936112073028465, -0.18434182966171697, 0.10035546822656082]",74.972612148489,5.4533899489527675
"[0.05264249937323566, 7.723278040248356, -0.16878263852570483, 0.052642499373111135]",74.90011401621707,5.456533113188475
"[0.013357580518630376, 8.363883236851224, -0.15696102093230233, 0.013357580518627253]",74.83965572882323,5.459676277424182
"[-0.019707247890886112, 8.929809000217778, -0.14768954833411355, -0.019707247891180068]",74.78809453249009,5.4628194416598905
"[-0.047928606134336395, 9.431245831499231, -0.1402521431121732, -0.047928606134476796]",74.74343495122429,5.465962605895598
"[-0.07222660098802945, 9.875809851306668, -0.1341887680411094, -0.07222660098833177]",74.70433439407472,5.469105770131305
"[-0.09324976324204987, 10.26943926954526, -0.12918897193134937, -0.09324976324229758]",74.6698497136369,5.4722489343670135
"[-0.1114758282430248, 10.61694442307333, -0.12503465686514262, -0.11147582824304787]",74.63929518013468,5.475392098602721
"[-0.12727008363087666, 10.922353646369796, -0.12156742254149308, -0.1272700836309213]",74.61215878094947,5.478535262838428
"[-0.1409219120991305, 11.189156966190994, -0.1186687497953281, -0.14092191209915791]",74.58804890229788,5.481678427074136
"[-0.1526677192169155, 11.420462894250932, -0.11624766406133595, -0.15266771921704517]",74.56666089494398,5.484821591309844
"[-0.1627072811532657, 11.619130275591075, -0.11423246327577129, -0.1627072811532792]",74.5477527189803,5.487964755545551
"[-0.1712143881952758, 11.787851267669204, -0.11256527180650153, -0.17121438819531384]",74.53112947799461,5.491107919781259
"[-0.178344925116727, 11.929223276463674, -0.11119814618597967, -0.17834492511683545]",74.51663150802352,5.494251084016967
"[-0.1842426460886553, 12.045800810700799, -0.11009031332561846, -0.18424264608873556]",74.50412612370101,5.497394248252674
"[-0.1890435874413456, 12.140137063261532, -0.10920612158451903, -0.18904358744139996]",74.4935012104521,5.500537412488382
"[-0.1928790120688057, 12.214807543844262, -0.10851357466373232, -0.19287901206889377]",74.48466144119841,5.50368057672409
"[-0.19587761818946034, 12.2724266098076, -0.10798321534898529, -0.19587761818952454]",74.47752526302551,5.506823740959797
"[-0.19816648050299435, 12.31564403752234, -0.10758739697387687, -0.198166480503039]",74.47202409361954,5.509966905195505
"[-0.19987098060798078, 12.347125043510038, -0.10729985797272049, -0.199870980608099]",74.46810292432912,5.513110069431213
"[-0.20111328706802736, 12.369503987141474, -0.10709565846032656, -0.20111328706810258]",74.46572310941885,5.51625323366692
"[-0.2020091159666723, 12.385305437065211, -0.10695151816845645, -0.20200911596674834]",74.46486765536524,5.519396397902628
"[-0.20266218977849984, 12.396820155898142, -0.10684665676862769, -0.2026621897785046]",74.46554982365855,5.522539562138336
"[-0.20315572187540124, 12.405921268028768, -0.10676425642611537, -0.20315572187549924]",74.46782584883302,5.525682726374043
"[-0.20353991344648562, 12.413798531975761, -0.10669372426400071, -0.20353991344659222]",74.471813119707,5.528825890609751
"[-0.20381416001137528, 12.420581709325926, -0.10663398344648543, -0.2038141600115119]",74.47771543152929,5.531969054845459
"[-0.20390192722846415, 12.42480835918437, -0.10659816225939152, -0.20390192722847725]",74.48585775963681,5.535112219081166
"[-0.2036152584878736, 12.42267102566227, -0.10662027942629454, -0.20361525848801182]",74.49673438087062,5.538255383316874
"[-0.20260371336406724, 12.406937899588812, -0.10676506823976402, -0.20260371336411057]",74.5110767561548,5.541398547552582
"[-0.20027846226744175, 12.365370078136513, -0.10714323517677057, -0.20027846226746684]",74.5299534661768,5.544541711788289
"[-0.19569384919802074, 12.278322349438243, -0.10793706790188821, -0.19569384919805483]",74.55492549444106,5.547684876023997
"[-0.18735008030237932, 12.11493804125241, -0.10944762780762679, -0.18735008030244835]",74.58830778667209,5.550828040259705
"[-0.1728350564681202, 11.82673301630483, -0.11219162529400359, -0.17283505646815145]",74.63365533642258,5.553971204495412
"[-0.14809798525319282, 11.335874763218824, -0.11712722021489673, -0.1480979852533397]",74.69677888355369,5.55711436873112
"[-0.10572051044392727, 10.511051845398189, -0.12627852016333857, -0.1057205104451413]",74.78824507200181,5.560257532966827
"[-0.029633662365847597, 9.107532800157895, -0.14497633024786016, -0.02963366236590255]",74.93119433925969,5.563400697202535
"[0.1310580091757063, 6.554688333788121, -0.1950016765896976, 0.13105800917565796]",75.199565277265,5.566543861438243
"[0.5883798500746955, -0.7512932604512093, 0.9799946359447971, 0.5883798500746923]",75.4381154109725,5.56968702567395
"[-0.14624931567909022, 0.669588124739747, -0.07236921270300298, -0.14624931567911262]",64.45744471817571,5.572830189909658
"[-0.5012645249378711, 12.249973491304008, -0.09941135792888989, -0.501264524937976]",74.22650963730625,5.575973354145366
"[0.7001031658050569, 1.2326162997119972, -0.4969256381537439, 0.7001031658050556]",59.69066480520538,5.579116518381073
"[-1.0478743169063465, 2.9763814091834218, -0.19284754158005082, -1.0478743169063567]",76.6667866947291,5.582259682616781
"[-0.027961559478737994, 6.286191261384914, -0.2038808468924999, -0.027961559478812577]",74.28722869700043,5.585402846852489
"[0.0641201610922834, 6.487703034634003, -0.19786355904698427, 0.0641201610922114]",74.78942464303661,5.588546011088196
"[-0.18573611742731796, 4.820480540538665, -0.254876183277489, -0.1857361174273726]",78.64718003416102,5.591689175323904
"[-0.7673176978740928, 8.524021501289718, -0.11919181821427591, -0.7673176978740941]",64.04895741354487,5.594832339559612
"[-0.23095085950917996, -0.1815705186761585, 2.6945603012970083, -0.23095085950907318]",60.500958808434106,5.597975503795319
"[-0.8933930246419053, 33.35429897358405, -0.029723243154645623, -0.8933930246420431]",76.88418628328525,5.601118668031027
"[0.23112189795350171, 1.5280357517654843, -0.6328328536044554, 0.23112189795350085]",59.11701271060352,5.604261832266735
"[0.7722192816745224, -0.02321855123002358, 3.255868480814358, 0.7722192816747872]",64.940936948704,5.61054816073815
"[-0.3717301140346332, 7.141093301138285, -0.17168428231692476, -0.37173011403467426]",61.14413133068964,5.613691324973858
"[-0.8828492440729091, 15.752720540733575, -0.061501644195509374, -0.8828492440729865]",64.42894655038182,5.616834489209565
"[0.6196419550919413, 0.37645930061893335, 0.26993541770583723, 0.6196419550918436]",56.89810736396173,5.623120817680981
"[-0.8745994506111732, 20.797243945507308, -0.047633249707958875, -0.874599450611378]",75.6778405605552,5.626263981916688
"[-0.4330971279873573, 19.3660179489182, -0.06592856373915751, -0.43309712798742156]",77.17918028870383,5.629407146152396
"[-0.8147771362574706, 30.8517112542651, -0.03423654740239159, -0.8147771362574955]",77.07384029417187,5.632550310388104
"[0.6210093362623264, 0.7982870535287585, -0.5354722640507107, 0.6210093362623214]",60.747445253433234,5.679697773923718
"[-0.8006921982755636, -0.17733251809014003, 0.974532594874688, -0.8006921982755741]",44.14497525683173,5.682840938159425
"[-0.7909673593418806, -0.18751362826044726, 0.9944301492728247, -0.7909673593418818]",44.14307312112728,5.685984102395133
"[-0.8847206173154034, -0.024251547088978503, 0.7425672224478841, -0.8847206173154126]",44.161260480186286,5.689127266630841
"[-0.7814569264950594, 9.13498414794059, -0.1107637764113502, -0.7814569264951045]",66.86961162814654,5.701699923573671
"[0.053119068211338355, 8.292185766115052, -0.15805563278989376, 0.0531190682112985]",77.29558209587492,5.704843087809379
"[-0.4769718650169491, 20.73271179919896, -0.06076793206190013, -0.47697186501697425]",76.19824035233613,5.707986252045087
"[-0.1831165219916479, 12.800607208462477, -0.10394515539222372, -0.18311652199179515]",89.42923824647698,5.711129416280794
"[-0.19910076806569962, -0.0006487913457504216, 37.955047755965026, -0.19910076766060972]",61.38904163713015,5.714272580516502
"[0.2694611665674191, 1.5223028498767508, -0.6264776888776901, 0.2694611665674152]",55.50871626863905,5.717415744752209
"[-0.9074777468499445, 45.16538674687529, -0.02183851585828018, -0.907477746850595]",85.99369904947501,5.720558908987917
"[-0.3920679209201678, 9.372223354285357, -0.1328885588210591, -0.3920679209201986]",68.27750287002613,5.723702073223625
"[0.10951315377068556, -0.9711061863578694, 1.1144058968665338, 0.10951315377067605]",86.4176553931424,5.72998840169504
"[-0.8155926979513084, 25.33885463525616, -0.04139181335362877, -0.8155926979513128]",90.33392701487367,5.736274730166455
"[0.10707233326385639, 4.723270803497393, -0.2620404294945518, 0.10707233326383671]",87.77398725550192,5.739417894402163
"[0.2508849248616446, 0.6816775127930157, -0.36190003723737224, 0.2508849248616297]",88.71195360966249,5.742561058637871
"[0.04411526444758336, 11.213772334282208, -0.11922981659558256, 0.04411526444666627]",89.74226665387306,5.745704222873578
"[-0.17731915833383002, 18.318659744269898, -0.07382803425750857, -0.17731915833403664]",89.4923134536748,5.7488473871092864
"[-0.2932268750487775, 22.810112416677885, -0.05852191887490221, -0.2932268750490015]",89.3936890436636,5.751990551344994
"[-0.36598567312178404, 25.84474250646712, -0.05090547292133619, -0.3659856731218494]",89.34992506731,5.755133715580701
"[-0.41153612108755344, 27.820878877285512, -0.046744567417144646, -0.41153612108790766]",89.33599392951123,5.7582768798164095
"[-0.4363884716628173, 28.92814800221956, -0.04463533335578477, -0.4363884716629257]",89.3417481315614,5.761420044052117
"[-0.44368766582961067, 29.269270799759706, -0.04401821352519113, -0.44368766582979113]",89.36244723274288,5.764563208287824
"[-0.43491572262064815, 28.89987464879548, -0.04470013179766942, -0.4349157226206605]",89.39606265561181,5.7677063725235325
"[-0.4104100343279185, 27.84197891403625, -0.04672671115432161, -0.4104100343280751]",89.44243877130158,5.77084953675924
"[-0.36933218106987953, 26.084235955145253, -0.05040355174310946, -0.36933218107014004]",89.50331493002913,5.773992700994947
"[-0.3090582416232804, 23.569324303272435, -0.05648947449488964, -0.30905824162359724]",89.5832523657932,5.7771358652306555
"[-0.22321613860708925, 20.156305648948873, -0.06686360051892297, -0.22321613860727732]",89.69266048566892,5.780279029466363
"[-0.09433106448735193, 15.502343414647088, -0.08739880818644954, -0.0943310644873824]",89.85908647841264,5.78342219370207
"[0.1589712924835875, 8.474190954247426, -0.15356049213679487, 0.15897129248354025]",90.2057644383397,5.786565357937778
"[-0.37009953756411873, 5.217136592493476, -0.22746540354665942, -0.3700995375641644]",88.88332325525755,5.789708522173486
"[-0.03471339909669397, 7.470940710143744, -0.17412766997564894, -0.034713399096698745]",89.28063789404729,5.792851686409193
"[-0.3916505961812618, 13.698633193172698, -0.09305271203270686, -0.39165059618136755]",91.5169734031036,5.795994850644901
"[-0.1598190321135668, 13.489770757404159, -0.09919039661866474, -0.1598190321137374]",89.76904997505748,5.799138014880609
"[-0.47115773402226646, 11.538686230802755, -0.10643567519821172, -0.47115773402230854]",79.0146324465964,5.802281179116316
"[0.19631851393179323, 6.774737483257463, -0.1876146499877888, 0.19631851393176727]",89.0146928769988,5.805424343352024
"[-0.8178068129067204, 41.72656479005048, -0.025450454117316054, -0.8178068129074338]",91.66601375831272,5.808567507587732
"[0.7570547114688756, -0.04246197446437523, 2.4977357603187573, 0.7570547114690546]",74.9660176857014,5.811710671823439
"[-1.0864380213293268, 32.67150409174625, -0.024472002392220416, -1.0864380213315323]",83.41386525976401,5.814853836059147
"[-1.1110745434998792, 3.3976695656097546, -0.15790138846628973, -1.1110745434998814]",55.38863263998434,5.843142314180516
"[-0.6663286092732622, 7.750551235737788, -0.13925619211147466, -0.6663286092732994]",54.89302511087631,5.852571806887639
"[0.7684908904956933, 0.47067823086468935, 0.08243181401056213, 0.7684908904956871]",48.54871623600844,5.855714971123347
"[-0.5658413069719866, 1.9624341368503686, -0.44581727415561345, -0.5658413069719985]",52.289504120162576,5.858858135359054
"[-0.6445407541657161, 25.91795322095602, -0.04532549316511484, -0.6445407541659834]",75.81132118757895,5.865144463830469
"[-1.027269041425889, 37.274894420644294, -0.0232277769589239, -1.0272690414261036]",75.20759264973101,5.868287628066177
"[-0.3463005516362666, 16.849170988582884, -0.07737534987083691, -0.346300551636296]",75.61516146682392,5.871430792301885
"[-0.9613652743108759, 0.1146854685091002, 0.5193789454658545, -0.9613652743108836]",54.83455334891799,5.874573956537592
"[-0.7668506457744019, 19.43543349719599, -0.05536800661349009, -0.7668506457744101]",83.9279058343319,5.8777171207733
"[0.796807942700478, -0.009714277422079923, 6.2160631072512755, 0.7968079427116416]",56.769668724916215,5.880860285009008
"[-0.18184515456994924, -0.07803598604057295, 4.270328807495569, -0.18184515456993677]",68.38208201872501,5.893432941951838
"[0.16359069824567074, 7.7802690986077, -0.16607089063967057, 0.1635906982456214]",85.50281959029742,5.8965761061875455
"[-0.1385924551085507, 15.403173581102864, -0.08760115605315306, -0.1385924551085556]",85.13087229998202,5.899719270423254
"[-0.1679852369259766, 16.301391338998275, -0.08269150809062405, -0.1679852369259982]",85.10000201750114,5.902862434658961
"[0.2395602629791756, 6.420971273915419, -0.1954654476271394, 0.23956026297915436]",85.62261273074728,5.9060055988946685
"[-0.4928337435969464, 19.19678258394385, -0.06504262097182227, -0.49283374359708565]",84.32379637430826,5.909148763130376
"[-0.050849051626379316, 0.9776748804575845, -0.7658317451131195, -0.05084905162638084]",87.3908016004637,5.912291927366084
"[-0.6041072056100993, 9.544655353150038, -0.11945846426818017, -0.6041072056102077]",81.12027781573826,5.9154350916017915
"[-0.6188184097368997, 5.226764414309535, -0.2027224577505003, -0.6188184097369628]",84.76413828622672,5.953153062430283
"[-0.5810001278936205, 17.23497623755875, -0.06937361689652231, -0.5810001278938355]",90.80979434271597,5.956296226665991
"[-0.04763353668691648, 13.927910876621619, -0.09705743283645855, -0.047633536687052135]",91.79025072427206,5.959439390901698
"[-0.12235245235762897, -0.49718582390259686, 1.4888911675404397, -0.12235245235762464]",87.38811839409314,5.962582555137406
"[-0.31512771490800207, 18.677778388354554, -0.07063593113275446, -0.31512771490830604]",87.1937361643937,5.968868883608821
"[-0.3235957840357213, 14.961500685299622, -0.08720020781710493, -0.32359578403584294]",81.53808991666662,5.972012047844529
"[0.7266968034795007, 2.045763708091486, -0.3781132893679683, 0.7266968034794951]",85.50722165607192,5.975155212080237
"[-1.1033595693065386, 53.91203699018729, -0.014706597558784746, -1.1033595693068774]",87.44303132263794,5.981441540551652
"[-0.459876295141751, 13.367003800746923, -0.0930539619278718, -0.45987629514181266]",75.70291571221136,5.98458470478736
"[-0.32614600969993185, 17.921067066833068, -0.0733061321677425, -0.326146009699997]",90.17577176776658,5.987727869023067
"[-1.1218258159810637, -0.28018165361089675, 0.8831956929747962, -1.1218258159810766]",90.22271346170834,5.990871033258775
"[-0.3401098830782734, 24.94729369958038, -0.053051615252057725, -0.34010988307848106]",90.3100278738002,5.994014197494483
"[-0.5836373305488187, 35.81288081624153, -0.03413153918322649, -0.5836373305489058]",90.07377942757822,5.99715736173019
"[-0.7334738789831252, 42.92228374920098, -0.026281450612079208, -0.7334738789832148]",89.93747273905784,6.000300525965898
"[-0.829928345539471, 47.58808149706604, -0.022166168032106155, -0.8299283455410122]",89.84237096777912,6.003443690201606
"[-0.8868177385056077, 50.3427481664124, -0.020005207560930632, -0.8868177385057412]",89.77151542626513,6.006586854437313
"[-0.9116182992284585, 51.51249862739843, -0.019126422388504344, -0.9116182992298624]",89.71844340336455,6.009730018673021
"[-0.9096273223334462, 51.350970763069014, -0.019220738897561002, -0.909627322336715]",89.68052469369327,6.012873182908729
"[-0.8850684644670225, 50.073538148910316, -0.02014163395101993, -0.8850684644673183]",89.65686286568963,6.016016347144436
"[-0.8413175077268219, 47.86145199787389, -0.0218430752963148, -0.8413175077282612]",89.64755765498133,6.019159511380144
"[-0.7808345775506874, 44.85690524171131, -0.02436986613194779, -0.7808345775516161]",89.65353565109334,6.022302675615851
"[-0.7049557522979131, 41.15521536666253, -0.027885018276761295, -0.7049557522986312]",89.67674544086611,6.025445839851559
"[-0.6134834939896822, 36.793148598366614, -0.03275560582798868, -0.613483493989901]",89.72079813884373,6.028589004087267
"[-0.5037302004645846, 31.725198026547833, -0.0397918848175752, -0.5037302004648802]",89.79255940081313,6.031732168322974
"[-0.3677149255953293, 25.76071265894391, -0.051042273608689605, -0.36771492559540264]",89.90668553398338,6.034875332558682
"[-0.1805999974294294, 18.34494331832181, -0.07369397823921144, -0.1805999974296257]",90.10379558355811,6.03801849679439
"[0.22790172664591818, 7.036154647688543, -0.18027751497403985, 0.227901726645907]",90.64266876966934,6.041161661030097
"[-0.8478599123369586, -0.06506424063166254, 0.8285813416882106, -0.84785991233696]",78.66496432919617,6.044304825265805
"[1.1663536255584508, 0.47744495624057937, 0.24259430069169902, 1.1663536255584426]",90.80001320802609,6.047447989501513
"[-1.1281744790272001, 0.12888989164339723, 0.47427553569102426, -1.1281744790272028]",84.80642243354042,6.05059115373722
"[-0.37513586748013655, 16.314078512865198, -0.07916523528902379, -0.3751358674803159]",93.65203005723532,6.053734317972928
"[-0.24121425684127715, 17.626627177309658, -0.07585525892364987, -0.24121425684150785]",89.36010904147756,6.056877482208636
"[0.15808621781523022, 7.161855228653584, -0.17931148749861978, 0.1580862178152107]",93.72300080745467,6.060020646444343
"[0.018560728530489224, 5.802389842604336, -0.21920564890705377, 0.018560728530444597]",77.19081394819102,6.063163810680051
"[-0.7238287303097851, 4.865825120636972, -0.20046703438849206, -0.7238287303097952]",84.70540269937672,6.066306974915759
"[0.006313343594272382, 10.086789451222506, -0.13181656973788786, 0.006313343594214369]",88.53759047227742,6.069450139151466
"[-0.45609642072142736, 10.090441143415447, -0.12134493885411274, -0.456096420721537]",75.84641541364108,6.072593303387174
"[-0.7096896164309239, 36.631152665987756, -0.031158269299158815, -0.7096896164312795]",86.98077727539369,6.075736467622882
"[-0.9346536363261777, 46.81653305599104, -0.020549738106131425, -0.934653636326662]",87.23225052421634,6.078879631858589
"[-0.3676931497612483, 14.999717107951797, -0.08596639547452349, -0.3676931497613834]",82.08288343545843,6.088309124565712
"[-0.21980131983803228, 11.650928464060833, -0.11299208573977289, -0.21980131983813084]",77.34798721293357,6.09145228880142
"[-1.0905708074499187, 39.38977655185672, -0.02031384237841789, -1.090570807451304]",78.4100085112021,6.094595453037128
"[-0.5676758260663988, 11.64503754683158, -0.10118206557355848, -0.5676758260664585]",63.48327330205984,6.097738617272835
"[-0.19725467113540865, 9.087346488558735, -0.1431528878184813, -0.19725467113588044]",84.3201673618513,6.1008817815085425
"[0.48974600632453097, 1.185510679624796, -0.6393847885863035, 0.489746006324526]",82.86425718799954,6.104024945744251
"[-0.6300633321680358, 5.373747158312406, -0.19659875514357011, -0.6300633321680441]",86.54973190653344,6.107168109979958
"[-0.4607854976679235, 4.41112772435825, -0.2542483384888878, -0.4607854976679507]",86.09403650688886,6.1103112742156656
"[-1.163791861799666, 27.189633616746857, -0.025980143785309905, -1.16379186179995]",85.95645093233968,6.113454438451374
"[-0.6024338340303411, 13.595320739871992, -0.08596934334093864, -0.6024338340304398]",86.22387028236126,6.116597602687081
"[-0.5491349687761498, 0.856924625483294, -0.43826918507878343, -0.5491349687761554]",86.49136265570982,6.119740766922789
"[0.285397585347183, 5.493952496412434, -0.22256225254959322, 0.2853975853471517]",87.71908692504755,6.122883931158497
"[0.05222455220509737, 9.608152584522704, -0.1378148296138454, 0.05222455220494013]",87.51586068349555,6.126027095394204
"[0.1378252767028367, 7.901183382213984, -0.16422922778670984, 0.13782527670276587]",87.76884260654145,6.129170259629912
"[0.1955168110880247, 0.09535027882398546, 1.2439153739417699, 0.19551681108800145]",88.3524317818205,6.13231342386562
"[-1.0627338088908285, 32.101251405444096, -0.025684241394401168, -1.0627338088921603]",86.65626260942466,6.135456588101327
"[0.5240485605333133, 2.673994652275284, -0.36938398451336146, 0.5240485605332907]",90.22522604358416,6.138599752337035
"[0.18360624960559432, 5.739059887256775, -0.21837247389932365, 0.18360624960555103]",86.73874575553874,6.14488608080845
"[-0.8260175153326079, -0.5265351689018106, 1.082907749965526, -0.8260175153326159]",86.64841397464868,6.148029245044158
"[-0.5216967552777477, 1.29332252615418, -0.5710331363365517, -0.5216967552777528]",86.16455577612372,6.151172409279865
"[0.11057652826375113, 7.563403932147072, -0.1714257844401566, 0.110576528263644]",87.06092119295123,6.154315573515572
"[-0.38278708533415035, 7.045244410067867, -0.1731985578736934, -0.3827870853341869]",78.04273840114723,6.160601901986988
"[0.7161187933351942, 0.06740281799463835, 1.703585943860429, 0.7161187933349807]",65.79218006929598,6.163745066222695
"[-1.1405210744690424, 26.571542751567584, -0.027562956806496088, -1.1405210744704313]",76.92954639649149,6.170031394694111
"[0.39005847578589414, 4.036044375031217, -0.28202554424309156, 0.39005847578585673]",87.06564541480621,6.173174558929818
"[-0.2598482961508823, 18.08613820806749, -0.07374081115654739, -0.25984829615098226]",86.5883023475129,6.176317723165526
"[0.7354862556912815, 0.5401680453369251, -0.0828277310230086, 0.7354862556912705]",65.76151601675122,6.179460887401234
"[-1.1281469182351045, 48.12640428578338, -0.015853994466796844, -1.128146918236428]",86.33113689894425,6.188890380108356
"[-0.8969724882014289, 33.61776402629259, -0.029401684953803672, -0.8969724882014591]",87.20216535486031,6.192033544344064
"[-0.8924260244102499, 38.91773787707359, -0.025603454860501862, -0.8924260244131919]",90.10422761516709,6.195176708579772
"[-0.35218183674397546, 18.242855747137597, -0.07157612343623138, -0.3521818367442012]",86.97982513246619,6.198319872815479
"[-0.907493523472001, 21.700719869198014, -0.04438467071546687, -0.9074935234722332]",79.32550922219133,6.201463037051187
"[-1.1938818924179677, 0.2613384824314497, 0.3785748224666689, -1.1938818924179782]",89.18858034129977,6.204606201286895
"[-0.4371974106842443, 17.506467937241734, -0.07254297837654791, -0.4371974106843685]",87.0468792108423,6.207749365522602
"[-0.3468159530131957, 14.029665614976157, -0.09215318899634353, -0.34681595301321727]",86.90732069436939,6.21089252975831
"[-0.2554000836105658, 10.860774018602251, -0.11993532526916283, -0.25540008361071703]",87.14221321894436,6.214035693994018
"[-0.37469309646858756, 6.044442379129131, -0.19933885719670422, -0.37469309646865473]",89.05735265957377,6.220322022465433
"[-1.104586255568238, 0.13483341922356226, 0.46284796640282383, -1.10458625556824]",87.3702693426534,6.223465186701141
"[-0.5953509607387526, -0.8603479733463323, 1.2945008520034211, -0.5953509607388208]",87.49540176030112,6.226608350936848
"[0.3326836814771209, 5.254782205814453, -0.22863373956595479, 0.3326836814770911]",88.46247416342202,6.229751515172556
"[0.13765906576395628, 8.609023102257602, -0.151702988768381, 0.13765906576388018]",88.1734475897828,6.232894679408264
"[0.03445714793639993, 11.051847156513203, -0.12091128594367834, 0.034457147935388746]",88.0128604989903,6.236037843643971
"[-0.03644403605348534, 12.999848426753763, -0.10367992605082241, -0.0364440360535721]",87.89968839056272,6.239181007879679
"[-0.09018065867445284, 14.613364065284692, -0.09250496032441485, -0.09018065867453008]",87.81169701508684,6.242324172115387
"[-0.13297759919679367, 15.976229886570483, -0.08463629290971812, -0.13297759919697627]",87.73954361970132,6.245467336351094
"[-0.16802775318223476, 17.139403274214878, -0.07880449217649126, -0.1680277531822485]",87.67840186776995,6.248610500586802
"[-0.19719843541137105, 18.136821832999857, -0.07433493150049328, -0.19719843541162235]",87.62544976279597,6.25175366482251
"[-0.22168274957434453, 18.992569397015306, -0.07083296979875427, -0.22168274957453216]",87.57889333850014,6.254896829058217
"[-0.24229252471953255, 19.72452838953952, -0.06805123795138328, -0.2422925247198044]",87.53752278100399,6.258039993293925
"[-0.25960659093696603, 20.346433525410422, -0.06582645440392927, -0.2596065909369685]",87.5004860976366,6.261183157529633
"[-0.2740527618259705, 20.8691171504188, -0.06404649136565659, -0.2740527618259739]",87.46716311608716,6.26432632176534
"[-0.2859557188127455, 21.30128613941943, -0.06263204025115757, -0.28595571881298104]",87.43709193945246,6.267469486001048
"[-0.2955671387708106, 21.65005282577194, -0.061525745639188514, -0.29556713877095936]",87.409922107349,6.270612650236756
"[-0.3030848417406525, 21.921286946594982, -0.060685548865786934, -0.3030848417408762]",87.3853849952654,6.273755814472463
"[-0.3086655446835945, 22.119862534788133, -0.06008044366349301, -0.3086655446837663]",87.36327413105924,6.276898978708171
"[-0.3124336243235188, 22.249836916242337, -0.059687693614474145, -0.3124336243241054]",87.34343161532647,6.280042142943879
"[-0.31448717267361054, 22.314579863388786, -0.05949098686308692, -0.31448717267361276]",87.32573855080716,6.283185307179586
