u,t,theta
"[-0.4022575185642383, 0.6024716012957209, -1.040780641742377, 0.15250233879183997]",94.69186858109266,0.07229277742127588
"[-0.0876083227876649, 0.5579509132690864, -0.9373703986593749, 0.6388387739867335]",82.16562432474197,0.07857910589269117
"[-2.457107028337367, 0.692510247488746, -0.6016535245391723, -0.3436960521769444]",70.8113365397022,0.08172227012839882
"[22.454124772349715, 1.14936610356087, -1.0064463703457969, 0.03232023888765118]",86.4263364059573,0.09115176283552176
"[0.5839341859040904, 1.1818566674295365, -0.8501946456111943, 0.08506080200829694]",97.82330905003606,0.09743809130693705
"[13.143400572886208, 1.1737530152836706, -0.7931987800746059, 0.05548393559633046]",77.45552602666619,0.1005812555426447
"[12.687914996980457, 1.1726767110936351, -0.7887921484764471, 0.05747114362912926]",68.88180913912173,0.10686758401406
"[16.43886377227562, 1.1438593826780183, -0.715001299178434, 0.04855626134210998]",71.51209889744788,0.11001074824976764
"[-0.7283468541777532, 0.5738597943669578, -0.9870181997423422, -0.3471719862304667]",54.47487867647192,0.11315391248547528
"[15.240816426151083, 1.1657232842446759, -0.9669272394843806, 0.045658871416593395]",62.44631695299658,0.12258340519259824
"[24.185083377993884, 1.0772833929595111, -1.101333843942488, 0.033047111209287265]",64.47147989729217,0.13515606213542883
"[2.4078811306954817, 0.9988388345996585, -1.1530107563637801, 0.23623208432547438]",62.75188307345136,0.1414423906068441
"[2.242231232146525, 1.036093605154291, -1.1326277422640945, 0.22229813595603962]",60.75667231202802,0.15401504754967468
"[14.577900799349592, 1.1774286811309798, -0.9210526593748579, 0.04749627419079942]",62.7370112069934,0.16030137602109001
"[8.344638544724548, 1.0985023913087384, -0.6516555125413066, 0.09611044482265949]",79.50026824074403,0.16344454025679764
"[8.401899769785583, 1.1019230370138087, -0.6554255304777937, 0.0950732970636967]",83.03393293221944,0.1665877044925053
"[23.392529503240315, 1.10031669802584, -1.078410877493328, 0.03303289096016231]",69.02006818679162,0.1697308687282129
"[3.2954083051159544, 1.1644286850945385, -0.7613569667875822, 0.16608228810033085]",91.14561389295334,0.1728740329639206
"[13.983317855674155, 1.182153369372314, -0.8580812629714413, 0.05032531956163556]",84.97714404969987,0.18230352567104352
"[7.093043850135206, 1.1729187105036332, -0.789759433057725, 0.09452341727575056]",94.4157003947851,0.18544668990675117
"[8.471060354929543, 1.0900464708981836, -0.6428336443281014, 0.09599188754243948]",86.89931054075795,0.18858985414245882
"[11.626902111928139, 1.1119519693577173, -0.6672287128025958, 0.07030427262387504]",98.51773862801025,0.1948761826138741
"[-0.40845805686420045, 0.9170310469826709, -0.5539381974431113, -0.4397820298122048]",60.5591653338322,0.19801934684958175
"[1.0456162071428168, 1.1785830296740574, -0.8179865601447437, 0.16378022986942223]",94.96900934705414,0.20430567532099703
"[0.7122610866231834, 0.5626255295140621, -0.7768709518893219, 1.0772708029672482]",65.95155031878399,0.2294509892066582
"[6.870307282897952, 1.165617992352027, -0.7648113688126064, 0.0992557894664298]",49.229230952430136,0.24202364614948882
"[-0.5171622646125917, 0.6139784111178963, -1.0570026628697837, -0.07141111216924538]",46.747336866796076,0.24516681038519647
"[-0.1222819799659139, 0.6596493891428216, -1.1056270327034334, 0.2934429273342594]",43.26390496653032,0.2483099746209041
"[-0.6707537210826118, 0.5910278782189831, -1.0221547121569305, -0.2922728907660819]",43.20346857049798,0.25145313885661175
"[-1.1318735818417032, 0.6548410753730003, -0.6306508524127807, -0.446113523093306]",42.8130547724458,0.2545963030923194
"[7.597351011441345, 1.1814090519294085, -0.8429352655713737, 0.08590874749057253]",54.05278740177605,0.2608826315637347
"[0.7680897467485677, 1.1811729835480291, -0.8399102172228086, 0.12399591968147189]",47.88296821892593,0.26402579579944235
"[1.5697813209629659, 1.0083337327544055, -1.148422888733884, 0.2574723725757552]",47.446662391644864,0.26716896003515
"[1.0817035087394014, 0.604169350809523, -0.6887363530215693, 0.43581482636529134]",48.73847110073183,0.27031212427085766
"[16.70718289000204, 1.0707154916157635, -1.1070689018165791, 0.047212768471008575]",90.6704591665408,0.2734552885065653
"[6.054611379747324, 0.981815209362235, -0.5717589923062488, 0.1434626614460268]",53.869748947231365,0.2765984527422729
"[22.786268270159177, 1.125030699946165, -1.0474537823809482, 0.03277643849391495]",61.85715612226815,0.3017437666279341
"[14.554340616882175, 1.1809392322408685, -0.8948226371040487, 0.0478366396800064]",55.978505937387375,0.30488693086364177
"[0.9034293119876887, 1.0938520263099438, -0.646719612550782, 0.29794812588144454]",58.025620347901125,0.30803009509934937
"[0.37584464604398765, 0.6006652380621469, -0.6940254548082007, 0.7224791346215469]",51.094710117440194,0.3268890805135953
"[-0.7936339607144515, 0.6715545002813579, -1.1153867233404076, -0.5482081912561845]",88.1595321360052,0.3300322447493029
"[0.5874853189922069, 1.1804544769994116, -0.8323451734234952, 0.09915640200685344]",68.82241017863309,0.33631857322071823
"[18.05128520452609, 1.1712709253047011, -0.7834108070612495, 0.04181669042755761]",66.06673202994139,0.3426049016921335
"[5.720280209315683, 1.0168531097743498, -0.5880847570524393, 0.1455403431741091]",90.76194891668477,0.3457480659278412
"[8.332739278288138, 1.1793034572456753, -0.9091167163599599, 0.07740709026932792]",79.35082423173807,0.34889123016354884
"[-0.4188837478279428, 0.554519303058632, -0.9204675676889174, 0.2822645619988836]",56.96154584986212,0.3520343943992565
"[14.332960313352295, 1.1821614500264825, -0.8736411943817067, 0.04886952132135535]",54.747522282925914,0.3551775586349641
"[32.157935493916796, 1.0271399879648013, -1.1381321673245766, 0.02698960610549723]",66.99426320836328,0.35832072287067174
"[31.614073283675708, 1.037830838889125, -1.1315115474311734, 0.027031865469437907]",66.73943501240315,0.36460705134208704
"[9.307385869182832, 1.060477880238517, -1.115401093058388, 0.08117655334661461]",47.79238308834016,0.3677502155777947
"[8.657789530614295, 1.1336512174992384, -1.0344784353197563, 0.07745135521238468]",47.77845928868376,0.37089337981350234
"[13.811705161022003, 1.1805014407453973, -0.8992642692482947, 0.050088552572601724]",54.10350088447551,0.37403654404921
"[17.66773854521108, 1.171169869064032, -0.7830383246141848, 0.042671449090647295]",60.42952140363046,0.37717970828491765
"[15.999157518145019, 1.1279545362564702, -0.6888443394395117, 0.0512020995236659]",60.471277035475005,0.3803228725206253
"[14.357934094866712, 1.025105042731594, -0.5927239795795244, 0.06411683969275157]",60.526760776434394,0.38346603675633295
"[15.3470244010748, 1.1633758425524432, -0.973648433682372, 0.045434908255591086]",69.63331773228587,0.40861135064199405
"[-0.3444679748553704, 0.8127901194630929, -0.5543107834933376, -0.653630415793435]",49.620095627468096,0.42747033605624
"[6.982324591068448, 1.1119955277441553, -0.6672826099044377, 0.10951977014295226]",62.857659654363644,0.43375666452765527
"[-2.410382552366136, 0.6947009986571715, -0.6002285862568739, -0.3473848486620524]",86.6537048791739,0.43689982876336286
"[0.3583508360805355, 1.1658417148362736, -0.9665747927794366, -0.04970790840133355]",71.70239955022876,0.44004299299907057
"[0.13073088932562965, 0.7245979279391741, -0.583185751196552, -0.17978960410605208]",56.55002669709088,0.4431861572347783
"[-0.9577126148900157, 0.5825969574644382, -0.7257816309578939, -0.422793228206616]",48.74201244077034,0.4463293214704859
"[6.535253945905786, 1.156296448469879, -0.740555404911834, 0.10592861907486079]",62.856459828161626,0.4494724857061935
"[-1.331223541469674, 0.5500219176119533, -0.8779332468651764, -0.56905846659495]",81.76274089531628,0.4526156499419011
"[6.0038600493319905, 1.0614789238578664, -0.6174335264213685, 0.13313423310197628]",51.60255515643569,0.45575881417760883
"[12.450451415199545, 1.1675511144929334, -0.7707245864651157, 0.05934373610887272]",57.86343648422022,0.4589019784133164
"[14.652197516911631, 1.1732758087817008, -0.9408397648990986, 0.04721177451804463]",57.869811369198686,0.46204514264902413
"[15.767625214151913, 1.1440784550188634, -1.0166457898521883, 0.045116684305376915]",57.96013816273119,0.46518830688473173
"[15.393563425390722, 1.1633583264245533, -0.9736968164912663, 0.04531040492543032]",58.1178500978535,0.4683314711204394
"[8.249611620113216, 1.1822254601707498, -0.8618391953318945, 0.07944251779536259]",52.00742029989732,0.4714746353561471
"[6.760114394782835, 1.0735719636761714, -0.6274370019768797, 0.1188862471262433]",52.23763767919929,0.4746177995918547
"[0.6884747304418689, 1.156097519998097, -0.740096187971339, 0.19935240064868792]",81.14640820923374,0.48090412806326993
"[6.655544364260807, 1.0535129120293876, -0.6113718464715792, 0.1234250153237968]",52.3737775755762,0.49033362077039294
"[8.176817985837653, 1.18194177293275, -0.8519951613026714, 0.08045182814511165]",52.18857185514531,0.49347678500610054
"[15.222401113874653, 1.1675032350475603, -0.9614775763992276, 0.04566871508774043]",58.342746543712714,0.4966199492418082
"[15.261942854726323, 1.161322026954388, -0.9791620660312914, 0.04572960757135546]",58.23588100928528,0.4997631134775159
"[13.41865036936383, 1.1814815104436873, -0.8439472523370609, 0.052620506510067895]",58.21986786355584,0.5029062777132235
"[6.293827684155204, 1.1026192735758114, -0.6562080051323251, 0.12106090707277188]",51.991886348386096,0.5060494419489312
"[2.297762569233298, 1.176255225578175, -0.9273235087286834, 0.16448196409304824]",77.20233386826114,0.5091926061846388
"[-0.19975828435618914, 1.160403290560045, -0.7505193010126476, -0.33546345405927835]",77.48444768907967,0.5123357704203465
"[-0.6777231918438291, 0.5721508498600477, -0.9828061665655563, -0.25696249533529036]",53.0098036728574,0.5154789346560541
"[0.1265980084878436, 0.681597123231317, -0.6091475936641041, -0.28543855182424804]",49.66767728773719,0.5217652631274694
"[-2.2710481270927874, 0.6483666720578601, -0.6366247139354831, -0.3729934883548088]",84.76950301922898,0.524908427363177
"[5.90308363867438, 1.1043766377031519, -0.6582065179982741, 0.1271369703469279]",86.30621775409811,0.5280515915988847
"[-0.28504039176782675, 0.8798412280854857, -0.5500995849615978, -0.22977308632091326]",50.94842882161718,0.5311947558345923
"[1.2475731343171872, 1.1319465165226044, -1.0371568205380324, 0.15758437397349273]",58.204877965259115,0.5406242485417153
"[18.062742992044804, 1.1768835601351537, -0.8079977670055196, 0.04102806467582565]",86.39875147407022,0.5437674127774229
"[0.8673958660435654, 0.5501182367017037, -0.8517894708764887, 1.2894687634521937]",90.19569348111169,0.5877717120773299
"[14.892321653664078, 1.0748110190401776, -0.6285205262298126, 0.05886837503520529]",91.81017306021528,0.5909148763130376
"[24.480926645076366, 1.0459203014913379, -1.1260981354942208, 0.034149061340612845]",72.69994657667324,0.6034875332558682
"[1.8434084050274058, 1.150101427720864, -0.7270980392212683, 0.2180183707286074]",53.81847679972628,0.6192033544344064
"[11.00113888258011, 1.0809317653466652, -0.6340442498946666, 0.07708574900356004]",66.2033982960729,0.6254896829058217
"[24.260744562913366, 1.0730466875805564, -1.1050697261501443, 0.03314644636435019]",77.14183530826541,0.6286328471415293
"[-0.8945419468263347, 0.5676199382819064, -0.9706876135748598, -0.5374463472881875]",72.76172068260712,0.631776011377237
"[13.83618641605959, 1.1818285399504205, -0.8824076865199303, 0.05027810221892663]",66.47340378389256,0.6380623398486523
"[-1.1830031722485475, 0.5498506895373315, -0.8602331614933234, -0.5662281812300562]",85.7832493835256,0.6412055040843601
"[9.140714129993471, 1.078242930239555, -1.1004688329208983, 0.08022333113797407]",54.767865871027205,0.6663508179700212
"[18.36895809216642, 1.1794315420956196, -0.8238757600282787, 0.03996552404090172]",67.38542465911364,0.6694939822057289
"[14.590956920855412, 1.050119211612304, -0.6089077849416744, 0.06164413285909635]",67.47726947356476,0.6726371464414365
"[3.3127920521553325, 0.9290323934725069, -0.5561381351681802, 0.23898522303125555]",79.94496916795333,0.6820666391485594
"[8.107451134261556, 1.063928905195619, -0.6193794953870351, 0.10305922409932061]",99.49583197741066,0.685209803384267
"[-0.3822211890805149, 0.6420189022355794, -1.089231781972519, 0.07935934033213062]",75.01462245412768,0.6914961318556824
"[1.8632664918932755, 1.1795803430729683, -0.8249973640096403, 0.1832255569265426]",56.119428524039755,0.6977824603270977
"[9.256090414844984, 1.142088271526666, -1.020263184674445, 0.07243134332406105]",62.19972034405255,0.7009256245628053
"[-0.12625256598979684, 1.1639594227851662, -0.7600286098608745, -0.03486972935730513]",54.15208281511521,0.704068788798513
"[1.1802930679854517, 0.7086509580908837, -0.5917385396391656, 0.4251912786742406]",61.247060027847915,0.7072119530342206
"[-1.1157241829473656, 0.5511739876348772, -0.8954971826342398, -0.5793170971873463]",69.78213978721843,0.7103551172699282
"[2.8456076146471965, 1.1020455415940993, -0.6555628309874993, 0.2114494652353772]",76.78834044824251,0.7134982815056359
"[5.859350497554526, 1.083546703250142, -0.6364943943789073, 0.13192124701819374]",70.02951906921459,0.7166414457413435
"[-0.3970382889859581, 0.645316149062264, -1.092492674885539, 0.049697060662862905]",56.07383197518465,0.7197846099770512
"[0.11071050576564154, 0.5683975617689623, -0.7591719169100676, -0.5029971682214988]",57.70780281524367,0.7229277742127588
"[0.18703434835596966, 1.1813338606686659, -0.8901205696332855, -0.11851658390392887]",91.22815882009658,0.7260709384484665
"[4.039258777754642, 1.0865157923355735, -0.63934503728449, 0.17417814603762752]",74.74499854026442,0.7292141026841741
"[1.7006041554832774, 1.181900727563769, -0.8809512145595499, 0.1700973918049272]",66.619254960752,0.7355004311555894
"[8.453754031963127, 1.0549691337909748, -0.6124504308647726, 0.10040746768897339]",62.01738476173346,0.7449299238627123
"[8.586107875780055, 1.098857820206346, -0.6520416056521371, 0.09371954312166313]",61.83032957109331,0.74807308809842
"[12.108577226009015, 1.0088461275203822, -0.5838867129397904, 0.07613731900705217]",68.03229790145683,0.7512162523341276
"[11.15197121582929, 1.0912423230235164, -0.6440404058939188, 0.07514823813354463]",97.23827350399581,0.7637889092769582
"[21.807196520784174, 1.163151005392325, -0.9742676176799846, 0.032838262688731114]",83.30125944788055,0.7700752377483735
"[-0.7868404356452705, 0.5521709422557994, -0.904695508239523, -0.35850275613012567]",98.72043400257643,0.7763615662197888
"[23.744363610714142, 1.102965904365638, -1.0754512837138057, 0.03245217009796616]",84.16987913190209,0.7826478946912041
"[0.6791037257317177, 0.7309280085873628, -0.5801081188732803, 0.9476042854908716]",67.51456395312411,0.7857910589269118
"[8.8409264639401, 1.1322243285100142, -1.0367243565489346, 0.07624430396798776]",63.027461679898096,0.7889342231626194
"[-1.560842136764884, 0.6487853416857063, -0.6362281987985275, -0.44654105629001206]",95.72387154208161,0.792077387398327
"[13.319550658879377, 1.1728867233675078, -0.7896308323567199, 0.05497667624960915]",68.46926560242872,0.7983637158697423
"[9.277031282787906, 1.054329846171625, -1.1200754716396346, 0.08218392340734068]",61.34516890824943,0.80150688010545
"[16.213708585925964, 1.1380060410872508, -0.7046979946677987, 0.04971234359954903]",73.99538963837955,0.8046500443411576
"[0.4538740710982962, 0.5579841652080847, -0.7945369757953802, 0.15069012037715182]",88.56647219633402,0.8109363728125729
"[0.24353014429665262, 0.6010274268617951, -0.6934679576196774, 0.6933709077173887]",81.5982459060435,0.8203658655196959
"[-0.3454706821917347, 0.8514746666004304, -1.1819182274563311, -0.179109871975316]",80.05137155321376,0.8266521939911111
"[1.2615350342705984, 1.0352196072970148, -1.1331832625454026, 0.23206704867737366]",62.031193917376925,0.8297953582268188
"[1.4731424696911593, 1.1811449055653391, -0.892477239209454, 0.1626536235604465]",68.41154640750817,0.8329385224625264
"[3.8255021497790014, 1.0904006444041463, -0.6431896988428236, 0.17975646376704396]",67.93774830460535,0.8392248509339416
"[0.07119971533170313, 0.5519845487372445, -0.8288993837822477, 0.7286061844095977]",97.23424597991482,0.8423680151696494
"[8.24085755405219, 0.9801860853952291, -0.5711231508697612, 0.11025171901452568]",68.62452055281311,0.845511179405357
"[8.816419040963227, 1.119016465554585, -0.6763005433564822, 0.08882105645433128]",68.2930983307156,0.8486543436410646
"[8.306660153178639, 1.0994682145154484, -0.6527076733494256, 0.0963557680986108]",68.10743263098121,0.8517975078767724
"[0.08531932502707104, 0.6598708566201572, -0.6262331964809283, 0.5735539593837019]",84.96230592044265,0.8643701648196029
"[10.600344102745652, 1.0715645517157502, -0.6257054947721662, 0.0806127328475814]",75.95489643235038,0.8737996575267257
"[24.42461120496422, 1.038696958947183, -1.1309490419099657, 0.03457540114301631]",93.38268558607363,0.8769428217624335
"[0.12404417483584308, 0.7272830962277206, -0.5818589523975202, -0.18509418401583289]",77.83660709065269,0.8800859859981411
"[14.79322510232778, 1.1608266612403493, -0.9804466369641681, 0.04706036800694967]",74.08706873098247,0.8832291502338487
"[1.8837063995209755, 1.1716145115525352, -0.9473598811817382, 0.16594995398918058]",87.34797462857757,0.8895154787052642
"[-1.600270947944395, 0.7427549698141301, -0.5748134532934515, -0.41158792952763285]",78.58036236203145,0.8958018071766793
"[0.1579064063072872, 0.6446734237218923, -0.6401862997249562, 0.6162034514807885]",76.65856797192993,0.9052312998838022
"[8.27608560065489, 0.9827165263271427, -0.572115244178283, 0.10961211714448973]",75.03698420609462,0.9115176283552177
"[8.889605670515207, 1.1337300845831553, -0.6976977355940919, 0.08597300680712842]",74.59875885563946,0.9146607925909253
"[7.6676063295454, 1.0347993001654476, -0.598601822362831, 0.11168471161213807]",74.42806609344557,0.9178039568266328
"[8.659271027416453, 1.143058263252577, -1.0185140747566008, 0.07652507456367483]",79.46364304781471,0.9240902852980483
"[22.3483610661103, 1.1401577067923208, -1.023668927113221, 0.03278271102869368]",88.51795479377421,0.9303766137694635
"[4.286041174533203, 1.158979378296526, -0.7469541275775224, 0.14384074450582707]",95.1324865958437,0.9335197780051712
"[14.267824861822403, 1.0250987975367216, -0.5927203445555668, 0.0644931706225366]",86.88729559739184,0.9398061064765864
"[0.6962107281998161, 1.1747146826329522, -0.7973891952354277, 0.14453016059336676]",82.74314900139392,0.9492355991837094
"[0.4254759897153894, 0.5989118773676754, -0.6967612197253178, 0.7480408615991966]",86.49465168332887,0.9555219276551247
"[8.611190078578764, 1.060685649072768, -0.6168118630121698, 0.09816163560194119]",81.31938342831236,0.9586650918908323
"[8.620923747797661, 1.1284499475863077, -0.6895789280180605, 0.08912094725122566]",80.84554703218349,0.9618082561265399
"[-0.1974712974612289, 0.6160168264381245, -1.059663497281746, 0.36834797281171555]",95.9575784497582,0.9869535700122011
"[0.02931191118911136, 0.8112661411538068, -0.5545748890053815, -0.06264847842709742]",82.93758710362232,0.9900967342479088
"[8.65861399262675, 1.1330559735052228, -0.6966303777815978, 0.08805513760997505]",87.1700157705703,0.996383062719324
"[15.541837281124296, 1.1312251723384488, -1.038272559809783, 0.04641315155669938]",93.17722665808076,1.0089557196621546
"[0.24671872397102074, 0.6679327564341792, -0.6195313814111459, -0.09535537873198136]",88.92236004026205,1.0183852123692776
"[8.91367317833025, 1.102466257285403, -0.6560355878511531, 0.09024745840769526]",93.91728747683747,1.0215283766049854
"[7.385557230272594, 0.9922593679658408, -0.5760857785397216, 0.1200881989365129]",93.4262297919619,1.024671540840693
"[9.86160489274896, 0.9208254921267983, -0.5545820697449017, 0.09803428101087895]",44.051269329627296,1.433282891482687
"[9.887231726111615, 0.9330332573023983, -0.5569785666109962, 0.09702157039045622]",44.0540050424553,1.4364260557183945
"[9.912917757646298, 0.9431687092864892, -0.5593514557285154, 0.09612702031268341]",44.0565352306885,1.4395692199541024
"[9.938637144412084, 0.9519961330227681, -0.5617080797389171, 0.09530763714911193]",44.058939238507605,1.44271238418981
"[9.964376776354952, 0.959898469128794, -0.5640521473479665, 0.09454190833925749]",44.06125693988746,1.4458555484255176
"[9.9901289798335, 0.9671003534417782, -0.5663858627492819, 0.09381722806359793]",44.063511776558464,1.4489987126612252
"[10.01588870861033, 0.973747009756987, -0.5687106621272315, 0.09312545543524962]",44.06571892969377,1.452141876896933
"[10.041652482887304, 0.9799388263240109, -0.5710275526646229, 0.09246096701582061]",44.06788892426063,1.4552850411326406
"[10.067417817818301, 0.9857486760436192, -0.5733372795300524, 0.09181968244626026]",44.07002939855231,1.4584282053683482
"[10.09318270822343, 0.9912314335819931, -0.5756404005519689, 0.09119853184674641]",44.07214612903004,1.461571369604056
"[10.118945779021946, 0.9964297200149804, -0.5779373715643616, 0.0905951289683882]",44.07424359485473,1.4647145338397636
"[10.144705735425052, 1.001377367438657, -0.5802285424739194, 0.09000758194187107]",44.076325362176945,1.4678576980754712
"[10.170461748479145, 1.0061018452061838, -0.5825142213619345, 0.08943435156602803]",44.07839432550963,1.4710008623111788
"[10.196212942612787, 1.0106257587817415, -0.584794649181302, 0.08887417282155151]",44.0804528660687,1.4741440265468864
"[10.221958677007429, 1.0149680252693003, -0.5870700390659953, 0.08832598518329617]",44.08250298041755,1.477287190782594
"[10.247698527860548, 1.0191446744411459, -0.5893405849859684, 0.0877888877084731]",44.08454636100259,1.4804303550183016
"[10.273431824345264, 1.0231693695661106, -0.5916064284594719, 0.08726211513327042]",44.08658444873116,1.4835735192540094
"[10.299158322174334, 1.0270539639139762, -0.5938677237116754, 0.08674499864935965]",44.08861848839759,1.486716683489717
"[10.324877590596284, 1.0308087454004793, -0.5961245880653414, 0.08623695931837]",44.090649567936055,1.4898598477254246
"[10.350589395136891, 1.0344427615273994, -0.5983771390583816, 0.08573748534832064]",44.09267863755101,1.4930030119611322
"[10.37629345685131, 1.0379639926380624, -0.6006254760093874, 0.08524612515588448]",44.09470653539224,1.49614617619684
"[10.401989564122855, 1.0413795350614732, -0.602869692001335, 0.08476247579530612]",44.09673401001882,1.4992893404325476
"[10.427677482375186, 1.04469572323642, -0.6051098677446605, 0.08428617713974747]",44.09876171534727,1.5024325046682552
"[10.453356987030883, 1.0479182440238228, -0.6073460759098837, 0.08381690509036645]",44.10079025116963,1.5055756689039628
"[10.479028025778847, 1.0510522461936598, -0.60957839641632, 0.08335436363277436]",44.1028201588792,1.5087188331396706
"[10.504690446633681, 1.0541023804251295, -0.6118068937233216, 0.08289828566471581]",44.10485191993574,1.5118619973753782
"[10.53034402982466, 1.0570728669430187, -0.6140316204867823, 0.08244842882481125]",44.10688596924458,1.5150051616110858
"[10.555988691217053, 1.059967571520522, -0.6162526359056922, 0.08200456898844098]",44.10892270804656,1.5181483258467936
"[14.31981871512014, 1.0002957002625752, -0.5797187718604296, 0.06568409523434766]",50.42651266882815,1.5212914900825012
"[14.36000851512795, 1.0053094864557641, -0.5821241105249649, 0.06523839932481484]",50.42842884068859,1.5244346543182088
"[14.400168103122711, 1.0100978412397135, -0.5845238358213347, 0.06480334043842864]",50.430340739419236,1.5275778185539164
"[14.44029695110402, 1.0146830936819318, -0.5869180924607752, 0.06437802906962613]",50.4322500021443,1.5307209827896242
"[14.48039473121524, 1.0190839932692441, -0.5893070123015225, 0.06396171619950307]",50.43415800730326,1.5338641470253318
"[14.520461123268232, 1.023316454648846, -0.5916907079875792, 0.06355376490621208]",50.43606591899279,1.5370073112610394
"[14.560496091832704, 1.027394155216963, -0.5940692932425088, 0.06315362500719228]",50.43797473388245,1.540150475496747
"[14.600499420158826, 1.0313289156302994, -0.5964428580375123, 0.0627608207722012]",50.43988531010639,1.5432936397324546
"[14.640470931522337, 1.0351310544418235, -0.5988114840203059, 0.062374935537766275]",50.441798397871324,1.5464368039681622
"[14.680410592113946, 1.0388096544629373, -0.6011752523450679, 0.06199560056672716]",50.44371464513513,1.5495799682038698
"[14.72031826890768, 1.0423727430312437, -0.6035342307127189, 0.06162248934488512]",50.44563462814027,1.5527231324395776
"[14.760194005667818, 1.0458274797180038, -0.6058884908136596, 0.06125530854923115]",50.44755885825839,1.5558662966752852
"[14.800037678431, 1.0491802570368645, -0.6082380888714337, 0.060893796074661076]",50.449487786778995,1.5590094609109928
"[14.839849417917021, 1.0524368438822485, -0.6105830913132151, 0.06053771293316119]",50.451421822839144,1.5621526251467004
"[14.879629004764313, 1.0556024235336134, -0.6129235397395664, 0.060186845224419465]",50.45336132380397,1.5652957893824082
"[14.919376657865646, 1.0586817310242715, -0.6152594978593107, 0.059840994218572086]",50.455306621045025,1.5684389536181158
"[14.959092224573586, 1.0616790496381727, -0.6175910042658986, 0.05949998110338962]",50.45725800844713,1.5715821178538236
"[14.998775729753076, 1.0645983061037818, -0.619918105102681, 0.059163640115506365]",50.45921575156052,1.574725282089531
"[15.038427265293604, 1.0674431048122035, -0.6222408478489334, 0.05883181783612668]",50.46118009833424,1.5778684463252388
"[15.078046780620502, 1.070216750084772, -0.6245592693141523, 0.05850437347777488]",50.463151269579875,1.5810116105609466
"[15.11763444008006, 1.0729223035141384, -0.626873416792484, 0.05818117465371704]",50.46512946962909,1.584154774796654
"[15.157190141878848, 1.0755625780644404, -0.6291833201195217, 0.057862100257978805]",50.46711488528644,1.5872979390323618
"[15.196713961878405, 1.078140192637558, -0.6314890178018767, 0.0575470358827271]",50.469107680883866,1.5904411032680692
"[15.236205922095237, 1.0806575768847733, -0.6337905436315644, 0.05723587490129959]",50.47110802013341,1.593584267503777
"[15.275666044196296, 1.0831169930405713, -0.6360879299481338, 0.05692851731748434]",50.47311604688942,1.5967274317394846
"[15.3150943846515, 1.08552055394752, -0.6383812097998851, 0.05662486887271897]",50.47513189523262,1.5998705959751922
"[15.354490933922163, 1.0878702308812835, -0.6406704111831452, 0.056324841275810424]",50.47715568177706,1.6030137602109
"[15.393855811492989, 1.0901678776099557, -0.6429555684696311, 0.05602835022959059]",50.47918753556452,1.6061569244466076
"[15.43318895561662, 1.0924152230216833, -0.6452367044683515, 0.05573531735344246]",50.48122755156722,1.6093000886823152
"[15.472490444630258, 1.094613899764993, -0.6475138491578368, 0.055445667372789734]",50.48327583386457,1.6124432529180228
"[15.511760285238449, 1.096765440636216, -0.6497870274642452, 0.05515932937024224]",50.48533247407966,1.6155864171537306
"[15.550998602370772, 1.0988712968606162, -0.652056270315259, 0.05487623509056594]",50.487397556949475,1.618729581389438
"[15.590205143204381, 1.1009328186169633, -0.6543215860184726, 0.05459632223474525]",50.48947116411509,1.6218727456251458
"[15.62938024753458, 1.1029513128082542, -0.6565830164002112, 0.05431952725411154]",50.491553373888905,1.6250159098608536
"[15.668523761184437, 1.1049279913169423, -0.6588405740544082, 0.054045792905466745]",50.493644253807766,1.628159074096561
"[15.707635791811976, 1.1068640156833167, -0.6610942860434446, 0.05377506266776752]",50.49574386945229,1.6313022383322688
"[15.746716296837501, 1.1087604806360127, -0.6633441701542392, 0.05350728346332397]",50.497852279751754,1.6344454025679762
"[15.785765283888702, 1.1106184284645801, -0.6655902464946742, 0.053242404088444766]",50.499969550302865,1.637588566803684
"[15.824782774565836, 1.1124388509283945, -0.667832535429874, 0.05298037532359319]",50.50209572677534,1.6407317310393918
"[15.863768793670506, 1.114222692189861, -0.6700710569885802, 0.052721149873192825]",50.50423086972733,1.6438748952750992
"[15.902723407559105, 1.115970853690971, -0.6723058330875679, 0.05246468199091144]",50.506375028827115,1.647018059510807
"[15.941646435939665, 1.1176841843278313, -0.6745368710327526, 0.05221092924870983]",50.50852824252562,1.6501612237465149
"[15.980537977953201, 1.11936350665093, -0.6767641937175748, 0.05195984897458134]",50.51069055882352,1.6533043879822222
"[16.019398158627517, 1.121009607510118, -0.6789878250726188, 0.051711399858377985]",50.51286201896784,1.65644755221793
"[16.058226728690126, 1.1226232237485776, -0.6812077672082477, 0.051465544392522856]",50.51504266115522,1.6595907164536376
"[16.09702378964652, 1.1242050750347972, -0.6834240419247029, 0.05122224415173391]",50.51723252247634,1.6627338806893452
"[16.13578936906571, 1.1257558475706486, -0.6856366664125965, 0.05098146245001317]",50.5194316454936,1.6658770449250528
"[16.17452340297458, 1.1272761954665411, -0.6878456522821058, 0.050743164356731554]",50.521640055001534,1.6690202091607604
"[16.213225748887567, 1.1287667432122015, -0.6900510063407048, 0.05050731652686015]",50.52385778464168,1.672163373396468
"[16.25189657842612, 1.1302281021594474, -0.692252752969213, 0.05027388476090809]",50.52608487225787,1.6753065376321759
"[16.290535860424598, 1.1316608518191065, -0.6944509046670396, 0.05004283711572644]",50.52832134150029,1.6784497018678832
"[16.329143377884776, 1.1330655424994642, -0.696645463074178, 0.04981414369563511]",50.53056722064326,1.681592866103591
"[16.36771915291398, 1.134442712171719, -0.698836443149762, 0.049587774071933356]",50.532822540235536,1.6847360303392989
"[16.406263106362307, 1.1357928749682602, -0.7010238538187588, 0.04936369927441572]",50.535087320184715,1.6878791945750062
"[16.444775308304823, 1.1371165310974511, -0.7032077122024202, 0.04914189028665633]",50.53736159659425,1.691022358810714
"[16.483255671832108, 1.1384141571112054, -0.7053880262501846, 0.04892231978652416]",50.539645387703644,1.6941655230464219
"[16.521704044277833, 1.1396862103153975, -0.7075647999461409, 0.04870496155506049]",50.54193871490392,1.6973086872821292
"[16.560120434078037, 1.140933137118163, -0.7097380461598093, 0.04848978916122684]",50.54424160486307,1.700451851517837
"[16.59850474349456, 1.1421553648963991, -0.7119077715151211, 0.04827677744878598]",50.54655407874012,1.7035950157535449
"[16.63685695041857, 1.143353308694035, -0.7140739866854069, 0.04806590148446571]",50.54887615810043,1.7067381799892523
"[16.675176939394845, 1.144527366569044, -0.7162366968501012, 0.047857137465802335]",50.551207866778924,1.70988134422496
"[16.713464540651476, 1.1456779216886697, -0.718395903921417, 0.04765046246203743]",50.55354921902345,1.7130245084606674
"[16.75171983285968, 1.1468053519350572, -0.7205516236158825, 0.04744585276471174]",50.55590024409366,1.7161676726963753
"[16.789942615043095, 1.1479100146616654, -0.7227038556816869, 0.04724328671145746]",50.558260951318665,1.719310836932083
"[16.82813285140231, 1.1489922605146112, -0.7248526089824008, 0.04704274227107247]",50.56063136651935,1.7224540011677905
"[16.866290364014894, 1.150052425028902, -0.7269978841958072, 0.046844198654755385]",50.56301150711647,1.7255971654034983
"[16.90441504521729, 1.1510908352298244, -0.7291396857755814, 0.046647635173082826]",50.56540139396722,1.7287403296392059
"[16.942506784716723, 1.1521078079687253, -0.7312780178503135, 0.04645303160535823]",50.56780104215967,1.7318834938749135
"[16.980565590593, 1.153103653494138, -0.7334128910129414, 0.04626036757217157]",50.57021047192218,1.735026658110621
"[17.018591202590972, 1.1540786657345679, -0.7355443006320257, 0.046069624477316475]",50.57262970099827,1.7381698223463289
"[17.056583490089423, 1.1550331332771953, -0.7376722491935496, 0.045880783461919004]",50.57505874697244,1.7413129865820363
"[17.094542351110576, 1.1559673369320573, -0.7397967406268294, 0.04569382591488127]",50.577497626047325,1.744456150817744
"[17.132467623269847, 1.1568815478793117, -0.7419177753232579, 0.045508733898193196]",50.57994635566666,1.7475993150534515
"[17.170359275329446, 1.1577760326192048, -0.7440353608528553, 0.0453254891983862]",50.582404962678375,1.7507424792891593
"[17.208216888043584, 1.1586510410861521, -0.7461494829590135, 0.045144075819412134]",50.58487345133557,1.753885643524867
"[17.246040570242528, 1.1595068283909111, -0.7482601567422525, 0.04496447555629784]",50.58735184654734,1.7570288077605745
"[17.283829995601042, 1.1603436327190366, -0.7503673728623401, 0.04478667261012067]",50.589840164628264,1.7601719719962823
"[17.321585050595772, 1.1611616905240203, -0.7524711337213822, 0.04461065047652148]",50.592338422041536,1.76331513623199
"[17.359305526116223, 1.161961229805033, -0.7545714362575715, 0.04443639339946699]",50.59484663911635,1.7664583004676975
"[17.39699120656659, 1.1627424723943909, -0.7566682769224574, 0.04426388593546986]",50.59736482827299,1.7696014647034053
"[17.434641952823092, 1.163505635857877, -0.7587616562948851, 0.04409311256876884]",50.59989301149522,1.772744628939113
"[17.47225765041236, 1.1642509325188464, -0.760851576189262, 0.04392405795043083]",50.60243120706804,1.7758877931748205
"[17.509837836390886, 1.164978562467876, -0.7629380189442707, 0.04375670854894835]",50.6049794225832,1.7790309574105283
"[17.547382516195608, 1.1656887298036935, -0.765020992796435, 0.04359104898374481]",50.607537694618756,1.7821741216462357
"[17.584891441696307, 1.1663816285982884, -0.7671004917777603, 0.04342706525465415]",50.61010602774514,1.7853172858819435
"[17.622364379358277, 1.1670574484117782, -0.7691765106185695, 0.043264743527204955]",50.612684443886984,1.788460450117651
"[17.6598009217319, 1.1677163711497902, -0.7712490343134409, 0.0431040709341596]",50.61527295853555,1.7916036143533587
"[17.697201079196546, 1.1683585816295217, -0.7733180708811423, 0.04294503303017211]",50.617871592688466,1.7947467785890663
"[17.73456438584422, 1.1689842520560192, -0.7753836018722718, 0.04278761761736288]",50.62048036739699,1.797889942824774
"[17.77189072865523, 1.1695935565391136, -0.7774456282537306, 0.04263181120123633]",50.62309929525857,1.8010331070604815
"[17.809179840564088, 1.1701866625312987, -0.7795041423656053, 0.04247760114033644]",50.62572840616923,1.8041762712961893
"[17.846431357130797, 1.170763732149863, -0.7815591310772566, 0.04232497537989855]",50.62836771183093,1.8073194355318971
"[17.88364506777787, 1.1713249262397258, -0.7836105896518469, 0.04217392141323143]",50.63101723222317,1.8104625997676045
"[17.92082062789204, 1.1718704000136304, -0.7856585058630663, 0.04202442745832388]",50.633676988084495,1.8136057640033123
"[17.957957703429003, 1.172400305473515, -0.7877028679791821, 0.041876481854557765]",50.63634700167934,1.8167489282390201
"[17.99505613219423, 1.1729147937031024, -0.7897436736305118, 0.0417300724268078]",50.63902729127091,1.8198920924747275
"[18.03211553933742, 1.1734140095293513, -0.7917809086471138, 0.04158518800905073]",50.64171787840212,1.8230352567104353
"[18.069135436795424, 1.1738980933259628, -0.7938145525608528, 0.04144181801769659]",50.64441878345913,1.8261784209461427
"[18.10611576933918, 1.1743671881507627, -0.7958446085923988, 0.04129995034229035]",50.64713002916323,1.8293215851818505
"[18.143056024759115, 1.1748214282256915, -0.7978710547728289, 0.04115957478565707]",50.64985163868418,1.8324647494175583
"[18.17995588031081, 1.1752609474885676, -0.7998938794563517, 0.0410206805559168]",50.65258362962061,1.8356079136532657
"[18.216814964912267, 1.175685876615269, -0.8019130682616511, 0.04088325717962012]",50.65532602672553,1.8387510778889735
"[18.253633093742913, 1.1760963457654643, -0.80392861691939, 0.040747293627606394]",50.658078859993914,1.8418942421246813
"[18.290409499328053, 1.1764924761734934, -0.805940489187538, 0.040612781143440885]",50.6608421379882,1.8450374063603887
"[18.327144144227116, 1.1768743947185354, -0.8079486886982954, 0.04047970840587623]",50.66361589717393,1.8481805705960965
"[18.363836502550537, 1.1772422206447246, -0.8099531922773117, 0.04034806600392628]",50.66640015384834,1.8513237348318041
"[18.400486159175127, 1.1775960722143475, -0.8119539827368707, 0.04021784423031506]",50.66919493751925,1.8544668990675117
"[18.437092601278398, 1.177936064670792, -0.8139510374858451, 0.04008903382803497]",50.67200026367691,1.8576100633032193
"[18.473655648229435, 1.1782623142382775, -0.8159443519760452, 0.03996162448045344]",50.67481617065594,1.860753227538927
"[18.510174605443382, 1.1785749304903306, -0.817933893557631, 0.0398356077707595]",50.67764267414593,1.8638963917746345
"[18.54664928616578, 1.1788740255335992, -0.8199196571840391, 0.03971097361840514]",50.6804798064757,1.8670395560103423
"[18.583078936041318, 1.1791597049110933, -0.8219016068278686, 0.039587713982971985]",50.68332758645001,1.8701827202460497
"[18.619463247685474, 1.1794320760850314, -0.8238797307271294, 0.039465819385067366]",50.686186046952535,1.8733258844817575
"[18.655801820391655, 1.1796912439369844, -0.8258540119570017, 0.03934528076187806]",50.68905521687984,1.8764690487174653
"[18.692094027906926, 1.1799373101131068, -0.8278244212702044, 0.03922608988161359]",50.691935116067505,1.8796122129531727
"[18.72833940057226, 1.1801703758585491, -0.8297909378644008, 0.039108238068379805]",50.6948257781719,1.8827553771888805
"[18.76453737896407, 1.1803905403350876, -0.8317535359996234, 0.03899171701501013]",50.69772723443574,1.8858985414245883
"[18.800687479068042, 1.1805979017413655, -0.8337121939603432, 0.038876518243085516]",50.70063950415194,1.8890417056602957
"[18.83678921783102, 1.180792556837919, -0.8356668900109754, 0.03876263334706854]",50.70356262764193,1.8921848698960035
"[18.872841839947544, 1.180974599656607, -0.8376175876170467, 0.03865005484153178]",50.706496627277296,1.8953280341317114
"[18.908845032458853, 1.181144125248044, -0.8395642741196517, 0.03853877391900459]",50.70944153817163,1.8984711983674187
"[18.944798097274358, 1.1813012254938975, -0.8415069159566915, 0.038428783036973536]",50.71239739116565,1.9016143626031266
"[18.980700423830857, 1.181445991624868, -0.8434454842459242, 0.038320074431914]",50.71536421199878,1.904757526838834
"[19.016551472416083, 1.18157851404911, -0.8453799538679563, 0.03821264018153296]",50.71834204383578,1.9079006910745417
"[19.05235056606641, 1.1816988816054599, -0.847310292234502, 0.0381064728283621]",50.721330910791465,1.9110438553102493
"[19.088097047737733, 1.1818071822766563, -0.8492364677786223, 0.03800156489844947]",50.72433084649443,1.914187019545957
"[19.123790357842605, 1.1819035033856957, -0.8511584541233294, 0.037897908679316424]",50.72734188846433,1.9173301837816645
"[19.15942982700973, 1.181987931010664, -0.8530762189142428, 0.037795496826062466]",50.730364069351154,1.9204733480173724
"[19.195014621951014, 1.1820605500954757, -0.854989720928523, 0.03769432249660375]",50.73339742002478,1.9236165122530797
"[19.23054425534526, 1.1821214455391145, -0.856898937493297, 0.03759437789930578]",50.7364419809783,1.9267596764887875
"[19.266018026156278, 1.182170700974212, -0.8588038343759201, 0.03749565589328274]",50.73949778783371,1.9299028407244954
"[19.301434980237378, 1.1822083991091343, -0.8607043637086449, 0.03739815006312845]",50.74256487447848,1.9330460049602027
"[19.336794591812197, 1.182234622558808, -0.8626005005651977, 0.03730185283468688]",50.745643280957324,1.9361891691959106
"[19.372096159605498, 1.1822494530254952, -0.8644922105308436, 0.03720675715546716]",50.7487330454268,1.939332333431618
"[19.40733874212061, 1.1822529716116241, -0.8663794462684018, 0.037112856639283945]",50.75183420059473,1.9424754976673257
"[19.442521500221716, 1.1822452590991375, -0.8682621658871192, 0.037020144632566004]",50.75494679014233,1.9456186619030336
"[19.477643921975226, 1.1822263956538719, -0.8701403449407651, 0.03692861364603218]",50.75807085408261,1.948761826138741
"[19.51270492157253, 1.1821964612437814, -0.8720139282295593, 0.036838257710458566]",50.761206430132475,1.9519049903744488
"[19.54770382563827, 1.1821555352608717, -0.8738828825560515, 0.0367490697939004]",50.76435356053103,1.9550481546101566
"[19.58263962838542, 1.1821036971171166, -0.8757471569125029, 0.03666104372644183]",50.76751228192911,1.958191318845864
"[19.61751175345275, 1.1820410252996825, -0.8776067231517685, 0.0365741722651006]",50.770682652696664,1.9613344830815718
"[19.652318923335592, 1.1819675992840146, -0.8794615156799855, 0.03648844992252526]",50.77386469297418,1.9644776473172796
"[19.687060576254943, 1.1818834969975367, -0.8813115070075861, 0.03640386943784007]",50.777058462920074,1.967620811552987
"[19.721735619203727, 1.181788797327381, -0.8831566412821091, 0.03632042486018847]",50.78026400122328,1.9707639757886948
"[19.756343118920864, 1.181683578757488, -0.8849968711148535, 0.03623810983984215]",50.78348135482909,1.9739071400244022
"[19.790882042226347, 1.1815679200508307, -0.8868321437551696, 0.036156918256919676]",50.78671056501933,1.97705030426011
"[19.825351616535155, 1.181441899050409, -0.888662420242402, 0.03607684337457276]",50.789951680939936,1.9801934684958176
"[19.859750530135855, 1.181305595589948, -0.8904876329351481, 0.03599787969929346]",50.79320474713256,1.9833366327315252
"[19.894078164780048, 1.1811590868903072, -0.8923077509418686, 0.03592002012766126]",50.79646981942862,1.9864797969672328
"[19.928333035649672, 1.1810024538908095, -0.8941226973587316, 0.03584325951534355]",50.79974693229922,1.9896229612029406
"[19.962514455777182, 1.180835774218513, -0.8959324375236696, 0.03576759089680956]",50.80303614939074,1.992766125438648
"[19.996621122216915, 1.1806591285321262, -0.8977369040859116, 0.03569300866569351]",50.806337511437825,1.9959092896743558
"[20.030651903461468, 1.180472597038126, -0.8995360387351972, 0.035619506801257896]",50.80965107082743,1.9990524539100636
"[20.06460588780408, 1.180276258963367, -0.901329794719131, 0.03554707878868968]",50.8129768852355,2.002195618145771
"[20.098481643021405, 1.1800701968567235, -0.9031180977297053, 0.03547571919773776]",50.81631499831396,2.005338782381479
"[20.132278229437368, 1.1798544907712112, -0.9049008994213845, 0.03540542151954542]",50.819665472343466,2.0084819466171866
"[20.1659942414177, 1.179629224091171, -0.9066781268051691, 0.03533618018741097]",50.823028349641056,2.011625110852894
"[20.199628521173583, 1.1793944791579067, -0.9084497199197602, 0.03526798907741296]",50.82640369059898,2.014768275088602
"[20.23317997655599, 1.1791503382707578, -0.9102156221922315, 0.03520084190302654]",50.82979155815021,2.017911439324309
"[20.266647169206067, 1.1788968867879055, -0.9119757587684091, 0.0351347330315748]",50.833191999265736,2.021054603560017
"[20.3000287763629, 1.1786342099550693, -0.9137300608376001, 0.035069656544843106]",50.83660507122929,2.024197767795725
"[20.33332356768783, 1.1783623929433173, -0.9154784643885333, 0.03500560629829736]",50.84003083860446,2.027340932031432
"[20.366530080539444, 1.1780815235261457, -0.9172208931535006, 0.034942576544944405]",50.84346935174363,2.03048409626714
"[20.3996471129464, 1.177791688050617, -0.9189572844880374, 0.03488056098871832]",50.84692068390144,2.033627260502848
"[20.432673104940328, 1.1774929767600695, -0.9206875569128774, 0.03481955395244758]",50.850384883219576,2.036770424738555
"[20.465606648574482, 1.1771854794982364, -0.92241163687108, 0.03475954940966436]",50.85386201585446,2.039913588974263
"[20.498446236095457, 1.1768692879666376, -0.9241294455240187, 0.034700541453072664]",50.85735214336679,2.043056753209971
"[20.53119054725139, 1.1765444929950577, -0.9258409137775488, 0.03464252377656029]",50.86085533112099,2.046199917445678
"[20.563837955176556, 1.176211189404382, -0.9275459564420244, 0.0345854905554957]",50.86437164778327,2.049343081681386
"[20.596386882030128, 1.175869472682936, -0.9292444908417387, 0.03452943580056431]",50.86790115194683,2.0524862459170934
"[20.628835658206977, 1.175519440472653, -0.9309364294608392, 0.03447435360112446]",50.87144390483434,2.055629410152801
"[20.66118289722193, 1.1751611885128028, -0.9326216994800477, 0.03442023749143362]",50.87499998806142,2.058772574388509
"[20.693426857264768, 1.1747948175968694, -0.934300209488287, 0.034367081530000274]",50.87856946606853,2.0619157386242164
"[20.725565795644226, 1.174420429922033, -0.9359718679804725, 0.034314879684821935]",50.882152399960326,2.065058902859924
"[20.757597977475477, 1.1740381290026427, -0.9376365838025615, 0.034263625819658514]",50.885748864105544,2.0682020670956316
"[20.789521821427243, 1.1736480178752942, -0.9392942737080229, 0.034213313467154]",50.88935893816318,2.0713452313313394
"[20.821335412129013, 1.1732502050653486, -0.940944837030159, 0.03416393659823825]",50.892982683839726,2.074488395567047
"[20.85303703839312, 1.172844798121315, -0.9425881836368909, 0.034115488766168434]",50.89662018187706,2.0776315598027546
"[20.884624717759255, 1.1724319096254314, -0.9442242092631028, 0.03406796384068786]",50.90027150019862,2.080774724038462
"[20.916096715069635, 1.172011650598157, -0.9458528223873294, 0.03402135521421866]",50.90393672361614,2.08391788827417
"[20.947451113031573, 1.171584136084197, -0.9474739219744575, 0.03397565645198759]",50.907615926770184,2.0870610525098776
"[20.978685756392508, 1.171149486212096, -0.9490873946263266, 0.03393086135024468]",50.9113091774853,2.090204216745585
"[21.009798791707503, 1.1707078188091486, -0.950693142473347, 0.03388696315352516]",50.91501656647796,2.093347380981293
"[21.040788244592424, 1.1702592551753885, -0.9522910613071504, 0.033843955171750664]",50.918738170058454,2.096490545217
"[21.07165194709433, 1.1698039213542386, -0.9538810368595729, 0.03380183086469832]",50.922474071925436,2.099633709452708
"[21.10238784010409, 1.1693419438333241, -0.9554629603966269, 0.033760583417731874]",50.9262243535375,2.102776873688416
"[21.13299365914518, 1.168873454264746, -0.9570367125335708, 0.03372020616555589]",50.929989095181945,2.105920037924123
"[21.16346740395028, 1.1683985823865228, -0.9586021873859527, 0.03368069196568293]",50.933768389939004,2.109063202159831
"[21.193806679061062, 1.167917466224892, -0.9601592586688127, 0.03364203406136741]",50.93756231787293,2.112206366395539
"[21.22400925794505, 1.1674302434782051, -0.9617078086930159, 0.033604225337815874]",50.94137097102221,2.115349530631246
"[21.254072788756776, 1.166937056171905, -0.9632477132480683, 0.03356725870003765]",50.94519443106125,2.118492694866954
"[21.283994890996787, 1.1664380492219306, -0.9647788465658667, 0.03353112694383273]",50.949032795940596,2.121635859102662
"[21.313773250215608, 1.1659333688755642, -0.9663010861548992, 0.03349582264188113]",50.952886155753326,2.124779023338369
"[21.34340535576172, 1.1654231671902342, -0.9678142993849665, 0.03346133845389474]",50.95675460617665,2.127922187574077
"[21.372888639172732, 1.1649075998781555, -0.9693183505819604, 0.03342766694928367]",50.960638234765874,2.1310653518097844
"[21.402220589263333, 1.1643868243424251, -0.9708131068921265, 0.0333948004739304]",50.964537140630604,2.134208516045492
"[21.43139859527501, 1.1638610024642528, -0.9722984302726003, 0.033362731327846895]",50.96845142327699,2.1373516802812
"[21.460420039908165, 1.1633302990400423, -0.9737741822324093, 0.03333145165598179]",50.97238117708272,2.1404948445169074
"[21.48928219149672, 1.1627948838195834, -0.9752402183454709, 0.03330095356122744]",50.97632650626815,2.1436380087526152
"[21.517982262564086, 1.1622549305644065, -0.9766963912367477, 0.033271229033214805]",50.98028751017811,2.146781172988323
"[21.546517465967337, 1.1617106160560688, -0.9781425534262874, 0.033242269887180924]",50.98426429168825,2.1499243372240304
"[21.574885015689958, 1.1611621200951545, -0.9795785573527332, 0.033214067764287966]",50.98825695933812,2.1530675014597382
"[21.60308177599443, 1.1606096324326263, -0.9810042376264466, 0.03318661447088677]",50.992265608894755,2.156210665695446
"[21.631104952057765, 1.160053339434606, -0.982419445974197, 0.03315990129273939]",50.99629035593918,2.1593538299311534
"[21.658951531090572, 1.1594934349631758, -0.9838240229443941, 0.03313391954691755]",51.000331313026955,2.1624969941668613
"[21.68661831108524, 1.1589301200778555, -0.9852177994018335, 0.03310866053516083]",51.00438858504552,2.1656401584025686
"[21.714102275857066, 1.1583635955035898, -0.9866006154255272, 0.033084115195481205]",51.008462289120324,2.1687833226382764
"[21.74140004644684, 1.1577940729192275, -0.987972292679813, 0.03306027459597671]",51.01255253162343,2.1719264868739843
"[21.7685085146762, 1.1572217619601295, -0.989332666284028, 0.03303712936637161]",51.01665943752796,2.1750696511096916
"[21.795424287069203, 1.1566468818322555, -0.9906815568507189, 0.033014670184993565]",51.02078312016238,2.1782128153453995
"[21.822143942376314, 1.1560696560691985, -0.9920187834378791, 0.03299288754589743]",51.0249236968777,2.1813559795811073
"[21.84866404047234, 1.1554903123699862, -0.993344163979196, 0.03297177175155404]",51.02908129273891,2.1844991438168146
"[21.874981116663044, 1.1549090827434927, -0.9946575149814796, 0.03295131291801513]",51.033256029527145,2.1876423080525225
"[21.90109147029931, 1.1543262082780759, -0.9959586409806024, 0.03293150113358951]",51.03744803099193,2.19078547228823
"[21.926991570061432, 1.1537419302202019, -0.9972473547518664, 0.0329123261436348]",51.041657428369724,2.1939286365239377
"[21.952677608896376, 1.1531564999606225, -0.9985234551233108, 0.03289377768647224]",51.04588434486209,2.197071800759645
"[21.978145778950385, 1.1525701729782127, -0.9997867406781906, 0.03287584528056594]",51.050128910300074,2.200214964995353
"[22.00339218987267, 1.151983210729647, -1.0010370056821916, 0.03285851828345121]",51.05439125648879,2.2033581292310607
"[22.028412976875284, 1.1513958781713136, -1.0022740454223298, 0.03284178581696521]",51.05867152300036,2.206501293466768
"[22.053204006165913, 1.1508084507170986, -1.0034976416352361, 0.03282563696285663]",51.0629698389528,2.209644457702476
"[22.077761373688276, 1.1502212025225802, -1.0047075871373192, 0.03281006043189594]",51.067286356263935,2.2127876219381832
"[22.102080704897304, 1.1496344231716418, -1.0059036512792774, 0.032795045014462676]",51.07162120015167,2.215930786173891
"[22.126157853623877, 1.149048401053004, -1.0070856143933693, 0.03278057913208866]",51.075974519482216,2.2190739504095984
"[22.149988438142973, 1.1484634345106612, -1.0082532449387838, 0.032766651129072066]",51.08034645981197,2.2222171146453062
"[22.17356809432821, 1.1478798257427112, -1.0094063119364884, 0.032753249117206916]",51.08473716967497,2.225360278881014
"[22.196892379680033, 1.147297883130709, -1.0105445802364792, 0.03274036103552653]",51.08914679641476,2.2285034431167214
"[22.219956565662226, 1.1467179264963046, -1.0116678004056303, 0.032727974760452715]",51.093575488633675,2.2316466073524293
"[22.242756058105968, 1.14614027661414, -1.0127757292340167, 0.03271607787462738]",51.09802340578559,2.234789771588137
"[22.265286130140208, 1.14556526184483, -1.013868116677279, 0.03270465781796906]",51.10249069892361,2.2379329358238444
"[22.287541844086515, 1.144993220188927, -1.0149447020989852, 0.03269370192339858]",51.10697752166049,2.2410761000595523
"[22.30951838996305, 1.1444244905890693, -1.0160052306489635, 0.03268319725068162]",51.11148404945189,2.2442192642952596
"[22.3312106819144, 1.1438594232652417, -1.017049433723694, 0.032673130788698795]",51.116010436317,2.2473624285309675
"[22.352613538380353, 1.1432983750984107, -1.0180770377075323, 0.03266348936581656]",51.12055684809315,2.2505055927666753
"[22.373721750508203, 1.1427417077742827, -1.019087767238597, 0.03265425962417361]",51.12512344638041,2.2536487570023827
"[22.39453009451448, 1.142189787343798, -1.0200813457447402, 0.03264542802339425]",51.12971041679453,2.2567919212380905
"[22.415033074336705, 1.1416429909781167, -1.0210574831404937, 0.03263698095509146]",51.13431792500027,2.2599350854737983
"[22.435225176902982, 1.1411017001512147, -1.0220158880362322, 0.032628904637397045]",51.13894614572182,2.2630782497095057
"[22.45510076510282, 1.140566303374896, -1.0229562626110102, 0.03262118516763427]",51.143595257613235,2.2662214139452135
"[22.474654102044497, 1.140037195446031, -1.023878303759045, 0.03261380851944182]",51.14826544237322,2.2693645781809213
"[22.493879375583106, 1.1395147766503448, -1.0247817042242235, 0.03260676054248551]",51.152956884014735,2.2725077424166287
"[22.512770749671095, 1.138999451203564, -1.0256661549590345, 0.03260002695511196]",51.15766978783668,2.2756509066523365
"[22.531321871330658, 1.1384916405757142, -1.0265313220826435, 0.03259359352701853]",51.162404304900726,2.2787940708880443
"[22.54952683368625, 1.1379917570110525, -1.027376891885852, 0.032587445750749414]",51.16716066229016,2.2819372351237517
"[22.567379249223727, 1.1375002286587306, -1.028202527508477, 0.03258156917980014]",51.171939041677284,2.2850803993594595
"[22.584872664085566, 1.1370174880517074, -1.029007888317018, 0.03257594929479102]",51.17673963909027,2.288223563595167
"[22.60200065527073, 1.1365439691639538, -1.0297926342822508, 0.032570571489984476]",51.18156266871074,2.2913667278308747
"[22.618756525985226, 1.1360801155679288, -1.0305564119364055, 0.03256542118652308]",51.18640832810459,2.2945098920665825
"[22.635133425129034, 1.1356263768763895, -1.0312988599345259, 0.03256048380855887]",51.19127681930213,2.29765305630229
"[22.651124563323595, 1.135183202454816, -1.032019618788608, 0.03255574473732171]",51.19616836410074,2.3007962205379977
"[22.666722892055255, 1.134751049991691, -1.032718316262528, 0.032551189427910965]",51.20108318229647,2.3039393847737055
"[22.681921182139583, 1.134330382983354, -1.0333945710078758, 0.03254680340451399]",51.2060214737879,2.307082549009413
"[22.696712183542886, 1.1339216659384774, -1.0340479996573475, 0.03254257223664506]",51.21098347380442,2.3102257132451207
"[22.711088457381706, 1.1335253686411582, -1.0346782092802649, 0.032538481611660404]",51.2159694020353,2.313368877480828
"[22.725042377930038, 1.1331419656610842, -1.035284797530125, 0.032534517358859136]",51.22097948136682,2.316512041716536
"[22.73856635280482, 1.1327719298671672, -1.0358673621538048, 0.0325306654136345]",51.22601396269395,2.3196552059522437
"[22.751652404243494, 1.1324157434412412, -1.036425482826451, 0.03252691196478879]",51.23107306408377,2.322798370187951
"[22.76429259045787, 1.1320738858326074, -1.036958739327453, 0.03252324336451168]",51.23615703517596,2.325941534423659
"[22.776478688406876, 1.1317468418735193, -1.0374666979343985, 0.032519646251075195]",51.241266102751176,2.3290846986593663
"[22.788202484335493, 1.1314350933853434, -1.037948923600363, 0.03251610749718208]",51.24640053676899,2.332227862895074
"[22.799455453795414, 1.131139127179788, -1.0384049665737676, 0.03251261433951047]",51.251560576643946,2.3353710271307815
"[22.810228997836298, 1.1308594281185833, -1.0388343721712479, 0.03250915434543044]",51.25674648025454,2.3385141913664893
"[22.820514324900014, 1.130596481608249, -1.0392366758745204, 0.03250571548735738]",51.261958502235856,2.3416573556021967
"[22.83030247819775, 1.1303507721813921, -1.0396114044348617, 0.03250228617553148]",51.26719690816755,2.3448005198379045
"[22.839584345869202, 1.1301227825366966, -1.0399580762072127, 0.032498855296870216]",51.272461962264906,2.3479436840736123
"[22.848350680337184, 1.1299129923824505, -1.0402762017277245, 0.03249541225011936]",51.27775394791644,2.3510868483093197
"[22.85659198632095, 1.129721880363201, -1.0405652795718312, 0.032491947035555066]",51.283073129040424,2.3542300125450275
"[22.864298635465744, 1.1295499204669854, -1.0408248005431804, 0.03248845026010684]",51.28841979245386,2.357373176780735
"[22.87146083850658, 1.129397581970026, -1.0410542464297627, 0.03248491319447226]",51.29379422485953,2.3605163410164427
"[22.878068579821292, 1.1292653299957396, -1.0412530878078008, 0.03248132785663377]",51.299196713486644,2.3636595052521505
"[22.884111665605733, 1.1291536235047541, -1.0414207856699482, 0.032477687046050766]",51.304627548965094,2.366802669487858
"[22.889579732783865, 1.1290629142927924, -1.0415567914776638, 0.03247398439144154]",51.31008703271987,2.3699458337235657
"[22.894462229895037, 1.1289936465443084, -1.0416605463377553, 0.03247021441478904]",51.31557547566535,2.3730889979592735
"[22.898748378443322, 1.128946256410833, -1.0417314800998976, 0.03246637262128257]",51.32109318436812,2.376232162194981
"[22.902427216383355, 1.1289211703420226, -1.0417690122771208, 0.032462455530076074]",51.326640475766574,2.3793753264306887
"[22.9054875783782, 1.1289188044777645, -1.0417725513340492, 0.03245846074832511]",51.33221766783699,2.3825184906663965
"[22.907918077698167, 1.1289395636108512, -1.0417414945750716, 0.0324543870611169]",51.33782508139044,2.385661654902104
"[22.90970713348763, 1.1289838403068013, -1.0416752277572157, 0.03245023445557757]",51.3434630575783,2.3888048191378117
"[22.910842934063474, 1.1290520136735522, -1.041573125188688, 0.03244600424545809]",51.34913192884203,2.3919479833735195
"[22.91131345347451, 1.1291444482988133, -1.041434549537358, 0.03244169911901528]",51.354832024745406,2.395091147609227
"[22.9111064430363, 1.1292614938491499, -1.0412588506129636, 0.032437323195174235]",51.3605637171189,2.3982343118449347
"[22.910209422661747, 1.1294034829922552, -1.041045366625224, 0.032432882147879726]",51.36632734479187,2.401377476080642
"[22.908609675717596, 1.1295707314438745, -1.0407934222227133, 0.032428383242535684]",51.37212328141643,2.40452064031635
"[22.906294255879438, 1.1297635353138036, -1.0405023305609182, 0.03242383546500308]",51.37795188806228,2.4076638045520578
"[22.903249968908575, 1.129982171581262, -1.0401713906294319, 0.03241924956124644]",51.38381353855164,2.410806968787765
"[22.899463374914582, 1.1302268961077795, -1.0397998882581843, 0.03241463814880787]",51.38970861427883,2.413950133023473
"[22.894920794144927, 1.13049794196946, -1.039387096629003, 0.03241001581218088]",51.39563749969024,2.4170932972591808
"[22.88960825068841, 1.130795521289528, -1.0389322714222662, 0.032405399144791736]",51.40160060729465,2.420236461494888
"[22.88351156019863, 1.1311198186642688, -1.0384346587550328, 0.032400806931586944]",51.40759832809519,2.423379625730596
"[22.87661626244124, 1.131470993793711, -1.0378934890840157, 0.03239626017750793]",51.413631063944955,2.4265227899663038
"[22.868907572078932, 1.1318491822219323, -1.0373079738760729, 0.032391782189300264]",51.419699252260045,2.429665954202011
"[22.860370485885795, 1.1322544884482686, -1.0366773140550742, 0.032387398748491336]",51.42580331514445,2.432809118437719
"[22.850989696305245, 1.1326869888671887, -1.0360006932858186, 0.03238313816001531]",51.43194368482962,2.4359522826734263
"[22.840749610236173, 1.1331467293063373, -1.0352772795536904, 0.03237903137407548]",51.43812080644785,2.439095446909134
"[22.829634351805613, 1.1336337234487615, -1.0345062253826056, 0.032375112096668504]",51.44433513524081,2.442238611144842
"[22.81762773766414, 1.1341479524515758, -1.033686666144664, 0.03237141689297118]",51.45058712800553,2.4453817753805493
"[22.804713252073146, 1.1346893644472509, -1.0328177184782958, 0.032367985298827846]",51.45687726987249,2.448524939616257
"[22.79087415226079, 1.135257868650367, -1.0318984873820138, 0.032364859966337894]",51.46320602498783,2.4516681038519645
"[22.776093232857047, 1.1358533435881653, -1.0309280505225997, 0.0323620867295029]",51.46957390600167,2.4548112680876724
"[22.76035308700023, 1.1364756247965797, -1.0299054756493575, 0.032359714791082225]",51.475981413303955,2.4579544323233797
"[22.743636032070395, 1.1371245066052047, -1.028829815425367, 0.03235779682139907]",51.48242903769973,2.4610975965590876
"[22.725923794302805, 1.1377997526816446, -1.0277000872739102, 0.03235638906202009]",51.488917343234384,2.464240760794795
"[22.707198023161453, 1.1385010745119544, -1.0265153064622612, 0.03235555152090272]",51.495446845871584,2.4673839250305027
"[22.687439862168322, 1.1392281463624045, -1.0252744585629283, 0.03235534807004972]",51.50201810612273,2.4705270892662106
"[22.666630168643664, 1.1399805952879527, -1.023976513461476, 0.03235584660920782]",51.50863168402209,2.473670253501918
"[22.644749398948914, 1.1407580037693315, -1.0226204180903458, 0.03235711921332882]",51.5152881602416,2.4768134177376258
"[22.62177767492745, 1.141559905636504, -1.0212051005526166, 0.032359242288208925]",51.52198811928356,2.479956581973333
"[22.597694613911067, 1.1423857902651269, -1.0197294596325532, 0.03236229675125116]",51.52873218550631,2.483099746209041
"[22.572479656286763, 1.1432350895244412, -1.0181923848673353, 0.03236636816385937]",51.53552095795897,2.4862429104447488
"[22.546111621091267, 1.1441071912015675, -1.0165927292800088, 0.0323715469662763]",51.54235508931762,2.489386074680456
"[22.518569079633888, 1.145001424464981, -1.0149293321584134, 0.03237792860821736]",51.54923522514557,2.492529238916164
"[22.489830074016623, 1.1459170673330892, -1.013201001883812, 0.03238561379404575]",51.55616204660292,2.4956724031518718
"[22.459872272547667, 1.1468533395549583, -1.0114065252920696, 0.032394708655377996]",51.563136239990534,2.498815567387579
"[22.428672848234573, 1.1478094044150882, -1.0095446602921696, 0.0324053249975516]",51.57015851890113,2.501958731623287
"[22.39620866064094, 1.1487843610216468, -1.0076141466353974, 0.03241758046176964]",51.57722960164679,2.505101895858995
"[22.362455965956727, 1.1497772509368696, -1.005613688527757, 0.03243159886083455]",51.58435024365492,2.508245060094702
"[22.32739065862913, 1.1507870485219096, -1.003541968918832, 0.032447510340163216]",51.59152121008252,2.51138822433041
"[22.290988059794316, 1.1518126647271534, -1.001397636841197, 0.03246545172684517]",51.59874329505384,2.5145313885661174
"[22.25322297500034, 1.1528529426654925, -0.9991793107469136, 0.03248556679229375]",51.60601732554374,2.517674552801825
"[22.214069765860035, 1.1539066529265114, -0.9968855825721398, 0.032508006507086205]",51.61334413824855,2.520817717037533
"[22.173502507319636, 1.1549724868286244, -0.9945150267124412, 0.03253292923863029]",51.620724575654904,2.5239608812732404
"[22.131494247211382, 1.1560490728772836, -0.9920661565824654, 0.032560501532436975]",51.62815955936568,2.527104045508948
"[22.08801786567777, 1.1571349507555757, -0.9895374747014493, 0.03259089794702456]",51.63564999577335,2.530247209744656
"[22.043045552066495, 1.1582285816853708, -0.9869274419167301, 0.0326243017440198]",51.643196839131384,2.5333903739803634
"[21.996548762452235, 1.1593283453422083, -0.9842344748134647, 0.03266090534598323]",51.65080108501533,2.536533538216071
"[21.948498613639362, 1.160432526505448, -0.9814569683197925, 0.03270091045660412]",51.658463741266225,2.539676702451779
"[21.898865793049648, 1.161539313722067, -0.9785932901168801, 0.032744528533695534]",51.66618582533926,2.5428198666874864
"[21.847619568568767, 1.162646816524454, -0.9756417232997892, 0.032791982165824136]",51.67396847581039,2.545963030923194
"[21.794729308157844, 1.163753026629769, -0.9726005537716529, 0.03284350425811696]",51.681812790096025,2.5491061951589016
"[21.740163661950515, 1.1648558316246653, -0.9694680226454357, 0.032899339258437715]",51.68971990921315,2.5522493593946094
"[21.68389014256387, 1.1659530172753965, -0.9662423018882059, 0.03295974421756352]",51.69769106432057,2.555392523630317
"[21.625876134969616, 1.1670422413217543, -0.9629215518968693, 0.0330249883727203]",51.70572747168138,2.5585356878660246
"[21.566087690784233, 1.1681210504305304, -0.9595038519818097, 0.03309535512490784]",51.713830449550805,2.5616788521017324
"[21.504490395172, 1.1691868563061396, -0.9559872496128038, 0.03317114183518357]",51.72200133633494,2.5648220163374402
"[21.441049188089067, 1.170236932063615, -0.9523697496446043, 0.03325266076518198]",51.730241514049766,2.5679651805731476
"[21.37572789319023, 1.171268411783755, -0.9486492869388115, 0.033340240525936815]",51.738552440185586,2.5711083448088554
"[21.308489561291708, 1.1722782753690069, -0.944823745430393, 0.033434226582869785]",51.746935622688575,2.574251509044563
"[21.239296923583627, 1.1732633327781965, -0.9408909832425519, 0.03353498154543144]",51.755392589681726,2.5773946732802706
"[21.168110967028262, 1.174220234185408, -0.9368487510230042, 0.033642888264039744]",51.76392499592875,2.580537837515978
"[21.09489221955453, 1.175145439311182, -0.9326947643326793, 0.03375834916321513]",51.772534523809206,2.583681001751686
"[21.01960060071173, 1.1760352083773238, -0.9284266942859816, 0.03388178758640564]",51.781222900879115,2.586824165987393
"[20.942193563895923, 1.1768856093982782, -0.9240420614416277, 0.034013652246810105]",51.789992043775406,2.589967330223101
"[20.862629541781327, 1.1776924633370938, -0.9195384301402926, 0.03415441295416794]",51.79884378297601,2.5931104944588084
"[20.780864202064325, 1.178451369147022, -0.9149131953810279, 0.03430456853102674]",51.80778016810623,2.596253658694516
"[20.696853167837812, 1.1791576564320077, -0.9101637357857029, 0.03446464382901711]",51.81680325011237,2.599396822930224
"[20.610550227817026, 1.1798063825437937, -0.9052873111348984, 0.034635194833608926]",51.82591522379091,2.6025399871659314
"[20.521907981017677, 1.1803923031916428, -0.9002810975749784, 0.0348168096072494]",51.8351183746075,2.605683151401639
"[20.430878419651336, 1.1809098445973512, -0.8951422190965431, 0.03501010926605577]",51.84441504692715,2.608826315637347
"[20.337411035066335, 1.181353087024004, -0.8898676390546706, 0.035215754423907064]",51.85380777157634,2.6119694798730544
"[14.631093602750253, 1.1798515113044177, -0.9049249441262185, 0.047482171575586235]",45.56500717936086,2.615112644108762
"[14.567099955137362, 1.1804705673301936, -0.8995550790382423, 0.04773525388310328]",45.57446030443555,2.61825580834447
"[14.501406736007189, 1.1810091782338201, -0.8940472137466311, 0.04800565859363614]",45.58400946021355,2.6213989725801774
"[14.433979230787013, 1.1814607444315959, -0.8883982862706356, 0.04829435865689498]",45.59365710880847,2.624542136815885
"[14.364781325449309, 1.1818182375436745, -0.8826050945625171, 0.04860238752358448]",45.603405891034015,2.6276853010515926
"[14.293776110611875, 1.1820741546581766, -0.8766643450431768, 0.048930841141767205]",45.61325853911843,2.6308284652873004
"[14.22092480176943, 1.1822204754899197, -0.8705725599413313, 0.049280887997491286]",45.6232179988014,2.6339716295230082
"[14.146188948276844, 1.1822486048758842, -0.8643262594482871, 0.04965376412157247]",45.63328719837511,2.6371147937587156
"[14.069527304891128, 1.1821493192678245, -0.8579216972596454, 0.05005079432552175]",45.64346937387499,2.6402579579944234
"[13.990898311376874, 1.1819126956321555, -0.8513550646930571, 0.050473386980320646]",45.65376782128503,2.6434011222301312
"[13.910259011483456, 1.1815280365619856, -0.844622396743815, 0.05092304685244228]",45.66418600601832,2.6465442864658386
"[13.827564975358138, 1.1809837808772228, -0.8377195616479006, 0.05140138416885291]",45.674727563834765,2.6496874507015464
"[13.742770302944576, 1.1802674011425822, -0.8306422567179172, 0.05191012429270991]",45.6853963101849,2.6528306149372542
"[13.655827219000194, 1.1793652809892246, -0.8233859695332824, 0.052451121157971924]",45.6961962796722,2.6559737791729616
"[13.566686998106155, 1.1782625865045, -0.8159460494854275, 0.053026363911877074]",45.70713163066511,2.6591169434086694
"[13.475298692797853, 1.176943091977178, -0.8083175952237972, 0.053637998851424]",45.71820676961132,2.6622601076443773
"[13.381609829173335, 1.1753889963778228, -0.8004955054351028, 0.054288341245356975]",45.729426288006636,2.6654032718800846
"[13.285565010366287, 1.1735806720894055, -0.7924743539088235, 0.054979903820320336]",45.74079506686831,2.6685464361157925
"[13.187108677815445, 1.1714964434777266, -0.7842486105686113, 0.055715398735328804]",45.7523180496152,2.6716896003515
"[13.08618114821085, 1.169112183115211, -0.7758122994433411, 0.05649779158167343]",45.76400055846664,2.6748327645872076
"[12.982721365976255, 1.1664009634645902, -0.7671592156975463, 0.057330311505270674]",45.775848058393954,2.6779759288229155
"[12.87666570522805, 1.1633325405920885, -0.7582828105206622, 0.0582164956483928]",45.78786621863292,2.681119093058623
"[12.767947272698382, 1.1598727173607275, -0.7491761149377064, 0.059160238362926436]",45.800060970235144,2.6842622572943307
"[12.65649778914571, 1.155982630968771, -0.7398318762026622, 0.06016582729163528]",45.81243826726974,2.6874054215300385
"[12.542244020471394, 1.1516176490872903, -0.7302422331674099, 0.06123803959747586]",45.82500437125676,2.690548585765746
"[12.425111139099306, 1.1467262068684267, -0.7203989668028584, 0.062382193224239914]",45.83776544081423,2.6936917500014537
"[12.305019550774817, 1.1412480031370873, -0.7102931951520374, 0.06360428037311475]",45.85072771274294,2.696834914237161
"[12.18188711498829, 1.1351118276525989, -0.6999155109729672, 0.06491108157933768]",45.86389712043717,2.699978078472869
"[12.055627393537131, 1.128232377607692, -0.6892557715552896, 0.06631036398405663]",45.87727919834304,2.7031212427085762
"[11.92614999078494, 1.120505885688057, -0.6783030440878131, 0.06781112706226694]",45.8908786752908,2.706264406944284
"[11.793359309086622, 1.1118036633433108, -0.6670453868776905, 0.06942397153301141]",45.90469902418773,2.7094075711799914
"[11.657157450504979, 1.1019626721826394, -0.655469935128845, 0.0711615878860171]",45.918741345557706,2.7125507354156992
"[11.51744087327428, 1.090770155497578, -0.6435623808404164, 0.0730396085824102]",45.93300321210038,2.7156938996514066
"[11.37410282221828, 1.0779385476421135, -0.6313068074603394, 0.07507791587354895]",45.947476098697784,2.7188370638871144
"[11.227032999504756, 1.0630602773764364, -0.6186850338717035, 0.07730302035431544]",45.96214105138213,2.7219802281228223
"[11.07612207856665, 1.0455194117062083, -0.6056758289428914, 0.0797526427559515]",45.976959764921574,2.7251233923585296
"[10.921266108794674, 1.0242927363244896, -0.5922527764992404, 0.08248607737301841]",45.99185495480033,2.7282665565942374
"[10.762385481435643, 0.9974015282817394, -0.578379242829603, 0.0856127510217376]",46.00665585988321,2.7314097208299453
"[10.599498020269753, 0.9596939947732709, -0.5639886592281477, 0.08940831103590668]",46.02087953567907,2.7345528850656526
"[3.284268717153599, 1.1710493916588094, -0.7825965908890321, 0.1621212555415894]",89.49242092474978,2.7911298413083907
"[4.475074804340613, 1.1728857950147047, -0.7896271034501061, 0.13333433424717764]",83.74066158165081,2.794273005544098
"[3.8232708132877185, 1.1812111240164933, -0.8403746384592685, 0.14070303443436358]",76.98029541818416,2.797416169779806
"[-0.5162941191245753, 0.594175505789044, -1.0275730220271433, -0.02056780126518057]",67.93600571219187,2.803702498251221
"[0.14187134342750013, 0.5513654638476554, -0.834575090606673, 0.7216021733237591]",61.728907823875936,2.8099888267226367
"[0.5857143570116089, 1.17102197014762, -0.9495544077690967, 0.04174154744358231]",59.680454380781455,2.813131990958344
"[4.286896704936123, 1.170834579748738, -0.7818151535297178, 0.13830789104741076]",58.388921295564415,2.816275155194052
"[0.4762547540613772, 1.182251377280662, -0.8649606566952768, 0.046217778030845674]",58.89929943122704,2.8194183194297593
"[7.868399386394934, 1.1726058931122476, -0.7885115110721509, 0.0869307109307073]",58.53084791704941,2.822561483665467
"[1.3151041036381481, 1.0869935867369709, -1.0922400410708641, 0.19188838362963348]",70.09463321194063,2.8257046479011745
"[8.196710869712895, 1.0638606941945712, -0.6193247798121138, 0.10209393701888386]",58.15798569526452,2.8288478121368823
"[-1.5533923265324625, 0.6208922158050972, -0.6662512309014507, -0.46006973139145835]",44.06578754321417,2.8319909763725897
"[5.628745858501071, 0.913114939086105, -0.5533233480427595, 0.16068426491913163]",54.85122631054482,2.8351341406082975
"[-0.8562162177734125, 0.6024794994561088, -1.040792552618995, -0.5612840695375843]",68.53853785046236,2.8445636333154205
"[14.608689011621985, 1.1670703392158082, -0.9628342197621704, 0.04741466898678215]",83.61325102139091,2.847706797551128
"[-0.5372636835701455, 0.9447473390673016, -0.5597528831344128, -0.7168985764449373]",84.6307711209374,2.8602794544939587
"[0.4597305852098587, 0.5634654827545871, -0.7740607682639877, 0.7701118783500425]",59.81645659273727,2.863422618729666
"[-2.888725718671233, 0.7146454712263249, -0.588385140100131, -0.30394696327720183]",91.43630874868163,2.872852111436789
"[19.051159376785606, 1.1816187069246127, -0.8460037401912543, 0.038135278781082284]",59.95444193186979,2.8791384399082047
"[0.09407199578273247, 0.6702405122092382, -0.6176944225700793, 0.5548049065685785]",63.88354759073078,2.88542476837962
"[-1.0691283951181478, 0.5539499533362992, -0.9171029255292332, -0.5837289376122671]",55.023745747867004,2.8885679326153277
"[7.823383905888405, 1.1786884792225394, -0.913373067480604, 0.08143863431957818]",43.56326291197409,2.894854261086743
"[31.630228014362967, 1.0431378364684705, -1.1280009488047038, 0.02681893226724382]",62.499503317271355,2.8979974253224503
"[8.969249487610968, 1.0958108659503538, -1.0832778868017172, 0.07937470991572386]",83.3270852047649,2.904283753793866
"[-0.24817326443058157, 0.6463492793285949, -1.0934949629435848, 0.23435856575534625]",67.87738181678631,2.9074269180295733
"[9.088584056453117, 1.1571110875536612, -0.9895937035403376, 0.07238014120391302]",78.63270145832783,2.919999574972404
"[23.092531628471022, 1.1307734149845505, -1.038966117803691, 0.03213770552823114]",65.38428591829201,2.923142739208112
"[-0.5247501357673102, 0.7746624041401524, -1.1687675420737693, -0.31119447252900073]",65.58200957527606,2.9262859034438193
"[1.7052822152687672, 1.1419574007076934, -1.0204971910918093, 0.1716300481120007]",81.9226730307368,2.929429067679527
"[12.362608489340737, 1.161409890204091, -0.7531183394236278, 0.060677667836776965]",55.978976280496646,2.9357153961509423
"[19.57566194842366, 1.182235980679303, -0.8627282747673197, 0.03687583295910073]",62.40249872603292,2.93885856038665
"[10.967783321999978, 1.1055242100250575, -0.659530072579816, 0.07479356498077297]",71.09671920414658,2.9420017246223575
"[24.133492932609084, 1.0776940183603316, -1.1009645397399441, 0.03309507085643359]",57.38234630253463,2.954574381565188
"[23.134548512123605, 1.1102025302062228, -1.0669670145383698, 0.032938330596561954]",57.20145746249719,2.9577175458008957
"[7.749650668404341, 1.1805240596704392, -0.899049568358976, 0.08236156510253893]",44.61645869286869,2.960860710036603
"[3.231436194089411, 1.1580580292035165, -0.7447119845316478, 0.1715759024938198]",69.35603811389032,2.9671470385080188
"[-1.1497883847917703, 0.5509555810286891, -0.8930625409970977, -0.5813559658914289]",67.4346280933392,2.970290202743726
"[3.6976611046388355, 0.9928308928878283, -0.5763352798015114, 0.2086309070612368]",85.62296269226512,2.973433366979434
"[17.35439894917468, 1.1615112369431326, -0.7533838377330522, 0.044495623230223096]",61.10525064486713,2.9765765312151413
"[-0.5018949400918831, 0.62274686574175, -1.068053998116554, -0.06542954407164908]",57.66245575216951,2.979719695450849
"[0.15454153850195093, 1.1805182647266277, -0.832946098828063, -0.07362165382389149]",57.20826980011792,2.982862859686557
"[7.944473139991282, 1.0430776670326278, -0.6040091903955114, 0.10737265414429285]",95.9225148371571,2.99229235239368
"[0.9371504153364271, 1.10907807695324, -1.0683256708764446, 0.14226005265098707]",67.26178382837215,3.0205808305150486
"[10.032292502002273, 1.0304270776213602, -0.5958919374394026, 0.08852603051237204]",84.7449013262908,3.0237239947507564
"[2.994612714363444, 1.1487190208718538, -0.7243062489112185, 0.18393385840975846]",84.77807701551352,3.026867158986464
"[2.6412588949725184, 1.0932524446214944, -0.6460984342867587, 0.22384981759958128]",97.41516228775441,3.0300103232221716
"[-0.3443072584089588, 0.5689474198783541, -0.9743982393027893, 0.3461680866113859]",87.19185131772092,3.0488693086364176
"[0.7891801150141491, 0.5722824674193056, -0.9831368350607516, 0.9902167760834921]",68.32536431811825,3.0520124728721254
"[9.860545729515511, 0.9910406980623634, -0.5755582349054428, 0.09314818354964624]",65.62411155047046,3.0551556371078328
"[0.8288193432774413, 0.5729270205596154, -0.9847407682112671, 1.0769984185604065]",44.750343648817136,3.0582988013435406
"[0.3108606031743285, 1.1787729615854887, -0.8192390266060883, 0.035698735107679395]",51.171734119613205,3.0614419655792484
"[0.3037642110869781, 1.1554334233706902, -0.7385773822259858, 0.2723904168583767]",36.27566322126941,3.064585129814956
"[23.602405079798753, 1.102642918772759, -1.0758161366605448, 0.032651222293791436]",57.46441097038658,3.0677282940506636
"[0.4949349736314848, 1.175724557476317, -0.8021001802609127, 0.10954516340033767]",78.99876392805166,3.070871458286371
"[-0.19291258628486005, 0.6985132876699397, -0.5978096492977907, -0.7360013581783249]",82.01082669758735,3.074014622522079
"[1.1308300666688005, 1.1550857480711902, -0.994260022202459, 0.1368469371767934]",57.4422107665705,3.096016772172032
"[6.892236200158217, 1.144617995358554, -0.7164053251852902, 0.10423580792455935]",72.61500202607502,3.1023031006434474
"[7.473615422352984, 1.1585947430818893, -0.7460121474207452, 0.09443735050377423]",48.85177190983139,3.1117325933505704
"[1.353999883313827, 1.1303657716683706, -1.0395885620496204, 0.16522445002547875]",41.97684397520645,3.114875757586278
"[-0.08507847508003057, 0.6272594388148375, -1.0733676666546388, 0.4042312961917396]",46.00205341599787,3.1180189218219856
"[1.682136728393025, 1.1178743891359046, -0.6747871006717325, 0.2487152065237776]",62.73795165452943,3.1211620860576934
"[0.14542972118550987, 1.1790187750099617, -0.9111380358167323, -0.16827458273454088]",57.08389215143964,3.124305250293401
"[5.630926909057148, 0.8587929189469646, -0.5498803561194703, 0.1662742921353672]",67.74442335974902,3.1305915787648164
"[1.7120612050621735, 1.0169040099950577, -1.1439384228892309, 0.2489338773215522]",60.94353178636325,3.133734743000524
"[3.742473779177697, 1.1305413997879918, -0.6927300262978403, 0.16902099392493578]",86.24924882445967,3.1368779072362316
"[1.8691038099668946, 1.1794996812682148, -0.9076652567622092, 0.16794599145673456]",87.589441575913,3.1525937284147703
"[2.3522721686126244, 1.1216686379457639, -1.0521612058954914, 0.17758323040136376]",59.73496752906656,3.1620232211218933
"[23.39480482314382, 1.095732284707343, -1.0833609711834513, 0.03323831228219741]",63.622008533205,3.1714527138290163
"[1.2402303992594996, 0.7423084149350041, -0.5750028846041699, 0.4203694523245465]",58.87848313810068,3.1808822065361384
"[0.6511566807560639, 0.5621365211315672, -0.7785522821984948, 0.9822329643452428]",98.86889672928713,3.1840253707718467
"[14.585126963886154, 1.1774377850936033, -0.9210011144874144, 0.04747531852616309]",58.64651763166177,3.1903116992432614
"[1.651026562847545, 1.0718759906876425, -1.1060785976219774, 0.2109153235053006]",55.738749121833244,3.2028843561860922
"[1.8801665197670097, 1.1376474251239093, -1.0279558750474465, 0.17515815706832175]",78.61625843490009,3.2060275204218
"[-1.9498674635951088, 0.6841524469250302, -0.6073320958632348, -0.3952335407267953]",59.623624462768944,3.2217433416003383
"[22.8795982280528, 1.1366616405254937, -1.0295981012695614, 0.03219387113596419]",61.676115391903714,3.2248865058360456
"[7.972826347177652, 0.9789282607730445, -0.5706393091831538, 0.11361546168446023]",78.28270142193227,3.2406023270145843
"[54.30458314903135, 1.0035025214392623, -1.1508060950561174, 0.016740172967902974]",85.47575045513025,3.2437454912502917
"[8.112556124443309, 1.1688099968005399, -0.9572476063014446, 0.07890534835349325]",47.608876810971935,3.246888655485999
"[7.780285015806527, 1.1792299292529096, -0.9096479349581174, 0.0818703937329064]",95.28762077139886,3.2531749839574147
"[2.3322844951675097, 1.1062830100430403, -1.0716373748242511, 0.18452706521441886]",56.7602028483227,3.256318148193122
"[-1.889793336064187, 0.660193800713936, -0.6259559322195993, -0.40912922870411667]",66.85525095309745,3.2594613124288294
"[-0.12526688823564658, 0.6839775820361427, -1.1245956855197898, 0.22462954651568826]",71.15698560050514,3.2626044766645377
"[12.021070010947021, 1.1559013169971273, -0.7396452038356709, 0.06302827230228032]",61.248057855163,3.265747640900245
"[0.06383327882941695, 0.5582451010367454, -0.7934217865154956, 0.7306569593038496]",73.4762468133003,3.2688908051359524
"[15.188921238615848, 1.1604885998044465, -0.9813138515562287, 0.04595771389857084]",57.752075213314406,3.2720339693716607
"[7.0431908398142475, 1.162497525160326, -0.7560059452927272, 0.09813537607848838]",69.0870759871138,3.275177133607368
"[0.8027307966258376, 0.5665192655724944, -0.9674949715048398, 1.0473685963911525]",64.27344953491233,3.2908929547859067
"[-0.7822050472774421, 0.5535601018405861, -0.914661142507443, -0.3601427173166271]",58.09080479712333,3.303465611728737
"[3.431359770427385, 1.0909245169935518, -0.6437184338582912, 0.1930343461663387]",72.50600181737504,3.3066087759644445
"[0.6894124863174503, 1.11662180932248, -1.0589021559641971, 0.09268553051781113]",49.89658982120229,3.31289510443586
"[8.515354867693794, 1.1793963181678444, -0.9084361337769548, 0.07604210255486547]",52.41641087188009,3.3191814329072753
"[15.33010692810961, 1.1626627707675954, -0.975598541501875, 0.045501940161983875]",58.57634754225228,3.322324597142983
"[14.969162055823299, 1.168672005428369, -0.957704379091294, 0.046347312647202474]",58.51209411615091,3.3254677613786905
"[14.050747480846319, 1.1812449318598306, -0.8912573105668404, 0.04943645791428253]",58.50026837050253,3.3286109256143983
"[12.313394863423918, 1.1623761575226395, -0.7556794443716037, 0.060750639014715536]",58.541161517632894,3.3348972540858135
"[0.8777485117217693, 1.0740391213547469, -0.6278441843262711, 0.3228353509056338]",51.491943325919536,3.470053316221242
"[5.608612307750896, 1.050339908433543, -0.6090659451612227, 0.14259470324000265]",78.15158849010275,3.52663027246398
"[1.5470690653581334, 1.1801111580090797, -0.9027696413345339, 0.16342804814699047]",56.39829085711444,3.5297734366996876
"[-0.8694420887898474, 0.5583024165133056, -0.7931792432478055, -0.3844711541499448]",53.697913733918284,3.532916600935395
"[6.512941876964234, 1.014206535198657, -0.586664790431739, 0.13102645486908973]",52.51263183263941,3.536059765171103
"[15.362935957085996, 1.1648726910507154, -0.9694193054108626, 0.04535035415498172]",58.40521295445721,3.5392029294068106
"[15.595953885813664, 1.1479351744582942, -1.0092974568812785, 0.04538183477818257]",58.186328307659466,3.542346093642518
"[12.86572783353223, 1.1762894560432502, -0.8049007943714298, 0.056058054013730534]",58.14442412025712,3.545489257878226
"[8.000159707019108, 1.0382977778738784, -0.6008420160589661, 0.10726364641038676]",70.20769539477263,3.551775586349641
"[-0.03996734064894377, 0.8003352779442888, -0.5566957941976658, -0.25881799486040874]",53.38926272246789,3.5549187505853492
"[16.165805480547583, 1.1215649238942567, -1.052303565848632, 0.04532545096002066]",61.68248658828792,3.5580619148210566
"[0.5617770194304827, 0.5743882480847414, -0.7437643330571182, 0.25010814301828604]",73.55826911057812,3.5643482432924714
"[0.8089210998193437, 0.5564474765544674, -0.9305351470174826, 1.111331019628921]",62.98643868199009,3.570634571763887
"[5.576906531429429, 0.969985085384636, -0.5673744627151275, 0.15511116495115873]",61.28214679585189,3.5737777359995944
"[-0.04322179460381181, 0.6279205018370431, -0.6579243329832029, -0.6819086355336315]",58.24900139662461,3.576920900235302
"[13.852473616953963, 0.9461254571490814, -0.5601104132217484, 0.07055291699485332]",60.83873881189424,3.586350392942425
"[12.864618928700459, 1.1791334104705273, -0.8217154032311672, 0.05540356933501087]",54.4067343827079,3.5894935571781326
"[9.097371983460173, 1.094461703112384, -1.08469606288015, 0.07857862578919372]",48.059163282807695,3.5926367214138404
"[11.1975305391396, 1.0858592959164424, -0.6387083127638074, 0.07539730572196789]",59.58719576082398,3.605209378356671
"[-0.34350914491349016, 0.6470425569039681, -1.094162452007916, 0.12050925607258924]",70.68689757297656,3.6146388710637942
"[22.294182512686703, 1.1540385732515497, -0.9965949799246351, 0.032394411756017066]",62.222020483832566,3.620925199535209
"[6.461400692682575, 1.0637197265090363, -0.6192118005077366, 0.12497939342299688]",53.927938969374495,3.630354692242332
"[3.6982084123855397, 1.1165746794506766, -0.6730874332780523, 0.17540127440177017]",63.720019879100164,3.639784184949455
"[8.254749554215737, 1.0602804084977857, -0.6164958601552762, 0.10189517981834648]",64.23452989368234,3.6429273491851624
"[1.1220569154450142, 0.967873231352529, -0.5666476824696113, 0.37141584905077274]",48.8944732269728,3.6460705134208706
"[-0.541787032144229, 0.6876796917939246, -1.1271629288829879, -0.25525291640863684]",54.721632573021985,3.649213677656578
"[11.287986407991983, 1.0779045510962928, -0.6312761185152842, 0.07559842372876122]",59.6831655468737,3.658643170363701
"[0.7622221953751844, 1.1716038254751022, -0.9474000202015923, 0.08402415843375255]",78.24559509246986,3.6617863345994084
"[-0.5041570586664146, 0.9061429333051806, -0.552352670150877, -0.6936935171023488]",85.21888908003322,3.6649294988351167
"[9.228154066422855, 1.1097352121049848, -1.0675335409112252, 0.07587819840379986]",81.56759054964056,3.6712158273065314
"[0.6329911831441851, 0.8428751658109348, -0.5506461614716762, 0.5955305156686442]",75.91389310061356,3.6743589915422397
"[13.718432787529066, 1.1818195689267486, -0.8494710912928328, 0.051428061825871056]",62.98839741808706,3.677502155777947
"[15.60314904788044, 1.1473775214896131, -1.0103894777875206, 0.045389248382511384]",61.68527188386936,3.68693164848507
"[23.210054985639292, 1.1270345825620633, -1.044558898103444, 0.03213119206697082]",71.93554274892105,3.6932179769564852
"[20.147895997812437, 1.177329012294157, -0.9216137418485331, 0.03527400883488577]",84.4286711344852,3.7026474696636082
"[23.833228199731053, 1.083097277868421, -1.0959814897695528, 0.03323756595148764]",92.662835128567,3.7089337981350234
"[7.3552933122585, 0.9567610324216025, -0.563094643220572, 0.12402564903648222]",78.56801978006722,3.7120769623707313
"[22.856823082710545, 1.1232459407476607, -1.0499753843884674, 0.0327547033138422]",86.34794659238389,3.7152201266064386
"[8.520694216571075, 1.1189123331858106, -0.6761617660390806, 0.09149379841008867]",96.68847181572922,3.721506455077854
"[-0.7420348987916021, 0.5601697175418977, -0.9463516086811107, -0.3276388428650356]",54.01554883779102,3.7246496193135616
"[12.946678201239116, 1.1668740233616386, -0.7686082179369258, 0.05740115179521283]",55.656421709568725,3.7340791120206847
"[11.109401188028848, 1.1191371300149933, -0.6764615516275212, 0.0724332389614493]",68.96811741060971,3.737222276256392
"[-1.9380453633645311, 0.651129094009828, -0.6340349383656008, -0.40706939627316563]",91.50858996334428,3.7403654404920994
"[4.319034250130445, 1.1638215347040717, -0.7596418317008439, 0.14100063489533168]",78.53515560176577,3.7435086047278077
"[0.5114485591958633, 0.5641005348514272, -0.7719968255766163, 0.2113146863474487]",41.58649800240996,3.746651768963515
"[0.7866013939690335, 1.178547963618036, -0.8177589600056148, 0.1401351812778156]",42.991656847760815,3.7497949331992224
"[6.984165820645843, 1.1607286741693266, -0.751352031005881, 0.09927612451557169]",49.19543714497553,3.7529380974349307
"[7.795215317559275, 1.1746498825030542, -0.7970984051869464, 0.08697130886088905]",49.4938933576598,3.756081261670638
"[0.6657490494706098, 0.8848287551450921, -0.5503571697512881, 0.7828550962454791]",45.368079768001536,3.7592244259063454
"[0.10733042779124319, 0.5630644608364525, -0.7753906033595482, 0.7284759388099331]",71.23507000330501,3.765510754377761
"[-0.2878405716586417, 0.6607181756496975, -1.1065434739488798, 0.15420188116256262]",46.7378981998283,3.7717970828491767
"[12.625434981180616, 1.158767635475862, -0.7464344936603832, 0.059916986953682146]",55.87166371206468,3.774940247084884
"[13.185894407891258, 1.173844916689133, -0.7935882070199357, 0.05530604904116554]",55.168874376877895,3.79379923249913
"[9.409392549631376, 1.0799613909869645, -1.0989017516166155, 0.07803746444566277]",45.47510892949647,3.800085560970545
"[-0.3902384609876548, 0.6633604352104692, -1.108774060861898, 0.017190855312436457]",39.44876531664057,3.803228725206253
"[-0.0620250847408301, 0.5659724439467986, -0.9658663838110202, 0.6152512713321056]",70.30177608876583,3.812658217913376
"[-0.2962831376489091, 0.6309452883526344, -1.0775374349518505, 0.22287256601323044]",93.5207968474871,3.844089860270452
"[3.258671209199945, 1.1642698646974856, -0.7609052747193262, 0.1671945704961726]",72.99409332745705,3.8472330245061594
"[0.39681440281226393, 0.5537992554946224, -0.8158772998910157, 0.7201939697225459]",64.80300307635738,3.8503761887418677
"[1.022868562115205, 0.7684166371953121, -0.5652388869906338, 0.4201843018736217]",63.98698062367655,3.853519352977575
"[6.465698675879273, 1.1382392203568499, -0.7050917588653173, 0.11124681865622882]",61.75767470802533,3.8566625172132825
"[-0.6493758664108908, 0.7374462099853069, -1.1549326396266086, -0.42587611256089153]",69.50519840478485,3.878664666863236
"[10.11383126497372, 0.9772596017715934, -0.570006902338746, 0.09205913687688608]",73.77653532827429,3.888094159570359
"[0.15015269812673834, 0.707788694773195, -0.592235075391908, -0.18544028981059107]",50.82665836473428,3.891237323806067
"[0.16527111824182167, 0.7049701834095612, -0.5938834996425035, -0.16455850221381135]",47.24403725783508,3.8943804880417745
"[0.39417376364965134, 0.549936449259771, -0.8566566884252659, 0.6861194332056171]",55.32177523124427,3.897523652277482
"[10.265884287848618, 1.03820520214124, -0.6007818986088976, 0.0860489644579537]",51.990309878183695,3.9038099807488975
"[7.973375720539327, 1.1753536779042255, -0.9317218179183656, 0.0799852889955841]",45.50904457411594,3.906953144984605
"[23.26604815519462, 1.1037764525201197, -1.0745306526992602, 0.03304672604370239]",58.1055640681093,3.910096309220313
"[24.64605698416476, 1.0386852760265255, -1.1309566562204325, 0.0342797896675099]",58.252730678799935,3.9132394734560205
"[11.617310294227872, 1.0962352395829817, -0.6492226558738001, 0.07194693773019557]",52.47288294099111,3.916382637691728
"[19.585269300050527, 1.1822433342413092, -0.8635313192706827, 0.03684555274138848]",63.404003898696956,3.928955294634559
"[8.401453042180817, 1.1622818572042417, -0.9766242907911343, 0.07695904348924588]",64.16122449452698,3.9320984588702665
"[-1.5006496198519261, 0.5770321483475911, -0.7376396634858762, -0.49455711005979086]",65.63275542727361,3.935241623105974
"[6.460531305406121, 1.0698759189694167, -0.6242714638810436, 0.12403763626541736]",58.96358927649963,3.9572437727559273
"[0.6564941560552436, 1.1591973600129315, -0.9845589605570048, 0.059173254743981184]",70.0427615335152,3.9635301012273425
"[0.5581232774062179, 1.165361150541126, -0.7640542769219267, 0.1638327365501971]",48.08800538038043,3.9729595939344655
"[7.866361672742529, 0.949620653651577, -0.5610469878274442, 0.11758551487163198]",69.94744431143326,3.985532250877296
"[6.468848433876076, 1.11985603573234, -0.677425270473645, 0.11509642318839926]",76.7424533055587,4.004391236291542
"[-0.6402214161575034, 0.5976832950798746, -1.033335034995514, -0.2538528974462982]",44.19047193896458,4.00753440052725
"[7.162697890321118, 1.1702425248534054, -0.7797007650740388, 0.09462652876239407]",63.96691611855697,4.010677564762958
"[3.25765486376629, 1.1643040560947964, -0.7610023321482826, 0.16720204760566124]",85.14741927555448,4.016963893234373
"[13.133534577162369, 1.1784255005681463, -0.816972579915909, 0.05455961488337879]",60.2469769605976,4.023250221705788
"[0.3349446617390457, 0.6549273730913567, -0.6305734523431721, 0.6359037713318219]",47.80493365215746,4.026393385941495
"[-0.14545664049098678, 0.7655137045267987, -0.5661964553616082, -0.5210430380619213]",79.92754589439272,4.035822878648618
"[13.06373598577901, 1.1784958082465236, -0.8174224580380489, 0.054804456007790575]",73.8261411264025,4.042109207120034
"[1.6772884794236946, 1.1779043628635382, -0.9182893003453555, 0.1647901379011802]",64.38058918964522,4.054681864062864
"[8.196970239193258, 1.1709761566520103, -0.9497215107757175, 0.07818446297123324]",54.17407642621312,4.057825028298573
"[2.3481498659202247, 0.9354905323307517, -1.1745292058939796, 0.2739305177826013]",59.64795787646003,4.064111356769987
"[3.453923699456925, 1.121936137725835, -0.6802575479708687, 0.18120743231129666]",67.49496413696758,4.076684013712819
"[10.787595629398524, 1.0156802830887872, -0.5874515049705075, 0.08407794789922696]",64.78937558159303,4.079827177948526
"[31.643809387149503, 1.040040161584414, -1.1300687033922634, 0.02692417374762006]",75.60279623056246,4.082970342184233
"[-0.650873673849536, 0.7043422035795202, -1.1377946860285792, -0.4204929404620368]",67.45333738343561,4.092399834891356
"[8.226197203701924, 1.1822518214495397, -0.8669488595598386, 0.07942732432175878]",63.5494021119646,4.101829327598479
"[1.117853923057549, 1.1413272936025634, -1.021617400566291, 0.14149630325207588]",76.94501185196741,4.142690462662679
"[0.6040581828503832, 0.5498069452104365, -0.868451605977436, 0.8354745962094238]",53.61874512058188,4.152119955369802
"[6.868024691299839, 1.1733100729782797, -0.7913519005969099, 0.09686794090282007]",52.621598035372955,4.155263119605509
"[9.185366170759792, 1.125261137799245, -1.0471243662601573, 0.07451531918005212]",56.39063766182666,4.158406283841217
"[8.301462765957131, 1.0431396262943966, -0.6040510688111929, 0.10333845235163128]",59.88918638277862,4.161549448076924
"[0.9552130224758766, 1.1536348067921243, -0.9974819795102637, 0.11700906642419284]",58.236097588568825,4.164692612312632
"[0.7084766684219131, 1.1822348049509557, -0.8626173817906655, 0.10191370137067324]",56.779667029632456,4.16783577654834
"[6.732765080588881, 1.1373019931869626, -0.7035169054155015, 0.10785961234283435]",71.34253132998674,4.170978940784047
"[-2.0871811087334353, 0.6331451262396308, -0.6520936942819872, -0.39722233877523333]",90.32777919599135,4.174122105019755
"[0.10960188312578537, 0.5576121666185904, -0.7961592808000612, 0.7304088280270337]",69.7457729449067,4.177265269255463
"[4.0057589732196295, 0.9393915559968083, -0.5584259764287516, 0.20648942989675464]",79.49232685296334,4.18040843349117
"[13.11817535370737, 1.1820161585743232, -0.8537843708516348, 0.05341585455101451]",97.33592151113994,4.183551597726877
"[-0.43376987678545104, 0.7068684359450643, -1.139281802772959, -0.13180761921255485]",95.29854766456441,4.262130703619569
"[-0.43954290539585156, 0.6041260899890536, -1.0432505414864734, 0.08714015934099478]",75.84502102261854,4.265273867855277
"[8.421776757138488, 1.0973993320399753, -0.6504654229820026, 0.09549931606657029]",66.0797518289075,4.271560196326692
"[-0.5964877013136789, 0.7147011599110682, -1.143696023793382, -0.36159700938241573]",78.25456036285128,4.2747033605624
"[2.3136172908956296, 1.1224073630483473, -1.0511423694142372, 0.17795868134255058]",50.32017277827115,4.2778465247981075
"[8.284338483919706, 1.174940483770391, -0.9336380753575894, 0.07750469886732884]",49.58386507187362,4.2872760175052305
"[-0.8798599386648225, 0.55046492200009, -0.8454929334988357, -0.426589838449397]",38.66769306429264,4.290419181740938
"[-0.20077354374721215, 0.6650327326623928, -1.1101605019477774, 0.22727706577879317]",38.73894815020194,4.293562345976646
"[3.030409799663918, 1.1267451741436152, -0.6870695395501465, 0.19362303826669056]",74.92194342499783,4.2967055102123535
"[23.5837745171676, 1.0980184866947693, -1.0809188878218616, 0.032882605075984866]",57.38530899609647,4.302991838683769
"[3.279950454253026, 0.9823461019348518, -0.5719684447071239, 0.22919465399635677]",64.48694671732557,4.309278167155184
"[8.281991962492226, 1.0405772150293726, -0.602336827636189, 0.10383077335111009]",71.3728233356551,4.318707659862307
"[0.7178142787171913, 1.1822486884521581, -0.8643418854571213, 0.10263090250971643]",63.09140074076689,4.321850824098015
"[13.29598780410914, 1.1759518826412114, -0.8032115700899222, 0.05449261288250776]",54.39441901979459,4.3249939883337225
"[6.67373110603943, 1.1588164052985352, -0.7465539451328754, 0.10350087587037399]",66.81168305062779,4.32813715256943
"[12.322170109760064, 1.146556523042414, -0.7200723595275358, 0.06287300402992942]",55.214026030098786,4.419288915404952
"[19.06322047669087, 1.180483214203425, -0.8326145452737178, 0.0384034316489845]",61.32220090854365,4.422432079640659
"[11.156827463797137, 1.099463030743365, -0.6527020006619643, 0.07428906006577242]",55.03629514189253,4.4255752438763665
"[3.99715474535339, 1.182165624084924, -0.8585848992081477, 0.13524625652118683]",92.24667917632766,4.428718408112074
"[-2.1305293096954268, 0.6460121717069098, -0.6388818859134925, -0.3882086541704138]",80.25505302729292,4.4350047365834895
"[8.706497595162524, 1.1463750176207659, -1.012326784576936, 0.07588063062163773]",52.10594920313806,4.438147900819197
"[0.26484707562186377, 0.6034773188767812, -0.6897628067556857, 0.6928916494045428]",85.09387492378632,4.441291065054905
"[11.219636828743482, 1.1086070766672964, -0.6631605917017628, 0.07295726973708246]",67.02322325741855,4.450720557762028
"[32.50444226614155, 0.9593963766835483, -1.1681542859189753, 0.029264956199248363]",97.82092788735025,4.4538637219977355
"[32.11865639746478, 1.0190438693223527, -1.1427659848424863, 0.027326109905094643]",71.16102465580032,4.460150050469151
"[21.56036318791736, 1.1620021689639546, -0.9773706078738529, 0.03321563022506646]",69.98777503437483,4.4727227074119815
"[12.519940417175114, 1.1732674086745836, -0.7911765532186277, 0.05805106557382346]",58.97298097948691,4.475865871647689
"[20.392914864459897, 1.1803951582445533, -0.9002548864068249, 0.03502256887243491]",61.30428213946631,4.4821522001191045
"[19.378453259870227, 1.1821048414670496, -0.85634092784654, 0.03733743683121793]",61.18828727371515,4.485295364354812
"[11.193830110130001, 1.1066382846122012, -0.6608292986075592, 0.07331877187860815]",54.93730604565599,4.488438528590519
"[3.4354879736817985, 1.0771494456406905, -0.6305967756393535, 0.19729614889628075]",66.53588942520742,4.501011185533351
"[12.488033647343393, 1.1700512360358475, -0.7790294652367267, 0.05876458761481972]",58.43263758525137,4.510440678240474
"[7.597126766981231, 1.162106600428552, -0.7549581944302535, 0.0923265931886231]",52.64888150881881,4.513583842476181
"[16.742658730337972, 1.1002739750205923, -1.078457997502387, 0.045173401776094385]",67.77047129094248,4.516727006711888
"[7.584464458954217, 0.9275370547023151, -0.5558378527748131, 0.12331343784960266]",76.44679249732027,4.519870170947597
"[0.2611352640187892, 0.6729958675314758, -0.6155466658964384, 0.5820387651628337]",42.28253824481492,4.523013335183304
"[0.23745090478869488, 0.6847481091424211, -0.6069143417911866, 0.553162432107171]",42.21648250388724,4.526156499419011
"[0.21569918195723717, 0.6905469110333964, -0.6029526028683763, 0.5365994062436732]",42.18409516839375,4.52929966365472
"[0.1955389532659534, 0.6924144278904365, -0.6017164386524704, 0.5288455532732549]",42.172604223551275,4.532442827890427
"[0.17705447511146458, 0.6917439917522523, -0.6021580328950705, 0.5269315551302278]",42.17349608817647,4.535585992126134
"[0.16034147297771334, 0.6894801818982966, -0.6036672809272027, 0.5286913849347629]",42.18138482487983,4.538729156361843
"[0.14541156367799588, 0.6862815177496432, -0.6058482805911987, 0.532615895324923]",42.19293574570518,4.54187232059755
"[0.132196536555342, 0.6826103419443909, -0.6084231617712779, 0.5376803985065418]",42.20611986927632,4.545015484833257
"[0.1205750232392075, 0.6787839988267089, -0.6111908373114908, 0.5432096333548896]",42.219734210189834,4.548158649068966
"[0.11039870987949213, 0.6750110943538412, -0.6140064886356911, 0.5487754676282911]",42.2330934873648,4.551301813304673
"[0.1015112417837339, 0.6714205156492727, -0.6167686335375724, 0.5541202215836114]",42.245832296386,4.55444497754038
"[0.09376012620231847, 0.6680847864065107, -0.6194092810510643, 0.5591005457503857]",42.25777915881721,4.557588141776089
"[0.0870030653136365, 0.6650379855987489, -0.6218859810542074, 0.5636477512700259]",42.26887765713725,4.560731306011796
"[0.08111083601194573, 0.6622889534291728, -0.6241753287448896, 0.5677404675611704]",42.27913758977743,4.563874470247503
"[0.07596796330116636, 0.6598306079891761, -0.6262678049748294, 0.5713863149254026]",42.28860514422906,4.567017634483211
"[0.07147226923057826, 0.6576463546833282, -0.6281637383237839, 0.5746098143068076]",42.29734487663034,4.570160798718919
"[0.0675339081947159, 0.6557144063441118, -0.6298701913591056, 0.5774445226472934]",42.3054289119093,4.573303962954626
"[0.06407414835144809, 0.6540106043620584, -0.6313986260588612, 0.5799280455479725]",42.312930631927074,4.576447127190334
"[0.06102416266551596, 0.6525102423321181, -0.632763156881974, 0.5820989064618168]",42.31992103671164,4.579590291426042
"[0.05832385886963048, 0.6511891906809587, -0.6339792843612602, 0.5839946673331201]",42.326466843125715,4.582733455661749
"[0.05592082871186472, 0.6500245703228054, -0.6350629827201469, 0.5856508385115811]",42.332629511008264,4.585876619897457
"[0.05376940143146065, 0.6489951182261545, -0.6360300665480304, 0.5871003105066326]",42.33846492553425,4.589019784133165
"[0.051829816768669316, 0.648081359216438, -0.6368957604875894, 0.5883731065161614]",42.344023398664554,4.592162948368872
"[0.18734662230583124, 0.5745722836830891, -0.7433262644916601, -0.3436679701615862]",35.156471428263394,4.59530611260458
"[0.1908526448509765, 0.6106722513367543, -0.6794918477280828, -0.2940408175042362]",35.228827607746744,4.598449276840288
"[0.18755694258725294, 0.6215407254834714, -0.6654581031692274, -0.28399287825978176]",35.25268800548041,4.601592441075995
"[0.04556342448185859, 0.6452568505035328, -0.6396159386946253, 0.5921982214836179]",42.36431422681318,4.604735605311703
"[0.044247527179854716, 0.644691483849206, -0.640168599844192, 0.5929401298788093]",42.369067900972,4.607878769547411
"[0.042994168095891655, 0.6441609428028591, -0.6406897409315465, 0.5936289869634862]",42.37374688331293,4.611021933783118
"[0.04178900967988601, 0.6436567780668315, -0.6411872524478339, 0.5942776197577113]",42.37837178985178,4.614165098018826
"[0.040619818838027566, 0.6431716585131163, -0.641668081152562, 0.5948971456282672]",42.382960427008946,4.617308262254534
"[0.03947620271816709, 0.6426992549040267, -0.6421383089659957, 0.5954971522060887]",42.3875280843884,4.620451426490241
"[0.03834938901955021, 0.6422341378040969, -0.6426032265707254, 0.5960858555565043]",42.39208784135951,4.623594590725949
"[0.03723203122299186, 0.6417716833244314, -0.6430674058120741, 0.5966702452583903]",42.396650768008584,4.626737754961656
"[0.03611802126933493, 0.64130798080621, -0.6435347751952276, 0.5972562241287122]",42.40122617664606,4.629880919197364
"[0.03500234806206373, 0.6408397591495656, -0.6440086804269931, 0.5978487218466333]",42.40582180877736,4.633024083433072
"[0.03388094932449538, 0.6403643106186443, -0.6444919502583005, 0.5984518095572585]",42.410444024683386,4.636167247668779
"[0.03275059032741011, 0.6398794262886286, -0.6449869526894668, 0.5990687978487735]",42.41509796066161,4.6393104119044875
"[0.03160875083200137, 0.6393833355253147, -0.6454956486600464, 0.5997023279933501]",42.41978768835857,4.642453576140195
"[0.030453546299053478, 0.6388746609692602, -0.6460196310453746, 0.600354441988958]",42.42451630992189,4.645596740375902
"[0.02928361462819009, 0.6383523591448801, -0.6465601793306568, 0.6010266697531245]",42.42928612681686,4.64873990461161
"[0.028098058510064715, 0.6378156858436795, -0.6471182896072196, 0.601720083620446]",42.4340987161497,4.651883068847318
"[0.026896372485572972, 0.6372641555060776, -0.6476947112876583, 0.6024353595459656]",42.4389550265189,4.655026233083025
"[0.025678380389603586, 0.6366975055948594, -0.6482899792161122, 0.6031728311265613]",42.44385547446889,4.658169397318733
"[0.024444188629455833, 0.6361156686548389, -0.648904438208479, 0.6039325329477939]",42.448800011391334,4.66131256155444
"[0.023194137543153266, 0.6355187439049833, -0.6495382684825586, 0.6047142438906082]",42.45378819148755,4.664455725790148
"[0.02192875366767356, 0.634906969383332, -0.6501915109872675, 0.6055175292125781]",42.458819235719055,4.667598890025856
"[0.020648712453902655, 0.6342806991550095, -0.6508640878463312, 0.6063417755419465]",42.463892118174236,4.670742054261563
"[0.01935482070036482, 0.6336403904362778, -0.6515558125338974, 0.6071862123420536]",42.46900556089175,4.67388521849727
"[0.018047981939395944, 0.63298658272405, -0.6522664089356064, 0.6080499434386577]",42.47415808427609,4.677028382732979
"[0.01672915830892273, 0.6323198750025796, -0.6529955330695767, 0.608931980774294]",42.479348107668955,4.680171546968686
"[0.015399368645662567, 0.6316409212063102, -0.6537427753699062, 0.6098312536813187]",42.48457391472532,4.683314711204393
"[0.014059666120439135, 0.6309504157597854, -0.6545076740188024, 0.6107466308963344]",42.4898336987688,4.686457875440102
"[0.012711107708064072, 0.6302490748092106, -0.6552897335836756, 0.6116769480078406]",42.495125633952775,4.689601039675809
"[0.011354761585450214, 0.6295376371277681, -0.6560884222358344, 0.6126210085262989]",42.50044783767988,4.692744203911516
"[0.0099916812991885, 0.6288168480350154, -0.6569031881322714, 0.6135776071924179]",42.50579842713789,4.695887368147225
"[0.008622901568534977, 0.6280874546239025, -0.6577334635916465, 0.6145455380331661]",42.51117552863987,4.699030532382932
"[0.0072494312134669375, 0.6273501996914419, -0.6585786709801711, 0.6155236038912024]",42.51657729309699,4.702173696618639
"[0.0058722416987266966, 0.6266058134316571, -0.6594382314931636, 0.6165106286964712]",42.52200190822546,4.705316860854348
"[0.004492267274308496, 0.6258550114801154, -0.6603115669615693, 0.6175054610977269]",42.5274476067661,4.708460025090055
"[0.003110398456921239, 0.6250984895510436, -0.6611981058039832, 0.6185069824200268]",42.53291268554907,4.711603189325762
"[0.0017274727187535613, 0.624336916619529, -0.6620972910291434, 0.6195141163532393]",42.53839550792187,4.71474635356147
"[0.0003442838314582492, 0.6235709384921199, -0.6630085762557514, 0.6205258247222305]",42.54389450079114,4.717889517797178
"[-0.0010384281778145258, 0.6228011709111054, -0.6639314341980728, 0.6215411169585595]",42.54940817770488,4.721032682032885
"[-0.0024199780529743976, 0.6220281977068074, -0.6648653594756601, 0.6225590527357666]",42.554935125249365,4.724175846268593
"[-0.003799733078617322, 0.6212525709286856, -0.665809869182927, 0.6235787418688571]",42.560474013842814,4.727319010504301
"[-0.0051771112950475566, 0.6204748109049532, -0.666764503614528, 0.6245993442064497]",42.56602360032737,4.730462174740008
"[-0.006551589055634757, 0.6196954011508302, -0.6677288334597724, 0.6256200761704844]",42.571582729170444,4.733605338975716
"[-0.007922695803763103, 0.6189147905856025, -0.6687024582243912, 0.6266402075840298]",42.577150332053186,4.736748503211424
"[-0.009290008504833138, 0.6181333961367091, -0.6696850041098676, 0.6276590579454564]",42.58272542542937,4.739891667447131
"[-0.010653163228866318, 0.6173515956640983, -0.6706761341289655, 0.6286760052494078]",42.58830711930443,4.743034831682839
"[-0.012011834077540527, 0.6165697396676437, -0.6716755346307693, 0.6296904702582922]",42.59389458037726,4.746177995918547
"[-0.01336575601056375, 0.6157881379419559, -0.6726829335827827, 0.6307019333142382]",42.59948709518634,4.749321160154254
"[-0.01471470255692755, 0.6150070722271416, -0.6736980858543289, 0.6317099173069562]",42.60508400507282,4.752464324389962
"[-0.016058496247167042, 0.614226790141602, -0.6747207823882353, 0.63271399489977]",42.61068473811886,4.75560748862567
"[-0.01739700448069281, 0.61344750757024, -0.6757508486174162, 0.6337137847302836]",42.61628880356985,4.758750652861377
"[-0.01873012710389027, 0.6126694160005544, -0.6767881361703348, 0.634708941287701]",42.62189576421611,4.761893817097085
"[-0.02005782079932569, 0.6118926684575854, -0.677832543039696, 0.6356991721543099]",42.627505283881064,4.765036981332793
"[-0.021380068561296494, 0.6111173975276132, -0.6788839910876006, 0.6366842141365878]",42.63311707751448,4.7681801455685004
"[-0.02269688683751847, 0.6103437115122158, -0.6799424324065859, 0.6376638374473664]",42.63873090252843,4.771323309804208
"[-0.024008338821484624, 0.6095716869387379, -0.6810078610593675, 0.6386378543333057]",42.644346623606104,4.774466474039916
"[-0.025314514142802887, 0.6088013808570126, -0.6820802977635693, 0.6396061026184774]",42.649964131361685,4.7776096382756235
"[-0.026615534974573973, 0.6080328276810666, -0.68315979554838, 0.6405684488580993]",42.65558338742052,4.780752802511331
"[-0.027911547286512704, 0.6072660448157442, -0.6842464332017435, 0.641524780421859]",42.66120438205886,4.783895966747039
"[-0.029202736312104623, 0.6065010239968954, -0.6853403288726257, 0.6424750154100833]",42.6668271856598,4.7870391309827465
"[-0.030489304610874172, 0.6057377447848292, -0.6864416222993052, 0.6434190849115816]",42.67245189521895,4.790182295218454
"[-0.03177148389575763, 0.6049761681109771, -0.6875504852264305, 0.6443569401509369]",42.67807865243936,4.793325459454161
"[-0.03304953232048971, 0.6042162384401675, -0.6886671196764443, 0.6452885488445023]",42.683707657671796,4.7964686236898695
"[-0.03432372277763626, 0.6034578913144405, -0.689791748101661, 0.6462138850264089]",42.689339118428855,4.799611787925577
"[-0.2613332340705103, 0.6222534482726318, -0.6645924528902274, 0.4441639078011202]",36.71681139493558,4.802754952161284
"[-0.26278627984711256, 0.6118233813272046, -0.6779261433429061, 0.46293225659019244]",36.73816664261263,4.8058981163969925
"[-0.2642856766650218, 0.6051616957038842, -0.6872794225527953, 0.4740697995762509]",36.75398993458901,4.8090412806327
"[-0.2657909448924257, 0.6000590879487309, -0.6949642485189009, 0.48205018145193806]",36.767521963655234,4.812184444868407
"[-0.26728977919016556, 0.5958831728666873, -0.7016381321519299, 0.48815853097908085]",36.7796848872884,4.8153276091041155
"[-0.2687760073590537, 0.5923433152170554, -0.7076015596277119, 0.4929879936311356]",36.7908999242147,4.818470773339823
"[-0.2702457752226753, 0.5892761289302956, -0.7130226624112661, 0.49687368212813543]",36.801402377818256,4.82161393757553
"[-0.2716963186519157, 0.5865784287973137, -0.7180072016249026, 0.5000284864195703]",36.811339812793676,4.8247571018112385
"[-0.2731255046901881, 0.5841797767451403, -0.722627208123462, 0.5025986597200481]",36.82081231313597,4.827900266046946
"[-0.2745315723217858, 0.5820294048235393, -0.726934524952648, 0.5046903786691339]",36.82989148973365,4.831043430282653
"[-0.27591302681925106, 0.5800891598200761, -0.730968140419774, 0.5063840312474114]",36.83863082822785,4.8341865945183615
"[-0.2772685490059908, 0.5783294603601697, -0.7347583319910163, 0.5077424579186075]",36.84707149634247,4.837329758754069
"[-0.27859695132903367, 0.5767267803792644, -0.7383292546809087, 0.5088160662095379]",36.85524601080063,4.840472922989776
"[-0.2798971628118856, 0.5752620044245373, -0.7417006452177213, 0.5096461540828282]",36.86318065282759,4.8436160872254845
"[-0.2811682008820545, 0.5739193421021608, -0.7448889157700154, 0.5102671346853473]",36.870897004129276,4.846759251461192
"[-0.2824091612771615, 0.5726855588319114, -0.7479079395243804, 0.5107080985132204]",36.87841306971968,4.849902415696899
"[-0.28361919730407625, 0.5715494373882134, -0.7507695787038446, 0.5109939305617477]",36.885744015381185,4.8530455799326075
"[-0.28479752166814815, 0.570501364345944, -0.7534841130776339, 0.5111461402070497]",36.8929027889887,4.856188744168315
"[-0.28594340608938085, 0.5695330233583444, -0.7560605532672523, 0.5111834800732454]",36.899900573706674,4.859331908404022
"[-0.2870561609330091, 0.5686371774705371, -0.7585068339935818, 0.5111224194789328]",36.90674703752192,4.8624750726397306
"[-0.2881351505122227, 0.5678074731961399, -0.7608300337550037, 0.5109775148793767]",36.913450685476235,4.865618236875438
"[-0.2891797781441652, 0.5670383089192914, -0.7630364863996086, 0.5107617013957183]",36.92001899333331,4.868761401111145
"[-0.2901894811853117, 0.5663247227685844, -0.7651318866555901, 0.5104865287555146]",36.92645856280974,4.871904565346853
"[-0.2911637414238066, 0.565662291957056, -0.7671214046066037, 0.5101623480883009]",36.932775295305255,4.875047729582561
"[-0.2921020740542639, 0.5650470647959626, -0.769009737731284, 0.5097984691131033]",36.93897447096941,4.878190893818268
"[-0.29300402460780156, 0.5644754995879676, -0.7708011669584156, 0.5094032901348617]",36.94506080109434,4.881334058053976
"[-0.29386917857016015, 0.5639444062319683, -0.7724996270290301, 0.5089844007285421]",36.95103857697443,4.884477222289684
"[-0.2946971498055802, 0.5634509098775067, -0.7741087260977283, 0.5085486762249815]",36.95691166147687,4.887620386525391
"[-0.2954875808217921, 0.5629924134154529, -0.77563178261552, 0.5081023543107541]",36.96268355124153,4.890763550761099
"[-0.2962401492244986, 0.5625665622093848, -0.7770718683295454, 0.5076510962216618]",36.96835745179629,4.893906714996806
"[-0.2969545548836606, 0.5621712244785834, -0.7784318097357612, 0.5072000497982467]",36.97393625523459,4.897049879232514
"[-0.2976305335728602, 0.5618044603377943, -0.7797142366712976, 0.506753889308129]",36.97942265841396,4.900193043468222
"[-0.29826783822073927, 0.5614645119876095, -0.7809215661041147, 0.5063168691190448]",36.98481905859624,4.903336207703929
"[-0.29886625792433874, 0.5611497758728248, -0.7820560551773483, 0.5058928475243416]",36.990127718822464,4.9064793719396365
"[-0.2994256031588997, 0.5608587953996169, -0.7831197880102143, 0.5054853283490445]",36.9953506984747,4.909622536175345
"[-0.2999457097783677, 0.560590245350399, -0.7841146963502386, 0.5050974862815198]",37.000489885287095,4.912765700411052
"[-0.30042643885615045, 0.5603429202028183, -0.7850425708420783, 0.5047321915319325]",37.00554703445909,4.9159088646467595
"[-0.30086767419127636, 0.5601157250338769, -0.7859050664990376, 0.5043920334253525]",37.0105237397816,4.919052028882467
"[-0.30126932493770125, 0.5599076649870744, -0.7867037170046691, 0.5040793376115146]",37.01542150415212,4.922195193118175
"[-0.3016313208957542, 0.5597178395730062, -0.7874399337097595, 0.5037961867481032]",37.020241680277906,4.9253383573538825
"[-0.30195361525865533, 0.5595454340506573, -0.7881150183921336, 0.5035444335215835]",37.02498554278771,4.92848152158959
"[-0.30223618484716963, 0.5593897128227656, -0.7887301708883723, 0.5033257139346948]",37.029654270313245,4.931624685825298
"[-0.3024790232104819, 0.5592500175312412, -0.7892864802240879, 0.5031414646354063]",37.03424891226043,4.9347678500610055
"[-0.30268214877698985, 0.5591257575295098, -0.7897849478007611, 0.5029929272390918]",37.03877047139525,4.937911014296713
"[-0.30284559904925673, 0.5590164085467199, -0.790226480024779, 0.5028811623057126]",37.04321986212642,4.941054178532421
"[-0.30296943126962894, 0.5589215083804934, -0.7906118942008172, 0.5028070571773864]",37.04759791291758,4.9441973427681285
"[-0.3030537221014988, 0.5588406536481295, -0.7909419216882263, 0.5027713335445971]",37.05190538751984,4.947340507003836
"[-0.3030985678668764, 0.558773496310011, -0.7912172133684157, 0.5027745539876632]",37.05614298313081,4.950483671239543
"[-0.3031040832521722, 0.5587197419968838, -0.7914383389989706, 0.5028171284002638]",37.060311332924734,4.9536268354752515
"[-0.30307040156715487, 0.5586791474410016, -0.7916057913716343, 0.5028993187806596]",37.064410996589636,4.956769999710959
"[-0.3029976734586575, 0.5586515184357397, -0.7917199894080943, 0.50302124517656]",37.06844250329339,4.959913163946666
"[-0.302886068111417, 0.5586367092083039, -0.79178127642894, 0.5031828866597877]",37.07240628957642,4.9630563281823745
"[-0.3027357713997191, 0.5586346202451774, -0.7917899257762115, 0.5033840874209577]",37.076302750960295,4.966199492418082
"[-0.3025469862967915, 0.5586451978229326, -0.7917461403049127, 0.5036245579632529]",37.0801322315467,4.969342656653789
"[-0.30231993291158277, 0.558668433161431, -0.7916500543100013, 0.5039038768198185]",37.0838950108496,4.9724858208894975
"[-0.3020548461771108, 0.5587043622068811, -0.79150173369445, 0.5042214944915892]",37.0875913300652,4.975628985125205
"[-0.3017519782524473, 0.5587530651698163, -0.7913011779785043, 0.5045767310647569]",37.091221361708065,4.978772149360912
"[-0.30141159831395226, 0.5588146663873019, -0.7910483217666336, 0.5049687767053401]",37.09478522328712,4.9819153135966205
"[-0.30103398758491595, 0.5588893354773155, -0.7907430317121025, 0.5053966969367385]",37.09828299710543,4.985058477832328
"[-0.3006194456012784, 0.5589772866857646, -0.7903851117030708, 0.5058594244719685]",37.10171468821103,4.988201642068035
"[-0.3001682853000587, 0.5590787804909702, -0.7899742995930014, 0.506355763406916]",37.105080256164335,4.9913448063037436
"[-0.2996808347415388, 0.5591941242268367, -0.7895102687780703, 0.5068843852754872]",37.10837960512024,4.994487970539451
"[-0.29915743502543046, 0.5593236737743593, -0.7889926262880018, 0.5074438287904997]",37.11161258180772,4.997631134775158
"[-0.29859844389386775, 0.5594678341413082, -0.7884209161919385, 0.5080324928980143]",37.11477896218993,5.000774299010867
"[-0.29800423040966156, 0.5596270625221684, -0.7877946139908769, 0.5086486387873946]",37.11787846933584,5.003917463246574
"[-0.29737518124390144, 0.5598018686798799, -0.7871131325709892, 0.5092903790275037]",37.12091075519217,5.007060627482281
"[-0.2967116902378958, 0.5599928201504826, -0.786375810224118, 0.5099556833254334]",37.123875405012214,5.01020379171799
"[-0.2960141699093786, 0.5602005417563358, -0.7855819219758481, 0.5106423610689299]",37.12677193478586,5.013346955953697
"[-0.29528304246102083, 0.5604257211999963, -0.7847306683811771, 0.5113480639709241]",37.12959977582851,5.016490120189404
"[-0.2945187459383792, 0.5606691106991034, -0.7838211808200496, 0.512070272690857]",37.13235828507349,5.019633284425112
"[-0.2937217271625668, 0.560931533090713, -0.7828525111744224, 0.5128062953749843]",37.13504673237253,5.02277644866082
"[-0.2928924481420528, 0.5612138842170963, -0.7818236369440438, 0.5135532522738834]",37.13766429172654,5.025919612896527
"[-0.29203137868907136, 0.5615171403570974, -0.7807334492725132, 0.5143080720383976]",37.14021004073348,5.029062777132235
"[-0.29113900702294115, 0.5618423601285191, -0.7795807628156671, 0.5150674705809745]",37.142682952814866,5.032205941367943
"[-0.2902158307325509, 0.5621906938171775, -0.7783643005566739, 0.5158279460985102]",37.14508187709071,5.03534910560365
"[-0.2892623551397093, 0.5625633912310125, -0.7770826866175858, 0.5165857652565478]",37.147405552884244,5.038492269839358
"[-0.28827909593980183, 0.5629618088499269, -0.7757344439636, 0.5173369439579261]",37.14965256809676,5.041635434075066
"[-0.2872665863017966, 0.5633874158945444, -0.7743179979441487, 0.5180772232287689]",37.15182137221822,5.044778598310773
"[-0.2862253677986308, 0.5638418080890312, -0.7728316567163412, 0.5188020551147456]",37.153910247371826,5.047921762546481
"[-0.285155985749988, 0.5643267216333294, -0.771273595420254, 0.5195065810251518]",37.1559172988959,5.051064926782189
"[-0.28405900143955987, 0.5648440412424902, -0.7696418633982587, 0.5201855954066112]",37.157840430595165,5.054208091017896
"[-0.2829349898876984, 0.5653958160015271, -0.7679343697931714, 0.5208335164242]",37.15967733700982,5.057351255253604
"[-0.2817845242420379, 0.5659842846670557, -0.7661488457801343, 0.5214443583644024]",37.16142545234722,5.060494419489312
"[-0.28060819011659516, 0.5666118894164839, -0.7642828491977287, 0.522011680244723]",37.163081953145976,5.063637583725019
"[-0.27940659247615374, 0.5672812952861532, -0.762333756880923, 0.5225285347547198]",37.16464369884568,5.066780747960727
"[-0.27818033276808674, 0.5679954301549145, -0.7602987050826314, 0.5229874218588202]",37.16610720456676,5.069923912196435
"[-0.27693001922245175, 0.5687575124593052, -0.7581745772363391, 0.523380215185094]",37.167468593174206,5.073067076432142
"[-0.27565627524788777, 0.5695710846225871, -0.755957985125317, 0.5236980799168932]",37.16872353506214,5.07621024066785
"[-0.27435972609772885, 0.5704400672558116, -0.753645206110393, 0.5239313820761962]",37.16986718443554,5.079353404903558
"[-0.27304100339911597, 0.5713688123423538, -0.7512321412655466, 0.5240695718890096]",37.170894092267694,5.082496569139265
"[-0.2717007465865341, 0.5723621697802117, -0.7487142577062477, 0.5241010446900274]",37.17179812357198,5.085639733374973
"[-0.27033958986870016, 0.5734255803592584, -0.7460864887837083, 0.5240129699081457]",37.17257231215991,5.088782897610681
"[-0.2689581926218167, 0.5745651550675697, -0.7433431988079209, 0.5237910813002152]",37.17320873445062,5.091926061846388
"[-0.2675571909410296, 0.5757878426499673, -0.7404779700921726, 0.5234194074001027]",37.173698289077144,5.095069226082096
"[-0.2661372408794117, 0.5771015588980697, -0.7374835356788397, 0.5228799397873606]",37.174030493858965,5.098212390317803
"[-0.2646989882364208, 0.5785154237038417, -0.7343515212030635, 0.522152192991911]",37.17419313411504,5.101355554553511
"[-0.26324308799240115, 0.5800400200188729, -0.7310722257097647, 0.5212126440178958]",37.174171894822855,5.104498718789219
"[-0.26177018271480296, 0.5816877843421516, -0.727634225706171, 0.5200339645872392]",37.17394976872203,5.107641883024926
"[-0.26028091555536126, 0.5834734964997662, -0.7240239260111655, 0.5185839981135271]",37.17350634748265,5.110785047260634
"[-0.25877591764494795, 0.5854149944938938, -0.7202248612690131, 0.516824314540782]",37.1728167600056,5.113928211496342
"[-0.2572558138597521, 0.5875341718819664, -0.716216746646599, 0.5147081600747796]",37.17185019300507,5.117071375732049
"[-0.25572120447139535, 0.5898584899958127, -0.7119739976614667, 0.5121773896973862]",37.17056765259482,5.120214539967757
"[-0.25417267857224374, 0.5924232491568131, -0.7074635515528246, 0.509157802233703]",37.168918588963194,5.123357704203465
"[-0.2526107810055509, 0.5952753408584407, -0.7026411835379057, 0.5055515172652173]",37.16683531125619,5.126500868439172
"[-0.25103601341948534, 0.5984796028713877, -0.6974453206969229, 0.5012239874854717]",37.16422353602139,5.1296440326748804
"[-0.24944881175760736, 0.6021306489600473, -0.6917854589492366, 0.49597987109531766]",37.160944721954756,5.132787196910588
"[-0.24784948964505238, 0.6063773282639489, -0.6855181272593501, 0.4895131858439943]",37.1567795513179,5.135930361146295
"[-0.246238111743408, 0.6114817116198089, -0.6783887634947604, 0.48128715457838117]",37.15133971249901,5.139073525382003
"[-0.2446142208505201, 0.6180016902695045, -0.6698514056749499, 0.47016232541009967]",37.14379440393213,5.142216689617711
"[-0.2429752905117263, 0.6277570845157869, -0.6581114599689939, 0.4524305900686578]",37.1314211261832,5.145359853853418
"[-0.3253011597362852, 0.5596998074486617, -0.9445405553765259, 0.40877827007318157]",43.417274234082775,5.148503018089126
"[-0.33268142019082747, 0.5601802889637783, -0.9463918503920467, 0.39614894042431]",43.425983426377876,5.151646182324833
"[-0.340270282874203, 0.5606300382169961, -0.9480843502188482, 0.383166675986185]",43.434813516840904,5.154789346560541
"[-0.3480742394815802, 0.5610432086629938, -0.949606864999853, 0.36982874225841056]",43.4437702082245,5.157932510796249
"[-0.35610006587982385, 0.5614137529181217, -0.9509473806602546, 0.3561322797867072]",43.452859101146984,5.161075675031956
"[-0.3643549433085451, 0.5617354481656813, -0.9520929523119279, 0.3420741160551195]",43.46208570923573,5.164218839267663
"[-0.3728464096521111, 0.5620019190026598, -0.9530295456464317, 0.32765087675384413]",43.47145528934829,5.167362003503372
"[-0.38158250700741436, 0.5622066758486574, -0.9537418820281657, 0.31285877410557306]",43.480972816962755,5.170505167739079
"[-0.39057175293634083, 0.5623431565496859, -0.9542132301237229, 0.2976937094313019]",43.49064277354946,5.173648331974786
"[-0.3998233002446274, 0.5624047855708315, -0.9544251786460627, 0.2821510739019399]",43.50046907694386,5.176791496210495
"[-0.4093468691841993, 0.5623850467921805, -0.9543573550003586, 0.26622595455224246]",43.510454742461015,5.179934660446202
"[-0.41915311833764135, 0.5622775795547924, -0.9539870958768075, 0.24991263195187513]",43.520601859251066,5.183077824681909
"[-0.42925344653565006, 0.5620763031761133, -0.9532890516533347, 0.23320506468032592]",43.53091100366774,5.186220988917617
"[-0.4396603096603646, 0.5617755800221852, -0.9522347115222501, 0.21609655414303527]",43.541381004059026,5.189364153153325
"[-0.45038746512554817, 0.5613704241977457, -0.9507918087632182, 0.1985795901818183]",43.55200845810462,5.192507317389032
"[-0.46145000057781616, 0.5608567875241135, -0.9489236284322344, 0.18064611756928264]",43.56278692377176,5.19565048162474
"[-0.4728647376227893, 0.5602319282039124, -0.9465881140937371, 0.16228727338537507]",43.573706204153616,5.198793645860448
"[-0.4846505291771878, 0.5594949105856829, -0.9437367719317361, 0.14349341216869632]",43.584751167424464,5.201936810096155
"[-0.4968287142406251, 0.5586472774213295, -0.9403132724676784, 0.12425402002111244]",43.595900295228304,5.205079974331863
"[-0.5094235289379058, 0.5576939815870233, -0.9362517100072981, 0.10455787928143226]",43.60712361583767,5.208223138567571
"[-0.4166275293155099, 0.9095088814434761, -0.5528015426712151, -0.3261098835205865]",42.69754982038653,5.211366302803278
"[-0.4043649915684586, 0.9136588241874868, -0.5534057350802671, -0.35883086722539037]",42.64351420858963,5.214509467038986
"[-0.4007995394553431, 0.9147902758988271, -0.5535802289974578, -0.3820834612253273]",42.61387571105295,5.217652631274694
"[-0.39985711563953574, 0.9149209679120707, -0.5536006547509471, -0.4026419362551058]",42.59136497111589,5.220795795510401
"[-0.4003379603677602, 0.91443459263129, -0.5535249230885056, -0.4218688666978405]",42.572551388469634,5.223938959746109
"[-0.40175141929793007, 0.9134787819099456, -0.5533783553344694, -0.44033217684329046]",42.55602255682875,5.227082123981817
"[-0.4038402481836933, 0.9121231795891498, -0.5531756074510249, -0.45833677535199085]",42.54103132543514,5.230225288217524
"[-0.4064494768814156, 0.9104026350679831, -0.5529269187296515, -0.4760717897143785]",42.527122448201176,5.233368452453232
"[-0.40947673294439035, 0.9083333396089128, -0.552640594697796, -0.4936671397665371]",42.513990399718594,5.23651161668894
"[-0.4128495564169067, 0.9059200411612742, -0.5523242435880332, -0.5112191383561219]",42.501414761409094,5.239654780924647
"[-0.41651375958857345, 0.9031595581098423, -0.5519855104865711, -0.5288042215055999]",42.48922646799132,5.242797945160355
"[-0.4204268137272951, 0.9000426077523008, -0.5516326083291228, -0.5464866305869079]",42.47728875103626,5.245941109396063
"[-0.4245538954284978, 0.8965546579623638, -0.5512747649616734, -0.564323562411479]",42.46548518687351,5.24908427363177
"[-0.42886527727493995, 0.8926762677341077, -0.5509226722019955, -0.5823684689300551]",42.453711914188936,5.252227437867478
"[-0.43333459978976896, 0.8883829654712926, -0.55058897685277, -0.6006738782174217]",42.44187180194834,5.255370602103185
"[-0.4379375397382189, 0.8836448528736616, -0.5502888759423292, -0.619293516678455]",42.429870019647886,5.2585137663388934
"[-0.4426508867358887, 0.878425720543111, -0.5500408596303252, -0.6382849236720435]",42.41760972110375,5.261656930574601
"[-0.44745163667843035, 0.8726818497593613, -0.5498677030606022, -0.6577117759819199]",42.40498807743285,5.264800094810308
"[-0.4523162379110502, 0.8663601089822819, -0.5497978148987919, -0.6776472085508913]",42.391891446027856,5.2679432590460165
"[-0.4572197245373628, 0.8593952548141732, -0.5498671504924654, -0.6981778780976895]",42.37818954477847,5.271086423281724
"[-0.4621347586441177, 0.8517058026587386, -0.5501220182001745, -0.719410014256979]",42.36372723930611,5.274229587517431
"[-0.4670303880383496, 0.8431876050574894, -0.5506233826284112, -0.7414785865160404]",42.348312435209216,5.2773727517531395
"[-0.4718701141031504, 0.8337037146229023, -0.5514537769492388, -0.7645613192915998]",42.33169740303149,5.280515915988847
"[-0.47660888593225603, 0.8230670207121216, -0.5527290946395461, -0.7889027876911164]",42.31354710682474,5.283659080224554
"[-0.4811880427349999, 0.8110077308493888, -0.5546204332640383, -0.8148600098403819]",42.293380020762335,5.2868022444602625
"[-0.4855247777648803, 0.7971082070745732, -0.5573987361135252, -0.8429929298115628]",42.27044957786617,5.28994540869597
"[-0.4894884347140847, 0.7806469683286716, -0.5615413766842895, -0.8742831594901338]",42.24345947535096,5.293088572931677
"[-0.4928299538258588, 0.7601294640394842, -0.5680555228475692, -0.9107935928604783]",42.20970404663761,5.2962317371673855
"[-1.0668486558062555, 0.5578916491852935, -0.937114005378714, -0.5946225992644737]",79.83734629436925,5.299374901403093
"[0.04081669860049337, 0.5711843547388684, -0.751706744775034, -0.6355886112395611]",56.738884089689876,5.3056612298745085
"[1.5364950108374824, 1.1733818468067017, -0.9404029335410943, 0.15970968133572414]",48.49197843386761,5.318233886817339
"[-0.22189327702629275, 0.7136810053747833, -1.1431376270319884, 0.08778828108807597]",52.86256946841115,5.321377051053046
"[2.2552953170486467, 1.1676214602319168, -0.9611033651389317, 0.16485776295858526]",57.93479164175777,5.3245202152887545
"[1.4596000236582445, 1.18225289927022, -0.8656117628907426, 0.1678662871415826]",50.404566076349305,5.327663379524462
"[2.2340861448096487, 1.1575925697077898, -0.9884532917651794, 0.16691143746855028]",49.18337620541957,5.330806543760169
"[1.0531717777336893, 1.1745796414713856, -0.9352661606074577, 0.12797820454091938]",48.85543509915752,5.333949707995877
"[0.2057163579117953, 0.6437444830159512, -0.6411005446374061, 0.6252074809120512]",48.99182629973858,5.337092872231585
"[-0.41017279685552693, 0.5678835556661349, -0.9714362115823056, 0.2451318629639025]",49.34746422687839,5.340236036467292
"[3.5589674788314802, 1.1132203057067145, -0.6688080605723505, 0.18101189947014507]",57.984327822023545,5.343379200703
"[1.265405595070644, 1.178035454586499, -0.8145498931168211, 0.17744249226009495]",92.18985729246748,5.346522364938708
"[3.8003663450586016, 1.0912636765654966, -0.6440620724105407, 0.18031068716950308]",52.6440852546454,5.349665529174415
"[3.4452359690676437, 1.105592262441707, -0.6596090279004302, 0.18753155358574083]",52.40361434604314,5.352808693410123
"[2.8304919991941047, 0.863753719673017, -0.5498057974168096, 0.27937174980152674]",52.25508050563872,5.355951857645831
"[1.3687369871131543, 1.1816688971006934, -0.8852395945586728, 0.15977357495791897]",60.61195177750369,5.362238186117246
"[0.5571234714903649, 0.5856004656034924, -0.7198684537402714, 0.24433585392841115]",56.301289518882946,5.365381350352954
"[1.803983340447641, 1.172179644955297, -0.9452060871175277, 0.16532870632040889]",60.678026893980615,5.368524514588661
"[1.312913713632857, 0.7082237873248254, -0.5919840750715343, 0.42575334409334936]",50.020323072482135,5.371667678824369
"[10.05517730923557, 0.9807164101580852, -1.160721812070976, 0.08550920651613778]",60.174966601647,5.374810843060077
"[0.29045508355009275, 0.7460756440338606, -0.5734300259402589, 0.21336256465983203]",67.32316836284444,5.377954007295784
"[0.7385783100504946, 0.8373845252296567, -0.5510973166349867, 1.0090927158170455]",50.06583684894112,5.381097171531492
"[0.22607853515869708, 1.1680044706454544, -0.9598797759668234, -0.12930632225929065]",52.72705956820692,5.384240335767199
"[-0.32787996158287674, 0.7660140325389383, -1.1660216131298144, -0.10906165575523984]",52.29436537642835,5.387383500002907
"[-0.9898503885113769, 0.5506268893514187, -0.8889115806919836, -0.5382782739115745]",52.10355095317235,5.390526664238615
"[-1.5422734635949051, 0.6904748178107288, -0.6030007057724769, -0.4325429663642523]",51.551383560214724,5.393669828474322
"[4.017786438069809, 1.072147494919276, -0.626205297150023, 0.17866776417722807]",59.984968863434716,5.3968129927100295
"[2.731682310000739, 1.0297459792181987, -0.5954785997381922, 0.24340401499795788]",59.25464384201057,5.399956156945738
"[1.0053312354283488, 1.1809844925293884, -0.8377274812997826, 0.1512524819053279]",64.6365237100183,5.403099321181445
"[0.2209704377437282, 0.6202039850297514, -0.6670987085385953, -0.22314728570831147]",36.25841918091066,5.4062424854171525
"[0.22347823393105992, 0.6113896185336903, -0.6785137591600762, -0.2310055137755292]",36.24575929832445,5.409385649652861
"[0.22512330009585474, 0.5996047890685146, -0.695672663699669, -0.24319971424683698]",36.227132664313764,5.412528813888568
"[4.240970788490972, 1.1490764493076484, -0.7250214831716183, 0.14885114705998345]",66.29049282128156,5.4156719781242755
"[-1.3328308881539006, 0.5831809733448331, -0.7246074835292953, -0.5002447759699772]",93.34059525200782,5.418815142359983
"[0.8372586150449012, 0.5557574159574906, -0.8049207744195835, 1.2680418122454737]",63.803434920450115,5.421958306595691
"[-0.25955954855275726, 0.6484899815402677, -1.0955430285304366, 0.2168623206256328]",72.98448214120597,5.4251014708313985
"[-0.15310684441402603, 1.1753876479008352, -0.8004891396609397, -0.37430882359362944]",99.88582751951434,5.431387799302813
"[-0.20512195412458628, 0.572197194316663, -0.9829227233471874, 0.5039357943435127]",75.93172218667144,5.4345309635385215
"[0.08627902329310315, 0.5518902094111577, -0.8297062675604467, 0.7279161696714382]",82.15004349491706,5.440817292009936
"[-0.3888018150853912, 0.5575739842020013, -0.7963280454587722, 0.3777910066383168]",95.47064203524086,5.4439604562456445
"[8.067401022120285, 0.9921047243896891, -0.5760184988395896, 0.11122163864568649]",66.33863943127413,5.575973354145366
"[2.682678040478089, 0.9924915863221954, -0.576186992468254, 0.2575505582694447]",89.35688635176435,5.579116518381073
"[12.596653162174634, 1.1770074982783507, -0.8086656887911394, 0.056972568621688244]",87.8696253841451,5.582259682616781
"[-1.2524228622028049, 0.5533340973268926, -0.9131862653740159, -0.5898029698275801]",96.15553749958563,5.585402846852489
"[1.8136697103037456, 1.1601098611152, -0.7497742448379402, 0.20898762211811947]",70.45356226099034,5.591689175323904
"[1.6557798443900051, 1.0043090494222269, -1.1504153356546094, 0.2592469782650118]",55.88868106411191,5.594832339559612
"[20.604573701535497, 1.1786417848197939, -0.9136803962651492, 0.034585999364097245]",62.74068428570031,5.601118668031027
"[0.6820835951037468, 0.7422838339946569, -0.5750133354677428, 0.943457231429169]",67.74427031740865,5.604261832266735
"[19.87507576647032, 1.1822364950740278, -0.8692728251131339, 0.03625356907958872]",69.17109340854263,5.616834489209565
"[1.865974197294385, 1.1781382933204307, -0.9168736504158134, 0.16711460468635594]",60.7794950604106,5.623120817680981
"[8.04547170656003, 1.1696462522803368, -0.9544243877074745, 0.07941931227487496]",61.49744818868515,5.626263981916688
"[19.19377201184393, 1.1810379752651592, -0.8383291981048374, 0.03803304424036199]",62.93081520277682,5.632550310388104
"[-1.1107116866949154, 0.5514607491951035, -0.8984148786658107, -0.5802653526495939]",86.71361908213076,5.685984102395133
"[2.321811757733983, 1.1067400048710787, -1.0711021719072324, 0.18453205253461186]",58.84013130326709,5.701699923573671
"[10.310803401381765, 0.9638956044609405, -0.5653238510456291, 0.0913937601453104]",55.70867451250307,5.707986252045087
"[8.606444169937895, 1.151442171569484, -1.0021770422874359, 0.07618841308456477]",46.65900422821497,5.720558908987917
"[1.8671378187538161, 1.1790178117466616, -0.9111447184734813, 0.1676059881091428]",53.80954832668404,5.723702073223625
"[-0.5907233510430635, 0.6136263402833647, -1.056537116662622, -0.20099199240922538]",40.71267040513354,5.726845237459332
"[-0.05745154666379663, 1.1822164281477918, -0.8708457888356942, -0.34299335728781855]",74.19068244662606,5.72998840169504
"[8.085147975475449, 1.1792274428860348, -0.9096657830497582, 0.07934244294146628]",69.85952401102088,5.736274730166455
"[-2.5268352041831514, 0.7892893575037251, -0.5592492978028925, -0.3170552599633668]",96.0815427637426,5.739417894402163
"[10.24076345269554, 0.9275993606175782, -0.5558502148348595, 0.09432122403867374]",49.9582416565795,5.761420044052117
"[10.324332359801947, 0.9501554665147642, -0.5611940856017572, 0.09219933598198682]",49.983418673529776,5.764563208287824
"[0.6132279921559225, 1.1797259275857748, -0.8261257625985547, 0.10894040291927162]",59.388549279236834,5.795994850644901
"[14.173762356374263, 1.182203484333244, -0.8716308815026979, 0.0494067414156482]",58.6475761311313,5.808567507587732
"[17.17339663772425, 1.0664793920175673, -1.1106029959742616, 0.04630454670269029]",69.25599852119504,5.814853836059147
"[8.190086976312216, 1.1660276445598137, -0.9660186812071516, 0.07839833954368561]",60.21230168308231,5.843142314180516
"[10.752281304660912, 1.06513611325345, -0.620353009375254, 0.08018675650618062]",59.705270472408436,5.852571806887639
"[0.1321385358291219, 1.1520015717854046, -1.0009981096752338, -0.20945390227002114]",69.20101395105304,5.858858135359054
"[12.289820737914015, 1.138729067569423, -0.7059232121748472, 0.06397534230758707]",55.357851269033915,5.865144463830469
"[22.655639030531766, 1.1276290650471532, -1.0436866669058245, 0.03284791126504626]",61.06051140505331,5.868287628066177
"[-1.0613710036253523, 0.5499231664684501, -0.8749347002676497, -0.5563762150290069]",58.936181701943866,5.8777171207733
"[0.8612575983214633, 0.5726586222643025, -0.9840759501640151, 1.1472249423635512]",87.70484695758519,5.880860285009008
"[0.8284705541820205, 1.170197537451775, -0.9525084258191168, 0.09562048167887728]",62.21322236030108,5.890289777716131
"[7.757651035127687, 1.1743774071845154, -0.7958895213914023, 0.0874060869127898]",81.73265539270163,5.893432941951838
"[8.281839976973984, 1.051657786577782, -0.6100163835166771, 0.10260055427121213]",63.81816362338583,5.909148763130376
"[0.16351421893764645, 1.1675935698673154, -0.7708590168328919, 0.20598046428892577]",40.622912799510246,5.912291927366084
"[8.572354987038473, 1.072454393374324, -0.6264694139681225, 0.09718239273886854]",79.5820498794327,5.9154350916017915
"[-0.1575979572587315, 0.6602827161375164, -1.1061710814049615, 0.2714762425279001]",42.98296545353087,5.953153062430283
"[3.989622103956962, 1.1801712112975866, -0.8297981816733492, 0.13834545243680793]",70.23030842041044,5.956296226665991
"[3.5829758895261965, 1.1313253423017477, -0.6939325723744386, 0.17347949709336702]",54.53249926948983,5.972012047844529
"[0.13392329386351512, 0.7449853955980925, -0.5738793505538001, -0.1185730700482336]",96.06778214485766,5.975155212080237
"[24.25025601457917, 1.04992940514671, -1.1232788163622085, 0.03426321143911206]",60.721344466254585,5.981441540551652
"[1.4109640144125986, 1.1130810480122129, -1.0634171681901436, 0.1783052864008517]",54.84597080764026,5.98458470478736
"[4.501688937833969, 1.1784502718608838, -0.8171306003040923, 0.12945199969207782]",94.68866496134355,5.990871033258775
"[11.801792656406786, 1.114781699602518, -0.6707811841750941, 0.06906807072749695]",50.74020723791741,5.99715736173019
"[13.315768337358525, 1.1751162271534152, -0.799220741454276, 0.05458278637983489]",50.62600636241533,6.000300525965898
"[14.326452228100532, 1.1816554761276608, -0.8854588139994712, 0.048670488150990704]",50.53825881206504,6.003443690201606
"[20.728373283582357, 1.177992732792978, -0.9177591996164267, 0.034370004978748]",56.76757651442895,6.006586854437313
"[21.094814621020973, 1.1731528193461807, -0.941343068447688, 0.03374973352828997]",56.71474313079161,6.009730018673021
"[20.996536350537262, 1.1735793972432214, -0.9395817842519524, 0.03389784624777509]",56.67671761563873,6.012873182908729
"[20.512031250532353, 1.17819971435904, -0.9164951949198524, 0.03471520415017268]",56.65263099753913,6.016016347144436
"[19.710709184082795, 1.1821115733714487, -0.8754876126047868, 0.03644288518924246]",56.64225889783732,6.019159511380144
"[18.650433205338388, 1.1787762604357772, -0.8192610833698571, 0.03952258836806051]",56.64590387479306,6.022302675615851
"[17.375493103981157, 1.1600737883150856, -0.7496830316457044, 0.044595188840770926]",56.66441541806857,6.025445839851559
"[11.641389488133079, 1.1349636077515797, -0.6996756444011297, 0.06763409182208248]",50.39002872732482,6.028589004087267
"[10.590149281623896, 1.0532016805458575, -0.611142996745969, 0.0823766940376217]",50.43464544857042,6.031732168322974
"[-0.5348726513023622, 0.9424597436107832, -0.5591739874681568, -0.713494934938629]",71.05282161050216,6.044304825265805
"[0.19565190101967697, 0.5790303234701726, -0.7332329948319426, 0.7144803471800164]",59.81629076062546,6.047447989501513
"[0.22361334806405628, 0.5902798909065982, -0.7112209719107746, 0.7040570014441583]",53.34030994574706,6.05059115373722
"[0.9487482056273031, 1.1383008725431272, -0.7051960870780825, 0.23736066638743716]",55.126720500263005,6.053734317972928
"[0.16522630459037907, 0.6742521506565956, -0.6145835230549865, -0.23081957670180478]",45.40372139212396,6.063163810680051
"[3.6578660776436234, 1.1772407229342818, -0.8099448801916663, 0.14829810435011787]",83.17755991294777,6.066306974915759
"[6.1436411707596115, 0.9811179686306837, -0.5714855906570725, 0.14180788372979236]",67.92685202371975,6.072593303387174
"[12.484796456582075, 1.1699094701914108, -0.7785355518932741, 0.0588026699925416]",53.95153317641432,6.075736467622882
"[15.51754159119957, 1.1615077692127838, -0.9786760661032242, 0.04503745086792753]",54.21770486056826,6.078879631858589
"[1.936541388715779, 1.1762817899538458, -0.9271889128490596, 0.16669501166268708]",54.97596518269937,6.088309124565712
"[16.89847069743829, 1.0541670099536224, -1.120196086649441, 0.04785016226729674]",57.963498634445564,6.094595453037128
"[6.8954669563570965, 1.1055289036820672, -0.6595355165338206, 0.11180086867352959]",55.59567334829953,6.097738617272835
"[0.9625865202810593, 1.1138684694873509, -1.0624275799001315, 0.14178117428348028]",63.209400612344126,6.1008817815085425
"[4.320398190265507, 1.135454132482769, -0.7004713034063847, 0.15178792149923692]",85.02791668379362,6.107168109979958
"[-0.4954964528171543, 0.9614610643879992, -0.5645423450810473, -0.6004764445823115]",67.88995868143742,6.1103112742156656
"[32.66041194942134, 0.9863825963353267, -1.1584534226218413, 0.028110948690472003]",90.66716961787584,6.113454438451374
"[4.140511000693179, 1.1786520363868402, -0.8184377101268463, 0.13651863721741814]",71.96260208093875,6.116597602687081
"[-0.3387639294780396, 1.1186822500023639, -0.6758556952101988, -0.3304912250880181]",80.10582952798768,6.119740766922789
"[-1.9720772948326262, 0.5749028141770809, -0.7425440779885939, -0.43857877922766525]",96.20818411654484,6.122883931158497
"[16.936088062087286, 1.0913188636209843, -1.0879327199207904, 0.04526338337228787]",72.499717784954,6.135456588101327
"[0.12397737636682049, 0.5520470235190663, -0.8283746836594583, 0.7254022888762092]",96.81531552864499,6.138599752337035
"[-0.4279204954829159, 0.8074769163762057, -0.5552649258883462, -0.7605943958854082]",42.82172388814541,6.14488608080845
"[-0.45123383307190695, 0.5546162260941317, -0.9210192584433521, 0.22482597438194754]",44.09163210933447,6.148029245044158
"[-0.14647862623288951, 1.1808763651424372, -0.8365487667316334, -0.42072405107884386]",85.4826032637585,6.151172409279865
"[3.124708222630432, 0.9947778504673267, -0.5771953370095909, 0.23364458517748288]",53.300735910796995,6.154315573515572
"[-0.19380318346344683, 0.6938130617563701, -1.131247780768746, 0.15778766999409718]",58.80657773992159,6.157458737751281
"[3.242769290144978, 1.1085101924505645, -0.6630447956822552, 0.19360580040784173]",70.03308445468483,6.160601901986988
"[0.6446489500125925, 1.103440867291434, -0.6571381191360947, 0.3216425681669429]",43.464696249373766,6.163745066222695
"[24.77813567998613, 1.0191777207074384, -1.1426919319751574, 0.03505291281621956]",75.3523270333317,6.170031394694111
"[32.12227677769253, 1.0289199588711369, -1.137070351944447, 0.02695180446170073]",72.18394564730687,6.188890380108356
"[15.007235362797218, 1.1743461487826374, -0.9362985722318906, 0.04620280489461444]",66.76121408315919,6.192033544344064
"[14.674986707062185, 1.1740140594955808, -0.9377400323703619, 0.04714768971607062]",63.37454517932266,6.195176708579772
"[20.271198268901905, 1.1789744121497576, -0.9114447626856791, 0.03513089628525685]",77.76469305951163,6.201463037051187
"[-1.92400451511322, 0.7425707847397278, -0.5748914877998473, -0.3815622656666486]",85.40196758529461,6.204606201286895
"[8.790030187466403, 1.1403182991152212, -0.7086614702703737, 0.08573530719991845]",98.03423574552151,6.226608350936848
