u,t,theta
"[-1.396415339752919, -0.6473892785549559, 0.6473892785549668, -0.5103627883132479]",85.69371349034917,0.0
"[-4.313202344637569, -0.8149693282075053, 0.81496932820753, -0.21256256079437225]",82.0799422365245,0.003143164235707647
"[-1.8944449245065225, 0.4030774765794557, -0.40307747657941695, -0.5193307742049026]",91.2669583676866,0.006286328471415294
"[0.2454920333449568, -0.6120296338485557, 0.6120296338485586, 0.8015316446890463]",84.12017144964778,0.009429492707122941
"[-6.4288003434898675, -0.3604310377746329, 0.36043103777471025, -0.19497366818766554]",80.27340151931253,0.012572656942830588
"[-40.599211724792596, -1.0687349564204984, 1.0687349564209534, -0.02117043772381641]",99.98361315640949,0.018858985414245882
"[-33.968325759171265, -0.8777567479133942, 0.8777567479134165, -0.03064058471198328]",99.904601709116,0.02200214964995353
"[-30.92778705287219, -0.7858566088782059, 0.7858566088785254, -0.036036788126277475]",99.98306033734104,0.05029062777132235
"[0.717896538197504, 0.18951306038638155, -0.18951306038632718, 1.456963805038543]",72.45890701856194,0.10686758401406
"[-5.4753057036695125, 0.11696824551168798, -0.11696824551164399, -0.23614495907101654]",92.3874003188278,0.11001074824976764
"[-2.2773374411888594, -0.043022003597942775, 0.043022003597955334, -0.4975640947531354]",88.43145050602172,0.11315391248547528
"[-0.8061548552761545, 0.3085763329146483, -0.3085763329146358, -0.2711775223832828]",78.32992518817255,0.11629707672118293
"[-0.8576610617671837, 0.17088191106017905, -0.17088191106015588, -0.32328587484468935]",73.62831193092742,0.11944024095689058
"[-4.143422290018106, -0.7628825245099881, 0.7628825245100429, -0.2297798527980607]",78.10980330045136,0.12258340519259824
"[-4.419341892699547, -0.7624433897980744, 0.762443389798087, -0.21821030821280135]",70.31836948804295,0.12572656942830587
"[-0.9532225672441563, 0.08724513319334194, -0.08724513319332958, -0.4919729180127219]",78.49274185691496,0.12886973366401352
"[0.16311472139610067, -0.735635975915597, 0.7356359759156015, 0.5552566850294121]",81.00337000616373,0.13515606213542883
"[-0.0279167975157477, 0.770417721570215, -0.770417721570209, 0.392068175842213]",64.34787639837505,0.13829922637113645
"[-8.0452814739222, -0.08499152906729106, 0.08499152906735702, -0.16666031929039538]",80.74627990130718,0.1414423906068441
"[-0.5923832501964533, 0.8942862518880844, -0.8942862518880802, -0.24769347617564366]",67.67633488668547,0.14458555484255176
"[-9.44231270326754, -0.6997443486882586, 0.6997443486884212, -0.11770338960081779]",67.6178176837633,0.1477287190782594
"[-0.07080399573575805, -0.012374992945706879, 0.012374992934307692, 7.282082676649211]",70.27165828315633,0.15401504754967468
"[-0.9880278824431823, 0.5979014308640876, -0.5979014308640825, -0.5341005925331078]",91.17967133129098,0.15715821178538233
"[-9.224859648300923, 0.060619228964393986, -0.06061922896436695, -0.14693465504158956]",92.81940085568873,0.16030137602109001
"[-7.997556177707789, 0.12268265220325932, -0.12268265220316267, -0.16708218781728126]",92.9380417019137,0.16344454025679764
"[-2.109109661764399, 0.644681814326358, -0.6446818143263521, -0.4144045701137359]",89.3530043125016,0.1728740329639206
"[-0.9697105335511261, 0.0038789584691752595, -0.0038789584691512847, -0.514787119215674]",73.19368163984774,0.17601719719962824
"[-11.80998256766561, -0.505095850105283, 0.5050958501052984, -0.10570533560275938]",71.01250858298334,0.17916036143533587
"[-0.22655230566629853, 1.0748275623293493, -1.0748275623293488, 0.07047864092395788]",81.72772069986779,0.18230352567104352
"[-0.9727066525288445, 0.422538302925004, -0.42253830292499933, -0.5540421759791272]",63.052276945939504,0.18544668990675117
"[0.6609941057401693, -0.48527365271807377, 0.4852736527180767, 1.0166253001550565]",64.67045668138857,0.18858985414245882
"[-18.361315718945903, -0.9849027978468762, 0.9849027978473159, -0.049932800629087025]",87.69155284767506,0.19173301837816648
"[-0.09215777631780836, 0.3451611990280749, -0.34516119902805753, 1.526986184827417]",84.90014622301284,0.1948761826138741
"[-2.0379693186170025, 0.6370280412665043, -0.6370280412665004, -0.4261342221679696]",91.60872194880834,0.20430567532099703
"[-3.762312634899013, -0.6923224038019282, 0.6923224038019805, -0.26235865243451106]",89.28772566882036,0.2074488395567047
"[-3.311104047199796, 0.48939687831376766, -0.48939687831363987, -0.32878094170861527]",92.06803152805398,0.21059200379241236
"[-0.08853402982291961, -0.005381541680473437, 0.0053815416242588305, 11.718755336713873]",84.27908021089908,0.3331754089850106
"[0.7725669485289766, -0.2168637747872186, 0.2168637747872257, 1.501255495031032]",99.46830675429032,0.3551775586349641
"[0.410363546936053, 0.7175274568238824, -0.7175274568238814, 0.6288257080453838]",87.67971605581363,0.37403654404921
"[0.06884937953274695, 0.15311432963681731, -0.1531143296368435, 2.3605386875357466]",93.44056247032199,0.38660920099204055
"[-0.08213740289609084, -0.0035490038177961878, 0.003549003813783687, 9.722845493142794]",83.98723559874745,0.3897523652277482
"[-4.569788664670306, -0.3765835550856756, 0.37658355508569175, -0.2625222837557383]",88.84965044709924,0.40861135064199405
"[-3.1406958397674387, -0.5119232040909705, 0.5119232040909769, -0.3391080412047289]",89.57421089978163,0.41175451487770176
"[-7.425543141113386, -0.4544943432857134, 0.4544943432857886, -0.16575755140257437]",89.62511462336,0.4148976791134094
"[-6.5328340848389805, -0.2513600766508168, 0.2513600766509286, -0.19741015081629415]",96.34220006678666,0.418040843349117
"[-3.3373223907914804, -0.6131821121901608, 0.6131821121901956, -0.3047116560436195]",96.02719262080372,0.4211840075848247
"[0.5484930212891582, 0.18319582760249012, -0.1831958276024686, 1.3231539415849478]",79.27303564841857,0.4243271718205323
"[-21.07404728476794, -0.7902730889192859, 0.7902730889194741, -0.0520384422770751]",84.8730106272227,0.42747033605624
"[-9.838389757468578, -0.20973126952755408, 0.20973126952759116, -0.13626039967260808]",91.33049437460194,0.4306135002919476
"[-3.5775154438988253, -0.09198042284988181, 0.0919804228499199, -0.3434521607483755]",82.88120286626922,0.43375666452765527
"[-38.41153202527897, -0.9996866205575088, 0.9996866205579118, -0.024200533684518313]",92.5217942511726,0.43689982876336286
"[-19.8678894408838, -0.3340919010691133, 0.3340919010691808, -0.0680075978187217]",98.97937703790114,0.4431861572347783
"[-1.156291316105793, -0.14898252201130466, 0.14898252201131013, -0.6729818653395816]",64.6703094174326,0.4463293214704859
"[0.3553580306403507, 0.9409136241123043, -0.9409136241123007, 0.4421944345228111]",74.01313267385001,0.4526156499419011
"[-0.7116156370854587, -0.6986004268336773, 0.6986004268336786, -0.3416057470697992]",63.01652633795821,0.45575881417760883
"[-0.8293246875127289, -0.5387273423403448, 0.5387273423403491, -0.42484780438956665]",63.0292506233477,0.4589019784133164
"[-0.9401198425940042, 0.1189850812469735, -0.11898508124695636, -0.47340164996982076]",75.20546932397683,0.46204514264902413
"[-10.176879817969606, -0.10589516343419583, 0.10589516343456316, -0.13363491033438957]",90.17330015451674,0.46518830688473173
"[-0.8115841304379282, 0.30800565254356904, -0.3080056525435647, -0.2824603541737576]",71.21295878516207,0.4683314711204394
"[0.6238759257838312, -0.2687753778332585, 0.2687753778332659, 1.2575948997753383]",72.42057500316832,0.4714746353561471
"[-27.421529759618245, -0.8322569719513779, 0.8322569719514805, -0.039129274867443935]",89.91232922535588,0.4746177995918547
"[-27.09703029083662, -0.8197641127316955, 0.8197641127317177, -0.03996379017711548]",89.96148252062063,0.47776096382756233
"[-0.0036324972411796407, 0.4252928337234056, -0.4252928337234034, 1.2608370387853742]",76.36359456240943,0.48090412806326993
"[-10.185354545044678, -0.10636009717213432, 0.10636009717342977, -0.1335254892172001]",90.4226788229246,0.49033362077039294
"[-0.6352817764393291, -0.40300611299998845, 0.4030061129999941, 0.04914745889247382]",63.66409645288653,0.49347678500610054
"[-0.03194536775270062, -0.04924820929888112, 0.04924820929857692, 4.2964584379299655]",70.09270821414586,0.4966199492418082
"[-8.039423583059044, -0.5133100398405622, 0.5133100398405969, -0.15054539240451603]",77.79643099875884,0.4997631134775159
"[-0.7976207678025942, -0.5613646163333136, 0.5613646163333187, -0.3934192113095942]",63.494861955879806,0.5029062777132235
"[-0.7356933760292621, -0.6289414448069833, 0.6289414448069882, -0.3435065618399122]",63.55254103260387,0.5060494419489312
"[-0.7019613576750889, -0.6667645790102448, 0.6667645790102484, -0.31935932625350066]",63.581519703550725,0.5091926061846388
"[-0.680626114623055, -0.6965752424055083, 0.6965752424055122, -0.3075459400599253]",63.595679687578006,0.5123357704203465
"[-0.634224927338391, -0.7433077735041845, 0.7433077735041985, -0.27578286548774894]",63.61193915446628,0.5154789346560541
"[-0.40678538961900174, -0.8464452987670109, 0.846445298767013, -0.0910729103028777]",63.65393373497135,0.5186220988917617
"[0.8151751346554195, -0.044533078037862904, 0.04453307803791136, 2.1600156846333496]",65.37586472998741,0.5217652631274694
"[-0.24660974837985142, -1.0311707220246238, 1.0311707220246342, 0.02177909929289157]",86.45173686097598,0.524908427363177
"[-0.6583086585732649, -0.3465140532189595, 0.34651405321896817, 0.05445718698603508]",63.8706506763639,0.5311947558345923
"[0.2519977244698309, -0.9597510180203576, 0.9597510180203577, 0.3421600556579367]",70.2813737976815,0.5343379200703
"[-0.7139904861053796, -0.40122943290287794, 0.4012294329028892, -0.1350845460351281]",63.95535060806929,0.5374810843060076
"[0.3099630230433477, 0.9889004561032386, -0.9889004561032364, 0.44823851370880996]",84.22321190010705,0.5469105770131306
"[0.023557230692240298, 0.18191654083089528, -0.18191654083090159, 2.375637426959315]",76.7552665367286,0.5500537412488382
"[-13.549679187529518, -0.4282310818411755, 0.4282310818413519, -0.09550558186204267]",83.29088173869718,0.5531969054845458
"[-14.36036132297248, -0.21623126429121392, 0.21623126429125816, -0.09515724722921652]",96.4679664505247,0.5626263981916688
"[-0.40993897740024315, 0.7440782915691814, -0.7440782915691732, 0.011456856383452414]",73.78247523894831,0.5657695624273764
"[-2.962492271960868, -0.44250064519922877, 0.4425006451992356, -0.3672943786368839]",75.23540766813818,0.5689127266630841
"[-0.912745253048284, 0.5813880759697387, -0.5813880759697242, -0.5035192296909431]",99.01938896395006,0.5720558908987917
"[-0.004589695141779755, 0.05698550641425217, -0.056985506414808235, 3.671111667391246]",91.98061918937925,0.578342219370207
"[-0.025543612525892417, 0.8541323451406372, -0.8541323451406301, 0.2545209483079731]",96.34312306642471,0.5846285478416223
"[0.8804646190656025, -0.000827978732255511, 0.000827978732458716, 4.031612643159347]",88.25752835410917,0.5877717120773299
"[-25.775719172638773, -0.7865267845172895, 0.7865267845189632, -0.04297952599067426]",99.9934586093785,0.5909148763130376
"[-0.7774465986006879, 0.6744092641098594, -0.6744092641098497, -0.3994270479585134]",76.82125622372293,0.5940580405487452
"[-22.380826034534348, -0.5101318916717767, 0.5101318916719764, -0.05727427818140428]",99.95382736155358,0.6003443690201605
"[-32.349310516234695, -0.6891722236227489, 0.6891722236237419, -0.036702055969088945]",99.99394469161751,0.6066306974915759
"[-1.2975568113758578, 0.6224613620628152, -0.622461362062748, -0.5344450787836781]",84.53095007968568,0.6129170259629911
"[-0.544615042762682, -0.4588024353373779, 0.4588024353374093, 0.19459793638035996]",71.59868414751516,0.6160601901986987
"[0.6859194654219756, -0.42385269778790463, 0.4238526977879284, 1.1068268536142716]",81.08496166821303,0.6192033544344064
"[-0.3176656309723354, -0.7606675540846594, 0.7606675540846703, 0.11112443493573787]",76.72641727646531,0.622346518670114
"[-8.476005750465221, -0.6342113038301976, 0.6342113038302198, -0.13511454822371735]",99.70254695766899,0.6443486683200677
"[-0.775435256589454, 0.23332951395161666, -0.23332951395159776, -0.15667885356162523]",84.09105651295125,0.6506349967914828
"[-0.08268808369897652, -0.012151768431615612, 0.012151768415844005, 8.994897232683211]",84.78245017249415,0.6600644894986059
"[0.5580672501684995, 0.39208121282247815, -0.3920812128224721, 1.0960528782214551]",77.57262473815541,0.6632076537343136
"[-8.70216681994171, -0.2689234304614862, 0.2689234304616991, -0.15114377777953583]",88.97633198845577,0.6663508179700212
"[0.053216439915837715, -0.06695182259443216, 0.06695182259427825, 2.8989036738469833]",97.6593173896074,0.6694939822057289
"[-0.9150838643419624, -1.1002587302722953, 1.1002587302723017, -0.17566948605124647]",99.948546816176,0.6726371464414365
"[0.9144855550021497, -0.13679729254871284, 0.13679729254871886, 1.9902505112516171]",81.68628570678187,0.6883529676199747
"[-0.8508043658498029, -0.12444746658540307, 0.1244474665854097, -0.2954126544592952]",90.60005460352998,0.7417867596270047
"[-3.4327060785051673, -0.5881759974163698, 0.5881759974163828, -0.3026829462477218]",97.71102524442152,0.7449299238627123
"[0.5231216866977434, 0.7315801335790817, -0.7315801335790799, 0.6454905006316108]",99.51788632666265,0.74807308809842
"[-1.5467954752852913, 0.49018352805328336, -0.49018352805327486, -0.5561701943788753]",98.88854298044414,0.7606457450412506
"[-0.6911515359051615, 0.8902699807246347, -0.8902699807246328, -0.29832699415334785]",91.31207949628329,0.7763615662197888
"[-0.011496524716289975, 0.1473945167000807, -0.14739451670016596, 2.781025524733912]",92.74884204765219,0.7795047304554964
"[-3.2235656127052286, -0.06159707141219704, 0.061597071412227554, -0.3757913497300065]",92.92220992596997,0.7889342231626194
"[-3.9587227176769457, -0.33892798942038427, 0.338927989420417, -0.3005664082176987]",99.7105929758029,0.792077387398327
"[-1.012188490121113, -0.3851107189827618, 0.3851107189827866, -0.5840826492599878]",87.64700883643711,0.8077932085768653
"[-18.88918579656221, -0.3957463966761431, 0.395746396676355, -0.07021031111821807]",99.91868220199284,0.8109363728125729
"[-0.8333341887688708, 0.4463138748296567, -0.44631387482965573, -0.3950088936281253]",71.531348308941,0.8140795370482805
"[-5.05990124861808, -0.18663295097610452, 0.18663295097613797, -0.25119794438661186]",99.09773520701754,0.8203658655196959
"[-19.626627609426333, -1.061505656872539, 1.0615056568736627, -0.04288225960454034]",99.15869567835438,0.8235090297554035
"[-4.6600052635010485, -0.4011142707475983, 0.4011142707476322, -0.2559573870729643]",99.69732778198447,0.8297953582268188
"[-1.6929711063113562, 0.6642531238195649, -0.6642531238195621, -0.4621071364905587]",88.78514333153772,0.836081686698234
"[-19.921236147489584, -1.0655016643810937, 1.0655016643818618, -0.042070741608463684]",87.04594182287858,0.845511179405357
"[0.45948361835936696, -0.9010747261026357, 0.9010747261026375, 0.5572218966953906]",97.77603213608198,0.8486543436410646
"[-30.584013284427353, -0.6413538645479683, 0.6413538645481248, -0.039806161739994225]",98.61644287320706,0.8517975078767724
"[0.07319113349928114, -0.0030206111974918487, 0.0030206111971904748, 2.853266620605874]",70.07488214834596,0.85494067211248
"[0.8962262098706719, -0.007205933263481377, 0.007205933272088164, 5.824437064396432]",72.38471443957012,0.8580838363481876
"[-22.442509515189204, -0.4992496103664561, 0.49924961036656296, -0.0573672681444341]",94.25057685033111,0.8612270005838952
"[-24.805784312379597, -0.5895022418161675, 0.5895022418162774, -0.050076622014704655]",98.24446838417063,0.8643701648196029
"[-1.065578704332588, -0.756790163325559, 0.7567901633255623, -0.465278752970108]",93.43303077144208,0.8675133290553105
"[-33.932423876534116, -0.7285558572388957, 0.7285558572398112, -0.03420688265548724]",99.91635670777718,0.8737996575267257
"[-0.5291118599531, -0.8979343467887417, 0.8979343467887421, -0.2075142881093068]",79.1278558413238,0.8769428217624335
"[-4.34382869197057, -0.3508321033547, 0.3508321033547301, -0.27655820380744467]",87.90307278069571,0.8800859859981411
"[0.6840511639170099, -0.2607214371961399, 0.2607214371961499, 1.3126640506999507]",97.32487198654383,0.8863723144695566
"[-36.29983322800276, -0.9451040270914091, 0.9451040270919276, -0.027030804082137316]",97.73302552845972,0.8958018071766793
"[-3.534663989564832, 0.2477596702587849, -0.24775967025878257, -0.3388896012372362]",84.17493840537922,0.9052312998838022
"[-6.08991468117894, -1.1269909350145872, 1.1269909350146534, -0.10905014195728471]",97.29141398798572,0.9115176283552177
"[0.06827962714840408, 0.0731855548121883, -0.07318555481225723, 2.7419558332789493]",71.18742726440986,0.9146607925909253
"[-0.44267839992418456, -0.8517544451908349, 0.8517544451908526, -0.1299566634280121]",70.1863215292244,0.9178039568266328
"[-1.3615816775611016, 0.7956194424927223, -0.7956194424927181, -0.43036281914643826]",81.96624576275819,0.9209471210623407
"[-1.8954268200835622, 0.3888534503064201, -0.3888534503064178, -0.5226402231876323]",78.142189899415,0.9240902852980483
"[-25.458725177321575, -0.5997287127564843, 0.5997287127569603, -0.0485911854574744]",93.5822048231023,0.9272334495337559
"[-2.6078987990214144, 0.4909315033655652, -0.4909315033655508, -0.3958912297599587]",82.03066330030126,0.9366629422408788
"[0.3031871688047929, -0.781049747564482, 0.7810497475644849, 0.5111884694943809]",78.79797889494768,0.9398061064765864
"[-3.934578931608738, -0.6076798685058513, 0.6076798685058888, -0.2678557470682547]",67.56072704714359,0.9429492707122942
"[-1.7225938717712381, -0.7062405207258057, 0.7062405207258058, -0.43927597368779425]",80.34557632318717,0.9460924349480018
"[0.6233753529388117, 0.6928115704594648, -0.6928115704594633, 0.77750596166285]",77.75835939897108,0.9492355991837094
"[-1.495587518656525, 0.8374496997123114, -0.8374496997123031, -0.39428974373716935]",97.52567603616745,0.9555219276551247
"[-18.911555538738586, -0.7042050463271231, 0.7042050463272308, -0.06112993926071023]",82.82468463523506,0.9586650918908323
"[-0.5130867787554316, 0.9415971658179623, -0.9415971658179582, -0.18409632849531432]",98.77908624181268,0.9618082561265399
"[1.0197293305112067, -0.05598701197052207, 0.05598701197050205, 2.1385136500051876]",74.29121622961966,0.9712377488336629
"[-0.005412694869305543, 0.8611353298557254, -0.8611353298557206, 0.2580467007668851]",99.46488173528151,0.9995262269550318
"[-0.9738743139790074, 0.07772951094927712, -0.0777295109492668, -0.523535998073372]",80.49213294536722,1.0026693911907394
"[-8.456731448222458, -0.06373265480654114, 0.06373265480667412, -0.1593142546881781]",96.80861264678727,1.005812555426447
"[-22.45330292908238, -0.4124189133119601, 0.4124189133119903, -0.05910779150872286]",96.42381789638432,1.0089557196621546
"[-45.02300028508094, -1.0092119495704652, 1.0092119495714684, -0.020517287488509863]",96.14032562871205,1.0120988838978624
"[0.10752113377678692, -1.0789336904248936, 1.0789336904249014, 0.33848140175276425]",74.32964614425138,1.01524204813357
"[-0.08622775304593006, -0.002783583293935679, 0.002783583232571167, 11.112317810931568]",68.21701863411901,1.0183852123692776
"[0.639984927395351, -0.3006968049230049, 0.3006968049230092, 1.228748317637442]",88.84356649975297,1.0215283766049854
"[-0.46847835564808266, -1.0801163554871087, 1.0801163554871334, -0.05850854886565429]",75.94688058873326,1.024671540840693
"[0.7694649453943557, 0.10180514372127286, -0.10180514372124845, 1.7476239610596631]",62.280117373334,1.0278147050764006
"[0.9562511157604326, -0.024342286577107568, 0.024342286576858694, 2.68012872939762]",88.61547266359078,1.0372441977835234
"[-14.416567889414782, -0.4663094303089224, 0.46630943030906513, -0.08884693589902266]",81.14192547146493,1.040387362019231
"[-20.63406143935934, -0.775613432113076, 0.7756134321131977, -0.053659450193102205]",81.15770907290904,1.0435305262549388
"[-0.0825193466945866, 0.02254549530465583, -0.022545495311725658, 7.688949473997607]",75.16621642368358,1.0466736904906464
"[-3.2909423672087748, -0.0024841555776802587, 0.002484155577701289, -0.3699620007482253]",87.5967304788299,1.0529600189620616
"[-0.07127068171440808, -0.026346772980332406, 0.02634677297773141, 6.522501937122934]",85.80001263141757,1.1063938109690916
"[-0.8343890382311966, 0.20918969058556708, -0.2091896905855595, -0.285116928691826]",82.04410307343514,1.1221096321476298
"[-3.7239316960340547, -0.2545780746000346, 0.25457807460006115, -0.3237637394240665]",98.9515998512059,1.1252527963833376
"[-0.9833067205675167, -0.5744622183881498, 0.5744622183881528, -0.5397119097661326]",72.57232347706268,1.1315391248547528
"[-2.502082260568163, -0.2557604061410497, 0.25576040614106005, -0.4479184053192802]",77.69068181924828,1.1346822890904606
"[-0.8336677022882468, 0.20646027355307142, -0.20646027355305077, -0.2824176042764411]",74.58291738686079,1.1378254533261682
"[-4.308835040604501, -0.7339864968485905, 0.7339864968486612, -0.22788791495014293]",92.41205686830445,1.1409686175618758
"[-0.8589869852585261, -0.062239717531181855, 0.06223971753121225, -0.30309913050395987]",90.95230777633094,1.1441117817975834
"[0.9027180621249455, -0.004438048544214788, 0.0044380485327307935, 7.077684441149571]",84.8442602170458,1.1472549460332913
"[-6.7379838444841695, -0.4218021697183753, 0.4218021697184633, -0.1832062502859368]",85.67302563727725,1.156684438740414
"[-0.5325019188269525, -0.4693240897448011, 0.4693240897448243, 0.20699131372381802]",67.0349571991162,1.1629707672118295
"[-0.4493292763328404, 0.6803367256497422, -0.6803367256497195, 0.04130509521431767]",90.6361572294383,1.166113931447537
"[-11.055404981398624, -0.8868661319393127, 0.886866131939477, -0.08822847297509817]",97.79404114376764,1.1692570956832447
"[-1.9805230702354868, -0.09004446938137156, 0.09004446938137921, -0.5501166027109265]",83.1921863198167,1.1724002599189522
"[-0.1767894481090441, 0.9345114922426498, -0.9345114922426446, 0.05668980971585059]",75.83246284515464,1.1912592453331983
"[-0.08846328810837778, 0.0018822018757379297, -0.0018822018841108015, 12.211451012169805]",70.20362647829681,1.1975455738046135
"[-7.80189342907288, -0.5178585552332541, 0.5178585552332795, -0.15442039976067004]",78.50915685379229,1.2038319022760289
"[-6.0972110210727335, -0.31498729882477167, 0.31498729882510157, -0.20709391520292222]",78.80780317846813,1.2069750665117365
"[-0.8553043999271392, -0.927827014710485, 0.9278270147104923, -0.31895662516713563]",75.50922164019424,1.210118230747444
"[-1.2842758008116346, 0.7485695719251879, -0.7485695719251872, -0.46506015289640323]",92.09259666534437,1.2132613949831519
"[-10.937927207383812, -0.2672495179763057, 0.2672495179764322, -0.12207784672000029]",91.29945716133604,1.219547723454567
"[-0.7066724811665002, 0.8082080832857779, -0.8082080832857773, -0.3392992268808524]",77.06384890851339,1.2226908876902747
"[0.7706563282712957, 0.23638075554827784, -0.23638075554825494, 1.4614586581615079]",71.2714042647231,1.2258340519259823
"[0.6945384786252075, 0.16385661048337463, -0.1638566104833707, 1.4554884327412]",71.27718498142134,1.2289772161616899
"[0.7720903262542799, 0.24066516547015515, -0.24066516547012168, 1.4558321947111943]",71.37067359094462,1.2321203803973975
"[-1.4902576626961952, 0.2511769621948492, -0.2511769621948479, -0.63511474984538]",77.27479140300235,1.2352635446331053
"[-1.2212727832997725, 0.5321135971602707, -0.5321135971602701, -0.5837808449385847]",79.17529812990043,1.2384067088688129
"[-18.956847913692084, -0.6918534230227364, 0.6918534230229454, -0.06144630852591943]",91.65245179939807,1.244693037340228
"[-0.6205142691809523, -1.01468221068745, 1.0146822106874582, -0.18185772425848812]",75.49598740857658,1.2478362015759359
"[-0.8189749429540598, 0.8317531037537403, -0.8317531037537337, -0.3779726638948583]",73.52571974528739,1.254122530047351
"[-1.9309370729593998, 0.2003832555994431, -0.20038325559943548, -0.5502086720519387]",87.82861675332575,1.2572656942830587
"[-0.09979536181056563, 0.6912978217629286, -0.6912978217628922, 0.48858273064964963]",75.26989374481053,1.2666951869901817
"[-21.160387027817958, -0.8116139563373769, 0.8116139563376252, -0.05102509063421841]",96.10468680981354,1.2698383512258895
"[0.176929450867865, -1.0287993529858823, 1.0287993529858852, 0.3450249837869714]",94.6914060334146,1.2761246796973047
"[0.13740467222500866, -0.16698047903977062, 0.16698047903976654, 2.0333383631726236]",80.68363953571247,1.2824110081687201
"[0.20183383695250642, -0.6750927925357926, 0.6750927925357983, 0.6777685070462848]",85.36619237325988,1.2886973366401353
"[-1.5035275061367628, -0.28583302522904014, 0.2858330252290441, -0.6251132780689348]",88.72804593669481,1.291840500875843
"[-2.123925685161272, 0.5970933940775396, -0.5970933940775265, -0.42820132078460627]",98.68476088820995,1.298126829347258
"[0.07641120044283356, 0.9934144033423361, -0.9934144033423361, 0.22379261851487597]",86.89021255542002,1.3012699935829657
"[-0.09167362719906744, -0.007154877553367682, 0.0071548774930117204, 12.60720486402538]",83.36565016246443,1.398708084889903
"[-15.601348309772753, -0.27322287420063524, 0.27322287420064406, -0.0870020689266581]",99.79891176036192,1.4144239060684412
"[-4.273853335682449, -0.770064055155938, 0.7700640551559645, -0.22278504534474028]",89.92272597161251,1.4175670703041487
"[-0.5775698425009382, -0.9029122072422571, 0.9029122072422596, -0.23614810729739336]",86.49796556384564,1.4207102345398563
"[-16.369269898913867, -0.5566508688521983, 0.5566508688523865, -0.0758661478258441]",91.41858080150097,1.423853398775564
"[-1.1431846474669802, 0.31091495532283725, -0.31091495532283514, -0.6493075949409713]",80.6045440583699,1.4301397272469794
"[-3.2638128151080976, -0.15968779445941692, 0.15968779445942807, -0.36826755176417597]",91.20805989446876,1.44271238418981
"[-0.08491100727825972, 0.0007042879930592302, -0.0007042880112798234, 10.706882060983139]",73.49078582312468,1.4458555484255176
"[-11.443390013927726, -0.5006611087659903, 0.5006611087661281, -0.10908127302143947]",81.64916127521306,1.4489987126612252
"[-1.5306322631580085, 0.7304871309709443, -0.7304871309709363, -0.4509056982970678]",82.81240249338077,1.452141876896933
"[-0.27401910338498103, -1.1407414954717428, 1.1407414954717447, 0.1112486266934698]",86.0582071239587,1.4552850411326406
"[-25.97890144420632, -0.7856389296955955, 0.7856389296956179, -0.04268142123674888]",95.70908178279429,1.4584282053683482
"[-22.522252734545983, -0.5170231111033928, 0.5170231111035795, -0.056768675546548665]",97.18011131883064,1.477287190782594
"[-3.755097407655257, -0.6239780693392547, 0.6239780693392718, -0.2754238563428802]",83.69311697161992,1.4804303550183016
"[-1.0181088992212097, -0.9062427486031068, 0.9062427486031255, -0.3567427769614059]",81.23749661126323,1.4835735192540094
"[-5.524825850296286, -0.14011006533570083, 0.14011006533573786, -0.23368697205094702]",94.62443708935412,1.4930030119611322
"[-5.267370533372683, -0.06709072524788336, 0.06709072524794343, -0.24537585009610519]",91.94003472554441,1.49614617619684
"[-0.5554250898406536, 0.7836951338886788, -0.783695133888669, -0.2097235590068419]",89.09577597427615,1.4992893404325476
"[-1.1469171326849725, -0.8877355424599672, 0.8877355424599728, -0.37588776885786596]",90.61297124941275,1.5432936397324546
"[-3.485208112706553, -0.5191169031229395, 0.5191169031229659, -0.31077417639109906]",91.04482890874513,1.5495799682038698
"[-9.426902635708188, -0.6657558437159784, 0.665755843716001, -0.12036991686209476]",95.79638474217161,1.5527231324395776
"[0.560283837778995, 0.30566120486683945, -0.30566120486682974, 1.1997210436255337]",77.58031567472564,1.5590094609109928
"[-3.7484070279099218, -0.49337488382248496, 0.49337488382248745, -0.29649813585077023]",91.65757936799032,1.5621526251467004
"[-3.3997279591639074, -0.4509858449089417, 0.4509858449090299, -0.32755053089098457]",89.96848868229134,1.574725282089531
"[-0.09615587942991251, -0.7318035167849359, 0.7318035167849452, 0.41003428540934206]",77.65753550708683,1.5778684463252388
"[0.8287206072511881, -0.01781490616480203, 0.017814906165016912, 2.3898155379059904]",80.78630409825091,1.5810116105609466
"[-0.05309831387100235, -0.7930300803618682, 0.7930300803618758, 0.3326976149203034]",86.48426655375988,1.584154774796654
"[0.45972638478384414, 0.8676078077053235, -0.8676078077053225, 0.5146301751472446]",91.54340313271577,1.5904411032680692
"[0.5889581294016698, -0.22058767195625206, 0.22058767195626122, 1.2948176639084004]",99.96345381554943,1.593584267503777
"[-1.1095330454041845, -0.09471238789179297, 0.0947123878917935, -0.6571433790100089]",87.26524515916896,1.5967274317394846
"[0.20838639509184348, 0.8062110648637355, -0.8062110648637312, 0.44713474103332035]",98.52131029751769,1.5998705959751922
"[-4.28903520823483, -0.08337279254596298, 0.08337279254597528, -0.29392319337223866]",96.14127582396235,1.6030137602109
"[-0.07097072768359476, 0.6181026445600534, -0.6181026445600317, 0.6772128950923074]",87.55287871195105,1.6061569244466076
"[-0.7544324793780799, -0.5722042088646094, 0.5722042088646173, -0.3403776069824804]",77.52375448807913,1.6093000886823152
"[-0.9074418166966903, -0.14882789194958573, 0.14882789194960303, -0.4193705914358989]",92.51625112963089,1.6155864171537306
"[-5.627060279444465, -0.022640693876109463, 0.022640693876122657, -0.2316335909440787]",95.37365842240614,1.6218727456251458
"[-0.06303755857737374, -0.0064010887719617125, 0.006401088768530566, 6.666416296433506]",85.80245840632554,1.6250159098608536
"[-3.1510529716193094, -0.4127657763423236, 0.41276577634234857, -0.35404378073454656]",81.83656278567346,1.628159074096561
"[0.40481264290485297, -0.9171584891501288, 0.9171584891501299, 0.4840949649040672]",91.4216632204307,1.6313022383322688
"[-0.055528987810022495, 0.048749485548965694, -0.04874948555009879, 4.902586839080428]",97.67671385481006,1.637588566803684
"[-1.1643416615429962, -0.21659020513529403, 0.2165902051352944, -0.6681784961552201]",94.7297064760359,1.6501612237465149
"[-0.06128778784586416, 0.0424208111391271, -0.042420811140072526, 5.290919433582013]",98.34708974069505,1.6533043879822222
"[-5.823747116627712, -0.013014148172650982, 0.013014148172725191, -0.22460221773565128]",88.4559248576614,1.735026658110621
"[-1.5295848331316673, 0.7606527325487069, -0.7606527325486946, -0.4348996702600864]",98.73419796790954,1.7381698223463289
"[-2.7716938009730185, -0.27704708109223963, 0.27704708109228826, -0.41086884079875524]",79.52483595438049,1.7413129865820363
"[-0.0975149767421469, 2.9905043277243604e-5, -2.9906333027654578e-5, 26.764853886130542]",89.51676802483347,1.744456150817744
"[-1.7280825268620161, 0.062045657623313794, -0.06204565762330299, -0.6051435811169735]",96.27310426895832,1.7475993150534515
"[0.07285163698673448, -0.012334760121315078, 0.012334760121162643, 2.8521264326212936]",85.46877682442936,1.7507424792891593
"[-6.500739185783606, -0.10809871202887752, 0.10809871202895338, -0.20236684347014872]",92.45727553895293,1.753885643524867
"[-5.856075963724027, -1.0432218318489161, 1.0432218318489341, -0.1281711077470651]",79.44001365505983,1.7570288077605745
"[-1.9644899360077808, 0.46113263313477554, -0.4611326331347545, -0.49208684665332436]",82.91120446475256,1.7601719719962823
"[0.35486753663205, 0.9289428032087295, -0.9289428032087295, 0.4242155444231453]",99.89641316946634,1.76331513623199
"[-0.09531685737092585, -0.0027087267443621737, 0.0027087266988149953, 18.070914539689543]",81.74995244689168,1.772744628939113
"[-12.828186288080401, -1.0434677083984183, 1.0434677083989392, -0.06508868052160297]",96.86166921122981,1.7853172858819435
"[-5.540123149627692, 0.12407628488461822, -0.12407628488459063, -0.23350484604078417]",95.92204473851578,1.788460450117651
"[-2.799898806662693, 0.3069725756380658, -0.3069725756380297, -0.4040775090419901]",95.21357806723327,1.7916036143533587
"[-0.07386198311194493, -0.01276994784395823, 0.012769947842192606, 7.61876190830706]",96.33004713290022,1.8387510778889735
"[0.8005841079739355, 0.44027746476031543, -0.4402774647603068, 1.2049256581688719]",90.01591741237233,1.8418942421246813
"[-4.72616888573283, -0.1273556942453313, 0.12735569424537577, -0.2688855907975297]",94.25816607478717,1.8513237348318041
"[-0.5261840900017231, -0.9048571536798673, 0.9048571536798715, -0.20417608234378484]",96.46643153881179,1.8796122129531727
"[-0.6833335571475002, -0.9670388849254198, 0.9670388849254221, -0.24317553493240598]",93.50474664302561,1.8827553771888805
"[-0.3963730697166605, -0.6700116715064425, 0.6700116715064566, 0.1421150152985564]",81.03107093332892,1.8890417056602957
"[-0.44655464134008377, 0.7234375902842806, -0.7234375902842689, -0.013482024608368563]",89.61563921399005,1.8953280341317114
"[-0.08911825656515189, 0.029514821187499887, -0.02951482118822788, 7.294787258271487]",94.82160606355482,1.9801934684958176
"[0.799597631333253, 0.1009851975572406, -0.10098519755719382, 1.8637515287925681]",80.78974374034065,1.9896229612029406
"[-3.8894935772174546, -0.5666860465441543, 0.5666860465441883, -0.27694101230393425]",99.57553592341385,1.9959092896743558
"[-0.2645809754539636, -0.6980811699878228, 0.6980811699878317, 0.2870626107365648]",83.84774068576446,1.9990524539100636
"[-12.796269725266992, -0.5902516030911378, 0.5902516030912475, -0.09433578690160338]",94.80115853500767,2.005338782381479
"[-3.0369014620730823, -0.3528524882096833, 0.35285248820971576, -0.3729966906201538]",82.1275662916263,2.0084819466171866
"[-4.291689983950704, -0.06709505177321613, 0.06709505177322996, -0.2940668628485059]",97.29781474036471,2.011625110852894
"[-0.9160492716910514, 0.38127829671287233, -0.38127829671287, -0.49097983091950276]",83.80803632578356,2.03048409626714
"[0.8937496222371811, -0.3022809555612102, 0.3022809555612154, 1.5057796280195277]",86.11009482327965,2.033627260502848
"[-3.451041393906839, -0.1893096209485289, 0.1893096209485604, -0.3497934576284316]",89.81724955885149,2.036770424738555
"[-0.021979189037417364, -0.00860363007070689, 0.008603630069240807, 4.4768243470962]",86.49920166735305,2.090204216745585
"[-0.0787823536283161, -0.015054857200099359, 0.01505485718980118, 8.075276859771192]",86.82672369701696,2.099633709452708
"[-0.011697020886804226, -0.13961231463193619, 0.13961231463181242, 2.8558384891311803]",87.39284042609601,2.102776873688416
"[-0.07686084947740084, -0.028450101236537847, 0.028450101231110903, 6.733812077734532]",87.00565084687152,2.105920037924123
"[-1.1694010632400955, -0.22063992257802892, 0.22063992257803652, -0.6686545806552754]",88.11386961439544,2.112206366395539
"[0.8196108271645278, 0.07793669318956117, -0.07793669318954992, 2.04616659903936]",95.13382734363404,2.118492694866954
"[0.8281062258540426, 0.13153851273478703, -0.13153851273477524, 1.8515788440632348]",95.24314615490728,2.2033581292310607
"[-3.6545991882534685, -0.4083838276245108, 0.4083838276245512, -0.3139876128775359]",88.40880040041321,2.206501293466768
"[-0.7748842102052719, -0.7621931942035635, 0.7621931942035646, -0.38995257374926584]",97.86595875412448,2.2127876219381832
"[-0.03341985378068705, 0.10577157141539999, -0.1057715714154985, 3.3896289166117994]",96.81753805693103,2.215930786173891
"[-2.3462380689259765, 0.3383965970880765, -0.3383965970880763, -0.4586413475303658]",96.08900837062288,2.2190739504095984
"[-0.2922494824564344, -0.547067377503476, 0.5470673775034975, 0.5629305308562129]",81.76742280755748,2.2222171146453062
"[0.2165375865673023, 0.5168767635743334, -0.516876763574326, 0.9958026651066489]",89.89229944368172,2.2379329358238444
"[-5.5917407835513595, -0.2125431637563776, 0.21254316375639373, -0.22880770642182294]",95.95274653695107,2.2410761000595523
"[-5.409580403110593, -0.20976719182745532, 0.20976719182750406, -0.2358014825101851]",92.60536757219866,2.2442192642952596
"[0.6615999495921834, 0.25178229848676315, -0.25178229848676276, 1.3033990696196447]",97.54253159476568,2.2787940708880443
"[0.9019466346168356, -0.00044580956674436224, 0.00044580955067269145, 10.894378033347392]",98.81757371090583,2.288223563595167
"[0.8363208052574038, -0.18034001236926578, 0.1803400123692882, 1.7054670241216028]",99.20818924343953,2.3730889979592735
"[-5.103471558720079, -0.9800244329886602, 0.9800244329889047, -0.15556387006532515]",95.43588819106569,2.376232162194981
"[-0.031169230216173356, -0.7650482717000624, 0.7650482717001106, 0.39958978858768907]",94.16229421309852,2.3825184906663965
"[-0.05774730624565091, -0.04661558751544038, 0.04661558751400775, 5.0328412915322325]",88.14705687776303,2.385661654902104
"[0.7181351226645929, -0.16970016097814106, 0.16970016097815893, 1.4880897468475638]",98.56354748329422,2.3888048191378117
"[0.8939252505222456, -0.005699631500464689, 0.005699631506404805, 5.763196260619366]",87.54462305442355,2.401377476080642
"[0.25908211275292736, 0.033699178225513694, -0.0336991782256047, 1.8277541609139665]",99.32730766476712,2.4956724031518718
"[-0.7890639576650972, -0.35150975587628774, 0.35150975587628913, -0.2608003457533148]",93.90263224531499,2.498815567387579
"[0.8616486686689208, -0.3926770920961392, 0.39267709209615204, 1.3374939572894848]",91.92888979720152,2.508245060094702
"[-0.07674483425174092, 0.02412574632990316, -0.024125746333165044, 7.065947389218782]",99.18777754257918,2.574251509044563
"[1.0173384804056136, -0.10954385650888825, 0.10954385650888698, 2.0104024174457735]",99.73513513580843,2.5773946732802706
"[-12.913270236165477, -0.010037669231338071, 0.010037669231360577, -0.10711518905822291]",97.93064001447752,2.8099888267226367
"[-13.062821405749194, -0.014942688482183759, 0.01494268848221196, -0.1059425889263636]",97.92865914659414,2.813131990958344
"[-13.212428759824148, -0.019812110764062477, 0.019812110764099278, -0.10479311004991929]",97.92675339886068,2.816275155194052
"[-13.362100814878406, -0.024647166047045473, 0.024647166047149408, -0.10366600163508674]",97.92492093717824,2.8194183194297593
"[-13.51185273579821, -0.029449253822153215, 0.02944925382223818, -0.10256049602634242]",97.92315972184457,2.822561483665467
"[-13.661690740920745, -0.034219442965784386, 0.03421944296581033, -0.10147592356262934]",97.92146814907761,2.8257046479011745
"[-13.811629378925506, -0.038959028314992566, 0.038959028315145625, -0.10041158314842741]",97.91984433763253,2.8288478121368823
"[-13.961676497062047, -0.04366905315901908, 0.04366905315915868, -0.0993668501436122]",97.91828675117188,2.8319909763725897
"[-14.111843943323207, -0.04835065095589492, 0.04835065095590037, -0.09834109801251331]",97.91679372429586,2.8351341406082975
"[-14.262140323413337, -0.053004819278807395, 0.053004819278928174, -0.0973337477032092]",97.91536379080983,2.838277304844005
"[-14.41257461998491, -0.05763253579112779, 0.05763253579125493, -0.0963442407605367]",97.91399552001373,2.8414204690797127
"[-14.563157746831658, -0.062234806695932766, 0.0622348066959548, -0.09537202848809803]",97.91268746365462,2.8445636333154205
"[-14.713896636552525, -0.06681248730350325, 0.06681248730366315, -0.09441660913455248]",97.91143834591381,2.847706797551128
"[-14.864800710420399, -0.0713664818295316, 0.0713664818295453, -0.09347748466945577]",97.91024686028939,2.8508499617868357
"[-15.015878822100134, -0.07589765088343649, 0.07589765088347832, -0.09255417977937612]",97.90911176149757,2.8539931260225435
"[-15.16713906845109, -0.08040680755726716, 0.08040680755737478, -0.09164624177753002]",97.90803187602563,2.857136290258251
"[-15.318591674163459, -0.08489480442948305, 0.08489480442967808, -0.09075322250479871]",97.90700597890684,2.8602794544939587
"[-15.4702394574372, -0.08936225270071636, 0.08936225270090074, -0.08987473338578374]",97.9060331542719,2.863422618729666
"[-15.622095238102608, -0.09381003788056408, 0.0938100378806589, -0.08901034272603275]",97.90511217567614,2.866565782965374
"[-15.774164691032878, -0.09823881432815286, 0.09823881432828006, -0.08815967508958156]",97.9042420763554,2.8697089472010817
"[-15.92645315924323, -0.10264920880338772, 0.10264920880352997, -0.08732237000579371]",97.90342195211153,2.872852111436789
"[-16.078970772406137, -0.1070419684871854, 0.1070419684873971, -0.08649805382082337]",97.9026507624284,2.875995275672497
"[-16.231722450055972, -0.11141767238475368, 0.11141767238475558, -0.08568639399286622]",97.90192766886283,2.8791384399082047
"[-16.3847155619253, -0.11577695375898774, 0.1157769537591962, -0.08488705650855054]",97.90125176768147,2.882281604143912
"[-16.53795948156711, -0.12012048630928063, 0.12012048630947371, -0.08409970874172072]",97.90062214547274,2.88542476837962
"[-16.69145689866133, -0.12444873902458098, 0.12444873902472899, -0.083324063337309]",97.90003809707714,2.8885679326153277
"[-16.84521495984338, -0.12876229336471903, 0.12876229336490716, -0.08255982005061518]",97.89949882723926,2.891711096851035
"[-16.999240749725626, -0.13306171478773496, 0.13306171478784315, -0.08180668908861732]",97.89900353849045,2.894854261086743
"[-17.153540599981884, -0.13734753420449342, 0.13734753420472964, -0.0810643939624243]",97.89855149520396,2.8979974253224503
"[-17.308121179757173, -0.1416202790793269, 0.1416202790795566, -0.0803326656815084]",97.89814198001876,2.901140589558158
"[-17.4629864951139, -0.14588039134734637, 0.14588039134752145, -0.07961125637935351]",97.89777436372407,2.904283753793866
"[-17.618141334813927, -0.15012832371757898, 0.15012832371769202, -0.07889992231687278]",97.89744802263746,2.9074269180295733
"[-17.77359408638362, -0.1543646161273249, 0.15436461612734584, -0.07819841125845033]",97.8971622286396,2.910570082265281
"[-17.92934941069371, -0.15858969563978073, 0.15858969563997818, -0.07750649571888875]",97.8969163990204,2.913713246500989
"[-18.085412548272068, -0.16280399518551153, 0.16280399518569477, -0.07682395267255536]",97.89670994522062,2.9168564107366963
"[-18.241788658260802, -0.16700793583053855, 0.16700793583069026, -0.07615056630732289]",97.89654230486302,2.919999574972404
"[-18.398481525497996, -0.1712018926390201, 0.17120189263910093, -0.07548613317831752]",97.896412953013,2.923142739208112
"[-18.555498575812337, -0.17538632915820834, 0.17538632915825067, -0.07483044073826]",97.89632129773152,2.9262859034438193
"[-18.71284369369282, -0.1795616054657961, 0.17956160546587055, -0.07418329757215164]",97.89626684503574,2.929429067679527
"[-18.870520680703084, -0.18372807167192703, 0.18372807167204108, -0.07354451815440627]",97.89624913396423,2.9325722319152345
"[-19.02853636231222, -0.18788614981180654, 0.18788614981196752, -0.07291391031848853]",97.89626761336153,2.9357153961509423
"[-19.18689350303392, -0.192036147187512, 0.19203614718775033, -0.0722913036005411]",97.89632188159315,2.93885856038665
"[-19.34559690018013, -0.1961784175276955, 0.19617841752770568, -0.07167652442562523]",97.89641147458491,2.9420017246223575
"[-19.504652514399357, -0.20031333758899203, 0.20031333758921846, -0.071069399811618]",97.89653591585282,2.9451448888580654
"[-19.6640630696123, -0.20444119309120098, 0.20444119309148537, -0.07046977394160578]",97.8966948333511,2.9482880530937727
"[-19.823833022440283, -0.20856230850985855, 0.208562308509984, -0.06987748882018491]",97.89688781324591,2.9514312173294805
"[-19.983967331001875, -0.212677014835197, 0.21267701483524598, -0.06929238905652037]",97.89711443532619,2.954574381565188
"[-20.144470175649328, -0.21678561685030168, 0.2167856168505119, -0.0687143264153592]",97.89737432977867,2.9577175458008957
"[-20.305344800820343, -0.22088838967822516, 0.22088838967838897, -0.06814316002549577]",97.89766713654637,2.960860710036603
"[-20.46659524238502, -0.22498562321051346, 0.22498562321060409, -0.06757875000610217]",97.89799250587158,2.964003874272311
"[-20.62822654069301, -0.22907762729247003, 0.22907762729273867, -0.06702095680615876]",97.8983500687078,2.9671470385080188
"[-20.790240025846764, -0.23316461271753666, 0.2331646127176607, -0.06646965724945575]",97.8987395420109,2.970290202743726
"[-20.95264189789639, -0.23724690834559403, 0.23724690834567083, -0.06592471494490082]",97.89916055059469,2.973433366979434
"[-21.115434305156704, -0.24132473600728008, 0.24132473600749693, -0.06538601063219251]",97.89961282203312,2.9765765312151413
"[-21.278620688611124, -0.24539834560365875, 0.24539834560393634, -0.06485342381583704]",97.90009605858738,2.979719695450849
"[-21.442205933767763, -0.24946801845121414, 0.24946801845122818, -0.06432683247420398]",97.90060993348371,2.982862859686557
"[-21.606192160898146, -0.25353396260900546, 0.25353396260926314, -0.06380612655046292]",97.90115419576648,2.9860060239222643
"[-21.770582394142373, -0.25759640467768397, 0.25759640467783257, -0.06329119584273019]",97.90172859608424,2.989149188157972
"[-21.935380672584767, -0.2616555922699779, 0.2616555922700728, -0.06278192977135626]",97.9023328449326,2.99229235239368
"[-22.100590757533098, -0.26571176203640545, 0.26571176203656915, -0.06227822141718171]",97.90296667112287,2.9954355166293873
"[-22.26621443007097, -0.26976509829621004, 0.26976509829631323, -0.061779972463978046]",97.90362988123123,2.998578680865095
"[-22.432255519458472, -0.27381583203138066, 0.2738158320314823, -0.06128708084493454]",97.90432220776765,3.001721845100803
"[-22.59871545551342, -0.27786413220224887, 0.2778641322024428, -0.06079945401598661]",97.90504346973061,3.0048650093365104
"[-22.765600384016746, -0.2819102789957712, 0.2819102789960697, -0.06031698798514861]",97.90579337148911,3.008008173572218
"[-22.932909375255605, -0.28595437759043246, 0.28595437759075476, -0.05983960155939848]",97.90657178857799,3.0111513378079255
"[-23.10064745741931, -0.289996674451927, 0.28999667445218713, -0.05936719849046158]",97.90737846589703,3.0142945020436334
"[-23.26881577878811, -0.29403731923560333, 0.29403731923567195, -0.05889969568099505]",97.90821325054289,3.017437666279341
"[-23.43741950380426, -0.29807655513891723, 0.29807655513920767, -0.05843700089239158]",97.90907589998173,3.0205808305150486
"[-23.60645943628528, -0.3021145177691875, 0.30211451776962417, -0.05797903594298661]",97.90996626588021,3.0237239947507564
"[-23.77593630088611, -0.3061513385591201, 0.30615133855931675, -0.057525724512644615]",97.91088421661617,3.026867158986464
"[-23.945855120085916, -0.3101872486633221, 0.31018724866340747, -0.05707698060002576]",97.91182953140174,3.0300103232221716
"[-24.116217521784133, -0.31422239564953364, 0.31422239564971216, -0.05663272912229074]",97.91280206937799,3.0331534874578794
"[-24.287025611353798, -0.31825693602523486, 0.31825693602539146, -0.056192895392563454]",97.91380167565816,3.036296651693587
"[-24.458281393846455, -0.3222910215484312, 0.32229102154881484, -0.05575740661256015]",97.91482821817081,3.0394398159292946
"[-24.629985996559785, -0.3263247810809646, 0.3263247810810231, -0.05532619375247675]",97.91588157286236,3.0425829801650024
"[-24.802144295046716, -0.33035842915818736, 0.33035842915833935, -0.05489917997012399]",97.9169615512575,3.04572614440071
"[-24.974754964110684, -0.33439203270471946, 0.33439203270509027, -0.05447630536449256]",97.91806808781062,3.0488693086364176
"[-25.147822519461865, -0.3384257932803961, 0.3384257932805565, -0.054057497038442405]",97.91920100732506,3.0520124728721254
"[-25.321346946153547, -0.34245980455837594, 0.34245980455859565, -0.05364269457166849]",97.92036024334168,3.0551556371078328
"[-25.495332039985342, -0.34649424690720015, 0.3464942469075831, -0.053231829741397715]",97.92154563965836,3.0582988013435406
"[-25.669775486277494, -0.3505291571259958, 0.3505291571261024, -0.05282485004069378]",97.92275717352565,3.0614419655792484
"[-25.84468354760688, -0.3545647687155144, 0.35456476871559134, -0.052421684134234384]",97.92399465141345,3.064585129814956
"[-26.020054359043222, -0.358601125468906, 0.35860112546894085, -0.05202228083269737]",97.92525805512008,3.0677282940506636
"[-26.195891618996068, -0.3626383977686646, 0.36263839776885126, -0.05162657732226258]",97.92654724010085,3.070871458286371
"[-26.372194122738623, -0.36667664162771024, 0.36667664162800034, -0.051234523021708334]",97.92786219028068,3.074014622522079
"[-26.54896627027033, -0.37071603989712715, 0.3707160398972517, -0.050846055951228014]",97.92920276467193,3.077157786757786
"[-26.726206558604535, -0.3747566387515261, 0.37475663875167553, -0.0504611282778601]",97.93056893440298,3.080300950993494
"[-26.903918179421414, -0.3787985900565243, 0.3787985900569144, -0.05007968291948681]",97.9319606066317,3.0834441152292014
"[-27.08209885060192, -0.38284191968320913, 0.3828419196833779, -0.049701675558277536]",97.93337777461014,3.086587279464909
"[-27.26075431594623, -0.3868868342511657, 0.3868868342514276, -0.049327045797547646]",97.9348202955935,3.089730443700617
"[-27.439880775266747, -0.39093332265041136, 0.3909333226506279, -0.04895575432177475]",97.93628820526334,3.0928736079363244
"[-27.619481197445854, -0.39498152576585605, 0.39498152576618556, -0.048587748496767065]",97.93778141884258,3.096016772172032
"[-27.799557539601455, -0.39903156000781553, 0.3990315600080659, -0.04822297882238534]",97.93929987206371,3.0991599364077396
"[-27.980107972425383, -0.4030834553933564, 0.40308345539412765, -0.04786140431350194]",97.94084356594007,3.1023031006434474
"[-28.16113270881653, -0.4071372868728384, 0.40713728687338324, -0.04750298057518915]",97.94241248019644,3.105446264879155
"[-28.342634636105334, -0.41119318796474474, 0.411193187964968, -0.047147658787931895]",97.94400653083504,3.1085894291148626
"[-28.524612012134877, -0.4152511874515061, 0.41525118745171247, -0.046795400040987735]",97.94562574428315,3.1117325933505704
"[-28.707067046371535, -0.41931140123992855, 0.4193114012400077, -0.04644615847705681]",97.94727006663855,3.114875757586278
"[-28.889996960877422, -0.423373833158491, 0.423373833158767, -0.04609989852614025]",97.94893953268362,3.1180189218219856
"[-29.073403497546597, -0.4274385865974421, 0.4274385865978622, -0.04575657666702849]",97.95063409719586,3.1211620860576934
"[-29.25728664375878, -0.4315057248717603, 0.4315057248718517, -0.045416153435837596]",97.95235375798056,3.124305250293401
"[-29.441644609157716, -0.43557527111637256, 0.43557527111663563, -0.04507859327195228]",97.95409854335279,3.1274484145291086
"[-29.626478860334565, -0.4396473194975038, 0.43964731949782565, -0.04474385525986637]",97.9558684281075,3.1305915787648164
"[-29.811788467114233, -0.4437219103294152, 0.44372191032963954, -0.04441190351193486]",97.9576634206895,3.133734743000524
"[-29.99757248404704, -0.4477990828142949, 0.4477990828146284, -0.04408270272328376]",97.95948355132846,3.1368779072362316
"[-30.183829524075602, -0.4518788657262148, 0.4518788657266932, -0.043756218903563474]",97.96132884113888,3.1400210714719394
"[-30.370559602895206, -0.455961317795574, 0.4559613177959369, -0.043432416144862915]",97.96319930175788,3.1431642357076472
"[-30.557761639311497, -0.4600464729343549, 0.4600464729345468, -0.04311126100760006]",97.96509495598981,3.1463073999433546
"[-30.74543491280592, -0.4641343721888302, 0.46413437218894293, -0.042792719948375135]",97.96701584527189,3.149450564179062
"[-30.933577837628903, -0.468225037046155, 0.4682250370464293, -0.04247676139114158]",97.96896199663732,3.1525937284147703
"[-31.122188384420227, -0.47231847875520544, 0.47231847875521227, -0.04216335494471712]",97.97093345744874,3.1557368926504776
"[-31.3112664768031, -0.4764147502888035, 0.4764147502894528, -0.04185246743744998]",97.97293025161521,3.158880056886185
"[-31.500808475549473, -0.48051382679869314, 0.48051382679879334, -0.04154407200539642]",97.97495246991643,3.1620232211218933
"[-31.690814674639352, -0.4846157679758927, 0.48461576797654193, -0.04123813577565453]",97.97700010748484,3.1651663853576006
"[-31.88128216648395, -0.4887205636942749, 0.48872056369483885, -0.04093463150016068]",97.97907326752578,3.168309549593308
"[-32.07220812541582, -0.49282820518540926, 0.49282820518575654, -0.04063353213203331]",97.9811720042854,3.1714527138290163
"[-32.26359260215666, -0.4969387449935556, 0.49693874499365964, -0.040334806489353746]",97.98329635032387,3.1745958780647237
"[-32.45542950883235, -0.5010521033214207, 0.5010521033216038, -0.04003843333557966]",97.98544642865087,3.177739042300431
"[-32.64771952549875, -0.5051683451810461, 0.5051683451815154, -0.0397443812542315]",97.98762226438511,3.1808822065361384
"[-32.84045833465635, -0.5092874279581765, 0.5092874279589341, -0.03945262689259126]",97.98982396622586,3.1840253707718467
"[-33.03364257565771, -0.5134093292323145, 0.5134093292324503, -0.039163145694341275]",97.99205160908014,3.187168535007554
"[-33.22727103254596, -0.5175340718864053, 0.5175340718866676, -0.0388759102176965]",97.99430526526929,3.1903116992432614
"[-33.42133807028553, -0.521661584256222, 0.5216615842563689, -0.03859089988233854]",97.99658505123493,3.1934548634789692
"[-33.61584114873644, -0.5257918602996716, 0.5257918603013269, -0.03830808977122243]",97.99889105325234,3.196598027714677
"[-33.81077742104986, -0.5299248870199751, 0.5299248870201609, -0.038027455726862294]",98.00122335674166,3.1997411919503844
"[-34.00614122353456, -0.534060591402435, 0.5340605914029226, -0.03774897788637215]",98.00358209450806,3.2028843561860922
"[-34.201929937398255, -0.5381989646872173, 0.5381989646873222, -0.037472632249356964]",98.00596735463037,3.2060275204218
"[-34.39813843175161, -0.5423399446707254, 0.5423399446708836, -0.03719839861758905]",98.00837925692863,3.2091706846575074
"[-34.594761711271694, -0.5464834718580718, 0.5464834718584114, -0.036926256774887284]",98.01081792059718,3.2123138488932153
"[-34.7917953999602, -0.5506294996019834, 0.5506294996030301, -0.036656185837313456]",98.01328347919433,3.2154570131289226
"[-34.989235153244095, -0.5547779816583698, 0.554777981658474, -0.0363881650885768]",98.01577603777646,3.2186001773646304
"[-35.187074500590796, -0.5589288269356857, 0.5589288269362693, -0.03612217686821178]",98.01829574202591,3.2217433416003383
"[-35.38530808315768, -0.563081967600212, 0.563081967600439, -0.035858202144453614]",98.02084274033123,3.2248865058360456
"[-35.583929101140676, -0.5672373055225447, 0.5672373055228135, -0.03559622393816244]",98.02341716730625,3.228029670071753
"[-35.78293502242922, -0.5713948316626225, 0.5713948316630131, -0.03533621981122583]",98.02601913696816,3.2311728343074613
"[-35.98231518896879, -0.57555436705462, 0.5755543670546739, -0.035078178095031165]",98.0286488564385,3.2343159985431686
"[-36.182065034125344, -0.5797158599629507, 0.5797158599635815, -0.034822079254540526]",98.03130644887648,3.237459162778876
"[-36.382178149648574, -0.5838792200632396, 0.5838792200633194, -0.0345679062884029]",98.03399206674897,3.2406023270145843
"[-36.582645727566266, -0.5880443070979122, 0.5880443070985206, -0.03431564531945914]",98.03670589858368,3.2437454912502917
"[-36.7834610125098, -0.5922110235244216, 0.5922110235245187, -0.0340652799329302]",98.03944810479658,3.246888655485999
"[-36.98461501495488, -0.5963792254370839, 0.5963792254371237, -0.03381679657013829]",98.04221887311286,3.2500318197217073
"[-37.18610188494834, -0.6005488339944169, 0.6005488339944183, -0.03357017785805345]",98.04501835875358,3.2531749839574147
"[-37.38791065367408, -0.6047196644071472, 0.6047196644076136, -0.03332541275932822]",98.04784676802427,3.256318148193122
"[-37.590032850346745, -0.6088915837254868, 0.6088915837257387, -0.03308248718056123]",98.05070430002105,3.2594613124288294
"[-37.792460083519025, -0.6130644606548263, 0.6130644606552507, -0.032841386982719385]",98.05359112990753,3.2626044766645377
"[-37.9951817013942, -0.6172381173926924, 0.617238117392773, -0.032602100738772316]",98.05650746874721,3.265747640900245
"[-38.19818916233262, -0.6214124197097224, 0.6214124197097983, -0.032364614529464666]",98.05945351387886,3.2688908051359524
"[-38.401470872140955, -0.6255871707013603, 0.6255871707015513, -0.03212891801841493]",98.0624294903772,3.2720339693716607
"[-38.60501557921737, -0.6297621807501133, 0.6297621807503253, -0.031895000416092174]",98.0654356155972,3.275177133607368
"[-38.80881309835137, -0.6339372822763732, 0.6339372822768512, -0.03166284968393422]",98.06847210755892,3.2783202978430754
"[-39.01284982348853, -0.6381122378199048, 0.6381122378233962, -0.03143245763884085]",98.07153920839721,3.2814634620787837
"[-39.21711537881246, -0.642286876298108, 0.6422868762986238, -0.03120381237896746]",98.07463713313162,3.284606626314491
"[-39.42159656731922, -0.6464609691032324, 0.6464609691033968, -0.030976905135240596]",98.07776613187644,3.2877497905501984
"[-39.62628017989825, -0.6506342876864072, 0.6506342876873261, -0.03075172706520024]",98.080926448984,3.2908929547859067
"[-39.83115288480039, -0.654806601272241, 0.6548066012725391, -0.030528269381184518]",98.08411833981363,3.294036119021614
"[-40.03620086809519, -0.6589776695302103, 0.6589776695307197, -0.03030652374020292]",98.08734205957387,3.2971792832573215
"[-40.24140795707707, -0.6631472045022331, 0.6631472045028741, -0.03008648423374779]",98.09059788630101,3.3003224474930297
"[-40.44676095272504, -0.6673149790050117, 0.6673149790054782, -0.029868141644669808]",98.09388606370581,3.303465611728737
"[-40.652242437978956, -0.6714806805434216, 0.6714806805439753, -0.029651491140582575]",98.09720688926016,3.3066087759644445
"[-40.857837564104294, -0.6756440491090815, 0.6756440491092247, -0.029436525030900645]",98.10056063317334,3.3097519402001523
"[-41.06352879628318, -0.6798047706270365, 0.6798047706280395, -0.029223238315065885]",98.10394758996868,3.31289510443586
"[-41.26929921192523, -0.68396254383713, 0.6839625438374576, -0.029011625199047392]",98.10736805770122,3.3160382686715675
"[-41.475129400014424, -0.6881170176319925, 0.6881170176321914, -0.028801682282067996]",98.1108223348048,3.3191814329072753
"[-41.681001935107844, -0.6922678814562521, 0.6922678814565277, -0.028593403956327795]",98.1143107211475,3.322324597142983
"[-41.88689634340826, -0.69641476371836, 0.6964147637188415, -0.028386787531610735]",98.11783356147505,3.3254677613786905
"[-42.09279406738467, -0.7005573319120655, 0.7005573319124243, -0.02818182820114544]",98.12139114590644,3.3286109256143983
"[-42.29867243781087, -0.7046951712834248, 0.7046951712834513, -0.027978525059261163]",98.12498382397096,3.3317540898501057
"[-42.5045120241703, -0.7088279327224973, 0.7088279327228887, -0.02777687377969664]",98.12861191462422,3.3348972540858135
"[-42.71028888207257, -0.7129551769737273, 0.7129551769745576, -0.027576874259867778]",98.13227578081866,3.338040418321521
"[-42.91598011169872, -0.7170764863708136, 0.717076486371117, -0.027378525121918438]",98.13597575744262,3.3411835825572287
"[-43.12156341343789, -0.7211914557899118, 0.7211914557908905, -0.027181824190557483]",98.13971220668405,3.344326746792936
"[-43.32701224066353, -0.725299595675727, 0.7252995956758465, -0.026986773112868647]",98.14348549852109,3.347469911028644
"[-43.532302619769325, -0.7294004685771855, 0.7294004685780979, -0.02679337081686573]",98.1472960053305,3.3506130752643517
"[-43.73740830810451, -0.73349359227238, 0.7334935922727943, -0.026601618129474116]",98.15114409921203,3.353756239500059
"[-43.942301576287285, -0.7375784555204307, 0.7375784555209202, -0.026411516987333426]",98.15503017135252,3.3568994037357665
"[-44.1469538286286, -0.7416545305118134, 0.741654530512522, -0.02622306983142507]",98.15895462597787,3.3600425679714747
"[-44.35133656548311, -0.7457212920346803, 0.745721292034832, -0.02603627871775893]",98.1629178622495,3.363185732207182
"[-44.555420141615905, -0.7497781927354757, 0.7497781927368647, -0.025851146459729024]",98.16692029376766,3.3663288964428895
"[-44.75917361012684, -0.7538246600827109, 0.7538246600833267, -0.025667676746254944]",98.17096233970096,3.3694720606785977
"[-44.962563217304755, -0.7578600665679274, 0.7578600665692219, -0.025485875456865793]",98.17504442584179,3.372615224914305
"[-45.165558729229865, -0.761883855266718, 0.7618838552679262, -0.025305744995111203]",98.17916699626899,3.3757583891500125
"[-45.36812386433785, -0.7658953500592662, 0.765895350060058, -0.025127292818649248]",98.18333049433328,3.3789015533857207
"[-45.57022437810171, -0.7698939160087614, 0.7698939160094177, -0.024950524219978825]",98.18753537720609,3.382044717621428
"[-45.77182374218413, -0.773878873736761, 0.773878873737505, -0.024775446149623164]",98.19178210262028,3.3851878818571355
"[-45.972884236816284, -0.777849521124986, 0.7778495211253292, -0.024602066226960973]",98.19607115075597,3.3883310460928437
"[-46.173366838981565, -0.7818051311426993, 0.7818051311435621, -0.024430392820502952]",98.2004030045378,3.391474210328551
"[-46.37323193621203, -0.7857449659590449, 0.7857449659590475, -0.024260434425528842]",98.20477815395567,3.3946173745642585
"[-46.57243760742738, -0.7896682430660689, 0.7896682430672112, -0.024092201115692137]",98.20919710187682,3.3977605387999668
"[-46.77094232059225, -0.7935741884738905, 0.7935741884748092, -0.023925702243511236]",98.21366035056083,3.400903703035674
"[-46.968700174012355, -0.7974619430715302, 0.797461943072339, -0.023760950425781184]",98.21816843549486,3.4040468672713815
"[-47.16566809054189, -0.8013307041745557, 0.8013307041752926, -0.023597955511325337]",98.22272188124468,3.4071900315070898
"[-47.361797595427305, -0.805179563906757, 0.8051795639069302, -0.02343673141998374]",98.2273212274168,3.410333195742797
"[-47.5570413159183, -0.80900763695523, 0.8090076369565721, -0.023277290730161326]",98.23196702938894,3.4134763599785045
"[-47.751349140894845, -0.8128139851905041, 0.8128139851907576, -0.02311964783998515]",98.23665985448453,3.416619524214212
"[-47.944668802976956, -0.8165976291790578, 0.8165976291793842, -0.022963818453882873]",98.24140026250599,3.41976268844992
"[-48.13694862397255, -0.8203576019389046, 0.820357601941204, -0.02280981736237276]",98.24618884755031,3.4229058526856275
"[-48.32813337657478, -0.824092867969327, 0.8240928679694951, -0.022657661768076848]",98.25102620735298,3.426049016921335
"[-48.518167086573534, -0.8278023781018131, 0.8278023781018911, -0.02250736901621332]",98.25591294176617,3.429192181157043
"[-48.70699155950886, -0.8314850407458984, 0.831485040746326, -0.022358957760088952]",98.26084967543844,3.4323353453927505
"[-48.894546896160676, -0.8351397319895955, 0.8351397319912939, -0.022212447536393207]",98.26583704766495,3.435478509628458
"[-49.080771842804445, -0.8387653024409714, 0.8387653024424173, -0.02206785848486516]",98.27087567878671,3.438621673864166
"[-49.26560241658569, -0.842360550480322, 0.8423605504808239, -0.021925212406615827]",98.27596624499981,3.4417648380998735
"[-49.448973502056965, -0.8459242533745075, 0.8459242533750065, -0.021784531513309804]",98.28110940185398,3.444908002335581
"[-49.63081781688117, -0.8494551471593149, 0.8494551471614863, -0.02164583922249557]",98.28630583818843,3.4480511665712887
"[-49.81106556108604, -0.8529519198776006, 0.8529519198813995, -0.02150916040980147]",98.29155624046572,3.4511943308069966
"[-49.989644817148964, -0.8564132193936446, 0.8564132193940163, -0.02137452108975284]",98.29686133036442,3.454337495042704
"[-50.166483601783064, -0.859837693112111, 0.8598376931129753, -0.021241946874752133]",98.30222181003344,3.4574806592784117
"[-50.34150411592309, -0.8632238766428552, 0.8632238766434865, -0.021111467286513332]",98.30763842753267,3.460623823514119
"[-50.51462902059676, -0.8665703153701145, 0.8665703153707545, -0.020983111036125608]",98.31311192171117,3.463766987749827
"[-50.685779074372384, -0.8698755186274764, 0.8698755186275351, -0.02085690781276638]",98.31864306754683,3.4669101519855348
"[-50.854870099034095, -0.8731379011492048, 0.8731379011497228, -0.020732890507739826]",98.32423264607391,3.470053316221242
"[-51.02181697339078, -0.8763558602608266, 0.8763558602619786, -0.0206110922564427]",98.32988143433157,3.4731964804569495
"[-51.18653361711624, -0.8795277754346523, 0.8795277754350256, -0.02049154647867277]",98.33559026111253,3.4763396446926578
"[-51.3489285129858, -0.8826519220382345, 0.8826519220404608, -0.02037429013282652]",98.34135994116001,3.479482808928365
"[-51.50890944304872, -0.8857265625984366, 0.8857265625989408, -0.020259360271045725]",98.34719132961993,3.4826259731640725
"[-51.66638063735314, -0.8887498918750633, 0.8887498918751601, -0.020146796111804987]",98.35308527673492,3.485769137399781
"[-51.82124490034158, -0.8917200777127917, 0.8917200777138573, -0.02003663752130299]",98.35904265607368,3.488912301635488
"[-51.97340010282713, -0.8946351937138476, 0.8946351937165022, -0.01992892752153945]",98.36506436795949,3.4920554658711955
"[-52.1227446018667, -0.8974933231078014, 0.8974933231083605, -0.019823708454945542]",98.37115134096635,3.495198630106903
"[-52.269169515622686, -0.900292410761216, 0.9002924107615589, -0.019721027457274092]",98.3773044774037,3.498341794342611
"[-52.41256676757261, -0.9030304171389025, 0.9030304171394345, -0.01962093080002745]",98.38352474976188,3.5014849585783185
"[-52.55282331334967, -0.905705207796402, 0.9057052077973778, -0.019523467971803512]",98.38981313466516,3.504628122814026
"[-52.68982317894696, -0.9083145923522201, 0.9083145923523619, -0.01942869026188914]",98.39617061217741,3.507771287049734
"[-52.823448175361065, -0.9108563379886869, 0.9108563379915664, -0.019336650296233947]",98.40259820429101,3.5109144512854416
"[-52.95357572653051, -0.9133281280485169, 0.9133281280517435, -0.019247403565262555]",98.40909694485593,3.514057615521149
"[-53.08008030959816, -0.9157275893937782, 0.9157275893952502, -0.019161007456827833]",98.41566789009771,3.517200779756857
"[-53.202834067498074, -0.9180523038693503, 0.9180523038694834, -0.019077520880652354]",98.4223121310687,3.5203439439925646
"[-53.321704189650696, -0.9202997585653898, 0.9202997585658526, -0.01899700609231958]",98.42903078361365,3.523487108228272
"[-53.43655478834661, -0.9224673813319988, 0.9224673813332804, -0.018919527452721772]",98.43582496144461,3.52663027246398
"[-53.54724693090906, -0.9245525411945399, 0.9245525411954361, -0.018845151461092752]",98.44269583555672,3.5297734366996876
"[-53.65363775544759, -0.9265525315068636, 0.9265525315082073, -0.01877394740652185]",98.44964459581783,3.532916600935395
"[-53.75557990674412, -0.9284645592904083, 0.9284645592909759, -0.018705987798732195]",98.45667244834831,3.536059765171103
"[-53.85292414241284, -0.9302857939363188, 0.9302857939388168, -0.018641346696384495]",98.46378065074522,3.5392029294068106
"[-53.945515133798445, -0.9320132883266922, 0.9320132883272316, -0.018580102575445498]",98.47097046971209,3.542346093642518
"[-54.033195220726704, -0.9336440489328299, 0.9336440489336266, -0.018522335910694007]",98.47824322656419,3.545489257878226
"[-54.11580216441252, -0.935174993558058, 0.9351749935609444, -0.01846813075444558]",98.4856002657383,3.5486324221139336
"[-54.19316958260078, -0.9366029592794372, 0.9366029592801859, -0.01841757453994181]",98.49304295778185,3.551775586349641
"[-54.26512695603045, -0.9379247022998071, 0.9379247023008216, -0.018370758180075854]",98.50057272042675,3.5549187505853492
"[-54.33149969861003, -0.9391368989439006, 0.9391368989440468, -0.018327776134861078]",98.50819101762845,3.5580619148210566
"[-54.3921089598903, -0.9402361416403949, 0.9402361416413142, -0.018288726664558316]",98.51589934037446,3.561205079056764
"[-54.446771042059915, -0.9412189280768806, 0.9412189280771323, -0.01825371233730375]",98.52369921677523,3.5643482432924714
"[-54.49529877915539, -0.9420816856072729, 0.9420816856087741, -0.018222839291594677]",98.53159226251293,3.5674914075281796
"[-54.53749952621317, -0.9428207346671046, 0.9428207346703439, -0.01819621868356921]",98.5395800961299,3.570634571763887
"[-54.57317638339626, -0.9434323103893583, 0.9434323103896434, -0.018173966074577507]",98.54766439645317,3.5737777359995944
"[-54.60212798733278, -0.9439125580012242, 0.9439125580021972, -0.01815620175997859]",98.55584690215979,3.576920900235302
"[-54.62414791991054, -0.9442575221736804, 0.944257522174014, -0.0181430513420842]",98.5641294210206,3.58006406447101
"[-54.63902506099224, -0.9444631524030437, 0.9444631524032275, -0.018134645734225036]",98.57251379205843,3.5832072287067174
"[-54.64654337123009, -0.9445252986127787, 0.944525298612935, -0.018131121539047904]",98.58100194246202,3.586350392942425
"[-54.64648182050634, -0.9444397088738986, 0.944439708875919, -0.018132621362771873]",98.58959585316215,3.5894935571781326
"[-54.63861426555987, -0.9442020269870863, 0.9442020269873673, -0.01813929417047345]",98.5982975852573,3.5926367214138404
"[-54.62270942285195, -0.9438077908723246, 0.9438077908735001, -0.018151295620512063]",98.60710926549466,3.595779885649548
"[-54.59853071825534, -0.9432524288133007, 0.9432524288133854, -0.018168788502525075]",98.61603310794085,3.5989230498852556
"[-54.565836088175445, -0.9425312546902038, 0.9425312546908955, -0.018191943237778566]",98.62507143633155,3.602066214120963
"[-54.52437817916678, -0.9416394717480757, 0.9416394717481155, -0.018220938133390957]",98.63422661993677,3.605209378356671
"[-54.47390393597263, -0.9405721626660755, 0.9405721626675065, -0.0182559601078641]",98.64350116455103,3.6083525425923786
"[-54.4141549545599, -0.9393242962303359, 0.9393242962330001, -0.01829720491691471]",98.6528976393485,3.611495706828086
"[-54.34486606171711, -0.9378906966867688, 0.9378906966870469, -0.018344878650371686]",98.66241880284224,3.6146388710637942
"[-54.26576697662256, -0.9362660773431356, 0.9362660773447522, -0.018399197150253805]",98.67206748371949,3.6177820352995016
"[-54.17658121825517, -0.9344450163915529, 0.9344450163919416, -0.018460387384334736]",98.68184661962039,3.620925199535209
"[-54.07702593411853, -0.9324219520918242, 0.93242195209208, -0.018528688240107213]",98.69175931963977,3.6240683637709172
"[-53.9668115716796, -0.9301911746220939, 0.9301911746228255, -0.018604351492823176]",98.70180885126695,3.6272115280066246
"[-53.845642229772544, -0.9277468314779856, 0.9277468314783534, -0.018687642380618607]",98.71199864159512,3.630354692242332
"[-53.713214934480945, -0.9250829108772816, 0.9250829108775012, -0.01877884099891746]",98.72233228075088,3.6334978564780402
"[-53.5692201744455, -0.9221932503964124, 0.9221932503989315, -0.018878242918696386]",98.73281354103797,3.6366410207137476
"[-53.41334031279119, -0.919071502705519, 0.9190715027076463, -0.018986161369515368]",98.74344643407142,3.639784184949455
"[-53.24525072034672, -0.915711155698227, 0.9157111556986346, -0.019102927660023257]",98.75423516171554,3.6429273491851624
"[-53.06461882679674, -0.9121055105257957, 0.9121055105262763, -0.019228893160529937]",98.76518417917569,3.6460705134208706
"[-52.87110339407199, -0.9082476638775031, 0.9082476638783841, -0.01936443128237444]",98.77629820165677,3.649213677656578
"[-52.66435476457755, -0.904130509336172, 0.9041305093370136, -0.019509938940242725]",98.78758223286181,3.6523568418922854
"[-52.44401447596307, -0.8997467256483712, 0.8997467256504853, -0.019665838634887883]",98.7990415816262,3.6555000061279936
"[-52.20971404230951, -0.8950887479854587, 0.8950887479864204, -0.019832581336928057]",98.81068188854175,3.658643170363701
"[-51.96107463636728, -0.8901487566177924, 0.8901487566178438, -0.02001064898026843]",98.82250917627738,3.6617863345994084
"[-51.69770798506357, -0.8849186890683343, 0.8849186890703858, -0.020200556344317243]",98.83452984325295,3.6649294988351167
"[-51.41921278175337, -0.8793901625370912, 0.8793901625378305, -0.02040285646745628]",98.84675075011589,3.668072663070824
"[-51.125175542427854, -0.8735544838106544, 0.8735544838113464, -0.020618143246668035]",98.85917924928007,3.6712158273065314
"[-50.81517218060041, -0.8674026724974084, 0.8674026724979828, -0.020847053862727203]",98.8718231488782,3.6743589915422397
"[-50.488761300331625, -0.8609253188578937, 0.8609253188593684, -0.021090277779351074]",98.8846909293667,3.677502155777947
"[-50.14548844284277, -0.8541126578225363, 0.854112657822826, -0.021348558249927797]",98.8977916450882,3.6806453200136544
"[-49.784881575238465, -0.8469544677788632, 0.8469544677795541, -0.021622700926847975]",98.91113508713714,3.6837884842493627
"[-49.40645047834816, -0.8394400451067314, 0.8394400451078496, -0.021913580358992428]",98.9247318293068,3.68693164848507
"[-49.00968804180616, -0.831558214684222, 0.8315582146864927, -0.02222214584294535]",98.93859323608756,3.6900748127207774
"[-48.59406088083675, -0.8232971260427104, 0.823297126043691, -0.022549436601494895]",98.95273175586998,3.6932179769564852
"[-48.1590174497591, -0.8146443944146619, 0.8146443944159569, -0.022896584595728867]",98.96716076283516,3.696361141192193
"[-47.70397584687325, -0.8055868350913348, 0.8055868350915677, -0.023264834691007347]",98.98189491617835,3.6995043054279004
"[-47.22832830520864, -0.7961105256578244, 0.7961105256580229, -0.023655553427008078]",98.99695015287054,3.7026474696636082
"[-46.731433737242604, -0.7862006261611758, 0.7862006261615836, -0.024070249399998085]",99.012343918308,3.7057906338993156
"[-46.212615559386194, -0.7758412988275418, 0.7758412988283389, -0.024510591984028357]",99.02809532800669,3.7089337981350234
"[-45.6711591220679, -0.765015613548674, 0.7650156135489785, -0.02497843333989237]",99.04422532680644,3.7120769623707313
"[-45.106304958079896, -0.7537053619367577, 0.7537053619371082, -0.02547583770745926]",99.06075703407006,3.7152201266064386
"[-44.5172417189528, -0.7418908551164245, 0.7418908551168873, -0.026005115739106854]",99.07771601028952,3.718363290842146
"[-43.90309874848969, -0.7295507019452198, 0.7295507019453538, -0.026568865003813995]",99.09513063915404,3.721506455077854
"[-43.262951010950495, -0.7166618211620591, 0.7166618211632215, -0.027170005945493444]",99.11303223981218,3.7246496193135616
"[-42.59579264367988, -0.7031988046528895, 0.7031988046529848, -0.027811855488852615]",99.1314559549638,3.727792783549269
"[-41.90053422843039, -0.6891337332285093, 0.6891337332288174, -0.028498190482274335]",99.15044109375638,3.7309359477849764
"[-41.1759930588564, -0.6744358230461045, 0.6744358230468622, -0.029233331420007693]",99.17003181239261,3.7340791120206847
"[-40.42087852338952, -0.6590709361724096, 0.6590709361730084, -0.030022249029195203]",99.19027790219059,3.737222276256392
"[-39.63376424483911, -0.6430007725093544, 0.6430007725097177, -0.03087070880784654]",99.21123598592914,3.7403654404920994
"[-38.813078944011785, -0.6261823789954593, 0.6261823789955608, -0.03178542745522919]",99.23297050795973,3.7435086047278077
"[-37.95708000441585, -0.6085672251963498, 0.6085672251969614, -0.032774288007216774]",99.25555526938095,3.746651768963515
"[-37.06381105484284, -0.5900998381447449, 0.5900998381450291, -0.03384662952746353]",99.27907555013,3.7497949331992224
"[-36.1310739967575, -0.5707165833733596, 0.570716583374115, -0.03501359649867631]",99.30363025216394,3.7529380974349307
"[-35.156372175317635, -0.5503436451729165, 0.5503436451731184, -0.03628862719663854]",99.3293351759028,3.756081261670638
"[-34.13686349580071, -0.5288949283216021, 0.5288949283219618, -0.03768807681601692]",99.35632669593038,3.7592244259063454
"[-33.069258108577785, -0.506268393867897, 0.506268393867911, -0.0392321255389826]",99.38476749610285,3.7623675901420537
"[-31.949733526036095, -0.48234216804619595, 0.4823421680465524, -0.04094597571177415]",99.4148532750766,3.765510754377761
"[-30.773800082605867, -0.4569687382842537, 0.45696873828470774, -0.04286158159119645]",99.44682231706533,3.7686539186134684
"[-29.536103761808516, -0.4299664829601464, 0.4299664829604561, -0.04502019461190135]",99.48096930636989,3.7717970828491767
"[-28.230197668323953, -0.4011084587352372, 0.40110845873539325, -0.04747609755208856]",99.51766400465266,3.774940247084884
"[-26.848182574681708, -0.3701050050160115, 0.37010500501604077, -0.050302431521865754]",99.5573797877479,3.7780834113205914
"[-25.38019518606567, -0.33657735453924503, 0.33657735453927395, -0.053600520773664964]",99.60073677950021,3.7812265755562997
"[-23.81364704900167, -0.3000157316962883, 0.3000157316964537, -0.05751548477759364]",99.64857033939579,3.784369739792007
"[-22.132058621965246, -0.25970972049763735, 0.2597097204977103, -0.062263778444847526]",99.7020445731573,3.7875129040277145
"[-20.31309377477986, -0.21462291170302614, 0.21462291170324294, -0.0681853896648683]",99.76285527086758,3.7906560682634227
"[-16.045337712778636, -0.20129950168932856, 0.2012995016894744, -0.0857618318974902]",87.21036109478244,3.79379923249913
"[-14.544797815687897, -0.14973812262544264, 0.14973812262547373, -0.09484558803853718]",87.28119478954805,3.7969423967348375
"[-12.891097797990152, -0.08952397533932914, 0.08952397533935416, -0.10698116027266467]",87.36580650812117,3.800085560970545
"[-11.033734051446194, -0.01616720563076721, 0.01616720563081994, -0.12433738492313653]",87.47149432243302,3.803228725206253
"[-8.882799732689266, 0.07999275643908063, -0.07999275643884982, -0.15205458516213277]",87.6136794055226,3.8063718894419605
"[-6.241437138009379, 0.22726350408205037, -0.22726350408198298, -0.20669868595301266]",87.83565762842785,3.809515053677668
"[-2.3566144763551136, 0.6441765022474526, -0.6441765022473769, -0.3853567634738945]",88.38426733612263,3.812658217913376
"[-1.8943184218480154, -0.439645720363987, 0.4396457203640588, -0.5098402452668929]",87.00708729311357,3.8158013821490835
"[-4.227336334352778, -0.19914607143404325, 0.19914607143409047, -0.29355714522320836]",87.44323862588242,3.818944546384791
"[-4.650762620256339, -0.038347759062653745, 0.03834775906266763, -0.274392231091156]",86.9733945288105,3.8220877106204987
"[-2.291958828041513, 0.47577300299431674, -0.47577300299425473, -0.4388789253827143]",87.69896809682155,3.8252308748562065
"[-7.995172304368698, -0.17445313020873102, 0.17445313020893882, -0.1661477391251561]",86.87418077783374,3.828374039091914
"[0.05117144147416054, -0.7837775275746206, 0.7837775275746248, 0.41865388661770886]",75.1075099852419,3.8315172033276217
"[-17.591634640941454, -0.9033752571516848, 0.9033752571522129, -0.05637677629800412]",82.04705027036177,3.834660367563329
"[-6.4175756348849236, 0.06891728421656798, -0.06891728421653041, -0.20530879123688925]",87.11794247976707,3.837803531799037
"[0.19434442714072359, 0.4807890795251867, -0.48078907952518074, 1.0809925068671584]",75.53054627010215,3.8409466960347447
"[-0.9088714863770521, 0.059632095319584355, -0.059632095319577035, -0.4094625230297946]",70.15476072019466,3.844089860270452
"[-22.43655649966585, -0.6609680796880658, 0.6609680796882932, -0.05319072728753781]",85.95726211626291,3.8472330245061594
"[-0.10958335182732162, 0.30789722501868777, -0.30789722501864697, 1.687517516257806]",76.04848345370769,3.8503761887418677
"[-1.3260792004604232, -0.8794771830845072, 0.8794771830845157, -0.3782106010585095]",80.07232796038696,3.853519352977575
"[-1.621895129589372, -0.8670259447182963, 0.8670259447183231, -0.36692869102579606]",85.87542388421943,3.8566625172132825
"[-1.5395782728383502, -0.555107652757723, 0.5551076527577706, -0.532095952492632]",86.1875894780809,3.8598056814489907
"[-19.858204442697485, -0.5513366416079049, 0.5513366416079782, -0.06318100050153877]",88.6980951065255,3.862948845684698
"[0.7840265054464342, 0.6395083643069946, -0.6395083643069497, 1.0507071381778281]",81.03988742125162,3.8660920099204055
"[-2.4277569302940063, 0.5499942292676114, -0.5499942292675968, -0.4033189619354336]",90.02639318681476,3.8692351741561137
"[-7.638354154691569, -0.35078099126016404, 0.3507809912602437, -0.16711421155035672]",88.95507263237191,3.872378338391821
"[0.032853001810269324, 0.8433629841776742, -0.8433629841776721, 0.3085230681008667]",79.29462034582959,3.8755215026275285
"[-8.708429937999895, -0.6566153718745297, 0.6566153718745751, -0.1301344142507593]",80.43695315902907,3.878664666863236
"[0.954451386103034, 0.011978938748274959, -0.011978938748562555, 2.7697422359492982]",65.62123119460217,3.881807831098944
"[-1.3058685592111905, 0.2506069163504397, -0.25060691635041993, -0.6658239301720258]",85.425796356155,3.8849509953346515
"[-11.826613730007576, -0.11875890109857326, 0.11875890109872672, -0.11584520111122532]",85.08944363305193,3.888094159570359
"[-30.072277239737755, -0.7589406922488633, 0.7589406922492057, -0.037724786589674174]",84.45623347729665,3.891237323806067
"[-38.01074948433308, -0.987204810646563, 0.9872048106467454, -0.024775074551664812]",84.62525482024623,3.8943804880417745
"[0.1294789250290453, -0.4946285017692504, 0.4946285017692587, 1.0627410742608856]",67.86253123693591,3.897523652277482
"[-1.2774548864980542, 0.11553121089776394, -0.11553121089776107, -0.6872221638746898]",62.02616039698582,3.90066681651319
"[-4.775216787807978, -0.868580554068925, 0.8685805540689371, -0.1860453452989607]",82.13666510029647,3.9038099807488975
"[0.7010615208865564, -0.09529576816114045, 0.09529576816115468, 1.5546031740578534]",54.86525994491183,3.906953144984605
"[-0.09687441565769321, -0.0013739468261185594, 0.0013739467174365483, 22.805185423941328]",54.90404482193341,3.910096309220313
"[-4.621180654534453, -0.8533183469546729, 0.8533183469547245, -0.19393760700608273]",74.43926957057572,3.9132394734560205
"[-1.9121504353088943, -0.1040814034869328, 0.10408140348694271, -0.5631195875745464]",75.01554719658998,3.916382637691728
"[-0.8804809332736337, -0.5657537109208292, 0.5657537109208315, -0.48089732294907656]",57.80974010449036,3.9226689661631435
"[-0.9193137518875044, -0.06823412915708053, 0.06823412915709678, -0.43040781804133443]",59.62342120661627,3.925812130398851
"[-28.189207431582624, -0.8574969006867298, 0.8574969006868813, -0.03733998579806431]",79.67235859048462,3.928955294634559
"[-26.946236901296125, -0.8280771556928874, 0.8280771556929407, -0.039925547414025216]",79.38010459457195,3.9320984588702665
"[-10.72542857294535, -0.1477000439542844, 0.14770004395428651, -0.12669165659687384]",80.02629674051468,3.935241623105974
"[-5.9191910600140725, -1.1189911836345163, 1.1189911836345183, -0.11301655674161085]",71.89903697930875,3.9383847873416817
"[-0.930288084438941, -0.02801586001062918, 0.02801586001063267, -0.44844830360260035]",63.54598057331246,3.9415279515773896
"[-6.750639475021706, -0.25986587701545005, 0.2598658770154577, -0.19127712595608895]",83.88820819946106,3.944671115813097
"[-13.191413143533754, -0.2659953079913108, 0.2659953079913257, -0.10226530750262089]",84.55251792334862,3.9478142800488043
"[-0.9000757217114966, 0.14672348760079523, -0.1467234876007908, -0.40481064397657907]",69.07421666238483,3.950957444284512
"[-4.174880605598268, 0.2856356367806222, -0.2856356367806146, -0.29142688611870565]",82.66673831663395,3.95410060852022
"[-0.07017821181914834, -0.01000950312757594, 0.010009503120443113, 7.3137587288244905]",66.17150425417638,3.9572437727559273
"[0.02332999340971323, 0.027109530569976618, -0.027109530570144987, 3.4253854833386526]",74.25583140111587,3.960386936991635
"[-2.2804095110286142, 0.5166752252652713, -0.5166752252652, -0.4303878203208067]",82.99462764564427,3.9635301012273425
"[-1.8695989013927274, -0.6752532965517077, 0.6752532965517187, -0.4336789150559159]",88.58410409636033,3.9729595939344655
"[-6.130319717743789, 0.23290859424746202, -0.23290859424741955, -0.20986634699493173]",89.60587856708541,3.9761027581701733
"[-9.622470763366852, 0.04276363039468263, -0.04276363039432352, -0.1413419396897852]",89.33131911798938,3.979245922405881
"[-10.713330515340626, -0.0056429768545536, 0.005642976854602927, -0.12785451415595117]",89.26104965649135,3.9823890866415885
"[-9.244754720859337, 0.05973793971394382, -0.05973793971373665, -0.14664487881288915]",89.34604463666818,3.985532250877296
"[-1.9720521305056125, 0.729931883913352, -0.729931883913336, -0.3988054196542815]",90.19382570347298,3.988675415113004
"[-5.454907637232445, -0.014850100252019105, 0.014850100252047985, -0.23821822064615894]",88.67975740422692,3.9918185793487115
"[0.698206250603443, 0.8475453851707435, -0.8475453851707374, 0.9655078768819005]",86.90992912372724,4.0012480720558345
"[-5.397903211518598, -0.22137353396800669, 0.22137353396828569, -0.23577543702361495]",74.93625997735734,4.004391236291542
"[-17.658417611947023, -0.6203911654203234, 0.6203911654204731, -0.06842558459878076]",76.67284352117451,4.00753440052725
"[0.9551533731212403, -0.007803791645874244, 0.0078037916458027915, 2.7713950619241094]",55.65366030713257,4.010677564762958
"[-3.2179066636064886, 0.13833411156817754, -0.1383341115680108, -0.3737295156765893]",64.75053743599025,4.020107057470081
"[-5.067483486752132, -0.17409618749859979, 0.17409618749864947, -0.25133011925228055]",64.6140879842728,4.023250221705788
"[-0.24608281586663722, 0.8140635889741504, -0.8140635889741465, 0.11708663755913852]",61.18295353094845,4.026393385941495
"[-4.910819736055562, -0.8333670983780307, 0.8333670983780879, -0.18817352690001862]",64.20681824296969,4.029536550177204
"[-15.51561117328584, -0.5132431348033984, 0.5132431348035066, -0.08134778757759238]",76.94283893520432,4.032679714412911
"[-11.04464340990464, -0.2629574892473802, 0.2629574892474626, -0.12107022567823779]",77.54774738483032,4.035822878648618
"[0.26590623245426026, -0.9169504588193891, 0.9169504588193955, 0.3301462879759924]",71.20441893563812,4.038966042884327
"[-0.8785526816322605, -1.069209236039663, 1.0692092360396714, -0.19857969999945085]",73.59803507017352,4.042109207120034
"[-0.16972082924738233, 0.8011959910891504, -0.8011959910891503, 0.21569865556949125]",61.064447540434536,4.045252371355741
"[-4.208294344796698, -0.7180819350658728, 0.718081935065914, -0.23516603163935482]",64.02703587785771,4.04839553559145
"[-11.625267894875776, -0.30359605085193875, 0.3035960508519814, -0.11435517482521763]",82.90858417850936,4.057825028298573
"[0.49942447214788327, -0.8538608588993525, 0.8538608588993535, 0.5763738854873682]",86.39012180973158,4.06096819253428
"[-0.8549624179083045, 0.07157892575141309, -0.07157892575139399, -0.29502277068552607]",77.20332802876143,4.064111356769987
"[-1.6407639743966442, -0.031465948003884865, 0.03146594800389439, -0.6259659453755849]",89.17319040793176,4.067254521005696
"[-0.19199495180355922, -0.8281217675145184, 0.8281217675145256, 0.15280285536247454]",67.27131064078768,4.070397685241403
"[-1.021307459781902, 0.8213294071120331, -0.8213294071120273, -0.4198630627876005]",77.56885716565976,4.07354084947711
"[-11.22571263168816, -0.17510277608728222, 0.1751027760874195, -0.12095938889637278]",87.33956628806024,4.076684013712819
"[-1.264903838093944, 0.5493022691034125, -0.5493022691034088, -0.5729037642991268]",81.57409893169049,4.079827177948526
"[-4.629418950889164, -0.6994700104517425, 0.6994700104518441, -0.22040446365275118]",78.96763639687101,4.082970342184233
"[0.005464789619242264, 0.007955183623620314, -0.00795518362410356, 3.791310055166706]",74.94738816245604,4.086113506419942
"[-5.985711210347963, -1.1477552121604462, 1.1477552121604606, -0.10651889138208145]",74.8561700552087,4.089256670655649
"[-7.667494165564943, -0.5293873083222652, 0.5293873083222828, -0.15608305469355988]",81.56398842152876,4.095542999127065
"[-18.09737524638693, -0.639019683960021, 0.6390196839600361, -0.06618531382838763]",88.94432840003287,4.098686163362772
"[-4.577441011618974, -0.4019566533696419, 0.40195665336969677, -0.25987735452379607]",88.14730010120991,4.101829327598479
"[-22.145779759696133, -0.8382097987408939, 0.83820979874153, -0.04785182960847076]",88.56117533326979,4.104972491834187
"[-1.1874660064861442, -0.6437332361280932, 0.6437332361280945, -0.531420611886149]",82.89417081460024,4.111258820305602
"[-20.582332554550497, -0.586605290782756, 0.5866052907828109, -0.06006001329999293]",86.6005989222646,4.11440198454131
"[-0.9051502460457188, -0.5197902608858798, 0.5197902608859288, -0.49998265063207364]",65.19213125370986,4.117545148777018
"[0.6693018777983146, 0.782271214799072, -0.7822712147990635, 0.8583198493244093]",80.12370195867435,4.120688313012725
"[-18.32990305244469, -0.9574003858466018, 0.9574003858466098, -0.051474454938206064]",83.68180834778866,4.123831477248433
"[-0.8697593755590749, 0.1757077704112449, -0.17570777041123964, -0.3505616095044412]",77.89520294103066,4.130117805719848
"[-0.5800895052126118, 0.5252739694448284, -0.5252739694448099, 0.019253895137417053]",63.271069623161765,4.133260969955556
"[-13.1488870609092, -0.6256685365667368, 0.625668536566902, -0.09029990647792173]",78.80028088976658,4.136404134191263
"[-0.06633392842124784, -0.9204715794732312, 0.9204715794732329, 0.14754025589310352]",91.59307833786934,4.1395472984269714
"[-14.787532872977087, -0.4967727962617515, 0.49677279626179555, -0.08572559806490972]",88.38004996406686,4.142690462662679
"[-0.1868370179518967, 1.0325635517578193, -1.0325635517578162, 0.0613725461167934]",83.65772093897,4.145833626898386
"[0.5340501255238395, 0.9352819046401698, -0.9352819046401639, 0.7392342968179014]",95.80498839379274,4.148976791134094
"[-0.7791122696939005, 0.2510826502527189, -0.25108265025271825, -0.17586698110292603]",67.05137742162887,4.152119955369802
"[-12.227536650796319, -0.2246812335570106, 0.224681233557083, -0.110739870502183]",91.12404885012704,4.155263119605509
"[-1.112692259360308, 0.9181236097439336, -0.918123609743929, -0.3522567952083264]",92.28858651470324,4.158406283841217
"[-3.3072887602673737, 0.3302222777332283, -0.3302222777332195, -0.35045482145777684]",91.80728963715889,4.161549448076924
"[-12.015243476543928, -0.21454611610161173, 0.2145461161016625, -0.11278021102391066]",91.43740382971342,4.164692612312632
"[-2.661789168994994, 0.03074056384450976, -0.03074056384449562, -0.44034833516746386]",82.06351704235486,4.16783577654834
"[-3.112075451730908, -0.37529424848275256, 0.37529424848278287, -0.3628025436931827]",70.9148689240847,4.170978940784047
"[-0.30269321100395585, -0.5959550740726317, 0.5959550740726457, 0.4357412138835865]",79.79533963681936,4.174122105019755
"[-3.477478680102002, -0.3851846386510001, 0.3851846386510267, -0.33005953041101654]",85.10801743757298,4.177265269255463
"[-7.024841994675594, -0.42134481437387267, 0.4213448143738955, -0.17644131229833163]",80.43399593665042,4.18040843349117
"[-19.401423934521517, -0.40723899134368935, 0.4072389913438212, -0.06818363587701438]",94.01004172414818,4.183551597726877
"[0.028746538085203457, 0.001496017911998538, -0.0014960179123439943, 3.390352891125651]",67.76129421716375,4.186694761962586
"[-0.6523817360384463, 0.6223915537864537, -0.6223915537864433, -0.22158030573135232]",80.68290070465301,4.189837926198293
"[0.9479403234486132, -0.06036659706223519, 0.06036659706222301, 2.4650162918653766]",63.4761132834205,4.192981090434
"[0.4145556666543633, 0.5366225910024662, -0.5366225910024636, 0.9118736300148778]",65.62942633314209,4.196124254669709
"[-0.397424011295094, 0.7975221396549897, -0.7975221396549893, -0.036826522661005015]",65.7274835895842,4.199267418905416
"[0.745833902890683, 0.47988093264032544, -0.47988093264028936, 1.0983747249245193]",73.7221080431484,4.202410583141123
"[-1.58517757915081, -0.2334610977695112, 0.23346109776951637, -0.6183835689607361]",79.04283311642102,4.205553747376832
"[0.7739357601666574, 0.15311862804638515, -0.1531186280463663, 1.639702699272323]",64.75801094583034,4.208696911612539
"[-14.909812830566926, -0.7227701438068775, 0.7227701438069093, -0.075765876075664]",79.22726334863542,4.211840075848246
"[-9.52559847383781, -0.678897716785912, 0.6788977167859409, -0.11828497513714661]",81.00527278188925,4.214983240083955
"[-16.730262145049288, -0.8493661967195759, 0.8493661967196379, -0.06195326583972734]",83.79786904072016,4.218126404319662
"[-4.8936649334134685, -0.02871832280471484, 0.02871832280471923, -0.26238108278049255]",81.51127737115043,4.221269568555369
"[0.7609022114362108, 0.5003600188545857, -0.5003600188545843, 1.095757460393525]",74.11002628266161,4.224412732791078
"[-4.60440403636022, -0.004987288602008183, 0.004987288602053289, -0.2769908831977529]",81.35956460472997,4.227555897026785
"[-5.680890835107246, -0.26912352565172803, 0.2691235256522105, -0.22310111788912299]",86.39321201841538,4.230699061262492
"[-12.185034029132483, -0.5648399150498715, 0.5648399150498981, -0.09999571841931387]",83.11057868304124,4.233842225498201
"[-10.87242360431521, -0.4716089391838167, 0.47160893918398034, -0.1157550362829568]",79.0780351631264,4.236985389733908
"[-2.8589519406117545, 0.053869339730829545, -0.05386933973081272, -0.41518307022539036]",75.87062353347346,4.240128553969615
"[-0.8781769104171225, -0.3768597239351614, 0.37685972393516753, -0.4365124370853427]",66.06141715397229,4.243271718205324
"[-0.5225820933494607, -1.13580571173867, 1.1358057117387086, -0.024264125951794648]",78.19499028606624,4.246414882441031
"[-0.16948724864380146, 0.9897016181788819, -0.9897016181788767, 0.05356517402448837]",76.27479898290898,4.249558046676738
"[-0.6721041493417269, 0.7113047879145784, -0.711304787914573, -0.30403430403193243]",66.14140253679071,4.252701210912446
"[0.16430860199054104, 0.6801337556127789, -0.6801337556127744, 0.6603066509384093]",65.68033444438771,4.255844375148154
"[0.15911246390770142, -1.0781484792576481, 1.078148479257651, 0.39130306849522145]",82.531615194114,4.431861572347782
"[-0.18878507996510982, 0.9466699338975785, -0.9466699338975769, 0.04259905573196243]",88.47694686011037,4.438147900819197
"[-1.0105732108540602, 0.5947051505286831, -0.5947051505286809, -0.541593146637441]",94.32225986241193,4.441291065054905
"[-16.62466390288056, -0.8700249815493849, 0.8700249815495413, -0.06125334757615918]",81.17986432827996,4.4444342292906125
"[-3.118140276650381, -0.0404595194508828, 0.04045951945091641, -0.38673996269729716]",81.70875436102034,4.44757739352632
"[-36.19760162619556, -0.9409906891173077, 0.9409906891175, -0.02721229609294191]",94.99973883869419,4.450720557762028
"[-8.208093482685001, -0.6139687808657712, 0.6139687808658215, -0.1406879697905263]",94.62739044789272,4.4538637219977355
"[-33.103431808253355, -0.8472751434130245, 0.847275143413539, -0.03221359051300444]",99.33901656106258,4.4632932147048585
"[-6.168421196603961, 0.07078046324105304, -0.07078046324103567, -0.21280865765413753]",88.21289194290267,4.466436378940566
"[-5.288016231832078, 0.14848707035218717, -0.148487070352172, -0.24279208241446923]",88.45322980625198,4.469579543176274
"[-33.27194476827483, -0.8444898295075773, 0.8444898295077641, -0.03212575779829775]",99.9556132331519,4.4727227074119815
"[-34.294712132271144, -0.8812717587128374, 0.8812717587129585, -0.030266663476073947]",99.82206236947368,4.475865871647689
"[-32.58848962705338, -0.830787977234213, 0.8307879772342639, -0.03313336526908761]",99.82562302119288,4.479009035883397
"[-34.9210660285183, -0.8993093809606932, 0.8993093809612833, -0.029278067832336132]",99.83539152182902,4.4821522001191045
"[-0.9564899471399572, -1.1049199911539205, 1.1049199911539591, -0.17813062791742967]",87.03194836436509,4.488438528590519
"[-9.503651915619406, -0.1679391890974347, 0.1679391890981804, -0.14158968029767158]",87.90350882623744,4.4915816928262275
"[-33.18494395379259, -0.8497078858010677, 0.8497078858015203, -0.032074363720134495]",99.36714343168374,4.494724857061935
"[-0.011678496020688213, 0.6320857215338314, -0.6320857215338294, 0.6885125712029083]",77.90979506044349,4.501011185533351
"[-0.0234346496543627, -0.02994039998464338, 0.02994039998342067, 4.3586588184252415]",91.09470377698567,4.504154349769058
"[-20.13445838995129, -0.43568042058653134, 0.4356804205867311, -0.06518928962300702]",95.30987441315703,4.507297514004765
"[-29.647869444456315, -0.7305888480237395, 0.7305888480238808, -0.03896255184701981]",95.47044786372473,4.510440678240474
"[-3.037971045300504, -0.08311821377300428, 0.08311821377305272, -0.3942283098987826]",81.2354069970885,4.516727006711888
"[-11.412045895530687, -0.4878767804554377, 0.4878767804554386, -0.10992125396999657]",97.13682252779097,4.519870170947597
"[-1.1722091208345766, -0.1858172742931225, 0.18581727429313727, -0.6733576945729713]",74.32338506467737,4.523013335183304
"[-0.22022142717225582, 0.8406781374021518, -0.8406781374021499, 0.10780289936056676]",96.65978256270988,4.526156499419011
"[-12.186562084882084, -0.33017971069639845, 0.3301797106964122, -0.10867061883145869]",86.10074618529174,4.52929966365472
"[-1.0168158946282275, -0.22158798375718278, 0.22158798375719213, -0.5866602545765286]",71.4416795321936,4.532442827890427
"[-2.319011820177286, 0.3499494136026385, -0.3499494136026137, -0.46070175440150174]",74.06395086298579,4.535585992126134
"[-0.08832937229069489, 0.006743439470859094, -0.006743439484278415, 11.350352453251299]",64.37133311819021,4.538729156361843
"[-1.0077492159227346, -0.18978661820214807, 0.1897866182021571, -0.5754797908027087]",71.47704658230211,4.551301813304673
"[-7.877250318649824, -0.5272665307076868, 0.5272665307076889, -0.15243692582478496]",73.37977203517956,4.55444497754038
"[-7.7749700745622565, -0.5193075913319558, 0.5193075913320591, -0.15480949566463661]",73.49308996690809,4.557588141776089
"[-3.0656049400436065, -0.44627493929060463, 0.44627493929063067, -0.3568389387346573]",70.81788265541326,4.560731306011796
"[-3.47184747207216, 0.07049777058770863, -0.070497770587551, -0.35284900381646667]",84.16355341740567,4.563874470247503
"[-1.6525292486711978, 0.22661353623822084, -0.22661353623820554, -0.6049153576302108]",73.91817646333266,4.567017634483211
"[-0.09972473919176139, -1.481083188157603e-5, 1.4780643898945816e-5, 80.69078971758775]",65.3192043196181,4.570160798718919
"[-1.5779940132366794, -0.07685382859123853, 0.07685382859124369, -0.638383968612814]",86.52938188345418,4.573303962954626
"[-7.259655988867201, -0.01553745936135717, 0.015537459361428236, -0.18372739839605884]",86.98789668424823,4.576447127190334
"[-0.5541343130610474, -0.9759187609793488, 0.9759187609793603, -0.18547048899578222]",86.27338472286144,4.579590291426042
"[0.7523630152884113, 0.1538726332411039, -0.15387263324108116, 1.5865089587897077]",69.3120124479256,4.582733455661749
"[-1.400707299183352, -0.1543514515512894, 0.1543514515512952, -0.6680678461821098]",71.04984483944027,4.585876619897457
"[0.3231952846037375, 0.5629084538178117, -0.5629084538178091, 0.8848033523567131]",70.14006055530088,4.589019784133165
"[0.7253822621736602, 0.36735919473054357, -0.36735919473054346, 1.210372598069049]",80.11408710079078,4.59530611260458
"[-9.763040880407013, -0.19204029472864234, 0.19204029472868758, -0.1376141349637504]",88.1456840553987,4.598449276840288
"[-10.760497114145341, -0.2543251691237888, 0.25432516912393477, -0.12428881813657315]",91.97232521850304,4.601592441075995
"[0.43980797450301407, -0.5059043148904614, 0.5059043148904618, 0.9544340073826073]",77.35004800849147,4.604735605311703
"[0.9263400255049457, 0.027762502469641518, -0.027762502469780587, 3.1462805617517113]",92.18666998754814,4.607878769547411
"[0.8099863256310257, 0.27874547993208726, -0.2787454799320665, 1.440754809730998]",82.2875411077278,4.611021933783118
"[-16.348564689942737, -0.8295750952809052, 0.8295750952811185, -0.06433984020914822]",88.48490416503141,4.614165098018826
"[-1.4542998788968209, 0.4664795712291011, -0.4664795712290958, -0.5810494830705621]",82.29482100488765,4.617308262254534
"[0.35418068995538293, -0.9991930064638669, 0.99919300646388, 0.5258602461700345]",85.73674811496241,4.620451426490241
"[-4.1109183591612855, 0.3189315019047492, -0.3189315019047345, -0.2927300093580072]",96.99008022936498,4.623594590725949
"[0.7158753342818405, 0.163522165736921, -0.16352216573690662, 1.4934247542823098]",83.51361672985146,4.626737754961656
"[-0.9911157611747644, 0.29630590214622526, -0.29630590214621455, -0.5652686112694076]",79.63221517533837,4.629880919197364
"[0.9065808113758337, 0.006655097613970175, -0.0066550976206978954, 5.496693546270567]",77.88934904623504,4.636167247668779
"[-2.18445461676946, 0.18678160443248343, -0.1867816044324819, -0.5047102320191811]",92.32420834007392,4.6393104119044875
"[-6.457930463018921, -0.3846972392970089, 0.3846972392970563, -0.1927412017174309]",90.48047298013122,4.642453576140195
"[-14.850670894783098, -0.34673984380017936, 0.34673984380031814, -0.08966334150165742]",95.75411053810622,4.645596740375902
"[0.09880390847505012, 0.7474167907957444, -0.7474167907957381, 0.5090453478429636]",82.28955782892113,4.64873990461161
"[-0.3625873829873862, 0.8431549125676725, -0.8431549125676656, -0.04260257868655811]",86.59647446040759,4.655026233083025
"[0.5544180667943115, -0.3436678395058425, 0.34366783950584306, 1.15526422150133]",94.63386175933125,4.658169397318733
"[-0.10048515496722052, 0.00020112775412115596, -0.00020112429493407316, 58.419693477436574]",70.34365431876546,4.66131256155444
"[0.034220624300109206, 0.7872699034571197, -0.7872699034571188, 0.40264574418191285]",83.32977580972671,4.664455725790148
"[-0.03598744169092605, 0.5226088284656275, -0.5226088284656037, 0.9487411269814763]",93.86964772185303,4.667598890025856
"[-14.05784614792829, -0.3109555905852296, 0.31095559058540895, -0.09532390253309109]",99.75162414894098,4.67388521849727
"[0.5683717820962373, -0.16244584153139832, 0.16244584153140598, 1.341650872020059]",82.84323156114505,4.677028382732979
"[-2.624986083006898, -0.3509754468755128, 0.35097544687552634, -0.4190212255074753]",92.16155136300742,4.680171546968686
"[-11.303062116183245, -0.5137969402091531, 0.5137969402092096, -0.10975710956731642]",99.1208978003729,4.683314711204393
"[0.11398448859626102, 0.7100467474138504, -0.710046747413846, 0.5864152740413658]",74.05848995911984,4.689601039675809
"[-21.67777741913181, -0.8230401623248128, 0.8230401623255409, -0.04942473404209]",90.0500820419506,4.692744203911516
"[-0.9460099880704697, 0.721558811866428, -0.721558811866424, -0.4713505408010397]",77.93039515098152,4.695887368147225
"[-9.07543329458291, -0.6621720136178106, 0.6621720136178798, -0.12490424057716147]",77.44296558493471,4.699030532382932
"[-1.016278113858765, -0.24509737129297107, 0.2450973712929999, -0.587130675828627]",75.52059678586839,4.705316860854348
"[-0.7476614939316498, -0.6694717830711792, 0.6694717830711822, -0.37076447450324207]",73.7665864823167,4.708460025090055
"[0.9076622694828841, -0.008466167094254516, 0.008466167093131931, 5.05679765781501]",79.86609911358877,4.711603189325762
"[-0.7779473840741432, -0.4796171215834184, 0.47961712158342296, -0.32260044017341327]",92.82982707215109,4.717889517797178
"[0.04818452233098138, -0.9167761151064604, 0.9167761151064623, 0.22386419726935586]",92.19774676395427,4.721032682032885
"[-12.075744207208942, -0.5537484737390163, 0.5537484737391495, -0.10136412817232401]",97.3054858428572,4.733605338975716
"[0.8612487195387838, -0.24477794792328672, 0.24477794792329355, 1.5777230369433535]",75.97846957191095,4.736748503211424
"[-1.3244129784132366, 0.8722231264032677, -0.8722231264032648, -0.38318935398706017]",96.82792911006621,4.739891667447131
"[-0.08724042883326062, 0.923632828741167, -0.9236328287411641, 0.13020956104607925]",82.63801806421009,4.743034831682839
"[-25.419885969661713, -0.7670888144743654, 0.7670888144747475, -0.04415580643473275]",97.59510836209829,4.746177995918547
"[-0.8046909234961144, 0.12442697269547827, -0.12442697269546739, -0.18386666992548426]",83.66051461395479,4.749321160154254
"[-1.1851912495986692, 0.7060856730409527, -0.7060856730409397, -0.4964334701659406]",85.4532051735497,4.752464324389962
"[-0.5616512609590247, -0.6078645346273146, 0.607864534627321, -0.052253497144098396]",84.45875452405419,4.75560748862567
"[-17.540634181793255, -0.4611199031263909, 0.4611199031265147, -0.07379438487140784]",93.21103363168763,4.758750652861377
"[-31.250366953988543, -0.9825082764782955, 0.982508276478317, -0.030105413632803984]",92.94686763032371,4.761893817097085
"[-5.682599528319415, 0.0011175558114423648, -0.0011175558114198253, -0.22964141269409027]",81.59993448222878,4.765036981332793
"[-3.2810482795336644, -0.5512000164169224, 0.5512000164169856, -0.32063160114341366]",84.79034592363855,4.7681801455685004
"[0.13342210609282076, 0.40526551921869686, -0.40526551921869225, 1.295947532864455]",69.83027882760824,4.771323309804208
"[-1.1385061675140722, 0.4856082581568049, -0.48560825815680064, -0.6022800998290324]",89.10486968308446,4.7776096382756235
"[-0.022647559452700864, -1.0922389506661403, 1.0922389506661405, 0.23668716359435424]",85.54949333121381,4.780752802511331
"[-1.7171489613061475, 0.1773958212406509, -0.17739582124064418, -0.5978872484701436]",77.05129542485413,4.783895966747039
"[-6.2940978819531965, -0.35285011838576447, 0.3528501183858359, -0.19917643893560055]",83.97363331643079,4.7870391309827465
"[0.7303764272527197, -0.10819617187251872, 0.10819617187254621, 1.6128438886400425]",68.59402383762959,4.790182295218454
"[-6.884353585319727, 0.08710470937081567, -0.08710470937072577, -0.19235112201848412]",94.25448585414681,4.793325459454161
"[0.9587256841767997, -0.3076319521100109, 0.3076319521100203, 1.5711148230913792]",82.7280874571574,4.7964686236898695
"[0.32082750362826457, -0.49724022360835163, 0.4972402236083539, 1.0030246628771782]",81.81315462460323,4.799611787925577
"[0.931064064403158, -0.02878591456369342, 0.028785914563381525, 3.0346894720762623]",72.46859560715414,4.8153276091041155
"[-1.2518809492562861, -0.7330185209885282, 0.7330185209885379, -0.47673235995708796]",75.15144568379586,4.818470773339823
"[0.9496377781559261, -0.007693456757800718, 0.007693456757364829, 2.870145723734439]",69.99668193765912,4.82161393757553
"[-0.876093865082047, -1.034484641822427, 1.0344846418224922, -0.2304528841152185]",76.94798856522833,4.8247571018112385
"[-5.473913363792967, -0.23407726930519143, 0.23407726930524117, -0.23230000746966248]",78.3034959128194,4.827900266046946
"[-7.658174873522681, -0.5098536151855113, 0.5098536151855151, -0.1576059664143107]",78.10476063058434,4.831043430282653
"[-8.285867627290258, -0.5819746112713627, 0.5819746112714563, -0.14182911180948812]",78.08391823354492,4.8341865945183615
"[-8.27069016660733, -0.580291196677697, 0.5802911966777369, -0.14218692736063857]",78.09638340843357,4.837329758754069
"[-8.08698165379145, -0.559457633210634, 0.5594576332107283, -0.14662319745755123]",78.1134739005687,4.840472922989776
"[-8.011612493523211, -0.5508457846556967, 0.5508457846557946, -0.14848780183905455]",78.12064020267216,4.8436160872254845
"[-8.12505172950822, -0.5637932668853352, 0.5637932668853383, -0.14569135340688757]",78.11277050442776,4.846759251461192
"[-8.297626224583492, -0.583325082545191, 0.5833250825452231, -0.14154921333391576]",78.09793039403966,4.849902415696899
"[-8.225645543253854, -0.575161553983654, 0.5751615539836743, -0.14326369950231915]",78.09162831698873,4.8530455799326075
"[-7.419195523517501, -0.48170310429210894, 0.4817031042922073, -0.16413532653776766]",78.12825318257954,4.856188744168315
"[-4.913802730240147, -0.15433331395138325, 0.1543333139514024, -0.25897754044417887]",78.39657068357941,4.859331908404022
"[-0.9040079446627166, 0.601347370733494, -0.6013473707334911, -0.4955662416770753]",77.68099081821948,4.8624750726397306
"[0.9096239965333092, 0.0020415490153755343, -0.0020415490233865285, 5.385032329022786]",69.83878115399324,4.865618236875438
"[-1.2529873447739426, -0.7321691631892809, 0.7321691631892947, -0.47717108418075355]",75.171901929634,4.868761401111145
"[-5.373027927026865, -0.9231538268458628, 0.9231538268459737, -0.1596383681158786]",77.79050272790906,4.871904565346853
"[-0.5184968094017196, -1.0272571684652612, 1.0272571684652627, -0.12986540101391836]",93.95519850587809,4.887620386525391
"[-5.4791351311627485, -0.09348028365838433, 0.09348028365841489, -0.2364654904574823]",93.53424871477426,4.890763550761099
"[0.10099238673103297, 0.11422617369378224, -0.11422617369390754, 2.3697099636888703]",72.87771811779264,4.893906714996806
"[-2.8718576379794545, 0.49390935662087576, -0.4939093566208593, -0.3671815770965613]",94.89911606395812,4.897049879232514
"[0.7033832139129175, -0.09897721765633102, 0.09897721765636937, 1.5559292339933548]",68.61419767503729,4.900193043468222
"[-5.88181037484967, -1.068338506726286, 1.068338506726367, -0.12313771666192896]",81.23273576440462,4.903336207703929
"[-0.049365054471818444, -0.045128699239484135, 0.04512869923903985, 4.833566537992511]",69.30227182011303,4.9064793719396365
"[-1.4864404679070098, 0.5888100421920146, -0.5888100421920098, -0.5259421525870737]",89.44092804423767,4.909622536175345
"[-2.0743820304071097, -0.06468429336364037, 0.06468429336364735, -0.5330648598305178]",88.8642109102542,4.912765700411052
"[-0.5547094404289433, 0.7244111614564337, -0.724411161456432, -0.16731221476370073]",75.82513440744492,4.9159088646467595
"[0.12375702700170435, 0.4264695892815301, -0.4264695892815225, 1.2420185487725903]",69.8880770290595,4.922195193118175
"[-1.2410654383800288, 0.8043172039326241, -0.8043172039326214, -0.4323836747538923]",84.39749309995253,4.9253383573538825
"[0.9418828497776883, 0.011602941303555995, -0.011602941303570796, 3.017143996625006]",67.95868036493935,4.92848152158959
"[-31.998059465936453, -1.00107369476701, 1.0010736947677399, -0.02884870468724693]",93.16477804791795,4.931624685825298
"[-27.22434435375388, -0.8379506676694621, 0.8379506676695759, -0.0392284933626941]",93.02806758943083,4.9347678500610055
"[-14.963483394842068, -0.35012388418439133, 0.3501238841845999, -0.08893818758741386]",93.40069946093274,4.937911014296713
"[0.5124440845911585, -0.7811652505515309, 0.781165250551531, 0.5868884558920717]",93.2440749030559,4.941054178532421
"[0.7676999972571422, 0.1971995445523791, -0.197199544552319, 1.5314650225787425]",81.01815621427774,4.9441973427681285
"[-3.8370402027077635, 0.05377024571098456, -0.05377024571063166, -0.32426334543645957]",83.57929095954218,4.947340507003836
"[-3.708627805731331, 0.36865200515964125, -0.36865200515962543, -0.3146176269396984]",98.6823666072765,4.950483671239543
"[-24.378813364204056, -0.7279470878035043, 0.7279470878040952, -0.04717836145563486]",97.73403448278472,4.9536268354752515
"[-24.72513972483255, -0.9711849409064534, 0.9711849409068746, -0.03816799703863224]",95.58589964531608,4.956769999710959
"[-1.1607713447130295, 0.141327118559481, -0.1413271185594801, -0.6747641812327095]",83.1918479499169,4.959913163946666
"[-1.8154555616382118, -0.08706921730645838, 0.08706921730646339, -0.5845983043504971]",94.77084229116471,4.9630563281823745
"[-1.0816199101319859, 0.31806565530169956, -0.31806565530169395, -0.6287012875295629]",86.0161441130443,4.966199492418082
"[0.8262218480017978, 0.6440145553091616, -0.6440145553091616, 1.1287353536362856]",95.21279567882979,4.969342656653789
"[-0.5563269204991318, -1.0495139507272682, 1.0495139507272688, -0.12593989387324694]",97.45479733493059,4.978772149360912
"[-1.003351392033595, -0.8266320147355364, 0.8266320147355427, -0.41477641101257146]",95.85296130953185,4.9913448063037436
"[-1.6018966940679957, 0.7347522179247007, -0.7347522179246982, -0.44034827893547285]",94.52371742808874,5.003917463246574
"[-3.1862926394341535, -0.007267407087316374, 0.00726740708736572, -0.38010660753380526]",87.66484336588353,5.007060627482281
"[0.788361777235622, 0.6787134132325029, -0.6787134132324921, 1.0585601115471643]",77.3012073097038,5.01020379171799
"[0.892279980025867, 0.004187471917079861, -0.004187471910822286, 5.632800292220437]",76.44040615798762,5.016490120189404
"[0.07958391148288498, 0.9175934117875754, -0.9175934117875724, 0.24060335847147707]",75.35398552693601,5.019633284425112
"[-5.073618967774599, -0.8601104667811407, 0.8601104667811591, -0.17860574139847016]",77.64130692219668,5.02277644866082
"[0.9468277302865082, 0.017749996406186318, -0.017749996406526157, 2.8702952472193197]",69.79175046904946,5.025919612896527
"[-0.04532234416466997, 0.8138460165233183, -0.813846016523305, 0.303217790985815]",82.6824937797642,5.029062777132235
"[0.4217795208689606, 0.5362898885186973, -0.53628988851869, 0.9111636753327343]",74.3856070865398,5.032205941367943
"[-0.25840307057194517, -0.7642683002903776, 0.7642683002903872, 0.17882889982294556]",76.16650757689636,5.038492269839358
"[-1.4717792673616497, 0.5835803616922071, -0.5835803616921951, -0.5304895034196286]",97.85748171444767,5.041635434075066
"[-1.2298065957287572, -0.5034963588345445, 0.5034963588345507, -0.5953411268535381]",94.36966471812376,5.044778598310773
"[-0.04352314246259564, 0.39574774573690946, -0.395747745736852, 1.3517243646885313]",86.1002528899744,5.051064926782189
"[-0.6674068940565183, -0.7490182403524026, 0.749018240352412, -0.31081692297692515]",90.07890278807699,5.054208091017896
"[0.5571550011418468, 0.5227377550515352, -0.5227377550515344, 0.9275754207591763]",76.80062590233204,5.057351255253604
"[0.0467232778737423, -0.7715936185151206, 0.7715936185151325, 0.4380785073619565]",90.2092099222888,5.063637583725019
"[-4.226442154446301, -0.22152045521145602, 0.22152045521159697, -0.29243077054499733]",98.46476660828132,5.069923912196435
"[-1.4296173115886412, 0.4746829832146387, -0.4746829832146377, -0.5821436647876805]",75.93953793027005,5.073067076432142
"[-2.6738716945755985, -0.23373014715161777, 0.23373014715163837, -0.42742297010915214]",75.02227461619447,5.07621024066785
"[-0.02935747168995167, 0.05602837326632303, -0.056028373266497206, 4.126654694592909]",85.00594471345897,5.079353404903558
"[-25.181158247185525, -0.9958679373219688, 0.9958679373226719, -0.03653940098705288]",90.71535916884145,5.088782897610681
"[-0.8108975858183989, -0.6456065806293846, 0.6456065806293853, -0.4260083170066869]",74.37688145110927,5.095069226082096
"[-30.58775136410015, -0.9613698697370776, 0.96136986973738, -0.031407914186200724]",95.60494943826457,5.098212390317803
"[-11.991906608418498, -0.21309630230800874, 0.21309630230801022, -0.11301420288136613]",96.1342286755032,5.101355554553511
"[-5.4575998347714245, -0.1296049729523367, 0.1296049729523391, -0.23653496612333638]",95.81708778799151,5.104498718789219
"[-3.859181247052888, 0.24603552128198264, -0.246035521281941, -0.3146662214658212]",96.39336187583835,5.107641883024926
"[-0.03586461048133614, 0.10237371112953336, -0.10237371112962483, 3.4590336566830198]",79.14018600175832,5.110785047260634
"[0.5764444080701769, -0.14907375436824713, 0.14907375436824805, 1.353965183638512]",79.00893150488811,5.113928211496342
"[-0.7873329947877787, -0.7459007579286387, 0.7459007579286459, -0.4009359298923563]",80.51630719367114,5.117071375732049
"[0.9314237136291789, 0.015349988979682134, -0.015349988980190897, 3.2598440070566297]",78.37851558827546,5.120214539967757
"[0.12649298562442832, -0.837915464831471, 0.8379154648314713, 0.3657631436780738]",80.14975293697093,5.123357704203465
"[0.5916649034339362, -0.13013699642181223, 0.13013699642182544, 1.374059708833158]",79.14474955869719,5.126500868439172
"[-19.128866512702192, -0.7082260947627302, 0.7082260947629503, -0.06031582597209187]",98.50291821725793,5.1296440326748804
"[-3.28887188920098, -0.4821789805055153, 0.4821789805055385, -0.3317236104103692]",97.22629643384593,5.132787196910588
"[-1.7836395803184117, -0.3590565496393977, 0.3590565496394079, -0.5508546505488476]",96.39506283659001,5.135930361146295
"[-24.130078194024275, -0.724628493023363, 0.724628493023721, -0.04774817319327413]",96.05288930614265,5.139073525382003
"[-4.3069820344486756, -0.7348003077511289, 0.7348003077511546, -0.22782301344587502]",76.23173026171109,5.142216689617711
"[-26.1929568653009, -1.0353264680656753, 1.0353264680658936, -0.03365265542912921]",91.46894981246875,5.145359853853418
"[-4.46601484447091, -0.7525490988005921, 0.7525490988006123, -0.21809614450906362]",75.93953406668953,5.151646182324833
"[0.22408635068067054, -0.08045331130971098, 0.08045331130967649, 1.9066350985347762]",94.27246001902353,5.157932510796249
"[-7.069929148133785, -0.27729002781978457, 0.27729002782002393, -0.18270073567188172]",96.38944803865522,5.161075675031956
"[0.20106884213593215, -0.09578477498789774, 0.09578477498789283, 1.9675385113886517]",90.84514092229773,5.164218839267663
"[-4.149009926864549, 0.08865170712925893, -0.08865170712921241, -0.3024277133320594]",96.12992752797405,5.167362003503372
"[0.0449630833873765, -0.6615001138289623, 0.661500113828973, 0.6553907533378999]",72.46984453131053,5.170505167739079
"[-3.6767160273572115, 0.058686789911081685, -0.058686789910880055, -0.3362717521359717]",92.92080944596174,5.173648331974786
"[-27.736638174300907, -0.6812108915507635, 0.6812108915512101, -0.042825891933778296]",98.78619354662807,5.176791496210495
"[-0.5527334991256233, -0.4688977422226626, 0.46889774222267916, 0.16001671203457815]",68.61028900411961,5.179934660446202
"[-20.754013873563057, -0.44854428184639406, 0.4485442818465958, -0.0630340126404234]",98.76918111342349,5.183077824681909
"[-0.28739017286938867, 0.950099175941179, -0.9500991759411779, -0.031402861277032436]",73.75034946091522,5.192507317389032
"[0.12156094577299097, 0.7055149684777011, -0.7055149684776967, 0.5980273061326855]",70.37584969119989,5.19565048162474
"[-1.0815340833263303, 0.38737779385136906, -0.3873777938513628, -0.6182264851749462]",71.21847030158933,5.198793645860448
"[-0.3514381595236693, -1.14663570706667, 1.1466357070666773, 0.07222662142001644]",82.98030134038123,5.201936810096155
"[-1.9078433073316945, 0.18618708821567642, -0.18618708821564683, -0.5565374493224665]",73.2048969892072,5.205079974331863
"[-1.2385559967367317, -0.028527916419752754, 0.028527916419752976, -0.6919287018706509]",76.54349351614974,5.208223138567571
"[-13.704090793336416, -0.42859057426725844, 0.4285905742673064, -0.09447173988658432]",86.48198038660836,5.211366302803278
"[-14.815660865750276, -0.4725841504631858, 0.4725841504631907, -0.0863662894313034]",86.7957246786308,5.214509467038986
"[0.932638346584421, 0.01890568355072768, -0.018905683550816395, 3.1699185865662387]",65.86739929905393,5.217652631274694
"[-12.107315074924722, -0.3265483395900579, 0.32654833959008883, -0.10944291054451909]",86.68545763130378,5.220795795510401
"[-5.0521638328403, -0.8384439182640465, 0.8384439182641109, -0.182975236354544]",73.65900201909245,5.223938959746109
"[0.413999806276995, 0.8833945176632031, -0.8833945176632018, 0.4502482418145885]",72.99492954607967,5.230225288217524
"[-0.4331543431657231, -0.6375632179533833, 0.6375632179533999, 0.13400846413739795]",72.64873849004296,5.233368452453232
"[-1.002766431180535, -0.8876976130372883, 0.8876976130372941, -0.3699182337636717]",70.925168402162,5.23651161668894
"[-3.180818374471292, -0.4814215041391527, 0.48142150413917584, -0.34087128834357433]",71.16036928432524,5.239654780924647
"[-4.478724391651451, -0.08588413808831785, 0.08588413808833929, -0.2829495365604364]",74.25955308696255,5.242797945160355
"[-8.986297686765742, -0.6533387270639847, 0.6533387270640033, -0.12669287679789365]",73.80089335807963,5.245941109396063
"[-7.872092671896199, -0.5266958615004697, 0.5266958615005402, -0.15256690688640026]",73.76411923308419,5.24908427363177
"[-1.6352335337300623, 0.16918593967765735, -0.169185939677648, -0.6170338980860719]",71.49754495216325,5.252227437867478
"[-0.096127160343813, 0.004592220286154402, -0.004592220360318739, 17.13572240162473]",64.61133067232211,5.255370602103185
"[-0.12144668661889942, 0.21197534981890448, -0.21197534981887706, 2.284758072847194]",63.979997432929586,5.2679432590460165
"[-0.06673051465639306, 0.0008861040611152523, -0.0008861040663229355, 7.10165766198513]",65.2901809350138,5.271086423281724
"[-1.9711554995762846, 0.4595120829475303, -0.4595120829475237, -0.49142480206848577]",74.57190607288246,5.274229587517431
"[-3.8794056798745133, -0.5748307356512806, 0.5748307356513007, -0.2762659400014825]",71.13199174953147,5.2773727517531395
"[-1.01832889570739, 0.07787049749757798, -0.07787049749756564, -0.5820925068425953]",71.65520972477633,5.280515915988847
"[-16.589725653883175, -0.5787544668768289, 0.5787544668768531, -0.07414286846183583]",86.11982407019323,5.283659080224554
"[-12.894014167171543, -0.6008803219216009, 0.6008803219217441, -0.09316733217097516]",86.00489716869905,5.2868022444602625
"[0.10901912577156549, 0.8610014789294429, -0.8610014789294421, 0.3231465504355823]",93.71593540982536,5.293088572931677
"[-37.79369971980056, -0.9868145976865491, 0.9868145976872355, -0.024923651957786303]",95.53673168180788,5.3025180656388
"[-0.20498113833708054, -0.7156321154077177, 0.7156321154077193, 0.3285832021499785]",87.11518706799522,5.3056612298745085
"[-0.910200649156574, 0.006489034549570951, -0.006489034549560098, -0.4096087627885656]",85.55951817333217,5.308804394110216
"[-32.053145668773695, -0.8157532705911571, 0.8157532705920185, -0.03405789039113037]",99.84494985558966,5.311947558345923
"[-1.4565672969539465, 0.5264580468745642, -0.5264580468745642, -0.5573631446356465]",86.51591490625376,5.318233886817339
"[-0.8533790774882861, 0.0630591931767983, -0.06305919317679187, -0.2902327645866744]",88.14505429795175,5.321377051053046
"[-1.9679790567376634, -0.04090090264787549, 0.04090090264791562, -0.5545717534868708]",92.23234204745725,5.3245202152887545
"[0.01579184708746276, 0.1044037295234584, -0.10440372952375199, 2.9941993453573432]",90.64859359388024,5.330806543760169
"[0.676939582833832, -0.4788761997399918, 0.4788761997399926, 1.035274112265193]",88.39155178623551,5.333949707995877
"[-9.18348119353041, -0.11439953595297084, 0.11439953595307151, -0.14703313982382069]",98.45425278061272,5.337092872231585
"[-0.07693515489233367, -0.4822882537031011, 0.48228825370311446, 1.0366352464054813]",77.2249858932457,5.340236036467292
"[-5.8424796372717624, 0.07695962524446984, -0.07695962524442684, -0.22344260799567792]",98.43882097961617,5.343379200703
"[0.14641593346718043, -0.6399654668161464, 0.639965466816155, 0.7364035657351032]",86.9299948218567,5.346522364938708
"[-8.879928132233943, -0.21550792130827323, 0.21550792130852908, -0.14980993602749332]",98.66736619096585,5.349665529174415
"[-2.427324064028251, 0.4802099335489423, -0.48020993354892705, -0.4199726072299007]",99.13606262119016,5.352808693410123
"[-0.26868552088881514, 0.479014817543895, -0.47901481754386993, 0.7774308516282228]",87.45206034158696,5.355951857645831
"[-0.1606142409083446, 0.44776701923701373, -0.44776701923699913, 1.0533167711382858]",89.59872349653853,5.362238186117246
"[0.46300990465776015, -0.8636802806974212, 0.8636802806974214, 0.5164417241939029]",88.2897420718077,5.365381350352954
"[-0.07633941436579329, -0.019950810655350593, 0.019950810646523636, 7.370854405022671]",83.18504025087722,5.371667678824369
"[-4.32741064188606, -0.31951315505925393, 0.3195131550592873, -0.2800236230950599]",97.53816871419538,5.374810843060077
"[-9.244365974220846, -0.262226730689973, 0.26222673069006935, -0.14307290414425214]",98.37856849670604,5.377954007295784
"[-0.3565614071968237, 0.7058864984511194, -0.7058864984511121, 0.14421250067416042]",85.18611648698854,5.403099321181445
"[-0.9503345716281678, -0.1512477367529866, 0.1512477367530151, -0.4944355714163701]",79.91200252037517,5.4062424854171525
"[0.18628421987062146, 1.0777120940356606, -1.0777120940356595, 0.42104400602560765]",94.90260353929496,5.409385649652861
"[-6.347395433722256, 0.03515187339091312, -0.035151873390856514, -0.20765800039356938]",91.90606436074594,5.412528813888568
"[-0.579868522602917, -0.6019310537708558, 0.6019310537708633, -0.07785220846240513]",70.4228531243445,5.4156719781242755
"[-11.915742486657425, -0.9412302591035177, 0.9412302591036882, -0.07816438204798287]",96.27371000524874,5.418815142359983
"[-4.888315817693607, -0.9006495451251186, 0.9006495451251589, -0.17658796317127323]",91.15208228216534,5.421958306595691
"[-1.2669682864875946, 0.21272594920205345, -0.21272594920205237, -0.6755575539234749]",91.07075976251257,5.4251014708313985
"[-1.2674422556787184, -1.0117222819282137, 1.0117222819282148, -0.28317513728475785]",90.84214557528276,5.428244635067106
"[-4.14064323207048, 0.28900839213509305, -0.28900839213504526, -0.29325410009947916]",92.606302774725,5.431387799302813
"[-4.736317435137971, -0.34185332297202997, 0.3418533229720697, -0.2572356433949428]",92.0948158298934,5.4345309635385215
"[0.7736771722075236, 0.7404370614367383, -0.7404370614367303, 1.047208514631762]",91.70724513375049,5.437674127774229
"[0.07354781631776765, -0.02857394503791504, 0.028573945037773132, 2.8252882325409945]",73.28861503950232,5.440817292009936
"[-0.49509062523822167, -0.8755193753355385, 0.8755193753355417, -0.1835949039859454]",74.80975471794048,5.4439604562456445
"[-0.05694428626892538, 0.06140220578319731, -0.0614022057835956, 4.559078033314144]",90.47177514948349,5.447103620481352
"[-8.892012176090057, -0.04380426175795626, 0.043804261758069826, -0.15216362422387328]",94.89438935715653,5.450246784717059
"[-22.992624779680416, -0.6751764462958795, 0.6751764462959315, -0.05153459841943624]",94.18000147755434,5.4533899489527675
"[-24.366784956290985, -0.7277168711713982, 0.7277168711714552, -0.04720775329757185]",94.04730563902739,5.456533113188475
"[-17.40892374995914, -0.4525119732946162, 0.4525119732946666, -0.07455700066012969]",94.11007707211202,5.459676277424182
"[-3.871511995262331, -0.13593710193807565, 0.13593710193808217, -0.3196202563783436]",94.55063913053208,5.4628194416598905
"[-6.322395322735574, -0.323766368545417, 0.32376636854576996, -0.19997276228034375]",85.65046585424031,5.465962605895598
"[-12.609044685529735, -0.3726495367067219, 0.3726495367068155, -0.10402541738562303]",91.60370995821843,5.469105770131305
"[-0.6177822198059519, 0.7792695438071549, -0.7792695438071463, -0.27133571659423095]",86.58186843378921,5.4722489343670135
"[-2.8796504709419697, -0.392424296406168, 0.3924242964061814, -0.38360946847897565]",86.97245604762725,5.475392098602721
"[-1.6093507137031442, -0.32755263492627956, 0.3275526349263869, -0.5935900195724128]",88.70415047657832,5.478535262838428
"[-4.911531438415992, -0.045241164395077596, 0.04524116439510954, -0.26140392866211265]",93.09574275150968,5.481678427074136
"[-5.211798931049388, -0.10048646136273807, 0.10048646136277861, -0.2471515815939864]",89.7133402666738,5.484821591309844
"[-0.5779261699854212, -1.1859175540075122, 1.1859175540075126, 0.00836454662573577]",89.12563617674829,5.487964755545551
"[-9.834951821871163, -0.09986733021526122, 0.09986733021605569, -0.13805686630143835]",90.17358004531805,5.491107919781259
"[-16.143808833948857, -0.40182946383051177, 0.4018294638305176, -0.08149519520027086]",89.79601418199297,5.494251084016967
"[-21.552783819295954, -0.6232277911736489, 0.6232277911736848, -0.056419540581833794]",89.59891476402213,5.497394248252674
"[-26.54601537359875, -0.8129905255950367, 0.8129905255953009, -0.04097433056982722]",89.49553640803613,5.500537412488382
"[-30.82534093287116, -0.9676665651690376, 0.9676665651693857, -0.0309765471605158]",89.47370439306682,5.50368057672409
"[-32.82028389690886, -1.0340873317132182, 1.0340873317138888, -0.02712478803835692]",89.55295821759366,5.506823740959797
"[-27.965618317415377, -0.8492291151763552, 0.8492291151766674, -0.03788139904372083]",89.80728607965263,5.509966905195505
"[0.7966402695695695, 0.705428064508694, -0.7054280645086901, 1.0804068313621142]",78.0118004510111,5.513110069431213
"[-7.378278182943214, -0.17234863084467397, 0.17234863084514127, -0.17896645853548362]",79.44990167819628,5.51625323366692
"[-0.9014669197473835, -0.258918587336715, 0.2589185873367312, -0.43595535666164087]",69.9561338541978,5.519396397902628
"[0.2854485757034013, -0.9185598473241762, 0.9185598473241784, 0.34155911865861116]",79.71786642547981,5.522539562138336
"[-0.4342364095272651, -0.5758421326408377, 0.5758421326408754, 0.23750847398700795]",68.64884105193296,5.525682726374043
"[0.14335991158309638, 0.37559855096663647, -0.37559855096663614, 1.372306904348076]",66.39904179468039,5.528825890609751
"[-21.069296806717137, -0.7991644617239757, 0.7991644617240844, -0.051713527947087425]",88.00927817211338,5.538255383316874
"[-4.207605501436892, -0.06117659184281648, 0.06117659184285913, -0.29928053679284977]",85.07893560682733,5.541398547552582
"[-0.9456411713349513, 0.612119911648159, -0.6121199116481549, -0.5143316830205877]",85.59371605453816,5.544541711788289
"[-7.14873665364236, -0.4767180896162369, 0.4767180896162575, -0.17010613545256634]",83.27768975351655,5.547684876023997
"[-0.812091140671502, 0.6621281384756614, -0.662128138475645, -0.4273564439369527]",83.14528769764888,5.553971204495412
"[0.9095282205574695, -0.01012503353178683, 0.010125033529975284, 4.662564624433391]",67.89405033701019,5.55711436873112
"[-11.765152460183067, -0.3128082283096681, 0.31280822830979077, -0.1128265876897543]",85.22167168758455,5.560257532966827
"[-3.0778198662753162, 0.14360068004082416, -0.1436006800407969, -0.3875392494535837]",76.77604972637154,5.563400697202535
"[0.6910961325469387, -0.09914433332720843, 0.09914433332723624, 1.5277687780185498]",65.21333321049498,5.566543861438243
"[-4.126325941278612, -0.6151094835666256, 0.615109483566673, -0.2563967979320644]",70.62791866315064,5.56968702567395
"[-14.085707177843924, -0.29821015319900257, 0.29821015319910166, -0.09542151314348028]",90.40821667022828,5.572830189909658
"[-1.9925958006041142, -0.033396444546936147, 0.033396444546949795, -0.5498146457799326]",76.18112394029262,5.575973354145366
"[0.030733582485494168, 0.019781974719379838, -0.01978197472000666, 3.337521670576414]",83.16803162011239,5.579116518381073
"[0.014426041746971843, 0.05473431032399442, -0.05473431032435608, 3.4069737244121168]",82.76555679341358,5.582259682616781
"[-0.8481339157750842, 0.09890981689381752, -0.09890981689381348, -0.2837137816169022]",80.12900675990095,5.585402846852489
"[-0.7395565140118288, -1.1269953246713482, 1.1269953246713524, -0.10973963290777794]",86.28032428897131,5.597975503795319
"[-1.0562941059179156, -0.850274520119217, 0.8502745201192232, -0.40120918904477004]",71.61042683521634,5.601118668031027
"[0.9037743093667845, -0.00038368791866586887, 0.00038368784438482173, 8.143813279159156]",71.09338286212432,5.604261832266735
"[-6.634299386285415, -0.3862118108672698, 0.3862118108673057, -0.18801457004376748]",74.81404279981969,5.607404996502442
"[-2.976029722002258, 0.18361134684138486, -0.18361134684137187, -0.39599122159587646]",75.51244171053905,5.61054816073815
"[0.4345350924109846, 0.017043918625314, -0.017043918625316217, 1.4709728038777345]",65.87142937386538,5.613691324973858
"[-14.241532942598553, -0.6770321872281435, 0.6770321872282409, -0.0813787174885812]",85.17603027857636,5.6199776534452734
"[-0.06940598022765787, 0.9083873747905266, -0.9083873747904675, 0.15629515921814613]",84.82499821888003,5.623120817680981
"[0.3597340765161843, -0.7558875286637678, 0.7558875286637685, 0.5611934543616817]",80.85576751827459,5.626263981916688
"[-4.599654382845827, -0.8098325237640727, 0.8098325237641155, -0.20279956496475546]",72.24632945802182,5.629407146152396
"[0.5438254307687846, -0.4079755472810856, 0.4079755472810977, 1.0758543246633805]",72.78186454239017,5.632550310388104
"[-2.0817460147062774, -0.14665013894688084, 0.14665013894688736, -0.5267605668533594]",81.7539600001046,5.635693474623811
"[-11.371476249510664, -0.28018932686996406, 0.2801893268700123, -0.11736954629076327]",82.94730885797617,5.638836638859519
"[-29.148153097336614, -0.7143622973908786, 0.7143622973913241, -0.04001430549757727]",95.07343195516471,5.641979803095227
"[-35.942140441496065, -0.9236934641014974, 0.9236934641015003, -0.02784942052335635]",94.86765008020414,5.645122967330934
"[-39.207344457501954, -1.0236175680826474, 1.0236175680830923, -0.023104657158975053]",94.74581321856988,5.648266131566642
"[-40.42137277354464, -1.0620493314329722, 1.0620493314350854, -0.02143725314595215]",94.66634006274798,5.651409295802349
"[-40.40300343345163, -1.0637231048253808, 1.0637231048262157, -0.02140267170068548]",94.6139629401996,5.654552460038057
"[-39.64991276182157, -1.043308210520771, 1.04330821052186, -0.022340278929189866]",94.58086091523263,5.657695624273765
"[-38.46775887164609, -1.0097454641999635, 1.0097454642015913, -0.023903246979051374]",94.56224941146546,5.660838788509472
"[-37.043423932885204, -0.9684965837786466, 0.9684965837789777, -0.025898110514827134]",94.55493951294785,5.663981952745179
"[-35.49017756640077, -0.9228781194506899, 0.922878119451766, -0.02821560396097]",94.55670952440634,5.667125116980888
"[-33.876104334319656, -0.8748875011226084, 0.8748875011229158, -0.030795996078307682]",94.56598328304585,5.670268281216595
"[-32.24131229932777, -0.8256999586737319, 0.8256999586740917, -0.033611103535404155]",94.58163730971282,5.673411445452302
"[-30.60862524360744, -0.7759763991683198, 0.775976399168466, -0.03665434126407328]",94.60287965260522,5.67655460968801
"[-28.990078483620273, -0.7260497703399699, 0.7260497703404463, -0.039935592329026354]",94.62917052167094,5.679697773923718
"[-27.390929057179385, -0.6760391368880407, 0.6760391368882888, -0.04347896269451756]",94.66017018687545,5.682840938159425
"[-25.8119779580395, -0.6259136094350932, 0.6259136094352178, -0.04732300740387353]",94.69570912581644,5.685984102395133
"[-24.25113660047327, -0.5755331977930089, 0.5755331977932919, -0.051522466721738866]",94.7357705155032,5.689127266630841
"[-22.704229452930353, -0.5246646775899897, 0.5246646775904144, -0.056152521012793624]",94.78048910262514,5.692270430866548
"[-21.16536747880726, -0.47298071754174703, 0.4729807175417669, -0.06131621026774843]",94.83016622219084,5.695413595102256
"[-19.627141010145124, -0.4200474974626256, 0.42004749746283015, -0.06715626157100205]",94.88530074267732,5.698556759337964
"[-18.080392669259062, -0.3652878525360339, 0.365287852536246, -0.07387557337930507]",94.94665252708413,5.701699923573671
"[-16.513714806540587, -0.30791494846883066, 0.307914948468851, -0.08177283885585737]",95.0153537230945,5.704843087809379
"[-14.912566309170751, -0.2468133634530499, 0.24681336345312974, -0.09130796287909944]",95.09310620430678,5.707986252045087
"[-13.257399430180921, -0.18029970088218616, 0.1802997008822636, -0.10323409431675545]",95.18257005657405,5.711129416280794
"[-11.520406681790252, -0.10562922021123113, 0.10562922021131889, -0.11888768405674535]",95.28816048051453,5.714272580516502
"[-9.6580223036041, -0.01776765686304452, 0.017767656863181977, -0.14093364300892355]",95.4179855675312,5.717415744752209
"[-7.592759247201644, 0.09430322748080593, -0.09430322748072253, -0.17570814796172596]",95.58948013172683,5.720558908987917
"[-5.150582132019682, 0.26438063967917486, -0.26438063967917347, -0.2437171599204025]",95.85291130831031,5.723702073223625
"[-1.5657335546114497, 0.8248405016287989, -0.824840501628667, -0.3956766459714069]",96.46884760736856,5.726845237459332
"[-1.6494909870696912, -0.8644288194336279, 0.8644288194336534, -0.3662014620228244]",94.62650188086283,5.72998840169504
"[-0.297145047905829, 0.6766099152938834, -0.6766099152938672, 0.2822072151310367]",94.33217968890449,5.733131565930748
"[-0.8213625343269951, -1.0299109904443924, 1.0299109904444013, -0.22422728579690857]",93.80360570440547,5.736274730166455
"[-0.90246336197435, -0.050158308293460796, 0.050158308293478886, -0.39590995190481815]",85.32542551768003,5.739417894402163
"[-6.540189992141837, -0.205513463911651, 0.2055134639117186, -0.19885382667302015]",95.33170145016426,5.742561058637871
"[0.2100006674289418, -0.07384521542996081, 0.07384521542994196, 1.9638983411938449]",88.77388201755076,5.745704222873578
"[-4.749829531040361, -0.7147414433953455, 0.7147414433953792, -0.21336918814531866]",82.31589690974917,5.7488473871092864
"[-2.2156743614520407, 0.0161207885919193, -0.016120788591910146, -0.5085038025657886]",96.02938879819028,5.751990551344994
"[-7.418130080372706, -0.12076581827390419, 0.12076581827408327, -0.17912389226417946]",95.01360143518133,5.755133715580701
"[-1.6911760852846123, 0.022098459518928148, -0.022098459518906113, -0.6146647033872353]",95.0891547332672,5.7582768798164095
"[-0.9431075248823712, -0.22521857865652126, 0.22521857865653436, -0.4953121081108941]",82.97977085037486,5.761420044052117
"[-0.4027251169798108, 0.8325590088198279, -0.8325590088198255, -0.07628240200314744]",93.08243688498214,5.764563208287824
"[-0.6809721184213585, -0.5792720375572978, 0.5792720375573023, -0.23145408753284183]",84.68405922451834,5.7677063725235325
"[-15.842105902826065, -0.553641852864533, 0.5536418528645556, -0.07838012131575103]",94.11733004687558,5.77084953675924
"[-0.3520685016197074, -0.5559469451170992, 0.5559469451170994, 0.4339327848517452]",73.29516151631273,5.780279029466363
"[-4.114099942303232, -0.24597171341110716, 0.24597171341111648, -0.29785311536198344]",93.70488829578836,5.78342219370207
"[-7.825418585172938, -0.23393697169958566, 0.2339369716996628, -0.16789247198528756]",92.59273460075156,5.786565357937778
"[-0.788934338077748, -1.045400552360968, 1.0454005523609688, -0.20269670441106244]",92.5909719827387,5.789708522173486
"[-0.5677093915894879, -1.179134530495877, 1.1791345304958787, 0.004893360928794906]",93.75181509513152,5.792851686409193
"[-0.6426397118215229, 1.0868947349366058, -1.0868947349366018, -0.12109825382351823]",96.1482999503921,5.795994850644901
"[-2.3235726167336526, -0.3169744331009063, 0.3169744331009296, -0.4654515211247686]",94.37203271368047,5.799138014880609
"[-6.154996536356786, -0.19687901356287443, 0.19687901356291565, -0.2104023947396171]",94.96397381061072,5.802281179116316
"[-4.286486264467885, -0.32968213177165706, 0.3296821317716897, -0.281518509271117]",93.56847845955977,5.805424343352024
"[-3.3289386156626986, 0.3734676900680808, -0.37346769006806535, -0.3436099593635062]",98.02287251454845,5.808567507587732
"[-0.0660473416826574, 0.6559045625071601, -0.6559045625071496, 0.5946237410397092]",81.09374022894735,5.811710671823439
"[0.13889724229740608, -0.1731313602793418, 0.17313136027925927, 2.0087753312188825]",76.5805072460691,5.814853836059147
"[-0.016014077317567686, 0.039918772905171734, -0.039918772905183524, 4.06649695443528]",81.04963650148223,5.817997000294855
"[-6.330352012532443, -0.3282741781095099, 0.32827417810952764, -0.1995069419444234]",89.24965199668164,5.821140164530562
"[-9.02602312890874, -0.051237100848710325, 0.051237100848729754, -0.15001491660587943]",98.0691763795909,5.82428332876627
"[-28.344625834652465, -0.8726068493745263, 0.8726068493746145, -0.036680116416958716]",97.43843525205646,5.827426493001978
"[0.14227343898859304, 1.0898344946896072, -1.089834494689601, 0.3891034749568402]",86.48660620702621,5.830569657237685
"[-0.8405365872917031, -0.4240301037600355, 0.4240301037600445, -0.39635895972083063]",73.56120759981626,5.833712821473393
"[-3.3388081771149087, -0.518240122524918, 0.5182401225249579, -0.32188484552021335]",92.48998581599828,5.839999149944808
"[-0.5140975962919407, 0.9289875249152665, -0.928987524915264, -0.1896647893283253]",97.83416115408035,5.843142314180516
"[-0.0872296864952856, -0.012816726251367752, 0.012816726241542944, 9.750830951798102]",73.31388340246255,5.846285478416224
"[-7.0292670515108755, -0.0016257583741133292, 0.0016257583741308322, -0.18926788023062097]",93.35476098728897,5.849428642651931
"[-6.816212448474983, -0.41779271380535427, 0.4177927138054376, -0.1815552919281831]",88.34259609715949,5.852571806887639
"[-11.676407386449213, -0.9607129932616846, 0.9607129932619874, -0.07803373014418617]",83.30108515522753,5.855714971123347
"[-0.8456197291715161, 0.440257738480943, -0.44025773848093613, -0.4111485451204316]",73.54512621191333,5.858858135359054
"[-1.205913485832468, 0.24565734244998005, -0.24565734244997467, -0.6694508458874529]",79.28881385324667,5.862001299594762
"[0.017369941978211064, -1.0316216488520056, 1.0316216488520078, 0.20577711602713372]",78.12563775136535,5.865144463830469
"[-0.36737076142485103, -1.0362679835766195, 1.0362679835766249, -0.04658860216030684]",77.78321692259152,5.868287628066177
"[-0.7829259371180828, -0.9337605303135188, 0.9337605303135214, -0.29841482166437316]",77.67672406235363,5.871430792301885
"[-0.8508849607350012, -0.9043775599625715, 0.9043775599625733, -0.33639806788440757]",77.65585508373357,5.874573956537592
"[-0.6293084267444099, -0.9862939982093436, 0.9862939982093742, -0.2088493302957428]",77.67160541228378,5.8777171207733
"[-0.2464433064752583, -1.0438619844174333, 1.0438619844174373, 0.0310781478050222]",77.77643625959784,5.880860285009008
"[0.011447179654313184, -1.0308447905090194, 1.0308447905090266, 0.20053296558528866]",77.99866248315699,5.884003449244715
"[-0.4525070772151967, -1.0570861300841101, 1.0570861300841166, -0.07296906995128782]",78.28464586431056,5.887146613480423
"[-0.5915856468056221, 0.7552787805847947, -0.7552787805847936, -0.23458024284485196]",78.66881813579134,5.890289777716131
"[-0.8426845472474614, 0.445930776030738, -0.44593077603072906, -0.40907910746677206]",73.42773079930669,5.8965761061875455
"[-0.044322820617806985, -0.9412837037182802, 0.9412837037182814, 0.14783810785210516]",73.84157183214127,5.899719270423254
"[-13.170067597599028, -1.088453721964713, 1.08845372196573, -0.05988726225775403]",83.21744547932222,5.902862434658961
"[-7.8278029833316864, -0.5533659980320019, 0.5533659980321025, -0.15148139447088077]",83.34861508873031,5.9060055988946685
"[-0.1474455809335256, 0.47776865034118177, -0.477768650341169, 0.9762974084981861]",84.77846556065826,5.909148763130376
"[0.23424374241167664, 0.8970457657724544, -0.8970457657724521, 0.32857016738066624]",85.46055351003936,5.912291927366084
"[-5.024408549421857, -0.17831910295686343, 0.17831910295692305, -0.2530870288240362]",88.45421986620825,5.9154350916017915
"[0.6677365648293472, 0.5246075531126362, -0.5246075531126356, 0.976715565968639]",86.7181245626638,5.918578255837499
"[-0.23921585255752373, 0.49039147296858476, -0.49039147296856733, 0.8000002435237547]",84.66529506678728,5.921721420073206
"[-1.9437706584932903, -0.10310086995898571, 0.10310086995900075, -0.5567253669164001]",85.53605941312362,5.9248645843089145
"[-0.8399816627511755, -1.105187963253415, 1.1051879632534296, -0.1563328640337995]",85.4270636572665,5.928007748544622
"[0.49519666345838154, -0.9221036695654753, 0.9221036695654793, 0.6506563064915806]",85.71694610794613,5.94372356972316
"[-0.5376347450495284, 0.8394400516063273, -0.8394400516063134, -0.2132127109219374]",85.83867180381078,5.946866733958868
"[-0.05159846171741916, 0.055430748485833584, -0.055430748487069255, 4.613792658657151]",81.32488239558579,5.950009898194575
"[-2.680249884834848, 0.13544300854338204, -0.13544300854337857, -0.43424140858217686]",86.59485010237935,5.953153062430283
"[-4.17980212478582, -0.04788952924808933, 0.04788952924809111, -0.301197150283444]",88.70900421589434,5.956296226665991
"[-3.044922562953738, -0.4276781167251513, 0.42767811672520534, -0.3616892600934265]",85.30106087419686,5.959439390901698
"[-1.7398072197030185, 0.5297618033038025, -0.5297618033037952, -0.5083883631533664]",84.84280495587032,5.962582555137406
"[-10.178115418253341, -0.8106540736616181, 0.8106540736618408, -0.10154711471586392]",83.28454908567775,5.965725719373114
"[0.9281975626794291, -0.32679303492652695, 0.32679303492653466, 1.508268634519494]",72.12663389364107,5.968868883608821
"[-0.9199571878908409, 0.3790921622585761, -0.3790921622585697, -0.49545804986364556]",73.71102642574917,5.972012047844529
"[-1.3909475729725358, -0.06872984498575523, 0.06872984498575613, -0.677454382299727]",79.38600057219081,5.978298376315944
"[-0.09013313324342799, -1.0523773971727002, 1.052377397172702, 0.14304861361150806]",78.31296953609814,5.981441540551652
"[-0.14649868047237094, -1.0429051944295218, 1.042905194429544, 0.0958190665366848]",78.0089517942876,5.98458470478736
"[-0.643312986185946, -0.9822568375682325, 0.9822568375682352, -0.2172110407187161]",77.86467761091116,5.987727869023067
"[-0.8767596393516816, -0.8920502245181878, 0.8920502245181903, -0.35062236578219913]",77.8674293236929,5.990871033258775
"[-0.5448381461502526, -1.007570928893873, 1.0075709288938792, -0.157701817244884]",77.94936802078658,5.994014197494483
"[0.010513886399782048, -1.0337259535298406, 1.0337259535298406, 0.20225174539743868]",78.3805498019158,5.99715736173019
"[-13.128114140532398, -1.088288127029674, 1.0882881270315214, -0.06007490287129839]",83.6186714109555,6.003443690201606
"[-3.8858873390411204, -0.26508268847978517, 0.26508268847982, -0.3114777960585319]",85.90284263238827,6.006586854437313
"[-19.090862682766424, -1.0077315717786894, 1.0077315717787665, -0.046934463043542714]",90.41362148258152,6.009730018673021
"[0.5778221183775503, -0.1972886592511328, 0.1972886592511413, 1.314000150241595]",81.85383457538059,6.012873182908729
"[-3.129529178881063, 0.32085991901174166, -0.32085991901170974, -0.3677855037988163]",96.30510819105807,6.016016347144436
"[0.06247959685016761, -1.0878293337758478, 1.0878293337758507, 0.30634970534868916]",79.59241524997398,6.019159511380144
"[-28.070070135062338, -0.862873640424919, 0.8628736404257081, -0.03732833505719039]",97.77880613327952,6.022302675615851
"[-4.096670651874073, 0.1753058011483805, -0.17530580114835703, -0.30280892131058507]",99.906529408183,6.025445839851559
"[-0.8450195610209738, -0.08961337685291945, 0.08961337685292964, -0.2746659112757635]",77.16775933011839,6.028589004087267
"[0.1689186954587352, -0.2237213236646093, 0.2237213236645919, 1.7738478553067325]",77.43443231949003,6.031732168322974
"[-2.9451272335615584, -0.49007141768014817, 0.49007141768018164, -0.3607472510683425]",94.19790346057351,6.034875332558682
"[0.13427034769364943, -1.0447433256497254, 1.0447433256497336, 0.3215759758070708]",94.40790252993651,6.03801849679439
"[-0.483244887197751, 1.1161406821829953, -1.1161406821829893, -0.028153203181230116]",96.47031291203373,6.041161661030097
"[-0.2068097735533956, 0.477208492073891, -0.47720849207387905, 0.8919602784037637]",88.24031644113101,6.047447989501513
"[-16.417941168924767, -0.5832295285329163, 0.5832295285331297, -0.07472457224070599]",94.59349623016654,6.053734317972928
"[-0.8997673017265428, 0.4893327249911998, -0.4893327249911977, -0.49224193493645424]",88.1168196145515,6.056877482208636
"[-1.4224192486201759, -0.9172347803057422, 0.9172347803057563, -0.34857848785158285]",95.36254004463144,6.060020646444343
"[-1.2678171626734223, 0.5847247889250122, -0.5847247889250079, -0.5560819033284773]",88.31391281072361,6.063163810680051
"[0.07192708387451799, 0.9219718117353588, -0.9219718117353578, 0.232694713365803]",95.49896905468337,6.066306974915759
"[-8.046258455921093, -0.5957178544106997, 0.5957178544107777, -0.14465424938970703]",94.88823398519754,6.069450139151466
"[-1.7551327600890483, -0.18401498905578995, 0.18401498905579858, -0.588786096171821]",95.67657305204203,6.072593303387174
"[-5.32118216275736, 0.250339542907081, -0.250339542907025, -0.23747036423299867]",96.4422384777331,6.075736467622882
"[-10.458599005498474, -0.05673345365811752, 0.056733453658769, -0.13063282164879547]",95.98795651867552,6.078879631858589
"[-14.638496766855468, -0.23606049976289598, 0.23606049976290305, -0.09312035947742771]",95.75297258006093,6.082022796094297
"[-18.54673564549718, -0.3819793995737724, 0.3819793995739942, -0.07174846792664215]",95.5909837996847,6.085165960330005
"[-22.438272829712314, -0.5158159426559583, 0.5158159426562929, -0.0570021126882463]",95.47014772575481,6.088309124565712
"[-26.463331924071905, -0.6466893144397442, 0.6466893144398909, -0.04569185683036415]",95.38008893845051,6.09145228880142
"[-30.70935959634329, -0.7790641127947523, 0.7790641127952156, -0.036459186808856486]",95.31946441352157,6.094595453037128
"[-35.12658858234632, -0.9121197735774689, 0.9121197735796137, -0.028780820199589066]",95.29488976615148,6.097738617272835
"[-39.155006367072055, -1.0293686031410276, 1.0293686031425466, -0.02298383240762172]",95.3263943556191,6.1008817815085425
"[-40.135190133982846, -1.0526498259774275, 1.052649825977541, -0.021833556371766562]",95.4679334187056,6.104024945744251
"[-26.05919722255078, -0.616736696171395, 0.6167366961714622, -0.047106558015581744]",95.96198294949504,6.107168109979958
"[-0.46502379983161957, 1.0914738489960434, -1.0914738489960163, -0.04550402816245526]",80.16936816626631,6.1103112742156656
"[-1.3219366834370179, 0.22049560766283252, -0.2204956076628304, -0.6697361337091378]",85.94348520076838,6.113454438451374
"[-1.870342214429912, 0.030025561404226166, -0.030025561404225333, -0.5750133338940004]",73.49859064775994,6.116597602687081
"[0.6778465016802657, -0.16743965334628183, 0.16743965334629446, 1.4253177302792062]",67.93594644197559,6.119740766922789
"[-19.928919957580835, -1.068681509658076, 1.068681509658632, -0.041884853881981245]",81.8662624248932,6.129170259629912
"[-10.022766775054293, -0.20997188714865572, 0.20997188714877613, -0.13390387599373976]",86.2757664422349,6.13231342386562
"[-0.9492944605128568, 0.3527314094446424, -0.35273140944463627, -0.5260674323692813]",74.67229510552313,6.135456588101327
"[-2.1384187900469844, 0.07004813640370174, -0.07004813640370129, -0.520993566266392]",72.28785031016604,6.138599752337035
"[-0.03331427533985313, -0.5092703541754882, 0.5092703541754984, 0.9880209169200865]",69.98113914641542,6.141742916572742
"[-0.2968539253293061, 0.5326651100979432, -0.5326651100978986, 0.5887114198586738]",77.57394744304509,6.14488608080845
"[-29.06401355449502, -0.9049069359853938, 0.9049069359865539, -0.03481225880552879]",90.5374379209968,6.148029245044158
"[-7.394027569678263, 0.04632816212320261, -0.04632816212319588, -0.1805210974991235]",91.474582821732,6.151172409279865
"[-1.1325856320555245, 0.26177317371186726, -0.26177317371186093, -0.6544539660385144]",78.02035399669103,6.154315573515572
"[-0.7972188983808498, -0.5263526661865683, 0.5263526661865695, -0.3781516871491719]",82.89983281820895,6.157458737751281
"[-21.34079370764919, -0.6110673118854156, 0.6110673118857416, -0.057312414056941034]",95.39137122666774,6.160601901986988
"[-1.0347290877919377, -0.13390603488572458, 0.13390603488573177, -0.6011938576387139]",80.82125801472273,6.163745066222695
"[0.8938149087745538, 0.05930762586628438, -0.059307625866214554, 2.6415179425406006]",92.1079952343834,6.166888230458403
"[-20.071701312286994, -0.7641998508565967, 0.7641998508578606, -0.055538170111085625]",92.35881035474958,6.170031394694111
"[-0.4428935394748699, 0.5489438647629755, -0.5489438647629696, 0.26872895264295066]",97.40827454545992,6.179460887401234
"[-0.7576399335022406, -0.5088982618362335, 0.5088982618362418, -0.3071064073956539]",90.23188225005165,6.185747215872649
"[0.810031218020358, 0.402213408947935, -0.4022134089479215, 1.2598231792407935]",86.75071862284449,6.192033544344064
"[-4.943281100669467, -0.4025328498215561, 0.40253284982158494, -0.24300674086548657]",97.06220864802985,6.195176708579772
"[-1.5563487912879914, 0.1496761399886147, -0.14967613998861248, -0.6368996218122408]",85.23169671896864,6.198319872815479
"[-0.07500620714591362, -0.1211094790622408, 0.12110947906218604, 3.370237809534556]",68.2099234246557,6.201463037051187
"[-0.10932357593453582, 0.15514747058562842, -0.15514747058554565, 2.8744402586363087]",65.42888347243951,6.204606201286895
"[-0.04097975943697797, -0.01732983579202728, 0.01732983579076243, 5.113351005741632]",67.27631987389042,6.207749365522602
"[0.9255622308347061, -0.008892834537452085, 0.00889283453650463, 3.5885401726570945]",71.99181793395644,6.21089252975831
"[-0.34509915568835625, 0.5145838063565559, -0.514583806356538, 0.5382926891071054]",72.33648852446362,6.214035693994018
"[-15.018328811193301, -0.4832870895240134, 0.48328708952403665, -0.08491263398332165]",88.33185854661863,6.217178858229725
"[-1.3822319761966266, -0.8701655947642125, 0.8701655947642134, -0.3816243034440663]",85.00799822469388,6.220322022465433
"[-12.379861544628856, -0.5610492155976697, 0.5610492155977411, -0.09868799452476658]",87.72021238492617,6.223465186701141
"[-0.09747128732237206, 4.854727280752015e-5, -4.854873653511581e-5, 26.52946067042251]",84.01257156083264,6.226608350936848
"[-0.9071897036316483, -0.15488996770074803, 0.15488996770074875, -0.4201031019955627]",88.50873536422047,6.229751515172556
"[-10.719902299213999, -0.14893176273877012, 0.14893176273885494, -0.1267359722841557]",98.22546374287839,6.236037843643971
"[-0.08477149702384291, -1.048360885264499, 1.0483608852645019, 0.14343974123780226]",85.94127076292533,6.239181007879679
"[-0.4939822934090767, -0.6995642102711224, 0.6995642102711391, -0.05400845883712387]",82.6259232095869,6.242324172115387
"[-24.49882952315115, -0.7382244969321554, 0.7382244969324764, -0.04664690579990147]",97.37998647633108,6.245467336351094
"[-1.7692626420071595, 0.6034614202957317, -0.6034614202956932, -0.4763486398312733]",98.05970186475155,6.248610500586802
"[0.3569822516928647, -0.5804794383444085, 0.5804794383444103, 0.8493938911745723]",75.0535808120623,6.25175366482251
"[-0.8038145649465341, 0.9087337184600323, -0.9087337184600318, -0.32266637824332683]",91.52579987111518,6.254896829058217
"[-1.2277011688235817, 0.09884054445005035, -0.09884054445004896, -0.6882679808518138]",88.95704108536668,6.258039993293925
"[-1.7258861126872598, -0.02506271074393628, 0.02506271074393645, -0.6067661841149737]",92.18227022190405,6.261183157529633
"[-0.09945252446641277, -2.4892304162813264e-7, 2.1607123410913943e-7, 57.21649480091917]",71.28713479465324,6.26432632176534
"[-0.03899914685065756, -0.019404296730031644, 0.019404296728859502, 5.003247122697018]",71.29752518004112,6.267469486001048
"[-1.4292739190516148, 0.19342954487775954, -0.19342954487775885, -0.6573814761360436]",93.84572011377873,6.270612650236756
"[-16.148917918043725, -0.8279753011639589, 0.8279753011641288, -0.06517400388419944]",99.76340935390931,6.276898978708171
"[-10.05999170321031, -0.7350554902129625, 0.7350554902130153, -0.1085003670797641]",89.48571227714204,6.280042142943879
"[-1.396415339752919, -0.6473892785549559, 0.6473892785549668, -0.5103627883132479]",85.69371349034917,6.283185307179586
