u,t,theta
"[-0.628632446246369, 0.5918296516034688, -1.023558541523482, -0.43023231616382357]",44.727820110373,0.0
"[-0.6319840642182593, 0.5903752606040752, -1.020999590553217, -0.4336686238798333]",44.73324859512768,0.003143164235707647
"[-0.6353859770737478, 0.588913793252275, -1.0183709167090707, -0.4371146538503699]",44.73860902257642,0.006286328471415294
"[-0.6388400314848985, 0.5874459766029262, -1.0156699918964671, -0.440569253447941]",44.743896367736355,0.009429492707122941
"[-0.6423481619965384, 0.585972622463299, -1.0128941876504882, -0.444031150283086]",44.74910526868235,0.012572656942830588
"[-0.6459124386513936, 0.5844946175047175, -1.0100407376094214, -0.4474989846230815]",44.75422999572038,0.015715821178538234
"[-0.6495350178719398, 0.5830129549095354, -1.0071067766932307, -0.4509712452966831]",44.75926442930592,0.018858985414245882
"[-0.6532181898988252, 0.5815287264273108, -1.00408930410872, -0.4544462998441675]",44.764202026359925,0.02200214964995353
"[-0.6569643464803244, 0.5800431482544384, -1.0009852108455526, -0.4579223466739334]",44.76903578511237,0.025145313885661175
"[-0.6607760527817406, 0.5785575461609971, -0.9977912219369003, -0.4613974641566317]",44.7737582332756,0.02828847812136882
"[-0.6646559277916202, 0.5770734170247855, -0.9945039986851001, -0.4648694826106553]",44.778361387225615,0.03143164235707647
"[-0.6686067954946198, 0.5755923854005366, -0.9911200153087371, -0.46833610368689516]",44.782836684027004,0.03457480659278411
"[-0.6726315524940681, 0.5741162707643593, -0.9876356749767394, -0.471794762809106]",44.787175021901604,0.037717970828491765
"[-0.6767333264442461, 0.5726470462037891, -0.9840471784841914, -0.47524274798473787]",44.79136664027377,0.04086113506419941
"[-0.680915258389509, 0.5711869358529421, -0.9803507195627358, -0.4786769958100267]",44.7954011393857,0.04400429929990706
"[-0.6851807054048917, 0.5697383603522947, -0.9765423160387983, -0.48209424631217507]",44.79926742234232,0.047147463535614706
"[-0.6895331157258847, 0.5683040008713487, -0.9726179281351685, -0.4854909222895159]",44.80295369378441,0.05029062777132235
"[-0.69397607832197, 0.5668868016003936, -0.9685734251371737, -0.48886315598915]",44.80644736466875,0.05343379200703
"[-0.6985132463304151, 0.5654900139738551, -0.9644046672061178, -0.4922067197367451]",44.809735124730736,0.05657695624273764
"[-0.7031483571175599, 0.5641172079104155, -0.9601075023159343, -0.49551703710077954]",44.812802839621014,0.05972012047844529
"[-0.7078852343935089, 0.5627722893491489, -0.9556777801349657, -0.4987891822094151]",44.81563561166146,0.06286328471415294
"[-0.7127276852788141, 0.5614595456022159, -0.9511114662724769, -0.5020178133752841]",44.81821774346438,0.06600644894986059
"[-0.7176794738242396, 0.5601836628377898, -0.9464046890184022, -0.5051971740036526]",44.82053281994688,0.06914961318556823
"[-0.722744269980761, 0.5589497458418995, -0.9415538110174565, -0.5083210877124755]",44.82256374324091,0.07229277742127588
"[-0.7279256681543336, 0.5577633162039368, -0.9365554354058023, -0.5113830070497282]",44.82429274377398,0.07543594165698353
"[-0.7332268856984362, 0.5566303760228513, -0.9314067221896719, -0.514375888645705]",44.82570167417265,0.07857910589269117
"[-0.7386509088566394, 0.5555573554866468, -0.9261052755066658, -0.5172923574794047]",44.826771958668054,0.08172227012839882
"[-0.7442001801250319, 0.5545511497919208, -0.9206494744841224, -0.5201246264461344]",44.8274850278698,0.08486543436410646
"[-0.7498765844218725, 0.5536190737992002, -0.915038514123958, -0.5228646135593052]",44.82782241544402,0.08800859859981412
"[-0.7556812840915993, 0.5527688303319254, -0.9092725908466005, -0.5255040004547378]",44.8277661459407,0.09115176283552176
"[-0.7616144788966003, 0.5520084637720568, -0.903353160015681, -0.5280342915690779]",44.8272991926219,0.09429492707122941
"[-0.7676754125502704, 0.5513462556270345, -0.8972829423138612, -0.5304470103563856]",44.82640577194244,0.09743809130693705
"[-0.7738619362136859, 0.550790649531111, -0.8910663644457792, -0.5327337352819479]",44.825072078554385,0.1005812555426447
"[-0.7801706984941095, 0.5503500805828003, -0.8847093627209308, -0.5348864093138886]",44.82328651493391,0.10372441977835235
"[-0.7865966839644175, 0.5500328468715622, -0.8782198277422057, -0.5368974115064203]",44.82104056102474,0.10686758401406
"[-0.7931333623497077, 0.5498469081914575, -0.8716074217491708, -0.5387598555453824]",44.81832905870111,0.11001074824976764
"[-0.7997724679487948, 0.5497996985743491, -0.8648837539339433, -0.540467750672027]",44.81515086159134,0.11315391248547528
"[-0.8065041548226846, 0.5498979187615086, -0.8580621624169481, -0.5420162524067417]",44.8115090995376,0.11629707672118293
"[-0.8133169457372548, 0.550147340010556, -0.8511576929161745, -0.5434018162757357]",44.807411551957415,0.11944024095689058
"[-0.8201980169734727, 0.5505526279907955, -0.8441867286174126, -0.5446223796655495]",44.80287062079929,0.12258340519259824
"[-0.8271333012339661, 0.5511171933512574, -0.8371668001839299, -0.5456774386330799]",44.79790335148446,0.12572656942830587
"[-0.8341079105255492, 0.5518431000943477, -0.8301160728524015, -0.5465681132811007]",44.79253099140255,0.12886973366401352
"[-0.8411063397222538, 0.5527310088912591, -0.8230530623481556, -0.5472971038534042]",44.786778686948416,0.13201289789972118
"[-0.8481129618449728, 0.5537802028104066, -0.81599606770364, -0.547868619246396]",44.780674619439765,0.13515606213542883
"[-0.8551122624141703, 0.554988639414291, -0.8089628835969866, -0.5482882161008723]",44.77424946377072,0.13829922637113645
"[-0.8620892988828174, 0.5563530862815094, -0.8019703042812677, -0.5485626146884025]",44.76753538453008,0.1414423906068441
"[-0.8690298991212704, 0.5578692619751437, -0.7950339094685052, -0.5486994660977051]",44.760565351469154,0.14458555484255176
"[-0.8759209245267595, 0.5595320204469248, -0.7881678031899993, -0.5487071147217546]",44.753372306192695,0.1477287190782594
"[-0.8827506197738476, 0.5613355929625281, -0.7813842838644652, -0.5485943544421965]",44.74598819086319,0.15087188331396706
"[-0.889508350673764, 0.5632736910625119, -0.774694136170698, -0.5483702040046081]",44.73844400037068,0.15401504754967468
"[-0.8961850460775612, 0.5653397941908934, -0.7681062321000751, -0.5480436992970448]",44.73076860871737,0.15715821178538233
"[-0.9027729796790059, 0.5675272646260257, -0.7616277940466463, -0.5476237218923449]",44.7229888170432,0.16030137602109001
"[-0.9092657012555861, 0.5698294813256498, -0.7552645103301758, -0.5471188639836333]",44.715129194719204,0.16344454025679764
"[-0.9156581438618245, 0.5722400271737683, -0.7490204787183282, -0.5465373070754483]",44.70721160209818,0.1665877044925053
"[-0.9219462265621766, 0.5747526785726469, -0.7428986416744264, -0.5458867699241575]",44.69925573009637,0.1697308687282129
"[-0.9281270356506519, 0.5773615882567457, -0.7369006516840383, -0.5451744337309816]",44.6912786014846,0.1728740329639206
"[-0.9341984802090036, 0.580061250182025, -0.7310272450767916, -0.5444069379178884]",44.68329505996437,0.17601719719962824
"[-0.940159284038671, 0.5828465771171237, -0.7252782825800518, -0.5435903617017367]",44.6753177561247,0.17916036143533587
"[-0.9460088100567833, 0.585712892449073, -0.7196529473971128, -0.5427302388139459]",44.6673573561253,0.18230352567104352
"[-0.9517470182353998, 0.5886559682323361, -0.7141498092291989, -0.5418315660052663]",44.659422623158925,0.18544668990675117
"[-0.9573742796452959, 0.5916719796150125, -0.7087670219839451, -0.5408988411816624]",44.6515207588595,0.18858985414245882
"[-0.9628913267740211, 0.5947575127796484, -0.7035023859998616, -0.5399360883208996]",44.643657491701155,0.19173301837816648
"[-0.9682992187898913, 0.5979095766783746, -0.6983533928367842, -0.5389468818448608]",44.63583712294713,0.1948761826138741
"[-0.9735991859541369, 0.6011255374049088, -0.6933173819901222, -0.5379343952821536]",44.62806291096147,0.19801934684958175
"[-0.9787925892925695, 0.6044031067938093, -0.6883915846019806, -0.5369014323325245]",44.620337123553135,0.2011625110852894
"[-0.9838810028135871, 0.6077404094652281, -0.6835730491558268, -0.5358504317594975]",44.61266087740183,0.20430567532099703
"[-0.9888659498172474, 0.6111358251441597, -0.6788588931566542, -0.5347835415467415]",44.60503474647,0.2074488395567047
"[-0.9937490297390429, 0.6145880747825628, -0.6742461828443341, -0.5337026144220528]",44.59745849034423,0.21059200379241236
"[-0.9985318023096738, 0.6180961478103426, -0.6697320416141216, -0.5326092515078368]",44.58993131932627,0.21373516802812
"[-1.0032158519974477, 0.6216593534355435, -0.6653135869004286, -0.5315048053053194]",44.58245176317738,0.21687833226382763
"[-1.0078026187882503, 0.6252771979856544, -0.660988086681756, -0.5303904350011632]",44.575018090907356,0.22002149649953529
"[-1.0122935730180949, 0.62894952274032, -0.6567527906045147, -0.5292670793286622]",44.56762784976105,0.22316466073524294
"[-1.016690014271141, 0.6326763511971747, -0.6526051150192294, -0.5281355176343698]",44.56027843461386,0.22630782497095056
"[-1.020993183671073, 0.6364579836252208, -0.6485425318118608, -0.5269963533125449]",44.55296672199267,0.2294509892066582
"[-1.0252041726383387, 0.6402949271428937, -0.6445626486422242, -0.5258500462383523]",44.54568936603234,0.23259415344236586
"[-1.0293239817886208, 0.6441879561877798, -0.6406631468650527, -0.5246969045330268]",44.5384425806433,0.23573731767807354
"[-1.0333534385242658, 0.6481380481437317, -0.6368418523417148, -0.5235371126504105]",44.53122238032478,0.23888048191378117
"[-1.0372932590875976, 0.6521464556253072, -0.633096668901121, -0.522370717846733]",44.52402436148304,0.24202364614948882
"[-1.041143952458024, 0.6562146277993814, -0.6294256610108107, -0.5211976601435171]",44.51684394379842,0.24516681038519647
"[-1.0449059046917168, 0.6603443166635162, -0.6258269641543005, -0.5200177475129889]",44.509676104479766,0.2483099746209041
"[-1.0485793006007795, 0.6645375222935095, -0.6222988487841926, -0.5188306772084381]",44.502515533837176,0.25145313885661175
"[-1.0521641358695202, 0.6687965357828684, -0.6188396970236733, -0.5176360280587552]",44.495356549429864,0.2545963030923194
"[-1.0556601772374126, 0.6731239299351242, -0.6154480277371143, -0.5164332669786422]",44.488193153659395,0.25773946732802705
"[-1.0590670004045284, 0.6775226524013896, -0.6121224445243703, -0.5152217263183162]",44.48101879580068,0.2608826315637347
"[-1.062383920789284, 0.6819959992109716, -0.6088616850130407, -0.5140006141203899]",44.473826499427716,0.26402579579944235
"[-1.0656099608024137, 0.6865476363097852, -0.6056646329638185, -0.5127690099809586]",44.46660883159015,0.26716896003515
"[-1.068743891999698, 0.6911817445657096, -0.6025302523470706, -0.511525827087005]",44.45935758850333,0.27031212427085766
"[-1.0717841047866026, 0.6959029392980501, -0.5994576880402459, -0.5102698346524145]",44.45206405517633,0.2734552885065653
"[-1.07472867668036, 0.70071650231427, -0.5964461629391441, -0.5089995956372085]",44.444718478195746,0.2765984527422729
"[-1.0775752046109752, 0.705628281817253, -0.5934951059006187, -0.5077134922696018]",44.43731040857108,0.27974161697798056
"[-1.0803208513774865, 0.7106449682354863, -0.5906040533981303, -0.5064096509022956]",44.42982810382568,0.2828847812136882
"[-1.0829622129406486, 0.715774130459654, -0.5877727221005404, -0.505085929117904]",44.422258564584276,0.28602794544939586
"[-1.0854952210747029, 0.7210243604131895, -0.585001032205659, -0.5037398723502291]",44.4145873181977,0.2891711096851035
"[-1.0879150753346678, 0.7264055747352287, -0.5822890766490727, -0.5023686281590788]",44.40679788162132,0.29231427392081116
"[-1.0902160473200315, 0.7319291811866228, -0.5796372003175422, -0.5009688924483203]",44.398871523919375,0.2954574381565188
"[-1.0923913195510677, 0.7376084821276192, -0.5770460027327614, -0.49953679095169]",44.390786669779175,0.29860060239222647
"[-1.0944326977801546, 0.7434590207149377, -0.5745164300953608, -0.49806776954171395]",44.38251833351725,0.3017437666279341
"[-1.096330330985699, 0.7494993143071407, -0.572049774741608, -0.49655637865607316]",44.37403694979928,0.30488693086364177
"[-1.0980722057935741, 0.7557515100820238, -0.5696478264144544, -0.4949960652274024]",44.36530738838447,0.30803009509934937
"[-1.0996435473364425, 0.7622425851241792, -0.5673129558500908, -0.4933788096952858]",44.356287016793885,0.311173259335057
"[-1.101025907323551, 0.7690058845239136, -0.5650483068443948, -0.49169465023907194]",44.3469233268759,0.31431642357076467
"[-1.1021958573781803, 0.776083522033979, -0.5628580277243062, -0.48993094623281763]",44.337150089792644,0.3174595878064724
"[-1.1031229548437935, 0.7835298416625149, -0.560747690496706, -0.48807130123584186]",44.326881978401445,0.32060275204218003
"[-1.1037665452889496, 0.7914171916589052, -0.558724875500759, -0.486093776774335]",44.31600531623918,0.3237459162778876
"[-1.104070332548864, 0.7998455320322868, -0.55680020336431, -0.48396790285512575]",44.30436293721502,0.3268890805135953
"[-1.1039525346647772, 0.8089599133885159, -0.5549891843406697, -0.4816492258813468]",44.29172639028877,0.3300322447493029
"[-1.1032862059659365, 0.8189855372597856, -0.5533158724980669, -0.4790683468149697]",44.277740110330456,0.3331754089850106
"[-1.1018541252833056, 0.830308036312594, -0.551821219119626, -0.4761057379680344]",44.26179351150754,0.33631857322071823
"[-1.0992204334095494, 0.843703014683678, -0.5505864858544627, -0.4725195820492434]",44.242654105112344,0.3394617374564258
"[-1.0941816206164934, 0.8613181780250143, -0.5498326745422096, -0.4676359663211653]",44.21689485973369,0.3426049016921335
"[0.8838885868892684, 1.1773441225458812, -0.8105217521141972, 0.20135933089954589]",49.752854659887795,0.3457480659278412
"[0.8410155831096779, 1.1750340262407009, -0.7988415422723003, 0.2068355323492972]",49.80764217639917,0.34889123016354884
"[0.8625711060031136, 0.5640980962973882, -0.772004656108083, 0.5866336009402525]",48.55424907814452,0.3520343943992565
"[0.8386100026980335, 0.5665152833672848, -0.7645675910359758, 0.5782038157270215]",48.54089776490199,0.3551775586349641
"[0.8149362180717558, 0.5686726564257322, -0.758408752478844, 0.5695050616232195]",48.52450180549046,0.35832072287067174
"[0.7913043171189501, 0.5703748529989179, -0.7538168844099322, 0.5604014035128195]",48.503723453398926,0.3614638871063794
"[0.7673763813890135, 0.5713703169280427, -0.7512282793010688, 0.5506698587065472]",48.47672790173997,0.36460705134208704
"[0.7426434956067002, 0.5713273205710914, -0.7513387011969994, 0.5399621819491567]",48.440945734410086,0.3677502155777947
"[0.7162772558556278, 0.5698113143516205, -0.7553131044609812, 0.5277393590630589]",48.39274714699652,0.37089337981350234
"[0.6868728499370221, 0.5663161699103595, -0.7651572961853933, 0.5131711133381563]",48.327220963142565,0.37403654404921
"[0.6522566506620975, 0.5605929324050225, -0.7841046773041204, 0.4950832857457393]",48.239444523817525,0.37717970828491765
"[0.6108986192744825, 0.5539119395167612, -0.8151806850534876, 0.47254229117160296]",48.132588195644246,0.3803228725206253
"[0.48667717158888674, 0.5501848885337078, -0.8503803110665205, 0.7475565741281968]",58.78035953873363,0.38346603675633295
"[0.3349275333859163, 1.1796579124151385, -0.8255946045094616, 0.1047683956556092]",54.54322793303562,0.38660920099204055
"[0.632714443211935, 1.1820522088049041, -0.8547533805163745, 0.14305167711641317]",53.86639112107221,0.3897523652277482
"[0.8926843481651588, 1.1794934562130617, -0.907712093585925, 0.15689873733106535]",53.57939169647216,0.3928955294634559
"[0.61597539231017, 0.5613588314985983, -0.7813006746223177, 0.796323321375063]",51.29378780594387,0.3960386936991635
"[0.55777255315943, 0.573980651645464, -0.7447411807870371, 0.8078900085012078]",50.88281785114211,0.39918185793487115
"[0.5232811516177532, 0.5844473832232119, -0.7221024440566148, 0.8074279236941067]",50.63537903009279,0.4023250221705788
"[0.4968911960928302, 0.5925224464190232, -0.7072925076590013, 0.8036102349781234]",50.467545447025294,0.40546818640628646
"[0.4742488216680673, 0.598215228706806, -0.6978656281991727, 0.7996971501915949]",50.349813497763684,0.40861135064199405
"[0.4535271640160412, 0.6017348967239028, -0.6923863301930245, 0.7970817270902977]",50.26681206868854,0.41175451487770176
"[0.43384816272941945, 0.6033648692513335, -0.689930419191511, 0.796282798041511]",50.209035611792025,0.4148976791134094
"[0.4147721174232453, 0.6033910707751572, -0.6898913436916535, 0.7973889834803328]",50.17006709578639,0.418040843349117
"[0.39607884888568423, 0.6020724166916354, -0.6918736865813454, 0.8002833640656905]",50.14536833647658,0.4211840075848247
"[0.377660787535648, 0.5996350483832977, -0.6956253493558867, 0.8047565837415448]",50.13164397732135,0.4243271718205323
"[0.35946666244297226, 0.5962771497405397, -0.7009924390765756, 0.8105599813765021]",50.12645649257124,0.42747033605624
"[0.34147070062795376, 0.5921769077805226, -0.707889382472429, 0.8174270999401716]",50.12797447026621,0.4306135002919476
"[0.32365560691297995, 0.587500596519792, -0.7162791793305757, 0.8250785462714503]",50.13480094367576,0.43375666452765527
"[0.30600240233502257, 0.582409825397358, -0.7261604557232432, 0.8332179780818633]",50.14585262634605,0.43689982876336286
"[0.2884833907330431, 0.5770679346892722, -0.7375591395197894, 0.841522868426027]",50.16027330227151,0.44004299299907057
"[0.2710569535685651, 0.5716462040495578, -0.7505226472656107, 0.8496308975208892]",50.17736988879658,0.4431861572347783
"[0.25366237059836316, 0.5663302865549599, -0.7651153611285726, 0.85712212477667]",50.196563517444126,0.4463293214704859
"[0.2362135061034519, 0.5613272675268215, -0.781414259358125, 0.8634963309454597]",50.21735050481784,0.4494724857061935
"[0.21859152436685528, 0.5568739066385119, -0.799502085974594, 0.8681443105133843]",50.23926881366111,0.4526156499419011
"[0.20063435736492938, 0.5532453367781984, -0.8194568555617285, 0.8703136953748761]",50.26186871853014,0.45575881417760883
"[0.18212473919290562, 0.5507632675505402, -0.841331569387205, 0.8690713883619852]",50.2846852905522,0.4589019784133164
"[0.16277620586640248, 0.5497989352209152, -0.8651195451642515, 0.8632730699634827]",50.3072165489857,0.46204514264902413
"[0.142222759355105, 0.5507614936931371, -0.8906965811771486, 0.8515644025755291]",50.32891488036139,0.46518830688473173
"[0.12002251619887606, 0.5540544731622956, -0.9177374763280121, 0.8324630209529588]",50.34921092160658,0.4683314711204394
"[0.09569623917959123, 0.5599788873322963, -0.9456214449391447, 0.8045913041289068]",50.36759715893437,0.4714746353561471
"[0.06881679878874128, 0.5685807516748781, -0.9733877758306682, 0.7670897891452004]",50.383789202377315,0.4746177995918547
"[0.03913806467181867, 0.5795016514395013, -0.9998317539408288, 0.7200812223171867]",50.39791701701056,0.47776096382756233
"[0.006689281944229622, 0.5919541534597257, -1.0237750464003488, 0.6648493391839944]",50.41061415795812,0.48090412806326993
"[-0.02824472502253961, 0.6048892144161484, -1.0443730715634365, 0.603491397620624]",50.422894246964596,0.48404729229897764
"[-0.06524856261735797, 0.6172566341434798, -1.0612537297295228, 0.5382482805691055]",50.43588106582708,0.48719045653468523
"[-0.10391125313299722, 0.6281918550804657, -1.0744365433880403, 0.4709641519626772]",50.450571696566854,0.49033362077039294
"[-0.14390230666083018, 0.6370684353487792, -1.0841508415599288, 0.402886775634096]",50.467730258249645,0.49347678500610054
"[-0.18499071774166045, 0.6434637478731644, -1.0906724810368007, 0.33471426882602023]",50.48788580946134,0.4966199492418082
"[-0.22703286779502355, 0.6470995358100589, -1.0942171309168243, 0.26673492658525677]",50.511369734271106,0.4997631134775159
"[-0.2699572046170192, 0.6477914223111072, -1.0948789144201672, 0.19895997271888288]",50.53835178153744,0.5029062777132235
"[-0.31375479313032373, 0.6454156915932375, -1.0925896438730165, 0.13122580167874529]",50.56885612601897,0.5060494419489312
"[-0.35848157491096994, 0.6398933028927032, -1.0870780512381366, 0.06326767396739312]",50.60274821377871,0.5091926061846388
"[-0.4042796586181291, 0.6311905246181526, -1.0778096797044237, -0.005225784260341447]",50.63968075207769,0.5123357704203465
"[-0.45142881138137253, 0.6193409740367011, -1.063880886700712, -0.07456142238936113]",50.678965957565254,0.5154789346560541
"[-0.500456387983929, 0.604508940247059, -1.0438149965588779, -0.1449724916949268]",50.71929030242959,0.5186220988917617
"[-0.5523787530585837, 0.5871586448128857, -1.015133856732953, -0.2164885323697649]",50.758035873018514,0.5217652631274694
"[-0.6092747816230397, 0.5685654222318374, -0.973345296510453, -0.28861486332560116]",50.78943718209816,0.524908427363177
"[-0.6757614663149207, 0.5527567701097132, -0.9091851437693991, -0.35931395338613753]",50.79843716317586,0.5280515915988847
"[-0.7618589133167518, 0.5566041800709075, -0.8007681718816044, -0.42103226033088514]",50.73402269667489,0.5311947558345923
"[-0.9552237099904691, 0.5641927300472587, -0.7717012972969436, -0.5841451291246608]",79.92642596420232,0.5343379200703
"[-0.6225724945406597, 0.9216671921826846, -0.5547313444388666, -0.5617252494314037]",49.39618067946423,0.5374810843060076
"[-0.6081417955926085, 0.9135221966400736, -0.5533849478795357, -0.6125662113526995]",49.27081251074927,0.5406242485417153
"[-0.6036975800500959, 0.8978100667832706, -0.5513990615973233, -0.6603774636896799]",49.1737721562579,0.5437674127774229
"[-0.6026882442810259, 0.8767804230246803, -0.5499805817082954, -0.7082613830552218]",49.08547779515418,0.5469105770131306
"[-0.6024742935211246, 0.8501286794542426, -0.5501974535400562, -0.7584678967817976]",48.99658773205613,0.5500537412488382
"[-0.6011252119427014, 0.8155421694897521, -0.5538532668869455, -0.8145073915693387]",48.897261202755,0.5531969054845458
"[1.8399983335773389, 0.9834537773979447, -1.1596417811724828, 0.29522712304981596]",55.31382812515022,0.5563400697202535
"[0.8409812669310397, 0.5783061630190125, -0.7348094044041499, 0.5564362557197379]",54.661429245537576,0.5594832339559611
"[0.37663352818407564, 0.6298663308319261, -0.6557187413550002, 0.7651737198822747]",55.90795876957899,0.5626263981916688
"[0.02927187694404757, 0.5725818813479463, -0.9838850624470342, 0.7419617309527452]",56.26588050183767,0.5657695624273764
"[-0.7405632361303482, 0.5534914316513305, -0.8178329120175505, -0.39900845432436394]",56.60544345469162,0.5689127266630841
"[-0.5187957870399411, 1.0978810064920261, -0.6509835950748312, -0.6088753431363536]",85.47663921065968,0.5720558908987917
"[3.148735903538333, 0.8351162882908146, -0.5513118410334765, 0.27795155088877815]",72.03075512950493,0.5751990551344994
"[0.15986836883395794, 0.5672346601973196, -0.7624682140453402, -0.5462626484473717]",90.30752771799375,0.578342219370207
"[-0.3642512984852756, 1.1596648265532028, -0.74865466894809, -0.5331636895817099]",79.1238212639668,0.5814853836059147
"[-0.3361250038475397, 1.151873591614772, -0.7307818696908891, -0.37714340100748933]",72.99984984735279,0.5846285478416223
"[0.3425364586777214, 0.5501205641581056, -0.8803128913403457, 0.7961723336044991]",68.28463206121148,0.5877717120773299
"[7.791078220769286, 1.1814628837474683, -0.8883681035883925, 0.0868555646574638]",77.93843558754429,0.5909148763130376
"[0.41487161180422294, 0.7059548457056916, -0.5933031706673746, 0.21155175916663077]",63.25919429880645,0.5940580405487452
"[0.8460881996460544, 0.9468495576136944, -0.560300926259683, 0.5164908941270716]",57.52033123523988,0.5972012047844529
"[-0.17645267303624554, 0.765843795091552, -1.1659648064638877, 0.017635669009242152]",61.410280024186875,0.6003443690201605
"[7.302585220008318, 1.1791976700697957, -0.8221718790733918, 0.0948364701545296]",65.3427766511778,0.6066306974915759
"[0.5781137580272215, 1.1134159247033881, -0.6690535018302476, 0.7186130830566363]",56.819266019179814,0.6097738617272835
"[-0.1923309875727746, 1.1696469193775987, -0.7776287111488417, -0.21490295788384003]",61.16150717760481,0.6129170259629911
"[-0.44017799264756746, 0.7356063006428012, -1.154106742186858, -0.40109839390536145]",59.24573192432793,0.6160601901986987
"[-1.091817772507989, 0.5644810250409337, -0.7707836710818422, -0.6101176283489149]",58.650901384018646,0.6192033544344064
"[-1.491326593846195, 0.7016510925921331, -0.5958752865902307, -0.4761495757561162]",58.11557391260677,0.622346518670114
"[-1.6111503262184699, 0.5906096672547628, -0.7106350177503821, -0.5124370456212508]",83.9955644325984,0.6254896829058217
"[3.063823945445609, 0.9672401337923869, -0.5664330500278507, 0.25662238687653793]",66.18014251860183,0.6286328471415293
"[-1.3769622150164782, 0.5892171912788063, -0.7131293165570913, -0.5506478279987513]",76.82924404109191,0.631776011377237
"[9.522550724548772, 1.0703368033198926, -1.1073899662617148, 0.08209773909421897]",80.5922638280866,0.6349191756129448
"[8.980778611092841, 1.1228680788791905, -1.050502611726552, 0.08014843061279875]",71.99793515769821,0.6412055040843601
"[-1.6072929640853906, 0.7067192727676223, -0.5928559387623542, -0.45929525261054294]",76.43163461941725,0.6443486683200677
"[-0.3990250052032512, 1.137195668963508, -0.7033395491974062, -0.428201467248636]",67.86025994024858,0.6474918325557752
"[-1.2959796029835273, 0.5684849938519033, -0.758928697685814, -0.5860953905781807]",65.02820022273586,0.6506349967914828
"[-1.8382948087779676, 0.7030824234636337, -0.5950095644610344, -0.4302230447543251]",64.54557761257662,0.6537781610271906
"[3.1710962196391974, 1.0779864764261378, -0.6313500883280218, 0.2197229031049309]",72.43190784088739,0.6569213252628981
"[1.1360026322295294, 0.6414581934572069, -0.6433831615080728, 0.5218517542168879]",88.30434958174925,0.6600644894986059
"[1.3006950707446077, 1.1520779966537336, -0.7312147435503665, 0.2574218688079937]",91.11216482709042,0.6632076537343136
"[2.0521750112672077, 1.1783474692810847, -0.8164781798067573, 0.2044911092636854]",72.84646618931102,0.6663508179700212
"[-0.40608262397057476, 1.1487189666517277, -0.724306140755741, -0.559216947712606]",73.66027039407354,0.6726371464414365
"[-1.3675519002486174, 0.5622989614385916, -0.7779899096929426, -0.5842685995261033]",71.33371769615262,0.6757803106771441
"[-1.953286800467441, 0.661464807749165, -0.6248720033321689, -0.42864249412844424]",70.9034135224596,0.6789234749128517
"[3.213311439707893, 1.111773817711562, -0.6670085274842448, 0.20556131822298404]",78.61717502256595,0.6820666391485594
"[-1.6459467424746552, 0.6627593354707894, -0.6237798558948877, -0.46992218516395207]",89.13877814086622,0.685209803384267
"[-0.3861921824515309, 0.5499723581965771, -0.8765359877182987, 0.30753951205990987]",78.02104395324994,0.6883529676199747
"[0.8026571671109548, 0.9146515036099936, -0.5535586016825812, 1.0447439537159653]",76.08714430210117,0.69463929609139
"[-0.31961461320012585, 1.1632137816868904, -0.7579556668563447, -0.4618340678679175]",98.28546087673196,0.6977824603270977
"[-0.3204728177299357, 1.1761101258801507, -0.8039974655402866, -0.5648810635436221]",79.4590933282985,0.7009256245628053
"[-0.6146620166665008, 1.0413754102178243, -0.6028669434533845, -0.7501683011931561]",80.09386657634462,0.704068788798513
"[-1.3381167882193654, 0.5542459397412373, -0.813171209996873, -0.6071056885987868]",77.62052661793605,0.7072119530342206
"[-1.6446556262556484, 0.5799421526311976, -0.7312798160660053, -0.5150966585421798]",77.37782835781576,0.7103551172699282
"[-1.8485686041618938, 0.6079340339083308, -0.6832992567898892, -0.4649209071201457]",77.24103650350716,0.7134982815056359
"[-1.9837978514363788, 0.6314945327312619, -0.6539045172055153, -0.43542706398143555]",77.15460244074964,0.7166414457413435
"[-2.0635785515846052, 0.6476120353078989, -0.6373430903653045, -0.4191486445100737]",77.10101788652142,0.7197846099770512
"[-2.0941593251814616, 0.654391416176169, -0.6310550752554595, -0.41306381009613513]",77.07348566805672,0.7229277742127588
"[-2.0780253772327626, 0.6510389137563967, -0.6341185062901655, -0.4161750358615128]",77.06979079760112,0.7260709384484665
"[-2.014740643947505, 0.638078492441927, -0.6468446436584846, -0.4288233555613736]",77.0906788492629,0.7292141026841741
"[-1.900708987541883, 0.6171751507499933, -0.6709009523061769, -0.4529320205889091]",77.14044446252902,0.7323572669198818
"[-1.727442182619972, 0.5908782823503156, -0.7101598798014345, -0.49340061277044645]",77.23039584576385,0.7355004311555894
"[-1.4749761673454926, 0.563529855156441, -0.7738492514442556, -0.5627548980980138]",77.39177684677598,0.738643595391297
"[-1.0682650561295806, 0.5510996663783211, -0.8946921078016835, -0.7072534681532624]",77.76960789195566,0.7417867596270047
"[-0.493627888179347, 1.1242297123899943, -0.6834588816136798, -0.6552615020228549]",79.72248262912889,0.7449299238627123
"[-0.001813988380305868, 1.1820341659710518, -0.8777924009070651, -0.21800206330734878]",91.07869914386723,0.74807308809842
"[8.69374069491712, 1.1426593347732095, -1.0192365921018958, 0.0803825100731522]",84.34601213770713,0.7543594165698353
"[-1.8501441704387838, 0.6475097148501935, -0.6374408599290255, -0.44744141249919]",95.31644547678799,0.7637889092769582
"[3.2622350407708978, 1.108502932757104, -0.6630361234189533, 0.20485058629984618]",78.33798499598636,0.7669320735126659
"[-1.9499201372114006, 0.6688977020667175, -0.6187590105655288, -0.42661618556552366]",70.5552904016258,0.7700752377483735
"[-1.4367058706643425, 0.5712103134195697, -0.7516398168726715, -0.5596282994636184]",70.90714974366179,0.7732184019840811
"[-0.4894644092511237, 1.112387626287574, -0.6677688646153221, -0.583819537604013]",73.58524660749505,0.7763615662197888
"[-0.6097629887346789, 0.6323230510479514, -1.079058758744244, -0.630353328846733]",83.65024564840895,0.7795047304554964
"[0.8212266443583262, 0.7899872418035365, -0.5590755741337828, 1.086417663419796]",69.44781714373275,0.7826478946912041
"[2.55768886431566, 1.02903658163119, -0.5950505785755126, 0.2693619968184347]",96.4906627310821,0.792077387398327
"[3.2951388227460128, 1.052974162200393, -0.6109760718372116, 0.2220054251864417]",72.03993232494166,0.7952205516340346
"[-1.7716574428976848, 0.7050703706677139, -0.5938242331139374, -0.4382269591978924]",64.0086408163521,0.7983637158697423
"[-1.2950352335968773, 0.5739988300248875, -0.7446974176548795, -0.578559949054353]",64.43898409161265,0.80150688010545
"[-0.6726418500010598, 0.5624844677180574, -0.9546983992900763, -0.41338136218258453]",69.55635120958522,0.8046500443411576
"[0.1068257228944761, 0.5626218451002416, -0.7768834912081095, -0.6551116068336491]",78.82955578536193,0.8077932085768653
"[0.7893088653839572, 0.8650685621140197, -0.5497990853762, 0.9945763984606747]",62.78516504309462,0.8109363728125729
"[1.4837842190301767, 1.1473843110731694, -1.0103762447563205, 0.1934097208670558]",69.57562428148091,0.8172227012839881
"[1.143763380825335, 0.7793908483586157, -0.5618963952926944, 0.4883331730207616]",81.19637826356694,0.8203658655196959
"[9.448539860753387, 1.0682086113076623, -1.109175461558566, 0.08291900845819399]",89.69312402650965,0.8235090297554035
"[3.1502396829758434, 1.016570138172606, -0.5879313856036291, 0.23935543623892155]",96.50634703408929,0.8297953582268188
"[-1.4208028485315292, 0.8184500736047516, -0.5533968894766527, -0.44715558654489135]",56.992187794596,0.8329385224625264
"[-1.1619019838996492, 0.6071744641937179, -0.6843768665676451, -0.5558692117334494]",57.45604860604057,0.836081686698234
"[-0.5987146278842868, 0.6319672045918369, -1.078667731157697, -0.5140937418292804]",58.13303743765312,0.8392248509339416
"[0.4833582998764382, 1.1798798856957682, -0.8273554647600216, 0.13858081361222974]",66.33548025288005,0.8423680151696494
"[-0.06053884682110943, 1.1769890951982411, -0.8085660040111969, -0.1184091964428771]",59.71601783098503,0.845511179405357
"[0.6964630543754092, 1.0006875392110124, -0.5799028613618652, 0.7477142458740563]",55.249392026660395,0.8486543436410646
"[7.074872282487266, 1.1717439849791014, -0.7851789498601939, 0.1001474702807085]",63.954707360460475,0.8517975078767724
"[-0.5132069947386105, 0.5915061997766378, -1.0229942116123638, -0.135990605105325]",63.77122574200913,0.85494067211248
"[0.4430902232069593, 1.1480162624774697, -0.7229130157337375, 0.49553190694887633]",62.07120544010985,0.8580838363481876
"[2.213403325653092, 1.167010231680893, -0.9630209365482539, 0.1841235952930899]",59.34062817799249,0.8612270005838952
"[-0.34033347438523537, 0.7412892889313307, -1.1566125708296338, -0.1640017662964713]",59.65622970338996,0.8643701648196029
"[1.4765855045773348, 1.114157427515338, -0.6699884205409558, 0.2907635441654817]",55.513976022390864,0.8675133290553105
"[1.5091130052782487, 1.1743307970465553, -0.7956849141252713, 0.22152892837873972]",55.400570200132876,0.8706564932910181
"[7.623915836113294, 1.1818987405100525, -0.8510576001480459, 0.08991437513049841]",65.27410517389468,0.8737996575267257
"[1.085414983707125, 0.6846645395753969, -0.60697282816831, 0.5129583122829237]",61.70373510685,0.8769428217624335
"[2.9838804579725533, 0.8444182237480249, -0.550536688026054, 0.2871925892194801]",84.64265108437044,0.8800859859981411
"[0.2743634778835136, 1.1759314672053975, -0.9289398842712314, -0.03516337979741872]",66.2781561602842,0.8863723144695566
"[7.161522380677914, 1.175079324126252, -0.7990502268821423, 0.09803116697935327]",75.85306836506477,0.8895154787052642
"[0.6908234872232802, 0.7658763302029074, -0.5660751361386811, 0.7196244891055665]",60.05664194691379,0.8926586429409717
"[8.924441266895075, 1.1381395530286194, -1.027127513581526, 0.07903242798611794]",69.39934795245696,0.8958018071766793
"[9.861973010426043, 1.0458258784787344, -1.126163423496435, 0.08252134054956922]",68.17971087207545,0.898944971412387
"[0.7723085206745695, 0.729242821341175, -0.5809104705730098, 0.99489584670142]",59.611103272125895,0.9020881356480946
"[1.2146385502573116, 1.1822039926759622, -0.8604486729719553, 0.19434378784281559]",67.37187977982094,0.9052312998838022
"[8.547277184507816, 1.162932243077382, -0.9748662452964831, 0.07997853318481346]",69.98054149461927,0.9083744641195101
"[-0.2839191302537925, 0.6341877060924193, -1.0810865158638787, 0.21403188205748747]",59.208394085138146,0.9146607925909253
"[0.20297778641542955, 0.7953163876807058, -0.557804322348335, 0.0961334911916077]",57.89049370031895,0.9209471210623407
"[-0.43679931697062957, 0.551156861502375, -0.8953136451308479, 0.18864396577072742]",53.040031946854164,0.9272334495337559
"[-0.059841615016159734, 0.6762651571535028, -0.6130608829548055, -0.6716046092376405]",51.71382319180045,0.9303766137694635
"[1.2907464993447781, 1.1821291124591906, -0.8571684651447614, 0.1977457267886641]",58.57672459400746,0.9366629422408788
"[1.169846031455294, 1.1646435956306445, -0.7619716892976457, 0.23993040541312813]",58.44325469786583,0.9398061064765864
"[1.6156083383611717, 1.1716538129774126, -0.9472120744524939, 0.18918501305684984]",64.32376362589646,0.9429492707122942
"[1.254325753730517, 1.178685406812504, -0.8186574556919974, 0.21122180112383906]",58.34377410381391,0.9460924349480018
"[1.5570386844273125, 1.129515488096988, -1.0408766990869271, 0.20317194655395188]",57.86174958958037,0.952378763419417
"[-1.4597807350165928, 0.5568166911707246, -0.7997685396587546, -0.5768978971763818]",97.80683324384768,0.9555219276551247
"[7.287265911560871, 1.1772566937230555, -0.810033581496418, 0.09583039716632347]",67.05627869244051,0.9586650918908323
"[0.7306673566855653, 0.8271284204444863, -0.552198979328097, 0.6611171266917283]",52.137306200544565,0.9618082561265399
"[1.4342681350673803, 1.118214027833782, -1.056815597190961, 0.20819843525387097]",59.20954360770021,0.9649514203622477
"[1.1206203597080098, 0.8342230101117623, -0.551400853317237, 0.4795361035479563]",51.49049848953375,0.9680945845979553
"[1.223670798650443, 0.7577815031625964, -0.5689004166524745, 0.48286779452730466]",51.35177465111583,0.9712377488336629
"[1.2798257791096366, 0.7289785552762148, -0.5810374017317739, 0.48344403753336906]",51.31642884229178,0.9743809130693705
"[1.3116028932948585, 0.7237383516800845, -0.5836171978068957, 0.4813149849110062]",51.32433408345037,0.9775240773050783
"[1.3241997805904964, 0.7361291302784855, -0.5777079431108476, 0.47658218349539644]",51.359980827544014,0.9806672415407859
"[-0.8561470930870794, 0.5503582225730962, -0.8472043861157408, -0.5894985119457777]",55.783292373503805,0.9932398984836164
"[-0.3404837981264651, 0.7365120827363453, -1.1545150910716842, -0.1519916842075399]",55.848888433496555,0.996383062719324
"[0.6027373882729116, 1.1779132236552532, -0.813814410533709, 0.17243662705451615]",59.938059893965146,0.9995262269550318
"[0.7093313197557356, 1.0062973818618415, -0.5826109155057811, 0.5851887580586307]",52.55679754351099,1.0026693911907394
"[0.7289700463273048, 0.8560794398652247, -0.5499540861965914, 0.7169161533826286]",52.51973351401607,1.005812555426447
"[1.3177897587207732, 1.0905529803920608, -1.088707615338721, 0.22533930439801264]",54.995690409449665,1.0089557196621546
"[9.454421946994428, 1.0936800517303111, -1.085509711352506, 0.07985386198883235]",61.520940030078165,1.0120988838978624
"[1.0540331323949412, 0.7885316317893282, -0.559439827962662, 0.49991860666466564]",57.08666322271967,1.01524204813357
"[0.3162803513574687, 0.6373858032494594, -0.6475673229835558, -0.12193023385853002]",59.333747591583545,1.0183852123692776
"[-0.5138603383656223, 1.0996466857691038, -0.6529031463737178, -0.4281984164902734]",84.24570358028848,1.0215283766049854
"[0.17408485581279984, 0.5612652358802802, -0.7816379636109863, 0.8715857980453163]",64.52615586169111,1.024671540840693
"[1.0133890036795938, 1.162381646500439, -0.7556941869722655, 0.24381669399057035]",65.15872460539049,1.0372441977835234
"[1.607179522434986, 1.1383108044782637, -1.0268379050677714, 0.1990465221805501]",58.723544658971754,1.040387362019231
"[1.9956866841276462, 1.002453196645779, -1.1513102742823, 0.2737639104358416]",58.82204023486626,1.0435305262549388
"[0.7134804936571071, 0.9654597351200891, -0.565837439748848, 0.6884776972144321]",61.46560620234772,1.0466736904906464
"[0.7329123735040094, 0.9064441843801535, -0.5523913460433233, 0.7843866624656988]",55.70982313599658,1.0529600189620616
"[2.3606641510639648, 1.0900806993375711, -1.0891828023501062, 0.20902195375494537]",53.90418221046527,1.0561031831977694
"[9.882949785425087, 1.0509093813336956, -1.1225754278451305, 0.08175592251727855]",60.03890005740638,1.059246347433477
"[9.864079992203479, 1.0117499090203816, -1.1466753077105503, 0.08668758081688747]",59.88243045093266,1.0623895116691846
"[9.340773009580305, 1.0881504148104642, -1.0911042332568774, 0.08134476522660526]",59.81812840487816,1.0655326759048922
"[8.714765240089244, 1.145481510676264, -1.0140263643246479, 0.07996340147360526]",59.79556145380689,1.0686758401406
"[8.105873830908337, 1.1747494118475552, -0.934505231802588, 0.08327797888060702]",59.79618419639554,1.0718190043763076
"[7.545193941286097, 1.182162020299982, -0.85843332251173, 0.09033197605839859]",59.81131906750214,1.0749621686120152
"[0.80424148706255, 0.6749806612004523, -0.6140295579237999, 1.082191847836326]",51.410807603912566,1.078105332847723
"[0.7972211309871665, 0.7423881083865199, -0.5749690188919413, 1.0446218527840891]",51.32126482575667,1.0812484970834306
"[0.7915886327355203, 0.7946526221231687, -0.5579573495530166, 1.0119640151539626]",51.27299030890273,1.0843916613191382
"[0.7847262975280556, 0.8397725977175883, -0.5508892583272146, 0.9825535198634493]",51.243624453767836,1.0875348255548458
"[0.7757482386880326, 0.8804355834278665, -0.5501261370511249, 0.9553917095232047]",51.22657362056896,1.0906779897905536
"[0.7641268891800228, 0.9179391195791566, -0.554087964363668, 0.9297781415963737]",51.21903094704741,1.0938211540262612
"[0.7494400755387155, 0.9529965755845657, -0.5619924857053029, 0.9051595788605112]",51.21966188878018,1.0969643182619688
"[0.7312968847882441, 0.9860051195941644, -0.573442308247087, 0.8810546634155645]",51.22786014918521,1.1001074824976764
"[0.7093164926983303, 1.0171539660426574, -0.5882482310906296, 0.8570105060794336]",51.24343933496837,1.103250646733384
"[0.683131082252494, 1.0464725531451848, -0.6063355381993871, 0.8325744739486877]",51.2664781087011,1.1063938109690916
"[0.6524067652505409, 1.0738518820835556, -0.6276807900047521, 0.8072769307710119]",51.297223836355094,1.1095369752047992
"[-1.6814795317209477, 0.6261436137592711, -0.6599751021241027, -0.4807187264452899]",70.902683036495,1.112680139440507
"[9.242834132918388, 1.0954768484895772, -1.0836306301064813, 0.08122778983635891]",78.17976452531485,1.1158233036762146
"[-0.9295994469765215, 0.5548659390547547, -0.9224150084038666, -0.7423625084938934]",90.07325081643779,1.1189664679119222
"[-1.59372809707458, 0.6958539406019418, -0.5994889651530121, -0.4648025576767428]",64.32109292934672,1.1221096321476298
"[-0.21704952753775777, 0.6891383432621716, -1.1281531738123227, 0.16602266618181427]",69.65325017768643,1.1252527963833376
"[0.7357244558056067, 0.9749475138182654, -0.5691483687248381, 0.8812191522566942]",63.00534662792514,1.1283959606190452
"[0.7146439647197338, 0.7725149239020729, -0.563939670668539, 0.6195717337906133]",70.78096293577255,1.1346822890904606
"[8.10590373365098, 1.1782767966014327, -0.9160160797535228, 0.08345090040293024]",89.32366940503113,1.1378254533261682
"[0.16013867497096398, 1.1652638302642242, -0.9682817684660093, -0.13512619217977193]",54.11871866215495,1.1409686175618758
"[0.11535634633523685, 1.1711460796995223, -0.9490999072684926, -0.1658409409616128]",54.251239735337535,1.1441117817975834
"[0.0710847379973379, 1.176083990807719, -0.928183851425336, -0.1941211719758909]",54.39256670746494,1.1472549460332913
"[0.02758477939800837, 1.1797008582170718, -0.9061216540639908, -0.21916264754129708]",54.54152962547808,1.1503981102689989
"[-0.01492269073731695, 1.1817715999437242, -0.8834707358518353, -0.24041884467337832]",54.69742250104042,1.1535412745047064
"[-0.05637091408655602, 1.1822081703421994, -0.8606907874083248, -0.25757997679561245]",54.86014740618633,1.156684438740414
"[-0.09700903846847797, 1.1810163027897063, -0.8380837942414424, -0.27054502045277384]",55.0304615318518,1.1598276029761219
"[-0.13769576363457303, 1.1782247063990985, -0.8157104413287611, -0.2794107938467644]",55.21057679402387,1.1629707672118295
"[-0.18065916456213227, 1.173749159276704, -0.7931824885096617, -0.2845259238743932]",55.40596356786725,1.166113931447537
"[-0.23257643332749278, 1.1669353302557697, -0.7687977526196698, -0.28685560452571074]",55.63290166846922,1.1692570956832447
"[-0.6678982593607737, 0.5669901584984033, -0.968874429432324, -0.42492271205740845]",58.03973274776941,1.1724002599189522
"[-0.575719019448076, 0.6019669363833514, -1.040017144375159, -0.32381100624472153]",58.04208202564419,1.1755434241546598
"[-0.5026058206501158, 0.6317589309502165, -1.0784382558104184, -0.22878707104350546]",58.02295258115383,1.1786865883903674
"[-0.4398634805644952, 0.653995964050815, -1.100638951317919, -0.14310304800407891]",58.0042740043889,1.1818297526260753
"[-0.38488367167604004, 0.6693170105608874, -1.1136255007864044, -0.06668739616138829]",57.99141543739726,1.1849729168617829
"[-0.33683421112525225, 0.6789111668658532, -1.1209533589842806, 0.0009302755696312616]",57.9852986475622,1.1881160810974905
"[-0.2954935141466039, 0.6840531394191883, -1.1246488656006144, 0.06004318019370756]",57.985310138650455,1.1912592453331983
"[-0.3509290115676815, 0.7820835109112055, -1.170908592269567, -0.3772861528999166]",53.927465824596204,1.1944024095689059
"[-0.3945509712372618, 0.7621851175538691, -1.164717879343421, -0.4180726546601694]",53.91235856836173,1.1975455738046135
"[-0.43187692782777615, 0.7418020051160035, -1.1568321217660955, -0.4579794509173224]",53.91437560442273,1.200688738040321
"[-0.46702876446179836, 0.720589212863721, -1.146824823959173, -0.4981397431072991]",53.92211522621663,1.2038319022760289
"[-0.501842487563181, 0.6983660909042969, -1.1341491714824032, -0.5388250140085664]",53.930761203998934,1.2069750665117365
"[-0.5379623394224197, 0.674905532447904, -1.1179642749026222, -0.5800261148991339]",53.936374203473505,1.210118230747444
"[-0.5776871749083283, 0.6498628218854771, -1.096836448118919, -0.6213782413804775]",53.93373835950124,1.2132613949831519
"[-0.625121878365894, 0.6228048568809907, -1.0681238094287864, -0.6614914223837282]",53.91352726402555,1.2164045592188595
"[-0.687902268216932, 0.5940023887122734, -1.0272813471510245, -0.6953831451175899]",53.8574091803189,1.219547723454567
"[-0.7719348932260196, 0.5684098761066695, -0.9729131845878717, -0.7101721706671614]",53.74653916272077,1.2226908876902747
"[-0.8599234507920227, 0.5544113429717795, -0.9198461906965955, -0.7011075507767235]",53.613553891120915,1.2258340519259823
"[-0.935363510938006, 0.5500264183102783, -0.8780520899156421, -0.6825953377912436]",53.49959320525786,1.2289772161616899
"[-0.9992793946902333, 0.5504905627038531, -0.8451025917304067, -0.6629942210431803]",53.40714174584674,1.2321203803973975
"[-1.055162377055285, 0.5534773441487705, -0.8179243599498898, -0.6443960354722373]",53.33036680830209,1.2352635446331053
"[-1.105367540524804, 0.5579564228463184, -0.7946566222077135, -0.6271679375669025]",53.264790721863804,1.2384067088688129
"[-1.1513627560315802, 0.5634242311499075, -0.7741965939249691, -0.6112642266917211]",53.20748720670594,1.2415498731045205
"[-1.1940964343326352, 0.5696095816782184, -0.7558543531173428, -0.5965478523529063]",53.15651582792832,1.244693037340228
"[-1.234211817034181, 0.5763558014707495, -0.7391730427680692, -0.5828739282839245]",53.11053825401483,1.2478362015759359
"[-1.2721629383925028, 0.5835681050122496, -0.7238358318379858, -0.5701116945707183]",53.068596540078595,1.2509793658116435
"[-1.3082833174751969, 0.5911884363766904, -0.7096136352179044, -0.5581475992657696]",53.029979406876166,1.254122530047351
"[-1.3428241938755345, 0.599181901902545, -0.6963358475253522, -0.5468844878472418]",52.99414402324931,1.2572656942830587
"[-1.3759797143048522, 0.6075295462050938, -0.6838719201113463, -0.5362389114842728]",52.96066472163068,1.2604088585187665
"[-1.4079030801712467, 0.6162243189419726, -0.6721197101817881, -0.5261385152372383]",52.929199513684416,1.263552022754474
"[-1.4387163336857263, 0.6252686115717327, -0.6609981689997707, -0.5165200458047923]",52.899468293736625,1.2666951869901817
"[-1.468518323047807, 0.6346733796276527, -0.6504419143457592, -0.5073271889787145]",52.871236041742314,1.2698383512258895
"[-1.497388783744392, 0.6444576396277762, -0.6403979987853765, -0.4985091940258173]",52.84430218427424,1.272981515461597
"[-1.5253924970245063, 0.6546491758034703, -0.6308231711323361, -0.49001917569451686]",52.81849089819289,1.2761246796973047
"[-1.5525815363057258, 0.6652857922597722, -0.6216821854113415, -0.4818127436684097]",52.793644108026065,1.2792678439330123
"[-1.5789960970325203, 0.676417266511688, -0.6129468502087644, -0.47384674691896167]",52.76961585700201,1.2824110081687201
"[-1.6046657928998973, 0.6881091045011878, -0.6045951254130714, -0.46607743518495576]",52.74626569028985,1.2855541724044277
"[-1.6296092454731985, 0.7004480389814263, -0.5966109716081281, -0.45845843174472456]",52.723452360710496,1.2886973366401353
"[-1.653832607755472, 0.7135509418644447, -0.588984723626802, -0.45093782282790945]",52.701025657124376,1.291840500875843
"[-1.6773264654133908, 0.7275799279908031, -0.5817142182284112, -0.4434535351858962]",52.67881460768351,1.2949836651115505
"[-1.7000599847717044, 0.7427697698541891, -0.5748071888588586, -0.43592517679456244]",52.6566071950711,1.298126829347258
"[-1.7219676724317428, 0.759481027045798, -0.5682867670820879, -0.4282385771280345]",52.63411330345574,1.3012699935829657
"[-1.742920238839223, 0.7783186407485632, -0.5622038711081527, -0.42021113772970764]",52.61088244575373,1.3044131578186735
"[-1.762645142248995, 0.8004513432591236, -0.5566711689884342, -0.41149794664059974]",52.58608271443288,1.307556322054381
"[-1.7804242560671049, 0.8288297015671277, -0.5519927944322396, -0.4012299147024442]",52.557653424622494,1.3106994862900887
"[-1.7834236852899419, 0.9154554510785751, -0.5536847717422729, -0.37357965284873607]",52.488857691415376,1.3138426505257963
"[-1.8754847988776004, 0.5943274556492032, -0.7042223599963311, -0.4682075748784169]",91.08757025432281,1.3201289789972117
"[-0.45276933120214174, 1.1542641927932833, -0.7359546518426026, -0.6897310224156059]",99.58965041581015,1.3232721432329193
"[3.3209437022301436, 0.9533758581896303, -0.5621012387116309, 0.24552189942379118]",60.9415062242712,1.3389879644114577
"[3.29450551801101, 0.9850097846190943, -0.5730361256232867, 0.2398706569493199]",60.910249413152684,1.3421311286471653
"[3.262939938399283, 1.0041429952519187, -0.581554788558158, 0.2368419713612264]",60.87814311232606,1.345274292882873
"[3.2261092382200687, 1.0168520885495085, -0.5880842028753888, 0.2354175262536111]",60.847038300881515,1.3484174571185805
"[3.1842833260337935, 1.0252586590208668, -0.5928134523130799, 0.23524101223093938]",60.81753450652705,1.3515606213542881
"[3.1378162776717287, 1.0303673879177802, -0.5958556196650721, 0.23614753770022048]",60.78989659528845,1.3547037855899957
"[3.0870746350824594, 1.0326905744771262, -0.59728255108332, 0.23806232319464715]",60.76425662793693,1.3578469498257033
"[3.032412321820622, 1.0324525175090224, -0.5971350621630126, 0.24096931888015555]",60.74067797777974,1.3609901140614111
"[2.974164815631835, 1.0296561398442734, -0.5954242540890727, 0.24490329917068288]",60.71917566156497,1.3641332782971187
"[2.9126507581186596, 1.024075434295221, -0.5921272696989577, 0.2499561169134786]",60.69970894962223,1.3672764425328263
"[2.848187762941969, 1.0151661509125713, -0.5871759147297743, 0.2563002507341786]",60.68214144864936,1.370419606768534
"[2.781135162788196, 1.001801681118376, -0.5804298812121578, 0.26425110319816825]",60.666123561203754,1.3735627710042417
"[2.712035682779536, 0.9814100586065722, -0.5715998929475316, 0.2744614462377747]",60.650705132538,1.3767059352399493
"[2.658253204920937, 0.8332980660809717, -0.5514957209771574, 0.31330681755329726]",60.5845719734419,1.379849099475657
"[2.93421363470166, 1.1128806397598463, -0.668383069069665, 0.21690933085976496]",91.67006665976642,1.3829922637113647
"[-2.1271246341283145, 0.7374324212972705, -0.5771243050412063, -0.3860283368255513]",77.54705064354293,1.38927859218278
"[2.719446089665299, 1.0193476417027898, -0.5894530057406278, 0.2626321401802792]",78.96836529501996,1.3955649206541954
"[-0.5301551757843679, 0.6601643444136814, -1.1060696168676734, -0.6696415535643394]",72.66610304350094,1.398708084889903
"[-1.4071878363571309, 0.8436205713356942, -0.5505923308784226, -0.44054352621741893]",64.10317999971707,1.408137577597026
"[-0.22249881797917131, 0.7909013270902313, -1.1732002287633783, -0.10589442238450139]",65.21988310529153,1.4112807418327336
"[0.7537968673190658, 0.7740747472036696, -0.5634612341371287, 0.9235195771304411]",62.399098268424986,1.4144239060684412
"[-0.8406931482681358, 0.5512991778873464, -0.8968053117208251, -0.6399451955914429]",78.89618531612568,1.4175670703041487
"[1.4527738654065425, 1.0824943986450504, -0.6355017081173708, 0.3178579518192197]",62.6356526946433,1.4207102345398563
"[2.0524427867926143, 1.151365656989524, -1.0023373251297396, 0.19069127678487038]",69.10392001849543,1.423853398775564
"[0.3746170403927783, 0.7370127787566729, -0.5773114578388985, 0.22512021276517472]",72.70656724117188,1.4301397272469794
"[1.0826932185325093, 0.8236250355726292, -0.5526530872414738, 0.48841734372871004]",67.12710388456087,1.4364260557183945
"[0.7160708334509768, 0.612746308965307, -0.676685233383117, 0.49117155466781176]",64.60106085284502,1.4395692199541024
"[-0.27884269734712364, 0.5611382233246348, -0.782098011407038, 0.5232088659303229]",59.94422529169277,1.4458555484255176
"[1.6883321281103567, 1.1468297004377264, -1.0114521791081308, 0.19556846073577427]",65.57696180095468,1.4489987126612252
"[1.2446347840112215, 1.1786117802893679, -0.8181739960359311, 0.21125527970196661]",65.55134873202628,1.452141876896933
"[8.03043999155517, 1.1817525877338115, -0.8838115027174542, 0.08484397184064957]",73.65660597525373,1.4584282053683482
"[0.7645288050527729, 0.8874273979889095, -0.5505227022998339, 0.6090043921636488]",59.281860512391425,1.461571369604056
"[-0.1714883463213132, 0.7577054023304418, -1.163122656018459, 0.04450634364995563]",62.949864809470995,1.4647145338397636
"[-0.3658325161708328, 0.7251510675028929, -1.1491409656619742, -0.17197028886116528]",62.965623055642006,1.4678576980754712
"[1.4034114818113534, 1.0624843808044555, -1.1138234472558224, 0.24856784264229168]",62.10152842598528,1.477287190782594
"[-0.17804670095821637, 0.7692627397180934, -1.1670851766581698, 0.006806452796498928]",76.83432218023307,1.4804303550183016
"[-1.1211313147003252, 0.5532028040571407, -0.8197434299733205, -0.6443881018767619]",96.13785509963886,1.4835735192540094
"[1.7034695277326979, 1.0691622726961083, -0.6236715045198308, 0.3090013100328392]",66.46411366661874,1.4930030119611322
"[1.8251577737689588, 1.0931968084385704, -0.6460409659088016, 0.2859916877126225]",61.44132402939029,1.4992893404325476
"[0.7192725958956546, 0.5516361410389271, -0.8319755657476163, 0.7116547243645674]",40.606081571894016,1.5024325046682552
"[0.7262934307649479, 0.5515316603479719, -0.8329544899882058, 0.7110984670689425]",40.63277339903984,1.5055756689039628
"[0.7313203035344005, 0.5514542477562235, -0.8336991328106255, 0.7107185444055779]",40.652285305646366,1.5087188331396706
"[0.7354841946295811, 0.5513887594257868, -0.8343428845233805, 0.7104152868877937]",40.66868067955993,1.5118619973753782
"[0.7391332846404458, 0.551330517885694, -0.8349267094521017, 0.7101579432352573]",40.68321214485716,1.5150051616110858
"[0.7424301386284404, 0.5512773327307302, -0.8354696879857556, 0.7099321251400295]",40.69646529843452,1.5181483258467936
"[0.745466303763996, 0.5512279669041785, -0.8359825388475002, 0.7097297123865808]",40.70877033571947,1.5212914900825012
"[0.7482993805679339, 0.5511816398436361, -0.8364719893017037, 0.7095455844854175]",40.72033529021963,1.5244346543182088
"[0.7509684203080691, 0.5511378207796864, -0.8369425897970422, 0.7093762625470075]",40.7313013723026,1.5275778185539164
"[0.7535012795587217, 0.5510961301507643, -0.8373975745169863, 0.7092192577459184]",40.74176947349091,1.5307209827896242
"[0.7559187463096174, 0.5510562837037551, -0.8378393541215265, 0.7090727099082409]",40.751814978105074,1.5338641470253318
"[0.7582367381991265, 0.5510180632500606, -0.838269766348803, 0.7089351898435404]",40.76149569397016,1.5370073112610394
"[0.7604678113683231, 0.5509812960897573, -0.8386902577840508, 0.7088055677816709]",40.770857287705,1.540150475496747
"[0.7626220597940103, 0.5509458429511339, -0.8391019874876163, 0.7086829329237962]",40.779936538086076,1.5432936397324546
"[0.7647077478274605, 0.5509115894150016, -0.839505901648386, 0.7085665375980168]",40.788763584081494,1.5464368039681622
"[0.7667317377173907, 0.5508784401474243, -0.8399027831201463, 0.7084557591092169]",40.79736352302426,1.5495799682038698
"[0.76869980388799, 0.5508463146293449, -0.8402932884542604, 0.7083500719515692]",40.805757466820566,1.5527231324395776
"[0.7706168690716507, 0.5508151439292991, -0.8406779762610073, 0.708249027156629]",40.81396347975654,1.5558662966752852
"[0.7724871382042301, 0.550784868980442, -0.8410573198273098, 0.7081522390840308]",40.82199700001041,1.5590094609109928
"[0.7743142904294061, 0.5507554378044438, -0.8414317348638536, 0.7080593706443715]",40.82987157346841,1.5621526251467004
"[0.7761014995179163, 0.5507268054366633, -0.8418015750216626, 0.7079701285114153]",40.83759889104979,1.5652957893824082
"[0.7778515927265014, 0.5506989315608601, -0.8421671575154253, 0.7078842520465788]",40.84518939307936,1.5684389536181158
"[0.7795670386212213, 0.5506717808524639, -0.8425287550089628, 0.7078015114814509]",40.8526522290582,1.5715821178538236
"[0.9488911106921656, 1.1801498449439705, -0.9024374274333007, 0.16442789055127432]",42.30694189564097,1.574725282089531
"[0.949818845676914, 1.1801194823687096, -0.9026984156361189, 0.16444992714700019]",42.309185817883986,1.5778684463252388
"[0.9507440892933359, 1.180088944890896, -0.9029590219075933, 0.16447203997824242]",42.31143290435669,1.5810116105609466
"[0.9516668369429448, 1.180058233932823, -0.9032192418357199, 0.16449422878068895]",42.313683182723565,1.584154774796654
"[0.9525870757236201, 1.1800273512091672, -0.903479068671382, 0.16451649307211053]",42.31593663965655,1.5872979390323618
"[0.9535048156526584, 1.1799962976774425, -0.9037385021459466, 0.16453883290878285]",42.31819332657933,1.5904411032680692
"[0.9544200442439414, 1.1799650750619626, -0.9039975356466305, 0.1645612477868228]",42.320453227002865,1.593584267503777
"[0.9553327611598119, 1.1799336846885236, -0.9042561660033483, 0.16458373748190444]",42.32271636998505,1.5967274317394846
"[0.9562429610380592, 1.1799021280651958, -0.9045143886343674, 0.16460630163146447]",42.32498276833577,1.5998705959751922
"[0.9571506389872126, 1.1798704066963854, -0.9047721990996551, 0.16462893986853527]",42.32725243913787,1.6030137602109
"[0.9580557941881868, 1.1798385219547305, -0.9050295941264822, 0.16465165191285366]",42.32952539080416,1.6061569244466076
"[0.9589584259409347, 1.1798064752162778, -0.9052865704900259, 0.1646744374739597]",42.33180164512601,1.6093000886823152
"[0.9598585277306391, 1.179774268073393, -0.9055431233212652, 0.16469729610026612]",42.3340812148239,1.6124432529180228
"[0.9607560926208721, 1.1797419021474769, -0.9057992476372819, 0.1647202273129824]",42.33636411301024,1.6155864171537306
"[0.9616511259359245, 1.1797093786269313, -0.9060549419657926, 0.16474323093277282]",42.33865034761722,1.618729581389438
"[0.9625436172130807, 1.179676699280851, -0.9063102003387233, 0.16476630636200276]",42.34093994756485,1.6218727456251458
"[0.9634335709456084, 1.1796438653424224, -0.906565021074204, 0.16478945337466222]",42.34323291886091,1.6250159098608536
"[0.9643209749575621, 1.179610878668007, -0.9068193977301965, 0.16481267129814964]",42.34552927982038,1.628159074096561
"[0.9652058379608454, 1.1795777403484675, -0.9070733298615956, 0.16483595999188086]",42.34782903971728,1.6313022383322688
"[0.9660881465185022, 1.179544452309765, -0.9073268106826522, 0.16485931872087758]",42.350132223283,1.6344454025679762
"[0.9669679089913785, 1.179511015667266, -0.9075798396781729, 0.16488274731242342]",42.352438832175956,1.637588566803684
"[0.9678451143544852, 1.179477432277791, -0.9078324107736974, 0.1649062450667839]",42.35474889797473,1.6407317310393918
"[0.9687197618026943, 1.1794437036206769, -0.9080845208431302, 0.1649298115421791]",42.357062413689235,1.6438748952750992
"[0.9695918568142475, 1.179409830936947, -0.9083361685883251, 0.1649534464559123]",42.359379417882664,1.647018059510807
"[0.9704613886658165, 1.1793758161031205, -0.9085873480501692, 0.16497714907481228]",42.361699908105585,1.6501612237465149
"[0.9713283591354549, 1.1793416605191125, -0.908838056888064, 0.1650009189916121]",42.364023907278266,1.6533043879822222
"[0.9721927639765882, 1.1793073658278388, -0.9090882910334165, 0.16502475562298669]",42.36635142851664,1.65644755221793
"[0.973054609191076, 1.1792729332717269, -0.9093380493986684, 0.16504865865706878]",42.3686824843147,1.6595907164536376
"[0.9739138787697625, 1.1792383649801443, -0.9095873245295352, 0.16507262715969415]",42.37101708979992,1.6627338806893452
"[0.9747705899970723, 1.17920366175229, -0.9098361186406027, 0.16509666111262714]",42.373355269046016,1.6658770449250528
"[0.9756247264270834, 1.1791688257535882, -0.9100844241712684, 0.16512075954407035]",42.37569702422151,1.6690202091607604
"[0.9764762934958476, 1.1791338582711213, -0.9103322399268327, 0.1651449220841833]",42.378042381013564,1.672163373396468
"[0.9773252830920349, 1.1790987611528871, -0.9105795607851899, 0.16516914796882884]",42.380391348663245,1.6753065376321759
"[0.9781717097692253, 1.1790635353142056, -0.9108263882417973, 0.16519343707102646]",42.3827439360112,1.6784497018678832
"[0.979015551286609, 1.179028183205671, -0.911072713077879, 0.1652177881985645]",42.38510017831897,1.681592866103591
"[0.9798568265607104, 1.178992705565795, -0.911318538095206, 0.16524220133288367]",42.38746006533022,1.6847360303392989
"[0.9806955284954929, 1.1789571042245002, -0.911563858519827, 0.16526667569693498]",42.3898236293393,1.6878791945750062
"[0.9815316518322446, 1.1789213809453114, -0.9118086701220183, 0.16529121055370524]",42.392190882111606,1.691022358810714
"[0.9823652018699494, 1.1788855370465285, -0.9120529717760989, 0.1653158054658258]",42.394561831032505,1.6941655230464219
"[0.9831961746733207, 1.1788495742458058, -0.912296759666401, 0.16534045971548722]",42.39693650027527,1.6973086872821292
"[0.9840245679512286, 1.1788134941975832, -0.9125400304700119, 0.1653651726224113]",42.3993148946186,1.700451851517837
"[0.9848503865582546, 1.1787772982487694, -0.9127827829771399, 0.1653899437108221]",42.40169704858665,1.7035950157535449
"[0.9856736285305793, 1.1787409880466808, -0.9130250139905068, 0.16541477229308588]",42.40408296109349,1.7067381799892523
"[0.9864942983569496, 1.1787045649575119, -0.9132667222260632, 0.16543965786778053]",42.406472643035265,1.70988134422496
"[0.9873123881257594, 1.1786680309018849, -0.9135079027614178, 0.16546459954878237]",42.40886612498966,1.7130245084606674
"[0.9881279050931571, 1.1786313871293608, -0.9137485551572618, 0.1654895969024579]",42.411263411262745,1.7161676726963753
"[0.9889408527260674, 1.1785946350570533, -0.9139886778766625, 0.16551464937453755]",42.413664524635664,1.719310836932083
"[0.9897512180189928, 1.1785577768534248, -0.9142282645280385, 0.16553975589310316]",42.41606946755703,1.7224540011677905
"[0.9905590172473102, 1.1785208133609417, -0.9144673173883634, 0.16556491628396813]",42.418478264626685,1.7255971654034983
"[0.9913642433631739, 1.1784837464845344, -0.9147058318547332, 0.16559012964347217]",42.420890944466535,1.7287403296392059
"[0.9921668950209966, 1.178446577875436, -0.9149438050215963, 0.16561539523539395]",42.42330749828819,1.7318834938749135
"[0.9929669776675695, 1.178409308872374, -0.9151812360122591, 0.16564071253034313]",42.42572794792903,1.735026658110621
"[0.9937644903581437, 1.178371941111709, -0.9154181220702744, 0.1656660807910555]",42.42815230921198,1.7381698223463289
"[0.994559438343931, 1.1783344759411494, -0.915654462294666, 0.16569149947074485]",42.430580604614775,1.7413129865820363
"[0.9953518226962974, 1.1782969149044904, -0.915890254559287, 0.16571696788398263]",42.43301284054795,1.744456150817744
"[0.9961416444046423, 1.178259259551279, -0.9161254967281666, 0.165742485336108]",42.435449041175744,1.7475993150534515
"[0.9969289038028937, 1.178221511464461, -0.9163601864842943, 0.16576805110457424]",42.43788921041111,1.7507424792891593
"[0.9977136029789083, 1.178183672144675, -0.9165943220479168, 0.16579366451736577]",42.44033337142029,1.753885643524867
"[0.9984957437067711, 1.1781457431083218, -0.9168279015610308, 0.16581932488657464]",42.44278153252239,1.7570288077605745
"[0.999275334687659, 1.1781077255338672, -0.9170609252521802, 0.1658450317475881]",42.44523372827489,1.7601719719962823
"[1.000052365308692, 1.1780696215426836, -0.9172933875915178, 0.1658707839931507]",42.447689950475215,1.76331513623199
"[1.0008268498722943, 1.1780314320383134, -0.9175252905147883, 0.16589658133424146]",42.450150220378966,1.7664583004676975
"[1.0015987897062448, 1.1779931585563304, -0.917756632095618, 0.16592242304942942]",42.45261455727518,1.7696014647034053
"[1.0023681788200944, 1.1779548029991063, -0.9179874082259045, 0.16594830816492254]",42.455082979637176,1.772744628939113
"[1.0031350282560736, 1.177916366421838, -0.9182176199197386, 0.16597423627389982]",42.457555498217914,1.7758877931748205
"[1.0038993414164061, 1.1778778502560943, -0.918447265918865, 0.16600020671047136]",42.46003212540706,1.7790309574105283
"[1.00466111734033, 1.177839256153615, -0.918676343668656, 0.16602621865556325]",42.462512881271564,1.7821741216462357
"[1.0054203631342447, 1.1778005853573528, -0.9189048530551618, 0.16605227156092975]",42.4649977853046,1.7853172858819435
"[1.0061770784110902, 1.1777618394893712, -0.9191327917260834, 0.166078364618155]",42.46748683421956,1.788460450117651
"[1.006931270947463, 1.1777230197528588, -0.9193601598033971, 0.16610449729630725]",42.46998007070826,1.7916036143533587
"[1.0076829413767543, 1.1776841277150905, -0.9195869552731656, 0.16613066881467495]",42.47247748436062,1.7947467785890663
"[1.008432091956315, 1.1776451648600526, -0.9198131766250475, 0.16615687844417604]",42.47497910462621,1.797889942824774
"[1.0091787356438855, 1.177606132110073, -0.9200388255984279, 0.16618312582893663]",42.47748494875038,1.8010331070604815
"[1.0099228673437675, 1.1775670313264437, -0.9202638984949533, 0.16620940997712874]",42.47999502015803,1.8041762712961893
"[1.0106644948180894, 1.1775278636969022, -0.9204883955171675, 0.1662357303455192]",42.48250934541955,1.8073194355318971
"[1.0114036269392126, 1.177488630343322, -0.9207123172237596, 0.16626208643061896]",42.48502793945668,1.8104625997676045
"[1.0121402600445608, 1.1774493330501008, -0.9209356603919777, 0.1662884772795931]",42.48755080346335,1.8136057640033123
"[1.0128744026165537, 1.1774099729543834, -0.9211584254941432, 0.16631490237020488]",42.49007796532305,1.8167489282390201
"[1.0136060601525019, 1.1773705513467363, -0.9213806121157259, 0.1663413610729242]",42.492609449881606,1.8198920924747275
"[1.0143352404873662, 1.1773310693865755, -0.9216022205699455, 0.16636785284204353]",42.49514524726627,1.8230352567104353
"[1.0150619424555283, 1.1772915287171286, -0.9218232484505379, 0.16639437680317057]",42.49768538707017,1.8261784209461427
"[1.015786175088452, 1.1772519304253208, -0.9220436964668199, 0.16642093245114517]",42.50022988914161,1.8293215851818505
"[1.0165079464468156, 1.177212275643142, -0.9222635650523131, 0.16644751924647785]",42.502778762291975,1.8324647494175583
"[1.0172272587211622, 1.1771725658200742, -0.9224828528692849, 0.16647413643287165]",42.50533202129152,1.8356079136532657
"[1.017944119427291, 1.177132802108289, -0.9227015602187014, 0.16650078344948535]",42.50788968518888,1.8387510778889735
"[1.018658537034064, 1.1770929855998642, -0.9229196877108817, 0.16652745977184846]",42.5104517672367,1.8418942421246813
"[1.019370510811883, 1.1770531178952144, -0.9231372331634685, 0.16655416453116598]",42.513018280151286,1.8450374063603887
"[1.0200800584249248, 1.1770131995592885, -0.9233542000311327, 0.16658089754850106]",42.515589248357294,1.8481805705960965
"[1.0207871725935398, 1.1769732325524922, -0.9235705841597956, 0.16660765770664568]",42.51816467699157,1.8513237348318041
"[1.0214918617911042, 1.176933217947138, -0.9237863862256368, 0.1666344444796259]",42.520744579670016,1.8544668990675117
"[1.0221941475966188, 1.1768931560581493, -0.9240016109412565, 0.16666125784469682]",42.52332898433355,1.8576100633032193
"[1.022894024168179, 1.1768530487536255, -0.9242162546366894, 0.16668809673591475]",42.5259178935693,1.860753227538927
"[1.023591500100438, 1.1768128970755203, -0.9244303180797443, 0.1667149606368943]",42.52851133180065,1.8638963917746345
"[1.0242865888115118, 1.1767727017779586, -0.9246438035384734, 0.1667418492203002]",42.531109311999494,1.8670395560103423
"[1.0249792891575829, 1.1767324644494666, -0.9248567088260151, 0.16676876159722123]",42.53371184159584,1.8701827202460497
"[1.0256696096943574, 1.1766921861131545, -0.9250690347493097, 0.16679569725370091]",42.53631894648703,1.8733258844817575
"[1.0263575676162906, 1.1766518672763993, -0.9252807847930551, 0.1668226560172802]",42.538930636170306,1.8764690487174653
"[1.0270431621884888, 1.1766115094869714, -0.9254919569427619, 0.16684963701654817]",42.54154693484078,1.8796122129531727
"[1.02772640522491, 1.1765711135503527, -0.9257025530627179, 0.1668766398732391]",42.54416784677613,1.8827553771888805
"[1.0284073074071252, 1.1765306803276165, -0.9259125746880744, 0.16690366416870978]",42.5467933918048,1.8858985414245883
"[1.0290858737079553, 1.1764902110104325, -0.9261220216104324, 0.1669307092602512]",42.54942358694546,1.8890417056602957
"[1.0297621100571874, 1.1764497067282644, -0.9263308939311847, 0.1669577745437321]",42.55205843999659,1.8921848698960035
"[1.030436028074386, 1.176409168261796, -0.9265391935257952, 0.16698485964508075]",42.55469796673195,1.8953280341317114
"[1.03110763610509, 1.1763685965783015, -0.9267469212762636, 0.16701196406256433]",42.55734220146146,1.8984711983674187
"[1.0317769466330406, 1.1763279923851573, -0.9269540793624589, 0.16703908746514853]",42.55999112934149,1.9016143626031266
"[1.0324439657663758, 1.1762873567664351, -0.9271606680088964, 0.1670662292672834]",42.56264478852493,1.904757526838834
"[1.0331087054513222, 1.1762466904422713, -0.927366689264573, 0.16709338912369448]",42.56530319430559,1.9079006910745417
"[1.033771178382858, 1.1762059940746967, -0.9275721454299976, 0.16712056672509867]",42.56796635036485,1.9110438553102493
"[1.0344313805773813, 1.1761652693439053, -0.9277770336475847, 0.16714776107957915]",42.57063426524472,1.914187019545957
"[1.0350893365503961, 1.1761245161654161, -0.9279813599188261, 0.16717497237095097]",42.57330697273372,1.9173301837816645
"[1.0357450475131729, 1.176083735882282, -0.928185123030108, 0.16720219982713322]",42.57598448154573,1.9204733480173724
"[1.0363985386006835, 1.176042928339422, -0.9283883292193306, 0.1672294436736957]",42.57866681408887,1.9236165122530797
"[1.037049797011666, 1.176002095739717, -0.9285909729456061, 0.1672567025594283]",42.58135396260261,1.9267596764887875
"[1.0376988542239238, 1.175961237506021, -0.9287930624575629, 0.16728397698656072]",42.58404596469781,1.9299028407244954
"[1.0383457092484794, 1.1759203550855146, -0.9289945959191704, 0.16731126610345295]",42.586742821613385,1.9330460049602027
"[1.0389903849461561, 1.1758794484100188, -0.929195578939872, 0.1673385700675772]",42.58944455920862,1.9361891691959106
"[1.0396328769937142, 1.175838519123487, -0.9293960086727546, 0.1673658878912124]",42.59215118930488,1.939332333431618
"[1.040273204506842, 1.1757975673722048, -0.9295958895946888, 0.16739321958395265]",42.59486271846992,1.9424754976673257
"[1.0409113865112307, 1.1757565932890288, -0.9297952261777265, 0.167420565162002]",42.59757917516987,1.9456186619030336
"[1.0415474213966962, 1.17571559832035, -0.9299940164652599, 0.16744792376267717]",42.6003005667495,1.948761826138741
"[1.0421813318892843, 1.1756745823364079, -0.9301922661207556, 0.16747529557297508]",42.60302690695345,1.9519049903744488
"[1.0428131240889602, 1.1756335462666616, -0.9303899756287741, 0.16750268007083166]",42.60575821326945,1.9550481546101566
"[1.043442813789484, 1.1755924904011301, -0.9305871485227378, 0.16753007715877896]",42.60849450233339,1.958191318845864
"[1.0440704123092464, 1.1755514153074644, -0.9307837869532989, 0.16755748655198613]",42.611235784313685,1.9613344830815718
"[1.0446959293220652, 1.1755103216502236, -0.930979892571652, 0.16758490789891156]",42.61398208125556,1.9644776473172796
"[1.0453193876614104, 1.1754692092147985, -0.9311754711733279, 0.16761234143265966]",42.61673340512686,1.967620811552987
"[1.045940790650367, 1.1754280790576725, -0.9313705224526478, 0.16763978653618491]",42.61948976845774,1.9707639757886948
"[1.0465601507752287, 1.1753869316219965, -0.9315650489925836, 0.16766724299978444]",42.622251184004284,1.9739071400244022
"[1.0471774900644224, 1.1753457667009741, -0.9317590563923713, 0.16769471104555136]",42.62501767269338,1.97705030426011
"[1.0477928224562323, 1.1753045846084325, -0.9319525477301308, 0.16772219054633028]",42.62778924423228,1.9801934684958176
"[1.0484061526910444, 1.175263386263316, -0.9321455232065202, 0.16774968096938228]",42.630565922796215,1.9833366327315252
"[1.049017504465307, 1.1752221712994695, -0.9323379890021412, 0.16777718263770075]",42.63334771365292,1.9864797969672328
"[1.0496268781593543, 1.1751809409077913, -0.9325299439750755, 0.16780469483356414]",42.63613463059878,1.9896229612029406
"[1.050234310737716, 1.1751396937899052, -0.9327213985246235, 0.1678322184985979]",42.638926700579574,1.992766125438648
"[1.050839795450983, 1.1750984315957071, -0.9329123492936946, 0.16785975260542682]",42.64172391521641,1.9959092896743558
"[1.0514433588652892, 1.1750571536987457, -0.9331028034425514, 0.16788729764404636]",42.64452631778598,1.9990524539100636
"[1.0520450095855503, 1.17501586068156, -0.9332927624845895, 0.1679148532961036]",42.6473339038882,2.002195618145771
"[1.05264477020426, 1.174974552153064, -0.9334822323657941, 0.1679424198914149]",42.650146688891155,2.005338782381479
"[1.0532426516774878, 1.1749332285059744, -0.9336712153753874, 0.16796999723523104]",42.65296469424921,2.0084819466171866
"[1.053838671767711, 1.174891889648956, -0.9338597159697679, 0.16799758545437077]",42.65578794096577,2.011625110852894
"[1.05443284662062, 1.1748505355865355, -0.9340477381122096, 0.16802518461022364]",42.65861642509034,2.014768275088602
"[1.0550251897636516, 1.1748091664903446, -0.9342352849541006, 0.1680527946512665]",42.66145016992712,2.017911439324309
"[1.055615723574881, 1.1747677818976547, -0.9344223624667813, 0.16808041594798276]",42.66428919528759,2.021054603560017
"[1.056204450572857, 1.174726382723019, -0.9346089703464081, 0.16810804795027715]",42.66713350944556,2.024197767795725
"[1.0567914061833228, 1.1746849675525328, -0.9347951187356639, 0.16813569166088255]",42.66998312604134,2.027340932031432
"[1.0573765974678213, 1.1746435369498547, -0.9349808088044897, 0.1681633467613408]",42.67283806484813,2.03048409626714
"[1.057960041767819, 1.1746020907402264, -0.9351660449977612, 0.16819101342482606]",42.67569833301148,2.033627260502848
"[1.058541760842958, 1.1745606284167267, -0.93535083318147, 0.16821869204506099]",42.67856395593404,2.036770424738555
"[1.0591217659908527, 1.174519150201215, -0.9355351759157016, 0.16824638252809893]",42.68143493535604,2.039913588974263
"[1.0597000780561097, 1.1744776556183323, -0.935719078810136, 0.16827408524431123]",42.68431129258244,2.043056753209971
"[1.060276716958666, 1.1744361442397044, -0.9359025471993643, 0.1683018005316235]",42.687193035352514,2.046199917445678
"[1.0608516940800792, 1.1743946162355665, -0.9360855837175772, 0.16832952832722767]",42.6900801895313,2.049343081681386
"[1.061425044633672, 1.174353070035678, -0.9362681986040067, 0.16835726972940693]",42.69297276043129,2.0524862459170934
"[1.061996771736426, 1.174311506373532, -0.9364503918953188, 0.16838502429723987]",42.695870755100906,2.055629410152801
"[1.0625668956520011, 1.1742699247271322, -0.936632169103349, 0.16841279242711257]",42.69877420475553,2.058772574388509
"[1.0631354445502645, 1.1742283239758704, -0.9368135382807217, 0.16844057491428183]",42.70168311125637,2.0619157386242164
"[1.0637024225143652, 1.1741867047435677, -0.9369944998134297, 0.16846837138811277]",42.70459749029822,2.065058902859924
"[1.0642678672317645, 1.1741450651716148, -0.9371750648282514, 0.168496183135029]",42.707517361154466,2.0682020670956316
"[1.0648317862403582, 1.1741034055968929, -0.9373552348457982, 0.16852400997429867]",42.71044273261751,2.0713452313313394
"[1.0653942033571928, 1.174061725140929, -0.9375350166008807, 0.168551852536115]",42.713373618487594,2.074488395567047
"[1.06595514249415, 1.1740200228959357, -0.9377144168782188, 0.16857971146953143]",42.71631003446843,2.0776315598027546
"[1.0665146195201507, 1.1739782985326104, -0.9378934399077353, 0.16860758703641662]",42.719251989303274,2.080774724038462
"[1.067072652940744, 1.1739365515093596, -0.9380720907777925, 0.16863547963970962]",42.72219950564334,2.08391788827417
"[1.0676292728854646, 1.1738947803937891, -0.9382503783165853, 0.16866339027687333]",42.725152587749044,2.0870610525098776
"[1.0681844869680395, 1.1738529854230826, -0.9384283041579922, 0.16869131882915342]",42.7281112550646,2.090204216745585
"[1.0687383293026167, 1.1738111648233818, -0.9386058784431034, 0.16871926652095734]",42.73107551885088,2.093347380981293
"[1.0692908224011115, 1.1737693176693933, -0.9387831076154922, 0.1687472340091515]",42.7340453938509,2.096490545217
"[1.0698419801496448, 1.173727443671456, -0.9389599953673453, 0.16877522152520072]",42.73702089641423,2.099633709452708
"[1.070391825894703, 1.1736855418051961, -0.9391365484413613, 0.16880322979103576]",42.74000202367901,2.102776873688416
"[1.0709403769588626, 1.1736436114859765, -0.9393127716624761, 0.16883125923414022]",42.74298880340118,2.105920037924123
"[1.0714876706683227, 1.1736016505773714, -0.939488676300512, 0.1688593113188993]",42.745981246334985,2.109063202159831
"[1.0720337136079081, 1.1735596592762827, -0.9396642637639057, 0.16888738594941072]",42.74897936620857,2.112206366395539
"[1.0725785422641136, 1.1735176354639751, -0.9398395450903938, 0.16891548457747171]",42.75198317888773,2.115349530631246
"[1.0731221756225042, 1.1734755783442694, -0.9400145257087392, 0.16894360777030049]",42.75499268761816,2.118492694866954
"[1.0736646312139555, 1.1734334872168157, -0.940189210593636, 0.16897175603059972]",42.75800791060396,2.121635859102662
"[1.0742059458129427, 1.1733913598656125, -0.9403636109346266, 0.16899993087435072]",42.7610288610894,2.124779023338369
"[1.074746128869426, 1.173349196177075, -0.9405377291367167, 0.16902813241118472]",42.764055550978355,2.127922187574077
"[1.0752852176647119, 1.17330699384733, -0.9407115765904998, 0.1690563622153842]",42.76708799391607,2.1310653518097844
"[1.0758232217319468, 1.17326475272041, -0.9408851557570245, 0.1690846204242675]",42.770126202139046,2.134208516045492
"[1.0763601784544075, 1.1732224704357452, -0.9410584780972437, 0.1691129086496774]",42.773170183114324,2.1373516802812
"[1.0768961136004105, 1.1731801455174462, -0.9412315513451809, 0.16914122791154512]",42.77621995867591,2.1404948445169074
"[1.0774310393543325, 1.1731377775438574, -0.9414043788627386, 0.16916957852418318]",42.77927553582515,2.1436380087526152
"[1.0779649891505751, 1.1730953643921886, -0.9415769708916314, 0.1691979619399951]",42.78233692431751,2.146781172988323
"[1.0784979931652485, 1.1730529041693918, -0.941749336641675, 0.16922637945766256]",42.78540414097266,2.1499243372240304
"[1.0790300730008031, 1.1730103956411413, -0.9419214825681044, 0.16925483193495391]",42.78847719592753,2.1530675014597382
"[1.0795612570143887, 1.1729678370118646, -0.9420934173277382, 0.16928332060521475]",42.791556094118846,2.156210665695446
"[1.0800915654704055, 1.1729252271116573, -0.9422651469747113, 0.16931184628293247]",42.79464086334854,2.1593538299311534
"[1.0806210309735504, 1.172882563756795, -0.9424366815757317, 0.1693404104612825]",42.79773150091467,2.1624969941668613
"[1.0811496823884161, 1.1728398450368591, -0.9426080300058081, 0.16936901445058333]",42.80082802351281,2.1656401584025686
"[1.0816775450254745, 1.1727970693039622, -0.9427792000056957, 0.16939765938543758]",42.80393044202329,2.1687833226382764
"[1.0822046326592585, 1.1727542358263559, -0.9429501955891668, 0.16942634578691215]",42.80703877274336,2.1719264868739843
"[1.0827310031889683, 1.172711340259295, -0.9431210351038469, 0.16945507659594383]",42.81015302547795,2.1750696511096916
"[1.0832566596535265, 1.17266838269518, -0.9432917191148978, 0.16948385178188488]",42.813273204609764,2.1782128153453995
"[1.0837816385421328, 1.1726253604790469, -0.9434622590593107, 0.1695126731543194]",42.81639932914787,2.1813559795811073
"[1.084305961414964, 1.1725822721516663, -0.9436326615434564, 0.16954154172204175]",42.819531399690085,2.1844991438168146
"[1.084829674065522, 1.1725391142348238, -0.9438029410682431, 0.16957045984681077]",42.822669440898004,2.1876423080525225
"[1.0853527887999135, 1.1724958859800507, -0.9439731012667083, 0.1695994280616639]",42.82581346183466,2.19078547228823
"[1.0858753434773731, 1.1724525845077447, -0.9441431540974451, 0.1696284483278802]",42.828963464385076,2.1939286365239377
"[1.0863973601721229, 1.1724092082176214, -0.9443131064014234, 0.16965752174971782]",42.832119462376276,2.197071800759645
"[1.0869188766275049, 1.172365754182327, -0.9444829701378255, 0.1696866503212178]",42.83528147149534,2.200214964995353
"[1.0874399232046006, 1.172322220058076, -0.9446527548820854, 0.16971583564572157]",42.83844949429428,2.2033581292310607
"[1.0879605262840988, 1.1722786038076898, -0.9448224689297643, 0.16974507912138617]",42.841623549856145,2.206501293466768
"[1.0884807136669974, 1.172234903250814, -0.9449921210553874, 0.16977438224270053]",42.84480364019045,2.209644457702476
"[1.0890005207062248, 1.1721911155450284, -0.9451617225144027, 0.1698037469485467]",42.84798977994193,2.2127876219381832
"[1.089519986833747, 1.172147237470904, -0.945331285914546, 0.16983317543125437]",42.85118198100948,2.215930786173891
"[1.09003912609783, 1.172103267926078, -0.9455008155952018, 0.16986266846373968]",42.85438023761912,2.2190739504095984
"[1.0905579805851127, 1.1720592034112431, -0.9456703250662063, 0.16989222842705565]",42.85758458604281,2.2222171146453062
"[1.0910765854977729, 1.1720150409758328, -0.9458398256108135, 0.16992185733489748]",42.86079502330621,2.225360278881014
"[1.0915949578180084, 1.171970779195056, -0.9460093225735019, 0.16995155617780527]",42.864011551867385,2.2285034431167214
"[1.0921131565494218, 1.1719264130262455, -0.9461788350574667, 0.16998132837447996]",42.86723419373303,2.2316466073524293
"[1.0926311854022879, 1.1718819421257647, -0.946348364100018, 0.17001117419110068]",42.87046294833747,2.234789771588137
"[1.0931490972731552, 1.1718373619072766, -0.9465179268475937, 0.17004109674166273]",42.873697831087476,2.2379329358238444
"[1.0936669167698718, 1.1717926701806258, -0.9466875312086592, 0.17007109753277008]",42.876938839894834,2.2410761000595523
"[1.094184684149865, 1.1717478633769423, -0.946857190234489, 0.17010117899719648]",42.88018599445433,2.2442192642952596
"[1.0947024248774464, 1.171702939175531, -0.9470269121483262, 0.170131342730537]",42.8834393100804,2.2473624285309675
"[1.0952201790548046, 1.171657893956927, -0.9471967099890334, 0.17016159120114452]",42.88669877656677,2.2505055927666753
"[1.0957379810454604, 1.171612724565754, -0.947366594934412, 0.1701919265666575]",42.88996441858644,2.2536487570023827
"[1.0962558647680518, 1.1715674278535932, -0.9475365780350985, 0.17022235098089336]",42.89323623122665,2.2567919212380905
"[1.0967738659533617, 1.1715220004812446, -0.9477066709554789, 0.1702528667266946]",42.89651423588676,2.2599350854737983
"[1.0972920193657518, 1.171476439161107, -0.947876885061918, 0.17028347605317184]",42.89979843636455,2.2630782497095057
"[1.097810356205393, 1.1714307408875508, -0.948047230568132, 0.17031418102089765]",42.90308882994355,2.2662214139452135
"[1.098328920430696, 1.1713849014961546, -0.9482177219002302, 0.170344984470039]",42.906385434582255,2.2693645781809213
"[1.0988477471807379, 1.171338917563667, -0.9483883706067836, 0.17037588874385584]",42.909688258585255,2.2725077424166287
"[1.099366872042547, 1.1712927855935213, -0.9485591884027649, 0.17040689623590569]",42.912997310295445,2.2756509066523365
"[1.0998863306002995, 1.1712465020553953, -0.9487301870213787, 0.17043800936349124]",42.91631259013227,2.2787940708880443
"[1.1004061538721417, 1.1712000637931348, -0.9489013767109469, 0.17046923029342365]",42.91963410720913,2.2819372351237517
"[1.1009263904599578, 1.171153466043808, -0.9490727735307111, 0.1705005622739227]",42.92296187667156,2.2850803993594595
"[1.1014470755898036, 1.1711067052003674, -0.9492443891565376, 0.17053200777737118]",42.92629588895031,2.288223563595167
"[1.1019682306348282, 1.1710597788701016, -0.9494162307144152, 0.17056356846054319]",42.92963616293489,2.2913667278308747
"[1.1024899269563575, 1.1710126801205887, -0.9495883218344916, 0.17059524903473874]",42.93298271014574,2.2945098920665825
"[1.10301218302733, 1.170965406743664, -0.94976066872835, 0.1706270510352171]",42.93633551886943,2.29765305630229
"[1.1035350264842758, 1.1709179556794256, -0.9499332806430749, 0.17065897657105433]",42.93969461226725,2.3007962205379977
"[1.104058519701448, 1.1708703206753224, -0.9501061783157579, 0.17069102990077528]",42.943059990104175,2.3039393847737055
"[1.1045826884510161, 1.1708224987607938, -0.9502793704206655, 0.1707232130761782]",42.94643165691152,2.307082549009413
"[1.1051075733438482, 1.1707744855800704, -0.9504528705515191, 0.1707555290824529]",42.94980961517191,2.3102257132451207
"[1.1056332319412356, 1.1707262751793464, -0.9506266979300301, 0.17078798198208844]",42.953193879950376,2.313368877480828
"[1.1061596788412833, 1.1706778655036822, -0.9508008575926707, 0.17082057321458644]",42.956584451329746,2.316512041716536
"[1.1066869710971694, 1.1706292505617142, -0.9509753686370205, 0.17085330687086892]",42.95998132638794,2.3196552059522437
"[1.1072151406951838, 1.1705804266251125, -0.9511502418900017, 0.17088618551989793]",42.96338451747103,2.322798370187951
"[1.107744235843074, 1.1705313884261637, -0.9513254935695343, 0.17091921276882663]",42.96679403184128,2.325941534423659
"[1.108274296906966, 1.170482131377219, -0.9515011373202753, 0.17095239176859103]",42.970209877042436,2.3290846986593663
"[1.1088053668187712, 1.1704326506085407, -0.9516771876590644, 0.17098572586185673]",42.9736320439296,2.332227862895074
"[1.1093374854463367, 1.1703829414922289, -0.951853658109234, 0.17101921823011593]",42.97706054590592,2.3353710271307815
"[1.1098706942340388, 1.1703329992092724, -0.9520305627384752, 0.1710528721853937]",42.98049538654054,2.3385141913664893
"[1.1104050416370101, 1.1702828182375475, -0.9522079179639772, 0.1710866915153954]",42.98393657016143,2.3416573556021967
"[1.1109405692437764, 1.1702323936500498, -0.9523857379483542, 0.17112067960876806]",42.98738409620643,2.3448005198379045
"[1.1114773156018996, 1.1701817207620464, -0.9525640358660633, 0.17115483969270004]",42.99083796728268,2.3479436840736123
"[1.1120153305423284, 1.1701307937769148, -0.9527428286625941, 0.1711891757458988]",42.994298190991216,2.3510868483093197
"[1.1125546556585062, 1.1700796076260804, -0.9529221305710355, 0.17122369125835898]",42.99776476801867,2.3542300125450275
"[1.113095339882072, 1.1700281564953274, -0.9531019582879162, 0.17125839022496353]",43.00123769818268,2.357373176780735
"[1.1136374226200323, 1.1699764354261202, -0.9532823253663499, 0.17129327606568848]",43.00471699093381,2.3605163410164427
"[1.114180947592004, 1.1699244390015682, -0.9534632468164621, 0.17132835251172382]",43.00820264371774,2.3636595052521505
"[1.1147259737949322, 1.1698721602874451, -0.9536447427604384, 0.1713636243202449]",43.01169466264915,2.366802669487858
"[1.1152725276834246, 1.1698195954174166, -0.9538268225090801, 0.1713990941808955]",43.015193037171045,2.3699458337235657
"[1.115820669172482, 1.1697667372608955, -0.9540095065413494, 0.17143476698808519]",43.01869778535951,2.3730889979592735
"[1.116370446575798, 1.1697135797424558, -0.9541928115000279, 0.17147064692686634]",43.02220889877672,2.376232162194981
"[1.1169218988360536, 1.1696601176396555, -0.9543767509278772, 0.17150673760894689]",43.025726374654006,2.3793753264306887
"[1.117475065583658, 1.1696063456155381, -0.9545613386184625, 0.17154304272557308]",43.02925022524705,2.3825184906663965
"[1.118030018174941, 1.1695522551880797, -0.9547465989803408, 0.17157956809417466]",43.032780449565564,2.385661654902104
"[1.1185867878422697, 1.1694978417192539, -0.9549325430584648, 0.17161631693943538]",43.03631703560595,2.3888048191378117
"[1.119145424939664, 1.1694430986537365, -0.95511918830502, 0.1716532937832434]",43.039859992917556,2.3919479833735195
"[1.1197059794851054, 1.16938801940746, -0.9553065520877393, 0.17169050316973883]",43.04340932229605,2.395091147609227
"[1.1202685014176008, 1.1693325973421758, -0.9554946517757384, 0.17172794968253807]",43.04696502088748,2.3982343118449347
"[1.1208330347063555, 1.1692768263475672, -0.9556835027685139, 0.171765637551392]",43.05052708388169,2.401377476080642
"[1.1213996398725097, 1.1692206986146172, -0.9558731260306944, 0.17180357215695424]",43.054095515081485,2.40452064031635
"[1.1219683589439375, 1.1691642080983609, -0.9560635363679417, 0.17184175769079763]",43.05767032191075,2.4076638045520578
"[1.1225392488749681, 1.1691073472090034, -0.9562547536102469, 0.1718801993917372]",43.061251488268894,2.410806968787765
"[1.1231123495939466, 1.169050109986447, -0.956446791913443, 0.17191890139997162]",43.06483901726307,2.413950133023473
"[1.123687717748487, 1.1689924887387932, -0.956639671062046, 0.17195786902972873]",43.068432906365395,2.4170932972591808
"[1.1242654130464709, 1.1689344753920645, -0.9568334118993912, 0.1719971078572066]",43.07203315794483,2.420236461494888
"[1.1248454650616566, 1.1688760648324443, -0.9570280251905403, 0.17203662145966836]",43.07563975978931,2.423379625730596
"[1.1254279529194064, 1.1688172468898017, -0.9572235383533623, 0.172076416838172]",43.07925272181486,2.4265227899663038
"[1.126012916819551, 1.1687580152390047, -0.9574199657774658, 0.17211649839635626]",43.0828720313346,2.429665954202011
"[1.1266003976307977, 1.1686983634275927, -0.9576173221006891, 0.17215687062711366]",43.086497691241824,2.432809118437719
"[1.127190467749375, 1.1686382817277496, -0.9578156325828429, 0.17219754024376624]",43.09012968918392,2.4359522826734263
"[1.127783179587035, 1.1685777623575924, -0.9580149158052216, 0.1722385126467]",43.09376803331171,2.439095446909134
"[1.1283785710279566, 1.168516798949065, -0.9582151854923664, 0.17227979228268409]",43.09741270951243,2.442238611144842
"[1.1289767033967224, 1.1684553826639823, -0.9584164632810934, 0.1723213852746745]",43.10106371640766,2.4453817753805493
"[1.129577641686687, 1.1683935041979867, -0.9586187720798958, 0.17236329806573056]",43.104721049381276,2.448524939616257
"[1.130181438107522, 1.168331155475364, -0.9588221305294177, 0.17240553627106603]",43.10838470443867,2.4516681038519645
"[1.1307881356734852, 1.1682683292945044, -0.959026554202677, 0.17244810491764645]",43.11205467426654,2.4548112680876724
"[1.1313978042660293, 1.1682050155900825, -0.9592320677575135, 0.17249101097697234]",43.115730957931376,2.4579544323233797
"[1.1320104851959731, 1.1681412071740764, -0.9594386862566386, 0.17253425947521306]",43.119413538190116,2.4610975965590876
"[1.132626250772117, 1.168076893546631, -0.959646435248736, 0.1725778576875891]",43.12310241713127,2.464240760794795
"[1.1332451458310655, 1.168012066981723, -0.9598553310516365, 0.172621811013781]",43.12679760209141,2.4673839250305027
"[1.133867228556028, 1.1679467182732628, -0.9600653945189033, 0.17266612586132024]",43.13049905263009,2.4705270892662106
"[1.1344925748067427, 1.1678808362568658, -0.9602766525129349, 0.17271080997086577]",43.13420679065828,2.473670253501918
"[1.1351212192809346, 1.167814414007314, -0.9604891180280288, 0.17275586821290959]",43.13792079404977,2.4768134177376258
"[1.1357532221997904, 1.1677474418237606, -0.960702812712834, 0.1728013073451424]",43.14164105899357,2.479956581973333
"[1.1363886562778966, 1.167679908575977, -0.9609177624808515, 0.17284713510048247]",43.14536757517906,2.483099746209041
"[1.1370275726041454, 1.167611805325516, -0.9611339859708055, 0.17289335773002007]",43.14910034192887,2.4862429104447488
"[1.1376700266829225, 1.1675431225701225, -0.9613515033494319, 0.17293998187251644]",43.152839341928804,2.489386074680456
"[1.1383160890127468, 1.1674738490994891, -0.9615703398990176, 0.1729870153317387]",43.15658456489417,2.492529238916164
"[1.1389658104024847, 1.1674039757054318, -0.9617905142728727, 0.17303446455783048]",43.16033600758978,2.4956724031518718
"[1.139619256762391, 1.1673334914535975, -0.9620120502783694, 0.1730823371786146]",43.16409365538563,2.498815567387579
"[1.1402764881577283, 1.1672623859271847, -0.9622349697824654, 0.1731306404763581]",43.16785750051754,2.501958731623287
"[1.1409375547651202, 1.1671906496742652, -0.9624592913350287, 0.17317938108354708]",43.171627535942484,2.505101895858995
"[1.1416025414588735, 1.1671182693621944, -0.962685045301328, 0.17322856827553743]",43.17540373982816,2.508245060094702
"[1.1422714975838846, 1.1670452353973657, -0.9629122500316105, 0.17327820879347103]",43.179186114287226,2.51138822433041
"[1.1429444764462853, 1.1669715376512162, -0.9631409252557215, 0.1733283097477931]",43.18297463062646,2.5145313885661174
"[1.1436215592324934, 1.1668971628206892, -0.963371100219517, 0.17337888041353766]",43.186769297002,2.517674552801825
"[1.144302795904193, 1.1668221009018473, -0.9636027936001913, 0.1734299278294724]",43.19057009442795,2.520817717037533
"[1.1449882554250017, 1.166746339681102, -0.9638360305763789, 0.17348146054346264]",43.19437699618905,2.5239608812732404
"[1.1456780008591194, 1.1666698674660263, -0.9640708343643882, 0.17353348675592004]",43.19819000698615,2.527104045508948
"[1.146372090523698, 1.1665926729652227, -0.9643072266063762, 0.17358601440127588]",43.202009100428384,2.530247209744656
"[1.1470706039866538, 1.1665147423896998, -0.9645452362273151, 0.17363905312073802]",43.20583427183281,2.5333903739803634
"[1.14777359893149, 1.166436064248708, -0.964784884744079, 0.17369261099904856]",43.20966550757773,2.536533538216071
"[1.1484811343542976, 1.1663566267778087, -0.9650261941616115, 0.17374669631430767]",43.213502785018065,2.539676702451779
"[1.1491932935103544, 1.1662764153459448, -0.9652691948057974, 0.17380131930413653]",43.21734609343241,2.5428198666874864
"[1.1499101226753188, 1.1661954193402095, -0.9655139044327403, 0.17385648747783117]",43.22119542524759,2.545963030923194
"[1.1506316957094007, 1.1661136249001476, -0.9657603502556197, 0.1739122105640172]",43.22505074396621,2.5491061951589016
"[1.1513580928926206, 1.1660310172761352, -0.9660085617335095, 0.17396849890576607]",43.22891205711406,2.5522493593946094
"[1.15208936389186, 1.1659475850470353, -0.9662585579136242, 0.17402536058652063]",43.232779333414335,2.555392523630317
"[1.1528255771654325, 1.1658633145103776, -0.9665103643083998, 0.1740828052522978]",43.236652561553896,2.5585356878660246
"[1.1535668264264882, 1.165778188901602, -0.9667640151233896, 0.17414084464570637]",43.240531727305694,2.5616788521017324
"[1.15431314942144, 1.1656921977173194, -0.9670195254647851, 0.17419948624952072]",43.2444168054487,2.5648220163374402
"[1.15506462749462, 1.1656053252904133, -0.9672769254049678, 0.17425874107596137]",43.248307774952195,2.5679651805731476
"[1.155821336018953, 1.1655175564631008, -0.9675362430278306, 0.17431861979965668]",43.25220462861136,2.5711083448088554
"[1.1565833265325014, 1.16542887867798, -0.9677974982979732, 0.17437913133032554]",43.2561073415324,2.574251509044563
"[1.1573506974123569, 1.1653392737556199, -0.968060727289933, 0.1744402884235239]",43.26001589813351,2.5773946732802706
"[1.1581235002610422, 1.1652487287862285, -0.9683259500922202, 0.1745021002486289]",43.263930276142716,2.580537837515978
"[1.1589018183840856, 1.1651572269777402, -0.9685931977211858, 0.17456457863477481]",43.26785045488306,2.583681001751686
"[1.159685713785734, 1.1650647538529593, -0.9688624939348018, 0.1746277338409176]",43.2717764108376,2.586824165987393
"[1.1604752552296902, 1.1649712939623338, -0.9691338648618183, 0.17469157679996292]",43.27570813074151,2.589967330223101
"[1.1612705285568998, 1.1648768296396357, -0.9694073425567181, 0.17475611996983348]",43.27964558503116,2.5931104944588084
"[1.1620716029463902, 1.1647813449921582, -0.969682953403788, 0.1748213746079808]",43.283588760653856,2.596253658694516
"[1.1628785402644009, 1.1646848248117434, -0.9699607213220037, 0.17488735151458146]",43.28753762492259,2.599396822930224
"[1.1636914304335646, 1.1645872503341617, -0.9702406799430604, 0.17495406393174837]",43.291492165599635,2.6025399871659314
"[1.1645103309899283, 1.1644886064702102, -0.9705228518037393, 0.17502152260070367]",43.295452351878225,2.605683151401639
"[1.1653353371570536, 1.1643888733852736, -0.970807272481951, 0.17508974151936793]",43.29941816516015,2.608826315637347
"[1.1661665020425354, 1.164288036113718, -0.9710939630967896, 0.17515873136749152]",43.30338958060078,2.6119694798730544
"[1.16700391545033, 1.1641860750338855, -0.971382957476925, 0.17522850602187662]",43.307366567502726,2.615112644108762
"[1.1678476452189028, 1.1640829729651054, -0.9716742819332953, 0.17529907770175548]",43.31134911220007,2.61825580834447
"[1.168697788870371, 1.163978708866848, -0.9719679730871207, 0.1753704612812636]",43.31533718836282,2.6213989725801774
"[1.1695543863234243, 1.1638732685324455, -0.9722640477189846, 0.17544266696864003]",43.31933075959287,2.624542136815885
"[1.1704175551519844, 1.1637666279738146, -0.972562549504591, 0.17551571168300803]",43.32332980699162,2.6276853010515926
"[1.1712873320194312, 1.1636587729400452, -0.972863494206719, 0.17558960568808638]",43.32733430213255,2.6308284652873004
"[1.1721638266660908, 1.1635496798972482, -0.9731669229239875, 0.17566436562016927]",43.33134422187929,2.6339716295230082
"[1.1730471048721933, 1.1634393305044213, -0.973472861609173, 0.1757400045720865]",43.33535953483769,2.6371147937587156
"[1.1739372535113919, 1.1633277035381817, -0.9737813435795052, 0.17581653762621638]",43.33938021519616,2.6402579579944234
"[1.1748343384696331, 1.1632147801461832, -0.9740923949413163, 0.1758939782537974]",43.34340623932988,2.6434011222301312
"[1.175738444819283, 1.1631005388066813, -0.9744060485117381, 0.17597234177091273]",43.34743756459453,2.6465442864658386
"[1.1766496632804575, 1.162984956998627, -0.9747223391360013, 0.17605164419477215]",43.35147417720298,2.6496874507015464
"[1.1775680583488926, 1.1628680152491546, -0.9750412926209027, 0.17613189946655095]",43.35551603366641,2.6528306149372542
"[1.1784937243319742, 1.162749690016633, -0.9753629451871177, 0.1762131243349369]",43.35956311308231,2.6559737791729616
"[1.1794267449315512, 1.162629958808715, -0.975687329441659, 0.17629533484503127]",43.36361538515832,2.6591169434086694
"[1.1803671701486724, 1.162508803184686, -0.9760144663318766, 0.17637854427525873]",43.36767281328215,2.6622601076443773
"[1.1813151275140836, 1.162386194421806, -0.9763444038378917, 0.17646277298195556]",43.3717353657694,2.6654032718800846
"[1.1822706693387555, 1.1622621131858784, -0.9766771638382391, 0.17654803489010923]",43.37580301939579,2.6685464361157925
"[1.1832338889933962, 1.1621365345300647, -0.97701278256485, 0.17663434779715942]",43.37987573405485,2.6716896003515
"[1.184204874236506, 1.162009433904342, -0.9773512943668995, 0.17672172924595744]",43.383953479750595,2.6748327645872076
"[1.1851836992337053, 1.1618807882155358, -0.9776927289208549, 0.1768101957954182]",43.38803622190428,2.6779759288229155
"[1.1861704557670731, 1.1617505717311634, -0.978037122112837, 0.17689976583719155]",43.39212392863319,2.681119093058623
"[1.1871652268740014, 1.161618759526483, -0.9783845068475832, 0.1769904572260728]",43.39621655868675,2.6842622572943307
"[1.1881680922799591, 1.1614853267780298, -0.9787349149386473, 0.1770822877655788]",43.40031409044144,2.6874054215300385
"[1.189179158835052, 1.1613502446919979, -0.9790883877487948, 0.17717527801115646]",43.40441647724852,2.690548585765746
"[1.190198481899234, 1.161213490991592, -0.9794449487093824, 0.17726944405149495]",43.40852368499406,2.6936917500014537
"[1.1912261746987238, 1.1610750352913883, -0.9798046415548364, 0.17736480757755027]",43.412635682848645,2.696834914237161
"[1.1922623053032642, 1.160934852895061, -0.980167494291266, 0.17746138638282394]",43.41675242919377,2.699978078472869
"[1.1933069749594887, 1.1607929142521052, -0.9805335466070882, 0.17755920162485236]",43.420873888430684,2.7031212427085762
"[1.194360259119288, 1.1606491929193665, -0.9809028292246585, 0.17765827234093318]",43.425000026486295,2.706264406944284
"[1.1954222504493555, 1.1605036597229323, -0.9812753789663085, 0.17775861947122282]",43.42913080375453,2.7094075711799914
"[1.1964930420243924, 1.1603562850187332, -0.9816512328705082, 0.17786026430196444]",43.43326616946164,2.7125507354156992
"[1.1975727296478396, 1.1602070383625176, -0.9820304290073529, 0.17796322869365633]",43.437406103844495,2.7156938996514066
"[1.1986613862510962, 1.160055892056118, -0.9824129974820213, 0.17806753263425695]",43.4415505601953,2.7188370638871144
"[1.199759115502668, 1.1599028137177982, -0.9827989792664773, 0.1781731993657765]",43.445699501104976,2.7219802281228223
"[1.2008659920976257, 1.1597477745622402, -0.9831884052169101, 0.17828024967088163]",43.44985287319148,2.7251233923585296
"[1.2019821315387362, 1.1595907396433178, -0.9835813206157891, 0.17838870860933176]",43.454010648029374,2.7282665565942374
"[1.2031076031581929, 1.1594316800375561, -0.9839777545676163, 0.17849859710567187]",43.458172783919686,2.7314097208299453
"[1.204242514107491, 1.159270561031984, -0.9843777495611857, 0.17860994010736378]",43.46233922840864,2.7345528850656526
"[1.2053869485884168, 1.1591073506807772, -0.984781340071638, 0.17872276067475082]",43.46650995159486,2.7376960493013605
"[1.206540999007128, 1.1589420153975092, -0.9851885635323835, 0.1788370830264823]",43.47068490391695,2.740839213537068
"[1.207704766948273, 1.158774519779391, -0.9855994606871541, 0.17895293266266935]",43.474864054935104,2.7439823777727756
"[1.2088783319956822, 1.1586048310864014, -0.9860140645805833, 0.17907033326727062]",43.479047339083024,2.7471255420084835
"[1.2100617954013502, 1.1584329129478554, -0.9864324159757811, 0.17918931106140362]",43.483234731663146,2.750268706244191
"[1.211255256774419, 1.1582587286900814, -0.9868545551287715, 0.17930989250296378]",43.48742617100337,2.7534118704798987
"[1.2124588022860128, 1.1580822430659388, -0.9872805176101968, 0.17943210308903795]",43.49162163004501,2.7565550347156065
"[1.2136725331509424, 1.1579034180855148, -0.9877103443796378, 0.17955597024272704]",43.49582104546265,2.759698198951314
"[1.2148965384995842, 1.1577222169793289, -0.9881440721850716, 0.17968152056941783]",43.50002438781186,2.7628413631870217
"[1.2161309273611685, 1.1575385994620462, -0.9885817448926302, 0.1798087831385419]",43.50423159735317,2.7659845274227295
"[1.217375782106936, 1.1573525286265047, -0.9890233969845511, 0.1799377847067827]",43.5084426327734,2.769127691658437
"[1.218631209070758, 1.15716396340798, -0.9894690715050873, 0.18006855494124305]",43.51265744811936,2.7722708558941447
"[1.219897302842096, 1.1569728638886436, -0.9899188073978271, 0.18020112274330619]",43.51687599556107,2.7754140201298525
"[1.221174160059908, 1.1567791892322836, -0.9903726443961446, 0.18033551768061604]",43.52109821579357,2.77855718436556
"[1.222461886226573, 1.1565828966243548, -0.9908306254483623, 0.18047177072371104]",43.52532407400699,2.7817003486012677
"[1.2237605739650173, 1.1563839445658513, -0.9912927889861975, 0.18060991196049106]",43.52955351842564,2.784843512836975
"[1.225070319349658, 1.1561822903900534, -0.9917591747264172, 0.18074997231960843]",43.53378649430786,2.787986677072683
"[1.2263912224606677, 1.1559778901518856, -0.9922298238707764, 0.18089198364837153]",43.538022954532416,2.7911298413083907
"[1.2277234055083417, 1.1557706957732097, -0.9927047855728317, 0.18103598069814128]",43.54226284464672,2.794273005544098
"[1.229066921902364, 1.1555606691939506, -0.9931840845113452, 0.18118199128910123]",43.546506125087035,2.797416169779806
"[1.2304219158013758, 1.1553477575000224, -0.993667777784803, 0.18133005359832954]",43.55075272856619,2.8005593340155137
"[1.2317884756740927, 1.1551319157327427, -0.9941559026871299, 0.18148020030606168]",43.55500260856036,2.803702498251221
"[1.2331666992468437, 1.1549130967634624, -0.9946484998646392, 0.18163246563361807]",43.55925571762601,2.806845662486929
"[1.2345566800741425, 1.1546912533908746, -0.9951456085201115, 0.18178688388530398]",43.563512001849226,2.8099888267226367
"[1.235958553551303, 1.1544663309435137, -0.9956472828774189, 0.1819434945997086]",43.56777140242912,2.813131990958344
"[1.2373723829098953, 1.154238285523997, -0.9961535513904153, 0.18210232984827115]",43.5720338691292,2.816275155194052
"[1.2387982940712208, 1.1540070623778615, -0.9966644649942178, 0.1822634292964282]",43.57629934872799,2.8194183194297593
"[1.2402363914522412, 1.1537726093706893, -0.9971800669775607, 0.18242683082078776]",43.5805677820386,2.822561483665467
"[1.2416867687997608, 1.1535348752851677, -0.9977003968445105, 0.1825925716932144]",43.58483912003183,2.8257046479011745
"[1.2431495276666276, 1.1532938067998786, -0.9982254969347713, 0.1827606906866222]",43.58911330497649,2.8288478121368823
"[1.2446247892219868, 1.153049346476408, -0.9987554166735866, 0.18293122948123827]",43.59339027193611,2.8319909763725897
"[1.2461126599750958, 1.1528014383799148, -0.9992902002675419, 0.18310422874578647]",43.59766998280207,2.8351341406082975
"[1.247613224975654, 1.1525500292710567, -0.9998298842391311, 0.18327972730308367]",43.60195235894354,2.838277304844005
"[1.2491266051111702, 1.1522950590090248, -1.0003745180263757, 0.18345776882889553]",43.6062373642816,2.8414204690797127
"[1.2506529070239483, 1.1520364688748872, -1.000924145979548, 0.18363839604418736]",43.61052492673671,2.8445636333154205
"[1.2521922286008895, 1.1517742006823062, -1.0014788093208804, 0.1838216513343428]",43.614814995494605,2.847706797551128
"[1.253744685894515, 1.1515081921756223, -1.0020385558411187, 0.18400757996493172]",43.61910750459572,2.8508499617868357
"[1.2553103853707261, 1.1512383817185683, -1.0026034299011566, 0.18419622680676992]",43.623402404263395,2.8539931260225435
"[1.2568894317730863, 1.1509647069546636, -1.0031734752578, 0.18438763727154706]",43.62769962842426,2.857136290258251
"[1.258481932224023, 1.1506871040790638, -1.0037487365402677, 0.18458185782135778]",43.63199912143697,2.8602794544939587
"[1.2600880029434147, 1.150405506625025, -1.0043292616784785, 0.18477893681894975]",43.63630081733783,2.863422618729666
"[1.2617077557641143, 1.1501198477813237, -1.004915097030909, 0.1849789229072027]",43.64060466767974,2.866565782965374
"[1.263341290950128, 1.1498300616705928, -1.005506284775784, 0.18518186411322646]",43.64491059251576,2.8697089472010817
"[1.2649887254829564, 1.1495360783255912, -1.0061028731405675, 0.18538781136623894]",43.64921854283855,2.872852111436789
"[1.2666501435244306, 1.1492378324975498, -1.0067048984608822, 0.1855968123276072]",43.6535284618441,2.875995275672497
"[1.2683256981005873, 1.14893524539178, -1.0073124220193292, 0.18580892418974929]",43.65784027079301,2.8791384399082047
"[1.270015474851016, 1.1486282490987054, -1.007925480670531, 0.18602419655609367]",43.66215392252263,2.882281604143912
"[1.2717195926894715, 1.1483167684830389, -1.008544123314888, 0.18624268413343936]",43.6664693516755,2.88542476837962
"[1.2734381616538648, 1.148000728750546, -1.0091683956151876, 0.18646444142870702]",43.67078648389524,2.8885679326153277
"[1.2751712943442064, 1.1476800533491451, -1.009798344140342, 0.18668952422076784]",43.67510526802813,2.891711096851035
"[1.2769190997506439, 1.1473546650809372, -1.0104340141176391, 0.1869179887802358]",43.67942563390491,2.894854261086743
"[1.2786816840285862, 1.147024485950707, -1.011075449705531, 0.18714989197527415]",43.68374751569224,2.8979974253224503
"[1.2804591874029925, 1.146689430177552, -1.0117227074273079, 0.18738529618179528]",43.68807086215453,2.901140589558158
"[1.2822516989651853, 1.1463494201769442, -1.0123758251489547, 0.18762425805667565]",43.69239557816205,2.904283753793866
"[1.2840593273850842, 1.1460043732960388, -1.013034847804851, 0.18786683785399738]",43.696721630713895,2.9074269180295733
"[1.2858822025762535, 1.1456542013472866, -1.0136998280207654, 0.1881130997572411]",43.701048943609194,2.910570082265281
"[1.2877204441498082, 1.1452988165653024, -1.0143708146124082, 0.18836310769263964]",43.70537743649112,2.913713246500989
"[1.2895741445136328, 1.1449381349369818, -1.0150478463930066, 0.18861692298316868]",43.70970705325942,2.9168564107366963
"[1.2914434353574038, 1.1445720632788892, -1.0157309764411289, 0.18887461344068723]",43.71403772916542,2.919999574972404
"[1.2933284165290864, 1.1442005130205422, -1.0164202461211247, 0.189136243667201]",43.71836940040052,2.923142739208112
"[1.295229232416549, 1.143823385170733, -1.0171157129961765, 0.18940188563891466]",43.72270199154851,2.9262859034438193
"[1.297145975493464, 1.143440589318773, -1.017817415547069, 0.18967160532538013]",43.72703542897692,2.929429067679527
"[1.299078761643162, 1.1430520287469845, -1.0185254007085538, 0.18994547317262686]",43.73136965600881,2.9325722319152345
"[1.3010277086932849, 1.1426576045984775, -1.0192397160166164, 0.19022356116908476]",43.73570460019828,2.9357153961509423
"[1.3029929399299045, 1.1422572151078305, -1.0199604108913143, 0.19050594338837337]",43.74004019038947,2.93885856038665
"[1.3049745664455146, 1.1418507591572453, -1.0206875301549996, 0.1907926934809631]",43.74437635956592,2.9420017246223575
"[1.3069726981282062, 1.1414381340439017, -1.0214211180465296, 0.19108388624690278]",43.74871303218565,2.9451448888580654
"[1.3089874688369758, 1.1410192301963564, -1.022161227461542, 0.19137960136547183]",43.75305014963618,2.9482880530937727
"[1.3110189950205986, 1.1405939396540419, -1.0229079047538467, 0.1916799174114106]",43.75738762812478,2.9514312173294805
"[1.3130673719557826, 1.1401621569433809, -1.0236611883242142, 0.19198491123152978]",43.761725406691085,2.954574381565188
"[1.3151327299956188, 1.1397237672087446, -1.0244211292913357, 0.1922946663269131]",43.76606341049178,2.9577175458008957
"[1.317215196734994, 1.1392786540238993, -1.025187777584183, 0.19260926733824668]",43.77040156807525,2.960860710036603
"[1.3193148756250765, 1.138826703982593, -1.0259611740492312, 0.19292879679845384]",43.774739804016086,2.964003874272311
"[1.3214319105561614, 1.138367792783879, -1.0267413742232132, 0.19325334496851818]",43.77907805419246,2.9671470385080188
"[1.3235663678487697, 1.137901810725486, -1.0275284048365072, 0.19358299180849128]",43.783416237839965,2.970290202743726
"[1.3257184064832472, 1.1374286256936772, -1.0283223265441872, 0.19391783315235214]",43.787754286693534,2.973433366979434
"[1.3278881478818856, 1.1369481113241515, -1.0291231859255496, 0.1942579607916247]",43.79209213033168,2.9765765312151413
"[1.330075683286218, 1.1364601455905807, -1.0299310181612655, 0.19460346346534607]",43.79642969227407,2.979719695450849
"[1.3322811514803494, 1.1359645934668559, -1.0307458757167296, 0.19495443913324936]",43.80076689008157,2.982862859686557
"[1.334504664543936, 1.1354613233471815, -1.031567800919964, 0.19531098335069638]",43.80510365850762,2.9860060239222643
"[1.336746340313094, 1.134950199777174, -1.0323968379318436, 0.1956731944131659]",43.80943992708272,2.989149188157972
"[1.3390062933611984, 1.1344310854236601, -1.0332330293993646, 0.1960411719595865]",43.81377561453272,2.99229235239368
"[1.3412846563144345, 1.1339038360878344, -1.0340764243307952, 0.19641502050647325]",43.818110644499534,2.9954355166293873
"[1.3435815420985247, 1.133368309317504, -1.0349270641111934, 0.19679484334128663]",43.82244494582765,2.998578680865095
"[1.3458970563516648, 1.13282436158318, -1.0357849870706328, 0.19718074451992895]",43.826778437709784,3.001721845100803
"[1.3482313174986864, 1.1322718435047079, -1.0366502359053145, 0.19757283225104685]",43.83111104846577,3.0048650093365104
"[1.3505844759258954, 1.1317105950741984, -1.0375228647840153, 0.1979712222882655]",43.835442695635784,3.008008173572218
"[1.3529565996668016, 1.13114047286593, -1.0384028969379069, 0.1983760186132572]",43.83977331184369,3.0111513378079255
"[1.3553478564550403, 1.1305613064570146, -1.039290392161188, 0.19878734436937887]",43.84410280904752,3.0142945020436334
"[1.357758334366555, 1.1299729413624802, -1.0401853802614824, 0.1992053113770186]",43.84843111312891,3.017437666279341
"[1.3601881629788513, 1.1293752097841232, -1.0410879059941411, 0.19963004090117806]",43.852758140970266,3.0205808305150486
"[1.3626374426314942, 1.12876794773487, -1.041998002783381, 0.20006165148535]",43.857083827831474,3.0237239947507564
"[1.3651063136127735, 1.1281509778771748, -1.0429157184049729, 0.20050027114455785]",43.86140807447903,3.026867158986464
"[1.367594873637362, 1.1275241299038308, -1.043841084302022, 0.20094602287661698]",43.865730820873985,3.0300103232221716
"[1.3701032574963823, 1.1268872205635205, -1.0447741451694033, 0.2013990388589354]",43.870051975735535,3.0331534874578794
"[1.3726315681052257, 1.1262400709044655, -1.0457149332946816, 0.2018594481840151]",43.874371455852824,3.036296651693587
"[1.375179928499526, 1.125582493027917, -1.0466634878737375, 0.20232738627680943]",43.878689194045144,3.0394398159292946
"[1.3777484384934857, 1.124914301092799, -1.0476198388601201, 0.20280298706181737]",43.883005097717295,3.0425829801650024
"[1.3803372421881182, 1.1242352936731692, -1.048584032075863, 0.20328639551635022]",43.887319084121344,3.04572614440071
"[1.3829464341499913, 1.12354527807789, -1.049556094253039, 0.2037777503561677]",43.89163106562854,3.0488693086364176
"[1.3855761182583501, 1.122844055013376, -1.0505360549158749, 0.20427719494647484]",43.895940973740394,3.0520124728721254
"[1.3882264555897879, 1.122131405430896, -1.0515239642119047, 0.20478488667067457]",43.900248715683446,3.0551556371078328
"[1.3908974987660807, 1.1214071348544283, -1.052519831142725, 0.20530096534844322]",43.90455420433556,3.0582988013435406
"[1.3935894017880799, 1.1206710168623304, -1.05352370175053, 0.20582559349423152]",43.908857362083154,3.0614419655792484
"[1.396302254502763, 1.1199228376229626, -1.054535597382055, 0.20635892458254756]",43.91315809586919,3.064585129814956
"[1.399036182539267, 1.119162368581927, -1.0555555519221715, 0.20690112250599582]",43.917456319124696,3.0677282940506636
"[1.4017912888298114, 1.1183893823621853, -1.0565835899544547, 0.20745235023731862]",43.92175194800941,3.070871458286371
"[1.4045676702745353, 1.1176036481422758, -1.0576197329432833, 0.2080127731166558]",43.92604489797818,3.074014622522079
"[1.4073654803922888, 1.1168049136043408, -1.058664022587667, 0.2085825717239822]",43.93033507224688,3.077157786757786
"[1.410184784025624, 1.1159929460786546, -1.059716466560595, 0.2091619125242716]",43.93462238108539,3.080300950993494
"[1.4130257189202904, 1.1151674863297045, -1.0607770987834135, 0.20975098082809132]",43.9389067354492,3.0834441152292014
"[1.415888344502905, 1.114328291961866, -1.0618459229409887, 0.210349949815061]",43.94318805081085,3.086587279464909
"[1.4187728139018958, 1.1134750871382657, -1.0629229766695873, 0.21095901641069956]",43.94746621759798,3.089730443700617
"[1.42167920020492, 1.112607613221803, -1.064008266651356, 0.21157836513643027]",43.95174115236944,3.0928736079363244
"[1.4246076216992498, 1.1117255917424695, -1.0651018153388474, 0.21220819453591366]",43.95601276598,3.096016772172032
"[1.427558177589924, 1.1108287431840445, -1.0662036369138115, 0.2128487037571015]",43.96028094891322,3.0991599364077396
"[1.430530970996852, 1.1099167799229879, -1.0673137458344533, 0.21350009758593216]",43.96454560656495,3.1023031006434474
"[1.43352608628139, 1.1089894129778664, -1.0684321483278214, 0.21416258161746676]",43.9688066560148,3.105446264879155
"[1.4365436411422714, 1.1080463356641699, -1.0695588618007132, 0.21483637392422492]",43.97306396573164,3.1085894291148626
"[1.4395837043693214, 1.1070872489014623, -1.0706938840855662, 0.2155216869684777]",43.977317452017374,3.1117325933505704
"[1.4426463995345324, 1.1061118284751381, -1.0718372321112697, 0.21621875098463741]",43.981567016432855,3.114875757586278
"[1.4457318016992309, 1.1051197572766878, -1.0729889032912914, 0.216927790934085]",43.98581254001696,3.1180189218219856
"[1.448840011515624, 1.1041107015574854, -1.07414890314075, 0.21764904346475683]",43.99005392334912,3.1211620860576934
"[1.451971104659259, 1.1030843268528117, -1.0753172263520236, 0.21838274552135872]",43.99429105042554,3.124305250293401
"[1.455125157243765, 1.102040289574847, -1.0764938662327082, 0.21912914034407766]",43.99852382289106,3.1274484145291086
"[1.45830228045551, 1.1009782250063582, -1.0776788275693092, 0.21988848604389238]",44.002752109828386,3.1305915787648164
"[1.46150254827506, 1.0998977708500206, -1.078872099608314, 0.22066103875721577]",44.0069757976787,3.133734743000524
"[1.464726033389884, 1.0987985551268156, -1.080073669402471, 0.2214470612866286]",44.01119477667145,3.1368779072362316
"[1.4679728097663567, 1.0976801948762969, -1.081283522711725, 0.22224682402042592]",44.01540892038499,3.1400210714719394
"[1.471242956419836, 1.0965422943571852, -1.0825016453460974, 0.22306060620958196]",44.01961810721078,3.1431642357076472
"[1.4745365472249805, 1.09538444806925, -1.083728019305603, 0.22388869379654416]",44.023822204634975,3.1463073999433546
"[1.477853639026766, 1.0942062445722185, -1.084962618294379, 0.22473137667310683]",44.02802108128925,3.149450564179062
"[1.4811943140380501, 1.0930072509572244, -1.0862054234365994, 0.22558895977624369]",44.03221460848992,3.1525937284147703
"[1.4845586251668836, 1.0917870317213334, -1.0874564028592808, 0.22646174957800777]",44.03640264033763,3.1557368926504776
"[1.4879466236850991, 1.090545138511116, -1.0887155219268074, 0.22735006141041766]",44.04058503843094,3.158880056886185
"[1.4913583605287712, 1.089281109019249, -1.0899827436510012, 0.22825422024438183]",44.04476166288928,3.1620232211218933
"[1.4947939300834185, 1.0879944498094218, -1.0912580448619602, 0.22917457296486934]",44.048932343231606,3.1651663853576006
"[1.4982533227093016, 1.0866846908153256, -1.092541361383501, 0.23011144937727593]",44.053096941830745,3.168309549593308
"[1.501736602543422, 1.0853513182679606, -1.0938326539674963, 0.23106521017480627]",44.05725530104137,3.1714527138290163
"[1.505243830981856, 1.083993802086305, -1.0951318797769738, 0.23203622733601892]",44.06140723077667,3.1745958780647237
"[1.5087749695278552, 1.0826116332527482, -1.0964389563474348, 0.23302485738179443]",44.065552579367264,3.177739042300431
"[1.512330144787541, 1.0812042195645295, -1.097753859610381, 0.23403151593344157]",44.06969115681994,3.1808822065361384
"[1.5159092923779802, 1.0797710242761756, -1.0990764920045957, 0.2350565785378158]",44.07382278498644,3.1840253707718467
"[1.5195124841071925, 1.0783114360708435, -1.100406803422066, 0.23610047366435127]",44.07794725791596,3.187168535007554
"[1.5231397138220188, 1.0768248529624174, -1.101744711916483, 0.2371636226879412]",44.082064381186704,3.1903116992432614
"[1.5267909866495906, 1.0753106456389814, -1.1030901365936125, 0.23824646610213976]",44.086173941220046,3.1934548634789692
"[1.530466282187896, 1.0737681713538036, -1.1044429839302006, 0.23934945358148393]",44.090275729718314,3.196598027714677
"[1.5341656234505148, 1.072196743626583, -1.1058031730368962, 0.24047306564524912]",44.094369497700505,3.1997411919503844
"[1.537888971683773, 1.070595675015314, -1.1071705968290264, 0.2416177830723243]",44.0984550219135,3.2028843561860922
"[1.541636299671226, 1.0689642448958772, -1.1085451488946971, 0.2427841099436562]",44.102532037709274,3.2060275204218
"[1.5454076019805671, 1.0673016927409082, -1.1099267270770747, 0.24397257844919157]",44.1066002882159,3.2091706846575074
"[1.5492028034593617, 1.0656072565777026, -1.1113151998127395, 0.24518372140366368]",44.1106594899944,3.2123138488932153
"[1.55302188650004, 1.0638801148418024, -1.1127104526066247, 0.24641811382281326]",44.11470936089237,3.2154570131289226
"[1.5568647471949377, 1.0621194486293186, -1.1141123352749374, 0.24767632844309775]",44.11874958239249,3.2186001773646304
"[1.5607313644208087, 1.06032436265913, -1.1155207235405589, 0.24895899222828377]",44.12277983337586,3.2217433416003383
"[1.5646216160609159, 1.0584939669106983, -1.1169354518257864, 0.25026672805412437]",44.126799772622626,3.2248865058360456
"[1.5685354094143826, 1.0566273140748976, -1.1183563606518576, 0.2516001994385158]",44.13080903770362,3.228029670071753
"[1.5724726679963044, 1.0547234016392695, -1.119783291554606, 0.252960109083052]",44.1348072328216,3.2311728343074613
"[1.5764332251197983, 1.0527812201189435, -1.1212160483332365, 0.2543471644708013]",44.138793967181506,3.2343159985431686
"[1.580416975038003, 1.0507996763546519, -1.1226544516261543, 0.2557621327090411]",44.14276879604529,3.237459162778876
"[1.584423764603601, 1.048777641891269, -1.1240982994301096, 0.2572058060411507]",44.14673124872667,3.2406023270145843
"[1.5884534252301548, 1.0467139331916857, -1.1255473784621115, 0.25867901605972193]",44.15068084090948,3.2437454912502917
"[1.5925057348079585, 1.0446073266317715, -1.1270014502564096, 0.2601826231011366]",44.15461705681789,3.246888655485999
"[1.5965805207441148, 1.0424564996925434, -1.128460287892175, 0.2617175583351711]",44.15853932189945,3.2500318197217073
"[1.6006775498529284, 1.040260081614646, -1.1299236361419176, 0.26328478773926883]",44.162447031248,3.2531749839574147
"[1.604796567847069, 1.0380166266089192, -1.1313912253804557, 0.26488533137921305]",44.1663395462878,3.256318148193122
"[1.608937293910547, 1.0357246093079076, -1.1328627693176399, 0.2665202668394666]",44.17021617529607,3.2594613124288294
"[1.613099413607085, 1.0333824204647486, -1.1343379621335867, 0.2681907325100833]",44.17407615609951,3.2626044766645377
"[1.6172826263493447, 1.0309883304406366, -1.1358164948697798, 0.26989795388088506]",44.17791868914078,3.265747640900245
"[1.6214865499936764, 1.0285405324386352, -1.1372980211981911, 0.27164321300699873]",44.181742899547864,3.2688908051359524
"[1.6257107963793185, 1.0260370877725544, -1.1387821836951977, 0.27342788789229827]",44.18554785459076,3.2720339693716607
"[1.6299549053374711, 1.0234759508550335, -1.140268590075671, 0.2752534350874718]",44.189332514734254,3.275177133607368
"[1.634218432183428, 1.020854901212678, -1.1417568432796767, 0.2771214386390508]",44.19309577523114,3.2783202978430754
"[1.6385008119971964, 1.0181716081718217, -1.1432464933330342, 0.2790335645590234]",44.19683642736206,3.2814634620787837
"[1.6428015007289716, 1.0154235238233749, -1.144737085866174, 0.2809916377873756]",44.200553126696306,3.284606626314491
"[1.647119872859394, 1.012607922274917, -1.1462281255288682, 0.2829976150191405]",44.20424443600648,3.2877497905501984
"[1.6514552246601162, 1.0097218716335714, -1.1477190762864313, 0.28505360562824533]",44.20790874622385,3.2908929547859067
"[1.6558067929063023, 1.0067621903525263, -1.149209366795212, 0.28716190390796814]",44.21154431269663,3.294036119021614
"[1.660173744217867, 1.0037254166441882, -1.1506983853939015, 0.28932501222125284]",44.21514919481411,3.2971792832573215
"[1.664555124141075, 1.0006078004822603, -1.152185461268125, 0.2915456483351098]",44.21872123835172,3.3003224474930297
"[1.6689499386761395, 0.9974051941850679, -1.153669890389493, 0.29382682533087634]",44.2222580576566,3.303465611728737
"[1.6733570268317053, 0.9941130812979987, -1.1551508901552887, 0.296171833423252]",44.225756984971646,3.3066087759644445
"[1.6777751134940815, 0.990726465863769, -1.1566276149189838, 0.2985843217463355]",44.22921503151638,3.3097519402001523
"[1.68220279322889, 0.9872397935725313, -1.1580991473977564, 0.3010683580960056]",44.232628844198956,3.31289510443586
"[7.4716359385774815, 1.1792026770120971, -0.8222076501487064, 0.09306763563000314]",50.881828238035624,3.3160382686715675
"[7.494324983970218, 1.1796300152269763, -0.8253787842220088, 0.09263560533110991]",50.88622702703766,3.3191814329072753
"[7.5170861237604845, 1.1800253321444922, -0.8285548154561624, 0.09220951900405765]",50.890643918185866,3.322324597142983
"[7.539917123852383, 1.1803885584094713, -0.8317353612914498, 0.09178942809604802]",50.89507935568997,3.3254677613786905
"[7.562815984976825, 1.1807196335978676, -0.8349200710901531, 0.09137537757168535]",50.899533750694204,3.3286109256143983
"[7.585780513429754, 1.1810184992338744, -0.8381085662283035, 0.09096741386277642]",50.90400755964527,3.3317540898501057
"[7.608808442387522, 1.1812851015067996, -0.8413004570328506, 0.0905655824817829]",50.90850121693619,3.3348972540858135
"[7.631897332701992, 1.181519390862148, -0.844495329058176, 0.09016992961063544]",50.91301518762267,3.338040418321521
"[7.655044803847263, 1.181721325082531, -0.8476927750671803, 0.08978049800238048]",50.917549923877154,3.3411835825572287
"[7.678248355019227, 1.1818908677004145, -0.8508923702109144, 0.08939733001944122]",50.92210588689656,3.344326746792936
"[7.701505227223895, 1.1820279881496265, -0.8540936530992135, 0.08902046968090527]",50.926683567327245,3.347469911028644
"[7.7248126925686, 1.182132664698616, -0.857296165719171, 0.08864995773177728]",50.93128342675011,3.3506130752643517
"[7.748167860831558, 1.1822048837922232, -0.8604994267752716, 0.08828583469942652]",50.935905965955264,3.353756239500059
"[7.77156789340189, 1.1822446414338952, -0.8637029610323782, 0.08792813743006196]",50.94055167253245,3.3568994037357665
"[7.795009543440293, 1.1822519430470049, -0.8669062363440883, 0.08757690600920018]",50.945221068611374,3.3600425679714747
"[7.818489704166747, 1.1822268053868914, -0.8701087387528856, 0.08723217520027715]",50.949914648476565,3.363185732207182
"[7.842005023321869, 1.1821692568438977, -0.8733099197376674, 0.08689398016564964]",50.954632938687034,3.3663288964428895
"[7.865552068252089, 1.1820793384580555, -0.8765092187968261, 0.08656235382187863]",50.95937646563023,3.3694720606785977
"[7.88912729554732, 1.1819571047340145, -0.8797060592903347, 0.08623732715725788]",50.96414577343738,3.372615224914305
"[7.912726969579461, 1.1818026250805895, -0.8828998374158771, 0.08591893017816628]",50.968941402418096,3.3757583891500125
"[7.936347365597925, 1.1816159834868516, -0.886089949706056, 0.08560718899852071]",50.97376391146945,3.3789015533857207
"[7.959984401816174, 1.18139728222678, -0.8892757433024964, 0.0853021305732971]",50.978613858342044,3.382044717621428
"[7.9836340143520355, 1.1811466401833404, -0.8924565666488528, 0.085003777525956]",50.98349182702894,3.3851878818571355
"[8.007292004254326, 1.1808641948134098, -0.8956317487673334, 0.084712150061712]",50.988398401064146,3.3883310460928437
"[8.03095378112195, 1.1805501068051636, -0.8988005649541295, 0.08442726884522563]",50.993334160993236,3.391474210328551
"[8.054614981767243, 1.1802045534311265, -0.9019623197234208, 0.08414914728045944]",50.99829972640107,3.3946173745642585
"[8.078270747379795, 1.17982773924914, -0.9051162499860026, 0.08387780004556691]",51.00329570109733,3.3977605387999668
"[8.101916279547574, 1.1794198896583705, -0.9082615994440716, 0.08361323627116186]",51.0083227071369,3.400903703035674
"[8.125546427638552, 1.1789812586856463, -0.9113975635638228, 0.08335546409173837]",51.01338139881269,3.4040468672713815
"[8.149156066975353, 1.1785121238127843, -0.9145233398814363, 0.08310448620857351]",51.018472403413895,3.4071900315070898
"[8.172739673222877, 1.1780127953978448, -0.9176380715526883, 0.08286030429601625]",51.02359638334761,3.410333195742797
"[8.196291754149286, 1.1774836096127697, -0.9207409045330318, 0.08262291418093289]",51.0287540169999,3.4134763599785045
"[8.219806502744577, 1.1769249370513224, -0.923830941705847, 0.08239230926362515]",51.033945982870456,3.416619524214212
"[8.243277788892994, 1.1763371853427531, -0.9269072420125648, 0.08216848019064767]",51.03917296449996,3.41976268844992
"[8.26669959606439, 1.175720789839819, -0.9299688776967767, 0.08195141045536368]",51.04443567588723,3.4229058526856275
"[8.290065476392524, 1.1750762286948722, -0.9330148628221699, 0.08174108140606272]",51.04973484781857,3.426049016921335
"[8.313368844746119, 1.174404017369451, -0.9360441918585568, 0.08153746916623396]",51.05507119342092,3.429192181157043
"[8.336602873168012, 1.1737047132068976, -0.939055825892609, 0.08134054536067986]",51.060445471254994,3.4323353453927505
"[8.359760450208489, 1.17297891873867, -0.9420486874363877, 0.08115027715430842]",51.06585844016389,3.435478509628458
"[8.382834403172021, 1.1722272765723578, -0.94502168914677, 0.0809666251745895]",51.071310873562034,3.438621673864166
"[8.405817085016132, 1.1714504845159723, -0.9479736805207676, 0.08078954659345847]",51.07680355417829,3.4417648380998735
"[8.428700841661822, 1.170649282369119, -0.9509035081223497, 0.08061899113583915]",51.08233728889917,3.444908002335581
"[8.451477586864728, 1.169824468175589, -0.953809960940162, 0.08045490411707543]",51.08791289659692,3.4480511665712887
"[8.474139158129438, 1.1689768878568227, -0.9566918159685117, 0.08029722351436103]",51.09353121136645,3.4511943308069966
"[8.496676801613717, 1.1681074564128688, -0.959547772658054, 0.08014588331413613]",51.09919308448245,3.454337495042704
"[8.519082055728786, 1.1672171263245972, -0.9623765650294673, 0.08000080723343127]",51.10489938519782,3.4574806592784117
"[8.54134549227787, 1.1663069386301275, -0.9651768023156879, 0.07986191682818404]",51.11065099540085,3.460623823514119
"[8.563457992586267, 1.1653779746517765, -0.9679471301977862, 0.07972912290611393]",51.116448816100885,3.463766987749827
"[8.585409773284514, 1.1644313973378704, -0.9706861080211485, 0.07960233147567426]",51.12229375573951,3.4669101519855348
"[8.607190971359316, 1.1634684292545656, -0.9733922822856019, 0.07948143988929594]",51.12818677564054,3.470053316221242
"[8.628791138119828, 1.1624903766574952, -0.9760641236031655, 0.07936633949158792]",51.134128796329804,3.4731964804569495
"[8.650199939194092, 1.1614986001964576, -0.9787001134669808, 0.0792569115856897]",51.14012081561075,3.4763396446926578
"[8.67140631386022, 1.160494554897659, -0.9812986402387187, 0.07915303171034486]",51.14616382032111,3.479482808928365
"[8.692399054559846, 1.1594797657880154, -0.9838580708214166, 0.07905456635941431]",51.152258823600704,3.4826259731640725
"[8.713166579277722, 1.1584558400751583, -0.9863767225591689, 0.07896137399827428]",51.15840685735526,3.485769137399781
"[8.733697071001382, 1.1574244618791862, -0.9888528801139664, 0.07887330429313498]",51.164608969751804,3.488912301635488
"[8.753978148358623, 1.1563874101873968, -0.9912847556812311, 0.07879019941452534]",51.17086624869054,3.4920554658711955
"[8.77399727305772, 1.1553465396843143, -0.9936705381277217, 0.07871189219445505]",51.177179779958266,3.495198630106903
"[8.79374139968687, 1.1543037995525336, -0.9960083508711924, 0.07863820754039344]",51.183550684684846,3.498341794342611
"[8.813197157310949, 1.1532612249874883, -0.9982962736606075, 0.07856896167477469]",51.18998010130942,3.5014849585783185
"[8.832350789465044, 1.152220940718833, -1.0005323353486768, 0.07850396242064338]",51.19646920018778,3.504628122814026
"[8.851188111213679, 1.151185163474075, -1.0027145088870222, 0.078443009433042]",51.20301916073226,3.507771287049734
"[8.869694626741042, 1.15015619519297, -1.0048407248894569, 0.07838589397567965]",51.20963120138674,3.5109144512854416
"[8.887855325503066, 1.1491364334965728, -1.0069088480045036, 0.07833239979645786]",51.21630654760853,3.514057615521149
"[8.905654756445228, 1.148128366457687, -1.0089166857122045, 0.07828230315045194]",51.223046453542956,3.517200779756857
"[8.923077257178315, 1.1471345576449135, -1.010862013851889, 0.07823537256822648]",51.22985221770817,3.5203439439925646
"[8.940106495031207, 1.1461576696737048, -1.0127425248293354, 0.07819137060879883]",51.2367251483513,3.523487108228272
"[8.956725740588034, 1.1452004456151827, -1.014555858637275, 0.07815005363525532]",51.24366656192905,3.52663027246398
"[8.972917911823545, 1.1442657024283789, -1.0162996071944486, 0.07811117241465562]",51.25067783495796,3.5297734366996876
"[8.988665410103367, 1.1433563356695262, -1.0179712961927114, 0.07807447332207272]",51.25776035553718,3.532916600935395
"[9.003950043232305, 1.1424753183362284, -1.0195683773921502, 0.07803969940425706]",51.2649155082515,3.536059765171103
"[9.018753429548575, 1.1416256710051247, -1.021088270738035, 0.07800659050566355]",51.272144755423724,3.5392029294068106
"[9.033056402137632, 1.1408104885886312, -1.0225283020614884, 0.07797488580779]",51.27944954780732,3.542346093642518
"[9.046839533613971, 1.140032901591125, -1.0238857570897972, 0.07794432397506637]",51.28683138038292,3.545489257878226
"[9.060082754337458, 1.1392960882242422, -1.0251578424189771, 0.07791464549106598]",51.29429177243796,3.5486324221139336
"[9.07276558008357, 1.1386032506605086, -1.0263417079845922, 0.07788559379333058]",51.301832269798005,3.551775586349641
"[9.084866925323947, 1.1379576133586928, -1.027434428922607, 0.07785691750309798]",51.30945442077121,3.5549187505853492
"[9.096365238835467, 1.1373624023086562, -1.0284330182360168, 0.07782837209786625]",51.31715983573747,3.5580619148210566
"[9.107238452824912, 1.1368208335011263, -1.029334421430483, 0.07779972216665924]",51.32495013141262,3.561205079056764
"[9.117463901972775, 1.1363361011840543, -1.030135509723363, 0.07777074395212102]",51.3328269451576,3.5643482432924714
"[9.127018506520741, 1.1359113522711768, -1.0308330941674877, 0.07774122732742654]",51.340791967867986,3.5674914075281796
"[9.135878501044544, 1.135549681062695, -1.0314239042540296, 0.07771097923610931]",51.34884687830015,3.570634571763887
"[9.144019619184856, 1.1352541011490243, -1.0319046023457363, 0.0776798260139304]",51.356993402476945,3.5737777359995944
"[9.151417097665565, 1.1350275261476608, -1.0322717816820675, 0.0776476162631338]",51.36523329206686,3.576920900235302
"[9.158045537087695, 1.1348727535458532, -1.032521957881675, 0.07761422452713647]",51.373568325951226,3.58006406447101
"[9.163878981178406, 1.1347924392883904, -1.0326515740770263, 0.07757955431452487]",51.38200027979663,3.5832072287067174
"[9.168890934454234, 1.134789075382298, -1.0326569999156419, 0.0775435413454902]",51.3905309989063,3.586350392942425
"[9.173054307454748, 1.1348649677103786, -1.0325345292643655, 0.07750615736129383]",51.39916230960045,3.5894935571781326
"[9.176341438019426, 1.1350222119599398, -1.032280380225406, 0.07746741361915534]",51.40789609727003,3.5926367214138404
"[9.17872407889005, 1.13526266930858, -1.0318906950694755, 0.07742736471189295]",51.41673425926631,3.595779885649548
"[9.180173405571903, 1.135587942616276, -1.0313615391526025, 0.07738611224976105]",51.4256787118354,3.5989230498852556
"[9.180660009398371, 1.1359993533698654, -1.0306888986616702, 0.07734380863626904]",51.43473141259693,3.602066214120963
"[9.180153887936772, 1.136497916832743, -1.0298686815998537, 0.07730066109141999]",51.44389435403285,3.605209378356671
"[9.178624455717628, 1.1370843162383681, -1.028896721023728, 0.07725693567361368]",51.45316953190615,3.6083525425923786
"[9.176040550471223, 1.1377588813346688, -1.0277687720515298, 0.07721296098300746]",51.462558969015745,3.611495706828086
"[9.172370392406513, 1.1385215735844667, -1.0264804985751945, 0.07716913165752247]",51.4720647708607,3.6146388710637942
"[9.167581651025133, 1.139371948692344, -1.0250274993268822, 0.07712591325635645]",51.48168903419147,3.6177820352995016
"[9.161641378301958, 1.140309151283974, -1.0234052813342378, 0.07708384520279155]",51.491433908939854,3.620925199535209
"[9.154516070083082, 1.1413318835620525, -1.0216092788885052, 0.07704354527437586]",51.50130158636181,3.6240683637709172
"[9.146171604964925, 1.142438396304041, -1.0196348356769065, 0.07700571302407021]",51.51129429886235,3.6272115280066246
"[9.136573335139062, 1.1436264584285534, -1.0174772260265987, 0.07697113411918424]",51.52141433263045,3.630354692242332
"[9.125685967770869, 1.1448933555839766, -1.0151316258515521, 0.07694068371920548]",51.531664031995554,3.6334978564780402
"[9.113473665295194, 1.146235860826844, -1.0125931347625023, 0.07691533085665339]",51.54204580275394,3.6366410207137476
"[9.099900024934078, 1.1476502221432614, -1.009856769224389, 0.07689614232132021]",51.55256210179778,3.639784184949455
"[9.084928077285136, 1.1491321474949372, -1.006917460571227, 0.07688428677979062]",51.56321546338084,3.6429273491851624
"[9.0685202561373, 1.150676792510151, -1.0037700475878233, 0.07688103906986815]",51.574008515218765,3.6460705134208706
"[9.05063843242089, 1.1522787415546696, -1.0004092815948964, 0.07688778476867418]",51.58494396315903,3.649213677656578
"[9.031243922118536, 1.1539319913878427, -0.9968298257836593, 0.07690602494122287]",51.59602460679864,3.6523568418922854
"[9.01029756778095, 1.1556299282547149, -0.9930262675859834, 0.0769373810637504]",51.60725333453589,3.6555000061279936
"[8.987759505351598, 1.1573653291911634, -0.9889930737791259, 0.0769836008060013]",51.618633176926814,3.658643170363701
"[8.963589299167749, 1.1591303297379407, -0.984724613477394, 0.07704656400060557]",51.63016729971069,3.6617863345994084
"[8.937746145185054, 1.160916388043268, -0.9802151905556417, 0.0771282884851918]",51.641858957452094,3.6649294988351167
"[8.910188488322458, 1.1627142878449217, -0.9754589730168034, 0.07723093825202361]",51.653711586154465,3.668072663070824
"[8.880874231789402, 1.1645140937897318, -0.9704500270248887, 0.07735683093220501]",51.66572879755627,3.6712158273065314
"[8.849760849506493, 1.1663051127294146, -0.9651823319126938, 0.07750844593117864]",51.67791432839372,3.6743589915422397
"[8.816805003456212, 1.1680758781541631, -0.95964971116752, 0.07768843599757373]",51.69027216432785,3.677502155777947
"[8.78196298318766, 1.169814080331277, -0.9538459025412799, 0.07789963605522554]",51.7028064531094,3.6806453200136544
"[8.745190272724669, 1.1715065379827632, -0.9477644804178158, 0.07814507782543853]",51.715521612397566,3.6837884842493627
"[2.319393677864683, 0.9384831256935544, -1.1738400859159759, 0.29303902307038776]",45.17043550870501,3.68693164848507
"[2.321186478222875, 0.9553734068539168, -1.1693683357071976, 0.2832489640096463]",45.19073282870116,3.6900748127207774
"[8.622834263353239, 1.1761630261977187, -0.9277882985010045, 0.07912040593861024]",51.754799905794336,3.6932179769564852
"[8.57788173503693, 1.1775206905750073, -0.9205294064562963, 0.07953756672907127]",51.768287545717186,3.696361141192193
"[8.53076630970522, 1.1787509733645052, -0.9129585278101817, 0.08000761829044917]",51.78198207063951,3.6995043054279004
"[8.481439545145937, 1.1798337120516282, -0.9050682733299594, 0.08053512991116002]",51.79588959541311,3.7026474696636082
"[8.42985186126656, 1.1807471596118257, -0.8968509842145022, 0.0811250159597883]",51.81001668412869,3.7057906338993156
"[8.375952780726195, 1.1814677878352409, -0.888298758813919, 0.08178256746696899]",51.824370274042444,3.7089337981350234
"[8.319691108039176, 1.1819700626030452, -0.8794034665725353, 0.0825134882850486]",51.83895766961355,3.7120769623707313
"[8.26101441882348, 1.182226183038796, -0.8701566504370462, 0.08332394589274954]",51.853786695949836,3.7152201266064386
"[8.19986913637786, 1.1822057553187493, -0.8605495199722093, 0.08422062275969959]",51.868865611458546,3.718363290842146
"[8.13620024473621, 1.1818753992254925, -0.8505728836075488, 0.08521078156378908]",51.88420322710698,3.721506455077854
"[8.069951935602132, 1.1811982734805249, -0.8402172227659789, 0.08630232648648292]",51.8998087247617,3.7246496193135616
"[8.001066530165366, 1.1801334815265632, -0.8294724901254197, 0.08750390451659311]",51.91569190195013,3.727792783549269
"[7.92948459122428, 1.1786353301459862, -0.8183280879252048, 0.08882500657954574]",51.93186305419191,3.7309359477849764
"[7.855145228894374, 1.1766524097561528, -0.8067728666158859, 0.09027608491176017]",51.948332926124166,3.7340791120206847
"[7.777985989040851, 1.174126419933017, -0.7947950461538, 0.09186870408482405]",51.96511262584031,3.737222276256392
"[7.697941546366584, 1.1709905990303175, -0.7823819360858958, 0.09361575487821949]",51.98221373106112,3.7403654404920994
"[7.614944651851283, 1.1671677354478682, -0.7695199838314954, 0.09553167247406137]",51.99964793434901,3.7435086047278077
"[7.528926062038656, 1.1625674783747315, -0.7561946339720889, 0.09763274005433521]",52.01742680894739,3.746651768963515
"[7.439813867870153, 1.1570826140346209, -0.7423900513914624, 0.09993750390029774]",52.035561464208946,3.7497949331992224
"[7.347533061242912, 1.1505838305736695, -0.7280888178356609, 0.1024673280955826]",52.054062006126394,3.7529380974349307
"[7.252006723739041, 1.1429122607265096, -0.7132717836877013, 0.10524712053373787]",52.072936312717346,3.756081261670638
"[7.153156221206301, 1.1338682148185022, -0.6979176152161298, 0.10830642259317083]",52.09218848399382,3.7592244259063454
"[7.050899999460724, 1.1231933273019663, -0.6820018750886968, 0.11168112370949465]",52.111816385754395,3.7623675901420537
"[6.94515713508231, 1.1105414982437884, -0.6654964045091709, 0.11541606453872541]",52.13180661908877,3.765510754377761
"[6.835849297420542, 1.0954270059246534, -0.6483676335682171, 0.11956969363608186]",52.15212615903952,3.7686539186134684
"[6.722906105778701, 1.0771236966614834, -0.6305736874084819, 0.12422297257347192]",52.17270542654028,3.7717970828491767
"[6.606279745486175, 1.0544423364289743, -0.6120587534288915, 0.1294988497585029]",52.193400212244306,3.774940247084884
"[6.485981556409635, 1.0251296902875127, -0.5927383275873831, 0.13561486946896847]",52.21388932413755,3.7780834113205914
"[6.362219006866813, 0.983543004649429, -0.5724447275011806, 0.14308785344551142]",52.23328123097756,3.7812265755562997
"[-2.356622543817236, 0.6410228968798692, -0.6438230818193904, -0.3863116711242779]",88.38586446652918,3.812658217913376
"[-1.328595793524937, 0.5505283782282023, -0.8445399001792867, -0.6243764563582148]",82.61841058955015,3.8158013821490835
"[-1.761672566016084, 0.5853155964727418, -0.7204163241258559, -0.4916595316284718]",75.981107639634,3.818944546384791
"[2.39969114129102, 0.9893677739452126, -0.5748439144635754, 0.2934131549726734]",77.040137460846,3.8220877106204987
"[3.213949700346256, 1.0921309832598831, -0.6449456287482064, 0.2129034215336506]",95.59001023714876,3.8252308748562065
"[2.8738334207090266, 1.0839557922831404, -0.6368827718522698, 0.23158078042779104]",70.74746236038521,3.828374039091914
"[-0.4562866560870122, 1.124242490605045, -0.683476955218368, -0.5437004435701899]",66.11294242240083,3.8315172033276217
"[8.869820143422483, 1.1676901346746456, -0.9608852484865903, 0.07730828392046735]",72.59401181605894,3.834660367563329
"[2.7637585328401957, 1.0179821302042023, -0.5887004079838758, 0.26040409847617496]",64.38813926461991,3.837803531799037
"[1.7313779717990057, 1.0123047041610607, -0.5856642683156958, 0.3373596106872553]",46.03178435962973,3.8409466960347447
"[1.721727477450172, 0.9382871806765991, -0.5581646631883256, 0.3693238338972589]",46.00656922241547,3.844089860270452
"[0.8898963156674096, 0.5509228359581254, -0.8926782038111273, 1.0329896852192078]",56.03418722050051,3.8472330245061594
"[1.1119709994461435, 1.0262436860136113, -0.593389929130952, 0.3932342528757849]",55.909094500056135,3.8503761887418677
"[1.4013345793001126, 0.9771653328988753, -0.5699714962668425, 0.3865784765087866]",59.720738156491386,3.853519352977575
"[-1.526227677325685, 0.7294737148570035, -0.5807998154318836, -0.46228776492082096]",93.72274096658673,3.8598056814489907
"[1.6196806848136645, 1.0966797184790944, -1.0823552147507747, 0.22294935880541458]",59.99488184662123,3.862948845684698
"[0.2776974067578865, 0.5610538897187816, -0.7824049779992452, 0.8547409441118503]",55.04646785757692,3.8660920099204055
"[0.780885048806456, 0.5597412267643783, -0.7873488322580624, 0.5926437198262113]",53.21082469120627,3.8692351741561137
"[1.0391428807872845, 1.1811959286084686, -0.8918622047107043, 0.17521042661178032]",54.252665600900535,3.872378338391821
"[-0.7530388898818459, 0.5535669011528711, -0.9147048053134434, -0.5285738162158157]",58.444864195643824,3.8755215026275285
"[0.8175053271759384, 0.5548812764241292, -0.8095512326157417, 1.0087936059140346]",69.20896383858178,3.878664666863236
"[0.27405907200438095, 1.1813816291085664, -0.8894870991476788, -0.004737584951751411]",50.76636790167814,3.881807831098944
"[0.6507327052130303, 1.1698141185247797, -0.953845770422287, 0.10532915058547018]",50.02140588859018,3.8849509953346515
"[1.0638460374459513, 1.127233002382015, -1.044268469385557, 0.18517455554109943]",49.67373905913279,3.888094159570359
"[12.9545271221642, 1.1778127601447825, -0.8132177867789204, 0.05809643693012554]",62.43505637334194,3.891237323806067
"[16.02504958463321, 1.140996415749086, -1.0222014025137334, 0.046798443044307546]",62.61045456765622,3.8943804880417745
"[2.2082328937093605, 0.9950774011595059, -1.1547217528667366, 0.26690028310732533]",77.59568973172527,3.897523652277482
"[1.6919676419173826, 1.1548195875953957, -0.9948583164929408, 0.1926537674655643]",79.43419895599654,3.90066681651319
"[0.43252760300197574, 1.179884878985581, -0.8273960130765412, 0.12747857051511888]",71.13692596093776,3.9038099807488975
"[1.1540496387404813, 1.1772083797973878, -0.9222851179653606, 0.1766881022143352]",88.24995583451154,3.906953144984605
"[0.528672112691606, 0.5653956043427453, -0.7679350184878185, 0.7982768061824221]",68.66063345218731,3.9132394734560205
"[0.7113605131853769, 0.7074826277186562, -0.592412194751386, 0.5423344690879479]",98.17142785534024,3.916382637691728
"[-0.477674806651758, 0.8545675284461264, -0.5500052824428836, -0.5527371030167905]",67.91661718623016,3.9226689661631435
"[0.889076026806219, 1.0326467284733736, -0.5972553642359358, 0.43110199503399727]",92.67497644296141,3.925812130398851
"[8.757089268515944, 1.17315488801254, -0.9413346324199902, 0.07804512194434791]",57.62802895508536,3.928955294634559
"[13.68960680109388, 1.182235411889845, -0.8693766384706746, 0.0535970610467424]",63.65312321616031,3.9320984588702665
"[1.0892661882095747, 1.1345022445742368, -1.0331187488329376, 0.1824286097343565]",50.957465726056284,3.935241623105974
"[0.5761979499859503, 1.177431691742368, -0.9210356193835483, 0.09445460204672375]",51.47170601667274,3.9383847873416817
"[-0.11918653707975367, 0.7072142442661555, -1.1394829244571254, 0.2315059273592098]",55.700844286549675,3.9415279515773896
"[3.1647261664366724, 1.0289196916340329, -0.5949802950184735, 0.23520121929849094]",74.19687306866192,3.944671115813097
"[1.3569975519757451, 1.1514201903107248, -1.0022231123687344, 0.18837408775416106]",55.662909550982384,3.9478142800488043
"[1.4817262434420093, 1.1705347151120007, -0.951313617007641, 0.18736591666548075]",74.04003247902676,3.950957444284512
"[1.4809384109077444, 0.9745211415606988, -0.5689922829302412, 0.3791584526398517]",47.62784021681491,3.9572437727559273
"[-0.07398488966132123, 1.1822464951626481, -0.8639708070907977, -0.28518322565717474]",60.41278187899236,3.960386936991635
"[-2.2580510665157485, 0.8270123269892204, -0.5522133902493208, -0.35086796413664423]",82.82973544626346,3.9635301012273425
"[-1.7043882650492213, 0.5712708359408727, -0.7514839495622793, -0.5124384311477055]",84.09881931837394,3.9729595939344655
"[-1.966465788066761, 0.5900140829516651, -0.711695397719051, -0.45710258597127923]",90.28455149719026,3.988675415113004
"[-0.41435177580945226, 0.7489466314210113, -1.159781358723011, -0.4603797011132433]",59.53796436801303,3.994961743584419
"[0.9740924278725378, 1.08259496972007, -0.6355961888171286, 0.3611630269758061]",47.86172317952156,3.998104907820127
"[1.0178487283138506, 1.1640299465019837, -0.9718237616152031, 0.16326206161062362]",51.20108858975331,4.0012480720558345
"[7.298475838015345, 1.152699646943686, -0.7325417781630122, 0.10256805711772181]",60.897632038591894,4.00753440052725
"[-0.6250566804914891, 0.582897031273629, -1.00687399156356, -0.38497644019968047]",99.79821381494742,4.010677564762958
"[2.297624671064369, 1.140288368685833, -1.0234414959843334, 0.18941787458623774]",85.0119862277349,4.020107057470081
"[0.844906840211414, 0.7727576740577189, -0.5638646343393838, 1.145172673971504]",89.94113460756019,4.023250221705788
"[-0.16218464430313229, 0.6133915169258931, -1.056225612014454, 0.4534827718434309]",61.602893983676346,4.026393385941495
"[2.0140210176248736, 1.105173458293518, -1.0729268489812105, 0.21161495913707623]",60.94084238382629,4.029536550177204
"[-0.23055431026808368, 0.5500739462777818, -0.8528088800577776, 0.60431419957794]",48.981752549169464,4.032679714412911
"[-0.32473822112701045, 0.556706645230608, -0.9317666055281908, 0.3905111736511047]",49.15007242160468,4.035822878648618
"[0.8997789111462409, 0.6331086237087501, -0.652133436756283, 0.5295937357039504]",54.05911671715715,4.038966042884327
"[0.4805651532731119, 0.559757650269119, -0.7872849240000217, 0.1637056753327357]",53.41030259863229,4.042109207120034
"[-0.09099867289242713, 0.5886685362778744, -1.017923949027446, 0.6100394640854813]",61.46846541570457,4.045252371355741
"[1.5790978420084971, 1.130004635564471, -1.0401373367150215, 0.20307179942428438]",60.74935067754974,4.04839553559145
"[1.7775150805895854, 1.1790708440532252, -0.9107752901185756, 0.19140236387944723]",60.44026304100154,4.057825028298573
"[1.5443660403052102, 1.1708072477010738, -0.7817162843561652, 0.22685790413030857]",91.26231127638722,4.06096819253428
"[0.7264884114818646, 0.9963433831358363, -0.5778983063816066, 0.8801867843140543]",91.31153430404916,4.064111356769987
"[-0.4944280579440316, 1.1200665149088977, -0.6777088780660354, -0.639192306540015]",86.9069255743998,4.067254521005696
"[0.244970102547376, 0.5889115413709379, -0.7136839870315748, 0.83287749008324]",77.43100901329899,4.070397685241403
"[0.19171563456151308, 0.5553438848730124, -0.9249914432214444, 0.8163568284188493]",82.88498561467358,4.07354084947711
"[0.9967601815744391, 1.108452248550562, -1.0690752127888796, 0.19381090992211283]",58.24793536084245,4.076684013712819
"[-0.8442351671056982, 0.5581777281635268, -0.7937079880756365, -0.5234559479790661]",62.75219607417517,4.079827177948526
"[0.3873469642488363, 0.5535822046693379, -0.8172478748728538, 0.8146701540811809]",63.220791038777136,4.082970342184233
"[0.3997041473571481, 0.563500127575904, -0.7739468652700363, 0.8220536369017665]",63.22453618576185,4.086113506419942
"[0.2793581208911921, 0.552856339489627, -0.8221490186927973, 0.8506574761671494]",63.11574006260322,4.089256670655649
"[0.2360125445860859, 0.5499605288268005, -0.855876767520767, 0.8520272468739373]",63.10950780048452,4.092399834891356
"[0.3057828628630511, 0.5569412272284835, -0.7991899954837033, 0.8468204874765729]",63.08275348616672,4.095542999127065
"[0.45489140837562014, 0.5685835919670315, -0.7586551631086479, 0.8108496758265756]",63.29825264625737,4.098686163362772
"[0.8585577439793827, 1.1812391586175943, -0.8913293316211448, 0.15794541457344413]",66.36192423632531,4.101829327598479
"[2.330195005811483, 0.9930345368777339, -1.1556263017645367, 0.2613777062668194]",66.27388726894776,4.104972491834187
"[-0.2693583421406098, 1.164426453590058, -0.7613506051225621, -0.18630665663979779]",60.741274156473395,4.108115656069895
"[0.5266249819544816, 1.164971817970917, -0.9691323455732291, 0.06796461556937472]",58.36429183042484,4.111258820305602
"[0.812545962847475, 0.5592448394444371, -0.7893071833721407, 1.0251350307612068]",56.37274138006664,4.11440198454131
"[0.10441363486651309, 0.5558454430612843, -0.8044754893589888, 0.8747562654529413]",70.02712622951512,4.117545148777018
"[0.9379610956028482, 1.1256109664491845, -1.0466225678153909, 0.1739496429989044]",81.79144093201504,4.120688313012725
"[0.40582212241124627, 0.5497988776578202, -0.866910939717853, 0.7750398533713466]",64.76867072862952,4.123831477248433
"[-0.45650880709792857, 0.7241508557509382, -1.148641066160553, -0.5087874032183114]",67.874254166439,4.130117805719848
"[1.7184667881455191, 1.0960778515851366, -1.0829951511247133, 0.22237066947777295]",62.74534551548852,4.136404134191263
"[0.45257494883054133, 1.1779236565359537, -0.8138767707194124, 0.14929996723532932]",84.09068075644485,4.1395472984269714
"[1.2479042855361508, 1.0536576518960004, -1.1205723335804911, 0.2552671928496251]",65.84239290374178,4.142690462662679
"[-1.682074896676301, 0.6189365338744856, -0.668675231839698, -0.48421979259236775]",77.2914282103555,4.148976791134094
"[1.0503339972782295, 1.108408918771591, -1.0691269342131147, 0.19837856245332594]",62.09371227940697,4.155263119605509
"[-0.9574534037359506, 0.5537802011041596, -0.9160547292161324, -0.7366169106259168]",93.01175786111966,4.158406283841217
"[1.0268556482622377, 1.1054100142147094, -1.0726531083381727, 0.19899946148620984]",62.388335424069545,4.164692612312632
"[-1.9374010528393806, 0.6354723485134567, -0.6495876790107443, -0.4401475377395662]",91.27180340901222,4.170978940784047
"[-0.8010945421082686, 0.5681317738978708, -0.7599151532286917, -0.44900770653954114]",72.34975871979331,4.174122105019755
"[1.647694895991037, 1.1751510162372103, -0.9326689010343279, 0.18983523297518484]",70.68910931419298,4.18040843349117
"[6.110208167759339, 1.0502469210719492, -0.6089992717117355, 0.1389118566621437]",65.55525904949828,4.183551597726877
"[-0.4699189623847334, 0.5584155178293583, -0.9393476927742161, 0.07780166107081186]",67.24556170007966,4.186694761962586
"[0.6435266480551881, 1.1821572029581588, -0.87381549692781, 0.1328584448560704]",69.57280349232018,4.189837926198293
"[1.725060190782554, 1.057059358257379, -0.6140213795339768, 0.31455421624452135]",65.9260551438962,4.192981090434
"[0.5351356469192136, 0.697914078105229, -0.5981848128009614, 0.4128819692624203]",64.59332827829087,4.196124254669709
"[-0.3157559754861138, 0.6207830962646093, -1.0656656066553605, 0.19661506845902957]",66.13429939892981,4.199267418905416
"[9.282546105266196, 1.1378147968938939, -1.0276747953489815, 0.07644777467932068]",82.88543201333036,4.202410583141123
"[0.7675371194407671, 0.7706084571127415, -0.564536421750514, 0.9611820718392261]",93.44853934184437,4.205553747376832
"[-0.4563729933690242, 0.5598772446182597, -0.9452295996275624, 0.10193806523657366]",71.17188527224664,4.208696911612539
"[2.295824680348842, 1.1108329757360302, -1.0661984607006085, 0.20142987011287947]",63.269906670048016,4.211840075848246
"[0.8117574457038207, 0.697673700493696, -0.5983358373103108, 0.5323131049537811]",58.89389447780761,4.214983240083955
"[0.9309463277540185, 0.6202247819471625, -0.6670730117294337, 0.5343330691396775]",58.65087518711365,4.218126404319662
"[0.9977141501581731, 0.5890939950998086, -0.7133525676807398, 0.5540787581572185]",58.59973335952872,4.221269568555369
"[0.9189410993783536, 1.1633452958270925, -0.7583180140855698, 0.24100039827250586]",59.573322905802975,4.224412732791078
"[1.004930978000005, 0.5864699316444028, -0.7182122176454393, 0.5564867215135689]",58.61879303124392,4.227555897026785
"[0.9478443631997218, 0.6112272450009539, -0.6787344582463453, 0.5385979082012766]",58.67658118358529,4.230699061262492
"[0.8538553872990063, 0.6698357410106622, -0.6180140810172864, 0.5263406280202708]",58.85301857663614,4.233842225498201
"[0.6462122749681827, 0.7323638991090191, -0.5794340533080105, 0.633393054647604]",59.51980482071836,4.236985389733908
"[-0.1969786353653676, 1.1707124665752222, -0.7813743921665937, -0.265698557219592]",97.62590669478134,4.240128553969615
"[-0.18399592863256212, 0.5522041434305158, -0.8270867783609048, 0.6763641858072035]",64.7614692267282,4.243271718205324
"[2.900695380962802, 0.9100592371181713, -0.5528784390507279, 0.27968440289424895]",81.71008105438491,4.246414882441031
"[0.5290711387869172, 0.5505070859641247, -0.887195928573379, 0.6481538125396404]",78.69839350170245,4.249558046676738
"[0.17063432085928837, 0.6009953744700781, -0.6935171907578545, 0.8142885325640087]",65.81981324821116,4.255844375148154
"[0.7815829075934246, 0.6624711941339201, -0.624021925021107, 0.5213241804175948]",64.98052289214553,4.258987539383861
"[-0.9783765505646875, 0.7565082385057628, -0.5693673674710384, -0.49257464459386335]",93.98834210144115,4.441291065054905
"[13.869126169155118, 1.1817423369447801, -0.8839925436729476, 0.052676723315037574]",78.04699974962779,4.4444342292906125
"[-1.7720512910856108, 0.6888050397863279, -0.6041228597258266, -0.4434064395952963]",88.80236779188601,4.44757739352632
"[15.200175887238599, 1.1611069813087702, -0.979721765229061, 0.0482167996062545]",72.98460727829924,4.450720557762028
"[0.9266914319011047, 1.1713638677350486, -0.9482958263689913, 0.15377813654503447]",60.42019276057467,4.4538637219977355
"[0.28313007239924415, 1.181360604137921, -0.8422827961342958, 0.059026237176957215]",61.55920145620659,4.457006886233443
"[0.4891833885805397, 1.1772765240764103, -0.810143921010707, 0.16028255132190078]",65.22989201126417,4.460150050469151
"[0.7828338022805105, 1.0535943521569529, -0.6114318264765477, 0.44292041286799966]",57.32017417167163,4.4632932147048585
"[0.8697503326436632, 1.0397640174475382, -0.601800321473119, 0.42926145154096795]",57.16524636977532,4.466436378940566
"[0.9090757257379194, 1.044504629215471, -0.6049791126988562, 0.41400388732642734]",57.113523577779915,4.469579543176274
"[0.9319314039281229, 1.049998685401817, -0.6088215320193886, 0.4033459781370708]",57.089596892301756,4.4727227074119815
"[0.9440730915046969, 1.0534686410646068, -0.611339258111122, 0.39738632473256674]",57.07944021412968,4.475865871647689
"[0.9473079666488172, 1.0544404213174112, -0.6120573326257807, 0.3957779685943954]",57.078884932278,4.479009035883397
"[0.9421967539787603, 1.052907704026421, -0.6109273719294955, 0.3983215938153343]",57.08688396658775,4.4821522001191045
"[0.9284871385765291, 1.0490651134495435, -0.6081563193913817, 0.4050164410284426]",57.10441135721968,4.485295364354812
"[0.9046963192005751, 1.0436333009309942, -0.6043855083724853, 0.4159426260300535]",57.13552812703786,4.488438528590519
"[0.8655259089611315, 1.039672795604529, -0.6017403619941779, 0.4306032863779131]",57.193794476315794,4.4915816928262275
"[0.7833836849745195, 1.0534216660878484, -0.611304692269432, 0.4429285382727649]",57.346564077185036,4.494724857061935
"[0.6603608458686707, 1.1797987506136494, -0.8267025501291599, 0.16855234162234256]",64.94510560412066,4.497868021297642
"[-0.2522411696463965, 0.7158094095705657, -1.14429713264372, 0.04687170592185463]",64.90141171730374,4.501011185533351
"[0.6948261931037374, 1.1806737209847527, -0.8975917859497909, 0.13072303870194774]",60.69756995692246,4.504154349769058
"[6.119603150920154, 1.0781228471731696, -0.6314733317237984, 0.13419791075893228]",66.86731215181095,4.507297514004765
"[8.087700337826094, 1.1811600899437924, -0.8397550863300971, 0.08616766835213122]",67.12368270220152,4.510440678240474
"[0.4553439783695777, 1.1790570793821964, -0.9108714746542352, 0.06111239534379994]",66.14965167434481,4.516727006711888
"[-0.648407513075398, 0.9539050184936236, -0.562253822956731, -0.5350578312382218]",75.20463832544883,4.519870170947597
"[-0.3870322118869257, 1.1478427152909598, -0.722571568230159, -0.5043802624098489]",89.3764476110073,4.526156499419011
"[2.6054549338206523, 0.8679688207722676, -0.5498036095791495, 0.31011879746039317]",81.95152208614344,4.535585992126134
"[0.9005201675186594, 1.1260426978052926, -0.6860503866012979, 0.3106977601919849]",70.01858481372543,4.538729156361843
"[6.127070443041016, 1.0225935890204494, -0.5912775132158674, 0.14263673495598891]",70.24241276263157,4.55444497754038
"[6.048159715356818, 1.0105439503320803, -0.5847526007910853, 0.14585912448392038]",70.35388171028362,4.557588141776089
"[1.0203360564451367, 1.1676228706950398, -0.9610988909041634, 0.1632914826492379]",67.52112635543621,4.560731306011796
"[0.7149969625124233, 0.6711231386445408, -0.6170010936391493, 0.5126976367774666]",69.46309686092862,4.563874470247503
"[0.05497436048269394, 0.693828739202597, -0.6007928478888861, -0.4747377840046703]",56.96800810895593,4.567017634483211
"[-0.015489634728706769, 0.7321217411131786, -0.579547116434035, -0.4802127327778078]",57.06075195748851,4.570160798718919
"[-0.09205410612264305, 0.7479662211305231, -0.5726620976415473, -0.5331449701158928]",57.126800163681736,4.573303962954626
"[-0.16497014332080467, 0.7229425526895757, -0.5840195568192297, -0.6707087177619462]",57.127052894902306,4.576447127190334
"[-0.46173309062570317, 0.5533654224908121, -0.9133934953384205, 0.12012379946283032]",58.42045877534118,4.579590291426042
"[-0.5823402621412666, 0.5521377536409148, -0.8276256240015384, -0.09276971965413056]",58.5000069531359,4.582733455661749
"[0.40312839660971533, 0.7211853428727277, -0.5849180279383275, 0.23166504768401003]",63.005054615882806,4.585876619897457
"[0.1917558024989631, 0.8059718820912303, -0.5555522575507597, 0.19710274397688063]",63.33874314805336,4.589019784133165
"[0.19417139597217475, 0.7743277811609736, -0.5633844514907937, -0.02201749526440778]",63.19487066807479,4.592162948368872
"[1.1138416139346357, 1.148963781554062, -0.7247955401397737, 0.26594759559954273]",69.76722569984446,4.59530611260458
"[1.697732492337648, 1.181960151308494, -0.8796355215980902, 0.19612903615472307]",65.5799744116801,4.598449276840288
"[0.40218478124047113, 0.6641505933566438, -0.6226192392882588, 0.7085984888756065]",63.933419248204075,4.601592441075995
"[0.3478875746518694, 0.6257514226915987, -0.6604325682823315, 0.7723381727710285]",70.0016609124706,4.604735605311703
"[-0.1989855297295753, 0.7061238507322071, -1.1388467616937568, 0.14526405609216736]",76.28318176022691,4.611021933783118
"[-0.43271061016139917, 0.5522186392152889, -0.9050806788525019, 0.19042324747160302]",67.07439775759508,4.614165098018826
"[-1.203828213881831, 0.7081719977653426, -0.5920139036459079, -0.5039539428052525]",69.06497364830136,4.617308262254534
"[0.7408746789575257, 0.9352901611729783, -0.5574765528970702, 0.8544482332111193]",65.04005357882723,4.623594590725949
"[0.1943418909654574, 1.1777584990752612, -0.9191523959861512, -0.08206239447890028]",68.15415716425832,4.626737754961656
"[-0.28736580739100687, 0.6980582843374696, -1.1339564523485883, 0.03743196816073552]",71.70606228245543,4.629880919197364
"[-0.06828685538726377, 0.6854727464876339, -1.1256419247207259, 0.33481240890966774]",71.65785794147891,4.636167247668779
"[0.01919381369452065, 1.1814407911814708, -0.8433729559436624, -0.13399681494192847]",68.72814357355675,4.6393104119044875
"[0.5961260857072218, 1.095399638363646, -0.6483387930082957, 0.6867798257082348]",64.88709876445664,4.642453576140195
"[0.7637701979405864, 0.7810924498746495, -0.5614168133931642, 0.9456561902568965]",64.76689208510794,4.645596740375902
"[0.14079225067068127, 0.5576769810070259, -0.795873781061389, 0.8754004505289771]",82.62589676562054,4.64873990461161
"[-1.248307341500968, 0.7607803292036951, -0.56782501096697, -0.48388900510313543]",68.31037560416009,4.655026233083025
"[1.4137299883647034, 1.1636466916350272, -0.759153662813687, 0.23939001224167353]",64.86775125513148,4.658169397318733
"[0.2287826583446816, 0.5888872615950678, -0.7137281610522617, 0.8340576359358443]",72.05116906978382,4.664455725790148
"[1.4377640948673358, 1.1116761082993034, -0.6668879352574217, 0.295083372202438]",72.84233032247319,4.667598890025856
"[1.4707158262568398, 1.165177317884276, -0.7635162222912645, 0.23627474076809615]",68.82087411037344,4.670742054261563
"[0.7631593337992478, 0.7950846742149928, -0.5578575714460277, 0.9364002605209695]",68.71380416139834,4.67388521849727
"[-0.4227716339128882, 0.668192306205215, -1.1127277862257277, -0.14309237710049752]",75.66154478779922,4.677028382732979
"[0.703700330900742, 1.0010772212125958, -0.5800865875853182, 0.7946825640526853]",86.46187640822782,4.680171546968686
"[0.7946197042796035, 0.8455150736465499, -0.5504634821943356, 1.0097267828449585]",80.99081499034905,4.683314711204393
"[1.931425590255138, 1.169085696338598, -0.7757233601919612, 0.22008214411112986]",68.20604051235253,4.686457875440102
"[0.23856796809523204, 0.7936746635994538, -0.5581855584188921, 0.2066637963341063]",67.2699809149023,4.689601039675809
"[-0.4071598468295015, 0.554597033577007, -0.9209104675990998, 0.23256511950675385]",62.36779064169356,4.692744203911516
"[0.050653025193328316, 0.6890056848892393, -0.6039872021376871, -0.49257882399920433]",60.98977928933083,4.695887368147225
"[1.8169081866016332, 1.1158570759312467, -1.0598916865473949, 0.20968387161597857]",67.7509764104422,4.699030532382932
"[0.22625559199590875, 0.7904919610718257, -0.5589509844135306, 0.3255145354942531]",71.51595468021803,4.708460025090055
"[0.7951652378980709, 0.8793127397108987, -0.5500769163628694, 0.5773809034471328]",61.29918621693821,4.711603189325762
"[1.2394226741225558, 0.6779933315251659, -0.6117736785161821, 0.5016932797144387]",60.527020224347304,4.71474635356147
"[1.3058735143066893, 1.1498872701344418, -0.7266609864022012, 0.260168802197679]",61.00000191029702,4.717889517797178
"[1.4226816673663165, 1.1632103878918703, -0.7579463344831201, 0.23986288223999297]",60.99115515445291,4.721032682032885
"[1.4753849948784157, 1.1628126113892827, -0.7568587724261413, 0.23945106524575446]",61.01150019893327,4.724175846268593
"[1.4219105956555915, 1.1010388172828962, -0.6544392618095879, 0.3051957437351459]",61.11052057412559,4.733605338975716
"[1.4672368630544192, 0.7464580432000404, -0.5732735527520636, 0.4571725845516065]",60.83203973346139,4.736748503211424
"[-1.2612030352514834, 0.5511826918436546, -0.8364607840884575, -0.6342344176247661]",97.23303648851663,4.739891667447131
"[-1.23904729760013, 0.7452295399713752, -0.5737783177670487, -0.489452931380527]",64.47380291205876,4.743034831682839
"[-0.4969986919782995, 0.6751998733609837, -1.1181872901562764, -0.34325206892811333]",65.33283476541305,4.746177995918547
"[0.5618405463106205, 1.1768591327995899, -0.8078670603887284, 0.1732775495943946]",69.45627223482224,4.749321160154254
"[0.6829546493568867, 1.0264858084311341, -0.5935323606794434, 0.5961211620414217]",62.094541232149474,4.752464324389962
"[0.7291025782554864, 0.8566323649368941, -0.5499371711322091, 0.742548151486556]",62.015536290587626,4.75560748862567
"[1.3224916593304281, 1.0823419964186658, -1.0966921151909985, 0.23189392697937927]",64.39585197646468,4.758750652861377
"[9.155466281449884, 1.119629277474624, -1.0549303408540704, 0.07917709931253641]",70.90187644686911,4.761893817097085
"[1.919337677353189, 1.1521084088118576, -0.7312792935085509, 0.23756506828107993]",65.21040277682812,4.765036981332793
"[0.7554234927179628, 0.8688709548384212, -0.549810440762131, 0.8862809365965464]",79.2426358165108,4.7681801455685004
"[0.352601271468815, 0.6844531891604999, -0.6071209216359887, 0.038533845019898226]",68.7660746750658,4.771323309804208
"[-0.31357848368043917, 1.1590035435088997, -0.7470135991447596, -0.4052751365267528]",86.98587687547654,4.7776096382756235
"[0.5515201340776162, 1.1172315631814935, -0.673943479905636, 0.6438981714225669]",74.72259354145194,4.780752802511331
"[-0.22696379458014596, 0.7935687401620538, -0.5582104725404996, -0.5443333224770323]",66.78281687755162,4.783895966747039
"[-0.38445982392790673, 0.7315701196459752, -1.152245208422838, -0.2278036259098912]",70.41174968511535,4.7870391309827465
"[0.6116718222577329, 1.0786843873854157, -0.6319823378888653, 0.5994771986209513]",95.67333845408679,4.790182295218454
"[1.5188803639949897, 1.1822416344549072, -0.8633243927597963, 0.19949013519048472]",65.03850103351068,4.793325459454161
"[1.898404773123663, 1.1400703752386478, -0.7082301135484469, 0.24869321151318216]",85.05415179336342,4.7964686236898695
"[-1.2495317793125418, 0.6326118334141764, -0.6526756787623479, -0.5338335526464116]",75.4133102329882,4.799611787925577
"[0.3700894026252579, 0.5575575640567705, -0.7964007540277203, -0.0870486553247808]",67.08906826975559,4.8153276091041155
"[2.9695471442010284, 0.9446788615039774, -0.559735290348238, 0.2675433810833135]",90.85811019269953,4.818470773339823
"[0.7304758573875317, 0.8328575273976719, -0.5515418716623346, 0.7923629388744701]",75.14686279998884,4.82161393757553
"[1.0252062156420174, 0.5937314588443049, -0.7052273703731282, 0.550275267616643]",67.71758439972689,4.8247571018112385
"[1.327226043425989, 1.1795669204476231, -0.9071558952541894, 0.1869361772864862]",68.41566570665307,4.827900266046946
"[1.5540891917077628, 1.1495205358488332, -1.0061343260405813, 0.1936258998545794]",68.3618734282239,4.831043430282653
"[1.6300819002059068, 1.1315300965166213, -1.0378021721123558, 0.20250266394075403]",68.36018086818171,4.8341865945183615
"[1.6278077416733652, 1.1319717164842533, -1.0371176559800357, 0.20227071812619474]",68.37219735545732,4.837329758754069
"[1.6046929018537959, 1.1377067767051445, -1.027856277253985, 0.19932161304449406]",68.38440131610874,4.840472922989776
"[1.5953791011759784, 1.1399279366532657, -1.0240678110302053, 0.1982050128217158]",68.38937198742074,4.8436160872254845
"[1.6094340217336893, 1.1365560451347665, -1.0297726849544646, 0.19990612158081011]",68.38476422829935,4.846759251461192
"[1.6312748428364856, 1.1310958351267542, -1.03847152994562, 0.20272849985041186]",68.37441253381596,4.849902415696899
"[1.6225914983378247, 1.1334989560125488, -1.0347200950419695, 0.2014799416182278]",68.36641415106894,4.8530455799326075
"[1.5264549210436698, 1.1550407449104914, -0.9943614181910935, 0.19120502219493382]",68.37581044246242,4.856188744168315
"[1.278271541935301, 1.1816437468492367, -0.8856483882929812, 0.18954491657461364]",68.44547736669662,4.859331908404022
"[0.9962774690967344, 0.6072463826740455, -0.6842744251539323, 0.5413371501397944]",67.75470016459438,4.8624750726397306
"[0.21594703846003704, 0.7985979668591698, -0.5570698394233354, 0.16965382063170406]",85.15854464921847,4.865618236875438
"[2.984368839448752, 0.9452112372630002, -0.5598724946421222, 0.2665097999579067]",90.88631939700889,4.868761401111145
"[0.38176158997739906, 0.5616113221592471, -0.7803979145751223, -0.06281646654617278]",67.1180443653026,4.871904565346853
"[0.002844285023334925, 0.5967202089102974, -0.7002704279502296, 0.7733249979539486]",72.50701565150825,4.893906714996806
"[1.7488970185676365, 1.165838395591352, -0.7654661180680695, 0.22912362030856265]",65.1837466368325,4.897049879232514
"[0.4142971745013314, 0.5499901441562894, -0.8549929665303312, 0.7805646533130882]",74.98322455757409,4.903336207703929
"[1.3188550043821796, 1.1821093818426562, -0.8755605395928263, 0.19326998367946804]",73.36218355451422,4.9064793719396365
"[-1.4819068388591692, 0.6904831205823602, -0.602995164442646, -0.48140707836509206]",89.33735106087192,4.909622536175345
"[-0.24328438698232088, 0.7936921643345898, -1.1738693617740008, -0.1427546280527098]",77.65113847392736,4.912765700411052
"[-0.44076020838183794, 0.6096828109992616, -1.0511968787047496, -0.02365484267860389]",70.23680566379224,4.9159088646467595
"[0.3420350753307295, 0.689737927837842, -0.603494023137519, 0.029117028781610335]",68.8509803018925,4.922195193118175
"[-1.199550194513544, 0.5603642591995055, -0.7849620662573631, -0.6138313477464078]",84.74445952191998,4.9253383573538825
"[9.51969706130849, 1.1083470096600174, -1.0692007943361772, 0.07774639655096251]",71.12134432013426,4.931624685825298
"[8.172942471935732, 1.1756235097382715, -0.9304382347240949, 0.08273092201619392]",70.9782593841611,4.9347678500610055
"[0.7077809106745497, 0.6864055508663945, -0.6057626357254966, 0.8928430112153889]",62.31034206358429,4.937911014296713
"[0.7283941803916962, 0.8494383585029401, -0.5502329562356886, 0.7492231184350981]",62.094386093774226,4.941054178532421
"[0.7140298147160645, 0.9794829130216205, -0.5708519063330314, 0.6354207875713563]",62.108958162483006,4.9441973427681285
"[0.4239373666738613, 1.1510673578100634, -0.729090804631209, 0.4448771018112518]",62.68934444804132,4.947340507003836
"[0.02944198674214982, 1.1776391428424327, -0.8122027539955584, 0.0368925695723882]",40.63876707892255,4.950483671239543
"[0.01990041565030728, 1.1776015825262738, -0.8119857438980553, 0.03318181697325657]",40.6669605553384,4.9536268354752515
"[0.013576092077000597, 1.177574061915641, -0.8118273077233477, 0.030694519368853746]",40.68633323527363,4.956769999710959
"[0.008465935929734904, 1.1775502261111062, -0.8116904695860953, 0.028668810379142578]",40.70237394983035,4.959913163946666
"[0.004051578498309612, 1.1775284467616671, -0.8115657470105757, 0.026907583294916316]",40.716504232253705,4.9630563281823745
"[0.00010401650999929718, 1.1775080108263214, -0.8114489847887582, 0.025323780319655258]",40.72935254039558,4.966199492418082
"[-0.003501974122994699, 1.1774885319231922, -0.8113379298070945, 0.023869807877566616]",40.741262761388924,4.969342656653789
"[-0.006843741810840657, 1.177469773621664, -0.8112312024790657, 0.022516275901911853]",40.75244749064289,4.9724858208894975
"[-0.009973088741577704, 1.177451578966949, -0.8111278864344497, 0.02124350498884243]",40.76304918684071,4.975628985125205
"[-0.012926691806287784, 1.1774338379374016, -0.811027338923939, 0.020037565560373782]",40.77316881816415,4.978772149360912
"[-0.015731613488800096, 1.177416470307903, -0.81092909093703, 0.018888183486014485]",40.78288093955313,4.9819153135966205
"[-0.01840862392962631, 1.1773994148339564, -0.8108327843237274, 0.017787472658965894]",40.7922428003155,4.985058477832328
"[-0.02097395266280076, 1.1773826243679077, -0.8107381431312195, 0.01672927445132777]",40.801299186162844,4.988201642068035
"[-0.023440618333181635, 1.1773660614877999, -0.8106449481991089, 0.015708649799457013]",40.810086049712936,4.9913448063037436
"[-0.02581927875879491, 1.1773496957897636, -0.810553021400199, 0.014721555341651144]",40.81863285527027,4.994487970539451
"[-0.02811877286784731, 1.1773335023272111, -0.8104622164956939, 0.013764638453928543]",40.826964047378034,4.997631134775158
"[-0.030346476255270906, 1.1773174607452799, -0.8103724139897329, 0.012835104139441049]",40.835100050348366,5.000774299010867
"[-0.03250872027072603, 1.1773015535104203, -0.8102835109948289, 0.011930551343748739]",40.843058417809985,5.003917463246574
"[-0.034610899773994126, 1.1772857660459943, -0.8101954218320401, 0.011048936188720472]",40.85085410819739,5.007060627482281
"[-0.036657706655366634, 1.1772700857496823, -0.8101080724071764, 0.010188480796933996]",40.858500152975914,5.01020379171799
"[-0.03865320596746638, 1.1772545020062504, -0.8100214001772136, 0.009347646496825767]",40.8660078514646,5.013346955953697
"[-0.04060105329891878, 1.1772390049729469, -0.8099353473102276, 0.008525046412372245]",40.87338737744081,5.016490120189404
"[-0.042504399957432264, 1.1772235867072303, -0.8098498668884474, 0.007719488757234296]",40.880647500318695,5.019633284425112
"[-0.04436607980200542, 1.1772082400198634, -0.8097649164733872, 0.006929900796366149]",40.887796121685284,5.02277644866082
"[-0.04618861987856452, 1.1771929586457945, -0.8096804590102603, 0.006155326544528593]",40.89484030407696,5.025919612896527
"[-0.04797432957938205, 1.1771777367225404, -0.8095964599065256, 0.0053948907717728855]",40.90178647508535,5.029062777132235
"[-0.049725237305141355, 1.177162569518736, -0.8095128910210836, 0.004647827553964771]",40.90864033314576,5.032205941367943
"[-0.05144321743788867, 1.1771474525215346, -0.8094297255957991, 0.003913427591149006]",40.91540711324055,5.03534910560365
"[-0.05313001503790884, 1.1771323813358885, -0.8093469376901457, 0.003191028661209963]",40.92209169541445,5.038492269839358
"[-0.05478713319231516, 1.177117352815558, -0.8092645083720179, 0.0024800648722092923]",40.92869831262974,5.041635434075066
"[-0.056416013149066864, 1.1771023635673838, -0.8091824174782863, 0.001779990417044714]",40.93523099953667,5.044778598310773
"[-0.058017988858082715, 1.1770874104297429, -0.8091006462373315, 0.0010902996683424897]",40.941693507658954,5.047921762546481
"[-0.05959423975036416, 1.1770724910022554, -0.8090191801477873, 0.00041054819850629056]",40.948089167586,5.051064926782189
"[-0.061145874175301776, 1.177057602948203, -0.8089380051455757, -0.0002596825235065166]",40.95442108847418,5.054208091017896
"[-0.0626739634105306, 1.1770427437141122, -0.808857106074345, -0.0009207994212491957]",40.9606922868727,5.057351255253604
"[-0.06417945249124785, 1.177027911443707, -0.8087764716577437, -0.0015731588428751291]",40.96690544357453,5.060494419489312
"[-0.0656632329975087, 1.1770131043326155, -0.8086960909701586, -0.0022170975974966094]",40.973063073984676,5.063637583725019
"[-0.06712612498861267, 1.1769983208502894, -0.8086159546357534, -0.002852924787534653]",40.97916749526674,5.066780747960727
"[-0.06856895357469356, 1.1769835590006361, -0.808536050817656, -0.0034809548116455473]",40.98522103647735,5.069923912196435
"[-0.06999242299171968, 1.176968817634314, -0.808456372323199, -0.004101452339310331]",40.99122570011004,5.073067076432142
"[-0.07139721445290428, 1.1769540954954716, -0.8083769114289093, -0.004714674579220638]",40.99718341852555,5.07621024066785
"[-0.07278400323701625, 1.1769393910563106, -0.8082976589929923, -0.005320878596362186]",41.00309610626042,5.079353404903558
"[-0.07415336165013585, 1.176924703569971, -0.8082186101277603, -0.005920278707331421]",41.00896539888986,5.082496569139265
"[-0.07550589700181704, 1.1769100316304715, -0.8081397564352577, -0.006513106619031654]",41.01479300824877,5.085639733374973
"[-0.07684212474140645, 1.1768953745525885, -0.8080610934321968, -0.007099555748438227]",41.02058042117447,5.088782897610681
"[-0.22851237421569867, 0.7235114466027044, -1.1483191727705817, 0.06122164283281045]",43.01178740709217,5.091926061846388
"[-0.2291712406369708, 0.7234710282599459, -1.1482987642328164, 0.06041499488596023]",43.01485701766003,5.095069226082096
"[-0.22982749274147973, 0.7234300751212481, -1.1482780782508386, 0.05961154747404171]",43.01793145049873,5.098212390317803
"[-0.2304811518401545, 0.7233885942193602, -1.148257118085106, 0.058811273502734435]",43.02101071820351,5.101355554553511
"[-0.2311322320878731, 0.723346592928437, -1.1482358871700067, 0.0580141546638229]",43.02409482230737,5.104498718789219
"[-0.23178075304638612, 0.7233040781721904, -1.1482143887138305, 0.057220166053889195]",43.027183770705605,5.107641883024926
"[-0.2324267389531998, 0.723261056445434, -1.1481926257094275, 0.05642927706877833]",43.03027759319951,5.110785047260634
"[-0.23307019906657647, 0.7232175351302731, -1.1481706016001247, 0.055641475466969376]",43.03337627298686,5.113928211496342
"[-0.23371116154693383, 0.7231735202302849, -1.1481483191334285, 0.054856725887533486]",43.0364798254636,5.117071375732049
"[-0.23434964092563945, 0.7231290185578644, -1.148125781467907, 0.05407500967814572]",43.03958827121086,5.120214539967757
"[-0.23498565393290863, 0.7230840366776451, -1.1481029916386316, 0.05329630551628179]",43.04270161655302,5.123357704203465
"[-0.23561922322576306, 0.7230385806265877, -1.1480799524150602, 0.05252058484422154]",43.04581986734341,5.126500868439172
"[-0.23625036666315047, 0.7229926566702535, -1.148056666684439, 0.05174782499953094]",43.04894303296027,5.1296440326748804
"[-0.23687910792555836, 0.7229462705392403, -1.1480331370645753, 0.05097799621223086]",43.05207113284594,5.132787196910588
"[-0.23750546170984066, 0.7228994285152135, -1.148009366454707, 0.05021107973160218]",43.05520416665446,5.135930361146295
"[-0.23812945484327122, 0.7228521358660729, -1.1479853572416154, 0.049447041973574246]",43.05834216401055,5.139073525382003
"[-0.23875109829127708, 0.7228043989495152, -1.1479611123672107, 0.048685868794563304]",43.06148511700586,5.142216689617711
"[-0.23937041716272042, 0.7227562229439674, -1.1479366341767359, 0.04792752875163379]",43.064633045751975,5.145359853853418
"[-0.23998742417879276, 0.7227076138822811, -1.1479119254515031, 0.04717200558807122]",43.06778595916613,5.148503018089126
"[-0.24060215679061447, 0.722658575734562, -1.147886987926224, 0.046419252782652416]",43.0709438809307,5.151646182324833
"[-0.2412146204746527, 0.7226091148942657, -1.1478618245695584, 0.04566926298419696]",43.074106814982756,5.154789346560541
"[-0.24182483659590354, 0.722559236400493, -1.1478364376638093, 0.044922009402648885]",43.07727476318019,5.157932510796249
"[-0.2424328339094436, 0.7225089445677964, -1.147810829124212, 0.04417745621390819]",43.08044776059295,5.161075675031956
"[-0.24303863752007915, 0.7224582438803797, -1.1477850009538633, 0.043435572078786934]",43.08362581990006,5.164218839267663
"[-0.24364225015726002, 0.7224071406052011, -1.1477589560663402, 0.04269635307515555]",43.086808936061004,5.167362003503372
"[-0.2442437097112286, 0.7223556379463808, -1.1477326958164982, 0.04195975223620066]",43.08999713574124,5.170505167739079
"[-0.24484303143601927, 0.7223037409087778, -1.1477062224786705, 0.04122575033062298]",43.09319043802699,5.173648331974786
"[-0.2454402327025891, 0.7222514542287594, -1.1476795381925073, 0.04049432554893388]",43.0963888337216,5.176791496210495
"[-0.2460353473561265, 0.7221987810870233, -1.1476526443054027, 0.03976543591783312]",43.09959237180298,5.179934660446202
"[-0.24662837854700645, 0.72214572727314, -1.1476255434985427, 0.03903907707150793]",43.102801034677235,5.183077824681909
"[-0.24721936866011104, 0.7220922949766302, -1.1475982366162236, 0.038315196601827174]",43.106014865541944,5.186220988917617
"[-0.2478083290405783, 0.722038489055077, -1.1475707258672594, 0.03759378013081116]",43.10923386419565,5.189364153153325
"[-0.2483952759207318, 0.7219843138486657, -1.1475430131983306, 0.036874807307186494]",43.11245804195261,5.192507317389032
"[-0.2489802558187931, 0.7219297707775632, -1.147515099063587, 0.03615822069178333]",43.115687435395444,5.19565048162474
"[-0.24956326718604765, 0.7218748656165102, -1.1474869861467494, 0.035444021736171116]",43.11892204420168,5.198793645860448
"[-0.25014434097890004, 0.7218196010195445, -1.1474586755362532, 0.0347321720849709]",43.12216189546675,5.201936810096155
"[-0.2507235036124014, 0.7217639799442048, -1.1474301684768422, 0.03402263895518811]",43.12540698836605,5.205079974331863
"[-0.2513007680293961, 0.7217080065436182, -1.147401466827537, 0.03331540607857061]",43.12865734823775,5.208223138567571
"[-0.25187616845912153, 0.7216516828110051, -1.1473725713413265, 0.03261043111756959]",43.131913002038964,5.211366302803278
"[-0.2524497277201905, 0.7215950117280328, -1.1473434832788645, 0.03190768572248668]",43.13517396632703,5.214509467038986
"[-0.2530214639826177, 0.7215379966406783, -1.1473142040891664, 0.03120714724814534]",43.138440244433376,5.217652631274694
"[-0.253591405020007, 0.721480639840342, -1.1472847346809325, 0.03050878129069503]",43.141711861356626,5.220795795510401
"[-0.2541595746416322, 0.7214229439046861, -1.1472550761106788, 0.02981255831113133]",43.14498884776562,5.223938959746109
"[-0.25472599043193267, 0.7213649119490784, -1.1472252297124603, 0.02911845640605183]",43.14827120130363,5.227082123981817
"[-0.25529068729985194, 0.7213065452107017, -1.1471951958551974, 0.02842643244909115]",43.15155895748404,5.230225288217524
"[-0.2558536789490039, 0.7212478470056174, -1.1471649759779543, 0.027736469306635658]",43.154852123150995,5.233368452453232
"[-0.2564150003096267, 0.72118881834372, -1.1471345703334375, 0.027048523838003803]",43.158150727500896,5.23651161668894
"[-0.2569746669784788, 0.7211294621539892, -1.1471039801630454, 0.026362576602529563]",43.16145478404411,5.239654780924647
"[-0.2575327130976289, 0.7210697793036599, -1.147073205646303, 0.025678585435745666]",43.16476431112394,5.242797945160355
"[-0.25808915334992644, 0.7210097726315235, -1.1470422479794447, 0.024996532028905352]",43.1680793265344,5.245941109396063
"[-0.2586440268385051, 0.7209494422447319, -1.1470111069497924, 0.02431636814532002]",43.171399866096635,5.24908427363177
"[-0.2591973463630761, 0.7208887909936761, -1.1469797837603042, 0.02363807779462609]",43.17472592906109,5.252227437867478
"[-0.25974914675908145, 0.7208278192263461, -1.1469482783220846, 0.02296161797891768]",43.178057547789194,5.255370602103185
"[-0.26029945074749594, 0.7207665285103636, -1.1469165911757664, 0.02228696055428261]",43.18139474638657,5.2585137663388934
"[-0.2608482788283931, 0.7207049205720346, -1.1468847229442471, 0.021614080103918663]",43.18473753799212,5.261656930574601
"[-0.2613956708012819, 0.7206429948626435, -1.1468526730730424, 0.020942927551983778]",43.18808594491514,5.264800094810308
"[-0.26194163064979237, 0.72058075478212, -1.1468204430507887, 0.020273497738894718]",43.19143998833364,5.2679432590460165
"[-0.2624862085555269, 0.7205181983789389, -1.1467880315949794, 0.01960572886296569]",43.19479968994443,5.271086423281724
"[-0.2630294176369906, 0.7204553278226814, -1.1467554395563309, 0.018939604569484188]",43.1981650767856,5.274229587517431
"[-0.2635712943039731, 0.7203921425017098, -1.1467226663435064, 0.018275079945147765]",43.201536175810645,5.2773727517531395
"[-0.2641118566006919, 0.7203286438343595, -1.1466897124167417, 0.017612132599839507]",43.20491299131753,5.280515915988847
"[-0.2646511394261699, 0.7202648311660181, -1.1466565771596517, 0.016950719474445153]",43.20829555763597,5.283659080224554
"[-0.26518916485358496, 0.7202007052475183, -1.1466232606839801, 0.01629081324038475]",43.21168389700908,5.2868022444602625
"[-0.26572595880937033, 0.7201362662814136, -1.1465897628156991, 0.015632381844421818]",43.215078022663384,5.28994540869597
"[-0.26626155284252123, 0.7200715136913411, -1.1465560829742376, 0.014975386336715534]",43.21847796848014,5.293088572931677
"[-0.26679598813927313, 0.7200064456081285, -1.1465222199038085, 0.014319775943577645]",43.22188376484253,5.2962317371673855
"[-0.2673292681271494, 0.7199410646604603, -1.1464881746876523, 0.013665546211003122]",43.22529541227461,5.299374901403093
"[-0.26786143884216396, 0.7198753681803034, -1.146453945650114, 0.013012640414327446]",43.22871295372018,5.3025180656388
"[-0.26839251895365235, 0.7198093567500979, -1.1464195328058064, 0.012361035401150406]",43.23213640243496,5.3056612298745085
"[-0.2689225465943838, 0.719743028438954, -1.1463849348570965, 0.011710684137825547]",43.23556580416442,5.308804394110216
"[-0.26945154361067036, 0.7196763832400197, -1.1463501515069467, 0.011061559571727502]",43.239001145364554,5.311947558345923
"[-0.26997954241779726, 0.7196094197223983, -1.1463151817128006, 0.010413621680026543]",43.242442476733515,5.3150907225816315
"[-0.2705065738299449, 0.7195421365459417, -1.146280024476289, 0.009766832401539671]",43.24588982243617,5.318233886817339
"[-0.27103265790844416, 0.7194745336484942, -1.146244679464013, 0.009121166869385267]",43.249343187508366,5.321377051053046
"[-0.2715578475908231, 0.7194066066300429, -1.146209144071021, 0.008476559863697972]",43.252802638746545,5.3245202152887545
"[-0.27208215333060104, 0.7193383564573416, -1.1461734184953076, 0.007832998303127862]",43.25626816290947,5.327663379524462
"[-0.2726056043373028, 0.719269781593239, -1.1461375016225526, 0.007190446084290183]",43.25973979325747,5.330806543760169
"[-0.2731282413435293, 0.7192008788755291, -1.1461013914829037, 0.0065488529539264]",43.26321756585461,5.333949707995877
"[-0.273650088647539, 0.7191316471901765, -1.1460650871752482, 0.005908188828153774]",43.266701494050224,5.337092872231585
"[-0.2741711795875822, 0.7190620841287233, -1.1460285871159235, 0.005268412521159017]",43.27019162016248,5.340236036467292
"[-0.2746915477895611, 0.7189921871304911, -1.145991889636554, 0.0046294824882532545]",43.27368795746707,5.343379200703
"[-0.2752112225089921, 0.7189219541133299, -1.1459549933151574, 0.0039913625453886605]",43.27719054102986,5.346522364938708
"[-0.27573023419557197, 0.7188513827330669, -1.1459178965875858, 0.00335401503713362]",43.28069939031952,5.349665529174415
"[-0.2762486087317508, 0.7187804711695801, -1.1458805981604658, 0.0027174079117169565]",43.28421452594331,5.352808693410123
"[-0.2767663944729232, 0.718709214413514, -1.1458430950572092, 0.002081481511724748]",43.287735993514794,5.355951857645831
"[-0.2772836103142682, 0.7186376113852638, -1.1458053863630582, 0.001446212353527276]",43.29126381055847,5.359095021881538
"[-0.27780028910948834, 0.7185656589920166, -1.1457674700986613, 0.0008115598048418132]",43.29479799915933,5.362238186117246
"[-0.27831647611258276, 0.718493352289708, -1.1457293433021964, 0.00017746799291224795]",43.29833860401724,5.365381350352954
"[-0.2788321818453701, 0.7184206910927254, -1.1456910055147846, -0.00045607629677247674]",43.3018856272902,5.368524514588661
"[-0.2793474570592474, 0.718347669462461, -1.1456524532369592, -0.0010891357060270103]",43.30543911943762,5.371667678824369
"[-0.27986232918019843, 0.7182742846276866, -1.1456136846331297, -0.001721744230523205]",43.308999100887476,5.374810843060077
"[-0.28037684085198633, 0.7182005315393887, -1.1455746966573317, -0.002353954571913411]",43.31256560209757,5.377954007295784
"[-0.2808910086968739, 0.7181264087708459, -1.1455354881713309, -0.002985787466207314]",43.31613864206447,5.381097171531492
"[-0.2814048776292121, 0.7180519107276337, -1.1454960558260567, -0.0036172984227741682]",43.31971826024447,5.384240335767199
"[-0.28191848393787866, 0.7179770329298832, -1.1454563968530507, -0.004248532362920204]",43.323304486078904,5.387383500002907
"[-0.282431854997607, 0.7179017720900315, -1.1454165091075288, -0.004879523261506558]",43.326897338181745,5.390526664238615
"[-0.2829450301129551, 0.7178261230680876, -1.145376389455073, -0.005510319765587546]",43.33049686109584,5.393669828474322
"[-0.2834580365597382, 0.7177500823843614, -1.145336035633107, -0.006140955746834017]",43.334103072406116,5.3968129927100295
"[-0.28397091827132137, 0.7176736439814827, -1.1452954440024414, -0.006771485564138345]",43.33771600037064,5.399956156945738
"[-0.28448370348712376, 0.7175968040179159, -1.1452546120907077, -0.0074019442945572455]",43.34133568184306,5.403099321181445
"[-0.2849964402711211, 0.7175195555661369, -1.1452135357760451, -0.008032391400517926]",43.344962147779576,5.4062424854171525
"[-0.28550914974381486, 0.7174418956353136, -1.1451722130194677, -0.008662853228085998]",43.348595421893656,5.409385649652861
"[-0.286021875163973, 0.7173638177864906, -1.1451306399384276, -0.009293383355664283]",43.35223554144174,5.412528813888568
"[-0.28653464506564996, 0.7172853177012881, -1.1450888137685775, -0.00992401726679363]",43.35588252830502,5.4156719781242755
"[-0.2870475161528036, 0.7172063866227171, -1.1450467293690951, -0.010554825103821667]",43.359536423251875,5.418815142359983
"[-0.28756050085377916, 0.7171270224785542, -1.1450043851512888, -0.011185822566620865]",43.363197248064566,5.421958306595691
"[-0.28807364913757133, 0.7170472173034247, -1.1449617763729327, -0.011817071541478534]",43.366865042864056,5.4251014708313985
"[-0.2885869926900497, 0.7169669658363429, -1.144918899722351, -0.012448611439923483]",43.37053982799827,5.428244635067106
"[-0.28910057475228645, 0.7168862608938095, -1.1448757508486804, -0.013080495902974444]",43.374221645714826,5.431387799302813
"[-0.28961442563178347, 0.716805097200944, -1.1448323264085505, -0.013712762673796624]",43.37791051675681,5.4345309635385215
"[-0.2901285906717671, 0.7167234669919995, -1.1447886217132506, -0.014345468010474366]",43.38160648389259,5.437674127774229
"[-0.2906430993994026, 0.7166413648849678, -1.1447446333364735, -0.014978648724558428]",43.38530957446629,5.440817292009936
"[-0.2911579962484203, 0.716558783005701, -1.1447003565035212, -0.01561235998683565]",43.38901980919756,5.4439604562456445
"[-0.29167332281585384, 0.7164757137946581, -1.144655786592844, -0.016246653494947985]",43.3927372381257,5.447103620481352
"[-0.29218910162636863, 0.7163921526551758, -1.144610920558887, -0.016881557485902608]",43.396461881359684,5.450246784717059
"[-0.2927053956224007, 0.7163080883203042, -1.1445657517597558, -0.017517149965809872]",43.40019378048364,5.4533899489527675
"[-0.2932222228967295, 0.7162235166757475, -1.1445202773793985, -0.018153453748065734]",43.403932959231184,5.456533113188475
"[-0.2937396342977284, 0.7161384281483395, -1.1444744916526917, -0.01879053198774466]",43.4076794586238,5.459676277424182
"[-0.2942576682788725, 0.7160528150526292, -1.144428389812028, -0.019428432599242047]",43.411433305738434,5.4628194416598905
"[-0.29477636332017026, 0.7159666695730623, -1.1443819670030504, -0.020067203547547686]",43.41519453835224,5.465962605895598
"[-0.2952957625115079, 0.715879982996762, -1.144335217870269, -0.020706898493694677]",43.418963191408295,5.469105770131305
"[-0.2958158909861757, 0.7157927494883428, -1.1442881385930157, -0.02134754900088445]",43.42273927256838,5.4722489343670135
"[-0.2963368111447753, 0.7157049568333522, -1.1442407218897228, -0.021989232554202393]",43.42652285780135,5.475392098602721
"[-0.2968585494205446, 0.715616598717813, -1.144192963644371, -0.022631982357000358]",43.43031394712707,5.478535262838428
"[-0.2973811662581317, 0.7155276629379707, -1.1441448565383034, -0.02327587353249322]",43.434112606700744,5.481678427074136
"[-0.2979046709294802, 0.7154381458613265, -1.1440963978690384, -0.02392091817756771]",43.43791882737044,5.484821591309844
"[-0.2984291304874812, 0.7153480338715335, -1.144047579511713, -0.024567199601602613]",43.4417326807626,5.487964755545551
"[-0.29895457152493077, 0.7152573201311503, -1.143998396989737, -0.025214751282454515]",43.445554176703126,5.491107919781259
"[-0.2994810498419921, 0.7151659926340537, -1.1439488430035132, -0.025863642713509077]",43.44938335810275,5.494251084016967
"[-0.3000086052865019, 0.7150740419740712, -1.1438989116393503, -0.02651392375324572]",43.45322027577494,5.497394248252674
"[-0.30053726129432123, 0.7149814614910275, -1.1438485984541118, -0.0271656240495949]",43.457064934901986,5.500537412488382
"[-0.3010670881249108, 0.7148882361855409, -1.143797894449338, -0.02781883099540155]",43.46091739063537,5.50368057672409
"[-0.30159812134689423, 0.7147943569683425, -1.1437467938121175, -0.028473589245580494]",43.46477767861108,5.506823740959797
"[-0.3021303879856782, 0.7146998161486277, -1.1436952914688545, -0.02912993294114174]",43.468645824004305,5.509966905195505
"[-0.30266395353745806, 0.7146045990597157, -1.143643378520433, -0.029787943686372435]",43.472521865368115,5.513110069431213
"[-0.30319884055570556, 0.7145086985282917, -1.1435910501247613, -0.030447650155986883]",43.476405837829724,5.51625323366692
"[-0.30373511281849985, 0.7144120998571756, -1.143538297308792, -0.031109131892989892]",43.48029777702081,5.519396397902628
"[-0.3042727975755654, 0.7143147947551821, -1.1434851145677696, -0.031772423413389816]",43.48419771916051,5.522539562138336
"[-0.30481194937680706, 0.7142167698582098, -1.143431493597644, -0.03243759293505686]",43.48810569998082,5.525682726374043
"[-0.3053526156239592, 0.7141180129201637, -1.1433774266737746, -0.0331046998887907]",43.49202175807798,5.528825890609751
"[-0.3058948410921369, 0.7140185120105078, -1.143322906213199, -0.03377380049408686]",43.49594592809639,5.531969054845459
"[-0.3064386576320347, 0.7139182574273094, -1.1432679258244223, -0.03444493504851016]",43.49987824371783,5.535112219081166
"[-0.3069841238180163, 0.7138172343914582, -1.143212476300524, -0.03511817685793802]",43.50381874054637,5.538255383316874
"[-0.3075312904925081, 0.7137154293572898, -1.1431565490748956, -0.03579358972090088]",43.507767471123934,5.541398547552582
"[-0.30808017918300157, 0.7136128340878418, -1.1431001384653157, -0.03647120127805653]",43.51172443928771,5.544541711788289
"[-0.30863085900592413, 0.7135094313061738, -1.1430432337864223, -0.03715109794748114]",43.51568971031264,5.547684876023997
"[-0.30918336999411683, 0.7134052089858517, -1.1429858272020104, -0.037833330277940946]",43.51966331248301,5.550828040259705
"[-0.30973775042605367, 0.7133001552843853, -1.1429279109428176, -0.03851794668102147]",43.52364526800774,5.553971204495412
"[-0.31029406392991554, 0.7131942533784836, -1.14286947445526, -0.039205026907367775]",43.52763564052075,5.55711436873112
"[-0.31085235502533143, 0.7130874898740193, -1.1428105090352956, -0.03989462714690992]",43.531634457233714,5.560257532966827
"[-0.311412655405529, 0.7129798536782159, -1.142751007212606, -0.040586787777163076]",43.535641747667874,5.563400697202535
"[-0.3119750279123255, 0.7128713275491474, -1.1426909580779099, -0.041281587687961016]",43.53965755927764,5.566543861438243
"[-0.3125395168119105, 0.7127618976192421, -1.142630352543403, -0.041979082860189657]",43.54368191983067,5.56968702567395
"[-0.31310616220433785, 0.7126515506630253, -1.1425691818353831, -0.04267932416090431]",43.547714868249074,5.572830189909658
"[-0.313675019038672, 0.7125402703861513, -1.142507435435157, -0.043382380843240795]",43.551756444761835,5.575973354145366
"[-0.31424615424884117, 0.7124280379224096, -1.1424451013463979, -0.044088337017323544]",43.55580670794634,5.579116518381073
"[-0.31481957843708513, 0.7123148452946554, -1.1423821735744284, -0.0447972072014531]",43.559865655727215,5.582259682616781
"[-0.31539537451080474, 0.7122006700997248, -1.1423186380606791, -0.04550909533115961]",43.56393335279033,5.585402846852489
"[-0.3159735732784099, 0.7120855000191061, -1.1422544863024064, -0.04622404097814796]",43.56800983734645,5.588546011088196
"[-0.31655423505099006, 0.7119693166868712, -1.1421897063801696, -0.04694212023111861]",43.57209513451046,5.591689175323904
"[-0.31713739750665315, 0.7118521060576376, -1.1421242887297438, -0.04766338123291599]",43.576189291715465,5.594832339559612
"[-0.3177231335572516, 0.7117338467979116, -1.142058219664494, -0.048387915747298185]",43.58029235460143,5.597975503795319
"[-0.3183114751875386, 0.7116145256050197, -1.141991489925218, -0.049115764960905514]",43.58440435588602,5.601118668031027
"[-0.31890247391748533, 0.7114941250467658, -1.1419240878909382, -0.04984699426533167]",43.58852532639394,5.604261832266735
"[-0.3194961913756394, 0.7113726254039445, -1.1418560005992093, -0.05058168160746157]",43.59265531223464,5.607404996502442
"[-0.3200926617523702, 0.7112500123574712, -1.1417872180528916, -0.05131987102754281]",43.596794346742605,5.61054816073815
"[-0.3206919516470392, 0.7111262647278384, -1.1417177263462444, -0.052061646718883914]",43.60094247893205,5.613691324973858
"[-0.32129411175667505, 0.7110013643661808, -1.141647513206825, -0.05280707324529734]",43.60509974527957,5.616834489209565
"[-0.3218991929129303, 0.7108752928773483, -1.1415765661581738, -0.053556215385292594]",43.60926618470097,5.6199776534452734
"[-0.322507236391035, 0.7107480336502033, -1.1415048736623146, -0.05430912613213197]",43.613441819770074,5.623120817680981
"[-0.3231183080391723, 0.7106195647095288, -1.1414324210905005, -0.05506588895580047]",43.617626716276924,5.626263981916688
"[-0.32373246029038394, 0.7104898666383376, -1.1413591951807378, -0.05582657076960762]",43.62182090340463,5.629407146152396
"[-0.3243497348494231, 0.7103589220679141, -1.1412851837559854, -0.05659122524820124]",43.62602441539267,5.632550310388104
"[-0.3249701998595139, 0.7102267077895725, -1.1412103712631605, -0.05735993886929178]",43.63023730236909,5.635693474623811
"[-0.32559390176223385, 0.7100932049531948, -1.1411347445339763, -0.05813277128244846]",43.634459597799776,5.638836638859519
"[-0.32622088913950364, 0.7099583940316607, -1.1410582899395754, -0.058909784839918156]",43.63869134282357,5.641979803095227
"[-0.3268512290820919, 0.7098222512650904, -1.1409809913672497, -0.05969106488876531]",43.64293257983316,5.645122967330934
"[-0.32748496729535037, 0.7096847572433745, -1.1409028350863004, -0.06047667033016697]",43.647183353474084,5.648266131566642
"[-0.32812215007091733, 0.7095458922089964, -1.1408238070860413, -0.06126666084389091]",43.65144367808539,5.651409295802349
"[-0.3287628621990263, 0.7094056277338315, -1.1407438883278982, -0.062061143904200734]",43.65571364479106,5.654552460038057
"[-0.32940711550478996, 0.7092639510933612, -1.1406630686269934, -0.06286013657026696]",43.65999323114183,5.657695624273765
"[-0.33005500675649585, 0.7091208306653127, -1.140581326929987, -0.06366376129881028]",43.664282532410695,5.660838788509472
"[-0.33070656272628546, 0.7089762499629387, -1.1404986507210904, -0.06447205379841911]",43.668581554317896,5.663981952745179
"[-0.3313618599933345, 0.7088301812175927, -1.1404150209388466, -0.06528511162133328]",43.672890364534304,5.667125116980888
"[-0.33202094236694324, 0.7086826036576149, -1.1403304224192503, -0.06610299173081764]",43.677208981896435,5.670268281216595
"[-0.3326838644384305, 0.7085334938532433, -1.1402448383732795, -0.06692576452836053]",43.6815374549478,5.673411445452302
"[-0.33335069303970055, 0.7083828253291369, -1.140158250152695, -0.0677535156755361]",43.68587583486791,5.67655460968801
"[-0.33402148128515075, 0.708230574404075, -1.1400706405991303, -0.06858631387675847]",43.6902241487678,5.679697773923718
"[-0.33469627623317566, 0.7080767185078155, -1.139981993081689, -0.06942422038081725]",43.694582431456105,5.682840938159425
"[-0.3353751499594355, 0.7079212290768598, -1.1398922873976747, -0.07026732756918233]",43.698950751305574,5.685984102395133
"[-0.3360581556774385, 0.7077640815403617, -1.139801505520064, -0.07111570447396667]",43.70332912550954,5.689127266630841
"[-0.33674534537920764, 0.7076052513290882, -1.1397096292999445, -0.0719694186769393]",43.7077176076683,5.692270430866548
"[-0.33743678377986164, 0.7074447106341577, -1.1396166385855055, -0.0728285536370523]",43.71211623254478,5.695413595102256
"[-0.33813252904185315, 0.7072824328431463, -1.1395225137814755, -0.07369318474762644]",43.71652504934498,5.698556759337964
"[-0.3388326310503559, 0.7071183929768385, -1.1394272361049091, -0.0745633771865664]",43.72094408984063,5.701699923573671
"[-0.33953716259426914, 0.7069525603746054, -1.1393307833317643, -0.07543922467474826]",43.72537340100488,5.704843087809379
"[-0.3402461746797538, 0.7067849091588484, -1.139233135870096, -0.07632079393431629]",43.72981303084641,5.707986252045087
"[-0.34095973743292385, 0.7066154086111721, -1.1391342711594383, -0.07720817553685275]",43.73426302250847,5.711129416280794
"[-0.3416778843847443, 0.7064440363912285, -1.1390341713742516, -0.07810141461975628]",43.7387233878192,5.714272580516502
"[-0.3424007002765628, 0.7062707576364268, -1.1389328112216828, -0.07900062008929712]",43.74319420709296,5.717415744752209
"[-0.34312824230156574, 0.7060955436883468, -1.1388301688631337, -0.07990586667360142]",43.747675506868646,5.720558908987917
"[-0.343860568218172, 0.7059183654238752, -1.1387262220219434, -0.08081722988251713]",43.752167332774434,5.723702073223625
"[-0.34459773118623105, 0.7057391945070233, -1.1386209487140535, -0.08173477958093746]",43.75666971836616,5.726845237459332
"[-0.34533978487504896, 0.7055580021616865, -1.1385143265252398, -0.08265858634387778]",43.76118270206455,5.72998840169504
"[-0.3460868198903674, 0.7053747502096823, -1.1384063273198475, -0.08358876681935334]",43.76570634556969,5.733131565930748
"[-0.3468388765742517, 0.7051894123970094, -1.1382969297918801, -0.08452537516319819]",43.77024067931853,5.736274730166455
"[-0.3475960268928212, 0.7050019543555899, -1.1381861076599842, -0.08546850499256832]",43.77478574679909,5.739417894402163
"[-0.3483583239963438, 0.704812345994291, -1.1380738369685828, -0.08641822657628392]",43.77934159061717,5.742561058637871
"[-0.34912582292398814, 0.7046205564181155, -1.1379600930880445, -0.08737461261583833]",43.783908249530036,5.745704222873578
"[-0.34989860817338836, 0.7044265469769775, -1.1378448465741684, -0.08833777261269272]",43.78848577026811,5.7488473871092864
"[-0.3506767255145282, 0.7042302883280879, -1.1377280732863504, -0.08930776789601924]",43.79307419542149,5.751990551344994
"[-0.35146024652285973, 0.7040317442688926, -1.1376097447850957, -0.09028469204618517]",43.79767356573689,5.755133715580701
"[-0.3522492274929915, 0.7038308820659538, -1.137489834464613, -0.0912686196836495]",43.802283925389325,5.7582768798164095
"[-0.3530437382884404, 0.7036276651459483, -1.1373683131907915, -0.09225964243932477]",43.80690530807885,5.761420044052117
"[-0.35384383948430187, 0.7034220588986901, -1.13724515275557, -0.09325784045249727]",43.811537774553784,5.764563208287824
"[-0.3546495974245337, 0.7032140268328104, -1.137120323572901, -0.09426330115045972]",43.81618135232653,5.7677063725235325
"[-0.35546106820715934, 0.7030035347013889, -1.1369937971454884, -0.09527609926594757]",43.820836079461785,5.77084953675924
"[-0.3562783180514804, 0.7027905452405878, -1.1368655429000583, -0.09629632225230887]",43.82550200101136,5.773992700994947
"[-0.35710143126571975, 0.7025750160132396, -1.1367355268634312, -0.0973240802463657]",43.83017918172824,5.7771358652306555
"[-0.35793044955345266, 0.7023569152981901, -1.1366037212391542, -0.0983594302850225]",43.834867645404216,5.780279029466363
"[-0.358765438865572, 0.7021362046387419, -1.1364700938846166, -0.09940245976599817]",43.8395674215657,5.78342219370207
"[-0.35960648077925567, 0.7019128409837524, -1.136334609567351, -0.10045327570741433]",43.84427857679185,5.786565357937778
"[-0.36045363434419814, 0.7016867867904563, -1.136197236077342, -0.10151195708320616]",43.84900114815371,5.789708522173486
"[-0.3613069527457892, 0.7014580056849538, -1.1360579416067629, -0.10257857562299658]",43.85373515795622,5.792851686409193
"[-0.3621665169062416, 0.7012264534237869, -1.1359166892310557, -0.10365323781762596]",43.85848066923083,5.795994850644901
"[-0.3630323861225211, 0.7009920911054849, -1.1357734449380466, -0.10473602322196465]",43.86323771617429,5.799138014880609
"[-0.3639046265572757, 0.7007548775393281, -1.135628172973968, -0.10582702006471137]",43.86800634379081,5.802281179116316
"[-0.3647833118684346, 0.7005147690254154, -1.1354808356867538, -0.10692632604501244]",43.872786583473754,5.805424343352024
"[-0.3656685123802237, 0.7002717222826258, -1.1353313953044832, -0.10803403478978704]",43.87757849603673,5.808567507587732
"[-0.36656028541821795, 0.700025697139613, -1.1351798155889479, -0.1091502237495913]",43.882382117490586,5.811710671823439
"[-0.3674586959336229, 0.6997766508867821, -1.1350260583560838, -0.11027498000213869]",43.88719747034776,5.814853836059147
"[-0.36836381771069576, 0.699524537885866, -1.1348700832092382, -0.11140840177412359]",43.89202461170205,5.817997000294855
"[-0.36927572154089533, 0.6992693128254094, -1.1347118495312665, -0.11255058363888609]",43.896863582330795,5.821140164530562
"[-0.37019447953461193, 0.6990109295219828, -1.1345513157311884, -0.1137016219130258]",43.90171442930259,5.82428332876627
"[-0.37112014686106015, 0.6987493460804951, -1.1343884424448067, -0.11486159177193402]",43.906577183538786,5.827426493001978
"[-0.3720528015256649, 0.6984845136848037, -1.1342231855512188, -0.11603059708614674]",43.91145188442079,5.830569657237685
"[-0.3729925200949286, 0.6982163833816776, -1.1340555003621617, -0.11720874001569455]",43.916338587749394,5.833712821473393
"[-0.3739393443405714, 0.6979449156739412, -1.133885347629232, -0.11839607917172638]",43.92123730214702,5.836855985709101
"[-0.3748933757017137, 0.697670053479019, -1.1337126765927232, -0.11959274806187797]",43.92614810387744,5.839999149944808
"[-0.37585466521268535, 0.6973917536534595, -1.1335374447162476, -0.12079881706158145]",43.93107101278919,5.843142314180516
"[-0.3768232972715247, 0.6971099629151662, -1.1333596025618096, -0.12201439847137203]",43.93600607886657,5.846285478416224
"[-0.3777993299577773, 0.6968246350949054, -1.1331791046288562, -0.12323957163959535]",43.9409533296497,5.849428642651931
"[-0.37878284398120177, 0.6965357169068452, -1.1329959003606216, -0.12447444438412678]",43.94591282413957,5.852571806887639
"[-0.3797738953646322, 0.6962431617864491, -1.132809942883191, -0.1257190935916906]",43.950884570968434,5.855714971123347
"[-0.3807725720273537, 0.6959469132404134, -1.1326211784213707, -0.1269736362640545]",43.955868641266754,5.858858135359054
"[-0.3817789304494194, 0.6956469235397709, -1.132429558161799, -0.12823814997148952]",43.96086504399736,5.862001299594762
"[-0.38279306647428635, 0.6953431326858517, -1.1322350248213697, -0.12951276179713375]",43.965873846733416,5.865144463830469
"[-0.3838150335134093, 0.695035492802598, -1.1320375282119173, -0.13079754555161102]",43.9708950718124,5.868287628066177
"[-0.384844903028543, 0.6947239501066589, -1.1318370137037177, -0.13209259776490248]",43.97592875186197,5.871430792301885
"[-0.3858827615555859, 0.6944084456799673, -1.1316334226599363, -0.1333980339657995]",43.98097493968075,5.874573956537592
"[-0.38692866462096065, 0.6940889294683248, -1.1314267014446835, -0.13471393071304325]",43.9860336505949,5.8777171207733
"[-0.38798268833074145, 0.6937653446367203, -1.1312167913188462, -0.13604039046988042]",43.99110492534382,5.880860285009008
"[-0.389044931667568, 0.6934376267034283, -1.1310036277996076, -0.13737754452252218]",43.99618883051505,5.884003449244715
"[-0.3901154342441518, 0.6931057289268717, -1.1307871571536747, -0.1387254494377136]",44.001285357659235,5.887146613480423
"[-0.39119429799185385, 0.6927695847512543, -1.1305673119410453, -0.14008424023899343]",44.006394573559994,5.890289777716131
"[-0.39228158235325433, 0.6924291402254382, -1.1303440321070628, -0.14145399844812329]",44.01151649937348,5.893432941951838
"[-0.39337736675011326, 0.692084334626121, -1.1301172523145686, -0.14283483073353323]",44.01665116802295,5.8965761061875455
"[-0.3944817239215649, 0.6917351087554149, -1.1298869073401774, -0.14422683532326766]",44.02179862093109,5.899719270423254
"[-0.3955947452850585, 0.6913813969143355, -1.129652926748856, -0.1456301339629299]",44.026958891050796,5.902862434658961
"[-0.39671647419691747, 0.6910231481238838, -1.1294152489070566, -0.1470447877574043]",44.03213199049829,5.9060055988946685
"[-0.3978470165348644, 0.6906602909270818, -1.1291737976471496, -0.14847093659401633]",44.03731796880037,5.909148763130376
"[-0.39898644176995035, 0.6902927648822823, -1.1289285030900231, -0.14990867439040786]",44.04251685898284,5.912291927366084
"[-0.4001348272995034, 0.6899205064490178, -1.1286792922659907, -0.15135810498245922]",44.04772869532928,5.9154350916017915
"[-0.40129224166654764, 0.6895434544072782, -1.1284260927012855, -0.15281932093585623]",44.0529534827206,5.918578255837499
"[-0.4024587831822736, 0.6891615372563082, -1.1281688239130359, -0.15429245229635394]",44.05819127706308,5.921721420073206
"[-0.40363451321248467, 0.6887746949802541, -1.127907412002669, -0.1557775823436034]",44.063442095305,5.9248645843089145
"[-0.40481951141769357, 0.688382861042608, -1.127641777523193, -0.15727481731744]",44.06870595438752,5.928007748544622
"[-0.4060138593562892, 0.6879859677032151, -1.1273718389999925, -0.15878426570586468]",44.07398289586113,5.931150912780329
"[-0.40721765363149753, 0.6875839416056758, -1.127097509869145, -0.16030605485204402]",44.079272941093116,5.9342940770160375
"[-0.40843094553059744, 0.6871767239661886, -1.1268187122247877, -0.16184025462419294]",44.084576113162015,5.937437241251745
"[-0.40965383611500067, 0.6867642388040528, -1.1265353550912447, -0.1633869976080454]",44.089892434197616,5.940580405487452
"[-0.41088639939620847, 0.6863464186380037, -1.1262473519301337, -0.16494638196074946]",44.095221922554416,5.94372356972316
"[-0.41212872888225893, 0.6859231888239764, -1.1259546098508775, -0.1665185302549451]",44.10056462281389,5.946866733958868
"[-0.41338088522326394, 0.6854944853667886, -1.1256570418705334, -0.16810352320730157]",44.10592051770936,5.950009898194575
"[-0.4146429720878963, 0.6850602290361467, -1.1253545489423022, -0.16970149568198636]",44.111289657436615,5.953153062430283
"[-0.4159150502991156, 0.6846203547728692, -1.1250470403190913, -0.17131252797631596]",44.11667203590157,5.956296226665991
"[-0.4171972355539436, 0.6841747780234568, -1.1247344100256875, -0.17293676952857462]",44.12206769293239,5.959439390901698
"[-0.4184895853706217, 0.683723433857887, -1.1244165641611992, -0.17457429570910318]",44.1274766244543,5.962582555137406
"[-0.419792188389966, 0.6832662460639771, -1.1240933992222557, -0.17622522089251624]",44.13289884910515,5.965725719373114
"[-0.4211051478018595, 0.6828031327505449, -1.1237648058889318, -0.17788967746016243]",44.13833439295705,5.968868883608821
"[-0.42242853047988843, 0.6823340243074792, -1.1234306817137136, -0.1795677512815955]",44.14378324633376,5.972012047844529
"[-0.42376243687608645, 0.6818588387782777, -1.123090913594348, -0.181259570282177]",44.14924542816885,5.975155212080237
"[-0.42510695378427205, 0.6813774985321717, -1.1227453895392288, -0.18296524452256477]",44.15472095232221,5.978298376315944
"[-0.4264621626577382, 0.6808899274008627, -1.122393996603849, -0.18468487669331676]",44.16020980835577,5.981441540551652
"[-0.4278281649483926, 0.6803960415595284, -1.1220366142420335, -0.1864185942283191]",44.16571202100466,5.98458470478736
"[-0.4292050304473353, 0.6798957681832363, -1.1216731277151692, -0.18816648370049346]",44.17122756737701,5.987727869023067
"[-0.43059287487195747, 0.6793890173508557, -1.1213034076527861, -0.18992868925697115]",44.176756471884865,5.990871033258775
"[-0.431991772540363, 0.6788757137749665, -1.1209273330226375, -0.19170530171513117]",44.18229871950677,5.994014197494483
"[-0.43340181653705195, 0.6783557749574247, -1.1205447751806639, -0.19349643488947876]",44.1878542975966,5.99715736173019
"[-0.43482311152680614, 0.6778291137134475, -1.1201555995572112, -0.19530221642982204]",44.19342321506237,6.000300525965898
"[-0.43625574736694667, 0.6772956479416199, -1.119759672773681, -0.1971227542411246]",44.199005461055364,6.003443690201606
"[-0.43769980979042605, 0.6767552967783059, -1.1193568597741768, -0.19895814998354444]",44.20460101025732,6.006586854437313
"[-0.4391554139182385, 0.6762079680325535, -1.1189470143371525, -0.2008085416090489]",44.210209864853255,6.009730018673021
"[-0.44062265588263105, 0.675653576271042, -1.1185299924342407, -0.2026740418123064]",44.21583201522405,6.012873182908729
"[-0.442101609968428, 0.6750920441121412, -1.1181056532373597, -0.20455473430297466]",44.22146740920477,6.016016347144436
"[-0.44359239295299424, 0.6745232778553772, -1.1176738406256985, -0.20645075554557538]",44.22711604852084,6.019159511380144
"[-0.4450951179324677, 0.6739471848707107, -1.117234396097471, -0.20836223598290393]",44.2327779138612,6.022302675615851
"[-0.44660986280298004, 0.6733636858411677, -1.1167871680930097, -0.21028925984777785]",44.23845295486895,6.025445839851559
"[-0.4481367572265189, 0.6727726813876913, -1.11633198637115, -0.2122319757035678]",44.24414115655915,6.028589004087267
"[-0.4496758910489772, 0.6721740873357356, -1.115868688887529, -0.21419047984858283]",44.24984248349224,6.031732168322974
"[-0.45122735862161606, 0.6715678177696298, -1.1153971087577412, -0.21616487259772837]",44.25555687985808,6.034875332558682
"[-0.4527912961997934, 0.6709537703210824, -1.1149170625798503, -0.21815530578470418]",44.261284326604475,6.03801849679439
"[-0.45436779069581046, 0.6703318619118729, -1.1144283781413664, -0.22016186653151099]",44.26702475045003,6.041161661030097
"[-0.4559569711825706, 0.6697019929147554, -1.1139308662988658, -0.22218469358989273]",44.2727781367816,6.044304825265805
"[-0.45755892616484006, 0.6690640798391259, -1.1134243465261335, -0.22422387192703194]",44.27854439210817,6.047447989501513
"[-0.4591737950879093, 0.668418019074549, -1.1129086180945904, -0.2262795490804437]",44.28432347584094,6.05059115373722
"[-0.4608016884010546, 0.6677637186844807, -1.1123834850834384, -0.22835183327518013]",44.290115339331855,6.053734317972928
"[-0.4624427145790411, 0.6671010878081277, -1.1118487479024382, -0.23044082768024443]",44.295919885897256,6.056877482208636
"[-0.4640969843521931, 0.6664300350309206, -1.111304201832995, -0.23254663564960495]",44.301737029306544,6.060020646444343
"[-0.4657646633422923, 0.6657504469414356, -1.1107496193037303, -0.2346694275695583]",44.30756674609072,6.063163810680051
"[-0.4674458428051431, 0.665062240735493, -1.1101847924987842, -0.23680927615984015]",44.31340891095071,6.066306974915759
"[-0.4691406340480911, 0.6643653260775872, -1.1096095023197599, -0.2389662764978764]",44.3192634248378,6.069450139151466
"[-0.4708492101613716, 0.663659587728883, -1.109023503555133, -0.2411405989393085]",44.32513022919504,6.072593303387174
"[-0.4725716726532821, 0.6629449405285579, -1.1084265701260512, -0.24333231919560838]",44.331009183137596,6.075736467622882
"[-0.47430815715514424, 0.6622212860052372, -1.1078184590532794, -0.24554155266856956]",44.33690019299849,6.078879631858589
"[-0.47605882052245135, 0.661488517580439, -1.1071989143156966, -0.24776843780579805]",44.34280314651367,6.082022796094297
"[-0.47782378183118823, 0.6607465453458037, -1.1065676875478758, -0.25001306082243285]",44.348717911377065,6.085165960330005
"[-0.4796031873264649, 0.6599952690451378, -1.1059245150360315, -0.2522755380932112]",44.354644352985936,6.088309124565712
"[-0.4813971932974984, 0.6592345852297126, -1.1052691233706875, -0.2545559941058682]",44.36058234008536,6.09145228880142
"[-0.4832059392581583, 0.6584643987450098, -1.1046012390800959, -0.25685452710948864]",44.36653171898272,6.094595453037128
"[-0.48502959179542715, 0.6576846042327508, -1.103920572382211, -0.25917126457295603]",44.37249234026357,6.097738617272835
"[-0.48686828767823825, 0.6568951105161307, -1.1032268380918884, -0.26150629060884456]",44.378464025482664,6.1008817815085425
"[-0.4887222065346998, 0.6560958096222601, -1.1025197282298718, -0.2638597379875421]",44.38444662086319,6.104024945744251
"[-0.49059149247738976, 0.6552866105672217, -1.1017989413864142, -0.26623168828519084]",44.39043991540121,6.107168109979958
"[-0.4924763239355125, 0.6544674094295918, -1.1010641559606538, -0.2686222602011546]",44.396443720549335,6.1103112742156656
"[-0.49437688150887, 0.6536381032927715, -1.1003150420313343, -0.2710315683670768]",44.402457844248666,6.113454438451374
"[-0.49629333673797, 0.6527985953526579, -1.0995512656627224, -0.2734597087439463]",44.408482059030646,6.116597602687081
"[-0.4982258553727393, 0.6519487937618367, -1.0987724876356213, -0.2759067624050073]",44.41451611486031,6.119740766922789
"[-0.5001746454075146, 0.6510885906529204, -1.0979783437547372, -0.27837285592252975]",44.42055979264932,6.122883931158497
"[-0.502139900750458, 0.650217887024535, -1.0971684670805772, -0.28085808955158925]",44.426612845239596,6.126027095394204
"[-0.5041218098850383, 0.6493365892460076, -1.0963424844665428, -0.283362547774288]",44.43267497705826,6.129170259629912
"[-0.506120568797216, 0.6484446035809919, -1.0955000110568491, -0.28588631516681856]",44.438745899235066,6.13231342386562
"[-0.5081363991420114, 0.6475418282512924, -1.0946406421703605, -0.2884294987722484]",44.44482533721732,6.135456588101327
"[-0.510169509188344, 0.6466281711094524, -1.0937639694569148, -0.29099217822238904]",44.45091294550821,6.138599752337035
"[-0.5122201370260031, 0.6457035305358673, -1.0928695621139852, -0.2935744596365766]",44.45700842038534,6.141742916572742
"[-0.5142884995391904, 0.6447678186643798, -1.0919569886211726, -0.296176410685841]",44.46311138663843,6.14488608080845
"[-0.5163748375131179, 0.6438209413812327, -1.091025796868764, -0.29879811675867585]",44.469221487189614,6.148029245044158
"[-0.5184793942340785, 0.6428628082766114, -1.09007552310199, -0.30143965329423905]",44.475338322260356,6.151172409279865
"[-0.5206024241300655, 0.6418933290649868, -1.0891056877226477, -0.30410109589358]",44.48146148362217,6.154315573515572
"[-0.5227441920015915, 0.6409124142744353, -1.088115795188182, -0.30678251853597177]",44.48759053735725,6.157458737751281
"[-0.5249049662607901, 0.6399199787259614, -1.087105336747891, -0.3094839842689746]",44.49372503315049,6.160601901986988
"[-0.5270850215500489, 0.638915940766953, -1.0860737889362215, -0.31220554762540914]",44.499864475667955,6.163745066222695
"[-0.5292846567615487, 0.6379002143916869, -1.0850206045640902, -0.3149472761481133]",44.50600837375535,6.166888230458403
"[-0.5315041777056774, 0.636872717653509, -1.0839452203201947, -0.3177092276856332]",44.512156181892095,6.170031394694111
"[-0.533743895012988, 0.6358333741581913, -1.0828470574460334, -0.32049144674475266]",44.51830735615769,6.173174558929818
"[-0.5360041230694585, 0.6347821141235716, -1.0817255219736044, -0.3232939620981381]",44.524461283743726,6.176317723165526
"[-0.5382852082472929, 0.6337188618104086, -1.08057999020959, -0.3261168205721087]",44.53061734699569,6.179460887401234
"[-0.5405875017785612, 0.6326435487135085, -1.0794098214996266, -0.32896005204808265]",44.53677489740553,6.182604051636941
"[-0.5429113720498826, 0.6315561084914285, -1.0782143515757845, -0.3318236833226686]",44.54293323674322,6.185747215872649
"[-0.5452571723842687, 0.6304564927623264, -1.0769929087700538, -0.3347076970321931]",44.54909162268831,6.188890380108356
"[-0.5476253308282283, 0.629344629768224, -1.0757447667700357, -0.33761214052420363]",44.5552492988751,6.192033544344064
"[-0.55001624387364, 0.6282204749665361, -1.0744691991584243, -0.34053699344535343]",44.56140544868004,6.195176708579772
"[-0.5524303378195157, 0.6270839831386158, -1.0731654469913352, -0.3434822414869476]",44.567559212142,6.198319872815479
"[-0.5548680476906207, 0.6259351192051186, -1.0718327293358414, -0.3464478486921554]",44.57370969185021,6.201463037051187
"[-0.5573298605241714, 0.6247738387992753, -1.0704702188133584, -0.3494338080488431]",44.57985592540226,6.204606201286895
"[-0.5598162470107926, 0.6236001215438116, -1.0690770783171823, -0.3524400562086585]",44.5859969077467,6.207749365522602
"[-0.5623277238817054, 0.6224139427714901, -1.0676524259395437, -0.35546654696628804]",44.59213157531973,6.21089252975831
"[-0.5648648154338965, 0.6212152928983259, -1.0661953555952115, -0.35851320220062793]",44.59825880054926,6.214035693994018
"[-0.5674280750493971, 0.6200041685786151, -1.0647049241880275, -0.3615799352908916]",44.604377409650034,6.217178858229725
"[-0.5700180833457992, 0.6187805749892606, -1.0631801517212887, -0.36466664602691334]",44.61048612668581,6.220322022465433
"[-0.5726354537668555, 0.6175445247141963, -1.061620017044821, -0.3677732242147862]",44.616583645138675,6.223465186701141
"[-0.5752808158882591, 0.6162960472725659, -1.0600234669092181, -0.3708995266574871]",44.62266855889045,6.226608350936848
"[-0.5779548245673684, 0.6150351865541587, -1.0583894099152522, -0.37404538481810795]",44.62873936863686,6.229751515172556
"[-0.5806581913377848, 0.6137619879293953, -1.0567166962472008, -0.3772106380088093]",44.634794513004884,6.232894679408264
"[-0.5833916505147921, 0.6124765163145683, -1.0550041371455634, -0.3803950894064817]",44.640832339119115,6.236037843643971
"[-0.5861559437949233, 0.6111788655874014, -1.0532505141969593, -0.38359848440509864]",44.64685106726987,6.239181007879679
"[-0.5889519030995233, 0.609869122079312, -1.051454525938921, -0.38682060228931886]",44.65284883328387,6.242324172115387
"[-0.59178037295883, 0.6085474036722319, -1.0496148355560033, -0.3900611610961673]",44.65882367029571,6.245467336351094
"[-0.5946422263342542, 0.6072138550938195, -1.0477300604786461, -0.39331983138788573]",44.66477347110539,6.248610500586802
"[-0.5975384031550878, 0.6058686329704246, -1.0457987460785876, -0.39659627478261705]",44.670696010108124,6.25175366482251
"[-0.6004698923836355, 0.6045119175600052, -1.0438193759059262, -0.3998901172269162]",44.676588918322025,6.254896829058217
"[-0.6034377346643529, 0.6031439151115925, -1.0417903687607941, -0.403200945618343]",44.682449689025105,6.258039993293925
"[-0.6064429962746949, 0.601764873663715, -1.0397100957417693, -0.40652827231767574]",44.6882756543704,6.261183157529633
"[-0.6094868390410261, 0.6003750550563176, -1.037576831119275, -0.4098716056970943]",44.694063971282276,6.26432632176534
"[-0.6125704689374212, 0.5989747631787219, -1.0353887863441724, -0.41323038500576004]",44.69981163099573,6.267469486001048
"[-0.6156951724976623, 0.5975643322901182, -1.0331440834468895, -0.4166040120300024]",44.705515426424995,6.270612650236756
"[-0.6188622518545487, 0.5961441616103997, -1.030840800888573, -0.4199917723268157]",44.71117193011401,6.273755814472463
"[-0.6220731610473896, 0.5947146597867088, -1.0284768740498638, -0.4233929722187697]",44.71677750788617,6.276898978708171
"[-0.6253293538232773, 0.5932763194298388, -1.0260502049364042, -0.42680676579769683]",44.72232827726331,6.280042142943879
"[-0.628632446246369, 0.5918296516034688, -1.023558541523482, -0.43023231616382357]",44.727820110373,6.283185307179586
