u,t,theta
"[-1.5641826763415139, 0.7832612862304648, -0.560820389334296, -0.44078052568930887]",93.19872038675082,0.0
"[6.6930364751637885, 1.1520453579742718, -0.7311455097854634, 0.11033967602033369]",85.37948997777265,0.003143164235707647
"[-0.031794535159693514, 0.5566200915071375, -0.8006927723160614, 0.8257177151927311]",94.24400456246731,0.009429492707122941
"[23.708558610608602, 1.0944959411175292, -1.0846602902291411, 0.03435624003572269]",84.26285586591874,0.018858985414245882
"[20.03470107074137, 1.1803745024026973, -0.900444064389761, 0.037355072604502264]",84.18799100239305,0.02200214964995353
"[16.257093455548176, 1.130948606213298, -0.6933531801501146, 0.052359189038588494]",84.28178813403154,0.025145313885661175
"[6.242876840938095, 1.1099563521412268, -0.664785019085553, 0.12621741882121823]",71.72448573724272,0.02828847812136882
"[5.679921198586362, 0.9930230293797119, -0.5764194592785481, 0.15616033520327893]",71.79560391712124,0.03143164235707647
"[5.694163892335406, 0.9982685283356488, -0.5787768076017374, 0.15511546526907816]",71.81659471686095,0.04400429929990706
"[6.437446154127817, 1.1313632731637102, -0.6939910610699801, 0.1187364559381184]",71.7373098808143,0.047147463535614706
"[1.085365261555537, 1.1696662535909752, -0.9543556609376791, 0.169096360889405]",69.35884765875662,0.11001074824976764
"[1.2453386158489048, 1.1222375589084033, -0.680673491016542, 0.2950428022472813]",85.07427331151546,0.11315391248547528
"[0.11622820734969447, 0.7362381787737762, -0.5776588380663749, -0.273876160036265]",70.31852751893078,0.11629707672118293
"[1.7329181510321874, 1.146771098219312, -1.0115652782390712, 0.19556885092966572]",78.50402690700547,0.11944024095689058
"[10.238674909597739, 1.0157428439407066, -0.5874851228320277, 0.09158898205020283]",87.78369284689656,0.12258340519259824
"[10.609931796092651, 1.0401265040536873, -0.6020390274597881, 0.08670240659362677]",79.97393260971468,0.12572656942830587
"[-0.6404499586616221, 0.9240243776550794, -0.5551618983194998, -0.7442729122318525]",72.35384522374778,0.13515606213542883
"[0.14603343280843237, 0.5516704378138172, -0.8316603725811141, 0.8749024496269088]",76.67117869012313,0.13829922637113645
"[1.3421306739596646, 1.1761615035481796, -0.9277959438769441, 0.18480248261419527]",58.01369994269114,0.1414423906068441
"[0.7873301133621483, 1.0926952889696047, -0.6455242401817453, 0.3814354637550805]",64.65139251029213,0.14458555484255176
"[11.589388167078948, 1.1197564611869082, -0.677291330259222, 0.07270940571456895]",70.82833396972853,0.1477287190782594
"[6.237255112707132, 1.0464848885888618, -0.6063441099951179, 0.13711004906385427]",81.05918355053117,0.15401504754967468
"[-0.48095014232134875, 1.1103731908732608, -0.6652913534970119, -0.4324137085153564]",89.61700955304944,0.15715821178538233
"[-2.1088710825488755, 0.6406267816450445, -0.6442249052781052, -0.41582391201222296]",89.35548396501999,0.1728740329639206
"[1.6705516383038697, 1.0733750080235371, -0.627265814192975, 0.3087217262529713]",84.50302157337454,0.17601719719962824
"[0.38587803222763833, 0.724171105863071, -0.5833995766538749, 0.20486264574129814]",98.79501801963322,0.18230352567104352
"[0.6867291257243342, 1.1539336557559425, -0.7352246451982937, 0.26587764310602713]",87.20070793110382,0.18544668990675117
"[8.88408933777007, 1.1303104185283148, -1.0396728367679986, 0.08011185979779174]",78.23189720704264,0.19173301837816648
"[-0.03574169909486593, 1.1821744707260555, -0.8730800102187769, -0.2509178245181896]",70.755666261531,0.1948761826138741
"[3.6543170280564743, 0.9869080458730971, -0.5738142013269304, 0.22220018525089294]",99.68534598405557,0.20430567532099703
"[0.7816413013804966, 0.832444426379408, -0.5515857148828487, 0.9750202372629795]",83.92618991409103,0.2074488395567047
"[11.248386920614072, 1.073559788174639, -0.6274264111298624, 0.07937464065515694]",62.399975238298275,0.22316466073524294
"[12.064947936631192, 1.1332535800782149, -0.6969422828211312, 0.06861455137330379]",62.33927466311572,0.22630782497095056
"[12.759918072828178, 1.1623218407992637, -0.7555336782468203, 0.06160285607789832]",62.28688589415601,0.2294509892066582
"[13.342851349698403, 1.176223120883827, -0.8045650400832003, 0.056902158379163986]",62.241729058938446,0.23259415344236586
"[13.821354396537126, 1.181550503267603, -0.8449561941155888, 0.05375287223686702]",62.202700605883834,0.23573731767807354
"[14.20193595114257, 1.182048432302893, -0.8774028132437918, 0.051677292401942417]",62.16896764178134,0.23888048191378117
"[20.084240977444953, 1.1818632550722648, -0.881724183796014, 0.03747354657917053]",68.43924187761318,0.24202364614948882
"[20.403740275321148, 1.1803644641783937, -0.9005356212653146, 0.03672152500049452]",68.41402433530922,0.24516681038519647
"[20.60184773408978, 1.1787857694226085, -0.9127260856394023, 0.03629839665726908]",68.39297766180057,0.2483099746209041
"[20.687406870865708, 1.1778208745971057, -0.9187850889678582, 0.03612344050746057]",68.37583801198863,0.25145313885661175
"[20.669155907912344, 1.1777541015318025, -0.9191781929923853, 0.03615137631463014]",68.36241867830242,0.2545963030923194
"[20.555684661707378, 1.178538924968644, -0.9143503360340337, 0.03636477012761598]",68.35258842329202,0.25773946732802705
"[20.355345701195382, 1.1798762369207791, -0.9047249456356684, 0.036767750155294536]",68.3462575173034,0.2608826315637347
"[20.076149875685932, 1.1812889771691186, -0.8907008834486245, 0.03738076043640831]",68.3433698895799,0.26402579579944235
"[19.725664974246428, 1.1821838032789758, -0.8726485774219331, 0.03823653627586698]",68.34389864816954,0.26716896003515
"[19.310914985441137, 1.1818914902804685, -0.8509053706601348, 0.03937757973124839]",68.34784394235214,0.27031212427085766
"[18.838313536307655, 1.1796807190988283, -0.8257719172894956, 0.04085522667306656]",68.35523244056995,0.2734552885065653
"[18.313589203336093, 1.1747409485715175, -0.7975074323695783, 0.042730562383190174]",68.36611738463355,0.2765984527422729
"[12.86121246125376, 1.1736019198847498, -0.7925632588145964, 0.0593419788437311]",62.07633796639832,0.27974161697798056
"[12.455976903756596, 1.1640767206226978, -0.7603588881280194, 0.06269594493059658]",62.092678536699644,0.2828847812136882
"[12.027298545015945, 1.149464139120547, -0.7258024266691954, 0.06680813953244746]",62.11241697521169,0.28602794544939586
"[11.577401093236613, 1.1280542003349532, -0.6889917635397727, 0.07183706231597771]",62.13559661095229,0.2891711096851035
"[11.108073408512634, 1.0969291445402145, -0.6499618425230284, 0.07801975150301649]",62.16218395628383,0.29231427392081116
"[10.620765887607345, 1.0497665295559886, -0.6086556334146932, 0.08579299544213274]",62.19184237941208,0.2954574381565188
"[10.11713745915084, 0.9621488033430462, -0.5647609152410855, 0.09659537856914122]",62.22238808623461,0.29860060239222647
"[2.865918479032645, 1.1150704529470132, -0.6711496395457821, 0.21896385148562528]",87.00421247188959,0.3237459162778876
"[3.631266416190595, 1.0592712345231978, -0.6157135005475347, 0.2058101094060186]",81.11358659678052,0.3268890805135953
"[16.08861214235232, 1.1228805233667163, -1.0504852843664672, 0.047629786254832725]",84.73451721427223,0.33631857322071823
"[1.282465559686096, 1.102768807491291, -0.6563767433992794, 0.3125390213194724]",72.24376881945436,0.3394617374564258
"[0.2997586984000997, 0.5875457795004785, -0.716195170324497, 0.8284695844219623]",70.4407934774886,0.3426049016921335
"[0.988068815910085, 1.1312000374365503, -1.0383112524994933, 0.17544589076960077]",83.81974522888227,0.3520343943992565
"[-0.632246691009489, 0.9790160071428491, -0.5706728626531622, -0.5500345622301231]",95.18389136753858,0.3551775586349641
"[-0.36487109339224394, 0.7775330920654825, -1.1696190644011164, -0.3687029537911588]",97.62074467550323,0.35832072287067174
"[1.3174063112251795, 1.1283919077520723, -1.0425581701361888, 0.19882288030918002]",61.94246534442654,0.3614638871063794
"[8.788665744452778, 1.16675037559424, -0.9638236212011417, 0.0779461715633437]",64.63130616531376,0.36460705134208704
"[1.370747037238411, 0.8129325086448579, -0.5542864994338537, 0.45045068597438875]",72.88604788301079,0.37089337981350234
"[-1.0726971394760831, 0.568462370883398, -0.7589915705786183, -0.6008539529148084]",70.08461978536108,0.37403654404921
"[21.491035729087884, 1.1662348927547315, -0.9653947286895761, 0.034863475722222266]",76.54513195050765,0.37717970828491765
"[10.000791579186526, 0.9410578557443904, -0.558828185123753, 0.09904337099933809]",74.18412011850867,0.38346603675633295
"[1.3781031035185303, 1.0417053672630678, -0.6030871022151423, 0.35251243099984186]",76.40179098066507,0.38660920099204055
"[-0.2638788615312597, 0.5697977358005853, -0.7553494410786907, 0.5362171451858818]",76.48428962169481,0.3897523652277482
"[21.235391385433143, 1.1736995344711214, -0.9390776406162656, 0.03519259683351055]",91.22814158552637,0.3928955294634559
"[10.837499336019524, 1.079815534966475, -0.6330151469090292, 0.08149886622191536]",66.2539627877767,0.39918185793487115
"[20.031621785510094, 1.1810272566738773, -0.8938432519421221, 0.03742477159639933]",72.46424124120854,0.4023250221705788
"[21.566713327261972, 1.1669957541991594, -0.9630658498420868, 0.0347363178905938]",72.64205826018205,0.40546818640628646
"[-1.67070149730629, 0.6864020515220198, -0.6057650508260943, -0.4577921426011025]",64.783845341284,0.40861135064199405
"[1.8718185354067491, 1.178940001652602, -0.9116812297105894, 0.19057497648483548]",79.92118675975152,0.4148976791134094
"[2.2002406962940433, 1.0286418674684887, -1.1372372872609784, 0.24771535266440126]",62.57963828730544,0.42747033605624
"[1.154169235792309, 1.1436547121927851, -1.0174254272741645, 0.1818890829838228]",68.65675407323549,0.4306135002919476
"[22.594130979095414, 1.1436511419653532, -1.017431973983206, 0.03387426967607968]",76.80355512254138,0.43689982876336286
"[1.298438703271671, 1.1155442844861525, -1.0602941047461312, 0.20647368606994462]",57.511004796470544,0.4431861572347783
"[2.2970334733394973, 1.1064273965915306, -1.0714685391147922, 0.2033882471352851]",73.43410447532983,0.4463293214704859
"[0.9112282738938977, 0.6198373025318301, -0.6675526882751323, 0.5337660745688312]",60.430391597404,0.4526156499419011
"[1.0464965453428945, 0.7576511115354456, -0.5689479512917742, 0.5055847412320672]",72.58548870027346,0.45575881417760883
"[16.45973006881651, 1.1124623057105563, -1.064189107244517, 0.047258287854376906]",89.37558918124235,0.4589019784133164
"[0.3361366727570135, 0.5752816797835986, -0.7416546397194065, 0.8340318405913493]",93.25846588835769,0.46204514264902413
"[14.109224530962251, 1.1822025118545432, -0.8716854684766354, 0.052101014519194855]",74.186444985485,0.4746177995918547
"[13.975718472847012, 1.1821963733792442, -0.8600322422263921, 0.05281755760543806]",74.23540492470063,0.47776096382756233
"[0.9504984769500135, 1.1549492251601488, -0.7374834828338994, 0.25839059267688447]",74.46215921190216,0.4966199492418082
"[-0.06053213038587777, 0.5882069790728186, -0.7149726881823913, 0.7484377881096846]",61.92854305937959,0.4997631134775159
"[-0.3860635532207755, 0.8195435447374777, -0.5532324422595133, -0.5971872145435455]",87.48654729658196,0.5029062777132235
"[8.521361660895492e-5, 0.5560448980732942, -0.9285720749913068, 0.7972200503321815]",68.31677639579402,0.5091926061846388
"[0.04081525553019425, 0.5657620490051954, -0.7668189635866755, 0.848961778504169]",62.044351770681594,0.5123357704203465
"[1.1858196304846909, 1.1804484256240169, -0.899762080225165, 0.18246002239718181]",73.69029764803047,0.5154789346560541
"[-1.2654975240196051, 0.6120976576493825, -0.6775560435616986, -0.5457414870428599]",76.45241921385778,0.5186220988917617
"[0.544306366051139, 1.1792440176212933, -0.8225041452305485, 0.15507487268629663]",95.52263911526252,0.5217652631274694
"[-0.18413738446731212, 1.1738360703229562, -0.793550624963713, -0.29302174490923466]",75.25509935779438,0.524908427363177
"[-0.1298266984650746, 0.5525180814196258, -0.8246350809583919, 0.7432665027351432]",56.07802110826183,0.5280515915988847
"[0.34948506404100543, 1.1710227939322564, -0.9495513997558611, -0.0026262223142925313]",85.85307643645075,0.5469105770131306
"[1.256921428225712, 1.0945159642085855, -1.0846393644480903, 0.22060533126032225]",60.75504577884296,0.5531969054845458
"[17.77004274649717, 1.1663340790808936, -0.7669562383415875, 0.04498725389960675]",74.55998787206664,0.5563400697202535
"[0.22633114401750903, 0.7363526264508414, -0.577607355079801, 0.532086586970642]",79.29303258842985,0.5657695624273764
"[-0.12187736821186121, 0.5535590047671719, -0.8173967138454501, 0.7515705095253272]",61.96337193399667,0.5689127266630841
"[0.10051274637557812, 0.5760012933215619, -0.9920651409716136, 0.7431826143473848]",96.98073029150802,0.5846285478416223
"[23.293290029191954, 1.1734942098798233, -0.7921137451764548, 0.034210823308734636]",96.862721089098,0.5909148763130376
"[-0.07833855123638545, 0.8441259468463612, -0.5505568415063288, 0.016334431056327082]",81.90033574954161,0.5940580405487452
"[1.134478245288183, 1.0027424285346036, -0.580879028840863, 0.4060851619059828]",99.49837692348835,0.5972012047844529
"[10.457156432483302, 1.0326887397187845, -0.5972814132372546, 0.08847843998525115]",77.89623640719965,0.6003443690201605
"[21.37316960916726, 1.1419766459906968, -0.7115879992325739, 0.03975177740689839]",84.28042029258582,0.6066306974915759
"[-0.6646457642910619, 0.9724858602957736, -0.5682567499617134, -0.5119278115264607]",74.08191104121654,0.6097738617272835
"[-1.2958803479272094, 0.6594568217593725, -0.6265897737705476, -0.5158874967154078]",84.48361828181818,0.6129170259629911
"[-0.2836602218522365, 0.8543524948199797, -0.5500131521290514, -0.21607530780827283]",68.271028751472,0.6192033544344064
"[-0.49215902379165183, 0.570301117364643, -0.9780394494282566, -0.017972794390770035]",75.36018643604011,0.622346518670114
"[29.593817585264286, 1.1270315500329753, -1.044563331464651, 0.026690937367955924]",99.49790860757835,0.6349191756129448
"[27.872227441299906, 1.16109919276759, -0.9797419771370215, 0.027335166690476486]",90.90556841205061,0.6412055040843601
"[0.703475972840148, 0.552197643641546, -0.827139198470789, 0.6621177489455154]",88.87440080869952,0.6757803106771441
"[0.9102010862100616, 1.13263377889713, -0.6959666659325705, 0.2992698396606153]",95.57205593699916,0.7417867596270047
"[1.424704122426196, 1.1334282111039629, -1.034832212407885, 0.19902097949744924]",95.80274546911107,0.7763615662197888
"[15.521219156669845, 1.1023264204423213, -0.6558782421894706, 0.056981905257685705]",90.58190529572654,0.7826478946912041
"[-0.5444509797506993, 0.627451028063009, -1.0735880864832514, -0.32300412642180004]",97.2043878936308,0.7983637158697423
"[8.046736156817717, 1.1799012656899093, -0.9045214206312592, 0.08416291332298184]",84.53779313495359,0.80150688010545
"[0.9349090216601057, 1.1805125424529614, -0.832891740961195, 0.19145478863125456]",89.96664869556936,0.8203658655196959
"[0.7943419077156333, 1.165616935091817, -0.9672425681830639, 0.13378206749927068]",71.44258478460584,0.836081686698234
"[9.711932858904506, 1.065643765821075, -1.1112854892810218, 0.08124943097872363]",77.58154725251677,0.845511179405357
"[0.036938488600746326, 1.164229413025573, -0.9712602310637771, -0.25126693697271624]",89.46317927891201,0.8486543436410646
"[20.34273246919156, 1.11110681736447, -0.666187717855063, 0.04367927422423864]",82.90110108990588,0.8517975078767724
"[1.649529452635599, 1.0691065519141647, -0.6236248112226535, 0.31290365863679054]",86.94832540496846,0.85494067211248
"[-0.8776508571680407, 0.5537575737510063, -0.9159133013770492, -0.7083771758017297]",85.79857760433448,0.8580838363481876
"[11.24665463182187, 1.1091608047918387, -0.663824571004375, 0.07587766405620568]",76.20460235487872,0.8643701648196029
"[-0.6220202353820397, 0.9491705110844304, -0.5609239597824924, -0.6382907644600964]",82.82930820120909,0.8675133290553105
"[22.351110169715277, 1.159821407869477, -0.7490471665623185, 0.03681086615895865]",84.20383449785815,0.8737996575267257
"[0.7036577080556826, 0.5649757762716161, -0.7692311799154956, 0.5325319362587269]",69.34837214353298,0.8769428217624335
"[20.731997072495123, 1.124151449904662, -0.6833482450746782, 0.04210919961601593]",94.79599445579392,0.8895154787052642
"[27.352278103466524, 1.169609890876247, -0.9545491813647832, 0.02771194144335602]",88.30718732464801,0.8958018071766793
"[30.33813523817537, 1.1101654985675147, -1.0670120056242889, 0.026603751443602355]",87.08429016685308,0.898944971412387
"[9.990100452693886, 0.9750608777657988, -0.5691899857264927, 0.09679152381963194]",74.61560244449936,0.9020881356480946
"[25.89528736971494, 1.1809173242686686, -0.8950612163890231, 0.029365299420833272]",88.89229385430214,0.9083744641195101
"[0.5552692062870643, 1.181984363816674, -0.8529894697812513, 0.12924348321323512]",80.80362747238844,0.9146607925909253
"[-0.678161815245345, 0.8639092826064755, -0.5498047181372817, -0.878926213630189]",85.00835649465195,0.9209471210623407
"[11.707086833013518, 1.113819419932939, -0.6695613471201333, 0.07268541236317909]",71.54631353568914,0.9272334495337559
"[-0.5900200287454851, 0.6421023133109649, -1.0893154607793627, -0.5433683874395683]",92.19452069692412,0.9398061064765864
"[21.112853073497266, 1.1339353921336843, -0.6980246950278876, 0.040763271046348956]",85.99565770741319,0.9586650918908323
"[1.743691356069376, 1.0123592064198104, -1.1463580957885486, 0.279137475660261]",59.64984677572988,0.9680945845979553
"[-0.020073681926296622, 0.8388645873278, -0.5509662187899287, -0.10910669450140256]",65.50997756269702,0.9712377488336629
"[20.08195938062228, 1.1810692730275525, -0.8933632978569402, 0.03734201201260295]",78.64712712640858,0.996383062719324
"[0.27170155250625627, 0.6404804137657719, -0.6443737458220439, -0.20541971967258751]",71.96623799517252,1.0026693911907394
"[29.091324544174157, 1.1416579360533445, -1.0210309106379225, 0.026694848940502128]",80.42591331784594,1.0120988838978624
"[-0.6206791018375972, 0.5775493221434777, -0.9955690270203024, -0.3526947063742777]",93.88429157108118,1.01524204813357
"[18.18139551931063, 1.1715715949669636, -0.7845298514289205, 0.04343180931676977]",78.02868382984572,1.0435305262549388
"[-1.7354476743422127, 0.6583495131201736, -0.6275495676148477, -0.4591733460365927]",94.70785327975406,1.0529600189620616
"[17.940156785437026, 1.162297921909795, -0.7554695581516768, 0.045019642689323694]",73.03369067289087,1.0561031831977694
"[30.291489050462395, 1.1130799311326527, -1.0634185660688609, 0.026546017015441133]",78.94302275365766,1.059246347433477
"[30.74118798831635, 1.090713672824659, -1.088545474240055, 0.02693534775437381]",78.78922906648653,1.0623895116691846
"[29.07216102925442, 1.138876142565359, -1.0258768171241306, 0.026790209796978458]",78.72423255977344,1.0655326759048922
"[26.854679167059665, 1.173851957440123, -0.9384326745823368, 0.028186426860260353]",78.70521023575343,1.0686758401406
"[24.58182527499234, 1.1816386850803422, -0.8463211740449822, 0.03144349538913831]",78.71390554056524,1.0718190043763076
"[22.398045146841614, 1.162350538468385, -0.7556106649382119, 0.03653272395375663]",78.74143538154789,1.0749621686120152
"[11.70492224610475, 1.1451293765764756, -0.7173614459074293, 0.06904178696873083]",66.17423133618367,1.078105332847723
"[14.665222071148827, 1.0424096617290184, -0.6035590372737926, 0.06423375778320989]",72.53160400755701,1.0812484970834306
"[19.97931102262224, 1.1802174696802712, -0.9018492188806987, 0.0374393464493958]",97.1409023822414,1.1095369752047992
"[28.815895064519804, 1.1438160548932401, -1.0171291898271866, 0.02687922165399974]",97.08628923622366,1.1158233036762146
"[2.641883345883771, 0.9412612075113306, -0.5588779248145351, 0.2900262355340529]",92.8463818729969,1.1346822890904606
"[-0.0253411870119954, 0.8158614439004345, -0.5538018026125306, -0.2416621161434634]",80.23590688409078,1.1472549460332913
"[0.8990852649670905, 1.0853218650028962, -0.6381898005590856, 0.36914653262316266]",68.06686142231541,1.1503981102689989
"[1.1465676766328823, 1.1232402729711657, -1.0499833094836757, 0.1939100163625054]",75.80475577576863,1.156684438740414
"[18.694480332526464, 1.1785326558008813, -0.8176599467201805, 0.04135445662332369]",81.32712896944734,1.1598276029761219
"[0.39669547938423527, 0.5619522656668483, -0.7791949559258674, 0.8222359718712481]",79.6845471145958,1.166113931447537
"[1.1358090059614505, 1.0650714682653377, -0.620300630481738, 0.3590992575567388]",89.67695474467453,1.1724002599189522
"[-1.0651952193454919, 0.6263908689975151, -0.65968759886868, -0.5386859099793533]",65.82550446558585,1.1849729168617829
"[0.7785442935503126, 1.1590854628714153, -0.7472154640995425, 0.25015447566278914]",88.11709173656693,1.1975455738046135
"[6.080498691935449, 1.00653657506434, -0.5827294265000081, 0.1457436855742277]",75.36968669357994,1.2038319022760289
"[0.4407669426079966, 1.1731806072338877, -0.9412296655913706, 0.04206283687421079]",95.5778552176941,1.210118230747444
"[1.2001110023928683, 1.1604654940923096, -0.7506779581278871, 0.24682096789641314]",81.37364847224963,1.2132613949831519
"[-0.13455154605747752, 0.6794232795783073, -0.6107223539754721, 0.475756861573319]",63.044003987347445,1.219547723454567
"[-0.1530971672138403, 0.5550268203478744, -0.8087551575788533, 0.7149307855665715]",63.31498768574308,1.2226908876902747
"[-0.15910516480780246, 0.8017167553949409, -0.5564056406194939, 0.13679561866448742]",62.95054177117562,1.2258340519259823
"[-0.15949383474085155, 0.8123042548052185, -0.5543941502934696, 0.10235466131901484]",62.96531117156781,1.2289772161616899
"[-0.15124862911959144, 0.8037598971575297, -0.5559882984494571, 0.1378666692045712]",63.01400731309517,1.2321203803973975
"[-0.13489250509211279, 0.7617896170508592, -0.5674707173967818, 0.2734936535728768]",63.11265614329986,1.2352635446331053
"[0.10072635685079705, 0.7711060457322068, -0.5643793935887944, -0.2011396645966147]",62.49100157408708,1.2384067088688129
"[0.20897917852863196, 0.6673444870553429, -0.6200052962166175, -0.2733179398413175]",62.32267912073316,1.2415498731045205
"[1.9901265101769166, 1.0805857017718865, -1.0983266705212646, 0.22568464339103467]",69.33830238917724,1.244693037340228
"[9.416394389651115, 1.102968022919317, -1.0754488867979148, 0.07907980984774456]",98.92690957088654,1.2478362015759359
"[1.3977499974765, 1.1427661161838616, -1.0190436317857292, 0.1934996794675359]",78.06045640561062,1.254122530047351
"[0.426696097701288, 0.5603470251543902, -0.7850270776405986, 0.8125414627259273]",80.47590997881517,1.2572656942830587
"[14.278663539083276, 1.180528822588507, -0.8990041781772214, 0.05107478934777793]",75.74953872412786,1.2604088585187665
"[8.527684978038314, 1.165518488936414, -0.9675334918666619, 0.08000372917151737]",73.28777547357559,1.263552022754474
"[-0.07615520338520242, 0.5537066594453212, -0.8164572493459946, 0.7952649452134639]",75.46103694095031,1.2666951869901817
"[13.380746812879273, 1.181492754272765, -0.8441084976201242, 0.055378168876445755]",86.6721773047543,1.2698383512258895
"[0.8525000918079109, 0.6299486769212453, -0.6556263091248776, 0.5273145173912596]",90.08644678368088,1.2824110081687201
"[10.503586980675651, 1.0590020031556366, -0.6155058794054326, 0.08582572748031803]",79.18453025508518,1.2855541724044277
"[0.017159547384265506, 0.5965111165047106, -1.0314401823022556, 0.6540599655623599]",84.08637015371725,1.2886973366401353
"[0.11176861797519934, 0.5511863283497033, -0.8956287241961186, 0.849349256402198]",76.60043759769722,1.291840500875843
"[-2.1240091403764434, 0.6839253001413208, -0.6074919393099939, -0.40053630275035906]",98.633208622203,1.298126829347258
"[10.675696877070797, 1.0833279907769613, -0.6362873231658598, 0.08226508415328079]",92.15905435556934,1.307556322054381
"[1.7378763005413531, 1.1549809694570363, -0.9944959493068424, 0.192610980714598]",93.38310958255141,1.398708084889903
"[21.113308529034644, 1.1738779299701039, -0.9383221680339617, 0.03538404576146067]",95.97242578414003,1.4112807418327336
"[6.501433790122169, 1.1247176952852247, -0.6841510011933197, 0.11916668772513474]",93.23532018746224,1.4175670703041487
"[14.5976925552023, 0.979003999445203, -0.5706682692464286, 0.0680297935499982]",88.28960224054585,1.423853398775564
"[2.2778597634954942, 1.086705267757994, -1.0925213146450978, 0.21339799746760693]",75.62060642243264,1.4364260557183945
"[1.1649384537563952, 1.1794625097158498, -0.9079441421397495, 0.17969979540949602]",78.09203887404874,1.4395692199541024
"[23.49652892963312, 1.1732289801891906, -0.7910189864327741, 0.03395701597583866]",92.57831722338139,1.4584282053683482
"[20.545392347761418, 1.1779980336280362, -0.9177272241431957, 0.03636281462033578]",85.65412190506316,1.4647145338397636
"[20.82173647907971, 1.17709129208055, -0.9229289461907414, 0.035886092270337226]",85.92456460190199,1.4678576980754712
"[14.094535064617443, 0.9602066873689498, -0.5641481343149345, 0.07124403779739068]",81.44123687366053,1.477287190782594
"[-0.5907862227750955, 1.0396519461031462, -0.6017266640930632, -0.6526734565242988]",81.8298328255925,1.4992893404325476
"[17.09018057220003, 1.0661832996618401, -1.1108453717565627, 0.048588489759200694]",73.36936070691362,1.5024325046682552
"[16.481669081334616, 1.0944890643643992, -1.0846674761181594, 0.048338697413344046]",73.16229411381616,1.5055756689039628
"[14.660196321599939, 1.1703149748936457, -0.9520943117253088, 0.04960346820837269]",73.11642309025298,1.5087188331396706
"[0.863208797846061, 0.5647982478168767, -0.7697850769578213, 1.1416345942859434]",58.74765289661654,1.5118619973753782
"[6.906412925689799, 1.1688174562656215, -0.7748279643790844, 0.1030654902787084]",66.83048297532133,1.5150051616110858
"[6.26965152610604, 1.1237443219031686, -0.6827743212675608, 0.12297551863240545]",66.87353881374646,1.5181483258467936
"[5.723062293729504, 1.0365143646384927, -0.5996919394453181, 0.14884809078616285]",66.92218752365274,1.5212914900825012
"[2.847033097390787, 1.1123133993688192, -0.6676766623440139, 0.22105435104328958]",98.02047475946664,1.5338641470253318
"[-0.6436929298623346, 0.9949494633858585, -0.5772718984275537, -0.7712748188943701]",87.22577824730024,1.5370073112610394
"[-0.33582379219245667, 0.662344787888317, -1.1079225032051856, 0.04596636056812491]",76.8702696678182,1.5495799682038698
"[7.245192150747737, 1.1405005082874855, -0.70897949645808, 0.10582805872659873]",92.6722173254419,1.5527231324395776
"[-0.18047282332732723, 0.5686729552078655, -0.7584079269253505, 0.6608366938333153]",83.71334570353923,1.5590094609109928
"[0.6107079736454216, 1.0823762080501707, -0.6353907804219174, 0.5529299465139271]",75.78052496956148,1.5621526251467004
"[1.4682008058319929, 1.1822209847034557, -0.861513795725619, 0.19956870786208156]",86.73117301276963,1.574725282089531
"[-0.6721814376735276, 0.5538598896737177, -0.8155012333311982, -0.27159867281367983]",76.20625603551936,1.5778684463252388
"[-0.16944532508645774, 0.6308269995121082, -1.0774058915966989, 0.3914133101453979]",85.04180698664791,1.584154774796654
"[0.6557305974202021, 1.1811457597405073, -0.8395837460807787, 0.15781890940586416]",81.65203935782571,1.5872979390323618
"[0.6926636071104643, 1.1645279524761512, -0.761640402828606, 0.23391926914436145]",70.04353052050942,1.5904411032680692
"[0.8106633796127805, 1.1710256427716423, -0.7825098111221089, 0.21802597828949435]",69.89360893497762,1.593584267503777
"[0.6821999209282424, 1.1639013246480003, -0.7598654500839884, 0.2357598528782838]",70.12616584708258,1.5967274317394846
"[0.17219177577151396, 1.1786311019374835, -0.8183003843266444, 0.06545235606447151]",75.13402586565,1.5998705959751922
"[-0.5785696369883581, 1.0474531445367952, -0.6070196608259176, -0.6151065969063689]",62.95217442692237,1.6030137602109
"[-0.5988326545255548, 1.0275215209220332, -0.5941449077030182, -0.6492476136866688]",62.951444264914066,1.6061569244466076
"[-0.6407226856321597, 0.5583423125894288, -0.9390398913378176, -0.31634255119050275]",70.74606355296173,1.6093000886823152
"[0.7238495586937124, 0.645033454395642, -0.639833984174098, 0.5015555977801561]",95.86304344583365,1.618729581389438
"[0.7231876499173708, 0.7993513063862274, -0.5569063899141578, 0.8019371265030361]",76.27672774826723,1.6218727456251458
"[6.517299235219205, 1.0934934664732165, -0.6463477297786175, 0.12478009164369809]",96.79740864772992,1.6250159098608536
"[-1.0069957386438864, 0.7070299174749803, -0.5926750144793974, -0.5026261112455037]",76.85162226419989,1.6313022383322688
"[-0.6221881196646902, 0.9494082277851587, -0.5609888409568605, -0.6403685783372486]",76.19494097946625,1.6344454025679762
"[3.526355380090784, 0.9232209300592863, -0.5550130699869809, 0.24081034461709866]",67.72985194928279,1.6658770449250528
"[3.395380982961743, 1.0845875778807175, -0.6374853065273248, 0.20784597970385746]",67.50084306434162,1.681592866103591
"[-0.38129664091539217, 1.168699343685944, -0.7744367248743266, -0.6232400453398401]",99.39752116432285,1.7130245084606674
"[1.4645616219333029, 1.182147489550833, -0.857850632185126, 0.20050683298469102]",99.93219127560432,1.719310836932083
"[10.097155983743773, 1.0068817561262424, -0.5829008940631049, 0.09346205189362992]",91.60732041208253,1.7255971654034983
"[-1.1216480921626708, 0.8053211460950032, -0.5556788344488419, -0.48141978409419406]",79.13857780222801,1.7318834938749135
"[0.07292921883670185, 0.5799910507415326, -0.731176047540792, 0.8351312999029507]",90.4679758499418,1.7507424792891593
"[1.0890787009357425, 1.1625259445432456, -0.975968249525757, 0.16984950501969906]",76.02255276397474,1.753885643524867
"[20.98396810398499, 1.1759824653445254, -0.928688151800206, 0.03560589423463847]",95.2562743020358,1.7570288077605745
"[17.44958839308321, 1.162530940049796, -0.7560960311676347, 0.0461743217919303]",87.98519951915249,1.7664583004676975
"[0.7955048618966719, 1.1657411150042778, -0.7651765443561765, 0.23274115427458797]",95.05185604955858,1.7696014647034053
"[-0.09387544746186725, 1.1754395583667097, -0.8007346621426201, -0.0575798342464209]",71.5261177446942,1.772744628939113
"[20.948412564632637, 1.1770898610219043, -0.9229367685845661, 0.03568251436255024]",86.60216725539699,1.7947467785890663
"[23.92184170665498, 1.0754245137876497, -1.1029895629514717, 0.03494522637501274]",86.15558292081707,1.797889942824774
"[20.816109125471108, 1.1719743581702229, -0.9459956314329526, 0.03585877305472554]",86.07875994987043,1.8010331070604815
"[7.590565483350715, 1.1821710638796965, -0.8732310684104749, 0.08926282464904663]",73.4627022574173,1.8041762712961893
"[11.208056064303507, 1.1228459111930276, -0.6815173362796927, 0.07458308611086328]",79.84019453477204,1.8073194355318971
"[9.831821255150984, 0.9599179153719015, -0.5640581932005936, 0.09929304533928499]",79.90409977065806,1.8104625997676045
"[-0.5979507008350405, 0.9018561692583549, -0.5518341304403934, -0.5996216345690483]",88.02136504718125,1.8387510778889735
"[-0.6933409080348849, 0.5603923814332187, -0.9471947061619752, -0.4503447422487869]",83.44647564984398,1.8418942421246813
"[18.77192944852612, 1.1806436976941208, -0.8341611740381424, 0.04079054386069619]",97.98612529975993,1.8450374063603887
"[1.0121254750744728, 1.182224501507911, -0.8617673996914412, 0.18341521192166435]",85.7632905048362,1.8481805705960965
"[1.2476830362538995, 1.1817761036034866, -0.8833890313941886, 0.18898277322865112]",84.28048031878807,1.8513237348318041
"[-0.6264572616636035, 1.0193438212683232, -0.5894508878574696, -0.7473334573435773]",69.2281107613782,1.8764690487174653
"[-0.3997325102397803, 0.7405502617999713, -1.1562942252998991, -0.2895899155031711]",84.36250788019345,1.8796122129531727
"[8.529743417335393, 1.1677251624173577, -0.9607737844604067, 0.07989817297745884]",91.97918287585611,1.8858985414245883
"[1.0441117892665546, 1.172358962729458, -0.7875413247360581, 0.2227368738601345]",85.07813603514546,1.8890417056602957
"[-0.2916746245329475, 0.664229138949104, -1.1094966905894765, 0.11854260040556792]",84.2898466633645,1.8953280341317114
"[17.101882858585732, 1.0639387511377667, -1.1126634116813388, 0.04870876310179667]",99.20120099004893,1.9016143626031266
"[3.6209225118224335, 0.9044650677239136, -0.5521426354835678, 0.23938132062951506]",74.33228407084957,1.9236165122530797
"[3.112723108714372, 1.1181160268563197, -0.6751057406817915, 0.2070760642566355]",73.8938519951724,1.9550481546101566
"[-0.2655682314968053, 1.1810777511239483, -0.8387853884418668, -0.5265455948737746]",99.48266059620641,1.9739071400244022
"[-0.5777546797291128, 0.5932635309546733, -1.0260284060387534, -0.29997896714607986]",90.03299583066828,1.9801934684958176
"[-0.3806040275386792, 0.6992135116483388, -1.1346772093654818, -0.13500612088507413]",86.54910532920887,1.9864797969672328
"[1.6964528267885446, 1.1802313162620603, -0.9017275684820732, 0.1927178055106853]",96.353184849472,1.9959092896743558
"[6.870419832469304, 1.1285467703773788, -0.6897230155927124, 0.11308674641720823]",85.32995067298809,2.005338782381479
"[13.78447152836971, 1.180953611908839, -0.8373858554734795, 0.05410734777547802]",88.6090602197555,2.014768275088602
"[0.770702586550861, 0.7496983528182124, -0.5719709577825097, 0.9803058736829073]",93.78688193214643,2.017911439324309
"[-0.7493347566874714, 0.5558767587679444, -0.9277329235403816, -0.5420661509441104]",83.70688802950318,2.033627260502848
"[24.615805352860228, 1.0345678146543877, -1.1335949381827057, 0.03594394729335063]",92.82335126942574,2.039913588974263
"[21.79784190394206, 1.153574855244938, -0.9976130664456587, 0.03470875603445469]",92.66332057455432,2.043056753209971
"[7.7984748626490035, 1.1800243698587531, -0.903504055097591, 0.08639526806896064]",80.03346844601957,2.046199917445678
"[11.457162817936158, 1.1372817936212123, -0.7034831908898226, 0.07139789406975605]",86.40505667771127,2.049343081681386
"[9.98266690025822, 0.9991198256173442, -0.5791702576270852, 0.09504518112406186]",86.47216490589787,2.0524862459170934
"[0.8643736792435671, 1.1187208320394626, -1.0561438419722824, 0.17001990886649132]",98.18925836264309,2.080774724038462
"[1.378283844151753, 1.1779307595817023, -0.8139192714680187, 0.21454830807864597]",94.04248987141418,2.08391788827417
"[0.6236935201154102, 1.132598963723943, -1.0361387105572457, 0.11062102842134841]",85.58182074800669,2.0870610525098776
"[7.9731787110501315, 1.1822524428646326, -0.8653473517998203, 0.08601399509069993]",97.6394762812325,2.090204216745585
"[-0.9338351292456321, 0.5609589751919917, -0.7827519137299954, -0.5832246288633078]",88.00366402042366,2.093347380981293
"[6.778647956396557, 1.1519535814271689, -0.7309510641422936, 0.10921816015149548]",93.96000978041168,2.096490545217
"[1.2164033314860783, 1.0958249705680432, -0.64878784002979, 0.32372525638068494]",84.30639861854554,2.109063202159831
"[0.009670721755858546, 0.5691689224267058, -0.9750035184492762, 0.7472306202512987]",93.41411629034178,2.112206366395539
"[0.7913473104518282, 0.7076824513585688, -0.5922965061191383, 1.04556714685739]",83.93283435567592,2.115349530631246
"[-0.5752212347059465, 0.6046355679139067, -1.0440011147777315, -0.3313905459550306]",90.5595189921764,2.118492694866954
"[-0.671637470801267, 0.9576588519150441, -0.5633650145960113, -0.5124671185844598]",89.60096307921117,2.121635859102662
"[6.149674434592249, 1.1086090536191322, -0.6631629557246032, 0.1280508305003172]",99.23006464041524,2.127922187574077
"[21.28872103922666, 1.1640362085805827, -0.9718061214251771, 0.03521551842226913]",99.19517167935419,2.2505055927666753
"[12.638086170226684, 1.175175353832365, -0.7994948966072564, 0.05997867692943395]",92.90751445519109,2.2536487570023827
"[10.71405745484828, 1.0902468497851703, -0.6430349484880351, 0.08129997233383676]",92.9730174947041,2.2567919212380905
"[-0.3040947940318434, 0.6656822999513283, -1.1106938340048385, 0.09358716431669173]",96.78900585295555,2.2850803993594595
"[-1.0066281435817772, 0.7270290058146784, -0.5819831510271576, -0.4989602708472009]",95.94492161101493,2.288223563595167
"[0.8293975757048909, 1.116068525666569, -1.059618888177473, 0.1671919277311849]",92.10920111282316,2.2913667278308747
"[0.8832445381363303, 0.5513938432061394, -0.897758369105424, 0.9993188391264483]",90.99908963643452,2.3007962205379977
"[0.3190667088356928, 1.1571252036612028, -0.9895604454192225, -0.02697782134136035]",92.83770334149742,2.3039393847737055
"[-0.5303152726726255, 0.6820094767165048, -1.123198766684502, -0.5244261544979989]",92.8540044203726,2.307082549009413
"[7.681462535003663, 1.1812728940487571, -0.8909055139506894, 0.08779987634825538]",93.05933361833348,2.4076638045520578
"[-0.6963987264663545, 0.9624554205467963, -0.5648589184857413, -0.8970011465004835]",88.469422567387,2.442238611144842
"[13.977092715410203, 0.9149222528750798, -0.5536008558548543, 0.07390944416862857]",63.34885111079142,3.1620232211218933
"[14.034179752931703, 0.933593259831424, -0.5571005183685706, 0.07279321683771262]",63.35293173169085,3.1651663853576006
"[14.09162310051608, 0.947924876075233, -0.5605872325639961, 0.07184962652388756]",63.35670743653648,3.168309549593308
"[14.149373716441458, 0.959961221402117, -0.5640716620151317, 0.07099792890743818]",63.360327543014165,3.1714527138290163
"[14.207411575023212, 0.9705109637703461, -0.567558039145659, 0.07020626363608351]",63.36385150271091,3.1745958780647237
"[14.26572427575726, 0.9799929525586062, -0.5710484592169254, 0.06945818221837415]",63.367310422187785,3.177739042300431
"[14.324306213138549, 0.9886580399383192, -0.5745442953915615, 0.06874384634510548]",63.37072302623362,3.1808822065361384
"[14.383150756064682, 0.9966700436601457, -0.5780462759439917, 0.06805686639383338]",63.37410175102203,3.1840253707718467
"[14.442254765197507, 1.0041434318154312, -0.5815550005210876, 0.06739277943176526]",63.377455332278124,3.187168535007554
"[14.501614615931176, 1.0111616401881454, -0.5850708293732881, 0.06674834922060303]",63.380790267563555,3.1903116992432614
"[14.561227415742971, 1.0177878206392974, -0.5885940269894444, 0.0661211334084705]",63.3841115405884,3.1934548634789692
"[14.621090251917563, 1.024071085438911, -0.5921247602832562, 0.06550924145493317]",63.38742311818155,3.196598027714677
"[14.681201220373504, 1.030050619559273, -0.5956631863982315, 0.06491116606280618]",63.39072818426695,3.1997411919503844
"[14.741557652297082, 1.0357581409323844, -0.5992093661475252, 0.06432569693158537]",63.394029424202785,3.2028843561860922
"[14.802157268796407, 1.0412198333694407, -0.60276334453099, 0.06375183755968773]",63.39732907608373,3.2060275204218
"[14.862998315791694, 1.046457626871312, -0.606325167219469, 0.06318875415419738]",63.40062907326857,3.2091706846575074
"[14.924078069974732, 1.0514899921068315, -0.60989479944676, 0.06263575317012855]",63.40393109804747,3.2123138488932153
"[14.985394880545673, 1.0563327989264901, -0.613472250261781, 0.062092235601803276]",63.40723663533754,3.2154570131289226
"[15.0469458490185, 1.060999641282396, -0.6170574405601317, 0.06155769770941406]",63.410547002972876,3.2186001773646304
"[15.108729539904111, 1.0655024446295784, -0.6206503639461101, 0.06103169160150007]",63.413863383380956,3.2217433416003383
"[15.170743037284787, 1.0698515496858017, -0.6242509174402704, 0.06051383877631782]",63.41718686529351,3.2248865058360456
"[15.232984036140849, 1.0740561130973176, -0.6278590250011288, 0.06000380248744]",63.42051843751444,3.228029670071753
"[15.295450630337974, 1.0781242788437788, -0.6314746263426994, 0.05950128237956567]",63.42385899626005,3.2311728343074613
"[15.358139631757162, 1.082063225860058, -0.6350975807902877, 0.05900602185477294]",63.42720941476823,3.2343159985431686
"[15.42104897723392, 1.085879452494629, -0.6387278075241024, 0.05851778371502303]",63.430570470663774,3.237459162778876
"[15.48417602038793, 1.0895787702094781, -0.6423651874741059, 0.05803635980436743]",63.43394290216092,3.2406023270145843
"[15.547518051789163, 1.0931664249181512, -0.6460095940836211, 0.05756156339864965]",63.437327423972675,3.2437454912502917
"[15.61107171659991, 1.0966471381656178, -0.6496608604068291, 0.057093230633768144]",63.44072472268659,3.246888655485999
"[15.674834647978402, 1.1000252583722978, -0.6533188734360773, 0.056631206039122535]",63.44413542325293,3.2500318197217073
"[15.73880375664548, 1.1033047170079147, -0.656983476133091, 0.056175353255829605]",63.447560139906294,3.2531749839574147
"[15.802975873812224, 1.1064891096547478, -0.6606545047771171, 0.05572554846145083]",63.450999474335404,3.256318148193122
"[15.867347690912366, 1.1095817308786395, -0.6643317858082226, 0.055281679314343114]",63.45445400396528,3.2594613124288294
"[15.931915677506455, 1.1125856034044437, -0.6680151314162261, 0.054843644209770004]",63.457924272516635,3.2626044766645377
"[15.996676847620945, 1.115503541203762, -0.6717043834347475, 0.054411346037858986]",63.46141082653835,3.265747640900245
"[16.061627315798475, 1.1183381074844905, -0.6753993311932107, 0.05398470097693495]",63.464914194265745,3.2688908051359524
"[16.126763508580883, 1.1210916921551979, -0.6790997807768995, 0.053563629463533]",63.46843490479296,3.2720339693716607
"[16.1920811911576, 1.1237664885869034, -0.6828054998306916, 0.05314806181691077]",63.4719734533781,3.275177133607368
"[16.257576867094198, 1.126364568409189, -0.6865162971561507, 0.0527379286161593]",63.475530348014935,3.2783202978430754
"[16.3232457505992, 1.1288878141590677, -0.6902319078523766, 0.05233317294590637]",63.479106089633895,3.2814634620787837
"[16.38908400311191, 1.1313380213960003, -0.6939521201635871, 0.05193373585101485]",63.48270114645229,3.284606626314491
"[16.455087240067275, 1.1337168509624567, -0.6976766909657952, 0.051539565240016336]",63.48631601674756,3.2877497905501984
"[16.521250675116324, 1.1360258468468698, -0.7014053541365114, 0.05115061443131613]",63.4899511655949,3.2908929547859067
"[16.5875695128903, 1.1382664600731465, -0.7051378428272748, 0.05076683940384809]",63.49360708017847,3.294036119021614
"[16.654038909659178, 1.1404400551072476, -0.7088738872808612, 0.05038819874420941]",63.4972842327487,3.2971792832573215
"[16.72065334447759, 1.142547897385752, -0.7126131795892662, 0.05001465688268613]",63.50098308866443,3.3003224474930297
"[16.787408031370415, 1.1445912054406027, -0.7163554530674231, 0.04964617585019818]",63.504704122306194,3.303465611728737
"[16.854297186261228, 1.1465711021992226, -0.7201003850216621, 0.04928272475271945]",63.50844780047294,3.3066087759644445
"[16.921315076455173, 1.1484886544297754, -0.7238476557546061, 0.04892427360807768]",63.51221458950663,3.3097519402001523
"[16.988456069282638, 1.1503448781962733, -0.7275969512532998, 0.04857079297016754]",63.516004966854,3.31289510443586
"[21.58956427521827, 1.1438347368776718, -0.7149559679404915, 0.039245657464175646]",69.8168347678438,3.3160382686715675
"[21.681022064353403, 1.1459096032411862, -0.7188356116982966, 0.03894336186921091]",69.82052945165387,3.3191814329072753
"[21.772585618391414, 1.1479156684804548, -0.7227149761475719, 0.038645606319152426]",69.8242512363604,3.322324597142983
"[21.86424491780997, 1.1498542015430009, -0.7265936514362022, 0.03835235748741005]",69.82800061794897,3.3254677613786905
"[21.95599090555924, 1.1517264302372252, -0.7304712689016407, 0.03806357991732779]",69.83177804476784,3.3286109256143983
"[22.047813760225665, 1.1535335091989705, -0.7343474279463971, 0.03777924145449361]",69.8355840092844,3.3317540898501057
"[22.139703384768886, 1.1552765361810753, -0.7382217167987504, 0.037499311469982886]",69.83941897723074,3.3348972540858135
"[22.2316490119937, 1.1569565499204604, -0.7420936959456438, 0.03722376187291578]",69.84328344329954,3.338040418321521
"[22.323640125484992, 1.1585745519017203, -0.745962936977714, 0.03695256417469814]",69.84717788122555,3.3411835825572287
"[22.41566574540134, 1.1601314968942211, -0.7498289924992467, 0.03668569153562375]",69.85110277100023,3.344326746792936
"[22.507713884939335, 1.1616282887825904, -0.7536913734078486, 0.03642312013168454]",69.8550586230041,3.347469911028644
"[22.599772699033863, 1.163065804047627, -0.7575495972129813, 0.03616482567219645]",69.85904591168052,3.3506130752643517
"[22.691829718091082, 1.1644448824479665, -0.7614031558921293, 0.03591078548930731]",69.86306514913781,3.353756239500059
"[22.78387269176451, 1.165766343005739, -0.7652515512501085, 0.035660976089660255]",69.86711682728863,3.3568994037357665
"[22.87588778010581, 1.167030961003551, -0.7690942193121832, 0.035415377962983746]",69.8712014773502,3.3600425679714747
"[22.96786171195712, 1.1682395023140757, -0.772930620633717, 0.03517396958838208]",69.87531959352286,3.363185732207182
"[23.059780269878477, 1.1693927047397226, -0.7767601770106953, 0.03493673142209074]",69.8794717028789,3.3663288964428895
"[23.151628939444965, 1.170491289861377, -0.7805822986485896, 0.03470364404640762]",69.88365832878148,3.3694720606785977
"[23.24339279030402, 1.1715359639113359, -0.784396379223134, 0.03447468839443879]",69.88788000957916,3.372615224914305
"[23.335056160315933, 1.1725274168564592, -0.7882017828024128, 0.03424984642803192]",69.89213727889965,3.3757583891500125
"[23.426603445298962, 1.1734663334441238, -0.7919978766759015, 0.034029099099060274]",69.89643068339555,3.3789015533857207
"[23.51801767250079, 1.1743533806049995, -0.7957839722104108, 0.0338124297188735]",69.900760771288,3.382044717621428
"[23.609281955954973, 1.1751892250549054, -0.7995593852685465, 0.033599820327434776]",69.90512811124992,3.3851878818571355
"[23.700378902225232, 1.1759745289172385, -0.8033234115576597, 0.03339125307312994]",69.90953326918584,3.3883310460928437
"[23.79128962681092, 1.1767099441527733, -0.8070752860910106, 0.033186712320320146]",69.91397681094882,3.391474210328551
"[23.881996134299726, 1.177396134549094, -0.8108142815081048, 0.03298617916031331]",69.91845933132429,3.3946173745642585
"[23.972478541128392, 1.1780337551742586, -0.8145395934778092, 0.032789637585108]",69.92298141422316,3.3977605387999668
"[24.062717210411993, 1.1786234712198502, -0.8182504287913868, 0.03259706963352408]",69.92754365515897,3.400903703035674
"[24.152691173744284, 1.1791659487610304, -0.8219459404063119, 0.032408458744352865]",69.93214668345959,3.4040468672713815
"[24.242379574958626, 1.1796618661920952, -0.8256252868497606, 0.03222378659045868]",69.93679109551324,3.4071900315070898
"[24.33176005094235, 1.1801119066104133, -0.829287565763072, 0.032043036376422716]",69.9414775249788,3.410333195742797
"[24.42081037277574, 1.1805167689559901, -0.8329318812687537, 0.03186618936808162]",69.94620661536918,3.4134763599785045
"[24.509507129920138, 1.180877162987093, -0.8365572900523204, 0.031693227496268635]",69.9509790105952,3.416619524214212
"[24.597825705299368, 1.1811938123397028, -0.8401628005004093, 0.03152413323206407]",69.955795359705,3.41976268844992
"[24.685741919108846, 1.181467462366416, -0.8437474398398979, 0.03135888635640324]",69.96065633455382,3.4229058526856275
"[24.773229977135284, 1.1816988743808705, -0.8473101703750955, 0.03119746783052827]",69.9655626256207,3.426049016921335
"[24.860263578823233, 1.1818888317723029, -0.8508499347750187, 0.031039857576836406]",69.97051490226029,3.429192181157043
"[24.946815521622682, 1.1820381407234108, -0.8543656399729709, 0.03088603513935948]",69.97551387748489,3.4323353453927505
"[25.032857551861547, 1.1821476322209084, -0.8578561511762852, 0.03073597984248903]",69.98056026327875,3.435478509628458
"[25.118361190699236, 1.182218164987455, -0.8613203253965512, 0.030589669273033287]",69.98565478125023,3.438621673864166
"[25.203296201611856, 1.1822506257753378, -0.8647569493450183, 0.03044708184925004]",69.99079816372361,3.4417648380998735
"[25.287632322700745, 1.1822459327550425, -0.8681648096484262, 0.030308193774119918]",69.99599116118962,3.444908002335581
"[25.371337694829908, 1.1822050366247423, -0.871542629251834, 0.03017298161047525]",70.00123453649705,3.4480511665712887
"[25.454380173819988, 1.182128922471667, -0.8748891204702449, 0.030041420040237618]",70.0065290626451,3.4511943308069966
"[25.53672544188532, 1.1820186131570751, -0.878202908879432, 0.029913484797538296]",70.01187553200394,3.454337495042704
"[25.61834023957283, 1.181875167316348, -0.8814826634621236, 0.02978914753980981]",70.0172747445186,3.4574806592784117
"[25.699187770180217, 1.181699687816998, -0.8847269117580304, 0.029668382882542848]",70.02272751975487,3.460623823514119
"[25.779232351047433, 1.1814933157371814, -0.8879342268476461, 0.0295511612186486]",70.02823468568832,3.463766987749827
"[25.858435869799834, 1.1812572389506508, -0.8911030850495965, 0.029437454008393264]",70.03379708012024,3.4669101519855348
"[25.936759906553785, 1.1809926888970375, -0.894231951050353, 0.029327230570516775]",70.03941558820104,3.470053316221242
"[26.014163910073076, 1.1807009478082933, -0.8973192049793597, 0.02922046063205553]",70.04509105510942,3.4731964804569495
"[26.090607710096393, 1.180383341204367, -0.9003632426933883, 0.029117110780995364]",70.05082439529221,3.4763396446926578
"[26.166048503877384, 1.1800412505674993, -0.9033623555753508, 0.029017148586566493]",70.05661651451226,3.479482808928365
"[26.240442932222184, 1.1796761067619614, -0.906314813330756, 0.02892053970287987]",70.06246833988463,3.4826259731640725
"[26.31374626456716, 1.1792893943769525, -0.9092188315011115, 0.028827248956921635]",70.06838081505398,3.485769137399781
"[26.38591288989734, 1.1788826500796972, -0.9120725908901136, 0.02873723970881991]",70.0743548960629,3.488912301635488
"[26.45689515706493, 1.178457469875644, -0.9148741916693003, 0.02865047529640782]",70.08039157846339,3.4920554658711955
"[26.526644806218172, 1.1780155016856688, -0.9176217099644091, 0.02856691725068752]",70.08649185092776,3.495198630106903
"[26.595111739537916, 1.1775584528985656, -0.9203131492664566, 0.02848652682795243]",70.0926567365674,3.498341794342611
"[26.662244656038066, 1.17708808675617, -0.9229464654609785, 0.028409264259476073]",70.09888727295909,3.5014849585783185
"[26.727990839877513, 1.176606223480721, -0.9255195584279896, 0.028335089054354657]",70.10518452748407,3.504628122814026
"[26.79229601205007, 1.176114740970868, -0.9280302662006227, 0.028263960223263145]",70.11154957500382,3.507771287049734
"[26.855104729387932, 1.1756155709464755, -0.9304763804763474, 0.028195835916649543]",70.11798352684288,3.5109144512854416
"[26.91635968711894, 1.175110703160339, -0.9328556193281448, 0.02813067429099531]",70.12448750096802,3.514057615521149
"[26.976001974928383, 1.174602182110159, -0.9351656372088563, 0.028068433327596978]",70.1310626431474,3.517200779756857
"[27.03397183666321, 1.1740920982935101, -0.9374040541923788, 0.02800907019954283]",70.13771014087324,3.5203439439925646
"[27.090207130405435, 1.173582598887846, -0.9395683962445398, 0.027952543041964005]",70.14443119333441,3.523487108228272
"[27.144644246602454, 1.1730758770596, -0.9416561307500071, 0.027898810175734153]",70.15122700777809,3.52663027246398
"[27.197218240993102, 1.172574166842354, -0.9436646713458888, 0.027847830219922286]",70.15809885154897,3.5297734366996876
"[27.247862290114803, 1.1720797439170016, -0.9455913568417321, 0.02779956288935968]",70.16504800566652,3.532916600935395
"[27.29650745091333, 1.171594923364384, -0.9474334421077617, 0.027753969491105382]",70.17207575101719,3.536059765171103
"[27.343083942236674, 1.1711220413207604, -0.9491881464275609, 0.027711012047502717]",70.17918344702457,3.5392029294068106
"[27.38751924510761, 1.1706634676227907, -0.9508525813912831, 0.027670655437036465]",70.18637244819288,3.542346093642518
"[27.42973975364635, 1.170221582080901, -0.9524238129696101, 0.02763286626458499]",70.19364415656422,3.545489257878226
"[27.469669574162065, 1.1697987788524253, -0.9538988161441804, 0.027597614406576102]",70.20100000602336,3.5486324221139336
"[27.507231220189624, 1.1693974504857598, -0.9552745005872987, 0.0275648728722473]",70.2084414639218,3.551775586349641
"[27.542345041819818, 1.169019984309479, -0.9565476892860244, 0.02753461884456613]",70.21597000984936,3.5549187505853492
"[27.574929623499173, 1.1686687476407815, -0.9577151328673922, 0.02750683391650817]",70.22358719563938,3.5580619148210566
"[27.60490161689098, 1.1683460780576265, -0.9587735029931364, 0.027481504876453955]",70.23129459165173,3.561205079056764
"[27.632175511370356, 1.1680542734068506, -0.9597193839246266, 0.02745862459109709]",70.23909380344651,3.5643482432924714
"[27.65666411280139, 1.1677955732483012, -0.9605492887113877, 0.027438192348364157]",70.24698650517271,3.5674914075281796
"[27.678277811393574, 1.1675721522549138, -0.9612596333806736, 0.02742021527345653]",70.25497437798293,3.570634571763887
"[27.69692506723252, 1.1673860995701422, -0.9618467533651628, 0.0274047087828674]",70.2630591702096,3.5737777359995944
"[27.712512368814224, 1.167239403028254, -0.9623069007583198, 0.027391697541724852]",70.2712426780287,3.576920900235302
"[27.724943900907682, 1.1671339351013172, -0.962636233239745, 0.02738121672290519]",70.27952675053503,3.58006406447101
"[27.73412172619489, 1.1670714326518785, -0.962830819453892, 0.027373312903878795]",70.28791326131369,3.5832072287067174
"[27.73994577623957, 1.1670534779796242, -0.9628866372389461, 0.027368045184414807]",70.29640418388108,3.586350392942425
"[27.742313733514557, 1.167081479648559, -0.9627995696819984, 0.02736548646467332]",70.30500150635474,3.5894935571781326
"[27.741121043967542, 1.167156651426417, -0.9625654042686951, 0.02736572468035796]",70.31370731234202,3.5926367214138404
"[27.73626088819496, 1.1672799905214253, -0.9621798315021995, 0.027368864145401406]",70.3225237370639,3.595779885649548
"[27.727624154467755, 1.1674522553087083, -0.961638442540245, 0.027375026961337413]",70.3314529774839,3.5989230498852556
"[27.71509937044966, 1.16767394272199, -0.9609367253260699, 0.027384354535596702]",70.34049731822705,3.602066214120963
"[27.69857269306458, 1.1679452638353893, -0.9600700639556661, 0.0273970091353014]",70.34965912868208,3.605209378356671
"[27.67792796332018, 1.1682661179656761, -0.9590337404592487, 0.027413175468017737]",70.35894083502576,3.6083525425923786
"[27.65304663269581, 1.168636068190335, -0.9578229298272795, 0.02743306244458863]",70.36834494771885,3.611495706828086
"[27.62380743333643, 1.1690543195049565, -0.9564326835644444, 0.027456905248345674]",70.37787412140639,3.6146388710637942
"[27.590086933577442, 1.1695196834044537, -0.954857955463032, 0.02748496678765942]",70.38753106721725,3.6177820352995016
"[27.551758915083944, 1.1700305588997908, -0.9530935705461165, 0.02751754020580598]",70.39731861944576,3.620925199535209
"[27.508694778231018, 1.170584897986795, -0.9511342428730771, 0.027554950667139585]",70.40723972784728,3.6240683637709172
"[27.460763087923844, 1.1711801819218932, -0.9489745531455476, 0.027597557993039222]",70.41729746272469,3.6272115280066246
"[27.407830049903044, 1.1718133843714658, -0.9466089686623348, 0.027645758633970532]",70.42749503198554,3.630354692242332
"[27.34975876558133, 1.1724809485297047, -0.944031807975008, 0.0276999888855923]",70.43783579189292,3.6334978564780402
"[27.28640972766305, 1.1731787474182465, -0.9412372611908605, 0.027760727178408218]",70.4483232554702,3.6366410207137476
"[27.217640610023373, 1.1739020512443452, -0.938219378247346, 0.027828497194425938]",70.45896108860438,3.639784184949455
"[27.14330616865949, 1.1746454911277497, -0.9349720620654417, 0.027903871121953014]",70.46975314318735,3.6429273491851624
"[27.06325799826689, 1.1754030214952218, -0.9314890552217853, 0.027987473331776556]",70.48070348100518,3.6460705134208706
"[26.977344599299485, 1.1761678761341725, -0.9277639399248312, 0.028079984048382214]",70.49181636634212,3.649213677656578
"[26.88541129665773, 1.176932522190986, -0.9237901311179665, 0.028182143506675625]",70.50309629057372,3.6523568418922854
"[26.787300489382275, 1.1776886072808121, -0.9195608834811477, 0.02829475611642155]",70.51454797634291,3.6555000061279936
"[26.682850415810158, 1.178426912600582, -0.9150692340711662, 0.028418696789123916]",70.52617644447574,3.658643170363701
"[26.571895653335645, 1.1791372846559216, -0.910308019527791, 0.028554915894838044]",70.53798701808776,3.6617863345994084
"[26.45426787195688, 1.1798085602200967, -0.9052699032346632, 0.02870444435564362]",70.54998528760004,3.6649294988351167
"[26.329793894659932, 1.180428498352448, -0.899947286483169, 0.028868402802075255]",70.56217722313576,3.668072663070824
"[26.198296464678585, 1.1809836829774023, -0.8943323352268654, 0.029048008281034862]",70.57456918376846,3.6712158273065314
"[26.059594518576976, 1.1814594176545825, -0.8884169846478248, 0.02924458236301089]",70.58716788455575,3.6743589915422397
"[25.913501232661698, 1.1818396114265213, -0.8821928479650097, 0.029459563534104786]",70.59998054718096,3.677502155777947
"[25.759825714938536, 1.1821066314941255, -0.8756512798176984, 0.029694515787466198]",70.61301483169831,3.6806453200136544
"[25.59837078591094, 1.1822411436896443, -0.8687832718028048, 0.029951144403454484]",70.6262789777483,3.6837884842493627
"[19.98370145163826, 1.1821627919363074, -0.8735852855578986, 0.037760946170191885]",64.34716685296975,3.68693164848507
"[19.853155191384282, 1.1822531238787768, -0.8661958262367926, 0.03810569590817712]",64.36077495463263,3.6900748127207774
"[25.065271767320898, 1.1816263883535798, -0.8461251892416973, 0.03087056569431864]",70.6675416703718,3.6932179769564852
"[24.870607961334272, 1.1809958272025043, -0.8378539222521418, 0.031234320909001752]",70.68181978230902,3.696361141192193
"[24.6670825015699, 1.1801022607884755, -0.829205193376993, 0.031630990999289336]",70.69637872027822,3.6995043054279004
"[24.45445608526597, 1.1789104263115815, -0.820167332760716, 0.03206353122973533]",70.71123106942262,3.7026474696636082
"[24.232478394134436, 1.1773808206933662, -0.8107279864727001, 0.03253521192342581]",70.72639049673536,3.7057906338993156
"[24.00088839883233, 1.1754689489735912, -0.8008741003394197, 0.03304966142735333]",70.74187174050277,3.7089337981350234
"[23.75941428503422, 1.173124384452652, -0.790591882903469, 0.03361091823770997]",70.7576906772529,3.7120769623707313
"[23.50777030001275, 1.1702895422153563, -0.7798666313648639, 0.03422350155162248]",70.77386457023563,3.7152201266064386
"[23.245655986468748, 1.1668981154135827, -0.7686826516311797, 0.034892491732076064]",70.79041207210442,3.718363290842146
"[22.972753690942337, 1.162873002401989, -0.7570230955755276, 0.035623634809395184]",70.80735344720536,3.721506455077854
"[22.688729881292435, 1.158123599408385, -0.7448699494578286, 0.03642346345108269]",70.82471046920263,3.7246496193135616
"[22.39322884197069, 1.152541977000124, -0.7322036818084227, 0.037299475482751795]",70.84250677930598,3.727792783549269
"[22.085871197250814, 1.145997608750418, -0.7190030774311145, 0.03826035393173332]",70.86076782799844,3.7309359477849764
"[21.766252947336234, 1.1383297986199588, -0.7052450674456008, 0.03931626386615966]",70.87952081889881,3.7340791120206847
"[21.43394234927373, 1.1293363316344969, -0.6909044305270077, 0.04047927817309831]",70.89879450375358,3.737222276256392
"[21.088471214892298, 1.1187556094771327, -0.6759531987398167, 0.0417640264451284]",70.91861896386702,3.7403654404920994
"[20.729335441583515, 1.1062375952902908, -0.6603603774626423, 0.04318866778142554]",70.93902435510668,3.7435086047278077
"[20.35599076086796, 1.0912924950361849, -0.6440913198791349, 0.04477655331736413]",70.9600387224892,3.746651768963515
"[19.967845729947545, 1.07319166764335, -0.6271067165315548, 0.04655933336056891]",70.9816832480672,3.7497949331992224
"[19.564256632798234, 1.0507506747739457, -0.6093610816479872, 0.04858357830036313]",71.00396089364682,3.7529380974349307
"[19.144534671857212, 1.021752918687556, -0.5908001485805559, 0.05092806983420077]",71.02682424142378,3.756081261670638
"[18.707977048300773, 0.9807769448646192, -0.5713525617719871, 0.053768716914682504]",71.05005336012545,3.7592244259063454
"[0.3133190793773004, 0.6219068773552655, -0.6650126055499834, 0.7797173552506937]",96.92489513073691,3.8315172033276217
"[25.99919413874169, 1.1817355850802809, -0.8841107964020557, 0.02934872206284261]",91.50321317249204,3.834660367563329
"[-0.6007290059581336, 0.5614646367500663, -0.9511296879505982, -0.23778956140054183]",82.48621160346528,3.8409466960347447
"[1.0636979911825182, 1.1665250170201635, -0.7675369148876364, 0.23590063865921385]",75.22630403232603,3.844089860270452
"[16.09907816422409, 1.12656771627713, -0.686811276548707, 0.05320457569357957]",76.53054896517295,3.8472330245061594
"[14.528757713200713, 1.0074688688413265, -0.5831937467998495, 0.06683618476419642]",79.26412232714279,3.862948845684698
"[0.7865171398573112, 0.6219829360428422, -0.6649202722273542, 1.0550108250591617]",81.09520704076371,3.8660920099204055
"[3.336131369898092, 1.1290403679676302, -0.6904602346428591, 0.19379036603927693]",97.78661572191692,3.8692351741561137
"[0.16277172918140834, 0.6919597658942443, -0.6020156431582838, -0.30293145926409126]",83.77870119120445,3.8755215026275285
"[14.5314383276143, 1.0260048507614419, -0.5932497147193942, 0.06577343433532014]",89.97332044235367,3.878664666863236
"[-0.5078568461460288, 0.5864507522406778, -1.013802310688675, -0.10762674505160862]",84.00234656423676,3.881807831098944
"[-0.6189477498594848, 0.9931399500745584, -0.5764707593363569, -0.66760625628853]",83.55783017989164,3.8849509953346515
"[27.67954119236231, 1.1650158810430018, -0.7630463063492746, 0.029678925167653775]",81.32504757047109,3.891237323806067
"[34.90540001000912, 1.1570962361050345, -0.9896286827536949, 0.022093877085934084]",81.4863051874841,3.8943804880417745
"[19.06619711343816, 1.1797624898648513, -0.8264142839102152, 0.04038356472230427]",96.76856605997645,3.897523652277482
"[7.356724208734423, 1.174710083180722, -0.7973685126096135, 0.09601656769882616]",85.40455352288413,3.9038099807488975
"[11.766686486638417, 1.141129247985558, -0.7100835078562617, 0.0692261098516424]",84.05342767907915,3.9132394734560205
"[0.11115618277480653, 0.5795629301908308, -0.7320879138026405, 0.8442638729781138]",80.63144003259745,3.9226689661631435
"[25.48692729649617, 1.1822291087988557, -0.862124514790215, 0.030158840931375556]",76.53892268108302,3.928955294634559
"[29.539461087598717, 1.1795355212365823, -0.8246562576108161, 0.02670477151553063]",82.53786476426093,3.9320984588702665
"[22.332749379410988, 1.1463970360166593, -1.0122845841437638, 0.034153273151723326]",87.69723447391581,3.9383847873416817
"[-0.31729067289448903, 0.5648163025794448, -0.9623222227935693, 0.3719699725430147]",73.84898606224765,3.960386936991635
"[19.58872801918973, 1.0559482582838013, -0.6131829442591695, 0.04827696824590973]",79.84776261442771,4.00753440052725
"[16.21956211840756, 1.1137639197357927, -0.6694913667470604, 0.053846878287830365]",80.12285087052774,4.029536550177204
"[10.458826051395745, 0.9726550162318555, -0.5683172820455267, 0.09300811388404687]",67.48978720206031,4.032679714412911
"[1.9388575655722189, 1.1816510078312414, -0.8855312508577696, 0.19279619421428174]",96.24624993356007,4.038966042884327
"[22.844520260403073, 1.1284908327673944, -1.042411056797226, 0.03409183358003687]",90.64240188949091,4.089256670655649
"[1.3216356921282353, 1.108671727965479, -1.0688128820996, 0.2119831721138003]",71.75870081401698,4.095542999127065
"[11.904459186704209, 1.1229073647848113, -0.6816029048519219, 0.07062240519337351]",79.50856968698469,4.098686163362772
"[19.499250772833953, 1.1816102954594925, -0.8458715915787651, 0.03912054731120596]",85.42952410432422,4.104972491834187
"[9.803584240169066, 1.0664938971826872, -1.1105911069290422, 0.08048084397794388]",97.82558134124726,4.111258820305602
"[14.92810729002019, 1.0606047889311518, -0.6167487244181847, 0.062040006631852704]",77.17000664206992,4.11440198454131
"[21.324243114784277, 1.1708613689427996, -0.9501386271550614, 0.03506252345950948]",86.84101786159866,4.123831477248433
"[7.468558728597629, 1.1716236516599798, -0.7847252752768265, 0.0958127863799162]",89.39213492894314,4.130117805719848
"[15.084156161792512, 1.056076992460173, -0.6132796943415669, 0.06172904327237856]",81.9895146122611,4.136404134191263
"[8.428541871676776, 1.1802254281184268, -0.9017793505367407, 0.08102567709489324]",98.50808038860198,4.1395472984269714
"[12.104102918525445, 1.146783304394918, -0.7205090773989513, 0.06677298107953467]",96.38654040838222,4.174122105019755
"[-0.5817070783804682, 0.55902775813652, -0.9418702820995285, -0.18190302308071865]",98.3313498840268,4.186694761962586
"[23.325102903948014, 1.1125308821624613, -1.0641037951590286, 0.034086030221704144]",92.1383139107398,4.196124254669709
"[0.048051821532874184, 0.550915772937303, -0.8394562384346972, 0.8635432660349024]",83.92757550870982,4.199267418905416
"[17.156503501345476, 1.1426539747830906, -0.712804538015042, 0.048819466790785686]",82.40737904213506,4.211840075848246
"[7.323787094658757, 1.1487233651266509, -0.7243149149246375, 0.10315272890108698]",77.87812483896107,4.214983240083955
"[2.28577907128059, 0.9907412179038207, -1.1566212841897507, 0.2651301793606309]",67.8040271660843,4.218126404319662
"[22.97825861632862, 1.125820045011905, -1.0463216721577517, 0.034011633720197755]",95.62374231547629,4.224412732791078
"[0.7666394206036166, 0.5688940413433013, -0.7577990047226842, 0.5562000783810245]",66.81897145908343,4.230699061262492
"[10.36886965435458, 1.021614857069728, -0.5907220764773554, 0.0900753837669962]",79.9830664015817,4.233842225498201
"[5.952307471215408, 1.040260124759151, -0.6021271999124581, 0.14351872942903346]",69.57296372239816,4.236985389733908
"[30.009362261951715, 1.1812209596585646, -0.840495782616206, 0.02607335314678233]",96.93064552387196,4.4444342292906125
"[33.23676793470015, 1.1725635809517496, -0.9437064564220273, 0.022984434043133196]",91.86254822517807,4.450720557762028
"[10.072556688484493, 1.0115794311282544, -0.585287046725821, 0.09329233784913592]",97.85364059661686,4.4538637219977355
"[6.432948793014559, 1.1081116532798287, -0.6625696400292843, 0.12348577266418893]",79.59917751114702,4.460150050469151
"[19.64146433334228, 1.1822136318774492, -0.8710258452905794, 0.038414102821942166]",83.6226355570795,4.4632932147048585
"[8.646748555412685, 1.1742873548136183, -0.9365560322208614, 0.07889107949213278]",71.62015477863844,4.4727227074119815
"[14.579406900998368, 1.1769196183429915, -0.923859540364972, 0.04988518768911333]",77.80661054608872,4.475865871647689
"[13.950223967651102, 1.1820436795134284, -0.8775340703092643, 0.052520067945476694]",77.80869208702833,4.479009035883397
"[14.820293983209135, 1.1733645245226534, -0.9404744794250942, 0.0490974594665468]",77.82029756059195,4.4821522001191045
"[8.259346794142216, 1.182175630593467, -0.873027838245457, 0.08323432899260934]",71.69707273160897,4.485295364354812
"[-2.2003308112425364, 0.8140549415362054, -0.5540974136109112, -0.3596666724327121]",82.45094376811045,4.488438528590519
"[19.685481641231245, 1.182168391563232, -0.8733473760760898, 0.03829918479646276]",83.65076471958447,4.494724857061935
"[14.074340968016523, 1.1821077050592141, -0.8756159627238852, 0.052137642436288885]",96.66988547539721,4.501011185533351
"[22.701319417074433, 1.1580343331939265, -0.7446549578552476, 0.03641115980915185]",86.04840717148063,4.510440678240474
"[-0.5363136969180662, 0.5604635960381826, -0.9474623833872873, -0.08251136388233059]",84.95720253670365,4.538729156361843
"[-1.8688992947882828, 0.7162047409860293, -0.5875406304149801, -0.4224166638339812]",93.31409809043073,4.567017634483211
"[-1.2646813714232097, 0.5575554455064043, -0.796410140803238, -0.6114619954847642]",81.6863848280963,4.573303962954626
"[1.9730227069802653, 1.1788351847398386, -0.9123939377124364, 0.18927972464720108]",81.07705697136645,4.582733455661749
"[13.719002267146116, 1.1814919596429063, -0.844097062882515, 0.05414116008303138]",85.35433161910868,4.614165098018826
"[1.925491834913354, 1.1749588602590209, -0.9335540604470334, 0.1886224709130209]",92.57435579088349,4.617308262254534
"[1.1388803852465195, 1.1354220538441508, -1.0316316987631768, 0.18548896201769144]",80.60535846622557,4.642453576140195
"[-0.05721413513545213, 0.5508693401487561, -0.840012800038172, 0.80994794437456]",98.57160434566241,4.655026233083025
"[-0.4982520642260753, 0.6211872160215998, -1.0661610123427538, -0.18802758796168753]",88.96348946519585,4.667598890025856
"[13.79817815497638, 1.1820218832728768, -0.8539330528603812, 0.05358857546233329]",80.6180299618916,4.692744203911516
"[-0.9017056672968141, 0.5603397429579632, -0.7850545648047245, -0.5658101130435937]",78.32140615253887,4.695887368147225
"[14.97516624167136, 1.0414334598396002, -0.6029056328228092, 0.0630513877915362]",86.97323744556256,4.699030532382932
"[0.5273963010905717, 0.6715943030250805, -0.6166330481327463, 0.340043434221591]",89.22182297972407,4.708460025090055
"[-0.10614178055720037, 0.7998048409081764, -0.5568089148121506, -0.402780603133398]",75.25359857581812,4.711603189325762
"[6.454008472321047, 1.1099552369842904, -0.6647836673700871, 0.12280437270965662]",87.82454580313835,4.733605338975716
"[0.7399472537630514, 0.7746673617032692, -0.5632817694218047, 0.8851553729244768]",79.44192156780029,4.736748503211424
"[18.10511029372435, 1.1723357799640708, -0.7874508949111776, 0.043506818907096255]",88.1699211530276,4.746177995918547
"[-1.1760073550259917, 0.5958691241373455, -0.7016612210461058, -0.5653526717524712]",85.6224676187833,4.752464324389962
"[6.229894292685018, 0.9371945192147229, -0.5579102353670674, 0.1508881614360165]",95.36475731883931,4.75560748862567
"[28.157944069849762, 1.1585484950680052, -0.9861513421402288, 0.027119264975855966]",89.80817740527527,4.761893817097085
"[13.91137945089234, 1.1821326564877188, -0.8572958683808054, 0.05310693144327697]",88.65199596818438,4.771323309804208
"[0.8555421706257162, 1.1580763373250464, -0.7447560662829138, 0.25245531076965877]",73.63575389425797,4.783895966747039
"[0.1711318803882653, 0.7475299808397724, -0.5728380323968492, 0.4917017411540805]",91.46860887798417,4.799611787925577
"[1.0362638802563175, 1.1810710179938901, -0.8933431812816887, 0.17458094978615463]",83.0972609319388,4.8153276091041155
"[8.155010034999627, 1.1822457125840156, -0.8638536987975012, 0.08447254084692968]",81.02881505819062,4.871904565346853
"[21.423215494890673, 1.1692126357542558, -0.9559003300448544, 0.03492535810772201]",97.04184677351283,4.903336207703929
"[-0.2656150559372074, 0.615103570671151, -1.0584786024252157, 0.29987333888973816]",88.17640091233237,4.9159088646467595
"[28.847696208912225, 1.150310340506206, -1.0045247711225087, 0.02668270734081482]",90.02522537451516,4.931624685825298
"[24.58270976680425, 1.181409325290438, -0.8429389996584148, 0.031496722345453344]",89.89545496008144,4.9347678500610055
"[5.673393935632162, 0.9619959156238662, -0.5647121766315825, 0.16035406137104935]",71.2035365052489,4.937911014296713
"[-0.2846299839889599, 0.7846326571817656, -1.1715989968851372, -0.18093901156117]",96.91171283108721,4.9441973427681285
"[3.132092040529853, 1.100872550164419, -0.6542547310340089, 0.213190281446777]",98.33172222071171,4.947340507003836
"[1.7628235713056366, 0.983127815215217, -1.1597719360824315, 0.2998309327283035]",69.04427727540347,4.9536268354752515
"[0.5032976270723142, 0.5811272000991785, -0.7287919765995475, 0.8071000270012229]",70.51914886224235,4.956769999710959
"[1.3628945467204392, 0.9820398280965525, -0.571847475734887, 0.3885020545023307]",61.19180241154839,4.9630563281823745
"[1.3863036195411895, 1.0574710523256234, -0.6143339981809827, 0.34115705089597037]",61.21810484530321,4.966199492418082
"[0.043517319471910884, 1.1762101434889287, -0.9275512296988955, -0.22117517141449322]",73.54639264270173,4.969342656653789
"[-0.5292801982948043, 1.0856036828143383, -0.6384613921783417, -0.5746649228107383]",81.53283750394303,4.978772149360912
"[-2.0609292489384177, 0.7364648467230894, -0.5775569270769303, -0.39376609141340857]",78.11232641445898,4.9819153135966205
"[-1.8677087617424282, 0.6654663656640486, -0.621533947434279, -0.43855267445354085]",78.22589090868954,4.985058477832328
"[0.7823095925590332, 0.9289069773613926, -0.5561126617029135, 0.9932380141569481]",77.02665607107551,4.988201642068035
"[-1.4525090190753052, 0.6214222028725819, -0.6656026652948462, -0.5168198529038643]",71.85799132280998,4.9913448063037436
"[1.152115868517473, 1.116388271871163, -0.6728456059706222, 0.3067068807998038]",61.168779130500845,4.994487970539451
"[0.9419147020026798, 1.0465869699875476, -0.6064150788544012, 0.4047049590651793]",61.31356762292432,4.997631134775158
"[1.023224947756482, 1.1628905068597728, -0.9749800300105369, 0.1639513080987365]",64.59920579836204,5.000774299010867
"[0.5345487293841318, 1.182093987243451, -0.8559929290044292, 0.12220069384659397]",71.87119740552582,5.007060627482281
"[0.8010556084849617, 0.726535042853364, -0.5822254051809824, 1.0590964900199167]",77.12294629136802,5.01020379171799
"[0.7142574590997732, 0.7890127385239049, -0.5593186229831785, 0.7792988577814275]",78.56872405320023,5.016490120189404
"[0.3392016375888886, 0.5567474354282026, -0.931958235434757, 0.7462076581435472]",76.68307994093456,5.019633284425112
"[2.1091370892632906, 1.0945314020361934, -1.084623228025578, 0.2146484999442118]",74.3739825994278,5.02277644866082
"[-0.33485560991940255, 0.5528315110727073, -0.9097242088947641, 0.3896848869428685]",62.4234723942802,5.025919612896527
"[0.041629916206567, 0.5668519295821574, -0.968471644973348, 0.7675180298737355]",83.16678525511173,5.029062777132235
"[0.5467426094024773, 0.6884617998303842, -0.6043554464892854, 0.4057460566859288]",73.29861875762286,5.032205941367943
"[-0.5160060188971672, 0.5677459882501564, -0.9710463077441914, -0.06386846369814159]",74.79303161836728,5.038492269839358
"[0.38721810021674713, 0.5721057398152168, -0.7493582227427751, 0.8248208059670632]",80.9868506199297,5.041635434075066
"[0.2259387843073688, 1.1819573129763727, -0.8523495581309538, 0.01494594834109065]",74.55389253955548,5.044778598310773
"[0.550552055339458, 1.1567009192036068, -0.9905554994874418, 0.07586709462342785]",71.59686635170034,5.047921762546481
"[1.9218058396186353, 1.0887236782116856, -1.0905370483979078, 0.22284460767251021]",92.14567518144273,5.051064926782189
"[0.4009650919197328, 1.16912849248631, -0.9561836958012273, 0.020457605634380267]",71.63305391710863,5.054208091017896
"[3.07582227952542, 1.0965627771076396, -0.6495709755524678, 0.21729813641008458]",93.85595793648025,5.060494419489312
"[-0.05147616451440421, 0.6103507164392892, -1.0521179996902323, 0.5704514223000648]",88.8023989075293,5.063637583725019
"[0.3947780254010966, 1.1694858676829796, -0.9549734046078467, 0.017921360035964465]",75.57630279212778,5.066780747960727
"[-0.3047895290841788, 0.5510805325178111, -0.8944811248760502, 0.4576799493012674]",66.32822664462037,5.073067076432142
"[0.6379738123045642, 1.0617878861408945, -0.6176767567141558, 0.6837308465417614]",91.91731701627728,5.07621024066785
"[0.07430792621998727, 0.637752262128373, -0.6471844277345471, -0.5709923781157435]",83.65995417437765,5.079353404903558
"[0.6178095585152434, 0.5524957582574119, -0.8248045185962481, 0.5067894279883001]",72.0025624033895,5.085639733374973
"[15.703812552784765, 1.1427553826122328, -1.0190630423507032, 0.047587315048532905]",81.27829257037345,5.088782897610681
"[21.46853916377342, 1.162686682317213, -0.9755337861994641, 0.034966668149713755]",86.1758643208421,5.098212390317803
"[2.7136854267502506, 0.9742190811372314, -0.5688821249089546, 0.27635941544672493]",85.98969288092455,5.104498718789219
"[1.8094265368381017, 1.1105555979309463, -1.0665372092989005, 0.21266769599313273]",84.9902968039511,5.110785047260634
"[0.40273579149370137, 1.181565620005841, -0.8868669955410506, 0.057409227757966835]",95.89898426598988,5.120214539967757
"[-0.6211505013620452, 0.9286914432176733, -0.5560690076546774, -0.6650413873116381]",96.37923972777608,5.123357704203465
"[7.454935861442395, 1.1773451777675414, -0.8105276711546843, 0.09401883257214409]",82.73690396567325,5.1296440326748804
"[1.2153868455146244, 1.173321776434057, -0.9406507302921344, 0.1783152400145748]",93.95251602876702,5.132787196910588
"[-1.4201813370685472, 0.5630208162367931, -0.7755366203630815, -0.573616396197577]",91.68192549773939,5.135930361146295
"[17.206396108801655, 1.1590715192274215, -0.7471810760957734, 0.047145843413639844]",86.62743376561671,5.139073525382003
"[10.190798160450216, 0.9650119301049427, -0.5656894791816872, 0.09576384845691047]",85.90114769194716,5.142216689617711
"[22.93263959435948, 1.1297459416838858, -1.0405289220580927, 0.03391808772946044]",88.32686451324699,5.145359853853418
"[1.7141877771575302, 1.1344636661813368, -0.6988700889382343, 0.2615438598126146]",86.29312023668679,5.148503018089126
"[10.576522552481803, 1.0266400904852282, -0.5936232701364387, 0.08806751978180949]",85.59497679378609,5.151646182324833
"[-0.26428449566931494, 0.6478971491071789, -1.094979688547668, 0.2077654516595826]",93.57434194769458,5.157932510796249
"[-0.3816484851407464, 0.6310949841942706, -1.0777036925889052, 0.041496371327911966]",90.09360559294281,5.164218839267663
"[0.45502472950699974, 0.7308076891489513, -0.5801650014046273, 0.3945579854304421]",81.55502830608957,5.170505167739079
"[12.265102649234526, 1.1573234901452414, -0.742958654081338, 0.06457449893963807]",76.75919279247415,5.176791496210495
"[0.41356503494029156, 1.1628657109520284, -0.7570032407135723, 0.2612658980285654]",71.47753956973945,5.192507317389032
"[1.3209869113309465, 0.6679404365615169, -0.619525209544561, 0.49726896637829154]",83.36853020165661,5.19565048162474
"[0.5058623235679975, 1.1532012535682232, -0.7336243792379699, 0.292285070685601]",65.13200200027845,5.208223138567571
"[6.048524372363277, 1.0264450409454657, -0.5935083584219175, 0.14364031400995117]",70.64253386424794,5.211366302803278
"[2.1028161907945346, 1.1726427041021772, -0.9433935570895668, 0.1858574499402573]",64.46126737393024,5.214509467038986
"[-1.861422959122887, 0.724884232133653, -0.5830427724003937, -0.4208351966108908]",88.00974893483068,5.217652631274694
"[1.9581689292557318, 1.181505607994952, -0.8877565047976663, 0.19219533672142797]",64.25765805214483,5.220795795510401
"[2.157096420970974, 1.1147923992068647, -1.0612559904979408, 0.2033765397748058]",70.40800936645215,5.223938959746109
"[-0.2444400595920059, 0.7183272419834872, -1.145641664042342, 0.05189368338316798]",78.68341216735536,5.230225288217524
"[8.019060085767546, 1.1822512817134512, -0.8649326421623825, 0.08562120203242461]",83.06514462955113,5.233368452453232
"[0.23325161234767255, 1.1738857820090094, -0.7937620830786734, 0.2671099820736698]",95.2165627512963,5.23651161668894
"[3.1476245498051276, 1.1200931475389064, -0.677744811094986, 0.2048229390542673]",95.49177803662386,5.242797945160355
"[10.982935099491483, 1.0753024113283411, -0.6289534018241707, 0.08094960787391281]",77.01809121915505,5.245941109396063
"[1.1997815446936442, 1.138833344890948, -1.0259498461602823, 0.1873063811653635]",92.2243091898138,5.280515915988847
"[10.935845616359623, 1.0751341479691965, -0.6288049723173361, 0.08128092981779993]",76.67755099589222,5.283659080224554
"[10.967287932022119, 1.0697778930354898, -0.6241888409491506, 0.08156692852856506]",82.87966736532813,5.2868022444602625
"[0.24990505375891003, 0.5529377772723523, -0.9104791789337735, 0.8116202855610581]",94.55485380012979,5.293088572931677
"[13.879316061327712, 1.181967226507681, -0.8525805291370723, 0.05333997435852865]",78.70933077878757,5.299374901403093
"[22.174603038320274, 1.1499807090083556, -1.0051993404075488, 0.034264217264482186]",79.81865950125777,5.3025180656388
"[0.4250879635129142, 0.6906120080946156, -0.6029091925534213, 0.19409663407719324]",89.96497643905325,5.3056612298745085
"[0.5898731208349833, 1.135886476960633, -0.7011769849743446, 0.337871901247072]",91.26701855206358,5.308804394110216
"[8.180012834381287, 1.1782445872082896, -0.9162168522799897, 0.08281861861474912]",71.50413749343215,5.311947558345923
"[-0.644659526136268, 0.5935533378797652, -1.0265214264816915, -0.4843263952582885]",61.60346506380421,5.3150907225816315
"[0.2583341798588984, 0.5627587368827024, -0.7764188820000512, 0.8584390891344594]",66.31226267900017,5.318233886817339
"[1.1589625614850818, 0.623418487533332, -0.6631907810319833, 0.5282522172396981]",92.36509795199271,5.321377051053046
"[0.7333233182467747, 0.9084708960457129, -0.552659195991227, 0.6773711875036935]",85.74689492358763,5.3245202152887545
"[-0.41822046568080296, 0.6303352395018053, -1.0768574375469238, -0.8041150399610669]",82.01437738043418,5.330806543760169
"[-0.49409318997757506, 0.5934389830231206, -1.0263271293413965, -0.8911606428433613]",70.1576742684076,5.333949707995877
"[-0.6062751442004304, 1.0213572643912079, -0.5905766552295785, -0.6701622099740449]",77.87690570613589,5.346522364938708
"[3.534901015555849, 1.0042427973509764, -0.5816032666086134, 0.22376082585275694]",82.61174353247156,5.349665529174415
"[-0.1714551011216252, 0.8206540323426842, -0.5530694345914972, -0.4050418458530657]",84.42348656283173,5.403099321181445
"[-0.41566881724986154, 0.649833923973883, -1.0968093808220947, -0.07936214742545197]",73.60781206285465,5.4062424854171525
"[1.0566007322779252, 1.1822236290701194, -0.861703098128794, 0.18633048660090915]",77.937487419914,5.409385649652861
"[1.9895870373514966, 1.1819573050438288, -0.8523493748792389, 0.19765233423618656]",74.87654998475476,5.4156719781242755
"[1.2620346029490355, 0.7592697819774308, -0.5683624446971508, 0.47790747540334183]",67.04823182614292,5.418815142359983
"[-0.4955956495641129, 0.6764595552711706, -1.1191356348645825, -0.3433532599560684]",84.19660407411841,5.421958306595691
"[0.5490754479978353, 1.1805569527720001, -0.8333160061825265, 0.14522935056449882]",81.95962463741176,5.4251014708313985
"[-2.1078739747217274, 0.723834307420969, -0.583568872411991, -0.39166156331941]",86.26745911459258,5.428244635067106
"[-0.5322878433626119, 0.5606403183306186, -0.9481225997314532, -0.07392636735409847]",72.66242574697252,5.440817292009936
"[0.40472077321524075, 0.5514149864366824, -0.8340834987650279, 0.7993371028590333]",92.3071037861851,5.4439604562456445
"[0.47059874480201375, 1.167406614576253, -0.7702685983779302, 0.22033222423783816]",66.89709218161343,5.447103620481352
"[7.319452917254698, 1.1741888666121743, -0.7950656956538084, 0.09659709263285997]",72.11140535930917,5.4533899489527675
"[7.613612148392798, 1.1809523620864573, -0.8373721154112098, 0.09073392151071207]",71.98706211097391,5.456533113188475
"[6.184132468612118, 1.0760812662049897, -0.6296432245434411, 0.13338435947475044]",71.97503346044313,5.459676277424182
"[1.7130376356360126, 1.1822385050293653, -0.8629799808166246, 0.1993420523793373]",75.87579139633671,5.465962605895598
"[1.34064124130149, 1.1315103664243045, -1.0378326638525268, 0.19776513526049874]",69.08137207749712,5.469105770131305
"[-0.5167881681200139, 0.605520601170007, -1.0452940508335313, -0.18695940573109532]",87.08279778598025,5.4722489343670135
"[-0.780949325707009, 0.5499135964678813, -0.8745884216552687, -0.5231410925082233]",65.7131801846691,5.475392098602721
"[0.7020433313025323, 1.0110261408423336, -0.5850008741563865, 0.5904275760360468]",96.13967154953707,5.478535262838428
"[1.3125982904959594, 0.7165209719246445, -0.5873707342483211, 0.48317720360018124]",70.95746962746783,5.481678427074136
"[2.67163012656266, 0.8304315456207253, -0.5518072037052216, 0.3128329706070311]",79.79869371741516,5.484821591309844
"[-2.404642168402625, 0.8044480364162441, -0.5558508918915392, -0.342157128620626]",84.64683702646725,5.487964755545551
"[1.2711161036790473, 1.0980977407911117, -1.0808332956233089, 0.21826911659678272]",60.94686932459091,5.494251084016967
"[15.5630918870669, 1.097873217280395, -0.6509751971417859, 0.057167953454610676]",80.17078090724615,5.497394248252674
"[18.805561097095154, 1.180390296316126, -0.8317512977636897, 0.04077836871841339]",80.06992941134371,5.500537412488382
"[21.647750564158795, 1.16037622946586, -0.9816004504880618, 0.0347477445851347]",80.04444290032436,5.50368057672409
"[23.023662636966783, 1.1258236744448613, -1.0463164422800466, 0.033948036251431016]",80.1211394483292,5.506823740959797
"[14.395722913888086, 1.1815469603714064, -0.8871476036916601, 0.050872005182122086]",74.08185433545366,5.509966905195505
"[6.883235701770836, 1.168074693464142, -0.7723972744431692, 0.10357441270301967]",86.24636489524188,5.513110069431213
"[1.06126139753281, 1.1401581272336616, -0.7083826115790495, 0.2805319368784489]",80.81200763754053,5.519396397902628
"[6.754164028120107, 1.1356854842319148, -0.7008484047413592, 0.11322658441920602]",98.86670947935703,5.522539562138336
"[6.958703423449983, 1.1532528391715064, -0.733736325017913, 0.10657623322480729]",78.77214398799475,5.528825890609751
"[11.31086008961579, 1.0855193243481915, -0.638380024223277, 0.07786773510905759]",98.05257920857744,5.535112219081166
"[18.543833649737117, 1.1768288108915816, -0.8077052346275024, 0.04193900508479922]",84.87934658598812,5.538255383316874
"[-0.9955769318803475, 0.5529735427956651, -0.9107303512896417, -0.7302448589681242]",99.4579554192681,5.541398547552582
"[6.373004657168286, 1.108703911209133, -0.6632764406943997, 0.12433206591440592]",97.96595675953742,5.566543861438243
"[0.7472708655078505, 0.7216331374181776, -0.5846877535958875, 0.5500310965737533]",68.47351331250917,5.575973354145366
"[-0.250776750909421, 0.849832150441938, -0.5502125184453779, -0.35389554776874543]",81.7892239737355,5.579116518381073
"[-0.045862921544878976, 0.8200730522127573, -0.5531542140193362, -0.2539444508042755]",81.53425001188198,5.582259682616781
"[-0.46817747227958434, 0.6743236119981567, -1.1175217716029937, -0.26454133913438627]",69.32360673899484,5.604261832266735
"[16.899520261270016, 1.0636873974035286, -1.112864898757422, 0.049269550352636936]",96.10067698245275,5.61054816073815
"[2.201022085715477, 1.111642144752239, -1.0652047615409443, 0.20369056793775928]",76.40283624016092,5.613691324973858
"[2.2679631886934772, 1.1321316600213003, -1.03686878349691, 0.19317802697498168]",69.21628660291631,5.6199776534452734
"[-0.11958515318504498, 0.7339089744442281, -1.1533322938834947, 0.15962412615607352]",77.5783323493887,5.626263981916688
"[1.7334260827237793, 1.0894293211328845, -1.0898348980275212, 0.22629614618708574]",68.94796952202137,5.629407146152396
"[2.1526046076036507, 1.177181686736646, -0.9224325627215116, 0.1855972435454122]",87.028154348254,5.632550310388104
"[12.993319935696784, 1.167354881277187, -0.7701059271706693, 0.0598491442773469]",73.05115052049858,5.641979803095227
"[21.302789485572287, 1.17252444483981, -0.9438607288756151, 0.03508796319530213]",79.15105145653047,5.645122967330934
"[23.01848579035198, 1.1296583757986725, -1.0406611849600564, 0.03380191061090586]",79.02685372846008,5.648266131566642
"[23.634945123594978, 1.1005938827199175, -1.0781047019014935, 0.034182953445097704]",78.94590749008066,5.651409295802349
"[23.590095350644905, 1.0990382353217945, -1.0798127288036314, 0.034314368905423484]",78.89339337429047,5.654552460038057
"[23.15380808693461, 1.1157437052922619, -1.0600376969311431, 0.034186475364091584]",78.86102901961777,5.657695624273765
"[22.492313058826237, 1.137900006438369, -1.0275314421597634, 0.034227568018072335]",78.8434680032337,5.660838788509472
"[21.707151012291867, 1.1579213983354406, -0.9876672073102282, 0.034720982578436484]",78.83716450014185,5.663981952745179
"[20.859719178317267, 1.1725589544150703, -0.943724710974066, 0.035786757531169326]",78.83970299206025,5.667125116980888
"[19.986791107660544, 1.1806636870775074, -0.8976916426873617, 0.0374646143560772]",78.84938939720503,5.670268281216595
"[19.109993030978874, 1.1818841336722126, -0.8507524619045823, 0.03976702607779025]",78.86500639974702,5.673411445452302
"[18.24163869852269, 1.1760283255135775, -0.803589928938008, 0.042705833358774516]",78.88566301218319,5.67655460968801
"[17.388337489137875, 1.1627069269140968, -0.7565718801618021, 0.04630701093315638]",78.91069220264708,5.679697773923718
"[16.55317874504889, 1.1410043206630884, -0.7098633236492202, 0.05062401333703401]",78.93957115563971,5.682840938159425
"[15.737057420839857, 1.1088828480864654, -0.6634908098331632, 0.05576137957417643]",78.97183686009767,5.685984102395133
"[6.691275708755679, 1.151839233069831, -0.7307092739656471, 0.11041412881472758]",66.34680075740354,5.689127266630841
"[6.444825804141409, 1.1315757099159713, -0.6943191577905385, 0.11857914320116344]",66.37448005513585,5.692270430866548
"[6.208544071761803, 1.1048599046639735, -0.6587620901237152, 0.12778212040611933]",66.40334227820594,5.695413595102256
"[5.981967276488093, 1.0694218051507447, -0.6238892769648373, 0.1382447677395643]",66.43277048950078,5.698556759337964
"[5.764907882237619, 1.019311735724619, -0.5894331037464448, 0.15055323773649298]",66.46145822985345,5.701699923573671
"[5.559166854425415, 0.9191715941923011, -0.5542955809488197, 0.1682350028274392]",66.48248817709303,5.704843087809379
"[-1.536168357883665, 0.5594586202915993, -0.7884573223407852, -0.5572743995026338]",96.71484262969231,5.726845237459332
"[-1.9645430790744078, 0.6165805032446493, -0.6716617199474367, -0.44421691692064424]",90.12629157439454,5.72998840169504
"[-0.07761194700560058, 0.7584574574733277, -0.5686550338307246, -0.4888291251283558]",93.47520497993561,5.733131565930748
"[-0.5122736035627604, 1.1089996490666847, -0.6636309470186463, -0.6414638092574377]",86.60861055815256,5.736274730166455
"[0.6904867490670284, 0.762001616659572, -0.5673967854100416, 0.6454697256305215]",90.44393944133216,5.739417894402163
"[-1.9622706042847304, 0.7105599477842205, -0.5906520354449465, -0.41246463050772]",77.29211373410777,5.742561058637871
"[-0.3243915114093186, 1.1630662910252352, -0.7575509307172782, -0.47119538790806914]",80.10659305315428,5.745704222873578
"[2.2201657466641755, 1.171065098060692, -0.9493967712665613, 0.18367087078107922]",79.10975279960019,5.7488473871092864
"[1.4823860496890935, 0.7289917197778502, -0.5810310714766065, 0.460373146712913]",92.30660839504401,5.751990551344994
"[2.9814143202524654, 1.0249833607569896, -0.5926531888190332, 0.24590651666652538]",78.8426449599117,5.755133715580701
"[-1.714543019620281, 0.7706994650238965, -0.5645076341598043, -0.42589624754786315]",70.79852805698854,5.7582768798164095
"[-1.1696572590530836, 0.5673282746441092, -0.7621985043637041, -0.6023775837238255]",71.42472726175029,5.761420044052117
"[-0.28115921647275144, 0.6870519669011915, -1.1267331115534887, 0.07582966792333014]",76.27480193979547,5.764563208287824
"[-0.4453568026348898, 0.5511085050131942, -0.8947890417373725, 0.17038015199021542]",83.41723752823493,5.7677063725235325
"[0.7935673125738711, 0.7613162348125089, -0.5676364128125603, 1.0288321782489256]",69.73117355387508,5.77084953675924
"[1.2906199930634137, 1.1784810373896548, -0.8173275904006554, 0.21235166248058202]",77.02210997231309,5.780279029466363
"[0.7524078282804191, 0.8314959732789191, -0.5516884533173197, 0.8852187279932832]",73.99256441791435,5.786565357937778
"[0.025994018929404502, 1.173455183407646, -0.9400992223766107, -0.24799906923939832]",84.6372899882669,5.789708522173486
"[3.197834245848168, 1.108612770741021, -0.6631674007550837, 0.20743313279907366]",97.2012415000173,5.792851686409193
"[-0.4132869259946578, 1.1555255687429826, -0.738786830666957, -0.613693973038514]",98.55858448663291,5.795994850644901
"[3.0218688466819246, 0.9698675427033169, -0.5673335723180443, 0.2584208500131551]",85.21121756217046,5.802281179116316
"[1.7672787820555695, 1.1553212762943854, -0.7383230226449294, 0.2400759442895304]",74.79317220251218,5.808567507587732
"[0.06692003033947763, 0.8286457454677691, -0.552014637815931, 0.0016337712581720256]",80.47243338074843,5.811710671823439
"[-0.03418506446730103, 0.5741562045134421, -0.744319321286868, 0.7958166735082036]",80.83906655749585,5.814853836059147
"[-0.054764257929707405, 0.7221741108979824, -0.5844107636556022, -0.5549852506674211]",79.64643526030461,5.817997000294855
"[0.5683839099884622, 1.1633813345273771, -0.7584175488109348, 0.23760168551560806]",69.78764214789074,5.821140164530562
"[14.411921384916631, 1.1791858668297075, -0.9099631368309146, 0.050519969189500996]",81.71253488049214,5.827426493001978
"[1.7779144114920444, 1.0929926565019112, -0.6458303398210017, 0.2890448126840552]",69.59943987548584,5.830569657237685
"[-0.07400870349965491, 0.7836112755670148, -0.5607256961688565, -0.41405054142531134]",71.29136763448457,5.833712821473393
"[-0.2941506176498044, 0.7850046029977705, -1.1716978262236994, -0.19881603104599993]",81.66163397620218,5.839999149944808
"[1.0579627108569418, 1.1815983713027824, -0.8456857338839197, 0.19286307703918795]",77.90602417347256,5.843142314180516
"[0.8696581494068015, 0.8174976687513903, -0.5535433100053498, 0.5400232355076511]",77.21014352098798,5.846285478416224
"[1.7447492193846568, 1.1766749942337167, -0.806891386893259, 0.21416467766936476]",70.6040888538078,5.849428642651931
"[-0.5972271775791809, 0.6248512749982582, -1.0705615609894845, -0.4713818216715402]",74.79133538222753,5.852571806887639
"[8.615849007419047, 1.1565106310946198, -0.9909987317966588, 0.07984660590526389]",80.1542207209104,5.855714971123347
"[-0.48877077742352326, 0.645423377520479, -1.0925971275458777, -0.23371238849991233]",64.7686874131542,5.858858135359054
"[13.570956973682645, 1.1816145632761852, -0.8459385321691493, 0.0546223887254766]",96.78501221989309,5.862001299594762
"[-0.6872463265137415, 0.930511509417674, -0.5564425519010389, -0.5060904727074896]",89.81483363121177,5.868287628066177
"[0.31144307451682557, 0.5596844027631692, -0.7875703778570092, 0.8460561477755323]",90.68471411135206,5.880860285009008
"[-0.39809359178866377, 0.5865179147115701, -1.0139293035037227, 0.13677823715083856]",84.9025547271452,5.890289777716131
"[-0.30162011861232096, 0.6594082319422797, -1.1054191052469977, 0.11456123926234238]",98.43273870777074,5.8965761061875455
"[0.2549348483856728, 1.182206174583261, -0.8605737822768251, 0.018431756711517446]",92.71186588983483,5.899719270423254
"[16.566310440790396, 1.1035516820440316, -1.0747866720697934, 0.04752896255595443]",86.37145331434506,5.902862434658961
"[0.7905450533982213, 0.5541287495315435, -0.8138672110833091, 0.9479408386359709]",72.05290257081509,5.9060055988946685
"[0.5234284556195232, 1.1776925759599508, -0.9195377742058565, 0.07973051693894471]",74.24356361536454,5.909148763130376
"[1.1752675708250384, 1.1630580646106494, -0.9745224009893573, 0.17595040284112376]",89.76357443821607,5.912291927366084
"[1.1668855863251264, 1.1764642826614742, -0.926255815384905, 0.1769342527304905]",78.49583556771962,5.9154350916017915
"[1.1304317839715425, 0.8186632309684605, -0.5533645258573252, 0.4817302295817323]",91.75877795551219,5.9248645843089145
"[-0.21117974778952714, 0.6556435154563566, -1.1021174643529954, 0.26515616102112144]",98.0720953259013,5.94372356972316
"[-0.33698229168293387, 0.770670232423131, -1.1675339298573437, -0.4353861861012687]",82.47527197395627,5.946866733958868
"[1.0970447108794266, 1.1805310922972574, -0.8989825258230107, 0.17746180843143436]",78.63254534796565,5.956296226665991
"[1.0558007126689832, 1.1734994489603432, -0.9399152646799732, 0.167530118102239]",82.01395666024897,5.959439390901698
"[0.6765599608106432, 1.172437119661475, -0.9442037919315989, 0.11283713337452836]",74.1121191251798,5.962582555137406
"[12.68183747635079, 1.1731165269586605, -0.790559901284507, 0.06019012884264354]",86.48042144693676,5.965725719373114
"[1.740903641399648, 0.9581214763325073, -0.5635054649023746, 0.35987252901148997]",74.457977307853,5.968868883608821
"[0.4063699768980788, 0.7365281644267476, -0.5775284973907369, 0.5148323383267907]",84.6795101117295,5.972012047844529
"[-0.677884970063581, 0.5658645857525048, -0.9655416502891915, -0.44373510962130996]",97.8691442618153,5.978298376315944
"[0.08437392075225038, 0.577795898169761, -0.9961167259128413, 0.7354617477938726]",91.21438054484997,5.981441540551652
"[-0.4674733496039846, 0.6537563411897757, -1.1004221722458647, -0.20572853192235918]",65.01079425584506,6.000300525965898
"[9.676015591832316, 1.0656235324803918, -1.1113019559067898, 0.0815167605155893]",80.4554212665556,6.003443690201606
"[9.414361955946125, 1.1176530439516457, -1.0575548550545686, 0.07750310487439065]",80.954626575447,6.009730018673021
"[1.735316689012862, 1.177432115351303, -0.9210332213298393, 0.1906633351804064]",85.06699150982973,6.012873182908729
"[1.5016220312247748, 1.1670212532836994, -0.7690640785861126, 0.2331286943515381]",79.46381167548054,6.016016347144436
"[-1.2026771045178575, 0.5621014551500417, -0.7786741963143913, -0.6096264549444661]",94.09163145112375,6.019159511380144
"[14.28607327232667, 1.1803218747762074, -0.9009213680497914, 0.05102603757150936]",82.05281476241943,6.022302675615851
"[0.8309735418491404, 1.173695484741302, -0.7929561128066526, 0.21068825259333698]",69.68708600712574,6.025445839851559
"[1.1304368188583884, 1.165212851148457, -0.7636199774643585, 0.2388620843384923]",81.95939404433057,6.028589004087267
"[-0.0690146230910579, 0.5576108215043487, -0.7961652188648822, 0.7974502795350726]",81.66860101546796,6.031732168322974
"[-1.435909562648426, 0.5901687156854059, -0.7114191696571657, -0.5409623389307786]",84.32422649999761,6.03801849679439
"[-0.2909629176810242, 1.1794449826656546, -0.8239758190787755, -0.5463751446401879]",98.6220399740205,6.041161661030097
"[0.7954383227890478, 0.7420361868625103, -0.5751187622530217, 1.0407395994557311]",70.2474471770086,6.053734317972928
"[-0.2879334416115605, 0.6865223070457308, -1.1263687122469606, 0.06617162979482119]",76.78619959057781,6.056877482208636
"[-1.7337102998868414, 0.7906453994525993, -0.5589132826512443, -0.4177872275167727]",71.29866031636224,6.060020646444343
"[-1.2764833095215764, 0.7206184548253934, -0.5852108400694851, -0.4939945307076537]",88.11723896336912,6.063163810680051
"[-0.8180341040169309, 0.5642022482553604, -0.9603799626910948, -0.7702582487923675]",79.02954139259704,6.066306974915759
"[0.7972095150632205, 0.9165047682656744, -0.5538526411007427, 1.030252007870905]",83.1887383119574,6.069450139151466
"[-0.6287337110459711, 1.0335536937174186, -0.5978197512114016, -0.7787941438956271]",93.51455673193936,6.072593303387174
"[5.829063148330086, 1.0366432872846272, -0.5997745111476147, 0.14658904455095886]",67.11654375403086,6.085165960330005
"[6.403279269469456, 1.1274696721991448, -0.6881296632140348, 0.12008968217627351]",67.06084017211177,6.088309124565712
"[16.072624063371258, 1.123659031177708, -0.6826544299742381, 0.05352465050024772]",79.65773782402503,6.09145228880142
"[18.294965673368843, 1.1766020083677027, -0.8065092489574555, 0.04250509151552672]",79.60230217315704,6.094595453037128
"[20.662412426032184, 1.1749952738932874, -0.9333872577139444, 0.0361140248077882]",79.57801174364917,6.097738617272835
"[22.8751970446986, 1.1256745914239747, -1.0465310805872814, 0.034162476032471384]",79.60702495376067,6.1008817815085425
"[23.49504335595346, 1.1085748174396561, -1.0689287845728732, 0.03402307487876667]",79.74790430305043,6.104024945744251
"[11.956547986820029, 1.124423643901082, -0.6837334689530308, 0.07017731040624418]",73.92907598356169,6.107168109979958
"[0.26112882832640594, 0.5828980777112268, -0.7251747125165944, 0.8390832322685291]",91.17480344563211,6.113454438451374
"[-1.0951141182221802, 0.5843830570892765, -0.7222283643571888, -0.5776695156040483]",85.85795233593244,6.116597602687081
"[22.601140783052358, 1.135981667848019, -1.030717891447612, 0.03414421357496681]",93.57543336331416,6.119740766922789
"[23.27582316062406, 1.1140299186411942, -1.0622236724072793, 0.03408989741976347]",85.01556228453276,6.129170259629912
"[6.6001902299011554, 1.1225030245673697, -0.6810409989352194, 0.11813675060202804]",92.39153808256934,6.135456588101327
"[9.145148406089508, 1.1127779764945238, -1.0637958966819692, 0.07999781541633855]",95.17386399539704,6.138599752337035
"[1.2577804021946137, 1.1781948703169653, -0.8155256595791782, 0.21263225171599942]",83.46511165036425,6.14488608080845
"[20.470470494749307, 1.1775084597193157, -0.920599260762211, 0.03647313235091888]",81.11007341237921,6.148029245044158
"[-0.06804704426138646, 0.6168840521175083, -1.0607780337784154, 0.5372218471392307]",71.84575353618206,6.154315573515572
"[-0.17734898110152017, 0.5539424676813673, -0.9170571683363296, 0.647127336464334]",81.56719215291609,6.157458737751281
"[6.971755111728831, 1.1581803152430703, -0.7450067783154959, 0.10519979620105713]",73.30940852129608,6.160601901986988
"[1.7909743178162232, 1.1557958959938983, -0.7394036764044792, 0.2387789602646968]",85.66158847445553,6.163745066222695
"[-1.5621069742763796, 0.6313544564182177, -0.6540594950579944, -0.4957177538817514]",81.1809883517475,6.166888230458403
"[12.72648660482125, 1.1753482731344091, -0.8003035467121544, 0.05956812716764945]",82.92582728153617,6.170031394694111
"[0.22222896728910219, 0.5505144461444876, -0.8447454693598375, 0.8600002904543431]",92.70911124383773,6.179460887401234
"[-0.6846467842457412, 0.7563292427176173, -0.5694335086706324, -0.9890901981564002]",78.81068505200602,6.185747215872649
"[1.6847946464738914, 1.1105915219477236, -0.665557416697868, 0.28221131530973326]",79.6858250526267,6.188890380108356
"[-0.6122066239764508, 0.6309947350715671, -1.0775923784387542, -0.5934835117403221]",76.50099596772539,6.192033544344064
"[-2.0111546642952027, 0.8177608804251368, -0.5535025473644846, -0.37846198845707163]",85.52066108667182,6.195176708579772
"[1.0081773460782273, 1.1736411267586249, -0.792727607234729, 0.21850255062220306]",69.83242219425065,6.198319872815479
"[11.942434437404847, 1.127491116935782, -0.6881611835313275, 0.06991134523729799]",90.92621633738993,6.201463037051187
"[13.015126982314051, 1.1716792512807577, -0.784934556516584, 0.059050243899071]",84.67053429105631,6.207749365522602
"[-0.6120715932490446, 0.6060148980858856, -1.0460102279402042, -0.43943324997997785]",70.08930340778934,6.21089252975831
"[2.1082481586700523, 1.1711926926395277, -0.948928514780538, 0.18575798591126863]",66.00218213610312,6.217178858229725
"[6.7097291693297185, 1.1107411987666127, -0.6657401579818327, 0.11875971870475817]",78.24378189940215,6.223465186701141
"[-0.2726926882096167, 0.5556115107529844, -0.805666352987922, 0.5386923513434164]",76.80945709592872,6.226608350936848
"[8.966112278203598, 1.1471776507130387, -1.0107783451945727, 0.07791222393465383]",81.73674946131379,6.232894679408264
"[0.45013028528297727, 0.5725731566006335, -0.7481874700671116, 0.8123425208868041]",98.98068338914062,6.239181007879679
"[-0.5137658874806933, 0.5530945683866801, -0.9115698025317659, 0.0049100041496845746]",81.30253740086252,6.242324172115387
"[17.449732101343265, 1.1639975354627405, -0.7601357973872495, 0.0460160559857135]",87.95463039079915,6.245467336351094
"[0.8849595434647997, 0.5760340712256128, -0.7399102697173477, 0.5644724574970894]",92.85856317898026,6.258039993293925
"[13.258711681346748, 1.1773162575182172, -0.8103656842231639, 0.05700006656981548]",88.59569488882589,6.267469486001048
"[-0.48471096156947246, 0.6730667936239144, -1.1165587843246683, -0.3030661882422194]",67.14587263617784,6.270612650236756
"[2.3289258997429836, 1.106901237533055, -1.0709127697099627, 0.20223198255350794]",79.82577921523992,6.280042142943879
"[-1.5641826763415139, 0.7832612862304648, -0.560820389334296, -0.44078052568930887]",93.19872038675082,6.283185307179586
