u,t,theta
"[0.3999956310314237, 0.8660292623257807, -0.8660256879196524, 0.3999956310314237]",11.149599933655006,0.0
"[0.39999562236845554, 0.8660292699766409, -0.8660256884830294, 0.39999562236845554]",11.154888792585723,0.003143164235707647
"[0.3999956136532876, 0.8660292776736027, -0.8660256890498008, 0.3999956136532876]",11.160177568205198,0.006286328471415294
"[0.39999560488581576, 0.8660292854167569, -0.866025689619974, 0.39999560488581576]",11.165466170316117,0.009429492707122941
"[0.39999559606596125, 0.8660292932061744, -0.8660256901935534, 0.39999559606596125]",11.170754516359475,0.012572656942830588
"[0.39999558719362704, 0.8660293010419398, -0.8660256907705458, 0.39999558719362704]",11.176042524736031,0.015715821178538234
"[0.3999955782687288, 0.8660293089241282, -0.8660256913509564, 0.3999955782687288]",11.181330112103652,0.018858985414245882
"[0.39999556929115804, 0.8660293168528355, -0.8660256919347924, 0.39999556929115804]",11.18661719106315,0.02200214964995353
"[0.39999556026085414, 0.8660293248281143, -0.866025692522058, 0.39999556026085414]",11.191903674453414,0.025145313885661175
"[0.3999955511776765, 0.8660293328500902, -0.8660256931127616, 0.3999955511776765]",11.197189482094513,0.02828847812136882
"[0.39999554204161963, 0.8660293409187669, -0.8660256937069042, 0.39999554204161963]",11.202474532731754,0.03143164235707647
"[0.3999955328525509, 0.8660293490342621, -0.8660256943044942, 0.3999955328525509]",11.207758727197092,0.03457480659278411
"[0.3999955236104643, 0.8660293571965809, -0.8660256949055318, 0.3999955236104643]",11.213041994255155,0.037717970828491765
"[0.399995514315148, 0.8660293654059104, -0.8660256955100313, 0.399995514315148]",11.218324254571435,0.04086113506419941
"[0.3999955049666662, 0.8660293736621941, -0.8660256961179882, 0.3999955049666662]",11.223605411749359,0.04400429929990706
"[0.39999549556490027, 0.8660293819655366, -0.86602569672941, 0.39999549556490027]",11.228885382990033,0.047147463535614706
"[0.399995486109772, 0.8660293903160067, -0.8660256973443023, 0.399995486109772]",11.234164100608467,0.05029062777132235
"[0.3999954766012097, 0.8660293987136681, -0.8660256979626693, 0.3999954766012097]",11.239441458539702,0.05343379200703
"[0.3999954670391853, 0.8660294071585456, -0.866025698584513, 0.3999954670391853]",11.244717395264768,0.05657695624273764
"[0.3999954574236472, 0.8660294156506846, -0.8660256992098367, 0.3999954574236472]",11.249991805979676,0.05972012047844529
"[0.3999954477545058, 0.8660294241901643, -0.8660256998386465, 0.3999954477545058]",11.255264627479061,0.06286328471415294
"[0.3999954380316975, 0.8660294327770409, -0.866025700470946, 0.3999954380316975]",11.26053576338755,0.06600644894986059
"[0.3999954282552122, 0.8660294414113231, -0.8660257011067363, 0.3999954282552122]",11.265805138464442,0.06914961318556823
"[0.39999541842502473, 0.8660294500930336, -0.8660257017460189, 0.39999541842502473]",11.27107266844763,0.07229277742127588
"[0.39999540854098203, 0.8660294588223069, -0.8660257023888039, 0.39999540854098203]",11.276338272764642,0.07543594165698353
"[0.3999953986031659, 0.866029467599071, -0.8660257030350856, 0.3999953986031659]",11.281601873149604,0.07857910589269117
"[0.39999538861145395, 0.8660294764234344, -0.8660257036848724, 0.39999538861145395]",11.286863371385998,0.08172227012839882
"[0.39999537856584616, 0.866029485295397, -0.866025704338164, 0.39999537856584616]",11.29212270982833,0.08486543436410646
"[0.39999536846632183, 0.8660294942149767, -0.8660257049949618, 0.39999536846632183]",11.297379793711873,0.08800859859981412
"[0.39999535831281463, 0.8660295031822322, -0.8660257056552702, 0.39999535831281463]",11.30263454029873,0.09115176283552176
"[0.3999953481053505, 0.866029512197141, -0.8660257063190873, 0.3999953481053505]",11.307886875802295,0.09429492707122941
"[0.39999533784379304, 0.8660295212598231, -0.8660257069864221, 0.39999533784379304]",11.313136726085364,0.09743809130693705
"[0.39999532752827593, 0.8660295303701605, -0.8660257076572662, 0.39999532752827593]",11.318383999845995,0.1005812555426447
"[0.3999953171586383, 0.8660295395282952, -0.8660257083316298, 0.3999953171586383]",11.32362862364909,0.10372441977835235
"[0.39999530673494504, 0.8660295487341704, -0.8660257090095086, 0.39999530673494504]",11.328870518149945,0.10686758401406
"[0.3999952962571382, 0.8660295579878367, -0.8660257096909063, 0.3999952962571382]",11.334109604709738,0.11001074824976764
"[0.3999952857252516, 0.8660295672892647, -0.8660257103758209, 0.3999952857252516]",11.339345798426125,0.11315391248547528
"[0.39999527513922734, 0.8660295766385049, -0.8660257110642562, 0.39999527513922734]",11.344579033147912,0.11629707672118293
"[0.39999526449911166, 0.8660295860355174, -0.8660257117562088, 0.39999526449911166]",11.349809220055414,0.11944024095689058
"[0.3999952538048561, 0.8660295954803442, -0.8660257124516824, 0.3999952538048561]",11.355036298591264,0.12258340519259824
"[0.39999524305649725, 0.8660296049729529, -0.8660257131506746, 0.39999524305649725]",11.360260177199336,0.12572656942830587
"[0.39999523225400496, 0.8660296145133709, -0.8660257138531867, 0.39999523225400496]",11.36548078099118,0.12886973366401352
"[0.3999952213974204, 0.8660296241015613, -0.8660257145592165, 0.3999952213974204]",11.370698045311428,0.13201289789972118
"[0.3999952104867048, 0.8660296337375583, -0.8660257152687665, 0.3999952104867048]",11.375911885205399,0.13515606213542883
"[0.3999951995219003, 0.8660296434213247, -0.8660257159818341, 0.3999951995219003]",11.381122221768003,0.13829922637113645
"[0.3999951885030007, 0.8660296531528662, -0.8660257166984194, 0.3999951885030007]",11.386328988731677,0.1414423906068441
"[0.3999951774300389, 0.8660296629321538, -0.8660257174185202, 0.3999951774300389]",11.391532118739509,0.14458555484255176
"[0.3999951663030969, 0.8660296727591147, -0.8660257181421316, 0.3999951663030969]",11.396731520206593,0.1477287190782594
"[0.3999951551220301, 0.866029682633877, -0.8660257188692626, 0.3999951551220301]",11.40192712789224,0.15087188331396706
"[0.3999951438870334, 0.8660296925562684, -0.8660257195999006, 0.3999951438870334]",11.407118871643608,0.15401504754967468
"[0.3999951325980661, 0.8660297025263245, -0.8660257203340487, 0.3999951325980661]",11.412306681957416,0.15715821178538233
"[0.3999951212551355, 0.8660297125440395, -0.8660257210717056, 0.3999951212551355]",11.417490481875854,0.16030137602109001
"[0.3999951098583563, 0.866029722609312, -0.8660257218128645, 0.3999951098583563]",11.422670199426229,0.16344454025679764
"[0.3999950984076327, 0.8660297327222262, -0.8660257225575313, 0.3999950984076327]",11.427845774440824,0.1665877044925053
"[0.3999950869031423, 0.8660297428826251, -0.8660257233056947, 0.3999950869031423]",11.43301712135535,0.1697308687282129
"[0.3999950753448294, 0.8660297530905585, -0.8660257240573581, 0.3999950753448294]",11.438184188688435,0.1728740329639206
"[0.3999950637327941, 0.8660297633459378, -0.8660257248125148, 0.3999950637327941]",11.44334688679991,0.17601719719962824
"[0.39999505206705804, 0.8660297736487438, -0.8660257255711641, 0.39999505206705804]",11.44850516548596,0.17916036143533587
"[0.3999950403477028, 0.8660297839989044, -0.8660257263333001, 0.3999950403477028]",11.453658944404511,0.18230352567104352
"[0.3999950285747379, 0.8660297943964111, -0.8660257270989223, 0.3999950285747379]",11.458808160436428,0.18544668990675117
"[0.39999501674823207, 0.8660298048412035, -0.8660257278680261, 0.39999501674823207]",11.46395274957128,0.18858985414245882
"[0.3999950048682829, 0.8660298153331956, -0.8660257286406055, 0.3999950048682829]",11.469092644853069,0.19173301837816648
"[0.39999499293488977, 0.8660298258723871, -0.8660257294166602, 0.39999499293488977]",11.474227775790759,0.1948761826138741
"[0.39999498094814545, 0.866029836458697, -0.8660257301961842, 0.39999498094814545]",11.479358084526929,0.19801934684958175
"[0.39999496890820263, 0.8660298470919897, -0.8660257309791679, 0.39999496890820263]",11.48448349791679,0.2011625110852894
"[0.3999949568149615, 0.8660298577723536, -0.8660257317656177, 0.3999949568149615]",11.489603962168875,0.20430567532099703
"[0.39999494466860913, 0.8660298684996236, -0.8660257325555213, 0.39999494466860913]",11.494719409121243,0.2074488395567047
"[0.3999949324691765, 0.8660298792737724, -0.8660257333488766, 0.3999949324691765]",11.499829774608978,0.21059200379241236
"[0.3999949202168004, 0.8660298900946792, -0.8660257341456744, 0.3999949202168004]",11.504934994265335,0.21373516802812
"[0.39999490791146214, 0.8660299009623603, -0.8660257349459166, 0.39999490791146214]",11.510035014327784,0.21687833226382763
"[0.39999489555339557, 0.8660299118766092, -0.8660257357495879, 0.39999489555339557]",11.515129767796143,0.22002149649953529
"[0.3999948831425383, 0.8660299228374809, -0.8660257365566919, 0.3999948831425383]",11.520219190648398,0.22316466073524294
"[0.39999487067905876, 0.8660299338448273, -0.8660257373672178, 0.39999487067905876]",11.525303234369801,0.22630782497095056
"[0.39999485816300895, 0.8660299448986015, -0.8660257381811625, 0.39999485816300895]",11.530381832825663,0.2294509892066582
"[0.39999484559452186, 0.8660299559986868, -0.8660257389985171, 0.39999484559452186]",11.53545492963548,0.23259415344236586
"[0.39999483297366095, 0.866029967145027, -0.8660257398192773, 0.39999483297366095]",11.540522464742086,0.23573731767807354
"[0.3999948203005492, 0.8660299783375128, -0.8660257406434356, 0.3999948203005492]",11.545584383004854,0.23888048191378117
"[0.39999480757524786, 0.866029989576091, -0.866025741470988, 0.39999480757524786]",11.550640634128932,0.24202364614948882
"[0.3999947947979429, 0.866030000860597, -0.8660257423019219, 0.3999947947979429]",11.555691148218212,0.24516681038519647
"[0.39999478196867266, 0.8660300121909973, -0.8660257431362347, 0.39999478196867266]",11.560735881550166,0.2483099746209041
"[0.3999947690875689, 0.8660300235671748, -0.8660257439739186, 0.3999947690875689]",11.565774773987838,0.25145313885661175
"[0.3999947561547334, 0.86603003498904, -0.8660257448149664, 0.3999947561547334]",11.570807771981451,0.2545963030923194
"[0.3999947431703406, 0.8660300464564391, -0.8660257456593669, 0.3999947431703406]",11.575834825169366,0.25773946732802705
"[0.39999473013443765, 0.86603005796933, -0.8660257465071173, 0.39999473013443765]",11.58085588019535,0.2608826315637347
"[0.3999947170471348, 0.8660300695276155, -0.8660257473582099, 0.3999947170471348]",11.585870885941171,0.26402579579944235
"[0.3999947039086548, 0.8660300811310994, -0.8660257482126302, 0.3999947039086548]",11.590879783656455,0.26716896003515
"[0.3999946907189974, 0.8660300927797806, -0.8660257490703792, 0.3999946907189974]",11.595882534096132,0.27031212427085766
"[0.39999467747842604, 0.8660301044734279, -0.8660257499314385, 0.39999467747842604]",11.600879081499638,0.2734552885065653
"[0.39999466418690616, 0.866030116212071, -0.8660257507958113, 0.39999466418690616]",11.605869380321355,0.2765984527422729
"[0.3999946508447156, 0.8660301279954646, -0.866025751663479, 0.3999946508447156]",11.610853376085561,0.27974161697798056
"[0.3999946374519331, 0.8660301398235394, -0.8660257525344366, 0.3999946374519331]",11.61583102196089,0.2828847812136882
"[0.399994624008667, 0.8660301516961996, -0.8660257534086768, 0.399994624008667]",11.620802269529488,0.28602794544939586
"[0.39999461051514956, 0.8660301636132399, -0.8660257542861852, 0.39999461051514956]",11.625767075156954,0.2891711096851035
"[0.399994596971446, 0.8660301755746026, -0.8660257551669572, 0.399994596971446]",11.630725403859106,0.29231427392081116
"[0.39999458337774735, 0.86603018758012, -0.8660257560509799, 0.39999458337774735]",11.635677188181864,0.2954574381565188
"[0.39999456973412684, 0.8660301996297259, -0.8660257569382491, 0.39999456973412684]",11.64062240722052,0.29860060239222647
"[0.39999455604083994, 0.8660302117231957, -0.8660257578287481, 0.39999455604083994]",11.645560993922565,0.3017437666279341
"[0.39999454229795844, 0.866030223860466, -0.8660257587224721, 0.39999454229795844]",11.650492919498014,0.30488693086364177
"[0.3999945285056586, 0.8660302360413807, -0.8660257596194095, 0.3999945285056586]",11.655418142923937,0.30803009509934937
"[0.39999451466411495, 0.8660302482657857, -0.8660257605195492, 0.39999451466411495]",11.660336614895376,0.311173259335057
"[0.39999450077350235, 0.8660302605335269, -0.8660257614228799, 0.39999450077350235]",11.665248294749816,0.31431642357076467
"[0.39999448683391986, 0.8660302728445164, -0.866025762329395, 0.39999448683391986]",11.670153144258283,0.3174595878064724
"[0.39999447284558287, 0.866030285198564, -0.8660257632390805, 0.39999447284558287]",11.675051133032339,0.32060275204218003
"[0.39999445880866563, 0.8660302975955164, -0.8660257641519249, 0.39999445880866563]",11.679942202387084,0.3237459162778876
"[0.3999944447233173, 0.8660303100352412, -0.866025765067919, 0.3999944447233173]",11.684826324453297,0.3268890805135953
"[0.3999944305897099, 0.8660303225175866, -0.8660257659870512, 0.3999944305897099]",11.689703474120313,0.3300322447493029
"[0.3999944164079719, 0.8660303350424396, -0.8660257669093129, 0.3999944164079719]",11.694573593087298,0.3331754089850106
"[0.39999440217839277, 0.8660303476095441, -0.8660257678346859, 0.39999440217839277]",11.699436656124984,0.33631857322071823
"[0.3999943879010314, 0.8660303602188482, -0.866025768763166, 0.3999943879010314]",11.704292623903294,0.3394617374564258
"[0.39999437357612827, 0.8660303728701395, -0.8660257696947374, 0.39999437357612827]",11.709141464710298,0.3426049016921335
"[0.39999435920387816, 0.8660303855632461, -0.8660257706293878, 0.39999435920387816]",11.713983140584448,0.3457480659278412
"[0.3999943447844314, 0.866030398298035, -0.8660257715671076, 0.3999943447844314]",11.718817622492065,0.34889123016354884
"[0.39999433031801424, 0.8660304110743064, -0.8660257725078814, 0.39999433031801424]",11.723644878605477,0.3520343943992565
"[0.39999431580480466, 0.8660304238919033, -0.866025773451698, 0.39999431580480466]",11.728464863774066,0.3551775586349641
"[0.3999943012449111, 0.8660304367507299, -0.8660257743985504, 0.3999943012449111]",11.733277566287951,0.35832072287067174
"[0.3999942866386001, 0.8660304496505506, -0.8660257753484213, 0.3999942866386001]",11.738082937897074,0.3614638871063794
"[0.39999427198611515, 0.8660304625911508, -0.8660257763012945, 0.39999427198611515]",11.742880956432483,0.36460705134208704
"[0.3999942572875595, 0.8660304755724387, -0.8660257772571638, 0.3999942572875595]",11.74767159678435,0.3677502155777947
"[0.39999424254320454, 0.8660304885941752, -0.8660257782160111, 0.39999424254320454]",11.75245481671455,0.37089337981350234
"[0.39999422775319565, 0.8660305016562315, -0.8660257791778273, 0.39999422775319565]",11.757230597716099,0.37403654404921
"[0.3999942129177682, 0.8660305147583999, -0.8660257801425968, 0.3999942129177682]",11.761998920033559,0.37717970828491765
"[0.3999941980370824, 0.8660305279005387, -0.8660257811103094, 0.3999941980370824]",11.766759736801074,0.3803228725206253
"[0.39999418311144985, 0.8660305410823732, -0.8660257820809448, 0.39999418311144985]",11.771513035967656,0.38346603675633295
"[0.3999941681409604, 0.8660305543038231, -0.8660257830544972, 0.3999941681409604]",11.776258783215281,0.38660920099204055
"[0.39999415312588227, 0.8660305675646526, -0.8660257840309488, 0.39999415312588227]",11.780996966236986,0.3897523652277482
"[0.399994138066446, 0.8660305808646578, -0.8660257850102849, 0.399994138066446]",11.78572754633037,0.3928955294634559
"[0.39999412296281833, 0.8660305942036909, -0.8660257859924947, 0.39999412296281833]",11.790450518064967,0.3960386936991635
"[0.39999410781525147, 0.8660306075815298, -0.8660257869775614, 0.39999410781525147]",11.79516583898426,0.39918185793487115
"[0.39999409262395225, 0.8660306209979912, -0.8660257879654724, 0.39999409262395225]",11.799873492545732,0.4023250221705788
"[0.3999940773891395, 0.8660306344528825, -0.8660257889562124, 0.3999940773891395]",11.804573466698049,0.40546818640628646
"[0.39999406211101174, 0.8660306479460279, -0.8660257899497694, 0.39999406211101174]",11.809265726198081,0.40861135064199405
"[0.39999404678983286, 0.8660306614771948, -0.8660257909461255, 0.39999404678983286]",11.81395025635247,0.41175451487770176
"[0.39999403142583595, 0.8660306750461765, -0.8660257919452662, 0.39999403142583595]",11.81862704526551,0.4148976791134094
"[0.3999940160191705, 0.866030688652842, -0.8660257929471813, 0.3999940160191705]",11.823296065459694,0.418040843349117
"[0.39999400057015305, 0.8660307022969111, -0.8660257939518504, 0.39999400057015305]",11.827957288425656,0.4211840075848247
"[0.39999398507897704, 0.8660307159782128, -0.8660257949592611, 0.39999398507897704]",11.832610720597183,0.4243271718205323
"[0.3999939695458649, 0.866030729696551, -0.8660257959693987, 0.3999939695458649]",11.837256330608515,0.42747033605624
"[0.39999395397106746, 0.8660307434517047, -0.8660257969822467, 0.39999395397106746]",11.841894101624417,0.4306135002919476
"[0.39999393835477987, 0.8660307572435005, -0.8660257979977927, 0.39999393835477987]",11.846524018015847,0.43375666452765527
"[0.39999392269735395, 0.8660307710716284, -0.866025799016014, 0.39999392269735395]",11.851146067938489,0.43689982876336286
"[0.39999390699887954, 0.8660307849360089, -0.866025800036904, 0.39999390699887954]",11.85576023337796,0.44004299299907057
"[0.39999389125968426, 0.8660307988363525, -0.8660258010604424, 0.39999389125968426]",11.860366497527163,0.4431861572347783
"[0.3999938754800237, 0.8660308127724333, -0.8660258020866118, 0.3999938754800237]",11.86496485296308,0.4463293214704859
"[0.3999938596600603, 0.8660308267441085, -0.8660258031154019, 0.3999938596600603]",11.869555279211145,0.4494724857061935
"[0.3999938438000825, 0.8660308407511228, -0.8660258041467936, 0.3999938438000825]",11.874137769105104,0.4526156499419011
"[0.39999382790032995, 0.8660308547932646, -0.8660258051807724, 0.39999382790032995]",11.87871231233143,0.45575881417760883
"[0.3999938119611106, 0.8660308688702623, -0.8660258062173171, 0.3999938119611106]",11.883278889555294,0.4589019784133164
"[0.39999379598258106, 0.8660308829819768, -0.866025807256418, 0.39999379598258106]",11.887837500325752,0.46204514264902413
"[0.39999377996508645, 0.8660308971281043, -0.8660258082980525, 0.39999377996508645]",11.892388130089458,0.46518830688473173
"[0.39999376390876706, 0.8660309113085203, -0.8660258093422117, 0.39999376390876706]",11.89693076721787,0.4683314711204394
"[0.39999374781395697, 0.8660309255229297, -0.8660258103888737, 0.39999374781395697]",11.90146540103612,0.4714746353561471
"[0.3999937316808644, 0.866030939771149, -0.8660258114380249, 0.3999937316808644]",11.905992024473695,0.4746177995918547
"[0.3999937155097694, 0.8660309540529304, -0.8660258124896476, 0.3999937155097694]",11.91051063451581,0.47776096382756233
"[0.39999369930093115, 0.8660309683680455, -0.866025813543724, 0.39999369930093115]",11.915021219905654,0.48090412806326993
"[0.39999368305460486, 0.8660309827162682, -0.8660258146002385, 0.39999368305460486]",11.919523772275195,0.48404729229897764
"[0.39999366677110276, 0.8660309970973235, -0.8660258156591701, 0.39999366677110276]",11.924018291926194,0.48719045653468523
"[0.399993650450549, 0.8660310115111015, -0.8660258167205109, 0.399993650450549]",11.928504760653652,0.49033362077039294
"[0.3999936340933308, 0.86603102595726, -0.866025817784236, 0.3999936340933308]",11.93298319232842,0.49347678500610054
"[0.3999936176996923, 0.8660310404355837, -0.8660258188503291, 0.3999936176996923]",11.937453562362352,0.4966199492418082
"[0.3999936012698462, 0.8660310549458844, -0.8660258199187766, 0.3999936012698462]",11.941915876537644,0.4997631134775159
"[0.39999358480404423, 0.8660310694879401, -0.8660258209895622, 0.39999358480404423]",11.946370127304409,0.5029062777132235
"[0.3999935683026356, 0.8660310840614422, -0.866025822062663, 0.3999935683026356]",11.95081632245518,0.5060494419489312
"[0.39999355176587525, 0.8660310986661657, -0.8660258231380623, 0.39999355176587525]",11.955254446888576,0.5091926061846388
"[0.39999353519396524, 0.8660311133019318, -0.8660258242157474, 0.39999353519396524]",11.959684489891822,0.5123357704203465
"[0.39999351858726334, 0.866031127968425, -0.8660258252956947, 0.39999351858726334]",11.964106469959447,0.5154789346560541
"[0.3999935019459315, 0.8660311426655022, -0.8660258263778937, 0.3999935019459315]",11.96852038793384,0.5186220988917617
"[0.39999348527035045, 0.8660311573928269, -0.8660258274623197, 0.39999348527035045]",11.97292621968132,0.5217652631274694
"[0.3999934685607172, 0.8660311721502251, -0.8660258285489599, 0.3999934685607172]",11.97732398710086,0.524908427363177
"[0.39999345181735435, 0.8660311869374119, -0.8660258296377934, 0.39999345181735435]",11.981713675639043,0.5280515915988847
"[0.39999343504046675, 0.8660312017542067, -0.8660258307288067, 0.39999343504046675]",11.986095300321542,0.5311947558345923
"[0.3999934182304757, 0.866031216600237, -0.8660258318219725, 0.3999934182304757]",11.99046885036844,0.5343379200703
"[0.3999934013874733, 0.8660312314754217, -0.8660258329172849, 0.3999934013874733]",11.994834334113675,0.5374810843060076
"[0.39999338451187894, 0.8660312463793904, -0.8660258340147162, 0.39999338451187894]",11.99919174874154,0.5406242485417153
"[0.399993367603898, 0.866031261311962, -0.8660258351142534, 0.399993367603898]",12.003541095866417,0.5437674127774229
"[0.39999335066386904, 0.8660312762728366, -0.8660258362158747, 0.39999335066386904]",12.00788238650262,0.5469105770131306
"[0.39999333369198486, 0.8660312912618447, -0.8660258373195672, 0.39999333369198486]",12.012215622644584,0.5500537412488382
"[0.3999933166886156, 0.8660313062786594, -0.8660258384253067, 0.3999933166886156]",12.01654079564261,0.5531969054845458
"[0.3999932996539708, 0.8660313213230953, -0.86602583953308, 0.3999932996539708]",12.020857932575339,0.5563400697202535
"[0.39999328258837813, 0.8660313363948631, -0.8660258406428655, 0.39999328258837813]",12.025167017729693,0.5594832339559611
"[0.3999932654921496, 0.8660313514936874, -0.866025841754643, 0.3999932654921496]",12.029468074250198,0.5626263981916688
"[0.3999932483655005, 0.8660313666193775, -0.8660258428683988, 0.3999932483655005]",12.033761082346901,0.5657695624273764
"[0.3999932312087778, 0.8660313817716281, -0.8660258439841095, 0.3999932312087778]",12.038046073678633,0.5689127266630841
"[0.3999932140221973, 0.8660313969502478, -0.866025845101762, 0.3999932140221973]",12.042323042644329,0.5720558908987917
"[0.39999319680611756, 0.8660314121549197, -0.8660258462213325, 0.39999319680611756]",12.046591995053344,0.5751990551344994
"[0.39999317956082125, 0.8660314273853948, -0.8660258473428025, 0.39999317956082125]",12.050852943933316,0.578342219370207
"[0.39999316228654636, 0.8660314426414624, -0.8660258484661569, 0.39999316228654636]",12.055105898388087,0.5814853836059147
"[0.3999931449835723, 0.8660314579228762, -0.8660258495913774, 0.3999931449835723]",12.059350851470978,0.5846285478416223
"[0.39999312765229833, 0.8660314732292834, -0.8660258507184379, 0.39999312765229833]",12.063587835292736,0.5877717120773299
"[0.3999931102928917, 0.8660314885605361, -0.8660258518473274, 0.3999931102928917]",12.067816835373856,0.5909148763130376
"[0.39999309290568374, 0.8660315039163419, -0.8660258529780245, 0.39999309290568374]",12.072037879681421,0.5940580405487452
"[0.3999930754910107, 0.8660315192964037, -0.8660258541105076, 0.3999930754910107]",12.076250969665598,0.5972012047844529
"[0.3999930580491128, 0.8660315347005093, -0.866025855244761, 0.3999930580491128]",12.080456118133515,0.6003443690201605
"[0.3999930405802893, 0.8660315501283947, -0.8660258563807649, 0.3999930405802893]",12.08465332440928,0.6034875332558682
"[0.39999302308485707, 0.8660315655797798, -0.8660258575184988, 0.39999302308485707]",12.088842617701735,0.6066306974915759
"[0.39999300556309253, 0.8660315810544204, -0.866025858657945, 0.39999300556309253]",12.093023998015758,0.6097738617272835
"[0.3999929880152822, 0.8660315965520636, -0.8660258597990844, 0.3999929880152822]",12.097197475400579,0.6129170259629911
"[0.3999929704417448, 0.8660316120724281, -0.8660258609418968, 0.3999929704417448]",12.101363064042117,0.6160601901986987
"[0.3999929528427457, 0.8660316276152793, -0.8660258620863646, 0.3999929528427457]",12.105520788176946,0.6192033544344064
"[0.3999929352186555, 0.8660316431802897, -0.8660258632324639, 0.3999929352186555]",12.109670633933712,0.622346518670114
"[0.39999291756962596, 0.8660316587673256, -0.8660258643801846, 0.39999291756962596]",12.113812637973458,0.6254896829058217
"[0.39999289989610315, 0.866031674375993, -0.8660258655294978, 0.39999289989610315]",12.117946801380233,0.6286328471415293
"[0.39999288219830154, 0.8660316900061024, -0.8660258666803897, 0.39999288219830154]",12.122073146939767,0.631776011377237
"[0.39999286447652777, 0.866031705657383, -0.8660258678328402, 0.39999286447652777]",12.126191672807396,0.6349191756129448
"[0.3999928467310929, 0.8660317213295602, -0.8660258689868288, 0.3999928467310929]",12.130302411033501,0.6380623398486523
"[0.39999282896228866, 0.8660317370223759, -0.8660258701423372, 0.39999282896228866]",12.134405366616003,0.6412055040843601
"[0.39999281117041396, 0.8660317527355669, -0.8660258712993452, 0.39999281117041396]",12.138500555812119,0.6443486683200677
"[0.39999279335578763, 0.866031768468851, -0.8660258724578328, 0.39999279335578763]",12.142587995605089,0.6474918325557752
"[0.3999927755187044, 0.8660317842219681, -0.8660258736177804, 0.3999927755187044]",12.146667695189924,0.6506349967914828
"[0.3999927576594453, 0.8660317999946698, -0.8660258747791697, 0.3999927576594453]",12.15073968031253,0.6537781610271906
"[0.3999927397782913, 0.8660318157867086, -0.8660258759419824, 0.3999927397782913]",12.154803959414572,0.6569213252628981
"[0.3999927218756004, 0.8660318315977674, -0.8660258771061955, 0.3999927218756004]",12.158860550196927,0.6600644894986059
"[0.39999270395159703, 0.8660318474276488, -0.8660258782717942, 0.39999270395159703]",12.162909468003171,0.6632076537343136
"[0.3999926860066449, 0.8660318632760305, -0.8660258794387553, 0.3999926860066449]",12.166950734952744,0.6663508179700212
"[0.39999266804104006, 0.8660318791426527, -0.8660258806070588, 0.39999266804104006]",12.170984361746818,0.6694939822057289
"[0.39999265005505524, 0.8660318950272735, -0.866025881776687, 0.39999265005505524]",12.175010369169867,0.6726371464414365
"[0.3999926320490331, 0.86603191092959, -0.8660258829476183, 0.3999926320490331]",12.17902877359559,0.6757803106771441
"[0.39999261402319397, 0.866031926849408, -0.8660258841198379, 0.39999261402319397]",12.183039599579075,0.6789234749128517
"[0.3999925959779059, 0.8660319427864027, -0.8660258852933221, 0.3999925959779059]",12.187042851450089,0.6820666391485594
"[0.3999925779134867, 0.866031958740293, -0.86602588646805, 0.3999925779134867]",12.191038559172673,0.685209803384267
"[0.39999255983015125, 0.8660319747108893, -0.8660258876440077, 0.39999255983015125]",12.195026737473855,0.6883529676199747
"[0.3999925417282973, 0.8660319906978403, -0.8660258888211692, 0.3999925417282973]",12.199007399052256,0.6914961318556824
"[0.39999252360818716, 0.8660320067009145, -0.8660258899995177, 0.39999252360818716]",12.202980582136147,0.69463929609139
"[0.39999250547013376, 0.8660320227198351, -0.8660258911790326, 0.39999250547013376]",12.206946284629458,0.6977824603270977
"[0.3999924873144095, 0.8660320387543623, -0.8660258923596964, 0.3999924873144095]",12.210904535900543,0.7009256245628053
"[0.3999924691413552, 0.8660320548041941, -0.8660258935414873, 0.3999924691413552]",12.214855360266707,0.704068788798513
"[0.39999245095122943, 0.8660320708691029, -0.8660258947243874, 0.39999245095122943]",12.218798767087673,0.7072119530342206
"[0.399992432744343, 0.8660320869488138, -0.8660258959083775, 0.399992432744343]",12.22273479168156,0.7103551172699282
"[0.3999924145210362, 0.8660321030430266, -0.866025897093435, 0.3999924145210362]",12.226663437540155,0.7134982815056359
"[0.3999923962815736, 0.8660321191515075, -0.8660258982795426, 0.3999923962815736]",12.230584724902831,0.7166414457413435
"[0.399992378026293, 0.866032135273958, -0.8660258994666789, 0.399992378026293]",12.23449869612212,0.7197846099770512
"[0.3999923597554176, 0.8660321514101808, -0.8660259006548289, 0.3999923597554176]",12.238405353476828,0.7229277742127588
"[0.3999923414694057, 0.8660321675597715, -0.8660259018439628, 0.3999923414694057]",12.242304720381338,0.7260709384484665
"[0.3999923231684133, 0.8660321837225925, -0.8660259030340703, 0.3999923231684133]",12.246196818789574,0.7292141026841741
"[0.39999230485277165, 0.8660321998983509, -0.8660259042251306, 0.39999230485277165]",12.250081688176127,0.7323572669198818
"[0.3999922865228121, 0.8660322160867542, -0.8660259054171215, 0.3999922865228121]",12.253959328773588,0.7355004311555894
"[0.3999922681788327, 0.8660322322875393, -0.8660259066100238, 0.3999922681788327]",12.257829762031815,0.738643595391297
"[0.3999922498211358, 0.8660322485004386, -0.8660259078038178, 0.3999922498211358]",12.261693023539763,0.7417867596270047
"[0.3999922314500433, 0.8660322647251686, -0.8660259089984826, 0.3999922314500433]",12.26554913233618,0.7449299238627123
"[0.3999922130657888, 0.8660322809615224, -0.8660259101940031, 0.3999922130657888]",12.269398101602098,0.74807308809842
"[0.3999921946687407, 0.8660322972091752, -0.8660259113903551, 0.3999921946687407]",12.273239976313207,0.7512162523341276
"[0.3999921762591514, 0.8660323134679035, -0.8660259125875224, 0.3999921762591514]",12.277074744052987,0.7543594165698353
"[0.39999215783739955, 0.8660323297373734, -0.8660259137854801, 0.39999215783739955]",12.280902468047717,0.7575025808055429
"[0.39999213940368766, 0.8660323460174054, -0.8660259149842156, 0.39999213940368766]",12.284723146116136,0.7606457450412506
"[0.39999212095838593, 0.8660323623076729, -0.8660259161837043, 0.39999212095838593]",12.288536808099202,0.7637889092769582
"[0.39999210250176503, 0.8660323786079371, -0.8660259173839286, 0.39999210250176503]",12.292343472362663,0.7669320735126659
"[0.39999208403407877, 0.8660323949179737, -0.8660259185848724, 0.39999208403407877]",12.296143170168861,0.7700752377483735
"[0.39999206555575617, 0.8660324112374038, -0.8660259197865074, 0.39999206555575617]",12.299935925156635,0.7732184019840811
"[0.3999920470669733, 0.8660324275660717, -0.8660259209888225, 0.3999920470669733]",12.303721751191027,0.7763615662197888
"[0.3999920285681299, 0.8660324439036243, -0.8660259221917913, 0.3999920285681299]",12.307500688112942,0.7795047304554964
"[0.3999920100594471, 0.8660324602498669, -0.8660259233953996, 0.3999920100594471]",12.311272753037716,0.7826478946912041
"[0.3999919915412274, 0.8660324766045316, -0.866025924599628, 0.3999919915412274]",12.315037977616349,0.7857910589269118
"[0.39999197301382705, 0.8660324929673042, -0.8660259258044528, 0.39999197301382705]",12.31879636865718,0.7889342231626194
"[0.3999919544775099, 0.866032509337952, -0.8660259270098573, 0.3999919544775099]",12.322547965229608,0.792077387398327
"[0.39999193593259685, 0.8660325257161906, -0.8660259282158205, 0.39999193593259685]",12.326292796320963,0.7952205516340346
"[0.3999919173793529, 0.8660325421017868, -0.8660259294223248, 0.3999919173793529]",12.330030871461894,0.7983637158697423
"[0.39999189881809016, 0.8660325584944648, -0.8660259306293508, 0.39999189881809016]",12.33376223052923,0.80150688010545
"[0.3999918802491001, 0.866032574893967, -0.8660259318368786, 0.3999918802491001]",12.33748688464251,0.8046500443411576
"[0.39999186167271344, 0.8660325913000014, -0.8660259330448871, 0.39999186167271344]",12.341204868598343,0.8077932085768653
"[0.3999918430891197, 0.8660326077124005, -0.866025934253364, 0.3999918430891197]",12.344916209861333,0.8109363728125729
"[0.3999918244987829, 0.8660326241307549, -0.8660259354622789, 0.3999918244987829]",12.348620929425154,0.8140795370482805
"[0.3999918059018632, 0.8660326405549228, -0.8660259366716218, 0.3999918059018632]",12.352319058338725,0.8172227012839881
"[0.3999917872987462, 0.8660326569845636, -0.8660259378813675, 0.3999917872987462]",12.356010617548492,0.8203658655196959
"[0.39999176868970515, 0.8660326734194362, -0.8660259390914977, 0.39999176868970515]",12.359695628268902,0.8235090297554035
"[0.39999175007493437, 0.8660326898593687, -0.8660259403020005, 0.39999175007493437]",12.363374129927513,0.8266521939911111
"[0.3999917314548914, 0.8660327063039575, -0.8660259415128455, 0.3999917314548914]",12.367046136444088,0.8297953582268188
"[0.3999917128297751, 0.8660327227530265, -0.8660259427240203, 0.3999917128297751]",12.370711684135944,0.8329385224625264
"[0.39999169419987335, 0.8660327392063216, -0.866025943935506, 0.39999169419987335]",12.374370788775748,0.836081686698234
"[0.3999916755655165, 0.8660327556635511, -0.8660259451472812, 0.3999916755655165]",12.37802348615721,0.8392248509339416
"[0.3999916569270001, 0.8660327721244538, -0.8660259463593264, 0.3999916569270001]",12.381669796168662,0.8423680151696494
"[0.3999916382845863, 0.8660327885887988, -0.8660259475716245, 0.3999916382845863]",12.385309756515985,0.845511179405357
"[0.3999916196385633, 0.8660328050563306, -0.8660259487841573, 0.3999916196385633]",12.388943378500247,0.8486543436410646
"[0.399991600989194, 0.8660328215268176, -0.8660259499969072, 0.399991600989194]",12.392570706055313,0.8517975078767724
"[0.39999158233694415, 0.8660328379998486, -0.8660259512098443, 0.39999158233694415]",12.396191747323321,0.85494067211248
"[0.39999156368191174, 0.8660328544753366, -0.8660259524229619, 0.39999156368191174]",12.39980654274977,0.8580838363481876
"[0.39999154502442974, 0.8660328709529881, -0.8660259536362384, 0.39999154502442974]",12.403415109070183,0.8612270005838952
"[0.3999915263648652, 0.8660328874324782, -0.8660259548496501, 0.3999915263648652]",12.407017494095705,0.8643701648196029
"[0.39999150770343234, 0.8660329039136184, -0.8660259560631828, 0.39999150770343234]",12.410613699847893,0.8675133290553105
"[0.3999914890404335, 0.8660329203961415, -0.8660259572768171, 0.3999914890404335]",12.414203767219108,0.8706564932910181
"[0.399991470376138, 0.8660329368798094, -0.8660259584905353, 0.399991470376138]",12.417787724295524,0.8737996575267257
"[0.39999145171090106, 0.8660329533643085, -0.8660259597043146, 0.39999145171090106]",12.421365596471402,0.8769428217624335
"[0.39999143304498785, 0.8660329698494047, -0.8660259609181373, 0.39999143304498785]",12.424937402013535,0.8800859859981411
"[0.3999914143786553, 0.8660329863348709, -0.8660259621319871, 0.3999914143786553]",12.428503181242041,0.8832291502338487
"[0.3999913957121462, 0.8660330028204927, -0.8660259633458481, 0.3999913957121462]",12.432062956615395,0.8863723144695566
"[0.3999913770458571, 0.8660330193059202, -0.8660259645596945, 0.3999913770458571]",12.435616764129595,0.8895154787052642
"[0.3999913583800359, 0.8660330357909342, -0.8660259657735101, 0.3999913583800359]",12.439164616115535,0.8926586429409717
"[0.39999133971489603, 0.8660330522753461, -0.866025966987281, 0.39999133971489603]",12.442706552294654,0.8958018071766793
"[0.399991321050779, 0.8660330687588547, -0.8660259682009851, 0.399991321050779]",12.446242596357129,0.898944971412387
"[0.39999130238799707, 0.8660330852411838, -0.8660259694146019, 0.39999130238799707]",12.44977277775908,0.9020881356480946
"[0.3999912837268257, 0.8660331017220904, -0.8660259706281137, 0.3999912837268257]",12.453297122198498,0.9052312998838022
"[0.3999912650674442, 0.8660331182014159, -0.866025971841509, 0.3999912650674442]",12.456815658377366,0.9083744641195101
"[0.399991246410222, 0.8660331346788341, -0.8660259730547634, 0.399991246410222]",12.460328419070246,0.9115176283552177
"[0.39999122775548984, 0.8660331511540532, -0.8660259742678554, 0.39999122775548984]",12.463835422545666,0.9146607925909253
"[0.39999120910346925, 0.866033167626877, -0.866025975480771, 0.39999120910346925]",12.467336699835123,0.9178039568266328
"[0.39999119045438664, 0.8660331840971062, -0.8660259766934952, 0.39999119045438664]",12.470832291411087,0.9209471210623407
"[0.3999911718085407, 0.8660332005644764, -0.8660259779060085, 0.3999911718085407]",12.474322214411366,0.9240902852980483
"[0.39999115316636075, 0.8660332170286087, -0.8660259791182833, 0.39999115316636075]",12.477806492646973,0.9272334495337559
"[0.39999113452786683, 0.8660332334894857, -0.8660259803303177, 0.39999113452786683]",12.481285165166582,0.9303766137694635
"[0.39999111589357, 0.8660332499466554, -0.866025981542079, 0.39999111589357]",12.484758257735166,0.9335197780051712
"[0.39999109726362925, 0.866033266399978, -0.8660259827535566, 0.39999109726362925]",12.488225790953342,0.9366629422408788
"[0.3999910786383381, 0.8660332828491941, -0.8660259839647316, 0.3999910786383381]",12.491687807856495,0.9398061064765864
"[0.3999910600179549, 0.866033299294075, -0.8660259851755874, 0.3999910600179549]",12.49514431818425,0.9429492707122942
"[0.3999910414028109, 0.866033315734329, -0.8660259863861017, 0.3999910414028109]",12.49859536990398,0.9460924349480018
"[0.39999102279313004, 0.8660333321697578, -0.8660259875962607, 0.39999102279313004]",12.502040974022687,0.9492355991837094
"[0.3999910041892056, 0.8660333486001024, -0.8660259888060451, 0.3999910041892056]",12.505481180056776,0.952378763419417
"[0.399990985591265, 0.8660333650251624, -0.8660259900154397, 0.399990985591265]",12.508915990579688,0.9555219276551247
"[0.39999096699966497, 0.8660333814446219, -0.8660259912244219, 0.39999096699966497]",12.51234545380498,0.9586650918908323
"[0.399990948414569, 0.8660333978583373, -0.866025992432981, 0.399990948414569]",12.515769593303029,0.9618082561265399
"[0.3999909298363677, 0.8660334142659634, -0.8660259936410912, 0.3999909298363677]",12.51918843293966,0.9649514203622477
"[0.3999909112652546, 0.8660334306673293, -0.8660259948487401, 0.3999909112652546]",12.5226020107134,0.9680945845979553
"[0.3999908927015189, 0.866033447062179, -0.866025996055909, 0.3999908927015189]",12.526010344294662,0.9712377488336629
"[0.3999908741454105, 0.866033463450293, -0.8660259972625814, 0.3999908741454105]",12.529413464406959,0.9743809130693705
"[0.39999085559720726, 0.8660334798314248, -0.86602599846874, 0.39999085559720726]",12.532811404352175,0.9775240773050783
"[0.39999083705720306, 0.8660334962053153, -0.8660259996743644, 0.39999083705720306]",12.536204194532715,0.9806672415407859
"[0.39999081852562474, 0.8660335125717644, -0.8660260008794408, 0.39999081852562474]",12.53959186302816,0.9838104057764935
"[0.3999908000027347, 0.8660335289305396, -0.8660260020839524, 0.3999908000027347]",12.542974437647665,0.9869535700122011
"[0.399990781488841, 0.8660335452813698, -0.866026003287878, 0.399990781488841]",12.546351934300922,0.9900967342479088
"[0.39999076298419284, 0.8660335616240343, -0.8660260044912024, 0.39999076298419284]",12.549724402140928,0.9932398984836164
"[0.39999074448895616, 0.8660335779583864, -0.8660260056939144, 0.39999074448895616]",12.553091866392155,0.996383062719324
"[0.3999907260035545, 0.8660335942840527, -0.8660260068959864, 0.3999907260035545]",12.5564543400934,0.9995262269550318
"[0.3999907075281446, 0.8660336106008941, -0.8660260080974086, 0.3999907075281446]",12.559811862540153,1.0026693911907394
"[0.3999906890630066, 0.8660336269086639, -0.866026009298162, 0.3999906890630066]",12.563164465238096,1.005812555426447
"[0.39999067060841653, 0.8660336432071177, -0.8660260104982295, 0.39999067060841653]",12.566512175825547,1.0089557196621546
"[0.3999906521646059, 0.8660336594960512, -0.866026011697596, 0.3999906521646059]",12.569855019827429,1.0120988838978624
"[0.3999906337318322, 0.8660336757752372, -0.866026012896244, 0.3999906337318322]",12.573193028346061,1.01524204813357
"[0.3999906153104065, 0.8660336920444008, -0.8660260140941538, 0.3999906153104065]",12.57652623033141,1.0183852123692776
"[0.39999059690053296, 0.8660337083033617, -0.8660260152913124, 0.39999059690053296]",12.57985464867885,1.0215283766049854
"[0.3999905785024667, 0.8660337245518944, -0.8660260164877027, 0.3999905785024667]",12.583178324979647,1.024671540840693
"[0.39999056011649015, 0.8660337407897498, -0.8660260176833064, 0.39999056011649015]",12.586497282064697,1.0278147050764006
"[0.3999905417428166, 0.8660337570167396, -0.8660260188781098, 0.3999905417428166]",12.589811540547968,1.0309578693121082
"[0.3999905233817491, 0.8660337732325957, -0.8660260200720933, 0.3999905233817491]",12.593121136251282,1.0341010335478158
"[0.3999905050335344, 0.8660337894371006, -0.8660260212652404, 0.3999905050335344]",12.59642609776326,1.0372441977835234
"[0.39999048669834225, 0.8660338056301041, -0.8660260224575406, 0.39999048669834225]",12.59972645185151,1.040387362019231
"[0.399990468376537, 0.8660338218112845, -0.8660260236489697, 0.399990468376537]",12.603022226383846,1.0435305262549388
"[0.39999045006828743, 0.8660338379804929, -0.8660260248395173, 0.39999045006828743]",12.606313463379959,1.0466736904906464
"[0.3999904317738561, 0.8660338541374974, -0.8660260260291657, 0.3999904317738561]",12.609600180634148,1.049816854726354
"[0.3999904134935491, 0.8660338702820275, -0.8660260272178956, 0.3999904134935491]",12.612882396264142,1.0529600189620616
"[0.39999039522749313, 0.8660338864139712, -0.8660260284056983, 0.39999039522749313]",12.616160153896224,1.0561031831977694
"[0.3999903769760793, 0.8660339025329833, -0.8660260295925486, 0.3999903769760793]",12.619433488666951,1.059246347433477
"[0.3999903587394349, 0.8660339186389515, -0.8660260307784382, 0.3999903587394349]",12.622702406300156,1.0623895116691846
"[0.3999903405178893, 0.8660339347315846, -0.8660260319633455, 0.3999903405178893]",12.625966958820158,1.0655326759048922
"[0.39999032231161974, 0.8660339508107264, -0.8660260331472592, 0.39999032231161974]",12.629227155474013,1.0686758401406
"[0.3999903041208531, 0.8660339668761762, -0.8660260343301647, 0.3999903041208531]",12.632483035104345,1.0718190043763076
"[0.3999902859459237, 0.866033982927639, -0.8660260355120396, 0.3999902859459237]",12.63573463288541,1.0749621686120152
"[0.3999902677870008, 0.8660339989649651, -0.8660260366928735, 0.3999902677870008]",12.638981967207258,1.078105332847723
"[0.39999024964429436, 0.8660340149879692, -0.8660260378726526, 0.39999024964429436]",12.642225065677746,1.0812484970834306
"[0.39999023151817686, 0.8660340309963226, -0.8660260390513527, 0.39999023151817686]",12.645463962668092,1.0843916613191382
"[0.39999021340874724, 0.8660340469899371, -0.8660260402289672, 0.39999021340874724]",12.648698687213388,1.0875348255548458
"[0.399990195316299, 0.8660340629685545, -0.8660260414054772, 0.399990195316299]",12.651929267643999,1.0906779897905536
"[0.39999017724106084, 0.8660340789319723, -0.8660260425808679, 0.39999017724106084]",12.655155732622047,1.0938211540262612
"[0.3999901591832602, 0.8660340948799894, -0.866026043755124, 0.3999901591832602]",12.658378099958622,1.0969643182619688
"[0.39999014114314346, 0.8660341108123888, -0.86602604492823, 0.39999014114314346]",12.661596405240969,1.1001074824976764
"[0.39999012312094234, 0.8660341267289655, -0.8660260461001708, 0.39999012312094234]",12.66481068575225,1.103250646733384
"[0.3999901051168643, 0.8660341426295358, -0.866026047270933, 0.3999901051168643]",12.668020967229165,1.1063938109690916
"[0.3999900871311874, 0.8660341585138552, -0.8660260484404978, 0.3999900871311874]",12.671227266003953,1.1095369752047992
"[0.3999900691641241, 0.8660341743817355, -0.8660260496088523, 0.3999900691641241]",12.674429624733007,1.112680139440507
"[0.3999900512158523, 0.8660341902330194, -0.8660260507759844, 0.3999900512158523]",12.677628056432093,1.1158233036762146
"[0.3999900332866455, 0.8660342060674656, -0.8660260519418765, 0.3999900332866455]",12.680822616195394,1.1189664679119222
"[0.39999001537670514, 0.8660342218848963, -0.8660260531065154, 0.39999001537670514]",12.684013302607113,1.1221096321476298
"[0.3999899974863327, 0.8660342376850448, -0.8660260542698816, 0.3999899974863327]",12.687200153124277,1.1252527963833376
"[0.3999899796156498, 0.8660342534678044, -0.866026055431967, 0.3999899796156498]",12.690383210510399,1.1283959606190452
"[0.3999899617649596, 0.8660342692329066, -0.8660260565927522, 0.3999899617649596]",12.693562490058708,1.1315391248547528
"[0.39998994393440596, 0.8660342849802247, -0.8660260577522275, 0.39998994393440596]",12.696738018935086,1.1346822890904606
"[0.39998992612431045, 0.8660343007094751, -0.8660260589103722, 0.39998992612431045]",12.69990982959928,1.1378254533261682
"[0.3999899083348206, 0.866034316420527, -0.8660260600671764, 0.3999899083348206]",12.703077952588364,1.1409686175618758
"[0.39998989056614465, 0.8660343321131961, -0.8660260612226275, 0.39998989056614465]",12.70624241148456,1.1441117817975834
"[0.3999898728185549, 0.8660343477872428, -0.8660260623767067, 0.3999898728185549]",12.709403247122047,1.1472549460332913
"[0.3999898550922681, 0.8660343634424753, -0.8660260635294004, 0.3999898550922681]",12.712560459957594,1.1503981102689989
"[0.3999898373874179, 0.8660343790787753, -0.8660260646806998, 0.3999898373874179]",12.715714105603833,1.1535412745047064
"[0.39998981970434994, 0.866034394695838, -0.8660260658305823, 0.39998981970434994]",12.718864199560716,1.156684438740414
"[0.39998980204311796, 0.8660344102936157, -0.8660260669790449, 0.39998980204311796]",12.722010779226416,1.1598276029761219
"[0.399989784404118, 0.8660344258717588, -0.8660260681260614, 0.399989784404118]",12.72515386343768,1.1629707672118295
"[0.39998976678741605, 0.8660344414302085, -0.8660260692716277, 0.39998976678741605]",12.7282934809681,1.166113931447537
"[0.3999897491932767, 0.866034456968732, -0.8660260704157263, 0.3999897491932767]",12.73142965933241,1.1692570956832447
"[0.3999897316219612, 0.8660344724870976, -0.8660260715583407, 0.3999897316219612]",12.73456242818937,1.1724002599189522
"[0.3999897140735798, 0.8660344879852089, -0.8660260726994632, 0.3999897140735798]",12.737691829006788,1.1755434241546598
"[0.39998969654840466, 0.8660345034628244, -0.8660260738390766, 0.39998969654840466]",12.740817869265708,1.1786865883903674
"[0.39998967904660615, 0.866034518919795, -0.8660260749771694, 0.39998967904660615]",12.743940592520465,1.1818297526260753
"[0.39998966156847476, 0.8660345343558631, -0.8660260761137228, 0.39998966156847476]",12.747060009236005,1.1849729168617829
"[0.39998964411408516, 0.8660345497709632, -0.8660260772487325, 0.39998964411408516]",12.750176163825403,1.1881160810974905
"[0.3999896266837191, 0.8660345651648461, -0.8660260783821795, 0.3999896266837191]",12.753289076276436,1.1912592453331983
"[0.3999896092776426, 0.8660345805372774, -0.8660260795140468, 0.3999896092776426]",12.756398775217505,1.1944024095689059
"[0.3999895918958592, 0.8660345958882536, -0.866026080644334, 0.3999895918958592]",12.759505296101327,1.1975455738046135
"[0.3999895745388147, 0.8660346112173812, -0.8660260817730121, 0.3999895745388147]",12.762608658026267,1.200688738040321
"[0.3999895572065132, 0.8660346265246563, -0.866026082900081, 0.3999895572065132]",12.765708895770285,1.2038319022760289
"[0.3999895398992684, 0.8660346418098022, -0.8660260840255203, 0.3999895398992684]",12.768806019241874,1.2069750665117365
"[0.3999895226172091, 0.8660346570727049, -0.8660260851493219, 0.3999895226172091]",12.771900085166342,1.210118230747444
"[0.39998950536062067, 0.8660346723131124, -0.8660260862714666, 0.39998950536062067]",12.774991094938208,1.2132613949831519
"[0.39998948812953344, 0.8660346875309979, -0.8660260873919526, 0.39998948812953344]",12.778079097641779,1.2164045592188595
"[0.399989470924305, 0.8660347027260458, -0.8660260885107571, 0.399989470924305]",12.781164104153245,1.219547723454567
"[0.39998945374506234, 0.8660347178981437, -0.8660260896278714, 0.39998945374506234]",12.784246146139054,1.2226908876902747
"[0.3999894365919986, 0.866034733047121, -0.8660260907432832, 0.3999894365919986]",12.787325259909604,1.2258340519259823
"[0.3999894194653256, 0.8660347481727908, -0.8660260918569787, 0.3999894194653256]",12.79040146847335,1.2289772161616899
"[0.3999894023652198, 0.8660347632749973, -0.8660260929689461, 0.3999894023652198]",12.79347478917197,1.2321203803973975
"[0.3999893852918291, 0.8660347783536098, -0.866026094079176, 0.3999893852918291]",12.796545260501247,1.2352635446331053
"[0.39998936824539816, 0.8660347934084122, -0.8660260951876528, 0.39998936824539816]",12.799612916598981,1.2384067088688129
"[0.39998935122608764, 0.8660348084392625, -0.8660260962943653, 0.39998935122608764]",12.80267777232113,1.2415498731045205
"[0.3999893342341008, 0.8660348234459814, -0.8660260973993013, 0.3999893342341008]",12.805739854405418,1.244693037340228
"[0.3999893172696032, 0.8660348384284227, -0.8660260985024493, 0.3999893172696032]",12.808799200583339,1.2478362015759359
"[0.3999893003328486, 0.8660348533863621, -0.8660260996037926, 0.3999893003328486]",12.811855832711377,1.2509793658116435
"[0.3999892834238549, 0.8660348683197838, -0.866026100703331, 0.3999892834238549]",12.814909774273463,1.254122530047351
"[0.39998926654291844, 0.866034883228426, -0.8660261018010444, 0.39998926654291844]",12.817961066115366,1.2572656942830587
"[0.3999892496902417, 0.8660348981121104, -0.8660261028969198, 0.3999892496902417]",12.821009718220282,1.2604088585187665
"[0.3999892328659337, 0.8660349129707404, -0.8660261039909504, 0.3999892328659337]",12.824055761226195,1.263552022754474
"[0.39998921607023885, 0.8660349278040996, -0.8660261050831203, 0.39998921607023885]",12.827099243443506,1.2666951869901817
"[0.3999891993032214, 0.8660349426121321, -0.8660261061734247, 0.3999891993032214]",12.830140167164387,1.2698383512258895
"[0.3999891825651265, 0.8660349573946213, -0.866026107261848, 0.3999891825651265]",12.833178566088387,1.272981515461597
"[0.39998916585621197, 0.866034972151339, -0.8660261083483739, 0.39998916585621197]",12.83621446732671,1.2761246796973047
"[0.3999891491765235, 0.866034986882245, -0.866026109432999, 0.3999891491765235]",12.83924791047913,1.2792678439330123
"[0.39998913252627416, 0.8660350015871515, -0.8660261105157095, 0.39998913252627416]",12.842278908306184,1.2824110081687201
"[0.3999891159056287, 0.8660350162659125, -0.8660261115964948, 0.3999891159056287]",12.845307485784618,1.2855541724044277
"[0.39998909931475396, 0.8660350309183811, -0.8660261126753438, 0.39998909931475396]",12.848333693547325,1.2886973366401353
"[0.39998908275382333, 0.8660350455444039, -0.866026113752245, 0.39998908275382333]",12.851357531953607,1.291840500875843
"[0.3999890662230445, 0.8660350601437973, -0.8660261148271859, 0.3999890662230445]",12.854379033603264,1.2949836651115505
"[0.399989049722544, 0.8660350747164498, -0.8660261159001575, 0.399989049722544]",12.857398231906785,1.298126829347258
"[0.399989033252411, 0.8660350892622829, -0.8660261169711541, 0.399989033252411]",12.860415156479212,1.3012699935829657
"[0.3999890168129313, 0.8660351037810439, -0.8660261180401568, 0.3999890168129313]",12.863429838383384,1.3044131578186735
"[0.3999890004042519, 0.8660351182726029, -0.8660261191071569, 0.3999890004042519]",12.866442279977838,1.307556322054381
"[0.39998898402643435, 0.8660351327369055, -0.8660261201721499, 0.39998898402643435]",12.869452542585607,1.3106994862900887
"[0.399988967679745, 0.8660351471737168, -0.8660261212351184, 0.399988967679745]",12.872460612309146,1.3138426505257963
"[0.39998895136424545, 0.8660351615829822, -0.8660261222960582, 0.39998895136424545]",12.875466561613546,1.3169858147615041
"[0.39998893508016686, 0.8660351759644974, -0.8660261233549551, 0.39998893508016686]",12.878470389899098,1.3201289789972117
"[0.3999889188276898, 0.8660351903181035, -0.8660261244117963, 0.3999889188276898]",12.881472113013245,1.3232721432329193
"[0.39998890260686243, 0.8660352046437573, -0.8660261254665793, 0.39998890260686243]",12.884471791484565,1.3264153074686271
"[0.3999888864179091, 0.8660352189412609, -0.8660261265192895, 0.3999888864179091]",12.887469431248013,1.3295584717043347
"[0.3999888702609898, 0.866035233210473, -0.8660261275699163, 0.3999888702609898]",12.890465053977543,1.3327016359400423
"[0.39998885413621194, 0.8660352474512988, -0.8660261286184527, 0.39998885413621194]",12.893458705049742,1.33584480017575
"[0.3999888380437559, 0.8660352616635789, -0.8660261296648875, 0.3999888380437559]",12.89645039900639,1.3389879644114577
"[0.3999888219837673, 0.866035275847185, -0.8660261307092103, 0.3999888219837673]",12.899440152930184,1.3421311286471653
"[0.39998880595635816, 0.8660352900020177, -0.866026131751415, 0.39998880595635816]",12.902428009472763,1.345274292882873
"[0.3999887899616955, 0.8660353041279297, -0.8660261327914893, 0.3999887899616955]",12.905414001087244,1.3484174571185805
"[0.3999887739999284, 0.8660353182247896, -0.8660261338294246, 0.3999887739999284]",12.90839814257797,1.3515606213542881
"[0.3999887580712083, 0.8660353322924631, -0.8660261348652112, 0.3999887580712083]",12.911380460903978,1.3547037855899957
"[0.3999887421756865, 0.8660353463308171, -0.8660261358988383, 0.3999887421756865]",12.914360975516102,1.3578469498257033
"[0.39998872631342347, 0.8660353603397979, -0.8660261369303025, 0.39998872631342347]",12.917339735038787,1.3609901140614111
"[0.3999887104846973, 0.8660353743191601, -0.8660261379595856, 0.3999887104846973]",12.920316744916171,1.3641332782971187
"[0.39998869468953124, 0.8660353882688829, -0.8660261389866866, 0.39998869468953124]",12.923292041914399,1.3672764425328263
"[0.39998867892809326, 0.8660354021888184, -0.8660261400115936, 0.39998867892809326]",12.926265639888308,1.370419606768534
"[0.3999886632005594, 0.8660354160788105, -0.8660261410342961, 0.3999886632005594]",12.929237585688085,1.3735627710042417
"[0.3999886475069722, 0.866035429938822, -0.8660261420547909, 0.3999886475069722]",12.932207894693944,1.3767059352399493
"[0.3999886318475089, 0.8660354437686967, -0.8660261430730664, 0.3999886318475089]",12.9351765997393,1.379849099475657
"[0.3999886162222995, 0.8660354575683191, -0.8660261440891142, 0.3999886162222995]",12.938143712318022,1.3829922637113647
"[0.39998860063157987, 0.8660354713374813, -0.8660261451029193, 0.39998860063157987]",12.941109276796384,1.3861354279470723
"[0.39998858507525825, 0.8660354850762642, -0.8660261461144871, 0.39998858507525825]",12.944073306220778,1.38927859218278
"[0.39998856955362133, 0.8660354987844148, -0.8660261471237997, 0.39998856955362133]",12.947035838035726,1.3924217564184875
"[0.399988554066801, 0.8660355124618163, -0.8660261481308478, 0.399988554066801]",12.94999689126864,1.3955649206541954
"[0.39998853861488143, 0.8660355261083948, -0.8660261491356259, 0.39998853861488143]",12.952956490550017,1.398708084889903
"[0.39998852319797873, 0.8660355397240476, -0.8660261501381271, 0.39998852319797873]",12.955914664582451,1.4018512491256105
"[0.39998850781617334, 0.8660355533087033, -0.8660261511383459, 0.39998850781617334]",12.958871446034316,1.4049944133613184
"[0.3999884924696567, 0.8660355668621931, -0.8660261521362697, 0.3999884924696567]",12.961826851889056,1.408137577597026
"[0.3999884771585415, 0.8660355803844177, -0.8660261531318912, 0.3999884771585415]",12.964780916404425,1.4112807418327336
"[0.39998846188290343, 0.8660355938753098, -0.8660261541252056, 0.39998846188290343]",12.967733654248809,1.4144239060684412
"[0.3999884466428952, 0.8660356073347347, -0.8660261551162031, 0.3999884466428952]",12.970685098198302,1.4175670703041487
"[0.3999884314385895, 0.8660356207626285, -0.8660261561048785, 0.3999884314385895]",12.973635289081484,1.4207102345398563
"[0.3999884162701382, 0.8660356341588565, -0.8660261570912222, 0.3999884162701382]",12.97658423203198,1.423853398775564
"[0.3999884011377195, 0.8660356475232621, -0.8660261580752228, 0.3999884011377195]",12.979531958494775,1.4269965630112718
"[0.39998838604126746, 0.866035660855903, -0.8660261590568843, 0.39998838604126746]",12.982478499536294,1.4301397272469794
"[0.39998837098106305, 0.8660356741565309, -0.8660261600361887, 0.39998837098106305]",12.985423883726286,1.433282891482687
"[0.39998835595710364, 0.8660356874251487, -0.8660261610131358, 0.39998835595710364]",12.988368123631803,1.4364260557183945
"[0.3999883409695565, 0.8660357006616082, -0.8660261619877152, 0.3999883409695565]",12.991311259655792,1.4395692199541024
"[0.3999883260184846, 0.8660357138658537, -0.8660261629599225, 0.3999883260184846]",12.994253314670596,1.44271238418981
"[0.3999883111040191, 0.8660357270377702, -0.8660261639297491, 0.3999883111040191]",12.997194306207355,1.4458555484255176
"[0.3999882962263499, 0.8660357401771891, -0.8660261648971828, 0.3999882962263499]",13.00013426767402,1.4489987126612252
"[0.3999882813853987, 0.8660357532841796, -0.8660261658622287, 0.3999882813853987]",13.003073230494648,1.452141876896933
"[0.3999882665813374, 0.8660357663585903, -0.8660261668248755, 0.3999882665813374]",13.00601120991393,1.4552850411326406
"[0.39998825181432707, 0.8660357794002791, -0.8660261677851129, 0.39998825181432707]",13.008948235542064,1.4584282053683482
"[0.3999882370843947, 0.8660357924092215, -0.8660261687429393, 0.3999882370843947]",13.011884342614103,1.461571369604056
"[0.3999882223916753, 0.8660358053852986, -0.8660261696983456, 0.3999882223916753]",13.014819544101032,1.4647145338397636
"[0.39998820773623933, 0.8660358183284481, -0.8660261706513271, 0.39998820773623933]",13.01775387230176,1.4678576980754712
"[0.39998819311821016, 0.8660358312385615, -0.8660261716018761, 0.39998819311821016]",13.020687352705067,1.4710008623111788
"[0.3999881785376345, 0.8660358441155971, -0.8660261725499893, 0.3999881785376345]",13.023620007916074,1.4741440265468864
"[0.3999881639946173, 0.8660358569594623, -0.8660261734956601, 0.3999881639946173]",13.026551868188957,1.477287190782594
"[0.3999881494893133, 0.8660358697700201, -0.8660261744388785, 0.3999881494893133]",13.029482957561275,1.4804303550183016
"[0.39998813502165986, 0.8660358825473263, -0.8660261753796485, 0.39998813502165986]",13.032413308044038,1.4835735192540094
"[0.399988120591922, 0.8660358952911471, -0.8660261763179526, 0.399988120591922]",13.035342932893531,1.486716683489717
"[0.3999881062000847, 0.8660359080014949, -0.8660261772537922, 0.3999881062000847]",13.038271866192046,1.4898598477254246
"[0.39998809184622797, 0.8660359206782999, -0.8660261781871617, 0.39998809184622797]",13.04120013382881,1.4930030119611322
"[0.39998807753041915, 0.8660359333215019, -0.8660261791180571, 0.39998807753041915]",13.044127760665027,1.49614617619684
"[0.3999880632528009, 0.8660359459309753, -0.8660261800464687, 0.3999880632528009]",13.047054772634633,1.4992893404325476
"[0.39998804901341, 0.8660359585066875, -0.8660261809723947, 0.39998804901341]",13.049981199369945,1.5024325046682552
"[0.39998803481234385, 0.8660359710485527, -0.8660261818958283, 0.39998803481234385]",13.052907059708176,1.5055756689039628
"[0.3999880206496386, 0.8660359835565389, -0.866026182816767, 0.3999880206496386]",13.055832386153247,1.5087188331396706
"[0.39998800652541777, 0.866035996030537, -0.866026183735203, 0.39998800652541777]",13.058757199964438,1.5118619973753782
"[0.3999879924397364, 0.866036008470498, -0.8660261846511333, 0.3999879924397364]",13.061681528213189,1.5150051616110858
"[0.39998797839267336, 0.8660360208763528, -0.8660261855645518, 0.39998797839267336]",13.064605395250217,1.5181483258467936
"[0.39998796438425804, 0.8660360332480751, -0.8660261864754571, 0.39998796438425804]",13.067528833386644,1.5212914900825012
"[0.39998795041458457, 0.8660360455855819, -0.8660261873838433, 0.39998795041458457]",13.070451864336281,1.5244346543182088
"[0.3999879364837105, 0.8660360578888227, -0.8660261882897059, 0.3999879364837105]",13.073374516718864,1.5275778185539164
"[0.39998792259175286, 0.8660360701576932, -0.866026189193038, 0.39998792259175286]",13.076296809161256,1.5307209827896242
"[0.39998790873870516, 0.8660360823922001, -0.8660261900938397, 0.39998790873870516]",13.0792187763888,1.5338641470253318
"[0.39998789492463344, 0.8660360945922846, -0.8660261909921069, 0.39998789492463344]",13.082140433144163,1.5370073112610394
"[0.39998788114965445, 0.8660361067578437, -0.866026191887832, 0.39998788114965445]",13.085061818796623,1.540150475496747
"[0.39998786741378956, 0.8660361188888583, -0.8660261927810133, 0.39998786741378956]",13.087982948076458,1.5432936397324546
"[0.39998785371714085, 0.8660361309852391, -0.8660261936716444, 0.39998785371714085]",13.090903847513564,1.5464368039681622
"[0.39998784005970694, 0.8660361430469863, -0.8660261945597252, 0.39998784005970694]",13.093824557269508,1.5495799682038698
"[0.39998782644154507, 0.8660361550740499, -0.8660261954452522, 0.39998782644154507]",13.096745077674715,1.5527231324395776
"[0.39998781286269935, 0.8660361670663907, -0.8660261963282226, 0.39998781286269935]",13.099665463051062,1.5558662966752852
"[0.39998779932333106, 0.8660361790238664, -0.8660261972086257, 0.39998779932333106]",13.102585715226217,1.5590094609109928
"[0.39998778582328626, 0.8660361909466128, -0.866026198086472, 0.39998778582328626]",13.105505884399257,1.5621526251467004
"[0.39998777236280725, 0.866036202834416, -0.8660261989617449, 0.39998777236280725]",13.108425973434509,1.5652957893824082
"[0.3999877589418597, 0.8660362146873064, -0.8660261998344473, 0.3999877589418597]",13.111346017988335,1.5684389536181158
"[0.3999877455605344, 0.8660362265052037, -0.8660262007045729, 0.3999877455605344]",13.114266041631948,1.5715821178538236
"[0.399987732218752, 0.8660362382881783, -0.8660262015721272, 0.399987732218752]",13.117186074779292,1.574725282089531
"[0.39998771891669677, 0.8660362500360672, -0.8660262024370977, 0.39998771891669677]",13.120106137349698,1.5778684463252388
"[0.39998770565431985, 0.8660362617489132, -0.8660262032994883, 0.39998770565431985]",13.12302626027606,1.5810116105609466
"[0.39998769243163995, 0.8660362734267005, -0.8660262041592974, 0.39998769243163995]",13.125946475692688,1.584154774796654
"[0.3999876792488941, 0.866036285069219, -0.8660262050165097, 0.3999876792488941]",13.128866777002406,1.5872979390323618
"[0.39998766610585457, 0.8660362966766707, -0.8660262058711395, 0.39998766610585457]",13.13178723698763,1.5904411032680692
"[0.399987653002702, 0.8660363082488953, -0.8660262067231759, 0.399987653002702]",13.134707847852875,1.593584267503777
"[0.3999876399394712, 0.8660363197858623, -0.8660262075726161, 0.3999876399394712]",13.137628650714475,1.5967274317394846
"[0.3999876269160844, 0.8660363312876406, -0.8660262084194654, 0.3999876269160844]",13.14054966519235,1.5998705959751922
"[0.3999876139327312, 0.8660363427540624, -0.8660262092637111, 0.3999876139327312]",13.143470913716756,1.6030137602109
"[0.3999876009892854, 0.8660363541852393, -0.866026210105362, 0.3999876009892854]",13.14639243229607,1.6061569244466076
"[0.3999875880858708, 0.8660363655810622, -0.8660262109444091, 0.3999875880858708]",13.149314242369895,1.6093000886823152
"[0.39998757522246897, 0.8660363769415471, -0.8660262117808546, 0.39998757522246897]",13.15223637204472,1.6124432529180228
"[0.3999875623991347, 0.866036388266646, -0.8660262126146945, 0.3999875623991347]",13.155158836843349,1.6155864171537306
"[0.39998754961587063, 0.8660363995563557, -0.8660262134459288, 0.39998754961587063]",13.15808167256999,1.618729581389438
"[0.3999875368726767, 0.8660364108106771, -0.8660262142745575, 0.3999875368726767]",13.16100490140699,1.6218727456251458
"[0.3999875241695996, 0.8660364220295689, -0.866026215100577, 0.3999875241695996]",13.163928555550882,1.6250159098608536
"[0.3999875115066716, 0.8660364332130022, -0.8660262159239857, 0.3999875115066716]",13.166852648282683,1.628159074096561
"[0.3999874988838518, 0.8660364443610131, -0.8660262167447865, 0.3999874988838518]",13.16977722145375,1.6313022383322688
"[0.3999874863012257, 0.8660364554735264, -0.8660262175629734, 0.3999874863012257]",13.172702285895145,1.6344454025679762
"[0.3999874737587126, 0.8660364665506135, -0.8660262183785515, 0.3999874737587126]",13.175627876092546,1.637588566803684
"[0.3999874612563767, 0.8660364775922172, -0.8660262191915176, 0.3999874612563767]",13.178554020206576,1.6407317310393918
"[0.39998744879425363, 0.8660364885983065, -0.8660262200018681, 0.39998744879425363]",13.181480731008365,1.6438748952750992
"[0.3999874363722546, 0.8660364995689597, -0.8660262208096098, 0.3999874363722546]",13.184408053792652,1.647018059510807
"[0.3999874239905137, 0.866036510504058, -0.8660262216147333, 0.3999874239905137]",13.187335995422236,1.6501612237465149
"[0.39998741164894613, 0.8660365214036769, -0.8660262224172443, 0.39998741164894613]",13.190264594027365,1.6533043879822222
"[0.3999873993475762, 0.8660365322677945, -0.8660262232171414, 0.3999873993475762]",13.193193874803308,1.65644755221793
"[0.3999873870863608, 0.8660365430964488, -0.8660262240144274, 0.3999873870863608]",13.196123859495115,1.6595907164536376
"[0.39998737486541125, 0.8660365538895418, -0.8660262248090951, 0.39998737486541125]",13.19905456708454,1.6627338806893452
"[0.3999873626846, 0.8660365646471861, -0.8660262256011527, 0.3999873626846]",13.20198604242556,1.6658770449250528
"[0.3999873505439618, 0.8660365753693512, -0.8660262263905976, 0.3999873505439618]",13.204918299010302,1.6690202091607604
"[0.3999873384434786, 0.8660365860560523, -0.8660262271774314, 0.3999873384434786]",13.207851364925311,1.672163373396468
"[0.39998732638327983, 0.8660365967071759, -0.8660262279616455, 0.39998732638327983]",13.210785265143128,1.6753065376321759
"[0.3999873143631191, 0.8660366073229394, -0.866026228743256, 0.3999873143631191]",13.213720024743793,1.6784497018678832
"[0.39998730238317043, 0.8660366179031885, -0.8660262295222517, 0.39998730238317043]",13.216655676347449,1.681592866103591
"[0.39998729044335146, 0.8660366284479971, -0.8660262302986376, 0.39998729044335146]",13.219592234912502,1.6847360303392989
"[0.39998727854354554, 0.866036638957467, -0.8660262310724218, 0.39998727854354554]",13.222529739306186,1.6878791945750062
"[0.39998726668393747, 0.8660366494314359, -0.8660262318435918, 0.39998726668393747]",13.225468209962079,1.691022358810714
"[0.39998725486435405, 0.8660366598700561, -0.8660262326121595, 0.39998725486435405]",13.228407669057024,1.6941655230464219
"[0.39998724308481853, 0.8660366702733077, -0.8660262333781223, 0.39998724308481853]",13.23134814551355,1.6973086872821292
"[0.39998723134536085, 0.8660366806411635, -0.8660262341414794, 0.39998723134536085]",13.23428965810417,1.700451851517837
"[0.39998721964592493, 0.8660366909736739, -0.8660262349022336, 0.39998721964592493]",13.237232256226621,1.7035950157535449
"[0.39998720798639337, 0.866036701270942, -0.8660262356603933, 0.39998720798639337]",13.24017594316184,1.7067381799892523
"[0.3999871963668267, 0.8660367115329145, -0.866026236415954, 0.3999871963668267]",13.243120748290108,1.70988134422496
"[0.3999871847872376, 0.8660367217595802, -0.8660262371689149, 0.3999871847872376]",13.246066705499477,1.7130245084606674
"[0.3999871732474948, 0.8660367319510551, -0.8660262379192847, 0.3999871732474948]",13.249013835560655,1.7161676726963753
"[0.39998716174752713, 0.8660367421074019, -0.8660262386670682, 0.39998716174752713]",13.251962177651048,1.719310836932083
"[0.3999871502874787, 0.8660367522284933, -0.8660262394122558, 0.3999871502874787]",13.254911733579497,1.7224540011677905
"[0.39998713886716614, 0.8660367623144918, -0.8660262401548591, 0.39998713886716614]",13.25786254250494,1.7255971654034983
"[0.3999871274865904, 0.8660367723653956, -0.8660262408948789, 0.3999871274865904]",13.260814649207262,1.7287403296392059
"[0.39998711614572924, 0.8660367823812252, -0.8660262416323156, 0.39998711614572924]",13.26376805066441,1.7318834938749135
"[0.39998710484456007, 0.8660367923620002, -0.8660262423671716, 0.39998710484456007]",13.26672277714682,1.735026658110621
"[0.39998709358296797, 0.8660368023078218, -0.8660262430994543, 0.39998709358296797]",13.269678860966534,1.7381698223463289
"[0.399987082360928, 0.8660368122187128, -0.8660262438291644, 0.399987082360928]",13.27263633814132,1.7413129865820363
"[0.3999870711783983, 0.8660368220947093, -0.8660262445563056, 0.3999870711783983]",13.275595224220263,1.744456150817744
"[0.3999870600353169, 0.8660368319358666, -0.8660262452808813, 0.3999870600353169]",13.278555549431067,1.7475993150534515
"[0.3999870489316789, 0.866036841742189, -0.8660262460028921, 0.3999870489316789]",13.281517335071303,1.7507424792891593
"[0.3999870378673708, 0.8660368515137763, -0.8660262467223458, 0.3999870378673708]",13.284480612835464,1.753885643524867
"[0.3999870268424178, 0.866036861250607, -0.8660262474392397, 0.3999870268424178]",13.287445403191517,1.7570288077605745
"[0.39998701585660684, 0.8660368709528683, -0.866026248153589, 0.39998701585660684]",13.290411748888351,1.7601719719962823
"[0.3999870049100531, 0.8660368806204597, -0.8660262488653847, 0.3999870049100531]",13.293379652251478,1.76331513623199
"[0.39998699400259163, 0.8660368902535257, -0.8660262495746388, 0.39998699400259163]",13.296349151426718,1.7664583004676975
"[0.39998698313416065, 0.8660368998521215, -0.8660262502813548, 0.39998698313416065]",13.299320276784426,1.7696014647034053
"[0.3999869723047737, 0.8660369094162348, -0.866026250985532, 0.3999869723047737]",13.30229305153233,1.772744628939113
"[0.39998696151432445, 0.8660369189459598, -0.8660262516871768, 0.39998696151432445]",13.305267500419955,1.7758877931748205
"[0.39998695076266294, 0.8660369284414289, -0.8660262523862996, 0.39998695076266294]",13.30824365189447,1.7790309574105283
"[0.3999869400497888, 0.866036937902642, -0.8660262530829003, 0.3999869400497888]",13.311221529012968,1.7821741216462357
"[0.3999869293756173, 0.8660369473296746, -0.866026253776984, 0.3999869293756173]",13.314201165752962,1.7853172858819435
"[0.3999869187401236, 0.8660369567225484, -0.8660262544685525, 0.3999869187401236]",13.317182574764695,1.788460450117651
"[0.3999869081431487, 0.8660369660814037, -0.8660262551576166, 0.3999869081431487]",13.320165807415465,1.7916036143533587
"[0.3999868975846374, 0.8660369754062891, -0.8660262558441794, 0.3999868975846374]",13.32315086548565,1.7947467785890663
"[0.3999868870645279, 0.8660369846972596, -0.8660262565282447, 0.3999868870645279]",13.326137782126352,1.797889942824774
"[0.39998687658272425, 0.8660369939543995, -0.8660262572098194, 0.39998687658272425]",13.329126598147221,1.8010331070604815
"[0.3999868661391695, 0.8660370031777593, -0.866026257888907, 0.3999868661391695]",13.332117318282583,1.8041762712961893
"[0.39998685573370163, 0.8660370123674825, -0.8660262585655175, 0.39998685573370163]",13.335109986319612,1.8073194355318971
"[0.39998684536625595, 0.8660370215236255, -0.8660262592396558, 0.39998684536625595]",13.338104626007038,1.8104625997676045
"[0.3999868350367858, 0.8660370306462303, -0.8660262599113244, 0.3999868350367858]",13.34110125175162,1.8136057640033123
"[0.39998682474523084, 0.8660370397353494, -0.8660262605805277, 0.39998682474523084]",13.344099900557342,1.8167489282390201
"[0.39998681449139517, 0.8660370487911562, -0.8660262612472783, 0.39998681449139517]",13.347100609523963,1.8198920924747275
"[0.3999868042752, 0.8660370578137203, -0.8660262619115808, 0.3999868042752]",13.35010338241362,1.8230352567104353
"[0.399986794096637, 0.8660370668030486, -0.8660262625734368, 0.399986794096637]",13.353108260360624,1.8261784209461427
"[0.39998678395551207, 0.8660370757593134, -0.8660262632328583, 0.39998678395551207]",13.356115269382439,1.8293215851818505
"[0.3999867738517532, 0.8660370846825778, -0.8660262638898495, 0.3999867738517532]",13.359124435948788,1.8324647494175583
"[0.39998676378520587, 0.8660370935729779, -0.8660262645444214, 0.39998676378520587]",13.362135782317699,1.8356079136532657
"[0.3999867537558494, 0.8660371024305327, -0.8660262651965746, 0.3999867537558494]",13.365149343439143,1.8387510778889735
"[0.3999867437634749, 0.8660371112554262, -0.866026265846323, 0.3999867437634749]",13.368165142251131,1.8418942421246813
"[0.39998673380804584, 0.8660371200476908, -0.8660262664936691, 0.39998673380804584]",13.371183202732677,1.8450374063603887
"[0.3999867238893543, 0.8660371288075103, -0.8660262671386262, 0.3999867238893543]",13.374203562480176,1.8481805705960965
"[0.39998671400745717, 0.866037137534834, -0.8660262677811907, 0.39998671400745717]",13.377226231790377,1.8513237348318041
"[0.3999867041621898, 0.866037146229808, -0.866026268421373, 0.3999867041621898]",13.380251240883563,1.8544668990675117
"[0.399986694353218, 0.8660371548927268, -0.8660262690591953, 0.399986694353218]",13.383278632979758,1.8576100633032193
"[0.3999866845806461, 0.8660371635234981, -0.8660262696946511, 0.3999866845806461]",13.386308421525895,1.860753227538927
"[0.3999866748442992, 0.8660371721222775, -0.8660262703277506, 0.3999866748442992]",13.389340639578284,1.8638963917746345
"[0.39998666514397513, 0.8660371806892425, -0.8660262709585079, 0.39998666514397513]",13.392375312052879,1.8670395560103423
"[0.3999866554796746, 0.8660371892243925, -0.8660262715869227, 0.3999866554796746]",13.395412457541081,1.8701827202460497
"[0.39998664585117544, 0.8660371977279243, -0.8660262722130097, 0.39998664585117544]",13.398452116019847,1.8733258844817575
"[0.3999866362583486, 0.8660372061999517, -0.8660262728367765, 0.3999866362583486]",13.40149431210249,1.8764690487174653
"[0.3999866267010271, 0.8660372146406218, -0.8660262734582349, 0.3999866267010271]",13.404539071792952,1.8796122129531727
"[0.39998661717915357, 0.8660372230499854, -0.8660262740773884, 0.39998661717915357]",13.40758642343687,1.8827553771888805
"[0.399986607692489, 0.8660372314282542, -0.866026274694252, 0.399986607692489]",13.410636394234897,1.8858985414245883
"[0.39998659824091154, 0.866037239775535, -0.866026275308834, 0.39998659824091154]",13.413689010632002,1.8890417056602957
"[0.39998658882445465, 0.8660372480917988, -0.8660262759211322, 0.39998658882445465]",13.416744296790956,1.8921848698960035
"[0.3999865794427819, 0.8660372563773422, -0.8660262765311688, 0.3999865794427819]",13.419802278448783,1.8953280341317114
"[0.3999865700957686, 0.8660372646322756, -0.8660262771389515, 0.3999865700957686]",13.422862995431014,1.8984711983674187
"[0.39998656078329387, 0.8660372728567062, -0.8660262777444881, 0.39998656078329387]",13.425926458422534,1.9016143626031266
"[0.3999865515052181, 0.8660372810507563, -0.8660262783477881, 0.3999865515052181]",13.428992705738851,1.904757526838834
"[0.39998654226133284, 0.8660372892146108, -0.8660262789488647, 0.39998654226133284]",13.432061772147156,1.9079006910745417
"[0.39998653305146414, 0.8660372973484228, -0.8660262795477295, 0.39998653305146414]",13.435133678087258,1.9110438553102493
"[0.3999865238756193, 0.8660373054521866, -0.8660262801443815, 0.3999865238756193]",13.438208430267604,1.914187019545957
"[0.39998651473344643, 0.8660373135262123, -0.8660262807388445, 0.39998651473344643]",13.441286087456465,1.9173301837816645
"[0.39998650562488625, 0.8660373215705526, -0.866026281331121, 0.39998650562488625]",13.444366662884912,1.9204733480173724
"[0.39998649654966767, 0.8660373295854467, -0.8660262819212299, 0.39998649654966767]",13.447450199292149,1.9236165122530797
"[0.3999864875077983, 0.8660373375708881, -0.86602628250917, 0.3999864875077983]",13.450536689378055,1.9267596764887875
"[0.39998647849888413, 0.8660373455272244, -0.8660262830949674, 0.39998647849888413]",13.45362619772181,1.9299028407244954
"[0.3999864695229175, 0.8660373534544625, -0.8660262836786222, 0.3999864695229175]",13.456718727650916,1.9330460049602027
"[0.3999864605796015, 0.8660373613528652, -0.8660262842601538, 0.3999864605796015]",13.45981432573623,1.9361891691959106
"[0.3999864516689142, 0.8660373692224511, -0.8660262848395638, 0.3999864516689142]",13.462913008919536,1.939332333431618
"[0.3999864427905598, 0.8660373770634819, -0.866026285416871, 0.3999864427905598]",13.466014799118984,1.9424754976673257
"[0.3999864339443262, 0.8660373848761448, -0.8660262859920896, 0.3999864339443262]",13.46911974038277,1.9456186619030336
"[0.399986425130142, 0.8660373926605026, -0.8660262865652244, 0.399986425130142]",13.472227848842188,1.948761826138741
"[0.3999864163476912, 0.8660374004168346, -0.8660262871362956, 0.3999864163476912]",13.475339154792486,1.9519049903744488
"[0.3999864075968531, 0.8660374081452474, -0.866026287705311, 0.3999864075968531]",13.478453685991926,1.9550481546101566
"[0.3999863988774359, 0.8660374158459107, -0.8660262882722835, 0.3999863988774359]",13.481571472151339,1.958191318845864
"[0.39998639018931365, 0.8660374235189353, -0.8660262888372204, 0.39998639018931365]",13.484692538045108,1.9613344830815718
"[0.3999863815321225, 0.8660374311646425, -0.8660262894001465, 0.3999863815321225]",13.487816913226656,1.9644776473172796
"[0.399986372905718, 0.8660374387831599, -0.8660262899610706, 0.399986372905718]",13.490944634881016,1.967620811552987
"[0.3999863643099929, 0.8660374463745827, -0.8660262905199997, 0.3999863643099929]",13.494075719550223,1.9707639757886948
"[0.3999863557447188, 0.8660374539391121, -0.8660262910769486, 0.3999863557447188]",13.497210188679546,1.9739071400244022
"[0.39998634720953935, 0.8660374614770632, -0.8660262916319404, 0.39998634720953935]",13.500348087861228,1.97705030426011
"[0.39998633870440886, 0.8660374689884759, -0.8660262921849785, 0.39998633870440886]",13.50348943569272,1.9801934684958176
"[0.3999863302290169, 0.8660374764736246, -0.8660262927360827, 0.3999863302290169]",13.50663426326349,1.9833366327315252
"[0.3999863217831591, 0.8660374839326899, -0.8660262932852664, 0.3999863217831591]",13.509782600073272,1.9864797969672328
"[0.3999863133667671, 0.8660374913657319, -0.8660262938325342, 0.3999863133667671]",13.51293446222502,1.9896229612029406
"[0.3999863049793369, 0.8660374987731959, -0.8660262943779186, 0.3999863049793369]",13.516089900618688,1.992766125438648
"[0.39998629662091845, 0.8660375061550378, -0.8660262949214165, 0.39998629662091845]",13.519248914115764,1.9959092896743558
"[0.39998628829108634, 0.8660375135116334, -0.8660262954630555, 0.39998628829108634]",13.522411562339023,1.9990524539100636
"[0.3999862799898088, 0.8660375208430103, -0.8660262960028379, 0.3999862799898088]",13.525577850787997,2.002195618145771
"[0.3999862717167107, 0.8660375281495004, -0.8660262965407876, 0.3999862717167107]",13.528747813993855,2.005338782381479
"[0.3999862634715592, 0.8660375354313092, -0.8660262970769201, 0.3999862634715592]",13.531921481476743,2.0084819466171866
"[0.3999862552541467, 0.8660375426886195, -0.8660262976112489, 0.3999862552541467]",13.535098891045275,2.011625110852894
"[0.3999862470642615, 0.8660375499216194, -0.8660262981437874, 0.3999862470642615]",13.538280052480065,2.014768275088602
"[0.39998623890162616, 0.8660375571305527, -0.8660262986745542, 0.39998623890162616]",13.541465003487648,2.017911439324309
"[0.39998623076602563, 0.8660375643156095, -0.8660262992035631, 0.39998623076602563]",13.544653776195819,2.021054603560017
"[0.3999862226572675, 0.8660375714769608, -0.8660262997308266, 0.3999862226572675]",13.547846391552902,2.024197767795725
"[0.39998621457494427, 0.8660375786149653, -0.8660263002563711, 0.39998621457494427]",13.551042882456548,2.027340932031432
"[0.3999862065189015, 0.8660375857297599, -0.8660263007802066, 0.3999862065189015]",13.554243279853333,2.03048409626714
"[0.3999861984888824, 0.8660375928215711, -0.8660263013023497, 0.3999861984888824]",13.557447606817533,2.033627260502848
"[0.3999861904845971, 0.8660375998906555, -0.8660263018228197, 0.3999861904845971]",13.560655900208156,2.036770424738555
"[0.39998618250583695, 0.8660376069371969, -0.8660263023416298, 0.39998618250583695]",13.563868173307384,2.039913588974263
"[0.3999861745523535, 0.8660376139614148, -0.8660263028587962, 0.3999861745523535]",13.567084468034636,2.043056753209971
"[0.399986166623813, 0.8660376209636041, -0.8660263033743407, 0.399986166623813]",13.57030480274978,2.046199917445678
"[0.399986158720096, 0.86603762794387, -0.8660263038882712, 0.399986158720096]",13.573529219091652,2.049343081681386
"[0.39998615084063766, 0.8660376349027116, -0.866026304400624, 0.39998615084063766]",13.576757739817118,2.0524862459170934
"[0.39998614298544716, 0.8660376418401206, -0.866026304911399, 0.39998614298544716]",13.579990385418027,2.055629410152801
"[0.39998613515411924, 0.8660376487564552, -0.8660263054206221, 0.39998613515411924]",13.583227194293748,2.058772574388509
"[0.3999861273463591, 0.8660376556519755, -0.8660263059283124, 0.3999861273463591]",13.586468195672177,2.0619157386242164
"[0.3999861195620631, 0.866037662526773, -0.8660263064344774, 0.3999861195620631]",13.589713403516612,2.065058902859924
"[0.3999861118007226, 0.8660376693812972, -0.8660263069391495, 0.3999861118007226]",13.592962868616466,2.0682020670956316
"[0.3999861040621311, 0.8660376762157304, -0.8660263074423423, 0.3999861040621311]",13.596216606999363,2.0713452313313394
"[0.3999860963460337, 0.8660376830302973, -0.8660263079440724, 0.3999860963460337]",13.599474646070401,2.074488395567047
"[0.3999860886520985, 0.8660376898252917, -0.8660263084443612, 0.3999860886520985]",13.602737019876166,2.0776315598027546
"[0.3999860809800303, 0.8660376966009738, -0.8660263089432284, 0.3999860809800303]",13.606003750541973,2.080774724038462
"[0.39998607332959163, 0.8660377033575533, -0.8660263094406891, 0.39998607332959163]",13.609274875514876,2.08391788827417
"[0.3999860657003887, 0.8660377100953782, -0.8660263099367689, 0.3999860657003887]",13.612550420676367,2.0870610525098776
"[0.3999860580922765, 0.8660377168145769, -0.8660263104314772, 0.3999860580922765]",13.615830404268655,2.090204216745585
"[0.3999860505047296, 0.8660377235156127, -0.8660263109248479, 0.3999860505047296]",13.619114867915005,2.093347380981293
"[0.3999860429374736, 0.8660377301987282, -0.8660263114168996, 0.3999860429374736]",13.622403846633613,2.096490545217
"[0.3999860353903366, 0.8660377368640756, -0.8660263119076428, 0.3999860353903366]",13.62569735718377,2.099633709452708
"[0.39998602786296183, 0.8660377435119697, -0.8660263123971009, 0.39998602786296183]",13.62899541677972,2.102776873688416
"[0.3999860203550492, 0.8660377501426754, -0.8660263128852935, 0.3999860203550492]",13.632298072819747,2.105920037924123
"[0.399986012866137, 0.8660377567566007, -0.8660263133722506, 0.399986012866137]",13.635605351525953,2.109063202159831
"[0.39998600539609197, 0.8660377633538631, -0.8660263138579808, 0.39998600539609197]",13.638917273708131,2.112206366395539
"[0.39998599794446843, 0.8660377699348566, -0.8660263143425131, 0.39998599794446843]",13.642233883864504,2.115349530631246
"[0.39998599051089095, 0.8660377764999119, -0.8660263148258721, 0.39998599051089095]",13.64555519264899,2.118492694866954
"[0.39998598309515243, 0.8660377830492129, -0.8660263153080708, 0.39998598309515243]",13.648881237808768,2.121635859102662
"[0.3999859756968164, 0.8660377895831446, -0.8660263157891379, 0.3999859756968164]",13.652212046902717,2.124779023338369
"[0.3999859683156347, 0.866037796101926, -0.8660263162690898, 0.3999859683156347]",13.655547650185266,2.127922187574077
"[0.3999859609511623, 0.8660378026059504, -0.8660263167479549, 0.3999859609511623]",13.658888078451747,2.1310653518097844
"[0.39998595360317934, 0.8660378090954121, -0.8660263172257479, 0.39998595360317934]",13.662233354565398,2.134208516045492
"[0.3999859462712783, 0.8660378155706705, -0.8660263177024952, 0.3999859462712783]",13.665583507074594,2.1373516802812
"[0.399985938954983, 0.8660378220321467, -0.8660263181782273, 0.399985938954983]",13.66893857425532,2.1404948445169074
"[0.39998593165418544, 0.8660378284799359, -0.8660263186529518, 0.39998593165418544]",13.67229857301641,2.1436380087526152
"[0.399985924368372, 0.8660378349144918, -0.866026319126702, 0.399985924368372]",13.675663536141057,2.146781172988323
"[0.39998591709722686, 0.8660378413360927, -0.8660263195994985, 0.39998591709722686]",13.679033496787088,2.1499243372240304
"[0.3999859098402874, 0.866037847745148, -0.8660263200713711, 0.3999859098402874]",13.682408482739067,2.1530675014597382
"[0.39998590259733896, 0.8660378541418468, -0.8660263205423341, 0.39998590259733896]",13.685788517232773,2.156210665695446
"[0.3999858953679534, 0.8660378605265673, -0.8660263210124148, 0.3999858953679534]",13.689173632689329,2.1593538299311534
"[0.39998588815175523, 0.8660378668996411, -0.8660263214816384, 0.39998588815175523]",13.692563858543952,2.1624969941668613
"[0.39998588094829574, 0.866037873261465, -0.8660263219500333, 0.39998588094829574]",13.6959592208232,2.1656401584025686
"[0.3999858737573147, 0.8660378796122679, -0.8660263224176168, 0.3999858737573147]",13.69935975251148,2.1687833226382764
"[0.3999858665783791, 0.8660378859524329, -0.866026322884417, 0.3999858665783791]",13.702765479240862,2.1719264868739843
"[0.3999858594110261, 0.8660378922823683, -0.8660263233504643, 0.3999858594110261]",13.706176435955085,2.1750696511096916
"[0.39998585225501576, 0.8660378986022865, -0.8660263238157737, 0.39998585225501576]",13.709592642510128,2.1782128153453995
"[0.39998584510988944, 0.8660379049125924, -0.8660263242803754, 0.39998584510988944]",13.713014129414358,2.1813559795811073
"[0.3999858379752796, 0.8660379112136103, -0.8660263247442931, 0.3999858379752796]",13.716440923432371,2.1844991438168146
"[0.3999858308507232, 0.8660379175057493, -0.8660263252075573, 0.3999858308507232]",13.719873064107665,2.1876423080525225
"[0.39998582373581376, 0.8660379237893685, -0.8660263256701938, 0.39998582373581376]",13.723310572734569,2.19078547228823
"[0.3999858166302131, 0.8660379300647665, -0.8660263261322254, 0.3999858166302131]",13.72675347676326,2.1939286365239377
"[0.3999858095335716, 0.8660379363322521, -0.8660263265936743, 0.3999858095335716]",13.73020180316485,2.197071800759645
"[0.39998580244534304, 0.866037942592308, -0.8660263270545758, 0.39998580244534304]",13.733655582465843,2.200214964995353
"[0.39998579536511875, 0.8660379488452944, -0.866026327514957, 0.39998579536511875]",13.737114847479589,2.2033581292310607
"[0.39998578829257825, 0.8660379550914948, -0.8660263279748388, 0.39998578829257825]",13.740579622934034,2.206501293466768
"[0.3999857812272634, 0.8660379613313135, -0.8660263284342506, 0.3999857812272634]",13.744049934435022,2.209644457702476
"[0.3999857741687633, 0.8660379675651142, -0.8660263288932187, 0.3999857741687633]",13.74752581298557,2.2127876219381832
"[0.3999857671165076, 0.8660379737933996, -0.8660263293517813, 0.3999857671165076]",13.751007295537285,2.215930786173891
"[0.39998576007035097, 0.8660379800162985, -0.8660263298099472, 0.39998576007035097]",13.754494382530808,2.2190739504095984
"[0.39998575302963907, 0.8660379862343891, -0.8660263302677588, 0.39998575302963907]",13.757987135784749,2.2222171146453062
"[0.39998574599390946, 0.8660379924480794, -0.8660263307252465, 0.39998574599390946]",13.761485575122245,2.225360278881014
"[0.399985738962975, 0.866037998657535, -0.8660263311824222, 0.399985738962975]",13.764989711712035,2.2285034431167214
"[0.39998573193601766, 0.8660380048634778, -0.8660263316393393, 0.39998573193601766]",13.76849960080294,2.2316466073524293
"[0.3999857249129766, 0.8660380110659616, -0.8660263320960021, 0.3999857249129766]",13.772015243593994,2.234789771588137
"[0.3999857178931164, 0.8660380172656369, -0.8660263325524575, 0.3999857178931164]",13.775536686314355,2.2379329358238444
"[0.39998571087614665, 0.8660380234627586, -0.8660263330087253, 0.39998571087614665]",13.779063942864692,2.2410761000595523
"[0.39998570386146054, 0.8660380296578639, -0.8660263334648444, 0.39998570386146054]",13.7825970523417,2.2442192642952596
"[0.3999856968487803, 0.8660380358511977, -0.866026333920833, 0.3999856968487803]",13.786136042449355,2.2473624285309675
"[0.39998568983755123, 0.8660380420432497, -0.8660263343767272, 0.39998568983755123]",13.789680934167677,2.2505055927666753
"[0.39998568282727076, 0.866038048234464, -0.8660263348325596, 0.39998568282727076]",13.793231762387434,2.2536487570023827
"[0.39998567581753786, 0.8660380544251947, -0.8660263352883564, 0.39998567581753786]",13.7967885472566,2.2567919212380905
"[0.3999856688077696, 0.8660380606159567, -0.8660263357441553, 0.3999856688077696]",13.80035132744434,2.2599350854737983
"[0.3999856617975438, 0.8660380668071224, -0.8660263361999844, 0.3999856617975438]",13.803920125453837,2.2630782497095057
"[0.39998565478650033, 0.8660380729990105, -0.8660263366558661, 0.39998565478650033]",13.807494959092368,2.2662214139452135
"[0.39998564777401, 0.866038079192176, -0.8660263371118422, 0.39998564777401]",13.811075866088345,2.2693645781809213
"[0.3999856407596519, 0.8660380853869912, -0.8660263375679396, 0.3999856407596519]",13.814662878908226,2.2725077424166287
"[0.3999856337428033, 0.8660380915840062, -0.8660263380241987, 0.3999856337428033]",13.81825602189582,2.2756509066523365
"[0.3999856267231175, 0.8660380977835268, -0.8660263384806423, 0.3999856267231175]",13.821855314577029,2.2787940708880443
"[0.3999856197000784, 0.8660381039860084, -0.8660263389373041, 0.3999856197000784]",13.82546078321805,2.2819372351237517
"[0.3999856126731349, 0.8660381101919384, -0.8660263393942194, 0.3999856126731349]",13.82907247206937,2.2850803993594595
"[0.3999856056418024, 0.8660381164017449, -0.8660263398514204, 0.3999856056418024]",13.83269038816716,2.288223563595167
"[0.399985598605685, 0.866038122615777, -0.8660263403089322, 0.399985598605685]",13.836314560275452,2.2913667278308747
"[0.3999855915640033, 0.8660381288347231, -0.866026340766806, 0.3999855915640033]",13.839945043308974,2.2945098920665825
"[0.39998558451640337, 0.8660381350588962, -0.8660263412250644, 0.39998558451640337]",13.843581827506787,2.29765305630229
"[0.39998557746243785, 0.866038141288691, -0.8660263416837366, 0.39998557746243785]",13.84722496184985,2.3007962205379977
"[0.39998557040143806, 0.8660381475246979, -0.8660263421428664, 0.39998557040143806]",13.850874469084859,2.3039393847737055
"[0.3999855633329635, 0.8660381537673064, -0.8660263426024821, 0.3999855633329635]",13.85453036762952,2.307082549009413
"[0.3999855562565095, 0.8660381600169623, -0.8660263430626164, 0.3999855562565095]",13.858192690415533,2.3102257132451207
"[0.3999855491713624, 0.8660381662742952, -0.8660263435233162, 0.3999855491713624]",13.86186147196448,2.313368877480828
"[0.399985542077177, 0.8660381725396105, -0.8660263439846034, 0.399985542077177]",13.86553672646757,2.316512041716536
"[0.3999855349733125, 0.8660381788134741, -0.8660263444465202, 0.3999855349733125]",13.869218484020873,2.3196552059522437
"[0.3999855278593437, 0.866038185096261, -0.8660263449090938, 0.3999855278593437]",13.872906761955138,2.322798370187951
"[0.3999855207345885, 0.8660381913885743, -0.8660263453723687, 0.3999855207345885]",13.876601599872405,2.325941534423659
"[0.39998551359854106, 0.8660381976908605, -0.8660263458363778, 0.39998551359854106]",13.880303028274497,2.3290846986593663
"[0.3999855064506492, 0.8660382040036071, -0.8660263463011573, 0.3999855064506492]",13.884011056268376,2.332227862895074
"[0.39998549929029786, 0.8660382103273574, -0.8660263467667465, 0.39998549929029786]",13.887725718333751,2.3353710271307815
"[0.3999854921170388, 0.8660382166625072, -0.8660263472331751, 0.3999854921170388]",13.891447038286783,2.3385141913664893
"[0.39998548493020125, 0.8660382230096493, -0.8660263477004866, 0.39998548493020125]",13.895175047395266,2.3416573556021967
"[0.39998547772922743, 0.866038229369276, -0.8660263481687172, 0.39998547772922743]",13.898909763024788,2.3448005198379045
"[0.39998547051360483, 0.8660382357418391, -0.8660263486379004, 0.39998547051360483]",13.90265121424503,2.3479436840736123
"[0.39998546328269924, 0.8660382421279004, -0.8660263491080772, 0.39998546328269924]",13.906399421406928,2.3510868483093197
"[0.3999854560359215, 0.8660382485279788, -0.866026349579286, 0.3999854560359215]",13.910154416576335,2.3542300125450275
"[0.3999854487726811, 0.866038254942597, -0.8660263500515649, 0.3999854487726811]",13.913916225087599,2.357373176780735
"[0.39998544149250004, 0.866038261372176, -0.8660263505249457, 0.39998544149250004]",13.917684861385585,2.3605163410164427
"[0.39998543419467725, 0.8660382678173356, -0.8660263509994733, 0.39998543419467725]",13.921460362065886,2.3636595052521505
"[0.3999854268784836, 0.8660382742787196, -0.8660263514751957, 0.3999854268784836]",13.925242754690478,2.366802669487858
"[0.39998541954365346, 0.8660382807565626, -0.8660263519521297, 0.39998541954365346]",13.929032038716715,2.3699458337235657
"[0.3999854121893038, 0.8660382872516447, -0.8660263524303328, 0.3999854121893038]",13.932828267785867,2.3730889979592735
"[0.3999854048148806, 0.8660382937644545, -0.8660263529098413, 0.3999854048148806]",13.936631452632561,2.376232162194981
"[0.39998539741987127, 0.8660383002954453, -0.8660263533906882, 0.39998539741987127]",13.940441611564959,2.3793753264306887
"[0.3999853900036432, 0.8660383068451757, -0.8660263538729147, 0.3999853900036432]",13.944258777838288,2.3825184906663965
"[0.399985382565416, 0.8660383134143349, -0.8660263543565717, 0.399985382565416]",13.94808297711114,2.385661654902104
"[0.3999853751047037, 0.8660383200033522, -0.8660263548416907, 0.3999853751047037]",13.951914224031057,2.3888048191378117
"[0.3999853676208728, 0.8660383266127867, -0.8660263553283126, 0.3999853676208728]",13.955752543927135,2.3919479833735195
"[0.3999853601132851, 0.8660383332432022, -0.8660263558164796, 0.3999853601132851]",13.959597964463347,2.395091147609227
"[0.3999853525812606, 0.8660383398951996, -0.866026356306235, 0.3999853525812606]",13.96345050410161,2.3982343118449347
"[0.3999853450242634, 0.8660383465692518, -0.8660263567976146, 0.3999853450242634]",13.967310182967566,2.401377476080642
"[0.39998533744148557, 0.8660383532660723, -0.8660263572906705, 0.39998533744148557]",13.971177029818119,2.40452064031635
"[0.3999853298323145, 0.8660383599862023, -0.8660263577854423, 0.3999853298323145]",13.975051075627666,2.4076638045520578
"[0.3999853221961917, 0.8660383667301349, -0.8660263582819668, 0.3999853221961917]",13.978932325493155,2.410806968787765
"[0.3999853145324134, 0.866038373498492, -0.866026358780289, 0.3999853145324134]",13.982820808135994,2.413950133023473
"[0.3999853068403914, 0.8660383802917926, -0.8660263592804482, 0.3999853068403914]",13.986716541400657,2.4170932972591808
"[0.3999852991192709, 0.8660383871107923, -0.8660263597824989, 0.3999852991192709]",13.990619561850062,2.420236461494888
"[0.3999852913687257, 0.8660383939557783, -0.8660263602864632, 0.3999852913687257]",13.994529862501047,2.423379625730596
"[0.39998528358768953, 0.8660384008276929, -0.8660263607924098, 0.39998528358768953]",13.998447496784939,2.4265227899663038
"[0.39998527577564985, 0.8660384077269886, -0.8660263613003724, 0.39998527577564985]",14.002372468008526,2.429665954202011
"[0.3999852679321284, 0.8660384146540875, -0.866026361810382, 0.3999852679321284]",14.006304798154906,2.432809118437719
"[0.399985260056193, 0.8660384216098134, -0.8660263623224991, 0.399985260056193]",14.010244504650322,2.4359522826734263
"[0.39998525214710645, 0.8660384285948171, -0.8660263628367717, 0.39998525214710645]",14.014191627606833,2.439095446909134
"[0.3999852442044278, 0.8660384356094878, -0.8660263633532289, 0.3999852442044278]",14.018146160937976,2.442238611144842
"[0.3999852362273753, 0.8660384426545161, -0.866026363871921, 0.3999852362273753]",14.022108137277177,2.4453817753805493
"[0.3999852282151346, 0.8660384497306214, -0.8660263643929009, 0.3999852282151346]",14.026077575206138,2.448524939616257
"[0.3999852201669795, 0.8660384568384446, -0.866026364916216, 0.3999852201669795]",14.030054501734254,2.4516681038519645
"[0.39998521208241067, 0.8660384639784277, -0.8660263654418986, 0.39998521208241067]",14.034038920273892,2.4548112680876724
"[0.3999852039605137, 0.8660384711513769, -0.8660263659700087, 0.3999852039605137]",14.03803087035687,2.4579544323233797
"[0.3999851958008014, 0.8660384783577233, -0.8660263665005774, 0.3999851958008014]",14.042030345109358,2.4610975965590876
"[0.39998518760232504, 0.8660384855983047, -0.8660263670336666, 0.39998518760232504]",14.046037380340344,2.464240760794795
"[0.39998517936448835, 0.8660384928736473, -0.8660263675693153, 0.39998517936448835]",14.05005200199044,2.4673839250305027
"[0.3999851710866181, 0.8660385001843464, -0.8660263681075665, 0.3999851710866181]",14.054074201547007,2.4705270892662106
"[0.3999851627677483, 0.8660385075312542, -0.866026368648484, 0.3999851627677483]",14.05810402533175,2.473670253501918
"[0.39998515440737437, 0.8660385149148172, -0.8660263691921, 0.39998515440737437]",14.062141472960393,2.4768134177376258
"[0.3999851460047755, 0.8660385223356715, -0.8660263697384617, 0.3999851460047755]",14.066186563341189,2.479956581973333
"[0.39998513755904047, 0.8660385297946219, -0.8660263702876279, 0.39998513755904047]",14.07023931577368,2.483099746209041
"[0.39998512906956696, 0.8660385372922005, -0.8660263708396383, 0.39998512906956696]",14.07429975663756,2.4862429104447488
"[0.3999851205355726, 0.866038544829098, -0.8660263713945433, 0.3999851205355726]",14.078367885306204,2.489386074680456
"[0.39998511195617825, 0.8660385524060913, -0.8660263719524003, 0.39998511195617825]",14.082443727440499,2.492529238916164
"[0.3999851033307995, 0.8660385600236958, -0.8660263725132473, 0.3999851033307995]",14.08652729749426,2.4956724031518718
"[0.39998509465860355, 0.8660385676826478, -0.8660263730771384, 0.39998509465860355]",14.090618613741661,2.498815567387579
"[0.3999850859388394, 0.86603857538361, -0.8660263736441226, 0.3999850859388394]",14.094717683640251,2.501958731623287
"[0.3999850771707829, 0.8660385831272223, -0.8660263742142463, 0.3999850771707829]",14.098824528821272,2.505101895858995
"[0.39998506835352793, 0.8660385909142844, -0.8660263747875697, 0.39998506835352793]",14.10293916200228,2.508245060094702
"[0.3999850594863265, 0.8660385987454574, -0.8660263753641403, 0.3999850594863265]",14.107061606347939,2.51138822433041
"[0.3999850505685942, 0.8660386066212572, -0.8660263759439966, 0.3999850505685942]",14.1111918528909,2.5145313885661174
"[0.39998504159929715, 0.866038614542597, -0.8660263765272057, 0.39998504159929715]",14.11532993808189,2.517674552801825
"[0.3999850325777791, 0.8660386225100565, -0.8660263771138101, 0.3999850325777791]",14.11947587209533,2.520817717037533
"[0.3999850235032391, 0.8660386305243427, -0.8660263777038624, 0.3999850235032391]",14.123629649087526,2.5239608812732404
"[0.399985014374895, 0.8660386385861468, -0.8660263782974128, 0.399985014374895]",14.127791305283287,2.527104045508948
"[0.3999850051919741, 0.8660386466961508, -0.8660263788945118, 0.3999850051919741]",14.131960835414402,2.530247209744656
"[0.39998499595351544, 0.8660386548552037, -0.8660263794952221, 0.39998499595351544]",14.136138264018285,2.5333903739803634
"[0.39998498665886506, 0.8660386630638829, -0.8660263800995862, 0.39998498665886506]",14.140323601440285,2.536533538216071
"[0.39998497730724686, 0.8660386713228738, -0.8660263807076543, 0.39998497730724686]",14.14451685160945,2.539676702451779
"[0.39998496789757326, 0.866038679633137, -0.866026381319497, 0.39998496789757326]",14.148718032108313,2.5428198666874864
"[0.39998495842937193, 0.8660386879950893, -0.8660263819351457, 0.39998495842937193]",14.152927155186795,2.545963030923194
"[0.399984948901709, 0.8660386964095561, -0.8660263825546604, 0.399984948901709]",14.157144213330213,2.5491061951589016
"[0.39998493931357165, 0.8660387048774315, -0.8660263831781073, 0.39998493931357165]",14.1613692442871,2.5522493593946094
"[0.39998492966437715, 0.8660387133992299, -0.8660263838055241, 0.39998492966437715]",14.165602236609915,2.555392523630317
"[0.39998491995330804, 0.8660387219756738, -0.8660263844369641, 0.39998491995330804]",14.169843203962913,2.5585356878660246
"[0.399984910179173, 0.866038730607815, -0.866026385072505, 0.399984910179173]",14.174092168665837,2.5616788521017324
"[0.39998490034151174, 0.8660387392960599, -0.8660263857121762, 0.39998490034151174]",14.178349118305245,2.5648220163374402
"[0.3999848904394232, 0.8660387480412046, -0.8660263863560366, 0.3999848904394232]",14.182614064201505,2.5679651805731476
"[0.399984880471888, 0.8660387568441491, -0.8660263870041524, 0.399984880471888]",14.18688703037918,2.5711083448088554
"[0.3999848704383647, 0.8660387657053716, -0.8660263876565588, 0.3999848704383647]",14.191168002852594,2.574251509044563
"[0.3999848603375969, 0.8660387746259822, -0.8660263883133376, 0.3999848603375969]",14.195457008652761,2.5773946732802706
"[0.3999848501689707, 0.8660387836065225, -0.8660263889745284, 0.3999848501689707]",14.199754042506493,2.580537837515978
"[0.3999848399315086, 0.8660387926478559, -0.8660263896401952, 0.3999848399315086]",14.204059113277198,2.583681001751686
"[0.39998482962440723, 0.8660388017506919, -0.8660263903103901, 0.39998482962440723]",14.208372224849438,2.586824165987393
"[0.39998481924698337, 0.866038810915634, -0.8660263909851573, 0.39998481924698337]",14.212693378206138,2.589967330223101
"[0.39998480879800813, 0.8660388201437677, -0.8660263916645768, 0.39998480879800813]",14.217022582656048,2.5931104944588084
"[0.39998479827676536, 0.8660388294357247, -0.8660263923486954, 0.39998479827676536]",14.22135985585406,2.596253658694516
"[0.399984787682589, 0.8660388387920942, -0.8660263930375561, 0.399984787682589]",14.225705171518054,2.599396822930224
"[0.3999847770142327, 0.8660388482139761, -0.8660263937312405, 0.3999847770142327]",14.23005855856428,2.6025399871659314
"[0.39998476627112795, 0.8660388577018733, -0.8660263944297846, 0.39998476627112795]",14.23442000272446,2.605683151401639
"[0.3999847554521258, 0.8660388672568001, -0.8660263951332636, 0.3999847554521258]",14.238789522591045,2.608826315637347
"[0.3999847445565613, 0.8660388768793436, -0.866026395841721, 0.3999847445565613]",14.243167107563245,2.6119694798730544
"[0.39998473358336495, 0.8660388865704486, -0.8660263965552262, 0.39998473358336495]",14.24755276305873,2.615112644108762
"[0.39998472253177736, 0.8660388963307855, -0.8660263972738284, 0.39998472253177736]",14.25194648752165,2.61825580834447
"[0.39998471140060743, 0.8660389061614064, -0.8660263979976051, 0.39998471140060743]",14.256348301700859,2.6213989725801774
"[0.39998470018944215, 0.8660389160626758, -0.866026398726583, 0.39998470018944215]",14.260758172119253,2.624542136815885
"[0.39998468889685723, 0.8660389260358521, -0.8660263994608552, 0.39998468889685723]",14.265176121408345,2.6276853010515926
"[0.39998467752244016, 0.8660389360812993, -0.8660264002004481, 0.39998467752244016]",14.269602135193177,2.6308284652873004
"[0.3999846660648555, 0.8660389462001968, -0.8660264009454485, 0.3999846660648555]",14.27403622551737,2.6339716295230082
"[0.3999846545233819, 0.866038956393182, -0.8660264016959034, 0.3999846545233819]",14.278478381217571,2.6371147937587156
"[0.39998464289704727, 0.8660389666611127, -0.8660264024518762, 0.39998464289704727]",14.28292860736434,2.6402579579944234
"[0.39998463118498967, 0.8660389770047506, -0.8660264032134227, 0.39998463118498967]",14.287386896793194,2.6434011222301312
"[0.3999846193862466, 0.8660389874249458, -0.8660264039806058, 0.3999846193862466]",14.291853236499557,2.6465442864658386
"[0.39998460749981, 0.8660389979225883, -0.8660264047534906, 0.39998460749981]",14.29632764294125,2.6496874507015464
"[0.399984595524946, 0.8660390084983265, -0.8660264055321251, 0.399984595524946]",14.300810087614298,2.6528306149372542
"[0.3999845834605051, 0.8660390191531755, -0.8660264063165841, 0.3999845834605051]",14.305300585963067,2.6559737791729616
"[0.3999845713055191, 0.8660390298879902, -0.8660264071069304, 0.3999845713055191]",14.309799129600691,2.6591169434086694
"[0.3999845590594865, 0.8660390407032138, -0.8660264079031963, 0.3999845590594865]",14.314305695261787,2.6622601076443773
"[0.3999845467208562, 0.8660390516002159, -0.8660264087054832, 0.3999845467208562]",14.318820295306441,2.6654032718800846
"[0.39998453428910874, 0.8660390625794554, -0.8660264095138247, 0.39998453428910874]",14.323342913522437,2.6685464361157925
"[0.3999845217631479, 0.8660390736419006, -0.866026410328292, 0.3999845217631479]",14.327873547116136,2.6716896003515
"[0.3999845091419736, 0.8660390847884345, -0.8660264111489498, 0.3999845091419736]",14.332412184478656,2.6748327645872076
"[0.3999844964247648, 0.8660390960197824, -0.8660264119758522, 0.3999844964247648]",14.336958817626995,2.6779759288229155
"[0.3999844836104389, 0.8660391073368997, -0.8660264128090693, 0.3999844836104389]",14.341513443078535,2.681119093058623
"[0.3999844706980898, 0.8660391187405878, -0.8660264136486598, 0.3999844706980898]",14.346076034852896,2.6842622572943307
"[0.3999844576867919, 0.8660391302316629, -0.8660264144946842, 0.3999844576867919]",14.350646600116816,2.6874054215300385
"[0.3999844445754048, 0.8660391418111334, -0.8660264153472162, 0.3999844445754048]",14.355225124523448,2.690548585765746
"[0.3999844313632097, 0.8660391534796331, -0.8660264162063028, 0.3999844313632097]",14.359811581691435,2.6936917500014537
"[0.39998441804906343, 0.8660391652381725, -0.8660264170720184, 0.39998441804906343]",14.364405978345307,2.696834914237161
"[0.3999844046320998, 0.8660391770875157, -0.8660264179444195, 0.3999844046320998]",14.369008290460945,2.699978078472869
"[0.399984391111212, 0.8660391890286407, -0.8660264188235774, 0.399984391111212]",14.373618509519414,2.7031212427085762
"[0.3999843774856497, 0.8660392010622101, -0.8660264197095416, 0.3999843774856497]",14.378236618869368,2.706264406944284
"[0.3999843637543067, 0.8660392131892011, -0.8660264206023834, 0.3999843637543067]",14.382862604167867,2.7094075711799914
"[0.39998434991615783, 0.8660392254105184, -0.86602642150217, 0.39998434991615783]",14.387496443674147,2.7125507354156992
"[0.39998433597014854, 0.8660392377270938, -0.8660264224089698, 0.39998433597014854]",14.392138138603952,2.7156938996514066
"[0.39998432191547323, 0.8660392501396386, -0.8660264233228351, 0.39998432191547323]",14.396787663283149,2.7188370638871144
"[0.3999843077510777, 0.8660392626490838, -0.8660264242438345, 0.3999843077510777]",14.40144500123116,2.7219802281228223
"[0.3999842934760618, 0.8660392752562249, -0.866026425172026, 0.3999842934760618]",14.406110124478989,2.7251233923585296
"[0.3999842790892058, 0.8660392879621385, -0.8660264261074898, 0.3999842790892058]",14.410783030282609,2.7282665565942374
"[0.39998426458975184, 0.8660393007674941, -0.8660264270502748, 0.39998426458975184]",14.415463691880761,2.7314097208299453
"[0.3999842499765315, 0.8660393136733235, -0.8660264280004569, 0.3999842499765315]",14.420152093194304,2.7345528850656526
"[0.39998423524868454, 0.8660393266803869, -0.866026428958092, 0.39998423524868454]",14.424848211511344,2.7376960493013605
"[0.3999842204051261, 0.8660393397896416, -0.8660264299232509, 0.3999842204051261]",14.429552024888222,2.740839213537068
"[0.399984205444807, 0.8660393530020152, -0.8660264308960013, 0.399984205444807]",14.434263525776101,2.7439823777727756
"[0.3999841903669223, 0.8660393663182178, -0.8660264318763957, 0.3999841903669223]",14.438982669042614,2.7471255420084835
"[0.39998417517036067, 0.8660393797392311, -0.8660264328645068, 0.39998417517036067]",14.443709447012564,2.750268706244191
"[0.39998415985410496, 0.866039393265953, -0.8660264338604007, 0.39998415985410496]",14.448443830363486,2.7534118704798987
"[0.3999841444171236, 0.8660394068992956, -0.8660264348641437, 0.3999841444171236]",14.453185802637131,2.7565550347156065
"[0.39998412885851226, 0.8660394206400567, -0.8660264358757951, 0.39998412885851226]",14.457935329280106,2.759698198951314
"[0.3999841131772491, 0.8660394344891388, -0.8660264368954216, 0.3999841131772491]",14.462692392895269,2.7628413631870217
"[0.3999840973721789, 0.8660394484475624, -0.8660264379230979, 0.3999840973721789]",14.467456963607878,2.7659845274227295
"[0.39998408144245534, 0.866039462516075, -0.866026438958879, 0.39998408144245534]",14.472229014449715,2.769127691658437
"[0.3999840653870274, 0.8660394766956043, -0.8660264400028338, 0.3999840653870274]",14.477008522427758,2.7722708558941447
"[0.39998404920481945, 0.8660394909871011, -0.8660264410550313, 0.39998404920481945]",14.481795457386522,2.7754140201298525
"[0.39998403289491413, 0.8660395053913745, -0.8660264421155323, 0.39998403289491413]",14.486589784542666,2.77855718436556
"[0.3999840164561415, 0.8660395199094588, -0.8660264431844119, 0.3999840164561415]",14.491391484723511,2.7817003486012677
"[0.39998399988764705, 0.866039534542108, -0.866026444261726, 0.39998399988764705]",14.496200531616278,2.784843512836975
"[0.3999839831884151, 0.8660395492902193, -0.8660264453475408, 0.3999839831884151]",14.50101687685699,2.787986677072683
"[0.3999839663574239, 0.866039564154695, -0.8660264464419225, 0.3999839663574239]",14.505840500136612,2.7911298413083907
"[0.3999839493934504, 0.8660395791366154, -0.8660264475449504, 0.3999839493934504]",14.5106713753411,2.794273005544098
"[0.39998393229595647, 0.8660395942364557, -0.86602644865666, 0.39998393229595647]",14.515509458355076,2.797416169779806
"[0.3999839150635123, 0.8660396094554786, -0.866026449777144, 0.3999839150635123]",14.52035471986005,2.8005593340155137
"[0.39998389769507636, 0.8660396247946038, -0.8660264509064702, 0.39998389769507636]",14.52520712834386,2.803702498251221
"[0.3999838801898338, 0.8660396402545513, -0.8660264520446915, 0.3999838801898338]",14.53006664896083,2.806845662486929
"[0.3999838625469122, 0.8660396558360909, -0.8660264531918647, 0.3999838625469122]",14.534933244237566,2.8099888267226367
"[0.39998384476474025, 0.866039671540611, -0.8660264543480919, 0.39998384476474025]",14.539806882333448,2.813131990958344
"[0.39998382684292944, 0.8660396873684547, -0.8660264555133981, 0.39998382684292944]",14.544687520932142,2.816275155194052
"[0.39998380878009965, 0.8660397033208406, -0.8660264566878734, 0.39998380878009965]",14.549575125480633,2.8194183194297593
"[0.39998379057530487, 0.866039719398604, -0.8660264578715794, 0.39998379057530487]",14.554469659231371,2.822561483665467
"[0.3999837722276236, 0.866039735602559, -0.8660264590645758, 0.3999837722276236]",14.55937108241648,2.8257046479011745
"[0.3999837537359865, 0.8660397519336501, -0.866026460266932, 0.3999837537359865]",14.56427935356389,2.8288478121368823
"[0.39998373509933494, 0.866039768392812, -0.8660264614787168, 0.39998373509933494]",14.569194429596465,2.8319909763725897
"[0.3999837163165849, 0.8660397849810024, -0.8660264627000006, 0.3999837163165849]",14.574116288836624,2.8351341406082975
"[0.3999836973869452, 0.8660398016989194, -0.8660264639308357, 0.3999836973869452]",14.579044859679426,2.838277304844005
"[0.39998367830926795, 0.8660398185475772, -0.8660264651712959, 0.39998367830926795]",14.583980126576682,2.8414204690797127
"[0.39998365908256145, 0.8660398355278519, -0.8660264664214455, 0.39998365908256145]",14.588922034644872,2.8445636333154205
"[0.3999836397058478, 0.8660398526406065, -0.8660264676813488, 0.3999836397058478]",14.593870538415217,2.847706797551128
"[0.3999836201780742, 0.8660398698867712, -0.8660264689510736, 0.3999836201780742]",14.59882559889356,2.8508499617868357
"[0.3999836004982556, 0.8660398872672154, -0.8660264702306848, 0.3999836004982556]",14.60378717031149,2.8539931260225435
"[0.39998358066538203, 0.866039904782832, -0.8660264715202469, 0.39998358066538203]",14.608755208678945,2.857136290258251
"[0.3999835606785148, 0.8660399224344496, -0.8660264728198217, 0.3999835606785148]",14.61372966025431,2.8602794544939587
"[0.3999835405365666, 0.8660399402230281, -0.8660264741294799, 0.3999835405365666]",14.618710483507144,2.863422618729666
"[0.39998352023842404, 0.8660399581495511, -0.8660264754492935, 0.39998352023842404]",14.62369764425393,2.866565782965374
"[0.3999834997832639, 0.8660399762147458, -0.866026476779316, 0.3999834997832639]",14.628691066171516,2.8697089472010817
"[0.39998347917001, 0.8660399944195623, -0.866026478119618, 0.39998347917001]",14.633690720000283,2.872852111436789
"[0.39998345839797134, 0.8660400127646108, -0.8660264794702439, 0.39998345839797134]",14.638696547822992,2.875995275672497
"[0.39998343746565396, 0.8660400312512112, -0.8660264808312906, 0.39998343746565396]",14.643708502951057,2.8791384399082047
"[0.3999834163723504, 0.8660400498799878, -0.8660264822028048, 0.3999834163723504]",14.64872654134791,2.882281604143912
"[0.3999833951169697, 0.8660400686519044, -0.8660264835848569, 0.3999833951169697]",14.653750601695242,2.88542476837962
"[0.39998337369854614, 0.8660400875678135, -0.8660264849775099, 0.39998337369854614]",14.65878063170113,2.8885679326153277
"[0.39998335211615843, 0.8660401066285291, -0.8660264863808235, 0.39998335211615843]",14.663816584213329,2.891711096851035
"[0.3999833303687967, 0.866040125834943, -0.8660264877948637, 0.3999833303687967]",14.668858403575443,2.894854261086743
"[0.399983308455528, 0.8660401451878794, -0.8660264892196904, 0.399983308455528]",14.673906026270325,2.8979974253224503
"[0.3999832863751241, 0.8660401646884223, -0.8660264906553844, 0.3999832863751241]",14.678959424493716,2.901140589558158
"[0.399983264126885, 0.8660401843371905, -0.8660264921019907, 0.399983264126885]",14.68401850550216,2.904283753793866
"[0.39998324170987976, 0.8660402041350059, -0.8660264935595698, 0.39998324170987976]",14.689083240626271,2.9074269180295733
"[0.39998321912293305, 0.8660402240829066, -0.8660264950281985, 0.39998321912293305]",14.694153566700287,2.910570082265281
"[0.3999831963650774, 0.8660402441817472, -0.8660264965079392, 0.3999831963650774]",14.699229419333335,2.913713246500989
"[0.3999831734354933, 0.866040264432251, -0.8660264979988453, 0.3999831734354933]",14.704310739430204,2.9168564107366963
"[0.399983150333155, 0.8660402848353245, -0.8660264995009836, 0.399983150333155]",14.70939747933813,2.919999574972404
"[0.3999831270572406, 0.8660403053916926, -0.8660265010144076, 0.3999831270572406]",14.714489579489172,2.923142739208112
"[0.39998310360640094, 0.8660403261025481, -0.8660265025392049, 0.39998310360640094]",14.7195869761637,2.9262859034438193
"[0.3999830799800027, 0.8660403469684494, -0.8660265040754165, 0.3999830799800027]",14.724689598037383,2.929429067679527
"[0.39998305617709007, 0.8660403679902406, -0.8660265056231048, 0.39998305617709007]",14.729797397921603,2.9325722319152345
"[0.39998303219671505, 0.8660403891687595, -0.8660265071823315, 0.39998303219671505]",14.734910306490397,2.9357153961509423
"[0.3999830080378666, 0.8660404105048987, -0.8660265087531621, 0.3999830080378666]",14.740028265077507,2.93885856038665
"[0.39998298369965973, 0.8660404319994399, -0.8660265103356538, 0.39998298369965973]",14.745151213574992,2.9420017246223575
"[0.3999829591811986, 0.8660404536531738, -0.8660265119298657, 0.3999829591811986]",14.750279077387596,2.9451448888580654
"[0.399982934481498, 0.866040475466971, -0.8660265135358611, 0.399982934481498]",14.755411806239664,2.9482880530937727
"[0.39998290959948046, 0.8660404974417828, -0.8660265151537107, 0.39998290959948046]",14.760549326353676,2.9514312173294805
"[0.3999828845345674, 0.8660405195781204, -0.8660265167834514, 0.3999828845345674]",14.7656915758492,2.954574381565188
"[0.399982859285701, 0.866040541876918, -0.8660265184251525, 0.399982859285701]",14.7708384824145,2.9577175458008957
"[0.3999828338518008, 0.8660405643391298, -0.8660265200788837, 0.3999828338518008]",14.77598998966037,2.960860710036603
"[0.39998280823221066, 0.8660405869653347, -0.8660265217446882, 0.39998280823221066]",14.781146021322575,2.964003874272311
"[0.39998278242566415, 0.8660406097566521, -0.8660265234226481, 0.39998278242566415]",14.78630652386687,2.9671470385080188
"[0.39998275643192177, 0.8660406327132926, -0.8660265251127791, 0.39998275643192177]",14.791471406845444,2.970290202743726
"[0.399982730249581, 0.8660406558364958, -0.8660265268151719, 0.399982730249581]",14.796640616093208,2.973433366979434
"[0.39998270387774426, 0.8660406791270534, -0.8660265285298855, 0.39998270387774426]",14.80181408921941,2.9765765312151413
"[0.3999826773158458, 0.8660407025854658, -0.8660265302569562, 0.3999826773158458]",14.806991743806929,2.979719695450849
"[0.39998265056277477, 0.8660407262127134, -0.8660265319964566, 0.39998265056277477]",14.812173504918533,2.982862859686557
"[0.3999826236176924, 0.8660407500095377, -0.8660265337484406, 0.3999826236176924]",14.817359314864806,2.9860060239222643
"[0.3999825964798397, 0.8660407739766084, -0.8660265355129586, 0.3999825964798397]",14.822549099925116,2.989149188157972
"[0.3999825691482987, 0.8660407981147366, -0.8660265372900691, 0.3999825691482987]",14.827742782795518,2.99229235239368
"[0.3999825416221473, 0.8660408224247362, -0.8660265390798327, 0.3999825416221473]",14.832940296706514,2.9954355166293873
"[0.3999825139005901, 0.8660408469073102, -0.8660265408823011, 0.3999825139005901]",14.838141568655017,2.998578680865095
"[0.39998248598286107, 0.8660408715631346, -0.8660265426975238, 0.39998248598286107]",14.843346519252645,3.001721845100803
"[0.3999824578682935, 0.8660408963927987, -0.8660265445255442, 0.3999824578682935]",14.848555074955716,3.0048650093365104
"[0.39998242955547847, 0.8660409213975464, -0.8660265463664542, 0.39998242955547847]",14.853767174364494,3.008008173572218
"[0.39998240104431343, 0.8660409465774683, -0.8660265482202599, 0.39998240104431343]",14.858982726914059,3.0111513378079255
"[0.3999823723333714, 0.8660409719338249, -0.8660265500870548, 0.3999823723333714]",14.864201669867464,3.0142945020436334
"[0.39998234342219724, 0.8660409974670179, -0.8660265519668678, 0.39998234342219724]",14.869423917703443,3.017437666279341
"[0.3999823143099214, 0.8660410231778154, -0.8660265538597557, 0.3999823143099214]",14.87464939635636,3.0205808305150486
"[0.39998228499579885, 0.8660410490668751, -0.8660265557657673, 0.39998228499579885]",14.879878039033109,3.0237239947507564
"[0.39998225547888533, 0.8660410751350313, -0.8660265576849632, 0.39998225547888533]",14.885109753513678,3.026867158986464
"[0.39998222575858, 0.8660411013828142, -0.8660265596173828, 0.39998222575858]",14.890344476825785,3.0300103232221716
"[0.3999821958339707, 0.8660411278110297, -0.8660265615630859, 0.3999821958339707]",14.895582127744845,3.0331534874578794
"[0.3999821657044322, 0.8660411544202304, -0.8660265635221119, 0.3999821657044322]",14.900822618679474,3.036296651693587
"[0.3999821353690344, 0.8660411812112364, -0.8660265654945228, 0.3999821353690344]",14.906065887809499,3.0394398159292946
"[0.39998210482732327, 0.8660412081844499, -0.866026567480347, 0.39998210482732327]",14.911311843399382,3.0425829801650024
"[0.3999820740781839, 0.8660412353408551, -0.8660265694796574, 0.3999820740781839]",14.916560412462568,3.04572614440071
"[0.39998204312110036, 0.8660412626809074, -0.8660265714924874, 0.39998204312110036]",14.921811506341912,3.0488693086364176
"[0.3999820119554866, 0.866041290205125, -0.8660265735188749, 0.3999820119554866]",14.927065056961323,3.0520124728721254
"[0.39998198058003753, 0.8660413179146597, -0.8660265755589053, 0.39998198058003753]",14.932320986981923,3.0551556371078328
"[0.39998194899483624, 0.8660413458094385, -0.8660265776125728, 0.39998194899483624]",14.937579194948217,3.0582988013435406
"[0.39998191719866333, 0.8660413738905387, -0.8660265796799566, 0.39998191719866333]",14.942839624951299,3.0614419655792484
"[0.3999818851909995, 0.8660414021584184, -0.8660265817610905, 0.3999818851909995]",14.948102179647488,3.064585129814956
"[0.39998185297109257, 0.8660414306137416, -0.8660265838560237, 0.39998185297109257]",14.953366784873083,3.0677282940506636
"[0.39998182053832054, 0.8660414592570583, -0.8660265859647962, 0.39998182053832054]",14.958633356788289,3.070871458286371
"[0.39998178789216426, 0.8660414880888267, -0.8660265880874418, 0.39998178789216426]",14.963901812574658,3.074014622522079
"[0.39998175503143435, 0.8660415171100974, -0.8660265902240379, 0.39998175503143435]",14.969172081197845,3.077157786757786
"[0.3999817219560432, 0.8660415463209471, -0.8660265923745906, 0.3999817219560432]",14.974444060846272,3.080300950993494
"[0.39998168866490347, 0.8660415757223369, -0.8660265945391696, 0.39998168866490347]",14.979717687809101,3.0834441152292014
"[0.3999816551579951, 0.866041605314284, -0.866026596717777, 0.3999816551579951]",14.984992866826776,3.086587279464909
"[0.39998162143404686, 0.8660416350979111, -0.8660265989104953, 0.39998162143404686]",14.990269517573939,3.089730443700617
"[0.39998158749290724, 0.8660416650733522, -0.8660266011173343, 0.39998158749290724]",14.995547555878522,3.0928736079363244
"[0.39998155333368957, 0.8660416952413903, -0.866026603338351, 0.39998155333368957]",15.000826909470932,3.096016772172032
"[0.39998151895592177, 0.8660417256024424, -0.8660266055735771, 0.39998151895592177]",15.006107482244332,3.0991599364077396
"[0.39998148435887904, 0.8660417561571482, -0.8660266078230594, 0.39998148435887904]",15.011389191670563,3.1023031006434474
"[0.39998144954225323, 0.8660417869057803, -0.8660266100868174, 0.39998144954225323]",15.016671969287804,3.105446264879155
"[0.3999814145051923, 0.8660418178490908, -0.8660266123649069, 0.3999814145051923]",15.021955703863037,3.1085894291148626
"[0.3999813792474348, 0.8660418489873108, -0.866026614657345, 0.3999813792474348]",15.027240326681023,3.1117325933505704
"[0.3999813437680213, 0.8660418803212877, -0.8660266169641934, 0.3999813437680213]",15.032525763076954,3.114875757586278
"[0.39998130806674836, 0.8660419118512012, -0.866026619285466, 0.39998130806674836]",15.03781191312117,3.1180189218219856
"[0.3999812721428901, 0.8660419435776916, -0.8660266216212099, 0.3999812721428901]",15.043098704995149,3.1211620860576934
"[0.39998123599604807, 0.8660419755011122, -0.8660266239714505, 0.39998123599604807]",15.04838603985462,3.124305250293401
"[0.3999811996258494, 0.8660420076217908, -0.8660266263362125, 0.3999811996258494]",15.05367384263602,3.1274484145291086
"[0.39998116303149933, 0.8660420399404302, -0.8660266287155474, 0.39998116303149933]",15.058962028974229,3.1305915787648164
"[0.3999811262126386, 0.8660420724573473, -0.8660266311094785, 0.3999811262126386]",15.064250505057736,3.133734743000524
"[0.3999810891687906, 0.8660421051729633, -0.866026633518037, 0.3999810891687906]",15.069539198537786,3.1368779072362316
"[0.39998105189950706, 0.8660421380876737, -0.8660266359412516, 0.39998105189950706]",15.07482801719728,3.1400210714719394
"[0.39998101440433725, 0.8660421712018768, -0.866026638379152, 0.39998101440433725]",15.080116883247552,3.1431642357076472
"[0.399980976682785, 0.8660422045160107, -0.86602664083177, 0.399980976682785]",15.085405700789831,3.1463073999433546
"[0.3999809387344924, 0.8660422380303917, -0.866026643299129, 0.3999809387344924]",15.090694390778733,3.149450564179062
"[0.39998090055891045, 0.8660422717455043, -0.866026645781265, 0.39998090055891045]",15.095982875886193,3.1525937284147703
"[0.3999808621557022, 0.866042305661646, -0.8660266482781998, 0.3999808621557022]",15.101271057585107,3.1557368926504776
"[0.3999808235244607, 0.8660423397791769, -0.866026650789959, 0.3999808235244607]",15.106558856341982,3.158880056886185
"[0.3999807846649538, 0.8660423740983009, -0.8660266533165589, 0.3999807846649538]",15.111846194157916,3.1620232211218933
"[0.3999807455762478, 0.8660424086198436, -0.8660266558580595, 0.3999807455762478]",15.117132978134224,3.1651663853576006
"[0.39998070625865423, 0.8660424433435291, -0.8660266584144406, 0.39998070625865423]",15.122419125158522,3.168309549593308
"[0.39998066671143695, 0.8660424782700081, -0.8660266609857502, 0.39998066671143695]",15.127704563629885,3.1714527138290163
"[0.39998062693411784, 0.8660425133997026, -0.8660266635720191, 0.39998062693411784]",15.13298919153022,3.1745958780647237
"[0.3999805869270789, 0.8660425487322753, -0.8660266661732225, 0.3999805869270789]",15.138272922738789,3.177739042300431
"[0.399980546688916, 0.8660425842689656, -0.866026668789452, 0.399980546688916]",15.143555696979625,3.1808822065361384
"[0.3999805062203139, 0.8660426200091699, -0.8660266714206628, 0.3999805062203139]",15.148837407448365,3.1840253707718467
"[0.39998046552026967, 0.866042655953773, -0.8660266740669198, 0.39998046552026967]",15.154117978555766,3.187168535007554
"[0.39998042458880184, 0.866042692102759, -0.8660266767282223, 0.39998042458880184]",15.159397327751382,3.1903116992432614
"[0.399980383425538, 0.8660427284564566, -0.8660266794045939, 0.399980383425538]",15.16467536811507,3.1934548634789692
"[0.39998034203042643, 0.8660427650149114, -0.8660266820960386, 0.39998034203042643]",15.169952019897048,3.196598027714677
"[0.3999803004028799, 0.8660428017786419, -0.8660266848025943, 0.3999803004028799]",15.17522719634815,3.1997411919503844
"[0.39998025854282876, 0.86604283874771, -0.866026687524265, 0.39998025854282876]",15.180500820881816,3.2028843561860922
"[0.3999802164501671, 0.8660428759222089, -0.8660266902610583, 0.3999802164501671]",15.18577279890004,3.2060275204218
"[0.39998017412425896, 0.8660429133027003, -0.8660266930130152, 0.39998017412425896]",15.191043059457899,3.2091706846575074
"[0.39998013156536516, 0.8660429508889539, -0.8660266957801187, 0.39998013156536516]",15.196311512724787,3.2123138488932153
"[0.3999800887728826, 0.866042988681502, -0.8660266985624081, 0.3999800887728826]",15.20157808770358,3.2154570131289226
"[0.399980045747088, 0.8660430266801007, -0.8660267013598651, 0.399980045747088]",15.20684268508397,3.2186001773646304
"[0.3999800024871919, 0.8660430648854471, -0.8660267041725412, 0.3999800024871919]",15.212105241018936,3.2217433416003383
"[0.3999799589935183, 0.8660431032972546, -0.8660267070004153, 0.3999799589935183]",15.21736566351438,3.2248865058360456
"[0.39997991526590837, 0.866043141915664, -0.8660267098434979, 0.39997991526590837]",15.222623877235877,3.228029670071753
"[0.39997987130383694, 0.8660431807411386, -0.8660267127018227, 0.39997987130383694]",15.227879796257412,3.2311728343074613
"[0.399979827107632, 0.8660432197733889, -0.8660267155753686, 0.399979827107632]",15.233133344216146,3.2343159985431686
"[0.39997978267688383, 0.8660432590127769, -0.8660267184641621, 0.39997978267688383]",15.2383844447464,3.237459162778876
"[0.39997973801151815, 0.8660432984593684, -0.8660267213682082, 0.39997973801151815]",15.24363300571774,3.2406023270145843
"[0.3999796931113873, 0.8660433381132929, -0.8660267242875161, 0.3999796931113873]",15.24887895662037,3.2437454912502917
"[0.39997964797677754, 0.8660433779742986, -0.8660267272220676, 0.39997964797677754]",15.254122219313029,3.246888655485999
"[0.3999796026072924, 0.8660434180427348, -0.8660267301718881, 0.3999796026072924]",15.259362711709588,3.2500318197217073
"[0.399979557002871, 0.8660434583186556, -0.8660267331369818, 0.399979557002871]",15.264600355001004,3.2531749839574147
"[0.39997951116354075, 0.8660434988020368, -0.8660267361173467, 0.39997951116354075]",15.269835074505732,3.256318148193122
"[0.39997946508930876, 0.8660435394928724, -0.8660267391129822, 0.39997946508930876]",15.275066796282296,3.2594613124288294
"[0.39997941878026827, 0.8660435803910791, -0.8660267421238828, 0.39997941878026827]",15.280295426196838,3.2626044766645377
"[0.39997937223611146, 0.8660436214969296, -0.8660267451500677, 0.39997937223611146]",15.285520902140773,3.265747640900245
"[0.3999793254570083, 0.8660436628102735, -0.8660267481915264, 0.3999793254570083]",15.29074314546768,3.2688908051359524
"[0.3999792784428551, 0.8660437043312021, -0.8660267512482652, 0.3999792784428551]",15.295962085402087,3.2720339693716607
"[0.3999792311939688, 0.8660437460594361, -0.8660267543202635, 0.3999792311939688]",15.301177630898161,3.275177133607368
"[0.39997918371005736, 0.8660437879952328, -0.8660267574075404, 0.39997918371005736]",15.306389721495089,3.2783202978430754
"[0.3999791359915682, 0.8660438301381973, -0.8660267605100671, 0.3999791359915682]",15.311598280154515,3.2814634620787837
"[0.39997908803828935, 0.8660438724885167, -0.8660267636278571, 0.39997908803828935]",15.316803223819601,3.284606626314491
"[0.39997903985023636, 0.8660439150461774, -0.8660267667609088, 0.39997903985023636]",15.322004492704314,3.2877497905501984
"[0.3999789914276109, 0.8660439578110007, -0.8660267699092101, 0.3999789914276109]",15.327201997688288,3.2908929547859067
"[0.3999789427705402, 0.8660440007828754, -0.8660267730727517, 0.3999789427705402]",15.332395677510215,3.294036119021614
"[0.39997889387899804, 0.8660440439618232, -0.8660267762515359, 0.39997889387899804]",15.337585461276326,3.2971792832573215
"[0.39997884475352946, 0.8660440873473637, -0.8660267794455269, 0.39997884475352946]",15.342771262044597,3.3003224474930297
"[0.3999787953937921, 0.8660441309397988, -0.8660267826547472, 0.3999787953937921]",15.347953025650684,3.303465611728737
"[0.39997874580015436, 0.8660441747388037, -0.8660267858791728, 0.39997874580015436]",15.353130675085712,3.3066087759644445
"[0.3999786959727835, 0.8660442187442298, -0.8660267891187925, 0.3999786959727835]",15.358304133398969,3.3097519402001523
"[0.3999786459117043, 0.8660442629560557, -0.8660267923736049, 0.3999786459117043]",15.36347334402854,3.31289510443586
"[0.3999785956172752, 0.8660443073739649, -0.8660267956435865, 0.3999785956172752]",15.368638222368926,3.3160382686715675
"[0.39997854508974706, 0.8660443519977357, -0.866026798928721, 0.39997854508974706]",15.373798710708353,3.3191814329072753
"[0.39997849432895205, 0.8660443968275162, -0.8660268022290196, 0.39997849432895205]",15.378954738703696,3.322324597142983
"[0.3999784433356174, 0.8660444418626642, -0.8660268055444342, 0.3999784433356174]",15.384106245712063,3.3254677613786905
"[0.3999783921097376, 0.8660444871031844, -0.8660268088749663, 0.3999783921097376]",15.389253145534871,3.3286109256143983
"[0.3999783406515355, 0.8660445325488801, -0.8660268122206004, 0.3999783406515355]",15.39439538959061,3.3317540898501057
"[0.3999782889613591, 0.8660445781994444, -0.866026815581314, 0.3999782889613591]",15.399532898622624,3.3348972540858135
"[0.39997823703956625, 0.8660446240545601, -0.8660268189570842, 0.39997823703956625]",15.40466562013516,3.338040418321521
"[0.39997818488626863, 0.8660446701141297, -0.8660268223479034, 0.39997818488626863]",15.409793481634624,3.3411835825572287
"[0.39997813250166125, 0.8660447163779801, -0.8660268257537591, 0.39997813250166125]",15.414916418046259,3.344326746792936
"[0.39997807988626566, 0.8660447628456512, -0.8660268291746168, 0.39997807988626566]",15.420034376948443,3.347469911028644
"[0.399978027040409, 0.8660448095168543, -0.8660268326104557, 0.399978027040409]",15.42514728023715,3.3506130752643517
"[0.3999779739644568, 0.8660448563912659, -0.8660268360612521, 0.3999779739644568]",15.430255070347018,3.353756239500059
"[0.39997792065841825, 0.866044903468878, -0.8660268395270051, 0.39997792065841825]",15.435357684002298,3.3568994037357665
"[0.3999778671230542, 0.8660449507490188, -0.8660268430076653, 0.3999778671230542]",15.440455074909918,3.3600425679714747
"[0.3999778133585488, 0.8660449982315257, -0.8660268465032207, 0.3999778133585488]",15.445547162991335,3.363185732207182
"[0.3999777593653455, 0.8660450459160068, -0.866026850013642, 0.3999777593653455]",15.450633897558797,3.3663288964428895
"[0.3999777051437949, 0.8660450938021526, -0.8660268535389073, 0.3999777051437949]",15.455715214643503,3.3694720606785977
"[0.39997765069431324, 0.8660451418895954, -0.8660268570789889, 0.39997765069431324]",15.460791062090925,3.372615224914305
"[0.39997759601740895, 0.8660451901778863, -0.8660268606338531, 0.39997759601740895]",15.465861376731057,3.3757583891500125
"[0.3999775411132096, 0.8660452386669126, -0.866026864203493, 0.3999775411132096]",15.470926104837146,3.3789015533857207
"[0.39997748598242117, 0.8660452873560504, -0.8660268677878618, 0.39997748598242117]",15.475985183039874,3.382044717621428
"[0.39997743062547503, 0.8660453362449192, -0.8660268713869312, 0.39997743062547503]",15.481038561916035,3.3851878818571355
"[0.3999773750425827, 0.8660453853333322, -0.866026875000688, 0.3999773750425827]",15.486086188882904,3.3883310460928437
"[0.3999773192347268, 0.8660454346204208, -0.866026878629068, 0.3999773192347268]",15.491127995287753,3.391474210328551
"[0.39997726320189697, 0.866045484106195, -0.8660268822720718, 0.39997726320189697]",15.496163941632108,3.3946173745642585
"[0.3999772069448825, 0.8660455337899572, -0.8660268859296483, 0.3999772069448825]",15.501193966021871,3.3977605387999668
"[0.39997715046406546, 0.8660455836713702, -0.8660268896017722, 0.39997715046406546]",15.506218010764043,3.400903703035674
"[0.399977093760052, 0.8660456337498987, -0.8660268932884043, 0.399977093760052]",15.511236042871547,3.4040468672713815
"[0.3999770368332048, 0.8660456840252223, -0.8660268969895208, 0.3999770368332048]",15.516247990935216,3.4071900315070898
"[0.39997697968433654, 0.8660457344966228, -0.8660269007050694, 0.39997697968433654]",15.521253812407455,3.410333195742797
"[0.3999769223136647, 0.8660457851639088, -0.8660269044350354, 0.3999769223136647]",15.526253457525637,3.4134763599785045
"[0.39997686472190347, 0.8660458360264492, -0.8660269081793724, 0.39997686472190347]",15.531246878335317,3.416619524214212
"[0.3999768069098906, 0.8660458870835043, -0.8660269119380258, 0.3999768069098906]",15.536234018224965,3.41976268844992
"[0.3999767488778258, 0.8660459383348974, -0.8660269157109829, 0.3999767488778258]",15.541214830008261,3.4229058526856275
"[0.39997669062651764, 0.8660459897799146, -0.866026919498191, 0.39997669062651764]",15.546189280398883,3.426049016921335
"[0.39997663215637835, 0.8660460414181915, -0.8660269232996232, 0.39997663215637835]",15.551157306098922,3.429192181157043
"[0.39997657346812976, 0.8660460932490911, -0.8660269271152323, 0.39997657346812976]",15.556118866138243,3.4323353453927505
"[0.3999765145625541, 0.8660461452719221, -0.8660269309449679, 0.3999765145625541]",15.561073921120016,3.435478509628458
"[0.3999764554399799, 0.8660461974863949, -0.8660269347888079, 0.3999764554399799]",15.566022419771693,3.438621673864166
"[0.39997639610139607, 0.8660462498916351, -0.8660269386466888, 0.39997639610139607]",15.570964316782991,3.4417648380998735
"[0.39997633654718956, 0.8660463024873022, -0.8660269425185849, 0.39997633654718956]",15.575899570356617,3.444908002335581
"[0.3999762767782445, 0.8660463552726143, -0.8660269464044389, 0.3999762767782445]",15.580828138167723,3.4480511665712887
"[0.39997621679497614, 0.8660464082472051, -0.8660269503042236, 0.39997621679497614]",15.585749975379446,3.4511943308069966
"[0.3999761565985373, 0.8660464614100566, -0.8660269542178638, 0.3999761565985373]",15.590665049151934,3.454337495042704
"[0.3999760961889008, 0.8660465147611923, -0.8660269581453619, 0.3999760961889008]",15.595573306426125,3.4574806592784117
"[0.3999760355675628, 0.8660465682992914, -0.8660269620866201, 0.3999760355675628]",15.600474721593875,3.460623823514119
"[0.3999759747346848, 0.866046622024211, -0.8660269660416279, 0.3999759747346848]",15.605369247658796,3.463766987749827
"[0.39997591369124796, 0.8660466759350847, -0.8660269700103214, 0.39997591369124796]",15.61025683571332,3.4669101519855348
"[0.3999758524377629, 0.8660467300314608, -0.8660269739926676, 0.3999758524377629]",15.615137473467813,3.470053316221242
"[0.39997579097550234, 0.8660467843122158, -0.866026977988584, 0.39997579097550234]",15.620011096450419,3.4731964804569495
"[0.3999757293045431, 0.8660468387772822, -0.8660269819980647, 0.3999757293045431]",15.624877678697521,3.4763396446926578
"[0.39997566742606494, 0.8660468934256177, -0.8660269860210337, 0.39997566742606494]",15.629737189751548,3.479482808928365
"[0.39997560534084414, 0.8660469482565368, -0.8660269900574399, 0.39997560534084414]",15.634589588393514,3.4826259731640725
"[0.3999755430496815, 0.8660470032693317, -0.8660269941072319, 0.3999755430496815]",15.639434846331376,3.485769137399781
"[0.3999754805531003, 0.8660470584635411, -0.8660269981703752, 0.3999754805531003]",15.644272912257197,3.488912301635488
"[0.3999754178522486, 0.8660471138381505, -0.8660270022467953, 0.3999754178522486]",15.64910377836749,3.4920554658711955
"[0.39997535494761915, 0.8660471693927249, -0.8660270063364598, 0.39997535494761915]",15.653927391505814,3.495198630106903
"[0.3999752918402901, 0.8660472251263122, -0.866027010439299, 0.3999752918402901]",15.658743726392414,3.498341794342611
"[0.3999752285309227, 0.866047281038328, -0.8660270145552695, 0.3999752285309227]",15.663552751638656,3.5014849585783185
"[0.39997516502047953, 0.8660473371279221, -0.8660270186843093, 0.39997516502047953]",15.668354443017398,3.504628122814026
"[0.3999751013098435, 0.8660473933943155, -0.8660270228263601, 0.3999751013098435]",15.673148766446097,3.507771287049734
"[0.3999750373996886, 0.8660474498369126, -0.8660270269813787, 0.3999750373996886]",15.677935690721482,3.5109144512854416
"[0.39997497329103104, 0.8660475064548153, -0.8660270311492987, 0.39997497329103104]",15.682715187529677,3.514057615521149
"[0.3999749089849529, 0.8660475632470688, -0.8660270353300499, 0.3999749089849529]",15.687487229342945,3.517200779756857
"[0.3999748444818049, 0.8660476202133628, -0.8660270395236093, 0.3999748444818049]",15.692251784354513,3.5203439439925646
"[0.399974779782816, 0.8660476773526121, -0.8660270437298968, 0.399974779782816]",15.697008838509346,3.523487108228272
"[0.3999747148889637, 0.8660477346639535, -0.8660270479488491, 0.3999747148889637]",15.701758352818251,3.52663027246398
"[0.3999746498009703, 0.8660477921467485, -0.8660270521804193, 0.3999746498009703]",15.706500309943836,3.5297734366996876
"[0.39997458451969364, 0.8660478498002402, -0.8660270564245515, 0.39997458451969364]",15.711234686252688,3.532916600935395
"[0.39999864797477824, 0.8660265978536555, -0.8660254917151157, 0.39999864797477824]",7.860214962149175,3.536059765171103
"[0.3999986444906247, 0.8660266009307568, -0.8660254919417099, 0.3999986444906247]",7.864934103979938,3.5392029294068106
"[0.3999986409963606, 0.8660266040167872, -0.8660254921689616, 0.3999986409963606]",7.869645602390705,3.542346093642518
"[0.39999863749205417, 0.866026607111687, -0.8660254923968663, 0.39999863749205417]",7.874349424454788,3.545489257878226
"[0.3999986339777372, 0.8660266102154275, -0.8660254926254223, 0.3999986339777372]",7.879045547035158,3.5486324221139336
"[0.39999863045348993, 0.8660266133279382, -0.8660254928546238, 0.39999863045348993]",7.8837339546179335,3.551775586349641
"[0.3999986269193434, 0.866026616449192, -0.866025493084469, 0.3999986269193434]",7.88841462040534,3.5549187505853492
"[0.3999986233753467, 0.8660266195791446, -0.866025493314955, 0.3999986233753467]",7.8930875340109035,3.5580619148210566
"[0.39999861982157053, 0.8660266227177345, -0.8660254935460772, 0.39999861982157053]",7.897752664133879,3.561205079056764
"[0.3999986162580593, 0.8660266258649222, -0.8660254937778322, 0.3999986162580593]",7.902410005153356,3.5643482432924714
"[0.39999861268484155, 0.866026629020682, -0.8660254940102187, 0.39999861268484155]",7.907059527423109,3.5674914075281796
"[0.39999860910201135, 0.8660266321849314, -0.8660254942432302, 0.39999860910201135]",7.91170122343095,3.570634571763887
"[0.3999986055096107, 0.8660266353576334, -0.866025494476864, 0.3999986055096107]",7.916335075959672,3.5737777359995944
"[0.39999860190767517, 0.8660266385387559, -0.8660254947111182, 0.39999860190767517]",7.920961065302517,3.576920900235302
"[0.39999859829627427, 0.8660266417282383, -0.8660254949459876, 0.39999859829627427]",7.925579172466039,3.58006406447101
"[0.3999985946754659, 0.8660266449260289, -0.866025495181469, 0.3999985946754659]",7.93018939754695,3.5832072287067174
"[0.3999985910452921, 0.8660266481320905, -0.8660254954175596, 0.3999985910452921]",7.934791718707451,3.586350392942425
"[0.3999985874058302, 0.8660266513463555, -0.866025495654254, 0.3999985874058302]",7.939386111239061,3.5894935571781326
"[0.3999985837571057, 0.8660266545688007, -0.866025495891551, 0.3999985837571057]",7.943972578642683,3.5926367214138404
"[0.39999858009920886, 0.8660266577993467, -0.8660254961294441, 0.39999858009920886]",7.948551101954471,3.595779885649548
"[0.39999857643217607, 0.8660266610379613, -0.8660254963679318, 0.39999857643217607]",7.953121668465028,3.5989230498852556
"[0.3999985727560643, 0.8660266642845943, -0.8660254966070098, 0.3999985727560643]",7.95768426638934,3.602066214120963
"[0.3999985690709424, 0.8660266675391844, -0.8660254968466738, 0.3999985690709424]",7.962238893925993,3.605209378356671
"[0.39999856537685735, 0.8660266708016907, -0.8660254970869208, 0.39999856537685735]",7.966785531696756,3.6083525425923786
"[0.39999856167387776, 0.8660266740720525, -0.8660254973277461, 0.39999856167387776]",7.971324172829198,3.611495706828086
"[0.39999855796204165, 0.8660266773502361, -0.8660254975691474, 0.39999855796204165]",7.975854806957971,3.6146388710637942
"[0.39999855424143893, 0.8660266806361621, -0.8660254978111188, 0.39999855424143893]",7.980377432999761,3.6177820352995016
"[0.39999855051210137, 0.8660266839298026, -0.8660254980536581, 0.39999855051210137]",7.984892031279956,3.620925199535209
"[0.39999854677410107, 0.8660266872310932, -0.8660254982967612, 0.39999854677410107]",7.989398612374902,3.6240683637709172
"[0.39999854302749466, 0.8660266905399849, -0.8660254985404235, 0.39999854302749466]",7.993897151625724,3.6272115280066246
"[0.3999985392723383, 0.8660266938564275, -0.8660254987846423, 0.3999985392723383]",7.998387646280326,3.630354692242332
"[0.39999853550869785, 0.866026697180363, -0.8660254990294128, 0.39999853550869785]",8.00287010522329,3.6334978564780402
"[0.3999985317366376, 0.8660267005117344, -0.8660254992747307, 0.3999985317366376]",8.007344512275331,3.6366410207137476
"[0.3999985279562065, 0.8660267038504991, -0.8660254995205927, 0.3999985279562065]",8.01181085280422,3.639784184949455
"[0.3999985241674743, 0.8660267071965948, -0.866025499766995, 0.3999985241674743]",8.016269142438615,3.6429273491851624
"[0.39999852037050143, 0.8660267105499685, -0.8660255000139331, 0.39999852037050143]",8.020719372396513,3.6460705134208706
"[0.3999985165653534, 0.8660267139105623, -0.8660255002614028, 0.3999985165653534]",8.025161531292834,3.649213677656578
"[0.3999985127520725, 0.8660267172783386, -0.8660255005094016, 0.3999985127520725]",8.029595624126022,3.6523568418922854
"[0.39999850893074834, 0.8660267206532186, -0.8660255007579234, 0.39999850893074834]",8.034021643748542,3.6555000061279936
"[0.3999985051014349, 0.8660267240351545, -0.8660255010069646, 0.3999985051014349]",8.038439598084453,3.658643170363701
"[0.39999850126417574, 0.8660267274241078, -0.8660255012565227, 0.39999850126417574]",8.042849473169209,3.6617863345994084
"[0.3999984974190578, 0.8660267308200018, -0.8660255015065919, 0.3999984974190578]",8.047251277337095,3.6649294988351167
"[0.3999984935661291, 0.8660267342227939, -0.866025501757169, 0.3999984935661291]",8.051645017519302,3.668072663070824
"[0.3999984897054652, 0.8660267376324177, -0.8660255020082491, 0.3999984897054652]",8.05603067810439,3.6712158273065314
"[0.3999984858371036, 0.8660267410488397, -0.8660255022598298, 0.3999984858371036]",8.060408265824291,3.6743589915422397
"[0.39999848196113597, 0.8660267444719789, -0.8660255025119051, 0.39999848196113597]",8.064777784124555,3.677502155777947
"[0.399998478077625, 0.8660267479017805, -0.8660255027644713, 0.399998478077625]",8.069139238848487,3.6806453200136544
"[0.39999847418662177, 0.866026751338199, -0.8660255030175243, 0.39999847418662177]",8.073492619248107,3.6837884842493627
"[0.39999847028819785, 0.866026754781171, -0.8660255032710602, 0.39999847028819785]",8.077837956594266,3.68693164848507
"[0.3999984663824155, 0.8660267582306419, -0.8660255035250746, 0.3999984663824155]",8.082175218859138,3.6900748127207774
"[0.3999984624693384, 0.8660267616865551, -0.8660255037795633, 0.3999984624693384]",8.086504427775564,3.6932179769564852
"[0.3999984585490397, 0.8660267651488464, -0.8660255040345219, 0.3999984585490397]",8.09082558489155,3.696361141192193
"[0.3999984546215526, 0.8660267686174861, -0.8660255042899477, 0.3999984546215526]",8.095138699429857,3.6995043054279004
"[0.3999984506870009, 0.8660267720923652, -0.8660255045458329, 0.3999984506870009]",8.099443768646557,3.7026474696636082
"[0.3999984467453992, 0.8660267755734705, -0.866025504802177, 0.3999984467453992]",8.103740802430835,3.7057906338993156
"[0.3999984427968246, 0.8660267790607343, -0.8660255050589741, 0.3999984427968246]",8.108029814761583,3.7089337981350234
"[0.3999984388413587, 0.8660267825540839, -0.8660255053162198, 0.3999984388413587]",8.112310794903951,3.7120769623707313
"[0.39999843487905756, 0.8660267860534705, -0.8660255055739097, 0.39999843487905756]",8.116583759022301,3.7152201266064386
"[0.39999843090998594, 0.8660267895588365, -0.8660255058320397, 0.39999843090998594]",8.120848709902207,3.718363290842146
"[0.39999842693421866, 0.8660267930701159, -0.8660255060906056, 0.39999842693421866]",8.125105665054466,3.721506455077854
"[0.3999984229518097, 0.8660267965872608, -0.8660255063496035, 0.3999984229518097]",8.129354624387853,3.7246496193135616
"[0.39999841896283755, 0.8660268001102027, -0.8660255066090277, 0.39999841896283755]",8.133595597263527,3.727792783549269
"[0.3999984149673521, 0.8660268036388964, -0.8660255068688757, 0.3999984149673521]",8.13782858819864,3.7309359477849764
"[0.3999984109654281, 0.8660268071732764, -0.8660255071291425, 0.3999984109654281]",8.142053621910756,3.7340791120206847
"[0.3999984069571477, 0.8660268107132703, -0.8660255073898226, 0.3999984069571477]",8.146270683428432,3.737222276256392
"[0.39999840294256084, 0.8660268142588339, -0.866025507650913, 0.39999840294256084]",8.150479811087958,3.7403654404920994
"[0.3999983989217447, 0.8660268178098991, -0.8660255079124085, 0.3999983989217447]",8.154680988666852,3.7435086047278077
"[0.399998394894754, 0.8660268213664173, -0.8660255081743052, 0.399998394894754]",8.158874242289237,3.746651768963515
"[0.39999839086167477, 0.8660268249283131, -0.8660255084365981, 0.39999839086167477]",8.163059584351117,3.7497949331992224
"[0.3999983868225641, 0.8660268284955351, -0.8660255086992833, 0.3999983868225641]",8.167237015705185,3.7529380974349307
"[0.3999983827774729, 0.8660268320680391, -0.8660255089623574, 0.3999983827774729]",8.171406551426742,3.756081261670638
"[0.3999983787265075, 0.8660268356457311, -0.8660255092258136, 0.3999983787265075]",8.175568206568752,3.7592244259063454
"[0.3999983746697049, 0.8660268392285784, -0.8660255094896492, 0.3999983746697049]",8.179721995400142,3.7623675901420537
"[0.39999837060714416, 0.866026842816511, -0.8660255097538595, 0.39999837060714416]",8.183867920712045,3.765510754377761
"[0.3999983665389009, 0.8660268464094623, -0.8660255100184391, 0.3999983665389009]",8.188006009256593,3.7686539186134684
"[0.3999983624650316, 0.8660268500073822, -0.8660255102833846, 0.3999983624650316]",8.192136263727463,3.7717970828491767
"[0.3999983583856013, 0.8660268536102135, -0.8660255105486918, 0.3999983583856013]",8.196258703631413,3.774940247084884
"[0.3999983543006877, 0.8660268572178873, -0.8660255108143559, 0.3999983543006877]",8.200373340193217,3.7780834113205914
"[0.39999835021036134, 0.8660268608303419, -0.8660255110803714, 0.39999835021036134]",8.204480187608123,3.7812265755562997
"[0.3999983461146866, 0.8660268644475195, -0.8660255113467352, 0.3999983461146866]",8.208579265080731,3.784369739792007
"[0.3999983420137174, 0.8660268680693733, -0.8660255116134431, 0.3999983420137174]",8.212670579086351,3.7875129040277145
"[0.3999983379075597, 0.8660268716958095, -0.8660255118804885, 0.3999983379075597]",8.216754149737419,3.7906560682634227
"[0.399998333796258, 0.8660268753267885, -0.8660255121478686, 0.399998333796258]",8.220830002566455,3.79379923249913
"[0.39999832967987875, 0.8660268789622518, -0.8660255124155786, 0.39999832967987875]",8.224898134165569,3.7969423967348375
"[0.39999832555849474, 0.8660268826021353, -0.8660255126836142, 0.39999832555849474]",8.228958563103493,3.800085560970545
"[0.3999983214321793, 0.8660268862463741, -0.8660255129519704, 0.3999983214321793]",8.233011327675365,3.803228725206253
"[0.399998317300994, 0.8660268898949137, -0.8660255132206435, 0.399998317300994]",8.237056416358195,3.8063718894419605
"[0.399998313165022, 0.866026893547681, -0.8660255134896275, 0.399998313165022]",8.241093866579623,3.809515053677668
"[0.39999830902432426, 0.8660268972046216, -0.8660255137589192, 0.39999830902432426]",8.245123681855892,3.812658217913376
"[0.3999983048789621, 0.8660269008656818, -0.866025514028514, 0.3999983048789621]",8.249145892634749,3.8158013821490835
"[0.399998300729018, 0.8660269045307887, -0.866025514298407, 0.399998300729018]",8.253160505814881,3.818944546384791
"[0.39999829657454744, 0.866026908199893, -0.8660255145685943, 0.39999829657454744]",8.25716754876703,3.8220877106204987
"[0.3999982924156432, 0.8660269118729133, -0.8660255148390699, 0.3999982924156432]",8.261167031951336,3.8252308748562065
"[0.39999828825234546, 0.8660269155498133, -0.8660255151098313, 0.39999828825234546]",8.265158975864404,3.828374039091914
"[0.39999828408474736, 0.8660269192305116, -0.8660255153808722, 0.39999828408474736]",8.269143408299664,3.8315172033276217
"[0.39999827991290016, 0.8660269229149625, -0.8660255156521895, 0.39999827991290016]",8.273120325785712,3.834660367563329
"[0.3999982757368882, 0.8660269266030917, -0.8660255159237777, 0.3999982757368882]",8.277089767836317,3.837803531799037
"[0.3999982715567674, 0.8660269302948496, -0.8660255161956328, 0.3999982715567674]",8.28105174809479,3.8409466960347447
"[0.3999982673726269, 0.8660269339901577, -0.8660255164677496, 0.3999982673726269]",8.285006284380211,3.844089860270452
"[0.399998263184516, 0.8660269376889721, -0.8660255167401247, 0.399998263184516]",8.28895340465118,3.8472330245061594
"[0.3999982589925223, 0.8660269413912157, -0.8660255170127521, 0.3999982589925223]",8.292893118868161,3.8503761887418677
"[0.39999825479670076, 0.8660269450968402, -0.8660255172856282, 0.39999825479670076]",8.296825449730898,3.853519352977575
"[0.399998250597116, 0.8660269488057877, -0.8660255175587495, 0.399998250597116]",8.300750417702842,3.8566625172132825
"[0.39999824639386716, 0.8660269525179719, -0.8660255178321088, 0.39999824639386716]",8.304668051010175,3.8598056814489907
"[0.3999982421869973, 0.8660269562333536, -0.8660255181057037, 0.3999982421869973]",8.308578361195195,3.862948845684698
"[0.399998237976576, 0.8660269599518718, -0.8660255183795295, 0.399998237976576]",8.312481375418875,3.8660920099204055
"[0.3999982337626897, 0.8660269636734503, -0.8660255186535806, 0.3999982337626897]",8.316377117578767,3.8692351741561137
"[0.399998229545397, 0.8660269673980371, -0.8660255189278533, 0.399998229545397]",8.320265602654864,3.872378338391821
"[0.3999982253247635, 0.8660269711255747, -0.8660255192023429, 0.3999982253247635]",8.324146848286096,3.8755215026275285
"[0.39999822110087063, 0.8660269748559907, -0.8660255194770449, 0.39999822110087063]",8.328020891797173,3.878664666863236
"[0.39999821687377796, 0.8660269785892324, -0.8660255197519551, 0.39999821687377796]",8.331887740684708,3.881807831098944
"[0.39999821264356356, 0.8660269823252315, -0.8660255200270677, 0.39999821264356356]",8.335747425763389,3.8849509953346515
"[0.39999820841028805, 0.8660269860639337, -0.8660255203023799, 0.39999820841028805]",8.339599966009242,3.888094159570359
"[0.39999820417402854, 0.8660269898052713, -0.8660255205778861, 0.39999820417402854]",8.343445390932139,3.891237323806067
"[0.39999819993485136, 0.8660269935491861, -0.8660255208535816, 0.39999819993485136]",8.347283710702635,3.8943804880417745
"[0.39999819569282075, 0.8660269972956206, -0.8660255211294628, 0.39999819569282075]",8.351114961170147,3.897523652277482
"[0.3999981914480131, 0.8660270010445078, -0.866025521405525, 0.3999981914480131]",8.354939157319155,3.90066681651319
"[0.3999981872004952, 0.8660270047957885, -0.866025521681763, 0.3999981872004952]",8.358756328202595,3.9038099807488975
"[0.39999818295034834, 0.8660270085493913, -0.8660255219581721, 0.39999818295034834]",8.362566484244317,3.906953144984605
"[0.39999817869761944, 0.8660270123052739, -0.8660255222347494, 0.39999817869761944]",8.36636967148776,3.910096309220313
"[0.399998174442401, 0.8660270160633556, -0.8660255225114883, 0.399998174442401]",8.370165901740597,3.9132394734560205
"[0.39999817018472766, 0.8660270198236054, -0.8660255227883868, 0.39999817018472766]",8.373955194057697,3.916382637691728
"[0.3999981659247078, 0.8660270235859275, -0.8660255230654381, 0.3999981659247078]",8.377737578315788,3.919525801927436
"[0.3999981616623838, 0.8660270273502844, -0.866025523342639, 0.3999981616623838]",8.381513078574779,3.9226689661631435
"[0.3999981573978435, 0.8660270311165987, -0.8660255236199842, 0.3999981573978435]",8.385281725966799,3.925812130398851
"[0.3999981531311394, 0.866027034884824, -0.8660255238974701, 0.3999981531311394]",8.389043536254784,3.928955294634559
"[0.3999981488623514, 0.8660270386548902, -0.8660255241750912, 0.3999981488623514]",8.392798525567114,3.9320984588702665
"[0.3999981445915439, 0.8660270424267392, -0.8660255244528441, 0.3999981445915439]",8.396546745060988,3.935241623105974
"[0.3999981403187858, 0.8660270462003113, -0.8660255247307235, 0.3999981403187858]",8.400288193049501,3.9383847873416817
"[0.3999981360441463, 0.8660270499755449, -0.8660255250087253, 0.3999981360441463]",8.404022913714359,3.9415279515773896
"[0.3999981317676941, 0.8660270537523795, -0.8660255252868448, 0.3999981317676941]",8.40775091790314,3.944671115813097
"[0.3999981274894951, 0.8660270575307569, -0.8660255255650782, 0.3999981274894951]",8.41147224145046,3.9478142800488043
"[0.39999812320963035, 0.8660270613106053, -0.8660255258434199, 0.39999812320963035]",8.415186902417004,3.950957444284512
"[0.3999981189281516, 0.8660270650918791, -0.8660255261218663, 0.3999981189281516]",8.418894933845204,3.95410060852022
"[0.3999981146451383, 0.866027068874508, -0.866025526400413, 0.3999981146451383]",8.422596356964721,3.9572437727559273
"[0.399998110360646, 0.8660270726584433, -0.8660255266790554, 0.399998110360646]",8.42629119630906,3.960386936991635
"[0.39999810607475406, 0.8660270764436148, -0.8660255269577887, 0.39999810607475406]",8.429979485735393,3.9635301012273425
"[0.3999981017875326, 0.86602708022996, -0.8660255272366089, 0.3999981017875326]",8.433661238462003,3.9666732654630503
"[0.3999980974990425, 0.866027084017426, -0.8660255275155112, 0.3999980974990425]",8.437336496641944,3.969816429698758
"[0.39999809320935087, 0.8660270878059532, -0.8660255277944919, 0.39999809320935087]",8.441005276429703,3.9729595939344655
"[0.39999808891852595, 0.8660270915954813, -0.866025528073546, 0.39999808891852595]",8.444667593764107,3.9761027581701733
"[0.3999980846266594, 0.8660270953859293, -0.8660255283526679, 0.3999980846266594]",8.448323500219088,3.979245922405881
"[0.3999980803337661, 0.8660270991772838, -0.8660255286318569, 0.3999980803337661]",8.451973007242302,3.9823890866415885
"[0.3999980760399573, 0.8660271029694468, -0.8660255289111052, 0.3999980760399573]",8.455616137482917,3.985532250877296
"[0.39999807174530105, 0.8660271067623586, -0.8660255291904084, 0.39999807174530105]",8.459252937830927,3.988675415113004
"[0.3999980674498358, 0.8660271105559847, -0.8660255294697644, 0.3999980674498358]",8.462883398077507,3.9918185793487115
"[0.3999980631536497, 0.8660271143502474, -0.8660255297491672, 0.3999980631536497]",8.46650758670752,3.994961743584419
"[0.3999980588567999, 0.8660271181450964, -0.8660255300286133, 0.3999980588567999]",8.470125505570493,3.998104907820127
"[0.3999980545593639, 0.8660271219404629, -0.8660255303080974, 0.3999980545593639]",8.473737189273928,4.0012480720558345
"[0.3999980502613917, 0.8660271257363031, -0.8660255305876162, 0.3999980502613917]",8.47734266150066,4.004391236291542
"[0.3999980459629714, 0.866027129532539, -0.8660255308671643, 0.3999980459629714]",8.480941954014941,4.00753440052725
"[0.39999804166415837, 0.8660271333291216, -0.866025531146738, 0.39999804166415837]",8.484535093047773,4.010677564762958
"[0.3999980373650289, 0.8660271371259837, -0.8660255314263322, 0.3999980373650289]",8.488122104912337,4.013820728998665
"[0.39999803306562676, 0.866027140923087, -0.8660255317059439, 0.39999803306562676]",8.491703011426466,4.016963893234373
"[0.39999802876602886, 0.8660271447203626, -0.8660255319855684, 0.39999802876602886]",8.495277857050274,4.020107057470081
"[0.39999802446631033, 0.866027148517745, -0.866025532265201, 0.39999802446631033]",8.49884665083373,4.023250221705788
"[0.39999802016653496, 0.8660271523151774, -0.866025532544837, 0.39999802016653496]",8.502409424239486,4.026393385941495
"[0.39999801586675693, 0.8660271561126125, -0.8660255328244731, 0.39999801586675693]",8.505966220186204,4.029536550177204
"[0.399998011567057, 0.8660271599099783, -0.8660255331041044, 0.399998011567057]",8.509517045559047,4.032679714412911
"[0.3999980072674911, 0.866027163707226, -0.8660255333837268, 0.3999980072674911]",8.513061943545736,4.035822878648618
"[0.3999980029681263, 0.8660271675042959, -0.866025533663336, 0.3999980029681263]",8.516600932337967,4.038966042884327
"[0.3999979986690238, 0.8660271713011339, -0.8660255339429282, 0.3999979986690238]",8.520134041917625,4.042109207120034
"[0.39999799437026656, 0.8660271750976675, -0.866025534222498, 0.39999799437026656]",8.523661298757064,4.045252371355741
"[0.3999979900718918, 0.8660271788938627, -0.866025534502043, 0.3999979900718918]",8.527182745869412,4.04839553559145
"[0.3999979857739856, 0.8660271826896444, -0.8660255347815572, 0.3999979857739856]",8.53069838458765,4.051538699827157
"[0.39999798147660925, 0.8660271864849581, -0.8660255350610372, 0.39999798147660925]",8.534208271082665,4.054681864062864
"[0.39999797717983293, 0.8660271902797417, -0.8660255353404781, 0.39999797717983293]",8.537712409725849,4.057825028298573
"[0.39999797288369804, 0.8660271940739591, -0.8660255356198772, 0.39999797288369804]",8.541210854667403,4.06096819253428
"[0.399997968588293, 0.8660271978675318, -0.8660255358992287, 0.399997968588293]",8.544703591070611,4.064111356769987
"[0.39999796429367024, 0.8660272016604137, -0.8660255361785295, 0.39999796429367024]",8.548190704417115,4.067254521005696
"[0.39999795999989246, 0.8660272054525491, -0.8660255364577754, 0.39999795999989246]",8.551672179177384,4.070397685241403
"[0.3999979557070295, 0.8660272092438767, -0.8660255367369616, 0.3999979557070295]",8.55514805527551,4.07354084947711
"[0.39999795141514666, 0.8660272130343385, -0.8660255370160841, 0.39999795141514666]",8.558618371616154,4.076684013712819
"[0.39999794712431175, 0.866027216823875, -0.8660255372951383, 0.39999794712431175]",8.562083137737698,4.079827177948526
"[0.39999794283456663, 0.8660272206124489, -0.8660255375741219, 0.39999794283456663]",8.565542407913249,4.082970342184233
"[0.3999979385460004, 0.8660272243999816, -0.8660255378530287, 0.3999979385460004]",8.568996185865425,4.086113506419942
"[0.3999979342586553, 0.8660272281864357, -0.8660255381318562, 0.3999979342586553]",8.572444520487414,4.089256670655649
"[0.3999979299725928, 0.8660272319717575, -0.8660255384105999, 0.3999979299725928]",8.575887422467625,4.092399834891356
"[0.3999979256879024, 0.8660272357558672, -0.8660255386892545, 0.3999979256879024]",8.579324924823498,4.095542999127065
"[0.3999979214046292, 0.8660272395387252, -0.8660255389678171, 0.3999979214046292]",8.582757066180639,4.098686163362772
"[0.39999791712283617, 0.866027243320276, -0.8660255392462832, 0.39999791712283617]",8.586183862228449,4.101829327598479
"[0.3999979128425835, 0.8660272471004664, -0.8660255395246492, 0.3999979128425835]",8.5896053496108,4.104972491834187
"[0.3999979085639399, 0.8660272508792356, -0.8660255398029105, 0.3999979085639399]",8.593021556603702,4.108115656069895
"[0.39999790428695653, 0.866027254656539, -0.8660255400810638, 0.39999790428695653]",8.596432514693369,4.111258820305602
"[0.39999790001171504, 0.8660272584323035, -0.866025540359104, 0.39999790001171504]",8.599838244282726,4.11440198454131
"[0.3999978957382448, 0.8660272622065037, -0.8660255406370287, 0.3999978957382448]",8.603238774280234,4.117545148777018
"[0.39999789146664616, 0.8660272659790511, -0.8660255409148317, 0.39999789146664616]",8.606634138423,4.120688313012725
"[0.3999978871969523, 0.8660272697499163, -0.866025541192511, 0.3999978871969523]",8.610024360532744,4.123831477248433
"[0.39999788292923344, 0.8660272735190372, -0.8660255414700618, 0.39999788292923344]",8.613409483090821,4.126974641484141
"[0.3999978786635524, 0.8660272772863583, -0.8660255417474798, 0.3999978786635524]",8.616789519396255,4.130117805719848
"[0.39999787439996215, 0.8660272810518328, -0.8660255420247619, 0.39999787439996215]",8.62016450454946,4.133260969955556
"[0.39999787013853694, 0.8660272848153949, -0.8660255423019035, 0.39999787013853694]",8.62353446564799,4.136404134191263
"[0.39999786587932307, 0.8660272885770045, -0.8660255425789011, 0.39999786587932307]",8.626899432859886,4.1395472984269714
"[0.39999786162238404, 0.8660272923366049, -0.8660255428557506, 0.39999786162238404]",8.630259431421065,4.142690462662679
"[0.3999978573677823, 0.8660272960941409, -0.8660255431324482, 0.3999978573677823]",8.633614497161998,4.145833626898386
"[0.3999978531155918, 0.8660272998495475, -0.866025543408989, 0.3999978531155918]",8.636964652374912,4.148976791134094
"[0.3999978488658502, 0.8660273036027916, -0.8660255436853704, 0.3999978488658502]",8.640309926269184,4.152119955369802
"[0.39999784461861515, 0.8660273073538214, -0.8660255439615887, 0.39999784461861515]",8.643650349535447,4.155263119605509
"[0.39999784037396013, 0.8660273111025728, -0.8660255442376394, 0.39999784037396013]",8.646985956344743,4.158406283841217
"[0.399997836131939, 0.8660273148489981, -0.8660255445135185, 0.399997836131939]",8.650316766475209,4.161549448076924
"[0.39999783189262467, 0.8660273185930327, -0.8660255447892219, 0.39999783189262467]",8.653642812444875,4.164692612312632
"[0.39999782765604647, 0.8660273223346509, -0.8660255450647473, 0.39999782765604647]",8.656964121604757,4.16783577654834
"[0.39999782342228407, 0.8660273260737821, -0.8660255453400894, 0.39999782342228407]",8.660280732364253,4.170978940784047
"[0.39999781919139826, 0.8660273298103731, -0.8660255456152444, 0.39999781919139826]",8.663592651438497,4.174122105019755
"[0.399997814963432, 0.8660273335443855, -0.8660255458902094, 0.399997814963432]",8.66689993481546,4.177265269255463
"[0.39999781073845153, 0.866027337275761, -0.8660255461649804, 0.39999781073845153]",8.67020259368608,4.18040843349117
"[0.39999780651650635, 0.8660273410044554, -0.8660255464395541, 0.39999780651650635]",8.673500661507724,4.183551597726877
"[0.3999978022976656, 0.8660273447304085, -0.8660255467139256, 0.3999978022976656]",8.676794164073206,4.186694761962586
"[0.399997798081988, 0.8660273484535677, -0.8660255469880916, 0.399997798081988]",8.68008313690822,4.189837926198293
"[0.39999779386952095, 0.8660273521738918, -0.8660255472620485, 0.39999779386952095]",8.683367607507474,4.192981090434
"[0.3999977896603232, 0.8660273558913283, -0.8660255475357931, 0.3999977896603232]",8.686647588243833,4.196124254669709
"[0.3999977854544505, 0.866027359605828, -0.8660255478093213, 0.3999977854544505]",8.689923134026781,4.199267418905416
"[0.39999778125197566, 0.866027363317327, -0.8660255480826284, 0.39999778125197566]",8.69319425528504,4.202410583141123
"[0.3999977770529235, 0.8660273670258033, -0.8660255483557131, 0.3999977770529235]",8.696460991952925,4.205553747376832
"[0.3999977728573817, 0.8660273707311792, -0.8660255486285693, 0.3999977728573817]",8.699723370440338,4.208696911612539
"[0.39999776866538805, 0.8660273744334215, -0.8660255489011948, 0.39999776866538805]",8.702981401987667,4.211840075848246
"[0.3999977644770014, 0.8660273781324781, -0.8660255491735858, 0.3999977644770014]",8.706235142600017,4.214983240083955
"[0.39999776029227463, 0.8660273818283026, -0.8660255494457385, 0.39999776029227463]",8.709484603502558,4.218126404319662
"[0.3999977561112784, 0.8660273855208324, -0.8660255497176488, 0.3999977561112784]",8.712729822231179,4.221269568555369
"[0.39999775193404913, 0.8660273892100351, -0.8660255499893139, 0.39999775193404913]",8.715970815169747,4.224412732791078
"[0.39999774776063635, 0.8660273928958673, -0.866025550260731, 0.39999774776063635]",8.719207628824016,4.227555897026785
"[0.39999774359111545, 0.8660273965782623, -0.866025550531895, 0.39999774359111545]",8.722440277508591,4.230699061262492
"[0.39999773942553546, 0.866027400257177, -0.8660255508028024, 0.39999773942553546]",8.725668798113587,4.233842225498201
"[0.399997735263943, 0.8660274039325696, -0.8660255510734507, 0.399997735263943]",8.728893208128628,4.236985389733908
"[0.3999977311063931, 0.8660274076043921, -0.866025551343836, 0.3999977311063931]",8.732113551815006,4.240128553969615
"[0.3999977269529452, 0.8660274112725915, -0.8660255516139547, 0.3999977269529452]",8.735329845712664,4.243271718205324
"[0.39999772280364904, 0.8660274149371247, -0.8660255518838031, 0.39999772280364904]",8.738542122505452,4.246414882441031
"[0.3999977186585737, 0.8660274185979301, -0.8660255521533771, 0.3999977186585737]",8.741750402483607,4.249558046676738
"[0.399997714517739, 0.8660274222549904, -0.8660255524226753, 0.399997714517739]",8.744954738987097,4.252701210912446
"[0.39999771038122356, 0.8660274259082359, -0.8660255526916925, 0.39999771038122356]",8.748155131464825,4.255844375148154
"[0.3999977062490616, 0.8660274295576363, -0.8660255529604265, 0.3999977062490616]",8.751351623200067,4.258987539383861
"[0.39999770212132135, 0.8660274332031318, -0.8660255532288731, 0.39999770212132135]",8.754544241232129,4.262130703619569
"[0.3999976979980598, 0.866027436844672, -0.8660255534970283, 0.3999976979980598]",8.757733012538624,4.265273867855277
"[0.39999769387930667, 0.8660274404822301, -0.8660255537648903, 0.39999769387930667]",8.760917969539296,4.268417032090984
"[0.3999976897651199, 0.8660274441157556, -0.8660255540324553, 0.3999976897651199]",8.764099131684759,4.271560196326692
"[0.39999768565556765, 0.8660274477451878, -0.8660255542997192, 0.39999768565556765]",8.767276537740212,4.2747033605624
"[0.39999768155068616, 0.8660274513704952, -0.866025554566679, 0.39999768155068616]",8.77045020669594,4.2778465247981075
"[0.3999976774505294, 0.8660274549916296, -0.8660255548333314, 0.3999976774505294]",8.77362017058115,4.280989689033815
"[0.399997673355158, 0.8660274586085377, -0.8660255550996727, 0.399997673355158]",8.776786463121914,4.284132853269523
"[0.3999976692645941, 0.8660274622212001, -0.8660255553657015, 0.3999976692645941]",8.779949103015623,4.2872760175052305
"[0.39999766517891566, 0.8660274658295476, -0.8660255556314125, 0.39999766517891566]",8.783108129611552,4.290419181740938
"[0.3999976610981693, 0.8660274694335395, -0.8660255558968025, 0.3999976610981693]",8.786263566431145,4.293562345976646
"[0.39999765702239665, 0.8660274730331387, -0.8660255561618692, 0.39999765702239665]",8.789415426246808,4.2967055102123535
"[0.3999976529516553, 0.8660274766282944, -0.8660255564266085, 0.3999976529516553]",8.7925637651799,4.299848674448061
"[0.3999976488859775, 0.8660274802189779, -0.8660255566910187, 0.3999976488859775]",8.795708585585395,4.302991838683769
"[0.3999976448254361, 0.8660274838051254, -0.8660255569550948, 0.3999976448254361]",8.798849939644679,4.3061350029194765
"[0.39999764077005795, 0.8660274873867126, -0.8660255572188348, 0.39999764077005795]",8.801987838707714,4.309278167155184
"[0.39999763671991684, 0.8660274909636747, -0.8660255574822346, 0.39999763671991684]",8.80512230783841,4.312421331390892
"[0.39999763267502986, 0.8660274945359963, -0.8660255577452927, 0.39999763267502986]",8.80825339646607,4.3155644956265995
"[0.3999976286354562, 0.8660274981036254, -0.8660255580080051, 0.3999976286354562]",8.811381110007074,4.318707659862307
"[0.39999762460125743, 0.8660275016665079, -0.8660255582703676, 0.39999762460125743]",8.81450548756161,4.321850824098015
"[0.39999762057248844, 0.8660275052245949, -0.8660255585323774, 0.39999762057248844]",8.817626560222761,4.3249939883337225
"[0.3999976165491605, 0.8660275087778763, -0.866025558794033, 0.3999976165491605]",8.820744346663345,4.32813715256943
"[0.3999976125313477, 0.8660275123262869, -0.8660255590553302, 0.3999976125313477]",8.823858880598102,4.331280316805137
"[0.39999760851908484, 0.866027515869796, -0.8660255593162662, 0.39999760851908484]",8.826970179890353,4.3344234810408455
"[0.3999976045124252, 0.8660275194083563, -0.8660255595768381, 0.3999976045124252]",8.830078290916216,4.337566645276553
"[0.3999976005114248, 0.8660275229419189, -0.8660255598370419, 0.3999976005114248]",8.83318322848879,4.34070980951226
"[0.39999759651608874, 0.8660275264704784, -0.866025560096877, 0.39999759651608874]",8.836285028967774,4.3438529737479685
"[0.3999975925265231, 0.866027529993942, -0.866025560356337, 0.3999975925265231]",8.83938371124122,4.346996137983676
"[0.39999758854273476, 0.8660275335123034, -0.8660255606154211, 0.39999758854273476]",8.842479299556087,4.350139302219383
"[0.39999758456477186, 0.8660275370255198, -0.8660255608741265, 0.39999758456477186]",8.845571843724052,4.3532824664550915
"[0.3999975805926794, 0.8660275405335514, -0.8660255611324502, 0.3999975805926794]",8.848661339207222,4.356425630690799
"[0.3999975766265221, 0.8660275440363413, -0.8660255613903877, 0.3999975766265221]",8.851747838006398,4.359568794926506
"[0.3999975726663132, 0.866027547533878, -0.8660255616479383, 0.3999975726663132]",8.854831366088217,4.3627119591622145
"[0.3999975687121205, 0.866027551026101, -0.8660255619050978, 0.3999975687121205]",8.857911943984858,4.365855123397922
"[0.39999756476399406, 0.8660275545129668, -0.8660255621618625, 0.39999756476399406]",8.86098959522837,4.368998287633629
"[0.3999975608219428, 0.866027557994467, -0.8660255624182324, 0.3999975608219428]",8.864064366404191,4.372141451869338
"[0.39999755688605687, 0.8660275614705221, -0.8660255626742013, 0.39999755688605687]",8.86713625888856,4.375284616105045
"[0.39999755295632855, 0.8660275649411389, -0.8660255629297697, 0.39999755295632855]",8.870205327232465,4.378427780340752
"[0.3999975490328439, 0.8660275684062417, -0.8660255631849316, 0.3999975490328439]",8.873271576460043,4.38157094457646
"[0.39999754511563185, 0.8660275718658047, -0.866025563439686, 0.39999754511563185]",8.876335044905538,4.384714108812168
"[0.39999754120472064, 0.8660275753198027, -0.8660255636940307, 0.39999754120472064]",8.879395762427626,4.387857273047875
"[0.39999753730015924, 0.866027578768193, -0.8660255639479622, 0.39999753730015924]",8.882453750590264,4.391000437283583
"[0.3999975334020169, 0.8660275822109142, -0.8660255642014761, 0.3999975334020169]",8.885509032682275,4.39414360151929
"[0.3999975295102935, 0.866027585647966, -0.866025564454573, 0.3999975295102935]",8.888561642755553,4.397286765754998
"[0.39999752562505947, 0.8660275890792872, -0.8660255647072473, 0.39999752562505947]",8.89161161389842,4.400429929990706
"[0.3999975217463561, 0.8660275925048404, -0.866025564959497, 0.3999975217463561]",8.894658960330501,4.403573094226413
"[0.39999751787418625, 0.8660275959246232, -0.8660255652113221, 0.39999751787418625]",8.897703724261849,4.406716258462121
"[0.3999975140086343, 0.8660275993385613, -0.8660255654627166, 0.3999975140086343]",8.90074592120161,4.409859422697829
"[0.3999975101497301, 0.8660276027466286, -0.8660255657136788, 0.3999975101497301]",8.903785583858253,4.413002586933536
"[0.39999750629749664, 0.8660276061488045, -0.8660255659642071, 0.39999750629749664]",8.90682273308191,4.4161457511692435
"[0.39999750245198584, 0.8660276095450427, -0.8660255662142983, 0.39999750245198584]",8.909857412216832,4.419288915404952
"[0.39999749861324924, 0.8660276129352985, -0.8660255664639487, 0.39999749861324924]",8.912889617970247,4.422432079640659
"[0.3999974947813079, 0.8660276163195527, -0.8660255667131571, 0.3999974947813079]",8.91591941269988,4.4255752438763665
"[0.3999974909562024, 0.8660276196977699, -0.8660255669619211, 0.3999974909562024]",8.918946800006802,4.428718408112074
"[0.3999974871379798, 0.8660276230699081, -0.8660255672102376, 0.3999974871379798]",8.921971818754168,4.431861572347782
"[0.39999748332667534, 0.8660276264359366, -0.8660255674581041, 0.39999748332667534]",8.924994493855971,4.4350047365834895
"[0.39999747952231274, 0.866027629795834, -0.8660255677055191, 0.39999747952231274]",8.928014847235163,4.438147900819197
"[0.3999974757249615, 0.8660276331495395, -0.8660255679524779, 0.3999974757249615]",8.931032908071334,4.441291065054905
"[0.39999747193463703, 0.8660276364970387, -0.86602556819898, 0.39999747193463703]",8.934048698729475,4.4444342292906125
"[0.399997468151376, 0.8660276398383003, -0.8660255684450224, 0.399997468151376]",8.937062262821149,4.44757739352632
"[0.39999746437521794, 0.8660276431732883, -0.866025568690603, 0.39999746437521794]",8.94007361429245,4.450720557762028
"[0.39999746060621844, 0.8660276465019541, -0.8660255689357181, 0.39999746060621844]",8.943082773611387,4.4538637219977355
"[0.3999974568443702, 0.8660276498243042, -0.8660255691803681, 0.3999974568443702]",8.946089788189523,4.457006886233443
"[0.3999974530897566, 0.8660276531402651, -0.8660255694245474, 0.3999974530897566]",8.949094670876116,4.460150050469151
"[0.3999974493423935, 0.8660276564498222, -0.8660255696682555, 0.3999974493423935]",8.952097446689335,4.4632932147048585
"[0.39999744560230344, 0.866027659752956, -0.8660255699114905, 0.39999744560230344]",8.955098150260477,4.466436378940566
"[0.3999974418695396, 0.8660276630496196, -0.8660255701542489, 0.3999974418695396]",8.958096803033127,4.469579543176274
"[0.3999974381441355, 0.8660276663397836, -0.8660255703965286, 0.3999974381441355]",8.961093426489294,4.4727227074119815
"[0.39999743442613306, 0.8660276696234103, -0.8660255706383271, 0.39999743442613306]",8.964088064490738,4.475865871647689
"[0.39999743071554106, 0.8660276729004923, -0.8660255708796435, 0.39999743071554106]",8.967080736229807,4.479009035883397
"[0.39999742701240687, 0.8660276761709876, -0.866025571120475, 0.39999742701240687]",8.97007146338923,4.4821522001191045
"[0.39999742331677807, 0.8660276794348549, -0.8660255713608183, 0.39999742331677807]",8.973060268200008,4.485295364354812
"[0.39999741962867147, 0.8660276826920787, -0.8660255716006722, 0.39999741962867147]",8.976047197160817,4.488438528590519
"[0.3999974159481288, 0.8660276859426221, -0.8660255718400344, 0.3999974159481288]",8.979032247808714,4.4915816928262275
"[0.39999741227517044, 0.8660276891864672, -0.8660255720789033, 0.39999741227517044]",8.982015477068373,4.494724857061935
"[0.3999974086098508, 0.8660276924235659, -0.8660255723172754, 0.3999974086098508]",8.9849968899055,4.497868021297642
"[0.39999740495218356, 0.8660276956539065, -0.8660255725551499, 0.39999740495218356]",8.987976525048186,4.501011185533351
"[0.3999974013021935, 0.8660276988774666, -0.866025572792525, 0.3999974013021935]",8.990954411715357,4.504154349769058
"[0.399997397659946, 0.8660277020941888, -0.8660255730293968, 0.399997397659946]",8.99393056493619,4.507297514004765
"[0.39999739402544604, 0.8660277053040687, -0.8660255732657643, 0.39999739402544604]",8.996905013047472,4.510440678240474
"[0.3999973903987274, 0.8660277085070763, -0.866025573501626, 0.3999973903987274]",8.999877788649778,4.513583842476181
"[0.3999973867798313, 0.8660277117031754, -0.866025573736979, 0.3999973867798313]",9.002848914223215,4.516727006711888
"[0.39999738316878514, 0.8660277148923416, -0.8660255739718214, 0.39999738316878514]",9.0058184137276,4.519870170947597
"[0.3999973795656115, 0.866027718074555, -0.8660255742061517, 0.3999973795656115]",9.008786325618813,4.523013335183304
"[0.39999737597034024, 0.866027721249789, -0.8660255744399681, 0.39999737597034024]",9.011752659071663,4.526156499419011
"[0.39999737238300553, 0.8660277244180139, -0.8660255746732682, 0.39999737238300553]",9.014717454604869,4.52929966365472
"[0.399997368803655, 0.8660277275791876, -0.8660255749060493, 0.399997368803655]",9.017680728879887,4.532442827890427
"[0.39999736523228285, 0.8660277307333148, -0.8660255751383114, 0.39999736523228285]",9.020642519396624,4.535585992126134
"[0.3999973616689367, 0.8660277338803535, -0.8660255753700518, 0.3999973616689367]",9.023602846127398,4.538729156361843
"[0.3999973581136556, 0.8660277370202696, -0.8660255756012674, 0.3999973581136556]",9.026561729331116,4.54187232059755
"[0.3999973545664417, 0.8660277401530608, -0.8660255758319584, 0.3999973545664417]",9.029519207870369,4.545015484833257
"[0.39999735102734707, 0.8660277432786814, -0.8660255760621215, 0.39999735102734707]",9.032475298666787,4.548158649068966
"[0.3999973474963861, 0.8660277463971185, -0.8660255762917554, 0.3999973474963861]",9.035430029477354,4.551301813304673
"[0.39999734397358183, 0.8660277495083524, -0.8660255765208585, 0.39999734397358183]",9.038383430956541,4.55444497754038
"[0.39999734045897906, 0.8660277526123424, -0.8660255767494288, 0.39999734045897906]",9.041335525576343,4.557588141776089
"[0.39999733695259343, 0.8660277557090754, -0.8660255769774644, 0.39999733695259343]",9.044286337897253,4.560731306011796
"[0.39999733345443933, 0.8660277587985385, -0.8660255772049649, 0.39999733345443933]",9.047235902996807,4.563874470247503
"[0.39999732996456266, 0.8660277618806913, -0.8660255774319271, 0.39999732996456266]",9.05018424494184,4.567017634483211
"[0.39999732648299824, 0.866027764955503, -0.8660255776583483, 0.39999732648299824]",9.053131366846689,4.570160798718919
"[0.3999973230097362, 0.8660277680229823, -0.8660255778842296, 0.3999973230097362]",9.056077326267456,4.573303962954626
"[0.39999731954481443, 0.8660277710830957, -0.8660255781095688, 0.39999731954481443]",9.059022141592036,4.576447127190334
"[0.3999973160882704, 0.8660277741358099, -0.8660255783343632, 0.3999973160882704]",9.061965831210626,4.579590291426042
"[0.3999973126401382, 0.8660277771810955, -0.8660255785586101, 0.3999973126401382]",9.064908416104721,4.582733455661749
"[0.39999730920040777, 0.8660277802189605, -0.8660255787823109, 0.39999730920040777]",9.067849938815593,4.585876619897457
"[0.3999973057691181, 0.866027783249371, -0.8660255790054625, 0.3999973057691181]",9.070790417562895,4.589019784133165
"[0.39999730234630204, 0.8660277862722979, -0.8660255792280632, 0.39999730234630204]",9.0737298819822,4.592162948368872
"[0.39999729893197916, 0.8660277892877238, -0.8660255794501116, 0.39999729893197916]",9.076668351416828,4.59530611260458
"[0.3999972955261684, 0.8660277922956319, -0.8660255796716064, 0.3999972955261684]",9.079605851909758,4.598449276840288
"[0.3999972921288843, 0.8660277952960098, -0.8660255798925465, 0.3999972921288843]",9.082542419812386,4.601592441075995
"[0.3999972887401713, 0.8660277982888179, -0.8660255801129293, 0.3999972887401713]",9.085478070868568,4.604735605311703
"[0.399997285360026, 0.8660278012740592, -0.8660255803327547, 0.399997285360026]",9.088412831967986,4.607878769547411
"[0.3999972819884877, 0.8660278042516989, -0.8660255805520207, 0.3999972819884877]",9.091346731017326,4.611021933783118
"[0.39999727862557893, 0.8660278072217175, -0.8660255807707253, 0.39999727862557893]",9.094279791259693,4.614165098018826
"[0.39999727527130224, 0.8660278101841125, -0.8660255809888683, 0.39999727527130224]",9.097212049534718,4.617308262254534
"[0.39999727192568113, 0.8660278131388627, -0.8660255812064488, 0.39999727192568113]",9.100143527760714,4.620451426490241
"[0.3999972685887672, 0.8660278160859237, -0.8660255814234625, 0.3999972685887672]",9.103074241449114,4.623594590725949
"[0.3999972652605441, 0.866027819025309, -0.8660255816399113, 0.3999972652605441]",9.106004222031563,4.626737754961656
"[0.39999726194104074, 0.866027821956993, -0.8660255818557928, 0.39999726194104074]",9.108933502092855,4.629880919197364
"[0.39999725863028646, 0.86602782488095, -0.8660255820711059, 0.39999725863028646]",9.111862102906484,4.633024083433072
"[0.39999725532830016, 0.8660278277971636, -0.8660255822858481, 0.39999725532830016]",9.114790043914644,4.636167247668779
"[0.3999972520350785, 0.8660278307056367, -0.8660255825000204, 0.3999972520350785]",9.117717372341948,4.6393104119044875
"[0.39999724875066894, 0.8660278336063268, -0.86602558271362, 0.39999724875066894]",9.12064408722048,4.642453576140195
"[0.399997245475064, 0.8660278364992411, -0.8660255829266469, 0.399997245475064]",9.123570227914957,4.645596740375902
"[0.3999972422083017, 0.866027839384346, -0.8660255831390984, 0.3999972422083017]",9.126495822301258,4.64873990461161
"[0.3999972389503924, 0.8660278422616321, -0.8660255833509743, 0.3999972389503924]",9.1294208956082,4.651883068847318
"[0.39999723570134255, 0.8660278451310939, -0.8660255835622739, 0.39999723570134255]",9.132345456801126,4.655026233083025
"[0.39999723246118574, 0.8660278479927016, -0.8660255837729952, 0.39999723246118574]",9.135269563788318,4.658169397318733
"[0.39999722922992975, 0.8660278508464482, -0.8660255839831378, 0.39999722922992975]",9.138193209587664,4.66131256155444
"[0.3999972260075848, 0.8660278536923248, -0.8660255841927006, 0.3999972260075848]",9.14111644106783,4.664455725790148
"[0.3999972227941723, 0.8660278565303127, -0.8660255844016826, 0.3999972227941723]",9.144039281538056,4.667598890025856
"[0.3999972195897092, 0.866027859360397, -0.8660255846100826, 0.3999972195897092]",9.14696175418051,4.670742054261563
"[0.39999721639419905, 0.8660278621825735, -0.8660255848179004, 0.39999721639419905]",9.14988387684414,4.67388521849727
"[0.39999721320768017, 0.8660278649968101, -0.8660255850251333, 0.39999721320768017]",9.152805683843582,4.677028382732979
"[0.3999972100301497, 0.8660278678031077, -0.8660255852317817, 0.3999972100301497]",9.155727205988947,4.680171546968686
"[0.39999720686162377, 0.8660278706014531, -0.8660255854378446, 0.39999720686162377]",9.158648459591985,4.683314711204393
"[0.39999720370210107, 0.8660278733918472, -0.8660255856433219, 0.39999720370210107]",9.161569475659288,4.686457875440102
"[0.39999720055163, 0.8660278761742469, -0.8660255858482104, 0.39999720055163]",9.164490271011731,4.689601039675809
"[0.39999719741018364, 0.8660278789486765, -0.8660255860525121, 0.39999719741018364]",9.167410894041758,4.692744203911516
"[0.3999971942778133, 0.8660278817150904, -0.8660255862562233, 0.3999971942778133]",9.170331342889618,4.695887368147225
"[0.3999971911545062, 0.8660278844734999, -0.8660255864593452, 0.3999971911545062]",9.173251660470939,4.699030532382932
"[0.3999971880402773, 0.8660278872238917, -0.866025586661877, 0.3999971880402773]",9.176171867068582,4.702173696618639
"[0.3999971849351304, 0.8660278899662627, -0.8660255868638177, 0.3999971849351304]",9.179091992203425,4.705316860854348
"[0.3999971818390937, 0.8660278927005879, -0.8660255870651661, 0.3999971818390937]",9.18201205814924,4.708460025090055
"[0.39999717875216595, 0.8660278954268678, -0.8660255872659225, 0.39999717875216595]",9.184932096480454,4.711603189325762
"[0.3999971756743754, 0.8660278981450784, -0.8660255874660843, 0.3999971756743754]",9.18785211451044,4.71474635356147
"[0.39999717260569423, 0.8660279008552441, -0.8660255876656535, 0.39999717260569423]",9.190772168774362,4.717889517797178
"[0.3999971695461668, 0.8660279035573251, -0.8660255878646276, 0.3999971695461668]",9.193692260604902,4.721032682032885
"[0.3999971664957977, 0.8660279062513179, -0.8660255880630059, 0.3999971664957977]",9.19661242014954,4.724175846268593
"[0.39999716345457964, 0.8660279089372287, -0.8660255882607893, 0.39999716345457964]",9.199532680138471,4.727319010504301
"[0.3999971604225361, 0.8660279116150368, -0.8660255884579761, 0.3999971604225361]",9.20245305958646,4.730462174740008
"[0.39999715739966546, 0.8660279142847439, -0.8660255886545661, 0.39999715739966546]",9.205373592513594,4.733605338975716
"[0.3999971543859741, 0.8660279169463438, -0.866025588850559, 0.3999971543859741]",9.208294297140547,4.736748503211424
"[0.39999715138148445, 0.8660279195998174, -0.8660255890459537, 0.39999715138148445]",9.211215199723032,4.739891667447131
"[0.39999714838618705, 0.8660279222451722, -0.8660255892407508, 0.39999714838618705]",9.214136339854326,4.743034831682839
"[0.3999971454001024, 0.8660279248823911, -0.8660255894349483, 0.3999971454001024]",9.217057717207267,4.746177995918547
"[0.39999714242322676, 0.8660279275114768, -0.8660255896285469, 0.39999714242322676]",9.219979374624982,4.749321160154254
"[0.3999971394555552, 0.8660279301324333, -0.8660255898215473, 0.3999971394555552]",9.222901349150929,4.752464324389962
"[0.39999713649713436, 0.8660279327452202, -0.8660255900139459, 0.39999713649713436]",9.225823632817528,4.75560748862567
"[0.3999971335479219, 0.8660279353498745, -0.8660255902057455, 0.3999971335479219]",9.228746284936557,4.758750652861377
"[0.3999971306079391, 0.8660279379463774, -0.866025590396945, 0.3999971306079391]",9.231669324097796,4.761893817097085
"[0.3999971276771897, 0.8660279405347256, -0.8660255905875439, 0.3999971276771897]",9.234592762861551,4.765036981332793
"[0.39999712475569676, 0.8660279431148988, -0.866025590777541, 0.39999712475569676]",9.2375166334754,4.7681801455685004
"[0.3999971218434324, 0.8660279456869217, -0.8660255909669375, 0.3999971218434324]",9.240440965548803,4.771323309804208
"[0.3999971189404272, 0.8660279482507671, -0.8660255911557323, 0.3999971189404272]",9.243365786683832,4.774466474039916
"[0.39999711604667276, 0.8660279508064423, -0.8660255913439253, 0.39999711604667276]",9.246291108710805,4.7776096382756235
"[0.39999711316217035, 0.8660279533539468, -0.8660255915315166, 0.39999711316217035]",9.249216978667391,4.780752802511331
"[0.39999711028692114, 0.866027955893279, -0.866025591718506, 0.39999711028692114]",9.252143403657923,4.783895966747039
"[0.39999710742092515, 0.866027958424439, -0.8660255919048937, 0.39999710742092515]",9.255070413866518,4.7870391309827465
"[0.3999971045641915, 0.8660279609474187, -0.866025592090679, 0.3999971045641915]",9.257998040171223,4.790182295218454
"[0.39999710171670905, 0.8660279634622281, -0.8660255922758628, 0.39999710171670905]",9.260926318028826,4.793325459454161
"[0.39999709887849144, 0.8660279659688551, -0.8660255924604439, 0.39999709887849144]",9.26385525154171,4.7964686236898695
"[0.39999709604953493, 0.8660279684673027, -0.8660255926444227, 0.39999709604953493]",9.26678487870757,4.799611787925577
"[0.399997093229833, 0.8660279709575772, -0.8660255928277998, 0.399997093229833]",9.269715226318544,4.802754952161284
"[0.39999709041939335, 0.8660279734396714, -0.8660255930105742, 0.39999709041939335]",9.272646317664575,4.8058981163969925
"[0.39999708761819097, 0.8660279759136076, -0.8660255931927482, 0.39999708761819097]",9.275578179532856,4.8090412806327
"[0.399997084826262, 0.8660279783793539, -0.866025593374319, 0.399997084826262]",9.278510838503738,4.812184444868407
"[0.3999970820435845, 0.8660279808369296, -0.8660255935552881, 0.3999970820435845]",9.281444320434145,4.8153276091041155
"[0.39999707927016215, 0.8660279832863315, -0.866025593735655, 0.39999707927016215]",9.28437864822658,4.818470773339823
"[0.39999707650597416, 0.8660279857275774, -0.8660255939154219, 0.39999707650597416]",9.287313854112835,4.82161393757553
"[0.39999707375104404, 0.8660279881606473, -0.8660255940945863, 0.39999707375104404]",9.290249955280784,4.8247571018112385
"[0.3999970710053538, 0.8660279905855568, -0.8660255942731501, 0.3999970710053538]",9.293186983501899,4.827900266046946
"[0.39999706826890447, 0.8660279930023052, -0.8660255944511126, 0.39999706826890447]",9.296124969573443,4.831043430282653
"[0.39999706554166303, 0.8660279954109213, -0.8660255946284764, 0.39999706554166303]",9.299063935976141,4.8341865945183615
"[0.39999706282367237, 0.8660279978113675, -0.8660255948052387, 0.39999706282367237]",9.302003899116977,4.837329758754069
"[0.39999706011491115, 0.8660280002036626, -0.8660255949814005, 0.39999706011491115]",9.304944893385318,4.840472922989776
"[0.3999970574153571, 0.866028002587826, -0.8660255951569636, 0.3999970574153571]",9.30788694893762,4.8436160872254845
"[0.3999970547250125, 0.8660280049638557, -0.8660255953319281, 0.3999970547250125]",9.310830090771276,4.846759251461192
"[0.3999970520438896, 0.8660280073317416, -0.8660255955062925, 0.3999970520438896]",9.313774331808842,4.849902415696899
"[0.39999704937194847, 0.8660280096915178, -0.8660255956800598, 0.39999704937194847]",9.316719713419069,4.8530455799326075
"[0.39999704670920394, 0.8660280120431724, -0.8660255958532292, 0.39999704670920394]",9.319666258515408,4.856188744168315
"[0.3999970440556503, 0.8660280143867096, -0.8660255960258008, 0.3999970440556503]",9.322613988809234,4.859331908404022
"[0.3999970414112645, 0.8660280167221501, -0.8660255961977761, 0.3999970414112645]",9.325562937780083,4.8624750726397306
"[0.3999970387760383, 0.8660280190495012, -0.8660255963691555, 0.3999970387760383]",9.328513126036052,4.865618236875438
"[0.3999970361499808, 0.8660280213687549, -0.8660255965399387, 0.3999970361499808]",9.331464570720614,4.868761401111145
"[0.39999703353308613, 0.8660280236799159, -0.8660255967101265, 0.39999703353308613]",9.334417314180644,4.871904565346853
"[0.39999703092530414, 0.8660280259830291, -0.8660255968797211, 0.39999703092530414]",9.337371379337918,4.875047729582561
"[0.39999702832666784, 0.866028028278065, -0.8660255970487212, 0.39999702832666784]",9.340326788447522,4.878190893818268
"[0.3999970257371402, 0.8660280305650564, -0.8660255972171288, 0.3999970257371402]",9.34328357270111,4.881334058053976
"[0.399997023156733, 0.8660280328439931, -0.8660255973849432, 0.399997023156733]",9.346241747283944,4.884477222289684
"[0.39999702058541303, 0.8660280351149041, -0.8660255975521668, 0.39999702058541303]",9.349201355727672,4.887620386525391
"[0.3999970180231716, 0.8660280373777971, -0.8660255977187997, 0.3999970180231716]",9.35216240789831,4.890763550761099
"[0.39999701547001754, 0.8660280396326647, -0.8660255978848417, 0.39999701547001754]",9.355124933732938,4.893906714996806
"[0.3999970129259094, 0.8660280418795427, -0.8660255980502957, 0.3999970129259094]",9.358088973231794,4.897049879232514
"[0.39999701039086105, 0.8660280441184199, -0.86602559821516, 0.39999701039086105]",9.361054530437523,4.900193043468222
"[0.3999970078648232, 0.8660280463493389, -0.8660255983794389, 0.3999970078648232]",9.3640216543126,4.903336207703929
"[0.3999970053478222, 0.8660280485722772, -0.8660255985431294, 0.3999970053478222]",9.366990357428639,4.9064793719396365
"[0.3999970028398213, 0.8660280507872667, -0.8660255987062351, 0.3999970028398213]",9.369960664098631,4.909622536175345
"[0.39999700034080043, 0.8660280529943253, -0.8660255988687567, 0.39999700034080043]",9.372932616081222,4.912765700411052
"[0.3999969978507764, 0.8660280551934381, -0.8660255990306932, 0.3999969978507764]",9.37590622047243,4.9159088646467595
"[0.39999699536967737, 0.8660280573846688, -0.8660255991920491, 0.39999699536967737]",9.378881520970937,4.919052028882467
"[0.399996992897533, 0.8660280595679907, -0.8660255993528226, 0.399996992897533]",9.381858531660454,4.922195193118175
"[0.3999969904343203, 0.8660280617434247, -0.8660255995130155, 0.3999969904343203]",9.384837288644954,4.9253383573538825
"[0.39999698798001054, 0.8660280639109956, -0.8660255996726294, 0.39999698798001054]",9.387817815860888,4.92848152158959
"[0.3999969855345817, 0.8660280660707236, -0.8660255998316654, 0.3999969855345817]",9.390800129491028,4.931624685825298
"[0.3999969830980373, 0.8660280682226048, -0.866025599990124, 0.3999969830980373]",9.393784267960854,4.9347678500610055
"[0.39999698067032285, 0.8660280703666877, -0.866025600148008, 0.39999698067032285]",9.396770265097969,4.937911014296713
"[0.39999697825146496, 0.8660280725029489, -0.8660256003053162, 0.39999697825146496]",9.399758127414492,4.941054178532421
"[0.39999697584143096, 0.866028074631417, -0.8660256004620503, 0.39999697584143096]",9.402747886059268,4.9441973427681285
"[0.3999969734401547, 0.8660280767521504, -0.8660256006182151, 0.3999969734401547]",9.405739584844962,4.947340507003836
"[0.3999969710476768, 0.8660280788651133, -0.8660256007738077, 0.3999969710476768]",9.408733233118593,4.950483671239543
"[0.3999969686639394, 0.8660280809703574, -0.8660256009288317, 0.3999969686639394]",9.411728864942933,4.9536268354752515
"[0.39999696628895165, 0.8660280830678735, -0.8660256010832869, 0.39999696628895165]",9.414726497259508,4.956769999710959
"[0.3999969639226483, 0.8660280851577199, -0.8660256012371774, 0.3999969639226483]",9.41772617801951,4.959913163946666
"[0.39999696156505193, 0.8660280872398767, -0.8660256013905012, 0.39999696156505193]",9.42072791225085,4.9630563281823745
"[0.3999969592161187, 0.8660280893143826, -0.8660256015432617, 0.3999969592161187]",9.423731742463538,4.966199492418082
"[0.399996956875822, 0.8660280913812608, -0.866025601695461, 0.399996956875822]",9.426737681615439,4.969342656653789
"[0.399996954544155, 0.8660280934405176, -0.8660256018470985, 0.399996954544155]",9.429745767405254,4.9724858208894975
"[0.39999695222105597, 0.8660280954922072, -0.866025601998179, 0.39999695222105597]",9.432756020313102,4.975628985125205
"[0.39999694990653, 0.8660280975363255, -0.8660256021487021, 0.39999694990653]",9.435768474613049,4.978772149360912
"[0.399996947600574, 0.8660280995728751, -0.8660256022986674, 0.399996947600574]",9.438783150457288,4.9819153135966205
"[0.3999969453031169, 0.8660281016019188, -0.8660256024480805, 0.3999969453031169]",9.44180008082465,4.985058477832328
"[0.39999694301414723, 0.8660281036234663, -0.8660256025969415, 0.39999694301414723]",9.444819287364071,4.988201642068035
"[0.3999969407336547, 0.8660281056375272, -0.8660256027452511, 0.3999969407336547]",9.44784079052974,4.9913448063037436
"[0.39999693846159246, 0.8660281076441432, -0.8660256028930121, 0.39999693846159246]",9.450864634594502,4.994487970539451
"[0.3999969361979362, 0.8660281096433347, -0.866025603040227, 0.3999969361979362]",9.453890842441227,4.997631134775158
"[0.39999693394268365, 0.8660281116351045, -0.8660256031868951, 0.39999693394268365]",9.456919424425738,5.000774299010867
"[0.39999693169576195, 0.8660281136195167, -0.8660256033330216, 0.39999693169576195]",9.459950430219978,5.003917463246574
"[0.3999969294571818, 0.8660281155965621, -0.8660256034786055, 0.3999969294571818]",9.4629838715244,5.007060627482281
"[0.3999969272268849, 0.8660281175662918, -0.8660256036236506, 0.3999969272268849]",9.466019779268148,5.01020379171799
"[0.3999969250048781, 0.8660281195286998, -0.8660256037681563, 0.3999969250048781]",9.46905817205038,5.013346955953697
"[0.39999692279107185, 0.8660281214838655, -0.8660256039121292, 0.39999692279107185]",9.472099103218179,5.016490120189404
"[0.3999969205854923, 0.8660281234317655, -0.866025604055567, 0.3999969205854923]",9.475142583384216,5.019633284425112
"[0.3999969183880666, 0.8660281253724645, -0.8660256041984744, 0.3999969183880666]",9.47818863735536,5.02277644866082
"[0.3999969161987831, 0.8660281273059723, -0.8660256043408522, 0.3999969161987831]",9.48123729774005,5.025919612896527
"[0.3999969140176118, 0.8660281292323159, -0.8660256044827025, 0.3999969140176118]",9.484288584476712,5.029062777132235
"[0.3999969118445306, 0.8660281311515146, -0.8660256046240266, 0.3999969118445306]",9.48734253216637,5.032205941367943
"[0.3999969096794889, 0.8660281330636129, -0.8660256047648279, 0.3999969096794889]",9.490399158934974,5.03534910560365
"[0.39999690752243433, 0.8660281349686572, -0.8660256049051098, 0.39999690752243433]",9.493458511976621,5.038492269839358
"[0.39999690537335314, 0.8660281368666597, -0.866025605044873, 0.39999690537335314]",9.49652060008182,5.041635434075066
"[0.3999969032322247, 0.8660281387576386, -0.8660256051841194, 0.3999969032322247]",9.49958545278504,5.044778598310773
"[0.3999969010989823, 0.8660281406416528, -0.8660256053228526, 0.3999969010989823]",9.502653107416617,5.047921762546481
"[0.39999689897359947, 0.8660281425187253, -0.8660256054610747, 0.39999689897359947]",9.505723594867812,5.051064926782189
"[0.3999968968560757, 0.8660281443888574, -0.8660256055987856, 0.3999968968560757]",9.508796914200348,5.054208091017896
"[0.3999968947463102, 0.8660281462521374, -0.8660256057359921, 0.3999968947463102]",9.511873124015878,5.057351255253604
"[0.39999689264430294, 0.8660281481085659, -0.8660256058726942, 0.39999689264430294]",9.514952242097218,5.060494419489312
"[0.3999968905500122, 0.866028149958179, -0.8660256060088941, 0.3999968905500122]",9.518034298209674,5.063637583725019
"[0.39999688846342163, 0.8660281518009914, -0.8660256061445936, 0.39999688846342163]",9.521119301129827,5.066780747960727
"[0.3999968863844393, 0.8660281536370849, -0.8660256062797979, 0.3999968863844393]",9.524207301304736,5.069923912196435
"[0.39999688431306274, 0.866028155466461, -0.8660256064145079, 0.39999688431306274]",9.527298322674307,5.073067076432142
"[0.39999688224924884, 0.866028157289158, -0.8660256065487257, 0.39999688224924884]",9.530392376847551,5.07621024066785
"[0.39999688019293417, 0.8660281591052319, -0.8660256066824562, 0.39999688019293417]",9.533489518515264,5.079353404903558
"[0.399996878144116, 0.8660281609146852, -0.8660256068156988, 0.399996878144116]",9.536589754503796,5.082496569139265
"[0.39999687610271367, 0.8660281627175889, -0.8660256069484594, 0.39999687610271367]",9.53969312062835,5.085639733374973
"[0.3999968740687169, 0.8660281645139525, -0.8660256070807381, 0.3999968740687169]",9.542799636241924,5.088782897610681
"[0.39999687204204165, 0.8660281663038496, -0.866025607212541, 0.39999687204204165]",9.545909344956076,5.091926061846388
"[0.3999968700226754, 0.8660281680872918, -0.8660256073438682, 0.3999968700226754]",9.549022260419509,5.095069226082096
"[0.3999968680105785, 0.866028169864314, -0.8660256074747229, 0.3999968680105785]",9.552138415941458,5.098212390317803
"[0.39999686600568796, 0.8660281716349715, -0.866025607605109, 0.39999686600568796]",9.555257843559778,5.101355554553511
"[0.39999686400796514, 0.8660281733992988, -0.8660256077350287, 0.39999686400796514]",9.558380562672038,5.104498718789219
"[0.39999686201736234, 0.8660281751573381, -0.8660256078644856, 0.39999686201736234]",9.561506600686908,5.107641883024926
"[0.39999686003383633, 0.8660281769091271, -0.8660256079934822, 0.39999686003383633]",9.564636006713409,5.110785047260634
"[0.3999968580573438, 0.8660281786547047, -0.8660256081220211, 0.3999968580573438]",9.567768783306382,5.113928211496342
"[0.39999685608781455, 0.8660281803941322, -0.8660256082501074, 0.39999685608781455]",9.570904964557855,5.117071375732049
"[0.399996854125233, 0.866028182127424, -0.8660256083777417, 0.399996854125233]",9.574044587379117,5.120214539967757
"[0.39999685216952996, 0.8660281838546408, -0.866025608504929, 0.39999685216952996]",9.577187676197532,5.123357704203465
"[0.3999968502206644, 0.866028185575819, -0.8660256086316712, 0.3999968502206644]",9.580334251945006,5.126500868439172
"[0.39999684827857723, 0.8660281872910105, -0.8660256087579731, 0.39999684827857723]",9.583484349967874,5.1296440326748804
"[0.399996846343228, 0.8660281890002516, -0.8660256088838362, 0.399996846343228]",9.586638000269586,5.132787196910588
"[0.39999684441455774, 0.8660281907035937, -0.8660256090092652, 0.39999684441455774]",9.589795221108485,5.135930361146295
"[0.3999968424925143, 0.8660281924010832, -0.8660256091342632, 0.3999968424925143]",9.592956058001656,5.139073525382003
"[0.3999968405770498, 0.8660281940927627, -0.8660256092588334, 0.3999968405770498]",9.596120521069713,5.142216689617711
"[0.39999683866811675, 0.8660281957786736, -0.8660256093829788, 0.39999683866811675]",9.59928864713751,5.145359853853418
"[0.3999968367656755, 0.8660281974588512, -0.8660256095067023, 0.3999968367656755]",9.602460462496573,5.148503018089126
"[0.3999968348696189, 0.8660281991333901, -0.8660256096300101, 0.3999968348696189]",9.605636001199999,5.151646182324833
"[0.3999968329799369, 0.866028200802299, -0.8660256097529037, 0.3999968329799369]",9.60881528195872,5.154789346560541
"[0.39999683109657647, 0.866028202465625, -0.8660256098753859, 0.39999683109657647]",9.611998328893412,5.157932510796249
"[0.3999968292194528, 0.8660282041234432, -0.8660256099974625, 0.3999968292194528]",9.615185188447374,5.161075675031956
"[0.39999682734852104, 0.8660282057757923, -0.8660256101191366, 0.39999682734852104]",9.618375892135045,5.164218839267663
"[0.39999682548373516, 0.8660282074227137, -0.866025610240411, 0.39999682548373516]",9.621570441261127,5.167362003503372
"[0.3999968236250384, 0.8660282090642576, -0.8660256103612892, 0.3999968236250384]",9.624768882079422,5.170505167739079
"[0.39999682177234464, 0.8660282107004995, -0.8660256104817773, 0.39999682177234464]",9.6279712495175,5.173648331974786
"[0.39999681992564073, 0.8660282123314517, -0.8660256106018757, 0.39999681992564073]",9.631177544565029,5.176791496210495
"[0.39999681808482557, 0.866028213957203, -0.866025610721591, 0.39999681808482557]",9.634387832115383,5.179934660446202
"[0.39999681624988104, 0.8660282155777697, -0.8660256108409246, 0.39999681624988104]",9.637602106367572,5.183077824681909
"[0.39999681442068236, 0.8660282171932614, -0.8660256109598845, 0.39999681442068236]",9.640820427021472,5.186220988917617
"[0.3999968125972222, 0.8660282188036851, -0.8660256110784715, 0.3999968125972222]",9.644042800085524,5.189364153153325
"[0.39999681077944393, 0.8660282204090911, -0.8660256111966884, 0.39999681077944393]",9.647269257377248,5.192507317389032
"[0.39999680896721823, 0.8660282220095928, -0.8660256113145448, 0.39999680896721823]",9.650499844653783,5.19565048162474
"[0.39999680716055563, 0.8660282236051818, -0.866025611432039, 0.39999680716055563]",9.653734569703435,5.198793645860448
"[0.39999680535934906, 0.8660282251959521, -0.8660256115491783, 0.39999680535934906]",9.6569734813634,5.201936810096155
"[0.3999968035635645, 0.8660282267819339, -0.8660256116659654, 0.3999968035635645]",9.660216580717142,5.205079974331863
"[0.39999680177312336, 0.8660282283631962, -0.8660256117824048, 0.39999680177312336]",9.663463911902232,5.208223138567571
"[0.39999679998795185, 0.8660282299398047, -0.8660256118985015, 0.39999679998795185]",9.666715507112166,5.211366302803278
"[0.39999679820797834, 0.8660282315118224, -0.86602561201426, 0.39999679820797834]",9.669971401976136,5.214509467038986
"[0.3999967964331586, 0.8660282330792886, -0.8660256121296835, 0.3999967964331586]",9.673231606985249,5.217652631274694
"[0.399996794663406, 0.8660282346422796, -0.8660256122447771, 0.399996794663406]",9.676496153022104,5.220795795510401
"[0.3999967928986608, 0.8660282362008482, -0.8660256123595456, 0.3999967928986608]",9.679765085415719,5.223938959746109
"[0.3999967911388669, 0.8660282377550439, -0.8660256124739918, 0.3999967911388669]",9.683038414047957,5.227082123981817
"[0.39999678938392536, 0.8660282393049544, -0.8660256125881224, 0.39999678938392536]",9.686316179182803,5.230225288217524
"[0.39999678763378615, 0.8660282408506234, -0.8660256127019409, 0.39999678763378615]",9.6895984037155,5.233368452453232
"[0.39999678588837234, 0.8660282423921188, -0.866025612815452, 0.39999678588837234]",9.69288512298285,5.23651161668894
"[0.39999678414761874, 0.866028243929499, -0.8660256129286599, 0.39999678414761874]",9.696176359788026,5.239654780924647
"[0.39999678241144226, 0.8660282454628365, -0.8660256130415702, 0.39999678241144226]",9.699472142093951,5.242797945160355
"[0.39999678067978806, 0.8660282469921803, -0.8660256131541861, 0.39999678067978806]",9.702772499110493,5.245941109396063
"[0.3999967789525493, 0.8660282485176244, -0.8660256132665153, 0.3999967789525493]",9.706077469190202,5.24908427363177
"[0.39999677722968163, 0.8660282500392078, -0.8660256133785602, 0.39999677722968163]",9.70938706734589,5.252227437867478
"[0.3999967755110986, 0.8660282515570075, -0.8660256134903261, 0.3999967755110986]",9.712701325640499,5.255370602103185
"[0.3999967737967222, 0.8660282530710919, -0.8660256136018188, 0.3999967737967222]",9.716020285517372,5.2585137663388934
"[0.3999967720864933, 0.8660282545815137, -0.8660256137130413, 0.3999967720864933]",9.719343966092591,5.261656930574601
"[0.3999967703803019, 0.8660282560883693, -0.8660256138240016, 0.3999967703803019]",9.722672390534296,5.264800094810308
"[0.3999967686781178, 0.8660282575916857, -0.8660256139347013, 0.3999967686781178]",9.72600559460775,5.2679432590460165
"[0.39999676697981684, 0.8660282590915729, -0.8660256140451482, 0.39999676697981684]",9.729343600634644,5.271086423281724
"[0.3999967652853397, 0.8660282605880828, -0.8660256141553468, 0.3999967652853397]",9.732686449819559,5.274229587517431
"[0.39999676359460234, 0.8660282620812898, -0.8660256142653021, 0.39999676359460234]",9.736034171308605,5.2773727517531395
"[0.39999676190753636, 0.8660282635712546, -0.8660256143750183, 0.39999676190753636]",9.739386778269514,5.280515915988847
"[0.39999676022404623, 0.8660282650580613, -0.8660256144845021, 0.39999676022404623]",9.742744306535688,5.283659080224554
"[0.39999675854405126, 0.8660282665417808, -0.8660256145937588, 0.39999675854405126]",9.746106789509998,5.2868022444602625
"[0.3999967568674783, 0.8660282680224785, -0.8660256147027928, 0.3999967568674783]",9.749474248495165,5.28994540869597
"[0.39999675519425315, 0.8660282695002194, -0.8660256148116091, 0.39999675519425315]",9.752846714900892,5.293088572931677
"[0.3999967535242352, 0.866028270975128, -0.8660256149202166, 0.3999967535242352]",9.756224231538216,5.2962317371673855
"[0.39999675185742484, 0.8660282724472034, -0.866025615028616, 0.39999675185742484]",9.759606800307163,5.299374901403093
"[0.39999675019366704, 0.8660282739165829, -0.8660256151368164, 0.39999675019366704]",9.762994474556479,5.3025180656388
"[0.3999967485329138, 0.8660282753833091, -0.8660256152448216, 0.3999967485329138]",9.76638726555261,5.3056612298745085
"[0.39999674687506653, 0.8660282768474684, -0.8660256153526379, 0.39999674687506653]",9.769785226168102,5.308804394110216
"[0.39999674522004014, 0.8660282783091369, -0.8660256154602705, 0.39999674522004014]",9.773188346351375,5.311947558345923
"[0.3999967435677497, 0.866028279768389, -0.8660256155677252, 0.3999967435677497]",9.776596680671537,5.3150907225816315
"[0.3999967419180845, 0.8660282812253224, -0.8660256156750094, 0.3999967419180845]",9.7800102616887,5.318233886817339
"[0.39999674027099935, 0.8660282826799772, -0.8660256157821258, 0.39999674027099935]",9.783429096669606,5.321377051053046
"[0.39999673862633506, 0.866028284132494, -0.8660256158890844, 0.39999673862633506]",9.786853249822961,5.3245202152887545
"[0.39999673698405414, 0.8660282855829059, -0.8660256159958882, 0.39999673698405414]",9.790282715814277,5.327663379524462
"[0.3999967353440694, 0.8660282870312899, -0.8660256161025428, 0.3999967353440694]",9.793717532963111,5.330806543760169
"[0.39999673370625544, 0.8660282884777565, -0.8660256162090559, 0.39999673370625544]",9.797157737427897,5.333949707995877
"[0.39999673207054864, 0.8660282899223624, -0.8660256163154323, 0.39999673207054864]",9.800603345811169,5.337092872231585
"[0.3999967304368278, 0.8660282913652142, -0.8660256164216797, 0.3999967304368278]",9.804054403354154,5.340236036467292
"[0.39999672880500853, 0.8660282928063867, -0.8660256165278031, 0.39999672880500853]",9.807510922235355,5.343379200703
"[0.3999967271749972, 0.8660282942459624, -0.8660256166338088, 0.3999967271749972]",9.81097294428237,5.346522364938708
"[0.39999672554670107, 0.8660282956840234, -0.8660256167397032, 0.39999672554670107]",9.814440487373508,5.349665529174415
"[0.39999672392002855, 0.8660282971206503, -0.866025616845492, 0.39999672392002855]",9.81791357611455,5.352808693410123
"[0.3999967222948462, 0.8660282985559613, -0.8660256169511837, 0.3999967222948462]",9.821392253539598,5.355951857645831
"[0.39999672067109204, 0.8660282999900107, -0.8660256170567828, 0.39999672067109204]",9.8248765413204,5.359095021881538
"[0.39999671904866096, 0.866028301422892, -0.8660256171622956, 0.39999671904866096]",9.828366462716778,5.362238186117246
"[0.3999967174274364, 0.8660283028547076, -0.8660256172677299, 0.3999967174274364]",9.831862059117643,5.365381350352954
"[0.3999967158073504, 0.8660283042855172, -0.8660256173730907, 0.3999967158073504]",9.835363341091515,5.368524514588661
"[0.39999671418826294, 0.8660283057154456, -0.8660256174783857, 0.39999671418826294]",9.83887035204903,5.371667678824369
"[0.3999967125700876, 0.8660283071445681, -0.866025617583622, 0.3999967125700876]",9.842383113339833,5.374810843060077
"[0.3999967109527147, 0.8660283085729822, -0.8660256176888057, 0.3999967109527147]",9.845901656017901,5.377954007295784
"[0.39999670933606035, 0.8660283100007613, -0.8660256177939429, 0.39999670933606035]",9.84942600383326,5.381097171531492
"[0.39999670772000234, 0.8660283114280138, -0.8660256178990413, 0.39999670772000234]",9.852956185395966,5.384240335767199
"[0.39999670610442684, 0.8660283128548403, -0.8660256180041085, 0.39999670610442684]",9.856492236517319,5.387383500002907
"[0.3999967044892437, 0.8660283142813202, -0.8660256181091499, 0.3999967044892437]",9.860034173689577,5.390526664238615
"[0.39999670287434463, 0.8660283157075491, -0.866025618214173, 0.39999670287434463]",9.86358203602982,5.393669828474322
"[0.3999967012596172, 0.8660283171336268, -0.8660256183191848, 0.3999967012596172]",9.867135845363626,5.3968129927100295
"[0.3999966996449536, 0.8660283185596476, -0.8660256184241927, 0.3999966996449536]",9.87069562394546,5.399956156945738
"[0.399996698030249, 0.866028319985705, -0.8660256185292029, 0.399996698030249]",9.874261407133961,5.403099321181445
"[0.39999669641537017, 0.8660283214119162, -0.8660256186342246, 0.39999669641537017]",9.877833222740518,5.4062424854171525
"[0.39999669480023914, 0.8660283228383502, -0.8660256187392626, 0.39999669480023914]",9.881411096301077,5.409385649652861
"[0.3999966931847251, 0.8660283242651223, -0.8660256188443257, 0.3999966931847251]",9.884995057989372,5.412528813888568
"[0.39999669156872525, 0.8660283256923234, -0.8660256189494203, 0.39999669156872525]",9.888585130015652,5.4156719781242755
"[0.3999966899520965, 0.8660283271200802, -0.8660256190545557, 0.3999966899520965]",9.892181343167458,5.418815142359983
"[0.3999966883347667, 0.8660283285484559, -0.8660256191597369, 0.3999966883347667]",9.895783725230885,5.421958306595691
"[0.39999668671657906, 0.866028329977589, -0.8660256192649737, 0.39999668671657906]",9.899392304095164,5.4251014708313985
"[0.3999966850974588, 0.8660283314075464, -0.8660256193702712, 0.3999966850974588]",9.903007102415703,5.428244635067106
"[0.3999966834772514, 0.8660283328384633, -0.8660256194756396, 0.3999966834772514]",9.906628156622064,5.431387799302813
"[0.39999668185588416, 0.8660283342704048, -0.8660256195810833, 0.39999668185588416]",9.91025547777272,5.4345309635385215
"[0.39999668023318, 0.866028335703527, -0.8660256196866138, 0.39999668023318]",9.913889109666059,5.437674127774229
"[0.3999966786090711, 0.86602833713789, -0.8660256197922357, 0.3999966786090711]",9.91752907343507,5.440817292009936
"[0.3999966769834131, 0.866028338573621, -0.8660256198979583, 0.3999966769834131]",9.92117538691255,5.4439604562456445
"[0.39999667535607386, 0.8660283400108367, -0.8660256200037904, 0.39999667535607386]",9.92482808748563,5.447103620481352
"[0.3999966737269729, 0.8660283414496084, -0.8660256201097369, 0.3999966737269729]",9.928487198607488,5.450246784717059
"[0.3999966720959337, 0.8660283428900918, -0.8660256202158096, 0.3999966720959337]",9.932152748788972,5.4533899489527675
"[0.3999966704628705, 0.8660283443323629, -0.8660256203220138, 0.3999966704628705]",9.9358247618878,5.456533113188475
"[0.39999666882765605, 0.8660283457765336, -0.8660256204283581, 0.39999666882765605]",9.939503264260637,5.459676277424182
"[0.3999966671901481, 0.8660283472227303, -0.8660256205348513, 0.3999966671901481]",9.943188281873585,5.4628194416598905
"[0.39999666555022606, 0.8660283486710587, -0.8660256206415017, 0.39999666555022606]",9.94687984626539,5.465962605895598
"[0.3999966639077591, 0.8660283501216347, -0.8660256207483175, 0.3999966639077591]",9.950577985426676,5.469105770131305
"[0.39999666226265834, 0.8660283515745371, -0.8660256208553044, 0.39999666226265834]",9.954282699021274,5.4722489343670135
"[0.39999666061473366, 0.8660283530299332, -0.8660256209624754, 0.39999666061473366]",9.95799404856888,5.475392098602721
"[0.39999665896390374, 0.8660283544878953, -0.8660256210698349, 0.39999665896390374]",9.96171203579418,5.478535262838428
"[0.39999665730997597, 0.8660283559485932, -0.8660256211773962, 0.39999665730997597]",9.96543671150318,5.481678427074136
"[0.3999966556529093, 0.8660283574120633, -0.8660256212851614, 0.3999966556529093]",9.969168065862718,5.484821591309844
"[0.39999665399250556, 0.8660283588784806, -0.8660256213931437, 0.39999665399250556]",9.972906149667292,5.487964755545551
"[0.39999665232867493, 0.8660283603479243, -0.8660256215013489, 0.39999665232867493]",9.976650978475133,5.491107919781259
"[0.3999966506612404, 0.8660283618205511, -0.8660256216097884, 0.3999966506612404]",9.980402572945117,5.494251084016967
"[0.39999664899006976, 0.8660283632964773, -0.8660256217184709, 0.39999664899006976]",9.984160983300391,5.497394248252674
"[0.3999966473150885, 0.866028364775769, -0.8660256218274011, 0.3999966473150885]",9.987926198877823,5.500537412488382
"[0.3999966456360882, 0.8660283662586102, -0.8660256219365928, 0.3999966456360882]",9.991698266313824,5.50368057672409
"[0.3999966439529414, 0.8660283677451136, -0.8660256220460543, 0.3999966439529414]",9.995477216494319,5.506823740959797
"[0.39999664226556364, 0.8660283692353533, -0.8660256221557907, 0.39999664226556364]",9.999263054858824,5.509966905195505
"[0.3999966405737455, 0.866028370729515, -0.8660256222658159, 0.3999966405737455]",10.00305581273517,5.513110069431213
"[0.3999966388774226, 0.8660283722276549, -0.8660256223761342, 0.3999966388774226]",10.006855516468894,5.51625323366692
"[0.3999966371763791, 0.8660283737299639, -0.8660256224867594, 0.3999966371763791]",10.010662185663561,5.519396397902628
"[0.3999966354705288, 0.8660283752365181, -0.8660256225976973, 0.3999966354705288]",10.014475849404135,5.522539562138336
"[0.39999663375971817, 0.8660283767474534, -0.8660256227089576, 0.39999663375971817]",10.018296526624404,5.525682726374043
"[0.3999966320437649, 0.8660283782629301, -0.8660256228205524, 0.3999966320437649]",10.022124251086664,5.528825890609751
"[0.39999663032254695, 0.8660283797830567, -0.8660256229324899, 0.39999663032254695]",10.025959037416406,5.531969054845459
"[0.39999662859595925, 0.8660283813079257, -0.8660256230447763, 0.39999662859595925]",10.029800907102844,5.535112219081166
"[0.39999662686379134, 0.866028382837723, -0.8660256231574255, 0.39999662686379134]",10.033649883815182,5.538255383316874
"[0.3999966251259176, 0.8660283843725592, -0.8660256232704459, 0.3999966251259176]",10.037506006915464,5.541398547552582
"[0.3999966233822395, 0.866028385912522, -0.8660256233838438, 0.3999966233822395]",10.041369266997705,5.544541711788289
"[0.3999966216325511, 0.8660283874577925, -0.8660256234976328, 0.3999966216325511]",10.045239710672487,5.547684876023997
"[0.39999661987672214, 0.8660283890084864, -0.8660256236118206, 0.39999661987672214]",10.049117356752463,5.550828040259705
"[0.39999661811461124, 0.8660283905647284, -0.8660256237264172, 0.39999661811461124]",10.053002213356766,5.553971204495412
"[0.3999966163460359, 0.8660283921266793, -0.8660256238414344, 0.3999966163460359]",10.056894325728255,5.55711436873112
"[0.3999966145708589, 0.8660283936944608, -0.8660256239568807, 0.3999966145708589]",10.060793702315124,5.560257532966827
"[0.3999966127889431, 0.866028395268194, -0.8660256240727653, 0.3999966127889431]",10.064700366062349,5.563400697202535
"[0.39999661100012346, 0.866028396848024, -0.8660256241890989, 0.39999661100012346]",10.068614338903856,5.566543861438243
"[0.3999966092042292, 0.8660283984341023, -0.8660256243058926, 0.3999966092042292]",10.072535638687112,5.56968702567395
"[0.39999660740115245, 0.8660284000265237, -0.8660256244231535, 0.39999660740115245]",10.076464286099336,5.572830189909658
"[0.39999660559070155, 0.8660284016254585, -0.8660256245408935, 0.39999660559070155]",10.080400302472427,5.575973354145366
"[0.39999660377266727, 0.8660284032310899, -0.8660256246591272, 0.39999660377266727]",10.084343727243747,5.579116518381073
"[0.399996601947007, 0.8660284048434566, -0.8660256247778569, 0.399996601947007]",10.088294545787752,5.582259682616781
"[0.39999660011346516, 0.8660284064627841, -0.8660256248970987, 0.39999660011346516]",10.092252802321696,5.585402846852489
"[0.3999965982719333, 0.866028408089168, -0.8660256250168603, 0.3999965982719333]",10.09621851602479,5.588546011088196
"[0.39999659642222013, 0.8660284097227775, -0.8660256251371541, 0.39999659642222013]",10.100191694898017,5.591689175323904
"[0.39999659456420045, 0.8660284113637231, -0.8660256252579879, 0.39999659456420045]",10.104172367139991,5.594832339559612
"[0.3999965926976417, 0.8660284130122098, -0.8660256253793772, 0.3999965926976417]",10.108160549448979,5.597975503795319
"[0.39999659082243577, 0.8660284146683339, -0.8660256255013288, 0.39999659082243577]",10.112156268457152,5.601118668031027
"[0.3999965889384272, 0.866028416332232, -0.8660256256238528, 0.3999965889384272]",10.116159527477844,5.604261832266735
"[0.3999965870454001, 0.8660284180040949, -0.8660256257469635, 0.3999965870454001]",10.12017035553898,5.607404996502442
"[0.39999658514325237, 0.8660284196840131, -0.866025625870667, 0.39999658514325237]",10.124188764210748,5.61054816073815
"[0.3999965832317756, 0.8660284213721701, -0.8660256259949775, 0.3999965832317756]",10.128214779616272,5.613691324973858
"[0.39999658131078425, 0.8660284230687303, -0.8660256261199066, 0.39999658131078425]",10.13224841328859,5.616834489209565
"[0.3999965793801378, 0.8660284247738176, -0.8660256262454634, 0.3999965793801378]",10.136289689163236,5.6199776534452734
"[0.3999965774396671, 0.8660284264875813, -0.8660256263716595, 0.3999965774396671]",10.14033860437339,5.623120817680981
"[0.39999657548920126, 0.8660284282101723, -0.8660256264985056, 0.39999657548920126]",10.14439520095922,5.626263981916688
"[0.399996573528542, 0.866028429941766, -0.8660256266260145, 0.399996573528542]",10.148459483222783,5.629407146152396
"[0.39999657155756835, 0.8660284316824689, -0.8660256267541941, 0.39999657155756835]",10.15253146888249,5.632550310388104
"[0.39999656957604884, 0.8660284334324856, -0.8660256268830596, 0.39999656957604884]",10.1566111781486,5.635693474623811
"[0.39999656758383384, 0.8660284351919483, -0.8660256270126208, 0.39999656758383384]",10.160698622212854,5.638836638859519
"[0.3999965655807595, 0.8660284369610016, -0.8660256271428879, 0.3999965655807595]",10.164793814597235,5.641979803095227
"[0.39999656356662, 0.8660284387398274, -0.8660256272738749, 0.39999656356662]",10.168896777188731,5.645122967330934
"[0.39999656154126245, 0.8660284405285601, -0.8660256274055913, 0.39999656154126245]",10.173007525633118,5.648266131566642
"[0.39999655950453966, 0.866028442327331, -0.8660256275380468, 0.39999655950453966]",10.177126047690585,5.651409295802349
"[0.39999655745615986, 0.8660284441363965, -0.8660256276712606, 0.39999655745615986]",10.181252411865193,5.654552460038057
"[0.3999965553960959, 0.8660284459557812, -0.866025627805234, 0.3999965553960959]",10.185386567394044,5.657695624273765
"[0.399996553324042, 0.8660284477857553, -0.866025627939987, 0.399996553324042]",10.189528579387625,5.660838788509472
"[0.39999655123988564, 0.8660284496264176, -0.8660256280755277, 0.39999655123988564]",10.193678430809857,5.663981952745179
"[0.39999654914339533, 0.8660284514779729, -0.86602562821187, 0.39999654914339533]",10.19783615694976,5.667125116980888
"[0.3999965470344216, 0.8660284533405532, -0.8660256283490241, 0.3999965470344216]",10.202001751671366,5.670268281216595
"[0.3999965449127909, 0.8660284552143118, -0.8660256284870017, 0.3999965449127909]",10.206175235553125,5.673411445452302
"[0.3999965427782849, 0.8660284570994414, -0.8660256286258163, 0.3999965427782849]",10.210356622239859,5.67655460968801
"[0.3999965406307089, 0.866028458996114, -0.8660256287654812, 0.3999965406307089]",10.214545921094881,5.679697773923718
"[0.3999965384699525, 0.8660284609044272, -0.8660256289060029, 0.3999965384699525]",10.218743128933877,5.682840938159425
"[0.39999653629574217, 0.8660284628246223, -0.8660256290473999, 0.39999653629574217]",10.222948286187528,5.685984102395133
"[0.39999653410791847, 0.8660284647568406, -0.8660256291896821, 0.39999653410791847]",10.22716137950275,5.689127266630841
"[0.3999965319063076, 0.8660284667012355, -0.8660256293328606, 0.3999965319063076]",10.231382427335816,5.692270430866548
"[0.3999965296906992, 0.8660284686579919, -0.8660256294769497, 0.3999965296906992]",10.235611436870371,5.695413595102256
"[0.3999965274609075, 0.866028470627275, -0.8660256296219614, 0.3999965274609075]",10.239848422684098,5.698556759337964
"[0.3999965252167693, 0.8660284726092282, -0.8660256297679059, 0.3999965252167693]",10.24409338616653,5.701699923573671
"[0.39999652295803295, 0.8660284746040742, -0.8660256299147996, 0.39999652295803295]",10.248346338623556,5.704843087809379
"[0.39999652068454766, 0.866028476611946, -0.8660256300626527, 0.39999652068454766]",10.252607293448603,5.707986252045087
"[0.3999965183960874, 0.8660284786330433, -0.8660256302114795, 0.3999965183960874]",10.25687626196606,5.711129416280794
"[0.3999965160925223, 0.8660284806674808, -0.8660256303612884, 0.3999965160925223]",10.26115322185823,5.714272580516502
"[0.39999651377358836, 0.8660284827154914, -0.8660256305120972, 0.39999651377358836]",10.265438220047207,5.717415744752209
"[0.3999965114390892, 0.8660284847772486, -0.8660256306639182, 0.3999965114390892]",10.269731241867268,5.720558908987917
"[0.39999650908885925, 0.8660284868528989, -0.8660256308167624, 0.39999650908885925]",10.274032297816383,5.723702073223625
"[0.39999650672269027, 0.8660284889426261, -0.8660256309706427, 0.39999650672269027]",10.278341389088386,5.726845237459332
"[0.3999965043404222, 0.8660284910465714, -0.8660256311255701, 0.3999965043404222]",10.282658518689658,5.72998840169504
"[0.3999965019417755, 0.8660284931649819, -0.8660256312815627, 0.3999965019417755]",10.286983707065673,5.733131565930748
"[0.3999964995265952, 0.8660284952979942, -0.8660256314386308, 0.3999964995265952]",10.291316944116678,5.736274730166455
"[0.39999649709466134, 0.8660284974458029, -0.8660256315967882, 0.39999649709466134]",10.295658239492246,5.739417894402163
"[0.3999964946457905, 0.8660284996085696, -0.8660256317560472, 0.3999964946457905]",10.300007595084073,5.742561058637871
"[0.39999649217979133, 0.8660285017864638, -0.86602563191642, 0.39999649217979133]",10.304365017050698,5.745704222873578
"[0.39999648969640994, 0.8660285039797092, -0.8660256320779232, 0.39999648969640994]",10.308730504047533,5.7488473871092864
"[0.39999648719549297, 0.8660285061884417, -0.8660256322405668, 0.39999648719549297]",10.313104059237666,5.751990551344994
"[0.3999964846767967, 0.866028508412876, -0.8660256324043669, 0.3999964846767967]",10.31748568227123,5.755133715580701
"[0.3999964821401457, 0.8660285106531675, -0.8660256325693343, 0.3999964821401457]",10.321875384094733,5.7582768798164095
"[0.3999964795853019, 0.8660285129095263, -0.866025632735485, 0.3999964795853019]",10.326273149792572,5.761420044052117
"[0.399996477012069, 0.8660285151821259, -0.8660256329028317, 0.399996477012069]",10.330678997279273,5.764563208287824
"[0.3999964744202443, 0.8660285174711453, -0.8660256330713871, 0.3999964744202443]",10.335092912959837,5.7677063725235325
"[0.39999647180963066, 0.8660285197767583, -0.8660256332411648, 0.39999647180963066]",10.339514896491991,5.77084953675924
"[0.3999964691800096, 0.8660285220991583, -0.8660256334121783, 0.3999964691800096]",10.343944945794137,5.773992700994947
"[0.399996466531128, 0.8660285244385683, -0.8660256335844447, 0.399996466531128]",10.348383078197255,5.7771358652306555
"[0.3999964638628233, 0.8660285267951323, -0.866025633757974, 0.3999964638628233]",10.352829277023533,5.780279029466363
"[0.3999964611748934, 0.8660285291690287, -0.8660256339327798, 0.3999964611748934]",10.357283529206372,5.78342219370207
"[0.39999645846707277, 0.8660285315604919, -0.8660256341088788, 0.39999645846707277]",10.361745847341018,5.786565357937778
"[0.3999964557391675, 0.8660285339696931, -0.8660256342862843, 0.3999964557391675]",10.366216230972865,5.789708522173486
"[0.39999645299100445, 0.8660285363967856, -0.8660256344650071, 0.39999645299100445]",10.37069465678885,5.792851686409193
"[0.39999645022231994, 0.8660285388420018, -0.8660256346450648, 0.39999645022231994]",10.375181133722768,5.795994850644901
"[0.39999644743291063, 0.8660285413055215, -0.86602563482647, 0.39999644743291063]",10.379675657508175,5.799138014880609
"[0.39999644462258854, 0.8660285437875108, -0.866025635009235, 0.39999644462258854]",10.384178217195348,5.802281179116316
"[0.3999964417910923, 0.8660285462882005, -0.8660256351933774, 0.3999964417910923]",10.388688801211131,5.805424343352024
"[0.39999643893821707, 0.8660285488077716, -0.86602563537891, 0.39999643893821707]",10.393207419491906,5.808567507587732
"[0.3999964360637531, 0.8660285513464089, -0.8660256355658468, 0.3999964360637531]",10.397734054342415,5.811710671823439
"[0.3999964331674825, 0.8660285539043051, -0.8660256357542013, 0.3999964331674825]",10.402268690076715,5.814853836059147
"[0.3999964302492036, 0.8660285564816385, -0.8660256359439875, 0.3999964302492036]",10.406811328565883,5.817997000294855
"[0.39999642730866186, 0.8660285590786339, -0.8660256361352213, 0.39999642730866186]",10.41136196182328,5.821140164530562
"[0.3999964243456266, 0.8660285616954946, -0.8660256363279181, 0.3999964243456266]",10.415920578876552,5.82428332876627
"[0.3999964213599214, 0.8660285643323765, -0.866025636522089, 0.3999964213599214]",10.420487162882587,5.827426493001978
"[0.39999641835130695, 0.8660285669894916, -0.8660256367177498, 0.39999641835130695]",10.425061707285924,5.830569657237685
"[0.3999964153195256, 0.8660285696670668, -0.8660256369149172, 0.3999964153195256]",10.42964421132663,5.833712821473393
"[0.3999964122644443, 0.8660285723652198, -0.8660256371135999, 0.3999964122644443]",10.43423463612846,5.836855985709101
"[0.3999964091857391, 0.8660285750842367, -0.8660256373138191, 0.3999964091857391]",10.438832995166418,5.839999149944808
"[0.3999964060832523, 0.8660285778242567, -0.8660256375155847, 0.3999964060832523]",10.443439265136853,5.843142314180516
"[0.3999964029567062, 0.8660285805855252, -0.8660256377189149, 0.3999964029567062]",10.448053435189644,5.846285478416224
"[0.39999639980591467, 0.8660285833682064, -0.866025637923822, 0.39999639980591467]",10.452675484654586,5.849428642651931
"[0.39999639663062886, 0.8660285861725202, -0.8660256381303221, 0.39999639663062886]",10.457305412746269,5.852571806887639
"[0.3999963934306779, 0.8660285889986177, -0.8660256383384259, 0.3999963934306779]",10.461943182156954,5.855714971123347
"[0.39999639020575495, 0.8660285918467693, -0.8660256385481544, 0.39999639020575495]",10.466588800735638,5.858858135359054
"[0.39999638695571155, 0.8660285947171068, -0.8660256387595158, 0.39999638695571155]",10.471242227488553,5.862001299594762
"[0.3999963836802334, 0.8660285976099076, -0.8660256389725316, 0.3999963836802334]",10.475903467672849,5.865144463830469
"[0.39999638037914187, 0.866028600525329, -0.8660256391872132, 0.39999638037914187]",10.48057249370823,5.868287628066177
"[0.39999637705222835, 0.8660286034635556, -0.866025639403574, 0.39999637705222835]",10.485249283119131,5.871430792301885
"[0.39999637369920776, 0.8660286064248393, -0.8660256396216328, 0.39999637369920776]",10.489933824146906,5.874573956537592
"[0.3999963703199205, 0.8660286094093207, -0.8660256398413995, 0.3999963703199205]",10.494626088019572,5.8777171207733
"[0.39999636691412266, 0.8660286124172157, -0.8660256400628903, 0.39999636691412266]",10.499326054838766,5.880860285009008
"[0.39999636348150686, 0.8660286154487952, -0.8660256402861255, 0.39999636348150686]",10.504033724525506,5.884003449244715
"[0.39999636002194655, 0.8660286185041713, -0.8660256405111126, 0.39999636002194655]",10.508749045762276,5.887146613480423
"[0.39999635653513727, 0.8660286215836129, -0.866025640737872, 0.39999635653513727]",10.513472012223202,5.890289777716131
"[0.3999963530208704, 0.8660286246873043, -0.866025640966417, 0.3999963530208704]",10.51820260453135,5.893432941951838
"[0.39999634947894885, 0.8660286278154192, -0.8660256411967604, 0.39999634947894885]",10.522940784517122,5.8965761061875455
"[0.3999963459090925, 0.8660286309682054, -0.8660256414289207, 0.3999963459090925]",10.527686543208906,5.899719270423254
"[0.3999963423110608, 0.8660286341458754, -0.8660256416629131, 0.3999963423110608]",10.532439850233908,5.902862434658961
"[0.3999963386847098, 0.8660286373485558, -0.8660256418987471, 0.3999963386847098]",10.537200672238342,5.9060055988946685
"[0.3999963350297252, 0.8660286405765247, -0.8660256421364434, 0.3999963350297252]",10.541968984916762,5.909148763130376
"[0.399996331345885, 0.8660286438299777, -0.8660256423760162, 0.399996331345885]",10.546744773347825,5.912291927366084
"[0.3999963276329676, 0.8660286471091109, -0.86602564261748, 0.3999963276329676]",10.551528007205764,5.9154350916017915
"[0.399996323890767, 0.8660286504141061, -0.8660256428608484, 0.399996323890767]",10.556318642228607,5.918578255837499
"[0.3999963201189868, 0.8660286537452251, -0.8660256431061402, 0.3999963201189868]",10.56111666995575,5.921721420073206
"[0.3999963163174378, 0.866028657102635, -0.8660256433533678, 0.3999963163174378]",10.565922052931933,5.9248645843089145
"[0.3999963124859121, 0.8660286604865192, -0.8660256436025455, 0.3999963124859121]",10.57073474866896,5.928007748544622
"[0.3999963086241475, 0.8660286638971098, -0.8660256438536892, 0.3999963086241475]",10.575554744187295,5.931150912780329
"[0.3999963047318472, 0.8660286673346681, -0.8660256441068188, 0.3999963047318472]",10.58038199881661,5.9342940770160375
"[0.39999630080890136, 0.866028670799292, -0.8660256443619413, 0.39999630080890136]",10.58521648491851,5.937437241251745
"[0.3999962968549837, 0.8660286742912692, -0.8660256446190782, 0.3999962968549837]",10.590058169293766,5.940580405487452
"[0.3999962928699026, 0.8660286778107686, -0.8660256448782416, 0.3999962928699026]",10.594907010333175,5.94372356972316
"[0.399996288853387, 0.8660286813580301, -0.8660256451394492, 0.399996288853387]",10.599762991740036,5.946866733958868
"[0.3999962848052534, 0.8660286849332157, -0.8660256454027131, 0.3999962848052534]",10.60462605531427,5.950009898194575
"[0.39999628072522864, 0.8660286885365668, -0.866025645668051, 0.39999628072522864]",10.609496180908208,5.953153062430283
"[0.39999627661312875, 0.8660286921682454, -0.8660256459354748, 0.39999627661312875]",10.614373322581256,5.956296226665991
"[0.39999627246863256, 0.8660286958285355, -0.8660256462050056, 0.39999627246863256]",10.619257456632413,5.959439390901698
"[0.399996268291588, 0.8660286995175711, -0.8660256464766531, 0.399996268291588]",10.624148532915616,5.962582555137406
"[0.39999626408173455, 0.8660287032355827, -0.8660256467504341, 0.39999626408173455]",10.629046515490424,5.965725719373114
"[0.3999962598388235, 0.8660287069827896, -0.8660256470263652, 0.3999962598388235]",10.633951372995238,5.968868883608821
"[0.39999625556266216, 0.8660287107593623, -0.8660256473044582, 0.39999625556266216]",10.638863058599288,5.972012047844529
"[0.399996251252957, 0.8660287145655595, -0.8660256475847328, 0.399996251252957]",10.643781530768162,5.975155212080237
"[0.3999962469095059, 0.8660287184015604, -0.8660256478672023, 0.3999962469095059]",10.648706758969515,5.978298376315944
"[0.39999624253209026, 0.8660287222675574, -0.8660256481518802, 0.39999624253209026]",10.653638682136616,5.981441540551652
"[0.3999962381204346, 0.8660287261637942, -0.866025648438785, 0.3999962381204346]",10.658577280239571,5.98458470478736
"[0.3999962336743817, 0.8660287300904099, -0.8660256487279266, 0.3999962336743817]",10.663522491714026,5.987727869023067
"[0.39999622919360667, 0.8660287340476907, -0.8660256490193265, 0.39999622919360667]",10.668474289580121,5.990871033258775
"[0.3999962246779417, 0.8660287380357852, -0.8660256493129954, 0.3999962246779417]",10.673432619001803,5.994014197494483
"[0.3999962201271643, 0.8660287420548901, -0.8660256496089478, 0.3999962201271643]",10.678397425391719,5.99715736173019
"[0.3999962155409896, 0.8660287461052567, -0.8660256499072021, 0.3999962155409896]",10.68336868060749,6.000300525965898
"[0.399996210919203, 0.8660287501870746, -0.8660256502077722, 0.399996210919203]",10.68834633442961,6.003443690201606
"[0.3999962062616123, 0.8660287543005132, -0.8660256505106712, 0.3999962062616123]",10.693330331593025,6.006586854437313
"[0.3999962015679397, 0.8660287584458188, -0.8660256508159161, 0.3999962015679397]",10.69832062685079,6.009730018673021
"[0.3999961968379343, 0.8660287626232122, -0.8660256511235243, 0.3999961968379343]",10.703317184854713,6.012873182908729
"[0.39999619207146425, 0.8660287668328097, -0.8660256514335036, 0.39999619207146425]",10.708319934372222,6.016016347144436
"[0.39999618726823954, 0.866028771074868, -0.8660256517458733, 0.39999618726823954]",10.71332883906384,6.019159511380144
"[0.39999618242799406, 0.866028775349622, -0.8660256520606503, 0.39999618242799406]",10.71834384765812,6.022302675615851
"[0.39999617755057854, 0.8660287796572034, -0.8660256523778447, 0.39999617755057854]",10.723364902573602,6.025445839851559
"[0.39999617263569087, 0.8660287839978787, -0.8660256526974762, 0.39999617263569087]",10.728391959978175,6.028589004087267
"[0.3999961676831387, 0.8660287883718184, -0.8660256530195573, 0.3999961676831387]",10.733424966031857,6.031732168322974
"[0.3999961626927366, 0.8660287927791858, -0.8660256533440994, 0.3999961626927366]",10.738463859248558,6.034875332558682
"[0.399996157664167, 0.8660287972202617, -0.8660256536711238, 0.399996157664167]",10.743508598464206,6.03801849679439
"[0.3999961525972933, 0.8660288016951664, -0.8660256540006392, 0.3999961525972933]",10.748559110435128,6.041161661030097
"[0.39999614749180923, 0.8660288062041706, -0.8660256543326657, 0.39999614749180923]",10.753615366367692,6.044304825265805
"[0.3999961423475912, 0.8660288107473834, -0.8660256546672109, 0.3999961423475912]",10.758677286288963,6.047447989501513
"[0.3999961371643227, 0.8660288153250845, -0.8660256550042957, 0.3999961371643227]",10.763744821712944,6.05059115373722
"[0.3999961319417881, 0.866028819937464, -0.8660256553439343, 0.3999961319417881]",10.768817930669453,6.053734317972928
"[0.39999612667982504, 0.8660288245846655, -0.8660256556861369, 0.39999612667982504]",10.773896531510504,6.056877482208636
"[0.39999612137822066, 0.8660288292668769, -0.8660256560309176, 0.39999612137822066]",10.778980566179188,6.060020646444343
"[0.39999611603663077, 0.8660288339844023, -0.8660256563782983, 0.39999611603663077]",10.78407000351298,6.063163810680051
"[0.3999961106549395, 0.8660288387373439, -0.8660256567282875, 0.3999961106549395]",10.789164760067539,6.066306974915759
"[0.39999610523296464, 0.8660288435258628, -0.866025657080896, 0.39999610523296464]",10.794264775142256,6.069450139151466
"[0.39999609977035144, 0.8660288483502719, -0.8660256574361475, 0.39999609977035144]",10.799370008903155,6.072593303387174
"[0.39999609426699856, 0.8660288532106616, -0.8660256577940482, 0.39999609426699856]",10.80448037028961,6.075736467622882
"[0.39999608872265946, 0.8660288581072486, -0.8660256581546145, 0.39999608872265946]",10.809595819460016,6.078879631858589
"[0.3999960831370715, 0.8660288630402653, -0.8660256585178632, 0.3999960831370715]",10.814716285026812,6.082022796094297
"[0.3999960775100797, 0.8660288680098487, -0.8660256588838046, 0.3999960775100797]",10.819841705220174,6.085165960330005
"[0.399996071841463, 0.8660288730161937, -0.866025659252453, 0.399996071841463]",10.82497201178122,6.088309124565712
"[0.3999960661309889, 0.866028878059506, -0.8660256596238234, 0.3999960661309889]",10.83010714705411,6.09145228880142
"[0.39999606037844626, 0.8660288831399717, -0.8660256599979298, 0.39999606037844626]",10.835247044151952,6.094595453037128
"[0.3999960545836023, 0.8660288882577969, -0.8660256603747866, 0.3999960545836023]",10.840391634659502,6.097738617272835
"[0.39999604874631406, 0.8660288934131072, -0.8660256607544045, 0.39999604874631406]",10.84554085273908,6.1008817815085425
"[0.39999604286628954, 0.8660288986061608, -0.866025661136801, 0.39999604286628954]",10.850694641350984,6.104024945744251
"[0.3999960369434065, 0.866028903837066, -0.8660256615219849, 0.3999960369434065]",10.855852918045926,6.107168109979958
"[0.39999603097741254, 0.8660289091060452, -0.8660256619099725, 0.39999603097741254]",10.861015617203558,6.1103112742156656
"[0.39999602496808284, 0.8660289144132972, -0.8660256623007783, 0.39999602496808284]",10.866182683448336,6.113454438451374
"[0.39999601891524705, 0.8660289197589724, -0.8660256626944134, 0.39999601891524705]",10.871354041971022,6.116597602687081
"[0.39999601281871533, 0.8660289251432386, -0.86602566309089, 0.39999601281871533]",10.876529608010054,6.119740766922789
"[0.3999960066782536, 0.8660289305663023, -0.8660256634902235, 0.3999960066782536]",10.881709326203598,6.122883931158497
"[0.3999960004936394, 0.86602893602836, -0.8660256638924284, 0.3999960004936394]",10.88689314119445,6.126027095394204
"[0.39999599426471066, 0.8660289415295549, -0.8660256642975152, 0.39999599426471066]",10.892080952045283,6.129170259629912
"[0.39999598799129515, 0.8660289470700389, -0.866025664705495, 0.39999598799129515]",10.897272692324623,6.13231342386562
"[0.3999959816731612, 0.866028952650017, -0.8660256651163831, 0.3999959816731612]",10.90246831181409,6.135456588101327
"[0.3999959753101258, 0.8660289582696508, -0.8660256655301911, 0.3999959753101258]",10.907667711491348,6.138599752337035
"[0.3999959689019634, 0.8660289639291389, -0.8660256659469339, 0.3999959689019634]",10.912870839579774,6.141742916572742
"[0.399995962448504, 0.8660289696286321, -0.8660256663666226, 0.399995962448504]",10.918077605294764,6.14488608080845
"[0.39999595594956466, 0.8660289753682918, -0.8660256667892685, 0.39999595594956466]",10.923287949838095,6.148029245044158
"[0.3999959494049487, 0.8660289811482916, -0.8660256672148852, 0.3999959494049487]",10.928501787191808,6.151172409279865
"[0.3999959428144663, 0.866028986968799, -0.8660256676434847, 0.3999959428144663]",10.933719050416192,6.154315573515572
"[0.39999593617795126, 0.8660289928299614, -0.8660256680750775, 0.39999593617795126]",10.938939657095819,6.157458737751281
"[0.3999959294951827, 0.8660289987319729, -0.8660256685096787, 0.3999959294951827]",10.944163541208919,6.160601901986988
"[0.39999592276601914, 0.8660290046749592, -0.8660256689472969, 0.39999592276601914]",10.949390614509209,6.163745066222695
"[0.3999959159902605, 0.8660290106590968, -0.8660256693879452, 0.3999959159902605]",10.954620810834442,6.166888230458403
"[0.39999590916770217, 0.8660290166845662, -0.8660256698316371, 0.39999590916770217]",10.95985404184374,6.170031394694111
"[0.39999590229818827, 0.8660290227515057, -0.8660256702783825, 0.39999590229818827]",10.965090243363964,6.173174558929818
"[0.3999958953815643, 0.8660290288600508, -0.8660256707281918, 0.3999958953815643]",10.970329332449765,6.176317723165526
"[0.39999588841762124, 0.8660290350103871, -0.8660256711810779, 0.39999588841762124]",10.975571223015391,6.179460887401234
"[0.39999588140617887, 0.8660290412026729, -0.8660256716370532, 0.39999588140617887]",10.980815850400399,6.182604051636941
"[0.39999587434706935, 0.8660290474370571, -0.8660256720961286, 0.39999587434706935]",10.986063125232747,6.185747215872649
"[0.3999958672401992, 0.8660290537136219, -0.8660256725583096, 0.3999958672401992]",10.991312971428904,6.188890380108356
"[0.39999586008528665, 0.8660290600326158, -0.8660256730236154, 0.39999586008528665]",10.996565311576072,6.192033544344064
"[0.3999958528822172, 0.8660290663941407, -0.8660256734920524, 0.3999958528822172]",11.001820062111648,6.195176708579772
"[0.3999958456308276, 0.8660290727983403, -0.8660256739636322, 0.3999958456308276]",11.007077144480034,6.198319872815479
"[0.3999958383309734, 0.866029079245342, -0.8660256744383636, 0.3999958383309734]",11.012336486229698,6.201463037051187
"[0.39999583098246727, 0.866029085735312, -0.8660256749162588, 0.39999583098246727]",11.017597991030618,6.204606201286895
"[0.39999582358516494, 0.8660290922683772, -0.8660256753973274, 0.39999582358516494]",11.022861587386199,6.207749365522602
"[0.3999958161388896, 0.8660290988446936, -0.8660256758815807, 0.3999958161388896]",11.02812719336328,6.21089252975831
"[0.3999958086435016, 0.8660291054643848, -0.866025676369028, 0.3999958086435016]",11.033394719290623,6.214035693994018
"[0.3999958010988542, 0.8660291121275803, -0.8660256768596789, 0.3999958010988542]",11.038664100759277,6.217178858229725
"[0.399995793504781, 0.8660291188344271, -0.8660256773535439, 0.399995793504781]",11.043935232689787,6.220322022465433
"[0.3999957858611292, 0.8660291255850602, -0.8660256778506329, 0.3999957858611292]",11.049208053965575,6.223465186701141
"[0.399995778167753, 0.8660291323796082, -0.8660256783509558, 0.399995778167753]",11.054482475108745,6.226608350936848
"[0.3999957704245484, 0.8660291392181628, -0.8660256788545191, 0.3999957704245484]",11.059758404621935,6.229751515172556
"[0.39999576263133213, 0.8660291461008864, -0.8660256793613347, 0.39999576263133213]",11.06503576527643,6.232894679408264
"[0.3999957547879399, 0.8660291530279237, -0.8660256798714134, 0.3999957547879399]",11.07031448051738,6.236037843643971
"[0.3999957468943194, 0.8660291599993211, -0.8660256803847584, 0.3999957468943194]",11.075594459112311,6.239181007879679
"[0.39999573895025214, 0.8660291670152712, -0.8660256809013841, 0.39999573895025214]",11.080875614220464,6.242324172115387
"[0.3999957309556236, 0.8660291740758755, -0.8660256814212979, 0.3999957309556236]",11.086157868235262,6.245467336351094
"[0.3999957229103255, 0.8660291811812296, -0.8660256819445068, 0.3999957229103255]",11.09144114166415,6.248610500586802
"[0.3999957148142325, 0.8660291883314442, -0.866025682471019, 0.3999957148142325]",11.096725343631235,6.25175366482251
"[0.39999570666718, 0.8660291955266644, -0.8660256830008453, 0.39999570666718]",11.10201038970355,6.254896829058217
"[0.3999956984690391, 0.8660292027670042, -0.8660256835339937, 0.3999956984690391]",11.107296196172172,6.258039993293925
"[0.3999956902197431, 0.8660292100525226, -0.866025684070469, 0.3999956902197431]",11.112582684526954,6.261183157529633
"[0.399995681919127, 0.8660292173833654, -0.8660256846102816, 0.399995681919127]",11.117869760009452,6.26432632176534
"[0.39999567356708726, 0.8660292247596235, -0.8660256851534385, 0.39999567356708726]",11.123157341713174,6.267469486001048
"[0.39999566516345214, 0.8660292321814494, -0.8660256856999505, 0.39999566516345214]",11.128445354923404,6.270612650236756
"[0.3999956567082333, 0.866029239648832, -0.8660256862498176, 0.3999956567082333]",11.133733703652926,6.273755814472463
"[0.39999564820118677, 0.8660292471619876, -0.8660256868030546, 0.39999564820118677]",11.13902230550953,6.276898978708171
"[0.39999563964231694, 0.8660292547209115, -0.8660256873596618, 0.39999563964231694]",11.144311076670116,6.280042142943879
"[0.3999956310314237, 0.8660292623257807, -0.8660256879196524, 0.3999956310314237]",11.149599933655006,6.283185307179586
