u,t,theta
"[-5.989708104828744, 15.925271081534989, -0.2788837406128969, 0.49403637822940993]",89.61427968250483,0.17601719719962824
"[-16.134415652991624, 25.26660416245862, -0.5305263458537641, 0.7224470918300004]",79.63173178611237,0.18858985414245882
"[-8.737367718412111, 20.847056941486393, -0.2787900525551877, 0.49389674061441086]",74.03259990035018,0.19173301837816648
"[2.293779258413757, -0.5952730828869174, -0.4211748225767822, 0.6496434848146545]",87.36387092573393,0.1948761826138741
"[-5.894963568514466, 12.554961380910102, -0.44245065905897496, 0.6662017622992271]",81.67827649366846,0.19801934684958175
"[-7.640066276667914, 19.66560036269237, -0.24225874182083368, 0.43303926408572985]",74.29726416792428,0.2011625110852894
"[-0.27411482005592686, 0.5303836591257646, -1.2621330036721456, -0.48574633529470784]",73.89770602377234,0.20430567532099703
"[-13.634805017276769, 22.289709548484574, -0.5137291967064195, 0.7130965523295991]",81.69445174489896,0.2074488395567047
"[1.7139674745916436, -0.13762782355631173, -0.616670045775338, 0.7616811206556716]",85.2975648758007,0.21059200379241236
"[-4.389653205512555, 10.017950750718645, -0.45947125704537495, 0.6785444890146884]",94.01663506936629,0.21373516802812
"[-2.8603604424399323, 10.962718298259562, -0.16126561963940897, 0.15756428277889473]",75.55921845419722,0.21687833226382763
"[-2.560708590848331, 7.456271440397044, -0.43809369496247924, 0.6629160262283392]",87.90667441895941,0.22002149649953529
"[-8.245241902865118, 21.035918864867103, -0.20455001895147773, 0.3499006107637199]",78.12892668660622,0.22316466073524294
"[-15.24380719070693, 29.584462716134656, -0.3595394321449943, 0.5934287795948231]",77.878420125022,0.22630782497095056
"[-20.976936444992, 33.510566206277524, -0.4878410025562747, 0.6974751531801895]",77.81968232386174,0.2294509892066582
"[-21.320348857932178, 33.812743010812945, -0.49257709018410806, 0.7004467978670397]",77.96542518789971,0.23259415344236586
"[-11.876005851398075, 26.456906710885196, -0.2782644172231349, 0.4931119721866552]",78.44903408250372,0.23573731767807354
"[-22.500052388920057, 30.910915643511444, -0.6124778407559891, 0.7600860802064472]",84.70120469361487,0.23888048191378117
"[5.430507802139071, 0.9767077489241471, -0.1655750070119093, 0.19679484315398213]",69.56931805928821,0.24202364614948882
"[-12.865186992683189, 20.67293175381197, -0.5357641042938731, 0.7252419324220047]",80.07616522469304,0.24516681038519647
"[-17.179642096891744, 28.462717119272654, -0.4762244072405153, 0.6899620183480896]",82.19603033658562,0.25145313885661175
"[-3.7869851905593137, 6.167149539750975, -0.7992252920025813, 0.8039444190175219]",75.07476564727226,0.2545963030923194
"[-15.596075288990876, 26.29381999232583, -0.47206137917164226, 0.687190213909331]",81.12186085686201,0.2608826315637347
"[-6.661786567522562, 18.254660271443868, -0.21647955685526832, 0.37944622512581155]",72.31149716431005,0.26402579579944235
"[-10.396189641761945, 22.700249323708057, -0.3187158985286971, 0.547719002787144]",79.15033827587577,0.27031212427085766
"[-0.21840400638035418, 2.1440212897409516, -0.8242947566543664, 0.8058743181970157]",72.64508271956532,0.2734552885065653
"[0.7784475350065393, -0.053263338100844104, -1.5717986483805404, 0.0565934657880875]",55.799276522473455,0.27974161697798056
"[-13.640714883517257, 16.44740586759564, -0.7848599529733508, 0.8024330356657607]",83.61330758072924,0.28602794544939586
"[9.506133905876064, 2.502540974810218, -0.15894080634590427, 0.09439892285495156]",99.76909901774714,0.29231427392081116
"[-11.869249995706161, 22.737391736227348, -0.4021655179861192, 0.63369842265754]",79.25767482919217,0.2954574381565188
"[-4.745454140664095, 14.973963621294082, -0.19435766105968974, 0.3210485091173986]",78.11574758095583,0.29860060239222647
"[-9.39911355595195, 22.4077839477755, -0.26316859200870024, 0.4695452130600281]",76.97640524139875,0.3017437666279341
"[-10.043610406711501, 21.57134735194878, -0.33741487587215596, 0.5696497735337397]",79.9153442567486,0.30488693086364177
"[-11.775191467505776, 21.385403827897196, -0.44599981449201787, 0.6688396121399689]",74.34348685207043,0.30803009509934937
"[-7.7662277760582334, 19.119314111379776, -0.278455253373228, 0.49339715091208597]",76.79949574800166,0.311173259335057
"[8.176314738496833, -0.7689037568145414, -0.16265224175833265, 0.17256855339192184]",92.60794858686725,0.31431642357076467
"[-8.097063281742924, 20.251774427734897, -0.254553654508787, 0.4551088563212264]",70.77723843860615,0.3174595878064724
"[-10.550804262461874, 22.825245256451193, -0.3236836936476689, 0.5537240013994372]",70.53250890050964,0.32060275204218003
"[-11.088915212610763, 23.256041382148343, -0.3404749172745704, 0.5730715444086969]",70.42314019178949,0.3237459162778876
"[-10.737860675794964, 22.909683946326844, -0.33188901112144753, 0.5633554942298189]",70.37883435963853,0.3268890805135953
"[-10.08607221353805, 22.28183729546691, -0.31449363996017154, 0.5425073033215141]",70.36772028996758,0.3300322447493029
"[-9.425003929834155, 21.6109599674029, -0.296641067444247, 0.5192868678249255]",70.37234773539872,0.3331754089850106
"[-8.886724082937091, 21.03144722082106, -0.2821004686302142, 0.49878775069594083]",70.38231184267082,0.33631857322071823
"[-8.5226749932791, 20.619802907747715, -0.27229858192914186, 0.48404226461367356]",70.3913558273551,0.3394617374564258
"[-8.344464810952697, 20.411660059610135, -0.2675256775790542, 0.47656085528380704]",70.39609531714743,0.3426049016921335
"[-8.344396885668068, 20.410910246207948, -0.26755290297927864, 0.47660412342406105]",70.39531050072624,0.3457480659278412
"[-8.505263116797629, 20.597583250279857, -0.27191932469036656, 0.4834552995897297]",70.38938738324984,0.34889123016354884
"[-8.804334360162056, 20.935924622624334, -0.2800340660340571, 0.49574505945306696]",70.37979494110711,0.3520343943992565
"[-9.214397525121395, 21.381926466855763, -0.29118586340275227, 0.5117760347734779]",70.3686208589979,0.3551775586349641
"[-9.703498167174455, 21.889166958562935, -0.3045174633658092, 0.529777655127412]",70.35821741329282,0.35832072287067174
"[-10.23421370803903, 22.412422892015645, -0.3189941855334653, 0.5480589763176793]",70.35098481278476,0.3614638871063794
"[-10.762722304497698, 22.90910752368892, -0.33337549393256405, 0.5650635155919946]",70.34928535467733,0.36460705134208704
"[-11.237782194517614, 23.338844823243104, -0.34619142708370143, 0.5793460510606976]",70.3554593179553,0.3677502155777947
"[-11.599869929034314, 23.6613945920827, -0.3557292533384337, 0.5894873224507247]",70.37191121461812,0.37089337981350234
"[-11.780841375762344, 23.832675883994643, -0.3600406201901252, 0.5939427079844422]",70.40124696906403,0.37403654404921
"[-11.704827877383547, 23.798179817954605, -0.3569917538850968, 0.590800105205919]",70.4464668998598,0.37717970828491765
"[-11.291359057138472, 23.48228370533602, -0.3443911229620665, 0.577386297531589]",70.51126111702655,0.3803228725206253
"[-10.462304193917895, 22.77071046543526, -0.3202540169003143, 0.5495926970698918]",70.60054548332936,0.38346603675633295
"[-9.155867337173152, 21.4797731974602, -0.2833309627081053, 0.5005835597459449]",70.72160484963942,0.38660920099204055
"[-7.359388404100434, 19.291989042560335, -0.23431118469319212, 0.4177060676126981]",70.88678694656079,0.3897523652277482
"[-5.2621146754867905, 15.555419760950697, -0.1799747542673056, 0.2712731919978133]",71.11720337607127,0.3928955294634559
"[7.783952742646482, -0.42226828056791094, -0.16271722125692048, 0.17319563094771925]",86.30764478276635,0.3960386936991635
"[-6.529983650774446, 14.018086252142295, -0.41511128146178344, 0.6446801394304622]",76.07127530106952,0.39918185793487115
"[0.931922999404753, 0.027359370932275348, -1.1974340851838505, 0.724634521855042]",96.04222915718971,0.4023250221705788
"[-2.9984067783479262, 11.090170218374306, -0.16117965914850957, 0.15650200234169695]",70.59714338677514,0.4148976791134094
"[4.800077419366189, 5.472519508619915, -0.1591822447254671, 0.08069330448954633]",71.15403758194122,0.418040843349117
"[4.462376637384087, 2.116271431275804, -0.16499463191500416, 0.19249787506824634]",72.69879871160775,0.4211840075848247
"[-18.371655482504277, 25.77044206571689, -0.6127612074559711, 0.7601948552193472]",76.05607887019536,0.4243271718205323
"[-2.854729403661911, 9.435142892065068, -0.32587337334009364, 0.5563285921425982]",74.39070448696661,0.42747033605624
"[-2.3549791154177693, 9.861711117488532, -0.15905287737161466, 0.1137784940203332]",87.93998469480371,0.4306135002919476
"[0.7687474921281084, 4.131447224314628, -0.2276295641364138, 0.4040571523909489]",82.9834781820208,0.43689982876336286
"[-12.586895581996393, 25.396199151843334, -0.35282368024363, 0.5864401206261033]",76.41611401372653,0.44004299299907057
"[-0.22419140618544547, 2.960232872429052, -0.5516406370708362, 0.7333736799539637]",71.52087350395459,0.4431861572347783
"[-9.925164030751466, 18.927606289219035, -0.4319499120750633, 0.6581921420955856]",79.43536673468164,0.4494724857061935
"[-6.618066437964444, 10.746007540579456, -0.6426948925769134, 0.7709124255547685]",78.28098490486366,0.4526156499419011
"[-5.865796578082258, 16.55422177160286, -0.18152588718052493, 0.2773708312237578]",73.47336825991005,0.4589019784133164
"[-6.897588189114055, 18.70618301700002, -0.20642202014696517, 0.3548006599167162]",73.40495595745023,0.46204514264902413
"[-6.928228971850688, 18.760301012573784, -0.20704605997867373, 0.35641026585790736]",73.40124277632313,0.46518830688473173
"[-5.730883013247874, 16.174184297472085, -0.1778564529885554, 0.2625530533717881]",73.47238430176368,0.4683314711204394
"[-3.7370249959253723, 12.191465217459408, -0.16298493768430583, 0.17572386034603402]",86.33567542469741,0.4746177995918547
"[-9.306253805842303, 21.39940702920336, -0.29672497787867425, 0.5194007928742024]",82.5773884703333,0.47776096382756233
"[-0.9202342931891696, 0.27052537099269136, -0.1806002238659841, -0.07375938171432045]",48.810795641180604,0.48404729229897764
"[-2.5881280988700825, 10.936069111113477, -0.21677425312022722, 0.3801302257186735]",65.6781056002448,0.48719045653468523
"[-11.23104135995393, 25.50671195760825, -0.2707658555571964, 0.4816622462915268]",81.73253653402745,0.49033362077039294
"[-7.130062220028083, 14.354582914880707, -0.15972316043020804, 0.13372152180401692]",78.87040346047446,0.4966199492418082
"[2.4653095143249737, -0.7502389540626223, -0.40123566498029184, 0.6328888239608341]",88.87034320534082,0.4997631134775159
"[-20.856878158187328, 30.284016948690205, -0.5703996055172159, 0.7423436676724285]",84.8599296451283,0.5029062777132235
"[-18.701543619145742, 32.414403450093076, -0.4302312699106132, 0.6568513920977107]",82.90646628896047,0.5060494419489312
"[-11.101928930796909, 22.267303950221788, -0.37540098150739654, 0.6092029813986831]",75.04356573590303,0.5091926061846388
"[-0.45676491827954596, 5.961995128275668, -0.2640354807327016, 0.4709557015927417]",79.9968110480439,0.5123357704203465
"[-2.3707948029169543, 10.47236896540813, -0.22023754767268328, 0.3880243824723425]",79.1519673689625,0.5311947558345923
"[-3.3876138926813106, 12.218374388420889, -0.22669015885377253, 0.4020768852286389]",78.57860241604443,0.5374810843060076
"[-8.492016665642085, 13.448606936935454, -0.6136888535576993, 0.760549971932224]",84.64032012123667,0.5437674127774229
"[-13.913357977646035, 28.5753867915021, -0.32450282823194126, 0.5547013307292813]",78.93922672384946,0.5469105770131306
"[-16.367601503499774, 30.586962302814094, -0.38222803280446727, 0.6156938082165274]",78.67588143947383,0.5500537412488382
"[-9.714458834653797, 23.509491640047344, -0.23574249959630664, 0.42053620807665404]",78.80267679187929,0.5531969054845458
"[-0.07274587293947275, 0.3987838848532967, -1.1161806489726616, -0.5613791297771714]",97.08438968571865,0.5563400697202535
"[-8.621588949748041, 17.959389294663495, -0.3862477142862335, 0.6194356251353466]",79.98227988230074,0.5594832339559611
"[-0.3887329036948343, 6.942937144004276, -0.21168915672058902, 0.3680374521935173]",87.83455203853178,0.5626263981916688
"[-4.874935551493119, 14.41340297365571, -0.1700644832311165, 0.22505357676840493]",75.30908063893098,0.5689127266630841
"[-12.886949802053088, 25.559953289849407, -0.3633297931193893, 0.5972897777132432]",81.5900719179827,0.5720558908987917
"[-5.768664084115659, 16.737095106201807, -0.19993841385480693, 0.33733546268199244]",85.35198965299115,0.5751990551344994
"[-5.519776004733943, 16.28024744265089, -0.1942424972799686, 0.32069827033396364]",75.06157480349684,0.578342219370207
"[-11.767400239605218, 19.98437836784418, -0.5011901443559172, 0.7057187742489986]",86.08373176429185,0.5814853836059147
"[-10.770059628446273, 23.847833464365237, -0.30130367212936926, 0.5255459620258334]",78.07462352826286,0.5846285478416223
"[-6.142117904910177, 16.52199021345333, -0.1739933481198952, 0.2452295904170132]",80.64349566651312,0.5877717120773299
"[-2.259907935573802, 5.362202911656859, -0.6448690124303053, 0.7716322286513722]",84.4109757790731,0.5940580405487452
"[0.7346971851170407, 0.1834999476548445, -0.9478223579050566, -0.6023597783874636]",80.67890559124254,0.5972012047844529
"[-6.475592397853858, 13.757134751075808, -0.1596872704502865, 0.13296121050602844]",76.32809084775077,0.6003443690201605
"[-7.741634017858254, 20.16087245930081, -0.204067983559905, 0.3486209440286019]",76.13599172372494,0.6034875332558682
"[-10.141353207210459, 23.81718777683885, -0.25989755776279216, 0.4641552337632177]",75.93616866013365,0.6066306974915759
"[-12.320143205505916, 26.243973398724442, -0.31166842008429074, 0.5389627941214084]",75.77825667757776,0.6097738617272835
"[-14.164122934621394, 27.90890702188323, -0.35627282568523716, 0.5900533737473992]",75.64989094849165,0.6129170259629911
"[-15.666113104249693, 29.062595857591866, -0.3931152776241286, 0.6256957414465019]",75.5432704253469,0.6160601901986987
"[-16.84760416456563, 29.858908916006197, -0.4224590730553689, 0.6506804066275973]",75.45352127069765,0.6192033544344064
"[-17.739861678254716, 30.39835673191439, -0.44490879200406686, 0.6680323928110099]",75.37737027512074,0.622346518670114
"[-18.376844798525493, 30.74869411746528, -0.4611960995912609, 0.6797527356265417]",75.31247164199162,0.6254896829058217
"[-18.79193285271779, 30.956350518045383, -0.4720761719466372, 0.6872001385680979]",75.25706005444603,0.6286328471415293
"[-19.016352691753532, 31.053445592211357, -0.4782755390788511, 0.6913121362028597]",75.20975789034148,0.631776011377237
"[-19.078451751573887, 31.062339510548142, -0.4804659443039028, 0.6927426956151104]",75.16946268223232,0.6349191756129448
"[-19.003452508074385, 30.998687344248776, -0.47925301232706485, 0.6919519551503622]",75.13527739141567,0.6380623398486523
"[-18.81348180815143, 30.873521706787354, -0.47517349800202435, 0.6892663130930269]",75.10646321064864,0.6412055040843601
"[-18.52774692943002, 30.694679277957064, -0.46869726435699305, 0.6849190966442407]",75.08240759507086,0.6443486683200677
"[-18.16279429205613, 30.467781565289517, -0.4602320434053649, 0.679078361426377]",75.06260078759557,0.6474918325557752
"[-17.7327876392256, 30.19689815788047, -0.4501291986948856, 0.6718656718077272]",75.04661757107021,0.6506349967914828
"[-17.249799428965378, 29.88500104926045, -0.43869014167121195, 0.6633689499383283]",75.03410377745583,0.6537781610271906
"[-16.724092204996577, 29.53427219152864, -0.4261727496083331, 0.6536511921907405]",75.02476533538425,0.6569213252628981
"[-16.164359612356815, 29.146295829467558, -0.4127969766694502, 0.6427559238321137]",75.01835929098601,0.6600644894986059
"[-15.577962288725866, 28.72219223734801, -0.3987504414159755, 0.6307109472618091]",75.01468697363548,0.6632076537343136
"[-14.971140233288608, 28.262704454684517, -0.3841935232287809, 0.617530712982454]",75.01358827740778,0.6663508179700212
"[-14.349183591965405, 27.76823761273048, -0.36926350512350514, 0.6032172652431314]",75.01493705328232,0.6694939822057289
"[-13.716593636067804, 27.23888042409669, -0.3540785048655489, 0.5877605690165237]",75.01863755842659,0.6726371464414365
"[-13.077237937804927, 26.674417903749653, -0.33874127542252974, 0.571138459454984]",75.0246214494187,0.6757803106771441
"[-12.434466675704085, 26.074306793400094, -0.32334206165037466, 0.5533153319381469]",75.03284560990603,0.6789234749128517
"[-11.791249286727885, 25.437660217320257, -0.3079619080932329, 0.534240871840627]",75.04329008306942,0.6820666391485594
"[-11.150282560733132, 24.763191103671282, -0.29267520217892024, 0.5138472499835007]",75.05595656781662,0.685209803384267
"[-10.51413139570792, 24.04915865430844, -0.27755284105443173, 0.49204597040905373]",75.07086625975147,0.6883529676199747
"[-9.885375968348042, 23.293272180291016, -0.2626652438197636, 0.46872281915742]",75.0880570694752,0.6914961318556824
"[-9.266812761927076, 22.492562554667185, -0.24808604598642445, 0.4437309268660217]",75.10757835940443,0.69463929609139
"[-8.661741239473804, 21.643186031198063, -0.23389661936209727, 0.4168804189354789]",75.12948071028448,0.6977824603270977
"[-8.074422871821431, 20.740116441017246, -0.2201921457306436, 0.3879225638806639]",75.15379469491693,0.7009256245628053
"[-7.510908476224152, 19.776658934579807, -0.2070907947796151, 0.35652520549773825]",75.18048397572515,0.704068788798513
"[-6.98062929419331, 18.743538229172312, -0.19474761676832092, 0.32222990946030833]",75.20933904892838,0.7072119530342206
"[-6.499895637526143, 17.62705532066955, -0.18337850391302063, 0.2843724765140904]",75.239713415931,0.7103551172699282
"[-6.1007379337106205, 16.404518212100353, -0.17330498334373312, 0.24190989783820652]",75.26979013408689,0.7134982815056359
"[-5.858703137762441, 15.029759624760207, -0.1650554043361954, 0.19295730134598113]",75.29410171306995,0.7166414457413435
"[-6.019829733227451, 13.359181714280206, -0.15968327940571553, 0.13287557342693632]",75.2915140119988,0.7197846099770512
"[7.348171582365317, -1.5094987336413654, -0.1673446517214001, 0.20883568668696273]",90.57751558846795,0.7292141026841741
"[4.118666564435494, -1.7919629815722191, -0.2287682873965256, 0.4064365637663964]",84.77611493110184,0.7323572669198818
"[2.1342722526851743, -0.46742846654237435, -0.4607606154998396, 0.6794484026871054]",78.81979062353398,0.7355004311555894
"[-0.1288564888491752, -0.3265972143383847, -0.4308759772708984, 0.6573553414159905]",74.17891925476378,0.738643595391297
"[0.4615044961572219, 2.5801383912191813, -0.3806992861178638, 0.6142553446593086]",72.80447312593432,0.7417867596270047
"[-4.6500578044288225, 13.565693092521494, -0.2762383592959336, 0.49006568953639745]",80.36307534722071,0.74807308809842
"[2.064072926904011, -0.2047015987597627, -0.32042360829372846, 0.5497984890562768]",92.89920288264508,0.7512162523341276
"[0.31026817892704733, 7.158317721126347, -0.1691750721919014, 0.21999839731999218]",78.67351612756829,0.7575025808055429
"[-7.532152442719659, 19.07169200032015, -0.26206956555191624, 0.46774630584798893]",83.75961797407818,0.7606457450412506
"[2.007022191343152, 6.444721167107852, -0.15903295542499568, 0.11271526494885839]",85.47300832781231,0.7637889092769582
"[-10.244996012966409, 21.454383397880193, -0.353916953472117, 0.5875909506119874]",81.304168970793,0.7669320735126659
"[-2.2505034931427543, 10.729959923934185, -0.1675277225358201, 0.2100044966821893]",83.08955836670562,0.7700752377483735
"[-9.591653637563324, 21.983198754433115, -0.2936936770597912, 0.515254614163855]",80.55599010616737,0.7732184019840811
"[3.644995301612627, -0.5989385810220457, -0.20892950551038264, 0.3611991203496034]",89.90127268308125,0.7795047304554964
"[-3.044335430812545, 9.550996139093366, -0.33955739022199993, 0.5720502417069689]",88.48616243037898,0.7826478946912041
"[-0.5655401854325511, 0.6428585897551272, -0.19925019278388126, -0.13539502542567447]",85.39003372925731,0.7857910589269118
"[-8.034603966366394, 20.447415313197016, -0.23820988400860862, 0.42534239368486293]",79.21637882963954,0.7889342231626194
"[-24.29545156589436, 31.56472971212776, -0.6559045932376262, 0.775166086955746]",79.14190410917402,0.792077387398327
"[0.533569793083142, -0.4632153214205664, -0.3115413670378455, 0.5388022937419413]",52.43867745977329,0.7983637158697423
"[-4.691205269743482, 13.789905867829667, -0.2688750869040498, 0.47869710726337]",78.39993533483656,0.8172227012839881
"[-10.220112600422675, 22.30163952773876, -0.322068670212262, 0.5517865336654867]",81.13815901724602,0.8203658655196959
"[4.595897292834365, 5.105076891328565, -0.15893126106567074, 0.09577231353927178]",90.7303344927414,0.8235090297554035
"[-15.678637098531908, 24.832859249909006, -0.5240232536335044, 0.718897834292645]",82.55146687589323,0.8266521939911111
"[-6.003184817844998, 17.14328853588525, -0.20713576218232366, 0.3566406830364765]",86.49597259606956,0.8297953582268188
"[5.087401419178794, 6.490044544691545, -0.16108727054083893, 0.044662595841250166]",95.49666505398763,0.8329385224625264
"[-6.259512118873651, 12.780573269280412, -0.4622253592554139, 0.6804700888403695]",67.40982559549133,0.8392248509339416
"[-8.906113893327792, 21.149309181107007, -0.2787522994786344, 0.4938404511461766]",75.41453561043657,0.8517975078767724
"[-0.13453350385556764, -0.08155978440082005, -1.5508660432450438, -0.07604913672942668]",84.71157789857966,0.8675133290553105
"[-8.209782122841881, 16.586857549751446, -0.41817765763893755, 0.6472041632447509]",77.18637270566708,0.8706564932910181
"[-8.19240341841019, 19.56732237304531, -0.2913494264003376, 0.5120042730574708]",84.55306216677907,0.8737996575267257
"[1.1322597620580612, 3.563250093265218, -0.21819408072329405, 0.3833982654513708]",88.71833591710524,0.8800859859981411
"[2.4193465189626675, -0.695021408556302, -0.3939850298510738, 0.6264768611979513]",81.872165131917,0.8832291502338487
"[-6.031677062834831, 13.911159173370512, -0.16058674746576243, 0.14854175698589459]",78.40863919131148,0.8895154787052642
"[-5.124546286907718, 15.423401679119173, -0.18243653274178703, 0.2808487085567032]",72.09821019716374,0.8926586429409717
"[-5.978122402118224, 17.10468650933214, -0.2036746000742976, 0.3475710258178961]",72.04258120646301,0.8958018071766793
"[-6.755431335822442, 18.353632458383885, -0.22345112243532267, 0.3951241991919019]",72.00846901093063,0.898944971412387
"[-7.390117712233519, 19.25745343030718, -0.23979382983028522, 0.42838090045384986]",71.9931519230178,0.9020881356480946
"[-7.847355461485418, 19.863004488838033, -0.25152922118708854, 0.4498491697478629]",71.99430886287682,0.9052312998838022
"[-8.104823410562295, 20.19464380288855, -0.2579111594478585, 0.4608283052019822]",72.01044794001301,0.9083744641195101
"[-8.14870956720605, 20.260848256012316, -0.2585113668182583, 0.46183794009065615]",72.0407514671101,0.9115176283552177
"[-7.973438559600487, 20.056580533632573, -0.25320355353634816, 0.45277383669782145]",72.08495181509089,0.9146607925909253
"[-7.582825166901636, 19.563370046486018, -0.24219290213157488, 0.43291592013829494]",72.14329730868843,0.9178039568266328
"[-6.9925872547811725, 18.747284801111217, -0.22608668183516709, 0.4007963300140566]",72.21659569017416,0.9209471210623407
"[-6.236429428829483, 17.55316388196044, -0.2060439386048895, 0.35381975025488466]",72.30625016751833,0.9240902852980483
"[-5.387182472770082, 15.88846446359453, -0.18415424136556469, 0.2872210401144377]",72.41359283304415,0.9272334495337559
"[-4.6819643006071, 13.555205245043268, -0.16469613192684693, 0.1902067205683227]",72.53101889325407,0.9303766137694635
"[5.779559027715332, -1.0831996660156558, -0.1750124748426993, 0.2500037734037188]",75.26022516941728,0.9366629422408788
"[-6.059395574042605, 10.679027393473023, -0.590645355333115, 0.7512801462618671]",80.0504701471869,0.9429492707122942
"[1.6255849585290336, 0.9904975597626325, -0.24653383931526357, 0.440925507334861]",76.4680489078183,0.9460924349480018
"[5.457628975440087, 5.441141148803912, -0.15943742956360915, 0.0729180006922719]",82.52593399632693,0.9492355991837094
"[-18.2822772219067, 25.73141386804432, -0.6102792717699212, 0.7592373745166505]",76.60172951938826,0.952378763419417
"[-14.224695929040296, 24.38238995039014, -0.4689712171233268, 0.685105095563929]",81.64069881234828,0.9555219276551247
"[3.08144952449835, 6.654020102741736, -0.1598771550141746, 0.06319441946268971]",91.5967305008115,0.9586650918908323
"[-12.509821580054616, 24.2681727853471, -0.38499610480480445, 0.6182767730885974]",76.35466914411762,0.9618082561265399
"[-17.824568851715032, 25.79141508659331, -0.5884739552004385, 0.7503577426224058]",83.46957554385283,0.9649514203622477
"[-0.994839015501288, 0.2696982054419607, -0.22552412812721992, -0.19959658856780244]",73.90346167677426,0.9680945845979553
"[-7.079712179839808, 16.097068906786888, -0.3566784797465943, 0.5904749850636472]",86.16173155132816,0.9712377488336629
"[-8.81693863343559, 20.391916141041417, -0.3023437851075312, 0.5269227480069217]",74.07192615731933,0.9743809130693705
"[-10.02371125522342, 21.482396951952065, -0.3394126391086324, 0.5718887539245898]",73.96293170324503,0.9775240773050783
"[-10.753013968993788, 22.041807662103636, -0.3631170638593447, 0.5970746439256117]",73.85597503746713,0.9806672415407859
"[-10.176359682279191, 21.534921004285856, -0.3468406483894618, 0.5800491534889409]",73.80938848034029,0.9838104057764935
"[-8.34661993656335, 19.81453791568998, -0.2924001620921239, 0.5134659382505646]",73.83977326517707,0.9869535700122011
"[-5.792526861305944, 16.68251995657377, -0.21882539801141135, 0.3848370631209868]",73.96239498142825,0.9900967342479088
"[-3.5696158622667893, 11.634423654526834, -0.16099804852272728, 0.15418882110431656]",74.18832757652656,0.9932398984836164
"[1.287454959136416, 0.10691576851318746, -0.8399720298913881, 0.8066266494470657]",77.82378221127323,0.996383062719324
"[-5.7199923732357565, 13.49527336703491, -0.37344671530545914, 0.6073127592090545]",78.8179221693065,0.9995262269550318
"[-2.035277143465273, 10.38007338332411, -0.16549586054239793, 0.19622036710122276]",85.62304926041558,1.0026693911907394
"[-4.956862806372131, 14.13936498061716, -0.2753237171366054, 0.4886791959848058]",75.5548945755531,1.0089557196621546
"[-2.6531738919782, 10.805727290727289, -0.23001692595668863, 0.4090197665704]",81.1550792029576,1.0120988838978624
"[-1.3449916145297365, 5.405066136208174, -0.4497574989479789, 0.6715951639080089]",78.02003713223026,1.0215283766049854
"[6.139775364375934, 4.188089033931943, -0.1589240885333894, 0.09721971759774246]",75.75558686229468,1.024671540840693
"[-4.285103874424534, 14.01978876273256, -0.17909960672134542, 0.26772879695875884]",74.05365182752593,1.0278147050764006
"[-6.935367036179107, 18.22216119162637, -0.2511277121348076, 0.449142991915837]",73.85696439810899,1.0309578693121082
"[-9.307486340906854, 20.757356798552248, -0.3209670144122641, 0.5504568260943608]",73.76963252538181,1.0341010335478158
"[-10.627732425793972, 21.92108676549384, -0.3600342842726526, 0.5939362175172022]",73.7710627829244,1.0372441977835234
"[-10.519971993732634, 21.877194792671737, -0.3552115675161205, 0.5889470571307661]",73.84675176192079,1.040387362019231
"[-9.296459584570943, 20.84787514309138, -0.3168550711619077, 0.5454345583441581]",73.9683775676692,1.0435305262549388
"[-8.71590425021789, 20.258368487867756, -0.3006313708084179, 0.5246523136344526]",73.94606418118065,1.0466736904906464
"[-14.112100110201302, 26.744292084602233, -0.3882000954974648, 0.6212321697290462]",79.5977865836526,1.0529600189620616
"[-14.62843242228393, 25.864805275302608, -0.4401345694165495, 0.6644616879836992]",76.44121858171634,1.0561031831977694
"[-20.70846214010021, 26.696753664447353, -0.6766096755209352, 0.7812647663620933]",80.51060228281747,1.059246347433477
"[-3.0380197059676934, 11.932257702407123, -0.171225619434714, 0.23135166412183222]",86.87628388573125,1.0623895116691846
"[-15.630251159832065, 25.164778074782912, -0.5104704221340012, 0.7112124467184124]",77.15081219392852,1.0655326759048922
"[-0.16335868233095507, 2.634199369408382, -0.6091770173855636, 0.7588087024351461]",80.63151099435049,1.0686758401406
"[2.7326401597490184, 1.6055989323323356, -0.1878992260305105, 0.3003618902008171]",79.32236259644381,1.0749621686120152
"[5.9688680236602565, -1.5221831086881095, -0.1765716648590898, 0.2570144639256174]",81.50361312983846,1.0812484970834306
"[-5.394650957553356, 10.866869133462567, -0.15927962477224655, 0.07740788083313435]",72.37808953869066,1.0843916613191382
"[-4.891453660982261, 14.528534335075355, -0.1712099179153977, 0.2312685819096341]",72.33813638098302,1.0875348255548458
"[-5.780163535836564, 16.71837375253505, -0.19422199993638428, 0.3206358687479209]",72.20598665112463,1.0906779897905536
"[-6.667829952798659, 18.257934927299353, -0.21740224822696905, 0.3815812530596906]",72.09264588896835,1.0938211540262612
"[-7.392445266015029, 19.309689182741753, -0.23694211468585058, 0.4228842135764697]",71.99927038126067,1.0969643182619688
"[-7.892438562208309, 19.95765154376844, -0.25087260871529116, 0.44869333047622834]",71.92403973390245,1.1001074824976764
"[-8.138542261853967, 20.25064622941413, -0.2581345388776226, 0.46120450767234594]",71.86580631204963,1.103250646733384
"[-8.120103008167776, 20.214205458447957, -0.25828249748767185, 0.4614533992729266]",71.8242409335125,1.1063938109690916
"[-7.840686951678546, 19.854216672215532, -0.2513677495864445, 0.4495653989396086]",71.79977329522933,1.1095369752047992
"[-7.316391371567751, 19.15655578341847, -0.2378977435692936, 0.42473934543360264]",71.79365630962924,1.112680139440507
"[-6.576757961579662, 18.082472478991615, -0.21887781833878123, 0.3849561416285847]",71.80819282432492,1.1158233036762146
"[-5.673793397887823, 16.555155253245015, -0.1960473267034186, 0.3261180581705371]",71.84697522105802,1.1189664679119222
"[-4.7352378827910115, 14.416626570100384, -0.17277689751529665, 0.23930724516550556]",71.91286664648908,1.1221096321476298
"[5.66774818142199, -1.57127140281548, -0.18033675930495435, 0.2727167705576339]",81.00538823125534,1.1283959606190452
"[-2.63320266560779, 10.394860340061825, -0.2493066320149531, 0.44591611200857956]",84.43483295977452,1.1315391248547528
"[0.989433701945533, -0.2666230438700101, -0.6174425841668995, 0.7619717379095343]",92.31475106310653,1.1346822890904606
"[1.0388657488358837, 1.5966885165458156, -0.30935351795100197, 0.5360234070811347]",88.61557609562158,1.1378254533261682
"[-5.454714324420066, 16.1647725602387, -0.19358112546361161, 0.3186748557872559]",84.38203459702189,1.1472549460332913
"[-7.689535542404132, 18.25948859819757, -0.30857017291710725, 0.5350214541590413]",77.22873302276942,1.1503981102689989
"[0.8853909138334283, 0.02280391418690699, -1.323399200645023, 0.6392672898899865]",80.39646827653705,1.1535412745047064
"[-8.911203080796227, 21.154532284208823, -0.27890836426171556, 0.49407306670473206]",75.12330653137678,1.156684438740414
"[-2.324438513623863, 9.73461310044803, -0.25370653594640996, 0.45364615661640084]",80.23523308140706,1.1629707672118295
"[-6.778186907794911, 15.456076722093213, -0.3630718372623074, 0.5970288823827435]",78.57414440765163,1.166113931447537
"[-1.4189287763606229, 8.747743007360704, -0.21817756321616946, 0.3833605044303554]",91.49097881233322,1.1755434241546598
"[-1.9358698313211673, 10.372446154340912, -0.17273513727629733, 0.2390992680249185]",83.80949699874229,1.1786865883903674
"[-0.7130585621689696, -0.44145537380597394, -0.20243392325428333, -0.14422601615674174]",56.69409452253315,1.1818297526260753
"[-6.491497707362288, 15.536601809694696, -0.33677956367510986, 0.5689337274359415]",79.07052216563297,1.1849729168617829
"[6.1521914847398, 3.473832388321668, -0.15906807367014061, 0.11453731053748635]",83.30251805751742,1.1881160810974905
"[-18.209429378063618, 29.42721958629928, -0.4912528221220833, 0.6996211404162104]",79.05402724548348,1.2069750665117365
"[-6.198009796757479, 17.40143833411707, -0.19291591691254523, 0.31661860188599544]",78.9413268828458,1.210118230747444
"[-9.467956714759687, 20.718789377474874, -0.332720462561976, 0.564312222182118]",86.78751971180729,1.2132613949831519
"[-9.939423934974313, 20.096958912885775, -0.38587339374589896, 0.6190896331616762]",81.71956842294011,1.2164045592188595
"[-3.7410786263176146, 12.470061079048751, -0.16510826273741436, 0.19335502871545435]",77.77793522322365,1.219547723454567
"[-5.7393258120219235, 15.78190403433615, -0.26444098762893453, 0.4716129575766122]",89.071010117505,1.2258340519259823
"[-15.810114606792947, 24.82201066187775, -0.5305884813484322, 0.722480578867043]",85.27265295856422,1.2289772161616899
"[-9.964122874742259, 16.119633875481338, -0.5673427681115382, 0.7409279859293674]",82.83703909582617,1.2384067088688129
"[-3.34059751728186, 8.309842554348608, -0.4698854266677493, 0.6857244390751888]",82.95745217817998,1.2415498731045205
"[0.13356773335251418, 5.767311904248975, -0.21718483729280527, 0.38107991617120207]",72.6163138367304,1.244693037340228
"[-0.27663308904023554, 0.6943453164606082, -0.23387496146845063, -0.21683721100858133]",80.66226652151067,1.2478362015759359
"[1.3647651000753167, 1.8662718740055229, -0.25076502027576164, 0.44850345835406574]",79.11378614539497,1.2509793658116435
"[3.0850523139036232, -1.17454526091568, -0.2949393500165327, 0.5169660887791364]",78.11788188994147,1.254122530047351
"[4.0985887977422175, -1.8933919904777958, -0.2348611770147354, 0.41879730056290837]",90.61424319214038,1.2572656942830587
"[-5.934847152611424, 13.69929259128249, -0.16034890332514895, 0.14495193766156778]",74.76931363311853,1.2666951869901817
"[-5.9357796554816415, 15.6436011126059, -0.16831485429501342, 0.21489120563014238]",74.75095112724419,1.2698383512258895
"[-6.361629714185922, 17.248872760762538, -0.17997613595304882, 0.27127872637315936]",74.7084766154418,1.272981515461597
"[-6.946697043774189, 18.671012492866286, -0.19392046208635233, 0.319715605601735]",74.66335183959647,1.2761246796973047
"[-7.614014041463949, 19.9615969486002, -0.20945032084878484, 0.3625055436901078]",74.62034777797749,1.2792678439330123
"[-8.331655321662844, 21.146934549402406, -0.22614738827982245, 0.40092544803300534]",74.58076784261716,1.2824110081687201
"[-9.083272044221134, 22.243239358166527, -0.24373113676348748, 0.43578243735021144]",74.54492874738263,1.2855541724044277
"[-9.858985659450472, 23.261433349511094, -0.26199445560990214, 0.4676229231799112]",74.51283913848467,1.2886973366401353
"[-10.651859135559032, 24.20922204949715, -0.28076992673095275, 0.49683249183867495]",74.48442244860725,1.291840500875843
"[-11.45622971879669, 25.09210845520727, -0.2999087010889292, 0.5236884219909269]",74.45960022018842,1.2949836651115505
"[-12.266814053136564, 25.913991546135687, -0.3192664432762367, 0.5483911675133424]",74.43832494655233,1.298126829347258
"[-13.078108486968189, 26.67750933498153, -0.33869187720121463, 0.5710831686032637]",74.4205951883659,1.3012699935829657
"[-13.883946896812375, 27.384275445817128, -0.3580172354463706, 0.5918614651523298]",74.40646348963462,1.3044131578186735
"[-14.677075095110602, 28.03500404179257, -0.3770483007960899, 0.6107850749122478]",74.39604321657721,1.307556322054381
"[-15.448736039655172, 28.629587229172316, -0.3955543607980701, 0.6278797189808091]",74.38951574119956,1.3106994862900887
"[-16.188191347915563, 29.16709152915236, -0.41325651019169907, 0.643139327424179]",74.38713986987268,1.3138426505257963
"[-16.882188437880426, 29.64569014837072, -0.4298146498618723, 0.6565250921227984]",74.389264135407,1.3169858147615041
"[-17.514321168079867, 30.062474818869628, -0.4448120338044422, 0.6679606473604355]",74.39634302355235,1.3201289789972117
"[-18.06430946952113, 30.413117375867916, -0.4577380870725786, 0.6773226714864189]",74.40895851757371,1.3232721432329193
"[-18.507144899689933, 30.691249247552573, -0.4679683993358399, 0.6844233236356958]",74.42784817336118,1.3264153074686271
"[-18.81216220943055, 30.887428738201308, -0.4747435947501678, 0.6889809385021419]",74.45394268158235,1.3295584717043347
"[-18.942055730725052, 30.98741801265313, -0.47714797428893185, 0.6905712021669907]",74.48841663825421,1.3327016359400423
"[-18.85195759826246, 30.969363752440014, -0.4740914695159918, 0.6885471868668273]",74.53275985297155,1.33584480017575
"[-18.48878405212918, 30.799216519348803, -0.4643011240155865, 0.6819085865015138]",74.58888306932074,1.3389879644114577
"[-17.791247310561772, 30.423294568425874, -0.4463339678183467, 0.6690861960869481]",74.65928572882471,1.3421311286471653
"[-16.69126982046453, 29.756043464482723, -0.4186335007682406, 0.6475769216425549]",74.74734901503727,1.345274292882873
"[-15.118376785456649, 28.65909704688855, -0.37967750634206315, 0.6132891218926759]",74.85789551982457,1.3484174571185805
"[-13.011001907405323, 26.902139073704138, -0.32833420071040337, 0.5592256200788404]",74.99838196773747,1.3515606213542881
"[-10.349601340304368, 24.07577779611936, -0.2648214744649098, 0.4722282033521055]",75.18166974256958,1.3547037855899957
"[-7.325080219508034, 19.314212213474804, -0.19439120586371872, 0.3211504107692109]",75.430556760587,1.3578469498257033
"[-15.334563782942615, 21.025901154542037, -0.6528342341409962, 0.7742028813243481]",80.37087552353285,1.3641332782971187
"[2.8459862924877593, -0.993420152473009, -0.31803716610354804, 0.546888007629865]",83.72182744047994,1.3672764425328263
"[-7.821063619482433, 20.311889281197093, -0.20605318192596275, 0.3538437834085892]",80.4931041922445,1.370419606768534
"[-11.332226367438635, 23.361241589639416, -0.35079742370162625, 0.5842934322699166]",74.03755937984552,1.3767059352399493
"[-11.863894953272306, 23.71672639426144, -0.36846426422143363, 0.602427021961155]",90.80930696254158,1.379849099475657
"[-16.53322527558213, 21.65620314347691, -0.6852963630123027, 0.7836205188710825]",77.43434059092907,1.3829922637113647
"[-5.884668304521739, 16.68608669738471, -0.18430787911879407, 0.2877797022144238]",89.07202776933421,1.3861354279470723
"[-9.700146664084558, 23.469172082983313, -0.2367463622452296, 0.4225025393380483]",81.25129771146999,1.38927859218278
"[-5.854470472493434, 14.88413879997633, -0.1643522732793091, 0.18749181634373902]",82.65994647245215,1.3924217564184875
"[-8.90988355479364, 11.33306233983672, -0.16033724578701414, 0.05523144337593577]",77.963119628433,1.3955649206541954
"[-15.052295354678915, 29.491184075795037, -0.3533040713697945, 0.5869464398544716]",77.82406474233538,1.398708084889903
"[-13.93854509189899, 28.598868791675784, -0.32508125524892323, 0.5553893149440214]",78.07885269041212,1.4018512491256105
"[-4.24487988654573, 13.961429317577494, -0.21485331957493356, 0.37563547802531644]",69.66476528187378,1.408137577597026
"[0.13897612125298134, 4.389909212633307, -0.28494691253344756, 0.5029240461991114]",68.94532534829922,1.4144239060684412
"[-10.045743478587422, 20.21412263623502, -0.3879643036959607, 0.6210159158625875]",70.7778457819118,1.4301397272469794
"[-7.79062061208008, 19.851230904911635, -0.24691846179625393, 0.44162346872256664]",76.24393988932098,1.433282891482687
"[-11.118815454657419, 20.982406491797807, -0.42330700746534944, 0.6513623323737703]",83.52563928977067,1.4364260557183945
"[-8.447118417044162, 12.234336507039508, -0.15940981197893192, 0.0736484266626688]",77.89341596552799,1.4395692199541024
"[-9.680576783663415, 11.375831274467663, -0.8636672662706324, 0.8071028490873516]",82.84702047267358,1.44271238418981
"[-21.685562079388855, 33.81876341196837, -0.5054041696137965, 0.7082370635412112]",80.52697331748217,1.4458555484255176
"[-0.9114960340496652, 0.04016400793203649, -0.16063740215966932, 0.050727622710104926]",42.9805883388192,1.4489987126612252
"[-27.779420495379703, 32.05144645888826, -0.7527000836705321, 0.7979665979264909]",83.07084780955935,1.4584282053683482
"[-7.17236567238812, 19.179980827546007, -0.21289403877527247, 0.3709601816526874]",72.3607608150857,1.4647145338397636
"[-7.771031877118766, 20.125331743388568, -0.22763445144293984, 0.4040674135261916]",72.32756994675307,1.4678576980754712
"[-6.7613374738100624, 18.46067985216671, -0.20322799007315515, 0.34637286453185706]",72.37079119473508,1.4710008623111788
"[-5.311478909954468, 12.996590551985658, -0.1601130363468078, 0.14108198508588612]",72.49044123466602,1.4741440265468864
"[-0.6087534753540979, 7.149588649737833, -0.2206819048811032, 0.38901862988948266]",77.84963863442484,1.477287190782594
"[-21.958786828488613, 26.640489390490828, -0.726172644039921, 0.7931386626006655]",76.66897589184046,1.4804303550183016
"[-9.562335024755926, 19.936485169160907, -0.3683429368292126, 0.6023068405719283]",71.45987641234076,1.4835735192540094
"[-7.377763301688965, 17.888543033576628, -0.30120383090285213, 0.5254134351516936]",80.57649203011212,1.486716683489717
"[-0.6164304978876725, 6.293540910020094, -0.2632538414166511, 0.4696842485158017]",73.29749136295617,1.4898598477254246
"[-2.210009526719596, 5.422819534609376, -0.6245063614367399, 0.7645814864886382]",71.76537527586812,1.4930030119611322
"[-6.757271563448038, 15.753918946743642, -0.3475761850760038, 0.5808434335837526]",72.42673483170546,1.49614617619684
"[-12.29379947696257, 23.027513423370497, -0.41529995795446345, 0.6448362804378572]",78.38991233882449,1.4992893404325476
"[-2.3828012107660936, 9.658360346730586, -0.15891866252509512, 0.0997623751053519]",68.84774791636883,1.5055756689039628
"[2.5356199968867923, -0.6977445660045882, -0.3348456693570675, 0.5667419948254658]",74.35036853662601,1.5087188331396706
"[-10.254189762330336, 21.636848601067914, -0.34788395511155645, 0.5811750608325051]",71.53544060011967,1.5118619973753782
"[0.37662612767531034, 1.914148906275032, -0.5272504736142403, 0.7206702398924093]",85.44950970487291,1.5150051616110858
"[-3.2196699507788153, 9.292308365266765, -0.37683631205635465, 0.6105820526949945]",82.27064971287606,1.5181483258467936
"[-0.627512710229576, 0.7416106947002434, -0.29925330342493395, -0.32281128917528756]",81.57786859865928,1.5212914900825012
"[-5.045890906597341, 14.95899740520363, -0.17433170022276237, 0.24683262734530576]",69.97718989223853,1.5244346543182088
"[-7.92267363674033, 20.042112022699268, -0.2493722208826461, 0.4460330215703172]",69.65644250829311,1.5275778185539164
"[-10.210497502946144, 22.542965780381742, -0.31288234358066785, 0.5404914924812951]",69.44336117198596,1.5307209827896242
"[-11.563648042721903, 23.709339341583917, -0.3521072062568649, 0.5856831129965387]",69.29754988022452,1.5338641470253318
"[-12.050626364366853, 24.057824184693096, -0.3673282346679764, 0.6012994449580227]",69.19969282910706,1.5370073112610394
"[-11.827738892357585, 23.839880151259422, -0.36238032842477047, 0.5963281556248343]",69.1396728727427,1.540150475496747
"[-11.070447179731127, 23.17644947395971, -0.34212362742686225, 0.5748967558631717]",69.11140352641533,1.5432936397324546
"[-9.943559182169505, 22.120656564901765, -0.31137399939854915, 0.5385907199345967]",69.11121597552744,1.5464368039681622
"[-8.590669091745028, 20.688681639651143, -0.2745139033243132, 0.4874456669307392]",69.13731586211125,1.5495799682038698
"[-7.136989607410654, 18.871343675555448, -0.23554116106402598, 0.4201400001269245]",69.18954472175358,1.5527231324395776
"[-6.95517622828212, 18.662060331243442, -0.19280490960678254, 0.31627335993874023]",75.55095019149779,1.5558662966752852
"[-5.908925670072872, 15.012410572467132, -0.1646619163814985, 0.18994030541402404]",75.6305468956871,1.5590094609109928
"[4.118784066306723, -1.6525506358912525, -0.223013353033306, 0.3941691734169605]",78.75750202682731,1.5652957893824082
"[-1.072115423881694, 0.038024613141897715, -0.2854580401020748, -0.30366017418975716]",70.80018041820036,1.5684389536181158
"[-1.9319159025081, 10.322269190866907, -0.1826395758182643, 0.28161445464220397]",81.00382018601876,1.5715821178538236
"[-1.4747627325972872, 8.835221405784734, -0.21897950345340114, 0.385186961246106]",84.66015697822418,1.574725282089531
"[-2.3419852459110695, 7.391884460168572, -0.41211946584169057, 0.6421894498238601]",79.50154197997121,1.5810116105609466
"[-3.2517431989932772, 11.556514026703747, -0.24848570047357194, 0.44444842115290134]",79.73955867414466,1.584154774796654
"[2.248392098563762, 0.462499675310283, -0.23184092884094618, 0.4127459859704753]",82.98745981440801,1.5904411032680692
"[-6.621124943637718, 17.87351591801204, -0.18470064444942288, 0.2891998211338538]",75.46879703777154,1.5967274317394846
"[-8.0984352693556, 20.122903797932917, -0.2606836037141049, 0.4654604015315353]",69.03495553368585,1.5998705959751922
"[-10.555138844881313, 22.745867213870675, -0.3267155460134798, 0.5573236023988477]",69.00134617881949,1.6030137602109
"[-9.842109234598949, 22.16441388830287, -0.30332608086972285, 0.5282166180700093]",69.20766297557017,1.6061569244466076
"[-1.0936709062936278, 7.781292228190004, -0.23458547755050277, 0.4182508751876028]",78.96818045246961,1.6093000886823152
"[4.826888409644876, -0.6302126267044516, -0.18170194631510372, 0.27804888530179167]",73.35610175244692,1.6124432529180228
"[-12.185146379867403, 20.389508134019874, -0.5087779229656395, 0.710224743392632]",87.80214574472407,1.6155864171537306
"[-2.259739014598167, 9.575153542223894, -0.2557244671868438, 0.45711730116041005]",79.23307315464595,1.618729581389438
"[-28.734755771786528, 36.552319399348555, -0.6623599718410107, 0.7771413381497937]",80.47239116370282,1.628159074096561
"[5.164683654877202, -0.41874539933304333, -0.1756487762304622, 0.25290556604387165]",67.0931155778118,1.6313022383322688
"[0.5647815787446012, 0.31839563932502535, -0.6036082606239774, -0.5566104194844003]",64.67025950351086,1.6344454025679762
"[1.2787014981377902, 0.10379899049152375, -0.8397601503169306, 0.8066188056231459]",70.32711334451494,1.637588566803684
"[0.9507769541642594, 1.886913351858069, -0.31469141714481375, 0.5427536958355659]",75.90896586782753,1.6407317310393918
"[-6.7664773439617365, 14.65266933859431, -0.4015019520536476, 0.633120964502531]",74.04521022395006,1.6438748952750992
"[-6.647617001554395, 17.8605730492251, -0.24281639836689284, 0.43408163009430134]",72.57944367064007,1.65644755221793
"[5.135626167670024, -2.3426586295680263, -0.20129695226678548, 0.3411142586885734]",93.01000854744166,1.6658770449250528
"[-19.94037628603827, 33.09276549074635, -0.4603049236630812, 0.6791294259576995]",76.4744019621521,1.6690202091607604
"[-21.315035501929977, 33.6876201593028, -0.4955319670621964, 0.7022745332036511]",76.22699774104534,1.672163373396468
"[-13.723476756402743, 28.211746103845247, -0.32562549038780814, 0.556035013569034]",76.3176700612894,1.6753065376321759
"[-8.26305188785163, 11.996722307981042, -0.15951184131741875, 0.0710416497334458]",76.5356599395563,1.6784497018678832
"[-20.817805623165352, 33.40509821470143, -0.4847378567952066, 0.6954996276329025]",79.52540331918365,1.6878791945750062
"[-7.747245325700765, 19.78688942074042, -0.24618175854272806, 0.44028496213240914]",77.29855236342345,1.691022358810714
"[-1.8438359663432191, 7.380114232012959, -0.3438693878568896, 0.5768155775880391]",71.65022285343014,1.6941655230464219
"[1.1677272914614576, 6.265944284772603, -0.1647763136079346, 0.19082793362519315]",84.84986427654289,1.700451851517837
"[-0.38927207898371324, 2.328100559603551, -0.8404634894024454, 0.8066445984602868]",95.42825192617663,1.7067381799892523
"[-4.752932962222205, 14.960369198624095, -0.20557623937957997, 0.35260027956619994]",80.84131039163255,1.70988134422496
"[-10.755217340532132, 23.67680875760767, -0.30637205567501474, 0.5321899234710347]",79.16816024832458,1.7161676726963753
"[2.536362816868382, -0.6990965514639731, -0.3350190925472755, 0.5669392866597333]",84.66365989102916,1.719310836932083
"[-6.555922884632564, 18.09556601342109, -0.21205979955359439, 0.36894049245694244]",79.21866762949158,1.7224540011677905
"[-16.130041346674773, 24.883078957631742, -0.543439363809173, 0.7292362408611449]",77.90093895610927,1.7255971654034983
"[-3.253404260494685, 6.002482181391285, -0.7336314072485197, 0.7946019217373591]",80.83195742580614,1.7287403296392059
"[-7.197747104467488, 11.074636650472463, -0.6727507635739233, 0.7801800595809077]",84.68340477149903,1.7318834938749135
"[-0.6230603475570567, 0.7539395656189313, -0.3095818702212666, -0.3363147876885686]",79.76886340582473,1.735026658110621
"[5.293431759551051, -2.494990895089113, -0.19978622457605066, 0.33690790634276585]",95.28367263430654,1.7381698223463289
"[-9.664333431633732, 10.364855492090372, -0.16176830867251935, 0.036581201647137206]",72.98394452426659,1.7413129865820363
"[-6.723127197777788, 16.619006727814565, -0.167969711970032, 0.21277522389910536]",73.21382064209716,1.744456150817744
"[-7.606991969423961, 19.688825476481938, -0.19082192688222718, 0.3100006304255518]",73.13465761109624,1.7475993150534515
"[-8.901085898666034, 22.21419707873313, -0.21949923408730126, 0.3863632516520644]",73.0522336375328,1.7507424792891593
"[-10.358737335188566, 24.389945376415223, -0.25156152938499465, 0.4499059117220163]",72.97841229296853,1.753885643524867
"[-11.90581707296066, 26.296308537846322, -0.2858165952689428, 0.5041753808942538]",72.91396751403134,1.7570288077605745
"[-13.506331193476782, 27.977177144484052, -0.3215037418976714, 0.5511054862624332]",72.85823705068854,1.7601719719962823
"[-15.134907858925438, 29.459139245242607, -0.35801217316977807, 0.5918562366387606]",72.81052734636343,1.76331513623199
"[-16.767728137388612, 30.759060198400206, -0.394748250478712, 0.627160169940825]",72.77037159807041,1.7664583004676975
"[-18.37821815076071, 31.887983502090542, -0.4310548445617042, 0.6574949440214278]",72.73757117606164,1.7696014647034053
"[-19.934204829072918, 32.853488451291845, -0.46615015578667895, 0.6831807490295974]",72.71219861003104,1.772744628939113
"[-21.395532541214493, 33.66122050399441, -0.49907367435572514, 0.7044389367580886]",72.69460211241486,1.7758877931748205
"[-22.711848373193135, 34.315754807857296, -0.5286357227416147, 0.7214243341918742]",72.68542022083363,1.7790309574105283
"[-23.820546582606635, 34.82056591278826, -0.5533715908601686, 0.7342299214511313]",72.68560726455651,1.7821741216462357
"[-24.645137182447307, 35.17652967579795, -0.571507130398769, 0.7428522276868309]",72.69646747245352,1.7853172858819435
"[-25.094524380732167, 35.377946956375396, -0.5809478096087721, 0.7470940930799492]",72.71969623008616,1.788460450117651
"[-25.06398805300635, 35.40466954055402, -0.57931055090628, 0.7463703219819465]",72.7574319250948,1.7916036143533587
"[-24.43897472320424, 35.20860647940167, -0.5640253963556641, 0.7393715629530343]",72.81233794694973,1.7947467785890663
"[-23.103113384396025, 34.69271669612526, -0.5325423613019383, 0.7235295184484827]",72.88777791619239,1.797889942824774
"[-20.95227112834996, 33.67982772586564, -0.48269172522992687, 0.6941845596158246]",72.98824861768944,1.8010331070604815
"[-17.917878392336913, 31.864006670132508, -0.4132899454747994, 0.6431671978214061]",73.12049813216349,1.8041762712961893
"[-14.010807478135613, 28.715361456954916, -0.32529740587919975, 0.5556459505815747]",73.2965333789442,1.8073194355318971
"[-9.469981409655512, 23.190191400533333, -0.2252946720796165, 0.39910554901071166]",73.54149616068713,1.8104625997676045
"[-0.9241668342581812, 8.359329578816515, -0.15980463221735314, 0.06461325379198668]",82.03643637768265,1.8198920924747275
"[-2.7681461420202957, 10.903986103882657, -0.16150007994002097, 0.16036611683646737]",75.79062886937714,1.8230352567104353
"[-5.292452751144477, 13.318470655684736, -0.3451923203683258, 0.5782602839660143]",74.79370240497485,1.8261784209461427
"[-17.79909369209076, 28.834921391992708, -0.49144793141007875, 0.6997430426354324]",71.59685892636402,1.8293215851818505
"[-6.1257646137757025, 13.902377512705632, -0.3869870529408322, 0.6201175428891053]",79.69141406773008,1.8324647494175583
"[-12.666590175569443, 21.767057914700377, -0.4814192260307301, 0.693361683995243]",73.2856223797408,1.8356079136532657
"[-1.7479096839725385, 9.921747470521485, -0.1630320370081705, 0.17615987308658965]",73.8706501992337,1.8387510778889735
"[2.9898716753604044, -1.0143881205777483, -0.2888651280560832, 0.5085168492500216]",76.1265110025669,1.8450374063603887
"[-6.44424566593724, 17.868966805418854, -0.21634895137413557, 0.3791424496266422]",66.98940834827324,1.8481805705960965
"[-3.7463127864469317, 12.716824256826982, -0.16776857208605858, 0.2115230782687245]",76.35286119252788,1.8544668990675117
"[-12.024989626174449, 21.388282828200918, -0.46007109218329206, 0.6789655403324334]",74.8546984327679,1.8576100633032193
"[-0.170426604240106, -0.1639068479382073, -1.1481275333725454, 0.7483967832135892]",69.28023381414886,1.860753227538927
"[8.842324250767511, 3.3813108155311387, -0.1590755225813889, 0.08510485089055432]",84.7191656214234,1.8638963917746345
"[-5.140069365029308, 10.828558228061524, -0.1592002869522673, 0.08004369234615005]",63.89952082167286,1.8670395560103423
"[-5.309000456585101, 10.687079585122886, -0.15940349789720798, 0.07381828652861575]",63.91817781984787,1.8701827202460497
"[9.795412400177332, 4.237404326652908, -0.15985296334665577, 0.06366153049251967]",97.35054310553855,1.8733258844817575
"[6.631306758490046, -0.9564346202511704, -0.16839884155948306, 0.2154000852607401]",72.71040329101362,1.8858985414245883
"[0.2776651021640299, 0.21655138907624524, -0.7948386618779015, -0.6035143550608794]",74.61215855933644,1.8890417056602957
"[-1.1907324632597185, 5.050389914171917, -0.4628837268384346, 0.6809275241449326]",71.07611281196687,1.8921848698960035
"[0.2119749308841658, 5.868428249760465, -0.20792713340986507, 0.3586632299535272]",61.8885256031935,1.8953280341317114
"[-2.0343140381628806, 8.963793690505907, -0.2658419652707506, 0.4738714219272136]",64.96721753372795,1.8984711983674187
"[-10.69129820367429, 17.762180992441813, -0.5335903996106098, 0.7240889103324512]",82.55511171803276,1.9079006910745417
"[0.046102282791754566, 0.3165229501918257, -0.9217862955024085, -0.6049047616201881]",41.82535183224754,1.914187019545957
"[0.3784026793814838, -0.2063059484959062, -0.9687732199005312, 0.7996019484559407]",39.696799804892144,1.9173301837816645
"[0.3634822569990863, 3.130097307061476, -0.34615004669150495, 0.5793011715899259]",48.9976144345506,1.9204733480173724
"[-9.623961491784707, 21.93775044745835, -0.2975336062302077, 0.5204962260396053]",65.62647889042529,1.9361891691959106
"[0.40032394027075635, -0.40017340673199814, -0.3982229683919268, 0.6302460574495862]",49.341458727078894,1.939332333431618
"[-6.223950536092867, 16.75677218703718, -0.2597853717586317, 0.4639684376004942]",69.57800739393305,1.9424754976673257
"[0.778386274711307, -0.1756864758357417, -1.2632207970488931, 0.6850092474221684]",77.00614894877474,1.9456186619030336
"[1.1426165355042102, 2.1253556943470757, -0.2693840067037752, 0.4794984101279395]",62.88773926733333,1.948761826138741
"[-13.51669514182163, 22.41035416304771, -0.5029510943423159, 0.7067759436753358]",90.60221890059314,1.9519049903744488
"[-0.12300553394523471, 3.0876846373054088, -0.4888243727910474, 0.6980964656454008]",72.58982091117467,1.9550481546101566
"[-9.098989882351859, 20.375531139697, -0.3217922168788884, 0.5514534729854508]",73.23255254590747,1.958191318845864
"[0.17901066487940162, 2.779248943662387, -0.44103499135492547, 0.6651399378410449]",79.7466381906349,1.967620811552987
"[-1.137158137201964, 0.4883294333801759, -0.35824346899206727, -0.3920950179574196]",97.65171697689574,1.9739071400244022
"[-13.433039966573851, 26.291976660489986, -0.36848476120740525, 0.6024473196107539]",77.07399213720042,1.97705030426011
"[0.12412533025384391, 6.809423147833638, -0.18450514109489186, 0.2884943806684067]",63.33213211014722,1.9801934684958176
"[-26.422139914458207, 31.734864388115593, -0.7200855501584162, 0.7918826194692005]",72.59962857311123,1.9833366327315252
"[-18.842441801855408, 29.328843252810156, -0.5197695354270243, 0.7165280801618326]",78.43046658828467,1.9864797969672328
"[-14.276723173864537, 27.00156353750226, -0.3884103995324057, 0.6214248821386269]",74.33233321840252,1.9896229612029406
"[-0.029278823248872283, 0.5134298203900398, -0.7583224866152175, -0.5988562667911265]",85.19716748810741,1.992766125438648
"[-11.358755022509904, 25.013843977666046, -0.2967281972387384, 0.519405162842868]",72.31114171831787,1.9959092896743558
"[-8.525853684995116, 18.9155266811944, -0.3404322020269723, 0.5730240863490245]",78.34424768973564,1.9990524539100636
"[-6.721118759149722, 18.35148285649517, -0.19794111471735026, 0.331653583399271]",69.81703512444305,2.002195618145771
"[-11.672211166836457, 21.18846892993601, -0.44759388047038484, 0.6700132106338159]",74.25374505503629,2.005338782381479
"[-0.19775553458907544, 0.5308490452718666, -1.1526448563485037, -0.546412630919188]",63.380691908350805,2.0084819466171866
"[-5.635045935422979, 16.48502152204441, -0.20960366885520323, 0.362888770989728]",63.80085879968027,2.011625110852894
"[-1.6302683606987736, 5.115306772604001, -0.5484305622035559, 0.7317701453861315]",73.60868185720982,2.014768275088602
"[-3.947322049340091, 12.860235747577509, -0.1664126945765498, 0.20267452028033978]",63.492537329803405,2.03048409626714
"[6.677798904919745, 6.053901549071981, -0.1609686122930613, 0.046195532045336336]",77.32200498667117,2.033627260502848
"[-7.788678449337504, 19.376365105349006, -0.2691120240649186, 0.47907046457328606]",66.52101232336346,2.036770424738555
"[-0.20771873372943128, -0.40725903687902787, -0.28895117407354104, 0.5086383895372152]",38.735062060786866,2.039913588974263
"[-2.514728312420946, 7.790071071493871, -0.4022360739440164, 0.6337597376406052]",56.05407377352907,2.043056753209971
"[0.49551899810744754, 5.770386350663056, -0.19399131699073494, 0.31993223089704864]",56.54586250411861,2.08391788827417
"[-5.404717233053119, 14.342173512466706, -0.30409190123448954, 0.529221083722529]",64.59761779649781,2.0870610525098776
"[-3.8636643223323976, 9.990986215180637, -0.40194156897993727, 0.6335036965880769]",55.99326147670937,2.090204216745585
"[0.7856763791900868, 0.042245030248976134, -1.532084812609799, -0.1374128554125086]",55.27928996312566,2.093347380981293
"[5.8435905510597, 2.8532262116296123, -0.15980823335602481, 0.1354585418775712]",64.57094308760587,2.096490545217
"[-0.37466263772817876, -0.3458175678940323, -0.45190292166912877, 0.6731514370623521]",38.92960708154456,2.102776873688416
"[-0.8473464323846627, 0.21716591464441634, -0.15970240577172826, 0.13328396728652633]",35.3796074273824,2.105920037924123
"[-0.8841442116326862, 0.13107490048521772, -0.1589188098733017, 0.09948536675973067]",35.26541501315673,2.109063202159831
"[-0.9029920683812757, 0.0787814189890459, -0.15962522113883093, 0.06839648819777629]",35.21414985791757,2.112206366395539
"[-0.9169093636762196, 0.05018689075060058, -0.16179838060994742, 0.03624813860934597]",35.20023392607507,2.115349530631246
"[-0.9297470756969962, 0.03917127914436409, -0.16546670686521078, 0.003992124433471976]",35.2108890058828,2.118492694866954
"[-0.9908016053191034, -0.005848712624465128, -0.2035011273139538, -0.14710642057066955]",40.911214986712416,2.121635859102662
"[-0.3452552580264977, 2.368829239616487, -0.7970506174512141, 0.8037346650906739]",53.559215947189074,2.124779023338369
"[-6.793037242101586, 11.21884640126755, -0.6217800621757196, 0.7635843677351307]",53.58710359364033,2.127922187574077
"[0.00022072474286230988, 3.2525914511006193, -0.42361699485455906, 0.6516110946202289]",50.38930709709742,2.1310653518097844
"[-0.6280199974546413, 0.37492946527172666, -0.23936598424736721, 0.4275636913723092]",41.93236139471078,2.1436380087526152
"[-0.49602514188940783, 8.388045382604655, -0.16647864813344299, 0.2031229201398294]",57.238002657429604,2.146781172988323
"[0.6034652348167805, 0.23741135885454126, -1.5482412903119411, -0.08596097485623135]",61.34030514917733,2.1499243372240304
"[4.184357702278945, -1.0595092187756125, -0.20235920612498154, 0.3440229048352582]",66.95114761953957,2.1593538299311534
"[-7.653431365108571, 19.158369181737015, -0.2680011295820891, 0.47731547472208113]",70.02146345299286,2.1624969941668613
"[7.827550237975781, 0.6358960471235849, -0.16068866856143035, 0.1500008994413673]",84.99911419835422,2.1656401584025686
"[-17.027349745590943, 25.493023977499245, -0.5634568723497723, 0.7391027177109059]",72.8065536751321,2.1687833226382764
"[-3.0296444732797165, 8.097976596736638, -0.44645414536100314, 0.6691748054025005]",62.241069980127634,2.1719264868739843
"[-1.170747627938528, 9.224796208781392, -0.17392987753977804, 0.24492681791899612]",58.01490947739798,2.1782128153453995
"[7.255180131082858, 0.9109386457984715, -0.161021118577564, 0.15448814403098157]",72.19777626377585,2.2285034431167214
"[-4.7804955842414545, 14.996917086106768, -0.1891619517846752, 0.3045870654439252]",63.71835640873197,2.2316466073524293
"[-4.764155867421932, 14.949496952749907, -0.18748086545938622, 0.29894046724897183]",63.871529463144356,2.234789771588137
"[9.14908176697533, 0.9076558148119209, -0.15937310935861065, 0.12534826981691868]",91.52918245804922,2.2379329358238444
"[-6.951638770679556, 12.776779187598981, -0.5251647789688237, 0.7195272669142994]",69.0440834998324,2.2410761000595523
"[-3.5327828672786468, 9.496999015183583, -0.3989369378198201, 0.6308750935604475]",71.94852371402663,2.2567919212380905
"[-3.9785822589481845, 10.857185668831887, -0.1589301543546692, 0.10403834543478944]",64.55488973500593,2.2599350854737983
"[-9.08245079506771, 21.96557367567072, -0.2574932304136313, 0.4601230261627105]",70.40330782930077,2.2630782497095057
"[7.075249099355423, 0.36262380307080255, -0.16245124989397267, 0.1705932714733633]",72.8243037388002,2.2662214139452135
"[0.7036631865966324, 1.3159469376226418, -0.4384715903820746, 0.6632031042573309]",65.14502689999165,2.2693645781809213
"[-0.8600023181424548, 0.41983497111887025, -0.1919044480449005, -0.11345008089195038]",67.01989351557354,2.2787940708880443
"[-2.102605600884037, 10.628498784669203, -0.17534619567429796, 0.25153293861181764]",74.13394658696342,2.2819372351237517
"[-13.72548449426273, 25.176253643192652, -0.4179501263976346, 0.6470178660653929]",66.58396570108128,2.2850803993594595
"[7.3516000617213635, 0.4001131179210477, -0.16181698149092308, 0.16395700095279878]",75.5652777137834,2.288223563595167
"[-5.336566730891437, 13.223382277545351, -0.35405151937927803, 0.587732243846026]",75.86882074762467,2.2913667278308747
"[-5.218919576859258, 14.143378364563752, -0.2978140567523033, 0.5208751181810529]",68.78676437618023,2.2945098920665825
"[0.3553346572408532, 0.23931225475119294, -0.8316469335910937, -0.6062705719390657]",71.82764553105432,2.29765305630229
"[0.770262379830456, -0.3721369239191536, -0.5782556900591721, 0.7459013793625466]",46.01335732681626,2.3007962205379977
"[-14.021308386057905, 23.90690247644349, -0.47508925247853645, 0.6892104255714765]",66.9725282005242,2.3039393847737055
"[3.6784733212397245, 6.142245174838559, -0.15934833388917932, 0.07535210182897041]",67.20912065233266,2.3102257132451207
"[-11.927110847606365, 21.683121495295097, -0.44342549766606304, 0.6669297305211022]",68.0439671488407,2.313368877480828
"[0.6166692201744736, 7.319267695475554, -0.1606661658507069, 0.14968244621129753]",73.19680611622246,2.3196552059522437
"[-8.567776143398426, 17.999822292786074, -0.3808385168095765, 0.6143867073589959]",69.1013952686599,2.322798370187951
"[-2.1612892461020996, 10.668469226548591, -0.18565584601440177, 0.2926065026415295]",77.90324803549852,2.332227862895074
"[-20.18187524838363, 26.29700352277898, -0.6694183224200423, 0.7792243043040876]",66.70875565589152,2.3385141913664893
"[-21.05959824575533, 26.561832780754692, -0.694791190081478, 0.7860603793089318]",72.1791524625707,2.3448005198379045
"[-8.46369351501315, 19.123227771900524, -0.3279402491011988, 0.5587639548934813]",59.970610864382955,2.3510868483093197
"[-1.2712734763489788, 8.692828242104612, -0.2081017121413031, 0.35910695856086716]",66.63091208065457,2.3542300125450275
"[0.5524229295550007, 1.9813362168562096, -0.42902577721327373, 0.6559058610742118]",77.35433405582872,2.357373176780735
"[-6.727509668210443, 14.361698024311789, -0.4133621414577615, 0.6432273657868864]",79.0162901302052,2.439095446909134
"[-0.21150147905816008, 0.6554958267218743, -0.18253055152931338, -0.08120371668578687]",81.35927558870573,2.4453817753805493
"[-16.252574112307475, 21.251459502925695, -0.6888208639172569, 0.7845425852716065]",75.38779742237229,2.448524939616257
"[0.7676801412722675, -0.10747355808121785, -1.5334291837018865, 0.33360692316765794]",60.145467025504225,2.4516681038519645
"[1.6635913771469781, 6.1940236122739725, -0.160828206379842, 0.1519318088718487]",69.22987461480876,2.4548112680876724
"[0.3341958683481635, 7.272280077149521, -0.16633748864642794, 0.20216076257459015]",68.00804606467634,2.4579544323233797
"[0.7723829262455426, 0.08851728387660873, -1.3243650221819294, -0.43844664936017597]",68.71726640486625,2.4610975965590876
"[-6.887520713245583, 16.74011400027099, -0.31354886706886814, 0.5413271761162716]",79.56128705456788,2.464240760794795
"[0.1126706759468486, 5.787355393644475, -0.2180313962515751, 0.38302608749281863]",68.57570766156181,2.4673839250305027
"[0.04557971301137291, 0.3342103458536146, -0.8990106070387907, -0.6063370133061464]",76.10487583225691,2.4705270892662106
"[-5.608545490391807, 10.79591041222086, -0.5340009025545819, 0.7243074007114207]",79.07649557517854,2.473670253501918
"[2.649783071552349, -0.8436133786562794, -0.34119836022995176, 0.5738740068349866]",67.85023249225364,2.4768134177376258
"[5.416533656688311, -1.2318066187541608, -0.18018108668088056, 0.2720975673760439]",67.25738026303362,2.479956581973333
"[5.8603309550067015, -1.5126755434164603, -0.17760455704758735, 0.26148293339579265]",73.59240825333359,2.483099746209041
"[6.0559510267806, -1.8619273662658604, -0.17842832181462712, 0.2649553056636477]",79.95562345241758,2.4862429104447488
"[3.443849477787796, -1.1418352421130757, -0.2442169147887162, 0.4366811592780487]",61.21723868776391,2.508245060094702
"[-1.0570293578005634, 0.18212902538530346, -0.2616353519682401, -0.26703224009014376]",59.61946184242798,2.51138822433041
"[-4.625058833153381, 13.55118580680671, -0.2747231094362877, 0.487764872956037]",69.28909192454906,2.5145313885661174
"[7.593268839618444, 1.574222962084992, -0.15975792577113068, 0.13444197295045113]",83.89430243828151,2.517674552801825
"[-15.38538144353783, 25.048361662883867, -0.5028267360213721, 0.706701514531747]",68.5646358598994,2.520817717037533
"[-11.197599300218618, 22.203470153886485, -0.38314663604488763, 0.6165540588034422]",68.99310678295744,2.5239608812732404
"[-5.132173334570661, 15.413967652519181, -0.22501836114275256, 0.3985129331934505]",61.13481458121099,2.527104045508948
"[-19.44938086760673, 26.101541709401314, -0.6464950124929756, 0.7721654612514743]",72.64786142710884,2.530247209744656
"[-12.279154365605121, 24.102955655930472, -0.37815171762188765, 0.6118391020136638]",71.34530965469943,2.5333903739803634
"[0.43826784677861597, 2.6472658335485955, -0.37937027148796154, 0.6129978384062098]",72.78786658865721,2.536533538216071
"[-9.229187808129309, 22.739694310791034, -0.22749249365738286, 0.4037691931132415]",78.54553761723798,2.539676702451779
"[1.1238041628997117, 3.4814952534432653, -0.22130301352012877, 0.39040151427267267]",76.82094543761964,2.5428198666874864
"[-6.428460713650194, 15.419917953390538, -0.33719168972687913, 0.5693984478841861]",59.86012909409556,2.545963030923194
"[3.463745768757696, 3.45985363388409, -0.16396248659837812, 0.18430694106773504]",56.03985866977816,2.5491061951589016
"[-12.273191502704426, 16.249171525013125, -0.7139376419870724, 0.7905572479609982]",75.8296786216501,2.5522493593946094
"[-4.409649277714777, 11.624430619273763, -0.35587891253339093, 0.589643296149566]",53.38693776437318,2.555392523630317
"[-9.306690054050867, 20.892204144840505, -0.31585767487994837, 0.5442020599592792]",83.07661105504117,2.5679651805731476
"[3.927537366923665, -0.0023284465806327377, -0.18828632078119087, 0.30166738796820036]",58.14297650613695,2.5711083448088554
"[0.9427652340139622, 1.6614534580370548, -0.3288286198477794, 0.5598038879001678]",83.6234268695775,2.574251509044563
"[0.2426315169578183, 2.8315648893292664, -0.4128733421383644, 0.6428196837126482]",64.39516627714508,2.580537837515978
"[-10.012313344645271, 22.233686816431607, -0.3116136285617376, 0.5388935901723889]",66.03684967845665,2.583681001751686
"[2.192472391622787, 0.3270653171227307, -0.24189832440264492, 0.4323633385052399]",80.08500241383132,2.586824165987393
"[-6.2366546347253715, 10.778035724303503, -0.6010443399166504, 0.7555799232675533]",93.02830691968771,2.589967330223101
"[-6.377659872320969, 17.10333514189611, -0.25649489885644233, 0.4584306956194183]",70.42680776813897,2.596253658694516
"[-8.22715615408438, 18.80809445778528, -0.32426932946938447, 0.554423102342674]",70.16461448509997,2.599396822930224
"[-0.37039427808870995, 8.306948878812062, -0.16293447561235033, 0.175253881774367]",89.5325495663128,2.605683151401639
"[-7.691899802236342, 19.955682727211634, -0.22980179335813253, 0.4085765991388594]",73.20865122374263,2.6119694798730544
"[-8.037441307408425, 16.46451433746215, -0.4112950900040068, 0.6414982379741776]",78.78604601528315,2.615112644108762
"[0.6486490300459008, 3.9220402438978006, -0.24774544826367517, 0.4431179048100483]",80.68443829245611,2.61825580834447
"[-2.914054699788831, 11.56692691407467, -0.16679597928698292, 0.20525308507095377]",75.40716395803035,2.6213989725801774
"[-10.44056344544751, 16.12431961761994, -0.6002500626845705, 0.7552583216283301]",67.84089241650192,2.6276853010515926
"[-9.042727435048825, 11.283577355454948, -0.8203961437631815, 0.8056330283014634]",70.93242115054525,2.6308284652873004
"[-11.850546027702828, 21.359179903324996, -0.4512846163251752, 0.6727041812468859]",76.87775240209288,2.6339716295230082
"[-24.000692624141298, 31.232579066752233, -0.6554272571826211, 0.7750173484051186]",81.29066197214195,2.6371147937587156
"[-0.10078427989165316, -0.14571190633773715, -0.9393567080034102, 0.8032940493289588]",74.28242860081161,2.6402579579944234
"[-14.3543766349435, 24.52672290532839, -0.4705125917029384, 0.686148117355484]",76.21946369380208,2.6434011222301312
"[8.645118463145291, 2.156718993484196, -0.15897716193777692, 0.10909855491513616]",93.07007461793516,2.6559737791729616
"[2.4214713133063785, -0.6531549979174496, -0.3651390960672794, 0.5991121184077446]",75.58559529375823,2.6591169434086694
"[-16.98493824589675, 25.55858948144988, -0.5593291914705335, 0.7371321945658524]",74.866538880347,2.6622601076443773
"[-0.9324645098671344, 8.786362914271376, -0.17768208115472886, 0.26181307175591856]",82.70639299060936,2.6654032718800846
"[-12.47688629927043, 25.32693673315732, -0.3491981978233518, 0.582586405919651]",76.39085353366693,2.6716896003515
"[-4.920646601464373, 14.993787537859026, -0.17901484271158907, 0.2673812682899983]",78.99687729653901,2.6748327645872076
"[1.2476120892676854, 3.5978144727168413, -0.20958694488774074, 0.36284700812701925]",84.52864089381052,2.6779759288229155
"[-9.592437204467158, 22.39470491603791, -0.27794399461361785, 0.49263246960441065]",73.15540677576135,2.681119093058623
"[-23.27774974801467, 30.975501040339633, -0.637981080105278, 0.7693248736134841]",72.86980004576372,2.6842622572943307
"[-13.793694818796313, 26.673689079975116, -0.3748011221264565, 0.6086243261087634]",73.75153891118958,2.6874054215300385
"[-3.6517737313812964, 13.040708595777724, -0.17904594628523926, 0.26750888028430103]",64.80409642597917,2.690548585765746
"[-0.363424531956914, -0.35956206701876015, -0.4098988952896772, 0.6403226890001358]",49.57719472303908,2.696834914237161
"[5.809148154884334, 4.208404467283566, -0.15892007892451002, 0.10143511488540453]",67.34241166617922,2.699978078472869
"[-4.528919728303546, 14.60160173861672, -0.19972113105714012, 0.3367247687618368]",79.07523220756475,2.7031212427085762
"[-15.874341752052004, 27.754479459339283, -0.4400351315815502, 0.6643866475994098]",74.16685517184999,2.706264406944284
"[-10.173915008325125, 20.449350443930356, -0.3868648664569082, 0.6200049802338354]",73.79775942839231,2.7094075711799914
"[-4.488232876493432, 11.658768476335094, -0.3615654973490726, 0.5954999523703913]",77.7240259583734,2.7125507354156992
"[-4.5790560351537914, 14.013744496517317, -0.17012085277390504, 0.22536688511256045]",76.83289447558995,2.7156938996514066
"[-4.421711772058351, 14.062523059044613, -0.22904147075018533, 0.407004021237856]",91.59881922040671,2.7219802281228223
"[0.0019943249183948446, 7.5426301706356, -0.17076518205972652, 0.22889229646221532]",68.81228676652182,2.7314097208299453
"[0.6292572154326808, 0.3087487242484789, -0.5619884244347806, -0.5384054473356973]",82.7586313523326,2.7345528850656526
"[-15.017467882329012, 20.962642942829593, -0.6393312484981248, 0.7697833679325075]",74.87008226962138,2.7376960493013605
"[-5.2738289668318, 15.757248453711759, -0.18625609391150907, 0.2947143686400158]",69.79930245058328,2.740839213537068
"[-14.278868054415302, 25.47206809482756, -0.4357445109471131, 0.661122404880708]",78.69823456439794,2.7471255420084835
"[-3.7599725597040767, 12.712710773490336, -0.1674827844595834, 0.20971877226240393]",74.09253361297135,2.7534118704798987
"[-16.33291747929013, 25.150613813565013, -0.5436242068315228, 0.7293309687305338]",78.69261214112684,2.7565550347156065
"[-6.941111079395597, 14.46796643322329, -0.4253413045728778, 0.6529896244072659]",87.146288907882,2.759698198951314
"[3.2902695798100727, -1.2106181739355986, -0.2659090749970612, 0.4739791330044389]",69.68699662285803,2.7628413631870217
"[-4.788619090172192, 10.765684259391225, -0.15910312036233648, 0.08384805890056911]",66.49681414798299,2.7659845274227295
"[-5.077457582674129, 15.373350735089456, -0.18332533721732797, 0.2841755116981034]",66.41453440822079,2.769127691658437
"[-6.7212616433122605, 18.268997390137905, -0.2253825126286275, 0.39929364512383864]",66.29001977631695,2.7722708558941447
"[-6.760307248485841, 17.32399007391643, -0.278179014983395, 0.4929842530860101]",59.91706142708908,2.7754140201298525
"[-9.928551339700578, 22.06766989790095, -0.31234763172288305, 0.5398191954939492]",66.15160903566499,2.77855718436556
"[-11.300912863891421, 23.321458110235486, -0.3503695435105205, 0.5838378176260689]",66.12173202220673,2.7817003486012677
"[-12.440541085512836, 24.250033994697443, -0.3819198595051535, 0.6154045226790754]",66.11282364002696,2.784843512836975
"[-13.287018554029723, 24.89053671408899, -0.40506143093836217, 0.6362016558515484]",66.12356096805199,2.787986677072683
"[-13.775526701121558, 25.257420874663868, -0.4178403040578756, 0.6469278895641372]",66.15388917579759,2.7911298413083907
"[-13.839453062186436, 25.34085898514275, -0.4183468532305971, 0.6473425941528509]",66.20473959736783,2.794273005544098
"[-13.415961278119479, 25.099204758926867, -0.40488815600518485, 0.6360526454654828]",66.27797954486579,2.797416169779806
"[-12.454627578556504, 24.445639301147498, -0.37627542411343623, 0.6100440739898758]",66.37664770213024,2.8005593340155137
"[-10.930105094444734, 23.226489936980716, -0.33227474620491326, 0.5637997795745703]",66.50573864841485,2.803702498251221
"[-8.863797708735541, 21.179597834516347, -0.2744319306256744, 0.487320490699818]",66.67427333923416,2.806845662486929
"[-6.391038691697537, 17.819392341073783, -0.20838322802731635, 0.3598206471114966]",66.90026523951573,2.8099888267226367
"[-5.0201930608042495, 11.566988197442788, -0.15892729464112285, 0.1035020059871247]",67.13767537871175,2.813131990958344
"[-8.329731618203377, 16.892474404617364, -0.41274173470111697, 0.6427097892449969]",81.68731987538908,2.822561483665467
"[-8.647100677324055, 19.166709781210404, -0.33863042756798706, 0.5710143724576159]",73.68930584605329,2.8257046479011745
"[-7.274463251391319, 18.635628010464387, -0.2607372814669036, 0.4655492976074576]",68.64533362792109,2.8288478121368823
"[-1.3483315630911965, 6.774403775578299, -0.3225024678838514, 0.5523083219994984]",67.95197008449745,2.8319909763725897
"[-7.997017545012651, 18.555202217449455, -0.31840548584778877, 0.5473392733474842]",65.44657216572807,2.8351341406082975
"[-12.034962618748327, 16.244275829374637, -0.6992037500950106, 0.7871466625548699]",80.33445362715287,2.838277304844005
"[1.379452699094948, 5.383119632060446, -0.17133097068322867, 0.2319077125045605]",70.52586943391587,2.8414204690797127
"[3.981297812875366, -0.4599142235976364, -0.19514687620112048, 0.32343231912065484]",78.70371141900424,2.8539931260225435
"[-2.6207387751326623, 11.291145374521873, -0.1694251007276975, 0.22144141707529225]",73.48871795703916,2.857136290258251
"[-16.697857911197804, 28.312385827890466, -0.45990939975004114, 0.6788521324717736]",72.30388534890169,2.8602794544939587
"[3.5459038097727773, -1.3864616760000472, -0.25155962000078863, 0.4499025586633107]",79.35954848282402,2.863422618729666
"[6.852761997980343, -1.34655024724529, -0.16903615092691557, 0.2191888476373141]",90.30680197258822,2.866565782965374
"[-6.857149566084641, 18.45387208874076, -0.22980917260076858, 0.4085918132070996]",73.78748445441092,2.8697089472010817
"[-8.087378444035311, 13.495831199584492, -0.577159964754414, 0.7454120839696005]",74.73200608103345,2.875995275672497
"[8.00431963528241, -1.2500160094622528, -0.1642208789232887, 0.18643152714381828]",90.95110401305888,2.8791384399082047
"[-5.612466486819933, 15.867009583945334, -0.17561081404153056, 0.2527340638826575]",69.41395564853323,2.882281604143912
"[-7.585729052409501, 19.836901320841932, -0.223750315589098, 0.3957747641088769]",69.27740432224034,2.88542476837962
"[-9.481246833493724, 22.37457989520889, -0.2707652212149387, 0.48166125693777495]",69.19482956835179,2.8885679326153277
"[-10.990624427726758, 24.01770651962958, -0.3087877472040506, 0.5353001195598207]",69.15230659985691,2.891711096851035
"[-12.038998933784844, 25.024894449300074, -0.33524933361317466, 0.5672009881555776]",69.13856668946825,2.894854261086743
"[-12.62219886131786, 25.552582678110273, -0.34975728461525135, 0.5831844669787187]",69.14636832997685,2.8979974253224503
"[-12.779617152507704, 25.704056916173073, -0.35325382991957033, 0.5868935335739608]",69.17048619683027,2.901140589558158
"[-12.581558143068161, 25.553446420917176, -0.3475883024585513, 0.5808564983119172]",69.20657121539183,2.904283753793866
"[-12.122974823913603, 25.166197889995175, -0.33529449397973826, 0.5672522887882561]",69.25019661538386,2.9074269180295733
"[-11.528380056534907, 24.62740938258922, -0.31967454158275826, 0.5488883328529158]",69.29530273769821,2.910570082265281
"[-10.973496242131443, 24.088631346070965, -0.3053175248431994, 0.5308209308903183]",69.3310110763442,2.913713246500989
"[-10.69192546804884, 23.796682308339246, -0.2982730839758028, 0.5214941320492023]",69.3368217909691,2.9168564107366963
"[-10.559041765427667, 23.636167536799434, -0.2956623399209846, 0.5179545135302295]",69.29176322215025,2.919999574972404
"[0.7837093487026701, 0.003371291672230545, -1.297276522301493, -0.4603770808819247]",47.17327376353817,2.9262859034438193
"[0.3835897859226755, 3.0347981441487675, -0.351040806863451, 0.5845522313787509]",79.0655262113703,2.929429067679527
"[-0.19691327248771628, 0.7031703501134999, -0.762160870833778, -0.5994370298997195]",84.30090626767023,2.9325722319152345
"[2.4280629715948754, 0.01815828366014958, -0.24699910740883926, 0.4417695779256899]",87.85518282307248,2.9357153961509423
"[-18.673647579782074, 29.303623979592235, -0.5136963474141889, 0.7130776753701222]",78.98374901874678,2.9482880530937727
"[-13.05385852076017, 26.930056208249763, -0.32972075029069337, 0.5608441370365289]",72.08020647189264,2.954574381565188
"[-17.61785580613947, 30.222294515146736, -0.44470247216513176, 0.6678793774136442]",71.63967555595464,2.9577175458008957
"[-14.202037538060138, 27.680913506060744, -0.36475511846733016, 0.5987264792028832]",71.55989245165999,2.960860710036603
"[-8.2757513073262, 21.064482850547485, -0.22439062380466882, 0.39716125104108274]",71.71581381357926,2.964003874272311
"[2.8057336817048335, -0.9858445908087888, -0.32868332539339146, 0.5596340835821259]",75.28031792628207,2.9671470385080188
"[-0.7553110990858356, -0.3744628813758227, -0.16812697580865896, -0.013744381087273601]",50.52977199634429,2.970290202743726
"[6.857265242710712, 0.39220520908275525, -0.16288054069031388, 0.17474825418924067]",81.43895215615875,2.973433366979434
"[-8.149260374911792, 20.240634520983377, -0.2594887719710094, 0.4634739526684246]",68.79319736312696,2.9765765312151413
"[-0.18051562977369567, 8.129990715976259, -0.15892547322015674, 0.09688741329639176]",75.80277912224422,2.979719695450849
"[-11.762681485484244, 20.191985117834538, -0.4923143228778971, 0.700283289795447]",75.34566505509177,2.982862859686557
"[-12.116664679226716, 20.44513638147058, -0.5025461698771146, 0.7065334669399013]",82.33065618963526,2.9860060239222643
"[3.436586139881532, -0.9177796232907144, -0.23186744791127073, 0.41279975543910097]",69.67692639698821,2.989149188157972
"[2.416251665314819, 5.317011991648707, -0.16115516834172625, 0.15619565096101437]",76.25243901417005,2.998578680865095
"[-1.8729104586799479, 10.247265246625687, -0.18056678492093253, 0.2736274224474121]",74.61880514174979,3.001721845100803
"[-16.16901763325923, 28.305269843316903, -0.43698754378054766, 0.6620734068458269]",72.5113378955536,3.0048650093365104
"[-16.11096662215388, 27.825137628885567, -0.4485042546081573, 0.6706803746323373]",71.80029386921329,3.008008173572218
"[-5.987572979483168, 12.21055475405629, -0.1589245867014359, 0.10290421771661919]",79.48364640097425,3.0142945020436334
"[2.4611261426635656, 5.597783572400331, -0.16002670078836903, 0.13957058715595652]",74.16506271302336,3.0205808305150486
"[6.616076148654997, 2.4306398958459154, -0.1596269634982151, 0.13164243292148475]",72.79670378160479,3.0237239947507564
"[-11.917036478592753, 23.737698944587255, -0.3706729548908701, 0.6046047476739997]",72.31061336422873,3.0331534874578794
"[-9.438685513750045, 20.047771284807336, -0.3561944527876953, 0.5899718373598117]",88.85915423849606,3.036296651693587
"[-17.998578363591985, 25.804254577662793, -0.5955784099478404, 0.7533440315214784]",73.7330731917762,3.0425829801650024
"[-13.904429059483217, 23.808837813063832, -0.4725794665164341, 0.6875374834402431]",72.21107090396592,3.0488693086364176
"[-15.848041836184695, 21.53594450965078, -0.6570169176212656, 0.7755112528387493]",74.93061318910327,3.0582988013435406
"[-11.432533160923436, 21.025362837652516, -0.439988249266339, 0.6643512584996286]",72.48195886256903,3.0614419655792484
"[-3.452903345608954, 8.373694559633396, -0.47926259958678025, 0.6919582192090586]",81.7152199543347,3.064585129814956
"[-0.3235689798390693, 7.795010689331667, -0.17803495359483376, 0.2633068903870919]",65.45492179100648,3.0677282940506636
"[-12.883740363238347, 20.220915513468398, -0.5557511902845241, 0.7353974444684257]",72.31130410035108,3.070871458286371
"[-0.8122395675691039, 6.179804741434691, -0.2935548322529141, 0.51506318161259]",81.89498694681434,3.074014622522079
"[-9.272772310822337, 18.750063432107126, -0.3969219059831814, 0.6290953679163748]",76.54734614769876,3.077157786757786
"[5.227624265644539, 2.3207595500707043, -0.16178356341449698, 0.16358797270204417]",74.8154306613918,3.080300950993494
"[-0.17818429597248678, 6.131221824670209, -0.22792251513352374, 0.4046714681346976]",65.48167006205493,3.0834441152292014
"[0.46201348915687823, 7.385856442015198, -0.1618922865153361, 0.16478080861562394]",73.41439437509115,3.086587279464909
"[-7.821140454126252, 14.976262466099424, -0.4690101388948407, 0.685131506111776]",84.54619546041499,3.089730443700617
"[-0.8482972583607856, 4.913557918116472, -0.4094199344982202, 0.639917998790473]",79.09139504118272,3.0928736079363244
"[-0.2508989235827009, -0.24987706839835172, -0.8780887549900308, 0.8070038723780903]",83.68377474992478,3.0991599364077396
"[-0.14915667928556714, 0.6207343965272382, -0.8502053060137972, -0.6069297875365874]",74.93722600344148,3.1023031006434474
"[-1.3786371837293452, 4.9693700069244775, -0.5146986142574433, 0.7136525783867002]",72.46234914955167,3.105446264879155
"[-1.1135564293267692, 3.098543548842486, -0.8635069363943985, 0.8071022962216983]",72.73014601259698,3.1085894291148626
"[1.9215457735983623, -0.2980353871868166, -0.5305857805257006, 0.7224791234635224]",71.1241126795661,3.1117325933505704
"[3.509675733305128, -1.4405990729682308, -0.25979878301171344, 0.46399077497438923]",70.78478329698022,3.114875757586278
"[4.892302181450403, -1.8010965969217714, -0.19752039762923182, 0.3304366653668964]",70.52039205417644,3.1180189218219856
"[4.041934309271844, -1.7925504861618744, -0.23393166942497587, 0.4169503288900406]",77.02005858872214,3.1211620860576934
"[5.657212884516081, -2.0133131397240707, -0.18512218799467522, 0.2907113282612135]",76.73855372100898,3.124305250293401
"[5.175771811125152, -2.2579143898168197, -0.19853697858304364, 0.33336495500000934]",83.16393137565173,3.1274484145291086
"[4.891656832751131, -2.3472281720956136, -0.209518194268001, 0.3626752440808502]",89.5340705904675,3.1305915787648164
"[4.847225913250399, -2.445644253513516, -0.21397816036159822, 0.37355875483096407]",95.85735876120734,3.133734743000524
"[7.233788909988593, -2.5391979407034824, -0.17278572053207458, 0.2393511448254335]",95.5214618172852,3.1368779072362316
"[-8.46952211304559, 10.76706966844796, -0.1608009660469328, 0.048439429620894404]",67.21861632202827,3.1557368926504776
"[-7.269901519310134, 12.144802058108453, -0.15911166841483054, 0.08347817365460797]",67.32057728210975,3.158880056886185
"[-6.759164039569134, 12.922357053022012, -0.15895478782598996, 0.10715150670411301]",67.35368602430955,3.1620232211218933
"[-6.481728143946515, 13.518870723223275, -0.15942247936728846, 0.126689084006894]",67.36520142995454,3.1651663853576006
"[-6.324244345454626, 14.024001568998345, -0.1602775106217897, 0.14381679240287307]",67.36628666281673,3.168309549593308
"[-6.238737600543272, 14.472275904709987, -0.16140719173723683, 0.159272044434121]",67.36149762416791,3.1714527138290163
"[-6.200273234724429, 14.880564656819095, -0.16274401830844984, 0.17345265715392436]",67.35312538017563,3.1745958780647237
"[-6.194280965433196, 15.258377224002947, -0.16424220151459198, 0.186604486095572]",67.34246489462775,3.177739042300431
"[-6.211559827191388, 15.611629224464021, -0.16586825907869102, 0.19889374458220574]",67.33030563923431,3.1808822065361384
"[-6.245964966714641, 15.944284283636483, -0.16759649251860043, 0.21044028208953383]",67.31715512137815,3.1840253707718467
"[-6.293214325683156, 16.259158576817683, -0.16940652315730154, 0.22133480602775674]",67.30335250755715,3.187168535007554
"[-6.350221771061145, 16.55834665765266, -0.1712817931243397, 0.23164845402421708]",67.28913128319864,3.1903116992432614
"[-6.414701844742416, 16.843468589287706, -0.17320862114500973, 0.2414386994183354]",67.27465583538367,3.1934548634789692
"[-6.484923503531644, 17.11581726582193, -0.17517555013721686, 0.25075304214366223]",67.2600439219364,3.196598027714677
"[-6.559550448681504, 17.376451173115722, -0.17717288052561672, 0.2596314542936513]",67.24538103776078,3.1997411919503844
"[-6.637534848376538, 17.6262574746799, -0.17919234391707123, 0.2681081433875993]",67.23072978245658,3.2028843561860922
"[-6.718043182423031, 17.86599142490275, -0.18122682916347074, 0.2762126902271497]",67.21613635190283,3.2060275204218
"[-6.800405280681855, 18.09630830908547, -0.18327020687627635, 0.28397103330386964]",67.20163481885368,3.2091706846575074
"[-6.884076034411805, 18.317781560440928, -0.18531714949427894, 0.2914060410259823]",67.18725040695202,3.2123138488932153
"[-6.968609106369741, 18.530921265444285, -0.18736303425486897, 0.2985381277853394]",67.17300155471757,3.2154570131289226
"[-7.0536353783650725, 18.73618277915112, -0.1894038150969835, 0.3053855538299489]",67.15890172546376,3.2186001773646304
"[-7.138848419311957, 18.933978032917928, -0.19143596309099034, 0.3119648237441546]",67.14496045682102,3.2217433416003383
"[-7.223991825076508, 19.12468054486393, -0.1934563793129329, 0.3182908777788098]",67.13118438626714,3.2248865058360456
"[-7.308850838769499, 19.308632847740903, -0.19546235803230713, 0.3243773644368346]",67.11757781534146,3.228029670071753
"[-7.393244045787374, 19.48614853341361, -0.19745151368495345, 0.3302367335531843]",67.10414334126212,3.2311728343074613
"[-7.477018902330317, 19.65751858932391, -0.19942177049667995, 0.3358804699155019]",67.0908821315003,3.2343159985431686
"[-7.56004562597719, 19.823011191309334, -0.20137129243358592, 0.3413191087842152]",67.0777943690124,3.237459162778876
"[-7.642215048709327, 19.98287738121942, -0.20329849056046256, 0.3465624433862917]",67.06487934351671,3.2406023270145843
"[-7.723434452231195, 20.137350812660078, -0.20520197079853456, 0.3516195350459087]",67.05213574251927,3.2437454912502917
"[-7.803625102490675, 20.28664961645376, -0.20708051230638125, 0.3564987914103382]",67.03956180255739,3.246888655485999
"[-7.882720812779425, 20.430979067247936, -0.20893306267271994, 0.3612080688882262]",67.02715535600251,3.2500318197217073
"[-7.96066604472018, 20.57053247418073, -0.2107587166058113, 0.3657547152431062]",67.01491394497923,3.2531749839574147
"[-8.037414403735806, 20.705492149025435, -0.21255669941353075, 0.3701456133417776]",67.00283489620287,3.256318148193122
"[-8.112926787126758, 20.836029264410715, -0.21432633879903717, 0.3743871875601053]",66.99091545296811,3.2594613124288294
"[-8.18717150878009, 20.962306721437763, -0.21606708014065915, 0.37848550685119575]",66.9791526952554,3.2626044766645377
"[-8.260122790138823, 21.084478759079513, -0.2177784612451181, 0.38244628071267]",66.96754364351274,3.265747640900245
"[-8.331759647017238, 21.20269102582652, -0.2194600945260196, 0.3862748694237039]",66.95608533370554,3.2688908051359524
"[-8.402066264541807, 21.317082861577184, -0.22111168263241615, 0.3899763650193612]",66.94477471736795,3.2720339693716607
"[-8.471030615075701, 21.427786437877792, -0.22273299165648192, 0.39355556969438105]",66.93360878747366,3.275177133607368
"[-8.53864402756365, 21.534927336802923, -0.22432384566520466, 0.3970170202317397]",66.92258457507452,3.2783202978430754
"[-8.60490124680362, 21.638625738424622, -0.225884131970228, 0.4003650314535279]",66.91169911034133,3.2814634620787837
"[-8.6697998213034, 21.738996399455957, -0.22741378996087722, 0.40360370005924784]",66.90094946115074,3.284606626314491
"[-8.733339424119318, 21.836148455317673, -0.22891279777796236, 0.40673690235710813]",66.89033278236337,3.2877497905501984
"[-8.795522159471565, 21.930186651031157, -0.23038118177458872, 0.40976833767428783]",66.87984624891283,3.2908929547859067
"[-8.85635218302607, 22.021211414642163, -0.2318190094480772, 0.4127015340270341]",66.8694870805228,3.294036119021614
"[-8.915835071247152, 22.109318508846442, -0.23322637610126706, 0.4155398398985946]",66.85925258603775,3.2971792832573215
"[-8.97397799907508, 22.19459984061645, -0.23460341033720328, 0.4182864530436557]",66.84914012777608,3.3003224474930297
"[-9.030789714194063, 22.277143893027635, -0.23595027456183518, 0.42094443683465615]",66.83914709794296,3.303465611728737
"[-9.086279881213725, 22.35703519903705, -0.23726715036367166, 0.4235167055273429]",66.82927099076663,3.3066087759644445
"[-9.140459187015674, 22.434354896954133, -0.2385542417573166, 0.42600604415306803]",66.81950935721905,3.3097519402001523
"[-9.19333956422291, 22.50918139839458, -0.23981178114227453, 0.4284151318337236]",66.80985978392535,3.31289510443586
"[-9.24493353919828, 22.581589778256117, -0.24104001435150355, 0.43074652378420847]",66.80031993761789,3.3160382686715675
"[-9.295254367418627, 22.651652267192773, -0.2422392042998864, 0.4330026686568719]",66.79088754403935,3.3191814329072753
"[-9.344316015876212, 22.719438493076886, -0.24340963093788598, 0.43518591766761405]",66.78156038294054,3.322324597142983
"[-9.392132982187798, 22.785015473481238, -0.24455158724784098, 0.43729852558142973]",66.77233629214516,3.3254677613786905
"[-9.438720206133745, 22.848447720492896, -0.24566537737948935, 0.4393426552009765]",66.76321317690419,3.3286109256143983
"[-9.484093167960879, 22.909797580494402, -0.24675131920735216, 0.44132038932825957]",66.75418897740843,3.3317540898501057
"[-9.52826746848323, 22.969124855650467, -0.24780973445039362, 0.44323371948259016]",66.74526171839045,3.3348972540858135
"[-9.571259348734106, 23.026487679984157, -0.24884096124899838, 0.4450845749844517]",66.7364294385208,3.338040418321521
"[-9.613085037490093, 23.081941803809087, -0.2498453386418539, 0.44687480064263996]",66.72769025511207,3.3411835825572287
"[-9.6537609606141, 23.135541029136807, -0.25082321165089033, 0.4486061714801903]",66.71904234278898,3.344326746792936
"[-9.693304003479469, 23.18733769092132, -0.25177493766417824, 0.4502804089169735]",66.71048388503804,3.347469911028644
"[-9.731730900252337, 23.237381981250806, -0.2527008718001431, 0.45189915951339793]",66.70201315236355,3.3506130752643517
"[-9.769058600668906, 23.285722552924952, -0.2536013757554562, 0.4534640149898591]",66.6936284455229,3.353756239500059
"[-9.80530409800671, 23.332406405131447, -0.25447681368601704, 0.4549765090095365]",66.68532811023698,3.3568994037357665
"[-9.840484578469571, 23.377479178563444, -0.25532755582999406, 0.456438127174677]",66.67711051545078,3.3600425679714747
"[-9.874616949620622, 23.420984647289075, -0.25615396710933536, 0.4578502909427967]",66.66897411583054,3.363185732207182
"[-9.907718347353043, 23.462965459593036, -0.25695641937990965, 0.459214382001086]",66.66091737092331,3.3663288964428895
"[-9.93980589640847, 23.503462913046913, -0.25773528564111575, 0.4605317353148936]",66.65293878013964,3.3694720606785977
"[-9.97089654514093, 23.542516825691553, -0.2584909360060221, 0.4618036352238456]",66.6450369003739,3.372615224914305
"[-10.001007233331118, 23.580165822815164, -0.2592237417494079, 0.4630313250279076]",66.63721031028952,3.3757583891500125
"[-10.030154823525175, 23.616447319003374, -0.259934073620697, 0.4642160066503608]",66.62945763446973,3.3789015533857207
"[-10.058356167851022, 23.651397665352363, -0.26062230345198584, 0.46535884566799685]",66.62177751558988,3.382044717621428
"[-10.085627899263605, 23.685051950890408, -0.2612887990410291, 0.4664609650200069]",66.61416864302916,3.3851878818571355
"[-10.11198664561231, 23.717444325035977, -0.2619339293469226, 0.4675234557302483]",66.60662973317625,3.3883310460928437
"[-10.13744872420219, 23.748607675193806, -0.26255805698910295, 0.46854736649689477]",66.59915954702193,3.391474210328551
"[-10.16203058048275, 23.778574215268804, -0.26316154896143984, 0.4695337231538294]",66.59175684803344,3.3946173745642585
"[-10.185748365956263, 23.807375015079526, -0.26374476626590093, 0.47048351335822863]",66.58442044621845,3.3977605387999668
"[-10.208617988674389, 23.83504010941756, -0.2643080650976655, 0.4713976902508744]",66.57714919585445,3.400903703035674
"[-10.230655387105834, 23.861598871461396, -0.2648518035578537, 0.47227718489131415]",66.5699419487591,3.4040468672713815
"[-10.251876269193144, 23.88707973527647, -0.26537633520791787, 0.47312289720432865]",66.56279759658479,3.4071900315070898
"[-10.272296129444092, 23.911510254963492, -0.26588200944889573, 0.47393569799549984]",66.55571506305455,3.410333195742797
"[-10.291930322736563, 23.934917228534474, -0.26636917331401755, 0.4747164331304127]",66.54869328561006,3.4134763599785045
"[-10.310794001492233, 23.957326655784502, -0.26683816988372155, 0.4754659221958813]",66.5417312395428,3.416619524214212
"[-10.328902159230635, 23.978763821521763, -0.26728933933646326, 0.4761849613279698]",66.53482791224718,3.41976268844992
"[-10.34626961189763, 23.999253302624346, -0.26772301845941465, 0.47687432350104647]",66.52798231663282,3.4229058526856275
"[-10.36291096064427, 24.01881895206833, -0.26813953969002513, 0.47753475802377743]",66.52119349225435,3.426049016921335
"[-10.37884058983435, 24.037483923480877, -0.26853923103044086, 0.4781669913778523]",66.51446050476193,3.429192181157043
"[-10.394072768933377, 24.055270815330562, -0.268922418577982, 0.4787717321257367]",66.5077824229396,3.4323353453927505
"[-10.408621498421752, 24.072201513907732, -0.26928942263248196, 0.47934966561023873]",66.50115835490342,3.435478509628458
"[-10.422500650494449, 24.088297379965777, -0.269640561209044, 0.47990146031082276]",66.494587411215,3.438621673864166
"[-10.435723794278163, 24.10357906678588, -0.26997614559585653, 0.4804277616221335]",66.4880687464852,3.4417648380998735
"[-10.44830440806288, 24.118066786223444, -0.2702964856988515, 0.4809292009764669]",66.48160150898684,3.444908002335581
"[-10.460255696568531, 24.13178011608502, -0.2706018853854937, 0.4814063892194436]",66.47518488346286,3.4480511665712887
"[-10.47159071884815, 24.14473816549811, -0.27089264571348654, 0.4818599223155656]",66.46881805663503,3.4511943308069966
"[-10.482322278660556, 24.156959466074568, -0.2711690621045345, 0.4822903775445825]",66.46250025150619,3.454337495042704
"[-10.492463015851735, 24.16846209262549, -0.27143142665987124, 0.48269831769578886]",66.45623069346235,3.4574806592784117
"[-10.50202540047702, 24.17926367091361, -0.2716800280043797, 0.48308429136267284]",66.45000861967884,3.460623823514119
"[-10.511021633498327, 24.189381279873505, -0.2719151486832551, 0.4834488294200449]",66.44383330263793,3.463766987749827
"[-10.51946373951413, 24.198831570572857, -0.272137067534129, 0.4837924492037755]",66.43770401838127,3.4669101519855348
"[-10.52736357316521, 24.20763078574921, -0.2723460598491924, 0.48411565521938144]",66.43162006040728,3.470053316221242
"[-10.53473277502679, 24.215794722542007, -0.2725423961983068, 0.48441893775737704]",66.42558073163299,3.4731964804569495
"[-10.541582787587203, 24.223338762194206, -0.2727263428219539, 0.48470277391907357]",66.41958536126506,3.4763396446926578
"[-10.547924865199123, 24.230277892042892, -0.27289816187654486, 0.48496762838805907]",66.4136332795905,3.479482808928365
"[-10.553770068319901, 24.236626709548286, -0.2730581112615131, 0.48521395353494545]",66.40772383751616,3.4826259731640725
"[-10.55912926972788, 24.24239943893487, -0.2732064447694332, 0.48544219000047734]",66.40185639698346,3.485769137399781
"[-10.564013134275205, 24.247609918935154, -0.2733434114997822, 0.48565276612710834]",66.39603033766669,3.488912301635488
"[-10.56843215179562, 24.252271647336592, -0.2734692567427581, 0.4858460996344401]",66.39024504839101,3.4920554658711955
"[-10.572396638266472, 24.25639778999132, -0.2735842220165681, 0.48602259797255537]",66.38449992646021,3.495198630106903
"[-10.575916697744976, 24.260001149201813, -0.2736885439446169, 0.48618265688025103]",66.37879438658463,3.498341794342611
"[-10.579002272057103, 24.26309422334153, -0.27378245566596643, 0.48632666281778025]",66.373127857402,3.5014849585783185
"[-10.581663116833374, 24.26568918892547, -0.2738661861288553, 0.4864549921343036]",66.36749976776993,3.504628122814026
"[-10.583908798270365, 24.26779790527452, -0.27393995993259584, 0.48656801106500785]",66.36190957383472,3.507771287049734
"[-10.585748717399378, 24.26943194486828, -0.2740039980652899, 0.4866660770875949]",66.35635673238018,3.5109144512854416
"[-10.587192097567403, 24.270602587132622, -0.2740585174973421, 0.4867495385124057]",66.35084070919632,3.514057615521149
"[-10.588247987014007, 24.271320827434927, -0.2741037312195544, 0.48681873474273807]",66.34536098693954,3.517200779756857
"[-10.588925265289049, 24.271597387670116, -0.274139848474015, 0.4868739968192112]",66.33991705048872,3.5203439439925646
"[-10.589232638215268, 24.271442720032336, -0.2741670744450363, 0.48691564712682445]",66.33450840328601,3.523487108228272
"[-10.589178648278063, 24.270867019267104, -0.2741856106789349, 0.4869440002078171]",66.32913455675903,3.52663027246398
"[-10.5887716724827, 24.269880226351944, -0.2741956549587947, 0.4869593627307218]",66.32379502665007,3.5297734366996876
"[-10.588019925499678, 24.2684920371129, -0.27419740134465564, 0.48696203370371977]",66.31848934389937,3.532916600935395
"[-10.586931463526316, 24.266711910642943, -0.2741910402622344, 0.4869523047537848]",66.3132170460114,3.536059765171103
"[-10.58551417795334, 24.26454906249077, -0.27417675846740086, 0.4869304602074354]",66.30797767395333,3.5392029294068106
"[-10.583775815793837, 24.26201249934373, -0.2741547392481763, 0.48689677752779664]",66.30277078963896,3.542346093642518
"[-10.581723954619509, 24.259110983643243, -0.2741251621838895, 0.48685152706588364]",66.29759594792331,3.545489257878226
"[-10.579366037709578, 24.25585308759592, -0.27408820360239416, 0.4867949728740401]",66.29245272904012,3.5486324221139336
"[-10.576709343896372, 24.252247152571023, -0.2740440361759094, 0.4867273721943205]",66.28734070641775,3.551775586349641
"[-10.573761011902498, 24.24830132573399, -0.2739928292892341, 0.4866489761225007]",66.28225946826971,3.5549187505853492
"[-10.570528038523769, 24.24402355925079, -0.273934749042256, 0.48656002970685663]",66.2772086104916,3.5580619148210566
"[-10.567017274343819, 24.239421606783147, -0.2738699581807156, 0.486460771931451]",66.27218773779029,3.561205079056764
"[-10.563235429037173, 24.23450303268593, -0.27379861619269125, 0.4863514359475651]",66.26719646061068,3.5643482432924714
"[-10.559189072064937, 24.22927521488471, -0.27372087932618455, 0.48623224917953256]",66.26223439177845,3.5674914075281796
"[-10.554884637462305, 24.2237453529071, -0.27363690068493485, 0.48610343354537305]",66.25730115882445,3.570634571763887
"[-10.550328423747782, 24.21792046946648, -0.2735468302320531, 0.4859652055319481]",66.25239638984625,3.5737777359995944
"[-10.545526609315951, 24.211807431676704, -0.27345081510151265, 0.4858177767382572]",66.24751972726789,3.576920900235302
"[-10.540485230468342, 24.205412924485728, -0.2733489991672552, 0.4856613532751738]",66.24267081356132,3.58006406447101
"[-10.535210185628403, 24.19874345771581, -0.2732415231199241, 0.48549613593952984]",66.23784929706665,3.5832072287067174
"[-10.529707281260965, 24.19180542536686, -0.2731285254088893, 0.4853223217158654]",66.23305484042439,3.586350392942425
"[-10.523982175044843, 24.1846050349289, -0.2730101410909433, 0.4851401020571043]",66.22828710603027,3.5894935571781326
"[-10.518040389109478, 24.177148325530027, -0.2728865020904732, 0.4849496633292023]",66.22354575814704,3.5926367214138404
"[-10.511887360309387, 24.169441232078615, -0.2727577382493832, 0.4847511884719569]",66.21883047843541,3.595779885649548
"[-10.505528379184815, 24.16148950959863, -0.2726239760618067, 0.4845448550907112]",66.21414094191714,3.5989230498852556
"[-10.49896865942744, 24.153298821130523, -0.27248534013238107, 0.4843308377425535]",66.20947684462415,3.602066214120963
"[-10.492213268376565, 24.144874651645843, -0.2723419517179727, 0.4841093057222325]",66.20483787641061,3.605209378356671
"[-10.485267147825656, 24.136222335009865, -0.2721939291587847, 0.4838804237570854]",66.20022373189055,3.6083525425923786
"[-10.478135176755988, 24.127347132798437, -0.2720413892196157, 0.4836443541112642]",66.19563411873122,3.611495706828086
"[-10.470822112562066, 24.118254161665902, -0.2718844458459103, 0.4834012546926365]",66.19106874633131,3.6146388710637942
"[-10.46333254985389, 24.10894834287046, -0.2717232092715058, 0.4831512776921119]",66.18652732084489,3.6177820352995016
"[-10.455671067104895, 24.099434585101104, -0.2715577891733166, 0.48289457449609335]",66.18200957179204,3.620925199535209
"[-10.447842079488177, 24.089717602064997, -0.271388291509702, 0.4826312908081826]",66.1775152149189,3.6240683637709172
"[-10.439849935457126, 24.079802032940005, -0.27121482060306135, 0.4823615698987375]",66.1730439864623,3.6272115280066246
"[-10.431698825061005, 24.06969232900354, -0.2710374771535328, 0.48208554953497573]",66.16859560809361,3.630354692242332
"[-10.423392966085517, 24.05939298489372, -0.2708563622892961, 0.48180336830068754]",66.16416983445238,3.6334978564780402
"[-10.414936339398292, 24.048908210691256, -0.2706715718082003, 0.4815151566467395]",66.15976639637654,3.6366410207137476
"[-10.406332955402087, 24.038242262653363, -0.2704832019869333, 0.481221045953868]",66.1553850449129,3.639784184949455
"[-10.397586593589047, 24.027399120538295, -0.2702913438903219, 0.48092115966702104]",66.15102552922868,3.6429273491851624
"[-10.388701101496022, 24.016382858463217, -0.270096089920249, 0.48061562353292214]",66.14668761033619,3.6460705134208706
"[-10.379680121395443, 24.00519730626222, -0.269897527826307, 0.48030455625148943]",66.14237104450088,3.649213677656578
"[-10.370527262428338, 23.993846263047562, -0.26969574448367356, 0.4799880753895208]",66.13807559718543,3.6523568418922854
"[-10.361246043711299, 23.982333426812083, -0.2694908246468374, 0.4796662954399847]",66.13380103758168,3.6555000061279936
"[-10.351839888984706, 23.97066238788906, -0.2692828508316156, 0.4793393276412641]",66.1295471374244,3.658643170363701
"[-10.34231213669045, 23.958836641521305, -0.2690719035379827, 0.4790072803304638]",66.12531367144048,3.6617863345994084
"[-10.332666045431168, 23.94685959467398, -0.2688580613721302, 0.47867025913875677]",66.12110041963999,3.6649294988351167
"[-10.322904864815289, 23.934734654087354, -0.2686414026214191, 0.4783283694813866]",66.1169071724242,3.668072663070824
"[-10.313031607412748, 23.922464943022064, -0.2684220001942321, 0.4779817085751478]",66.11273370389074,3.6712158273065314
"[-10.30304938576038, 23.910053719884097, -0.26819992910254664, 0.4776303772491887]",66.10857981871705,3.6743589915422397
"[-10.292961126614703, 23.897504023182663, -0.2679752601177242, 0.4772744699289979]",66.10444530227689,3.677502155777947
"[-10.282769766821266, 23.88481891498436, -0.2677480641273349, 0.47691408152628345]",66.10032996085445,3.6806453200136544
"[-10.27247805942412, 23.872001239593388, -0.2675184078169519, 0.4765493005941699]",66.09623358702821,3.6837884842493627
"[-10.262088793869367, 23.859053897552876, -0.26728635858015304, 0.4761802171138797]",66.09215599204325,3.68693164848507
"[-10.251604625703981, 23.845979633527886, -0.26705198072193176, 0.4758069164674599]",66.08809697998014,3.6900748127207774
"[-10.241028252449084, 23.832781255475773, -0.2668153393902171, 0.4754294856942732]",66.08405637167307,3.6932179769564852
"[-10.230362071407825, 23.819461207532168, -0.26657649292141855, 0.4750480012813515]",66.08003396503307,3.696361141192193
"[-10.219608662291012, 23.80602217217726, -0.26633550364082137, 0.4746625463876802]",66.0760295897049,3.6995043054279004
"[-10.208770490790148, 23.792466700377666, -0.2660924312348187, 0.4742732002798754]",66.07204306772708,3.7026474696636082
"[-10.197849810522534, 23.778797088410624, -0.2658473305459155, 0.47388003477544244]",66.06807421444634,3.7057906338993156
"[-10.186848966588583, 23.76501575737312, -0.265600258382145, 0.4734831251457447]",66.06412286143384,3.7089337981350234
"[-10.175770218029324, 23.751125031105857, -0.26535126953865723, 0.4730825437461183]",66.06018883754263,3.7120769623707313
"[-10.164615700400754, 23.737127088893047, -0.2651004159547866, 0.4726783586444612]",66.05627197434565,3.7152201266064386
"[-10.153387549185233, 23.723024119990182, -0.2648477494885772, 0.47227063807842845]",66.05237210555059,3.718363290842146
"[-10.142087897717742, 23.708818321147586, -0.26459332187521883, 0.47185945039804145]",66.04848907751354,3.721506455077854
"[-10.130718623619275, 23.694511577503928, -0.26433717901721804, 0.47144485482566817]",66.04462271607373,3.7246496193135616
"[-10.11928180221436, 23.680106032566847, -0.26407937119652375, 0.4710269179610389]",66.04077287684704,3.727792783549269
"[-10.107779299215293, 23.665603575732934, -0.26381994390213204, 0.4706056989415273]",66.03693940023193,3.7309359477849764
"[-10.09621298025059, 23.65100610568056, -0.2635589425510055, 0.47018125707394764]",66.0331221361251,3.7340791120206847
"[-10.084584638861712, 23.636315439466138, -0.2632964108661548, 0.46975364919863327]",66.02932093342511,3.737222276256392
"[-10.072896015678925, 23.62153333642037, -0.2630323913097159, 0.46932293038295586]",66.02553564552116,3.7403654404920994
"[-10.061148856720092, 23.60666157174904, -0.262766926401607, 0.46888915606959214]",66.02176613128374,3.7435086047278077
"[-10.049344773536665, 23.591701759329982, -0.26250005556071065, 0.4684523769110783]",66.01801224487097,3.746651768963515
"[-10.037485415907307, 23.576655570104638, -0.26223181900838605, 0.4680126451404556]",66.01427384771031,3.7497949331992224
"[-10.025572346351728, 23.561524572966075, -0.2619622549335289, 0.4675700099305197]",66.01055080282507,3.7529380974349307
"[-10.01360704712815, 23.5463102431311, -0.2616913996499739, 0.46712451763236884]",66.00684297357465,3.756081261670638
"[-10.001591047592031, 23.531014123866093, -0.26141929048059254, 0.46667621651207325]",66.00315022828165,3.7592244259063454
"[-9.989525782603108, 23.51563764635008, -0.2611459625539048, 0.4662251514801187]",65.99947243949437,3.7623675901420537
"[-9.977412608822643, 23.500182149864756, -0.26087144917216976, 0.46577136467625097]",65.99580947054471,3.765510754377761
"[-9.965252941068188, 23.484649055568088, -0.26059578490262375, 0.46531490057292324]",65.9921612027238,3.7686539186134684
"[-9.953048059922997, 23.46903962080009, -0.26031900121847906, 0.46485579876246597]",65.9885275072632,3.7717970828491767
"[-9.94079921523105, 23.453355070723582, -0.2600411288444093, 0.46439409781910135]",65.9849082606365,3.774940247084884
"[-9.928507691094046, 23.437596681529477, -0.2597621992330224, 0.4639298377531588]",65.98130334746625,3.7780834113205914
"[-9.9161746492582, 23.421765579605072, -0.2594822410126411, 0.46346305409873356]",65.97771264318182,3.7812265755562997
"[-9.903801300001644, 23.405862960389648, -0.25920128386607105, 0.46299378436178956]",65.97413603498293,3.784369739792007
"[-9.891388687777994, 23.389889812800387, -0.2589193536648625, 0.4625220598918121]",65.97057340391935,3.7875129040277145
"[-9.878938023852724, 23.373847346802847, -0.2586364800243562, 0.46204791850467]",65.9670246435115,3.7906560682634227
"[-9.866450273007345, 23.357736461283537, -0.25835268691709384, 0.4615713887672204]",65.96348963687699,3.79379923249913
"[-9.853926500466232, 23.341558190503033, -0.25806800055440277, 0.46109250318687073]",65.9599682778205,3.7969423967348375
"[-9.841367705177925, 23.32531348919466, -0.25778244559994246, 0.46061129186280025]",65.9564604580939,3.800085560970545
"[-9.82877481326348, 23.309003223545506, -0.2574960450204436, 0.46012778221386963]",65.95296607058808,3.803228725206253
"[-9.816148764823373, 23.292628283274144, -0.25720882206034507, 0.459642002299199]",65.94948501211364,3.8063718894419605
"[-9.803490505445698, 23.276189570753296, -0.2569208000505181, 0.45915398050157935]",65.94601718214892,3.809515053677668
"[-9.790800847788166, 23.259687820969056, -0.2566319992593188, 0.45866374018187256]",65.94256247706811,3.812658217913376
"[-9.778080637751982, 23.24312381692543, -0.2563424406738808, 0.45817130607114714]",65.93912079639075,3.8158013821490835
"[-9.765330740102192, 23.226498371194513, -0.25605214567493045, 0.457676703730153]",65.9356920491099,3.818944546384791
"[-9.752551897981023, 23.20981214255389, -0.25576113283893226, 0.457179954095047]",65.93227613326039,3.8220877106204987
"[-9.739744823851035, 23.19306575391462, -0.255469420008304, 0.4566810769793375]",65.92887295430288,3.8252308748562065
"[-9.726910321875557, 23.176259952417077, -0.2551770270803726, 0.45618009584759106]",65.92548242185133,3.828374039091914
"[-9.714049059343594, 23.159395310362605, -0.2548839708017546, 0.455677028906663]",65.92210444540838,3.8315172033276217
"[-9.701161743824626, 23.142472456762935, -0.2545902688044147, 0.45517189600523184]",65.9187389313771,3.834660367563329
"[-9.688248989722847, 23.125491902128402, -0.2542959365656148, 0.45466471340714565]",65.91538579378663,3.837803531799037
"[-9.675311443314481, 23.108454202381168, -0.25400099025801176, 0.45415549868329247]",65.91204494343282,3.8409466960347447
"[-9.662349677921812, 23.09135982083396, -0.2537054443609889, 0.45364426658953866]",65.90871629674572,3.844089860270452
"[-9.649364351475011, 23.074209335745653, -0.2534093152538137, 0.4531310352736432]",65.90539976837263,3.8472330245061594
"[-9.636355946303691, 23.057003096728035, -0.2531126152827341, 0.45261581599672646]",65.90209527529754,3.8503761887418677
"[-9.623325065772733, 23.03974161628356, -0.2528153595262279, 0.4520986248493932]",65.89880273658976,3.853519352977575
"[-9.610272165341055, 23.022425213936202, -0.25251755966160444, 0.4515794720966369]",65.89552206944542,3.8566625172132825
"[-9.597197736812758, 23.005054259768503, -0.25221922816810616, 0.45105836947043354]",65.89225319686732,3.8598056814489907
"[-9.584102312006083, 22.9876291796697, -0.2519203784120865, 0.45053533033407495]",65.88899604272136,3.862948845684698
"[-9.5709863225469, 22.97015026875177, -0.2516210214481562, 0.4500103640835947]",65.88575052854003,3.8660920099204055
"[-9.557850173918554, 22.95261778926201, -0.25132116770897933, 0.4494834790814482]",65.88251657691701,3.8692351741561137
"[-9.544694321439207, 22.935032071931456, -0.2510208287403025, 0.4489546857039906]",65.87929411755893,3.872378338391821
"[-9.53151911021205, 22.917393302065943, -0.2507200135479451, 0.4484239899115733]",65.87608307390614,3.8755215026275285
"[-9.518324986679472, 22.899701802281957, -0.250418733428097, 0.4478914017517136]",65.8728833776958,3.878664666863236
"[-9.505112247264, 22.88195769572904, -0.25011699622871325, 0.44735692522557624]",65.86969495621759,3.881807831098944
"[-9.491881304102755, 22.864161262223845, -0.24981481241788367, 0.4468205690089156]",65.86651774068847,3.8849509953346515
"[-9.478632401447848, 22.846312557103957, -0.24951218860768182, 0.4462823349701972]",65.86335166323033,3.888094159570359
"[-9.465365938575488, 22.828411845480154, -0.24920913492969501, 0.44574223125920914]",65.86019665735773,3.891237323806067
"[-9.452082148374863, 22.810459169169814, -0.24890565769411405, 0.44520025924874856]",65.85705265504214,3.8943804880417745
"[-9.438781300407792, 22.79245461997476, -0.2486017640282472, 0.44465642177422154]",65.8539195915369,3.897523652277482
"[-9.425463680253385, 22.774398312037384, -0.24829746140550613, 0.4441107223035625]",65.85079740283231,3.90066681651319
"[-9.412129579082356, 22.756290367832477, -0.24799275740785487, 0.44356316451673633]",65.84768602840754,3.9038099807488975
"[-9.39877915047562, 22.73813072329418, -0.24768765645408167, 0.4430137464102558]",65.84458540290447,3.906953144984605
"[-9.385412682958785, 22.71991949789763, -0.24738216602814092, 0.4424624714890588]",65.84149546869055,3.910096309220313
"[-9.37203031212613, 22.701656602947395, -0.24707629010066678, 0.4419093369155913]",65.83841616115063,3.9132394734560205
"[-9.35863233029462, 22.68334216347901, -0.24677003620661614, 0.4413543462826418]",65.83534742740902,3.916382637691728
"[-9.345218840534582, 22.664976045901643, -0.24646340753791182, 0.44079749530625023]",65.83228920592745,3.919525801927436
"[-9.331790030075757, 22.646558231115733, -0.24615640919306608, 0.44023878312778186]",65.82924143815713,3.9226689661631435
"[-9.318346067979883, 22.62808867474961, -0.24584904583869058, 0.4396782080810247]",65.82620407353917,3.925812130398851
"[-9.30488707053676, 22.609567259265326, -0.24554132091858602, 0.43911576623642273]",65.8231770510796,3.928955294634559
"[-9.291413211803771, 22.59099394581674, -0.24523323918137452, 0.43855145601138495]",65.8201603181868,3.9320984588702665
"[-9.277924577922658, 22.57236857356692, -0.24492480334991992, 0.4379852720753888]",65.81715382579354,3.935241623105974
"[-9.264421278897332, 22.553691013355902, -0.24461601667731706, 0.4374172100162362]",65.81415751646333,3.9383847873416817
"[-9.250903405098155, 22.53496110763464, -0.24430688195269945, 0.43684726451516626]",65.81117133820719,3.9415279515773896
"[-9.23737108732938, 22.516178753632797, -0.2439974028752245, 0.4362754318782169]",65.80819524492095,3.944671115813097
"[-9.223824398004103, 22.497343766288967, -0.2436875817943801, 0.43570170586498846]",65.80522918268561,3.9478142800488043
"[-9.210263351069516, 22.478455877401547, -0.24337741970829746, 0.43512607765719125]",65.80227310451647,3.950957444284512
"[-9.196688043391358, 22.459514932314175, -0.24306691949768755, 0.43454854185176595]",65.7993269590099,3.95410060852022
"[-9.183098549217386, 22.44052074324029, -0.24275608351248024, 0.433969091994624]",65.79639070311917,3.9572437727559273
"[-9.169494927238427, 22.421473098849734, -0.2424449137335359, 0.43338772087146826]",65.79346429056532,3.960386936991635
"[-9.15587711290908, 22.402371612847496, -0.2421334093096509, 0.4328044158815498]",65.79054766940497,3.9635301012273425
"[-9.142245214607016, 22.383216138921025, -0.2418215733323057, 0.4322191717057928]",65.78764080099624,3.9666732654630503
"[-9.128599243586095, 22.36400639236417, -0.24150940665876428, 0.431631978756754]",65.78474363883119,3.969816429698758
"[-9.114939171418886, 22.344742029889417, -0.2411969092261243, 0.4310428256101949]",65.78185613611997,3.9729595939344655
"[-9.101265009206696, 22.325422761072307, -0.24088408186356042, 0.43045170241202463]",65.77897825578194,3.9761027581701733
"[-9.087576799689119, 22.306048337623192, -0.24057092611213565, 0.42985860055431757]",65.7761099529777,3.979245922405881
"[-9.073874446909771, 22.286618311987063, -0.24025744032808843, 0.42926350528366314]",65.77325118501032,3.9823890866415885
"[-9.060158025407228, 22.26713247511934, -0.23994362675665892, 0.4286664091045981]",65.77040191622615,3.985532250877296
"[-9.046427463326097, 22.24759040723763, -0.23962948428245592, 0.42806729802170684]",65.76756210113275,3.988675415113004
"[-9.032682663675983, 22.227991648878778, -0.23931501120367682, 0.42746615677235417]",65.7647317015844,3.9918185793487115
"[-9.018923713338802, 22.208335999366255, -0.23900021001434485, 0.4268629779855365]",65.7619106805762,3.994961743584419
"[-9.005150505716788, 22.188622978599174, -0.2386850787708312, 0.4262577456732857]",65.75909900136544,3.998104907820127
"[-8.991362965064756, 22.168852146375848, -0.23836961622455793, 0.4256504450213156]",65.75629662424777,4.0012480720558345
"[-8.977561088682052, 22.149023163401115, -0.23805382278754725, 0.4250410642676643]",65.75350351352006,4.004391236291542
"[-8.963744773900055, 22.12913554293705, -0.23773769657396354, 0.42442958707275336]",65.7507196346878,4.00753440052725
"[-8.949914004858456, 22.10918891897487, -0.23742123767374712, 0.42381600076012543]",65.74794494937038,4.010677564762958
"[-8.936068668502362, 22.089182781222238, -0.23710444394260735, 0.4232002881676097]",65.74517942776977,4.013820728998665
"[-8.92220871884384, 22.06911671171107, -0.23678731476054188, 0.42258243492406555]",65.74242303262827,4.016963893234373
"[-8.908334073331126, 22.048990235181158, -0.2364698486607688, 0.4219624248462994]",65.73967572983106,4.020107057470081
"[-8.89444459481349, 22.028802792237176, -0.2361520429171208, 0.42134023910755664]",65.73693748828632,4.023250221705788
"[-8.880540302712339, 22.008554046304486, -0.235833898375927, 0.4207158656988312]",65.73420827616405,4.026393385941495
"[-8.866620984939988, 21.988243318951824, -0.23551541057637138, 0.42008928202106166]",65.73148806127315,4.029536550177204
"[-8.852686658613827, 21.967870260717536, -0.23519658029214588, 0.419460475569864]",65.72877681166845,4.032679714412911
"[-8.838737192944372, 21.947434301325302, -0.23487740490278347, 0.4188294269788742]",65.72607449801687,4.035822878648618
"[-8.824772462809069, 21.92693487308609, -0.2345578819076113, 0.41819611690706165]",65.72338109213166,4.038966042884327
"[-8.810792347124554, 21.90637140847643, -0.23423800888853202, 0.417560525964162]",65.72069656154459,4.042109207120034
"[-8.79679682970126, 21.88574348888767, -0.2339177858176116, 0.41692263931170864]",65.71802087980362,4.045252371355741
"[-8.78278571057598, 21.8650504193248, -0.233597208452229, 0.41628243351289446]",65.71535401701423,4.04839553559145
"[-8.768758884410035, 21.844291637955386, -0.23327627470496068, 0.4156398891920225]",65.7126959476094,4.051538699827157
"[-8.754716314388425, 21.82346667867614, -0.23295498404628392, 0.41499498988484207]",65.71004664168011,4.054681864062864
"[-8.7406577776048, 21.802574793283814, -0.2326333316790102, 0.41434771033679585]",65.7074060748502,4.057825028298573
"[-8.72658328178078, 21.781615569690846, -0.23231131807264535, 0.4136980356496762]",65.70477422161278,4.06096819253428
"[-8.712492642432176, 21.760588303734036, -0.23198893928907868, 0.4130459418203874]",65.70215105608047,4.064111356769987
"[-8.698385723264082, 21.739492355919722, -0.2316661924826698, 0.41239140679057446]",65.69953654920384,4.067254521005696
"[-8.68426240892906, 21.718327111167604, -0.23134307527685016, 0.4117344092014476]",65.69693068037144,4.070397685241403
"[-8.670122626357664, 21.697092011082376, -0.23101958625199706, 0.41107492939796364]",65.6943334265927,4.07354084947711
"[-8.6559661953326, 21.675786329363877, -0.23069572152676973, 0.4104129424530632]",65.69174476185384,4.076684013712819
"[-8.641793020293473, 21.65440945953688, -0.23037147914611228, 0.40974842710155174]",65.68916466185777,4.079827177948526
"[-8.627602933785203, 21.632960679292186, -0.23004685549959866, 0.40908135841797627]",65.68659310757194,4.082970342184233
"[-8.613395886674752, 21.611439437610542, -0.22972184967286483, 0.40841171674398713]",65.68403007489849,4.086113506419942
"[-8.59917168379048, 21.58984495479145, -0.22939645739976147, 0.40773947524672804]",65.68147554055899,4.089256670655649
"[-8.58493024778889, 21.568176621775432, -0.22907067709852935, 0.40706461234156605]",65.67892948540458,4.092399834891356
"[-8.570671355249042, 21.546433599088775, -0.2287445038345661, 0.40638709920470606]",65.67639188711587,4.095542999127065
"[-8.55639502632255, 21.52461541035382, -0.22841793823356546, 0.405706918262875]",65.67386272665112,4.098686163362772
"[-8.542101052369116, 21.502721221944775, -0.22809097567592448, 0.4050240407473617]",65.67134198473373,4.101829327598479
"[-8.527789303857626, 21.480750312096404, -0.22776361333981307, 0.40433844130904295]",65.66882963833275,4.104972491834187
"[-8.513459681709307, 21.458701997127488, -0.2274358490878212, 0.40365009572263094]",65.6663256723672,4.108115656069895
"[-8.499112056033727, 21.436575537212086, -0.22710768006539123, 0.4029589779453088]",65.66383006630248,4.111258820305602
"[-8.48474628652752, 21.414370167205046, -0.22677910316716351, 0.4022650610757519]",65.6613428004249,4.11440198454131
"[-8.470362242400256, 21.39208512717075, -0.2264501154924792, 0.40156831830657486]",65.65886385917764,4.117545148777018
"[-8.455959813692784, 21.369719679942364, -0.226120714603902, 0.4008687234737949]",65.65639322198804,4.120688313012725
"[-8.441538884617247, 21.34727306974972, -0.22579089791714027, 0.40016624976310977]",65.65393087634443,4.123831477248433
"[-8.427099366833378, 21.32474457387851, -0.22546066346174382, 0.3994608713259846]",65.65147680109483,4.126974641484141
"[-8.412641107638134, 21.302133359212466, -0.22513000778104245, 0.39875255878677296]",65.6490309802813,4.130117805719848
"[-8.398163961964924, 21.279438593819187, -0.22479892757848957, 0.39804128273193795]",65.64659340015669,4.133260969955556
"[-8.383667855243138, 21.25665954574493, -0.2244674211547464, 0.3973270168082926]",65.64416404500545,4.136404134191263
"[-8.369152698201281, 21.233795449751387, -0.22413548645882933, 0.39660973354849777]",65.64174289559263,4.1395472984269714
"[-8.35461830601739, 21.210845378988015, -0.2238031192389107, 0.3958894003392517]",65.63932994088512,4.142690462662679
"[-8.34006464169372, 21.187808628595857, -0.22347031860731675, 0.3951659914573837]",65.6369251656997,4.145833626898386
"[-8.325491597411517, 21.164684370957154, -0.2231370820400844, 0.3944394772524913]",65.6345285560714,4.148976791134094
"[-8.310898999436459, 21.141471661868398, -0.22280340548880678, 0.39370982433102925]",65.63214009402137,4.152119955369802
"[-8.296286826941008, 21.1181697883459, -0.22246928838374766, 0.39297700648748934]",65.62975977025683,4.155263119605509
"[-8.281654924655307, 21.094777811436366, -0.22213472706271511, 0.3922409903330456]",65.62738756957498,4.158406283841217
"[-8.267003197042829, 21.071294874841726, -0.22179971921055172, 0.3915017449952932]",65.6250234797079,4.161549448076924
"[-8.252331628932021, 21.047720239023533, -0.22146426433013391, 0.39075924319850436]",65.62266748831752,4.164692612312632
"[-8.237640084067568, 21.024052957622388, -0.22112835913573342, 0.3900134510731458]",65.62031958124288,4.16783577654834
"[-8.222928457519389, 21.00029212113044, -0.22079200103721489, 0.3892643358231983]",65.61797974677658,4.170978940784047
"[-8.208196680895874, 20.97643686566166, -0.22045518825847413, 0.38851186600510873]",65.61564797571275,4.174122105019755
"[-8.19344465832173, 20.95248626932522, -0.2201179183729885, 0.3877560082595218]",65.61332425041209,4.177265269255463
"[-8.178672422353724, 20.928439605437312, -0.21978019186768322, 0.3869967353031444]",65.61100856656464,4.18040843349117
"[-8.163879764049486, 20.904295740376448, -0.21944200368470498, 0.38623400691647997]",65.60870091125487,4.183551597726877
"[-8.14906669006869, 20.880053877032083, -0.21910335367100733, 0.3854677934146439]",65.60640126851256,4.186694761962586
"[-8.134233107580663, 20.855713041418426, -0.21876423937382955, 0.3846980594345839]",65.60410963185618,4.189837926198293
"[-8.11937900258111, 20.831272373900397, -0.21842466011645517, 0.38392477313660284]",65.601825993374,4.192981090434
"[-8.104504261304118, 20.80673083552734, -0.21808461291459819, 0.38314789691424034]",65.59955033926491,4.196124254669709
"[-8.089608916441993, 20.7820876132938, -0.21774409810426776, 0.38236740021752946]",65.59728266079527,4.199267418905416
"[-8.074692876327372, 20.75734167316577, -0.21740311314970728, 0.38158324540311994]",65.59502294761666,4.202410583141123
"[-8.059756097969958, 20.732492045077695, -0.21706165659812443, 0.3807953967533928]",65.59277119147814,4.205553747376832
"[-8.044798568690366, 20.7075377929446, -0.21671972765876543, 0.3800038195292727]",65.59052738250527,4.208696911612539
"[-8.029820265668022, 20.682477947158116, -0.21637732527706868, 0.37920847782916417]",65.5882915118673,4.211840075848246
"[-8.014821187147657, 20.657311556334985, -0.21603444884692255, 0.37840933622888745]",65.58606357127535,4.214983240083955
"[-7.999801251348494, 20.63203751700981, -0.21569109589856372, 0.37760635436999296]",65.58384355016926,4.218126404319662
"[-7.984760519100266, 20.60665494746058, -0.21534726718676625, 0.37679949883224073]",65.58163144174425,4.221269568555369
"[-7.969698927506628, 20.581162739275886, -0.21500296060115395, 0.3759887288851926]",65.57942723789793,4.224412732791078
"[-7.954616546495875, 20.555559989919967, -0.21465817702959195, 0.37517401023660235]",65.57723093015795,4.227555897026785
"[-7.939513362288818, 20.529845636333025, -0.2143129154069056, 0.37435530338005724]",65.57504250917118,4.230699061262492
"[-7.924389325422325, 20.50401853440665, -0.2139671738112135, 0.3735325661126688]",65.57286196779235,4.233842225498201
"[-7.9092445542328145, 20.478077806554623, -0.2136209541141609, 0.37270576460797505]",65.57068929919703,4.236985389733908
"[-7.8940790750242495, 20.452022398407692, -0.2132742560395485, 0.3718748592969242]",65.56852449534412,4.240128553969615
"[-7.878892870303228, 20.425851159089696, -0.21292707826430327, 0.37103980741358233]",65.56636754691321,4.243271718205324
"[-7.863685998515885, 20.39956304673411, -0.2125794211541019, 0.3702005695483758]",65.56421844822279,4.246414882441031
"[-7.848458540585935, 20.373157037033554, -0.21223128553951312, 0.36935710673441396]",65.562077192732,4.249558046676738
"[-7.833210531805665, 20.346632004544254, -0.21188267115703188, 0.36850937665330064]",65.55994377066791,4.252701210912446
"[-7.817942076956836, 20.3199869219847, -0.21153357927915878, 0.36765733999975697]",65.5578181771044,4.255844375148154
"[-7.802653206223212, 20.293220608821663, -0.21118400941813065, 0.3668009524427928]",65.55570040396549,4.258987539383861
"[-7.787344036394454, 20.26633201205078, -0.21083396300958898, 0.3659401736018274]",65.55359044418178,4.262130703619569
"[-7.772014679107785, 20.239320045970477, -0.21048344131258856, 0.36507496192313044]",65.55148829191394,4.265273867855277
"[-7.756665181018265, 20.21218348534683, -0.21013244403919767, 0.3642052712506463]",65.54939393728928,4.268417032090984
"[-7.741295707634514, 20.184921289347795, -0.2097809735558893, 0.3633310612024359]",65.54730737402902,4.271560196326692
"[-7.725906340344924, 20.157532242403782, -0.20942903023978743, 0.36245228565971044]",65.54522859719745,4.2747033605624
"[-7.710497262540429, 20.13001528379466, -0.2090766167324851, 0.3615689033332633]",65.5431575965319,4.2778465247981075
"[-7.695068608170066, 20.102369238050095, -0.20872373447414308, 0.3606808691137357]",65.54109436833258,4.280989689033815
"[-7.6796204642394015, 20.074592817064588, -0.20837038375758382, 0.3597881341275441]",65.53903890209652,4.284132853269523
"[-7.664153059197479, 20.04668495818717, -0.20801656803451726, 0.35889065660048786]",65.53699119362771,4.2872760175052305
"[-7.648666587463829, 20.018644509448187, -0.20766228989933644, 0.3579883917456476]",65.53495123411227,4.290419181740938
"[-7.633161156509002, 19.990470131200887, -0.20730754987500738, 0.3570812885858298]",65.53291901631115,4.293562345976646
"[-7.617637011968506, 19.962160703518578, -0.20695235155990072, 0.3561693030623123]",65.53089453259675,4.2967055102123535
"[-7.602094369109624, 19.933715020656585, -0.20659669776915682, 0.3552523882023641]",65.52887777412845,4.299848674448061
"[-7.586533381647997, 19.90513173159821, -0.2062405898172327, 0.35433049219128054]",65.52686873621967,4.302991838683769
"[-7.570954360445432, 19.876409740777657, -0.2058840325191013, 0.3534035712927465]",65.52486740760638,4.3061350029194765
"[-7.555357537879194, 19.847547775433153, -0.20552702879457913, 0.3524715758966723]",65.5228737825708,4.309278167155184
"[-7.539743148697875, 19.81854453219014, -0.20516958151445835, 0.35153445523797844]",65.52088785082154,4.312421331390892
"[-7.5241114418373805, 19.78939869795156, -0.20481169376690805, 0.35059215806734306]",65.51890960430032,4.3155644956265995
"[-7.508462757004817, 19.760109092710273, -0.20445337060705768, 0.349644637269743]",65.51693903705555,4.318707659862307
"[-7.492797379225731, 19.730674397664746, -0.20409461572262527, 0.34869184107216766]",65.51497613469327,4.321850824098015
"[-7.477115550539991, 19.701093173958178, -0.20373543169627298, 0.3477337136351333]",65.51302089287648,4.3249939883337225
"[-7.461417675495418, 19.671364249542325, -0.20337582470769935, 0.34677020758068355]",65.51107329741075,4.32813715256943
"[-7.445704046846232, 19.64148620120094, -0.20301579824621455, 0.3458012672140723]",65.50913334497658,4.331280316805137
"[-7.42997506393996, 19.611457766514974, -0.20265535810819676, 0.34482684186889606]",65.50720101749076,4.3344234810408455
"[-7.41423109852788, 19.58127758862667, -0.20229450931776363, 0.3438468776311544]",65.50527631049292,4.337566645276553
"[-7.398472491754856, 19.5509442077011, -0.2019332560513775, 0.3428613170500495]",65.50335920783024,4.34070980951226
"[-7.382699694368341, 19.520456329524844, -0.20157160484616704, 0.34187010786058647]",65.50144970118832,4.3438529737479685
"[-7.366913130464257, 19.48981256310691, -0.20120956147099664, 0.3408731944593698]",65.49954777786353,4.346996137983676
"[-7.351113176955085, 19.45901137762478, -0.20084713044817656, 0.33987051649043115]",65.49765342539928,4.350139302219383
"[-7.335300377846206, 19.428051518905924, -0.20048431996216085, 0.3388620223992581]",65.4957666280472,4.3532824664550915
"[-7.319475148286392, 19.3969314312764, -0.20012113506408527, 0.33784765060855765]",65.49388737769928,4.356425630690799
"[-7.303638034230636, 19.365649763926637, -0.19975758362198853, 0.3368273460054238]",65.49201565580871,4.359568794926506
"[-7.287789511673117, 19.334204975235277, -0.19939367170619415, 0.33580104704253766]",65.49015144898104,4.3627119591622145
"[-7.271930129599269, 19.302595612935367, -0.19902940686263107, 0.33476869486853966]",65.48829474054114,4.365855123397922
"[-7.256060470637136, 19.27082023607775, -0.19866479720236235, 0.33373023078412656]",65.48644551677064,4.368998287633629
"[-7.240181050963337, 19.23887721232108, -0.1982998490929344, 0.3326855896094916]",65.48460375758863,4.372141451869338
"[-7.224292505527269, 19.206765087452293, -0.197934571405368, 0.33163471175762743]",65.48276944944718,4.375284616105045
"[-7.208395445198305, 19.174482297566488, -0.19756897222281658, 0.3305775338230004]",65.48094257000531,4.378427780340752
"[-7.192490562144747, 19.142027380677025, -0.19720306125399642, 0.32951399550372873]",65.479123101605,4.38157094457646
"[-7.176578491230774, 19.10939869293986, -0.1968368466352057, 0.3284440303017907]",65.47731102272917,4.384714108812168
"[-7.160659901210267, 19.076594591125186, -0.19647033701638983, 0.3273675714899401]",65.47550631380876,4.387857273047875
"[-7.144735521638329, 19.043613487004283, -0.19610354217056658, 0.3262845538957597]",65.47370895189317,4.391000437283583
"[-7.1288061397210445, 19.01045384062121, -0.195736472911539, 0.32519491368426257]",65.47191891374062,4.39414360151929
"[-7.112872495457919, 18.97711393997002, -0.19536913866577532, 0.3240985811134933]",65.47013617232011,4.397286765754998
"[-7.096935364377831, 18.94359206930104, -0.19500154936479155, 0.3229954860525108]",65.46836070583113,4.400429929990706
"[-7.080995629668695, 18.909886660167658, -0.19463371709735103, 0.3218855629541149]",65.4665924838035,4.403573094226413
"[-7.065054110398888, 18.875995927382554, -0.19426565213340155, 0.32076873886880375]",65.4648314825151,4.406716258462121
"[-7.04911174293658, 18.84191825006495, -0.19389736709627217, 0.31964494598716253]",65.46307766657736,4.409859422697829
"[-7.033169359942472, 18.80765169781785, -0.19352887184344908, 0.3185141060145302]",65.46133101119672,4.413002586933536
"[-7.017227990897106, 18.773194671362933, -0.19316018039447805, 0.31737615129625246]",65.45959148024134,4.4161457511692435
"[-7.001288556274967, 18.738545243041887, -0.1927913038463214, 0.31623100305104584]",65.45785903793917,4.419288915404952
"[-6.9853521626239115, 18.703701792110635, -0.19242225718138928, 0.31507859234809443]",65.45613365300451,4.422432079640659
"[-6.969419766729842, 18.66866227055073, -0.19205305147614446, 0.3139188358327158]",65.45441528479077,4.4255752438763665
"[-6.9534925015825735, 18.633424911166127, -0.19168370142912605, 0.3127516591345277]",65.45270389526827,4.428718408112074
"[-6.937571510482454, 18.59798786307092, -0.19131422150145994, 0.3115769848123948]",65.45099944159125,4.431861572347782
"[-6.921658005568415, 18.562349317818747, -0.19094462725363157, 0.3103947365275713]",65.44930188070609,4.4350047365834895
"[-6.9057530801315705, 18.526507083661713, -0.19057493096245998, 0.3092048249074684]",65.44761116996803,4.438147900819197
"[-6.889858057256232, 18.490459363433537, -0.19020514969665908, 0.3080071733492049]",65.4459272574178,4.441291065054905
"[-6.8739741814552096, 18.45420405799121, -0.18983529812840697, 0.3068016948984781]",65.44425009772375,4.4444342292906125
"[-6.858102854504888, 18.4177392965904, -0.18946539399435755, 0.3055883098642234]",65.44257963508434,4.44757739352632
"[-6.842245450052373, 18.381063010793998, -0.18909545375456935, 0.3043669316512786]",65.4409158141803,4.450720557762028
"[-6.826403372416643, 18.344173061501362, -0.18872549393015695, 0.30313747096824184]",65.43925857985337,4.4538637219977355
"[-6.8105781101530445, 18.307067358666124, -0.18835553232471083, 0.3018998398111172]",65.43760787028761,4.457006886233443
"[-6.794771202669035, 18.26974377981177, -0.18798558721601633, 0.30065394874721074]",65.43596362289595,4.460150050469151
"[-6.778984190626395, 18.232200046244373, -0.18761567616088165, 0.29939970277241024]",65.43432577113367,4.4632932147048585
"[-6.7632187965606425, 18.19443414707903, -0.18724582019350391, 0.2981370154718707]",65.43269424128474,4.466436378940566
"[-6.747476646282418, 18.156443669620945, -0.18687603725985646, 0.29686578663964275]",65.4310689661657,4.469579543176274
"[-6.731759522610945, 18.118226398513297, -0.18650634812855593, 0.2955859222964016]",65.42944986504534,4.4727227074119815
"[-6.7160692846495795, 18.079780119459965, -0.1861367744636369, 0.2942973281346915]",65.42783685808067,4.475865871647689
"[-6.700407755355886, 18.041102335031567, -0.18576733613146323, 0.29299989998193426]",65.42622986076604,4.479009035883397
"[-6.684776921962534, 18.00219074840508, -0.1853980558772857, 0.291693540008184]",65.42462878549121,4.4821522001191045
"[-6.669178771375434, 17.963042850529895, -0.18502895539828487, 0.2903781428773681]",65.42303353956612,4.485295364354812
"[-6.653615398459961, 17.92365617996814, -0.18466005784976172, 0.2890536044599981]",65.4214440220935,4.488438528590519
"[-6.638088985637751, 17.884028265685014, -0.18429138731528735, 0.2877198199147788]",65.4198601335354,4.4915816928262275
"[-6.622601765823646, 17.844156523541486, -0.18392296787221973, 0.2863766802006542]",65.41828176900121,4.494724857061935
"[-6.607156013552561, 17.80403822041932, -0.18355482331585554, 0.28502407085261766]",65.41670880936583,4.497868021297642
"[-6.5917541940547135, 17.763670851737047, -0.18318698065217234, 0.28366188470729625]",65.41514114061566,4.501011185533351
"[-6.5763988168516505, 17.7230517543082, -0.18281946655152778, 0.2822900088586806]",65.41357863827938,4.504154349769058
"[-6.561092413791709, 17.682178030841317, -0.18245230674200882, 0.2809083220855768]",65.41202117048337,4.507297514004765
"[-6.545837642729464, 17.641046809743848, -0.1820855284130212, 0.279516703615366]",65.41046860367149,4.510440678240474
"[-6.53063731626474, 17.59965531460437, -0.1817191608394846, 0.2781150354870605]",65.4089207896017,4.513583842476181
"[-6.515494291778047, 17.558000554046764, -0.18135323265617723, 0.27670319205523763]",65.40737758241906,4.516727006711888
"[-6.500411554669729, 17.51607953150352, -0.18098777377202724, 0.2752810470843173]",65.40583882196327,4.519870170947597
"[-6.485392243244714, 17.473889302791175, -0.1806228158897931, 0.27384847571181453]",65.40430433843143,4.523013335183304
"[-6.470439503625557, 17.43142655156405, -0.18025838888150011, 0.2724053400307206]",65.40277396252532,4.526156499419011
"[-6.455556693644067, 17.38868814320187, -0.1798945256356474, 0.27095150789263633]",65.40124751208678,4.52929966365472
"[-6.440747285150617, 17.345670834758476, -0.17953125958000313, 0.26948684306758525]",65.39972478907077,4.532442827890427
"[-6.426014897736768, 17.30237135237922, -0.1791686253898027, 0.2680112078801338]",65.39820559574018,4.535585992126134
"[-6.4113632226681, 17.258786144784978, -0.178806656985917, 0.2665244548066977]",65.39668971732155,4.538729156361843
"[-6.396796101036344, 17.214911584590155, -0.17844538931048606, 0.26502643332508363]",65.39517693160175,4.54187232059755
"[-6.3823176827239045, 17.170744431790276, -0.17808486214974542, 0.2635170057680985]",65.3936670025163,4.545015484833257
"[-6.367932051910606, 17.12628067343487, -0.17772511067792834, 0.2619960076961437]",65.39215968450534,4.548158649068966
"[-6.353643607342017, 17.081516648369277, -0.17736617474454663, 0.26046328632487825]",65.39065471809147,4.551301813304673
"[-6.339456880805814, 17.036448466903334, -0.17700809418930646, 0.2589186807089785]",65.38915182864956,4.55444497754038
"[-6.3253765925241865, 16.99107214854807, -0.17665091003799246, 0.2573620264607202]",65.38765073170204,4.557588141776089
"[-6.311407668476906, 16.945383644698694, -0.17629466474675884, 0.2557931565458872]",65.38615112265722,4.560731306011796
"[-6.297555179054988, 16.89937859840121, -0.17593940041741368, 0.2542118930462999]",65.38465268402634,4.563874470247503
"[-6.283824505366474, 16.853052853340056, -0.17558516282421538, 0.25261806466724424]",65.38315508028398,4.567017634483211
"[-6.270221174656209, 16.806401866741638, -0.17523199695478006, 0.25101148658519357]",65.38165796144452,4.570160798718919
"[-6.256750988695516, 16.75942109103061, -0.17487995004409096, 0.249391973593072]",65.3801609503896,4.573303962954626
"[-6.243419964551549, 16.712105721020542, -0.17452906975425547, 0.24775933142378223]",65.37866366210393,4.576447127190334
"[-6.230234467288567, 16.66445111082835, -0.17417940736254728, 0.24611337117112428]",65.37716567811387,4.579590291426042
"[-6.2172010088087895, 16.616451994135222, -0.17383101211614843, 0.24445388240875954]",65.37566656619656,4.582733455661749
"[-6.204326497312593, 16.568103318069767, -0.17348393748003874, 0.24278066202728898]",65.3741658688795,4.585876619897457
"[-6.191618090166567, 16.519399639620314, -0.17313823684292398, 0.24109349342813072]",65.37266309758223,4.589019784133165
"[-6.17908330517259, 16.470335463910835, -0.17279396608797162, 0.23939215827759813]",65.37115774336183,4.592162948368872
"[-6.166730012721289, 16.42090514076121, -0.17245118295691372, 0.23767643299958446]",65.3696492666334,4.59530611260458
"[-6.154566399253404, 16.37110262370616, -0.17210994553080897, 0.23594608047550494]",65.36813709768388,4.598449276840288
"[-6.142601094328569, 16.32092188269855, -0.17177031523219624, 0.23420086445070193]",65.36662063160917,4.601592441075995
"[-6.130843089798268, 16.27035646810951, -0.17143235398665851, 0.23244053447724128]",65.36509923443053,4.604735605311703
"[-6.11930181520988, 16.219399697858265, -0.17109612569463156, 0.2306648325050605]",65.36357223044196,4.607878769547411
"[-6.107987193498697, 16.168044777002276, -0.17076169717564663, 0.2288734971691234]",65.36203890717701,4.611021933783118
"[-6.096909631851162, 16.116284623400084, -0.17042913717851482, 0.22706625784958823]",65.36049850862774,4.614165098018826
"[-7.437386068844753, 17.287716234066497, -0.16665216688287285, 0.20429321888705873]",71.6243721829716,4.617308262254534
"[-7.4334042538161444, 17.219011137176103, -0.16635070611543268, 0.20225124665148653]",71.6222306478802,4.620451426490241
"[-7.430029549050895, 17.149588872126287, -0.1660521938154564, 0.20018735112636857]",71.62005509430769,4.623594590725949
"[-7.427292300277083, 17.079428144184558, -0.16575674417946343, 0.19810099069351197]",71.61784317546649,4.626737754961656
"[-7.425224758126328, 17.008506273669706, -0.16546447586022509, 0.1959915947672571]",71.61559237915674,4.629880919197364
"[-7.423861237919014, 16.93679901799022, -0.16517551205866507, 0.19385855990781817]",71.61330001646046,4.633024083433072
"[-7.423238301318485, 16.864280806148763, -0.16488998233535418, 0.19170125838510418]",71.61096320960658,4.636167247668779
"[-7.423394936520087, 16.7909245159639, -0.1646080225706456, 0.18951903334579975]",71.60857887433576,4.6393104119044875
"[-7.424372777860203, 16.716700460504573, -0.16432977213701674, 0.18731117068797432]",71.6061436846594,4.642453576140195
"[-7.426216346604554, 16.641577348203228, -0.16405537878713183, 0.1850769299238639]",71.60365407339945,4.645596740375902
"[-7.428973300690901, 16.565521796346932, -0.163784997935109, 0.18281553231468559]",71.60110619983664,4.64873990461161
"[-7.432694738274855, 16.488497727699887, -0.16351879183883636, 0.1805261458950489]",71.59849592370438,4.651883068847318
"[-7.437435546656408, 16.41046598659804, -0.16325692988771884, 0.17820787746046846]",71.59581875945791,4.655026233083025
"[-7.44325472606713, 16.331384867363788, -0.16299959207079925, 0.17585979214563266]",71.59306987674867,4.658169397318733
"[-7.450215844199547, 16.251209007897312, -0.1627469670744669, 0.17348088498906586]",71.59024403094551,4.66131256155444
"[-7.458387494704508, 16.16988926159591, -0.16249925401523846, 0.17107008224931622]",71.58733553141361,4.664455725790148
"[-7.467843822277964, 16.087372307555086, -0.1622566635222707, 0.168626235725106]",71.58433819483419,4.667598890025856
"[-7.478665129406535, 16.003600092349274, -0.16201941862149233, 0.1661481130097358]",71.581245289489,4.670742054261563
"[-7.49093859003505, 15.918509074872784, -0.16178775547552407, 0.16363438303557662]",71.57804946005149,4.67388521849727
"[-7.5047589863067135, 15.832029929631336, -0.1615619258115643, 0.1610836164806929]",71.57474267174712,4.677028382732979
"[-7.520229593918522, 15.744086774276937, -0.16134219839844383, 0.15849427362501375]",71.57131612064777,4.680171546968686
"[-7.537463346211107, 15.654595555268857, -0.16112885909134037, 0.1558646693333925]",71.56776012400064,4.683314711204393
"[-7.556583898358638, 15.563463816978603, -0.1609222150485253, 0.1531929810637136]",71.56406402427021,4.686457875440102
"[-7.577727092118177, 15.470589056766167, -0.16072259614290013, 0.1504772179597952]",71.56021604545815,4.689601039675809
"[-7.601042532593158, 15.375857500794469, -0.16053035833857932, 0.1477152056616811]",71.55620314987124,4.692744203911516
"[-7.626695719950558, 15.279141518595594, -0.16034588538423, 0.1449045355219896]",71.55201083043613,4.695887368147225
"[-7.654869967953752, 15.18029893246757, -0.1601695955878546, 0.1420425740784809]",71.5476229303943,4.699030532382932
"[-7.685769499801686, 15.079168995618295, -0.16000194366498707, 0.13912638190475968]",71.54302134486342,4.702173696618639
"[-7.71962242651449, 14.975570307577975, -0.15984342828558432, 0.1361526967255926]",71.53818573919767,4.705316860854348
"[-7.756684650938312, 14.86929698635187, -0.1596945986363552, 0.1331178758204374]",71.53309316371515,4.708460025090055
"[-7.797244950411834, 14.760113114322381, -0.15955606151241528, 0.13001780188044298]",71.5277175686325,4.711603189325762
"[-7.841630425119136, 14.647748129473488, -0.15942849330014852, 0.1268478322039904]",71.5220292669363,4.71474635356147
"[-7.890214047398857, 14.531888730839096, -0.1593126516850657, 0.12360266976699472]",71.51599419921824,4.717889517797178
"[-7.943423548093297, 14.412170176476659, -0.15920939244941734, 0.12027624522561707]",71.50957305252922,4.721032682032885
"[-8.001753376906947, 14.288163465130886, -0.15911968933826948, 0.11686152078997439]",71.50272008613858,4.724175846268593
"[-8.065779040049009, 14.159361003111568, -0.15904466187252253, 0.11335030208179565]",71.49538170038008,4.727319010504301
"[-8.136176667835361, 14.025155610732648, -0.1589856100042728, 0.10973293436226791]",71.48749448144235,4.730462174740008
"[-8.213749438088202, 13.88481166073178, -0.15894406092474941, 0.10599788127070428]",71.4789825429147,4.733605338975716
"[-8.299461860161774, 13.737428350198082, -0.15892183437892504, 0.10213122827800042]",71.4697540663702,4.736748503211424
"[-8.39448871961919, 13.581885266082239, -0.15892113267828273, 0.09811591310408536]",71.45969631051787,4.739891667447131
"[-8.500284199228975, 13.416764907851938, -0.15894467076794547, 0.09393065103503691]",71.44866855059695,4.743034831682839
"[-8.618684465940545, 13.240235653160898, -0.1589958697322162, 0.08954830263084891]",71.43649150914464,4.746177995918547
"[-8.752063328402098, 13.049872192153972, -0.1590791557301415, 0.08493340244275781]",71.42293123300611,4.749321160154254
"[-8.903583238533939, 12.842361282684124, -0.1592004449117567, 0.08003809842183912]",71.40767291242435,4.752464324389962
"[-9.077620741596691, 12.612996345288632, -0.15936797671982866, 0.07479522318239101]",71.390276213774,4.75560748862567
"[-9.280549506073397, 12.354733798594056, -0.15959386304034995, 0.06910536871992558]",71.37009253328196,4.758750652861377
"[-9.522339398431152, 12.05623928792886, -0.15989728759161104, 0.06281016910541634]",71.3460948698945,4.761893817097085
"[-9.820343268651982, 11.697197580735304, -0.16031217851542195, 0.055628345980780765]",71.31647211838883,4.765036981332793
"[-10.210765609397555, 11.23391147654382, -0.1609107265581985, 0.046959525264805596]",71.2773917005804,4.7681801455685004
"[-10.806148601843066, 10.526048777166034, -0.16192289215517794, 0.03488738127392773]",71.21674913486478,4.771323309804208
"[7.441197805655188, -2.717567218628896, -0.17234740146603358, 0.23715257598581352]",99.5118327482361,4.893906714996806
"[6.990769976968702, -2.8287216545191214, -0.17650799806039152, 0.2567346394501696]",99.57025802960042,4.897049879232514
"[6.543474103485396, -2.8758155345156666, -0.1816013378326917, 0.27766175150008204]",99.62661210204703,4.900193043468222
"[6.100280812219578, -2.863402992837424, -0.18787051445074895, 0.30026469002999606]",99.68142239617355,4.903336207703929
"[5.6612886232264135, -2.7948689707641474, -0.19565827036104827, 0.32496201107229966]",99.73521826078796,4.9064793719396365
"[5.2257569326050355, -2.672477031247363, -0.20546269141575607, 0.3523031966268429]",99.78856797676127,4.909622536175345
"[6.966387684440965, -2.5618518351150548, -0.17494445393340394, 0.24969008234678244]",93.22208247736077,4.912765700411052
"[6.5657215249984535, -2.6449439872385887, -0.17935883961358554, 0.26878693566075723]",93.2766163479308,4.9159088646467595
"[6.167620852858898, -2.6751763520114977, -0.18469753651593665, 0.2891886288426239]",93.32946989827967,4.919052028882467
"[5.772707838339674, -2.6558632771203454, -0.1911923715179246, 0.3111880170889868]",93.38107661334377,4.922195193118175
"[5.380949889346437, -2.58948952718487, -0.1991650215943564, 0.3351536320478358]",93.43188059467299,4.9253383573538825
"[4.991663167720129, -2.477725268441756, -0.20907468222967202, 0.3615640446403072]",93.48236536746224,4.92848152158959
"[4.603435683904665, -2.32138830989386, -0.22160044959436243, 0.3910609530959415]",93.53309417914483,4.931624685825298
"[6.442022762765532, -2.396520777585061, -0.17867383504685905, 0.26597536249090015]",86.93496844492554,4.9347678500610055
"[6.089552737434659, -2.4501712130648787, -0.1834751122396471, 0.28472980136433096]",86.98550723200736,4.937911014296713
"[5.73913569102242, -2.4611208678051355, -0.1892172232098673, 0.3047698383730709]",87.03475643335592,4.941054178532421
"[2.9890196227128865, -1.2281044251376128, -0.33361634300527215, 0.5653392225035789]",93.7581088857449,4.9441973427681285
"[2.525315720486768, -0.817560967453351, -0.4055578894076152, 0.6366280538730769]",93.8318125194599,4.947340507003836
"[1.9829792692650194, -0.33622798194673204, -0.5440492848166452, 0.7295485515942518]",93.93092977226777,4.950483671239543
"[1.2069132485501517, 0.1984281820760661, -0.950816990755639, 0.8020045489730854]",94.16019302732832,4.9536268354752515
"[0.8533300268142042, 1.061063322616926, -0.36034768730082173, 0.5942570657581998]",96.11656173145569,4.956769999710959
"[3.6599391891708315, -1.7161125968658362, -0.2656340948531408, 0.47353751640197606]",87.32600446603206,4.959913163946666
"[3.299745853530644, -1.45723477106496, -0.2948367890281893, 0.5168255826755724]",87.37974872084557,4.9630563281823745
"[2.9225293686058373, -1.1544926215470424, -0.33663638901100745, 0.568772088585918]",87.43858270179858,4.966199492418082
"[2.5149295359358392, -0.8026535218123083, -0.4013605128928222, 0.6329976915265559]",87.5064946306651,4.969342656653789
"[2.049421573611774, -0.39520015135477415, -0.5156468264352965, 0.714194474523166]",87.59358180175175,4.9724858208894975
"[1.44618006470831, 0.06449397148497107, -0.7806101293860567, 0.801928935790111]",87.74606062914967,4.975628985125205
"[-0.18207720448604547, 0.3522829531344986, -1.454407207048997, -0.2921821688796146]",89.12688315662703,4.978772149360912
"[0.17788270147324695, 1.7131533104652925, -0.7429973123498651, 0.7963218284083563]",88.69258555812364,4.9819153135966205
"[-1.1378547250355486, 3.113916835185043, -0.86722099916989, 0.8071057704132164]",89.19135008433499,4.985058477832328
"[3.2096100789891926, -1.3547080456781002, -0.29780512364720935, 0.5208630575861468]",81.05287660058008,4.988201642068035
"[2.8807923937559674, -1.1002909450938945, -0.3357444587113683, 0.5677628878955514]",81.10721647253166,4.9913448063037436
"[2.5295023274947823, -0.8075908870036366, -0.39140969550275156, 0.6241563978930864]",81.16862200380311,4.994487970539451
"[2.138565182819764, -0.4724325167422408, -0.48129368044684523, 0.6932802887823487]",81.24347407868301,4.997631134775158
"[1.6679219149107642, -0.09353052416512198, -0.6537797350264023, 0.77450113127663]",81.35231992038304,5.000774299010867
"[0.8386423272821472, 0.2691230614313074, -1.3376459289811058, 0.6268529967772906]",81.74602912511516,5.003917463246574
"[0.7554691169295144, 0.131499677572752, -1.5162076787139653, -0.17796224449981507]",84.97335062498095,5.007060627482281
"[-0.09211802664752146, 1.9832527450309, -0.8193361630423872, 0.8055636858561577]",82.32837005364631,5.01020379171799
"[-1.0032332430994326, 3.329105081505183, -0.7486613217094416, 0.7972988399808814]",83.1311872400494,5.013346955953697
"[3.217909522370687, -1.3178074549088947, -0.2902341539331204, 0.5104441942513548]",74.69855283690411,5.016490120189404
"[2.9400424567187597, -1.1197636089158904, -0.32064907640635554, 0.5500718404161622]",74.74695269254796,5.019633284425112
"[2.648704013316219, -0.8933707300039027, -0.3622278202995296, 0.5961733516369414]",74.79982334863314,5.02277644866082
"[2.3355371221607353, -0.6362725303729971, -0.42250675796827586, 0.6507188128377258]",74.86017673458923,5.025919612896527
"[1.985000642523514, -0.3461301475544699, -0.5182375613221778, 0.7156651822503549]",74.9347869773432,5.029062777132235
"[1.5606294939590744, -0.02482426578894771, -0.6975166484799183, 0.7867348828956627]",75.04571276877623,5.032205941367943
"[0.778084598795948, 0.264032787147895, -1.429424094772255, 0.5272960507578025]",75.44887370288272,5.03534910560365
"[-0.07351838030093663, 0.3147035911180648, -1.261614627784899, -0.4860965499426708]",79.37667665462783,5.038492269839358
"[0.2184484924732606, 1.6888030322796175, -0.7190080836190181, 0.7916544712292218]",76.0609713735519,5.041635434075066
"[-0.8102421118631593, 2.580267478500084, -0.9422426856162, 0.8029871449394553]",76.13612193274783,5.044778598310773
"[-0.6506590922959357, 0.7530815816771104, -0.3126415516970673, -0.34018895062113513]",77.78159735473156,5.047921762546481
"[0.8789816615407461, -0.25591319247587097, -0.7955569091372238, 0.8035866622258669]",79.52135509894312,5.057351255253604
"[0.6144534253791141, 3.678274556358871, -0.26381253512347835, 0.4705936599823816]",76.86733484358345,5.060494419489312
"[-2.852481952792201, 5.485572405261657, -0.7447645548926544, 0.7966317581951331]",76.09430801633,5.063637583725019
"[0.493069452122589, 0.31939690117637637, -0.6345357483750145, -0.5681411074304675]",72.75146517918074,5.066780747960727
"[0.7809235206496131, -0.005319636609410311, -1.4379641354667059, -0.3157957277336103]",73.2311056112046,5.069923912196435
"[-0.1254408987802188, -0.3274734028951379, -0.42660061662814147, 0.653990845080146]",70.23636797116852,5.073067076432142
"[0.061548133208256806, 5.7118734669176074, -0.2251223318933805, 0.39873609162704005]",80.15902588417832,5.07621024066785
"[3.0461499280104074, 1.2009255916340922, -0.1870293443675996, 0.2973938988327692]",78.52769636845511,5.079353404903558
"[-2.5183002379820576, 7.266505782242899, -0.4497389709824964, 0.6715816703368008]",76.33853747356619,5.082496569139265
"[-4.943856729325947, 8.53601503627669, -0.6604314484221249, 0.7765582942499996]",76.53391550839761,5.085639733374973
"[-2.854260468044956, 6.261108951784925, -0.6231980989771118, 0.7641045851671225]",83.57082462390599,5.088782897610681
"[0.9911860812054408, 4.033585876967269, -0.21397336022344352, 0.37354731307020367]",75.63042809844187,5.095069226082096
"[-5.623527601924271, 10.893817188126405, -0.5281294467333586, 0.7211491948063113]",79.73336260197642,5.098212390317803
"[-0.12205707978671727, -0.04553805497182452, -1.4511578468019748, 0.49701388404981733]",79.66192894382587,5.101355554553511
"[-0.46358353207781666, 7.0095235644564315, -0.21479871343971751, 0.3755064387317584]",76.76560693252988,5.104498718789219
"[-6.426114810725189, 10.677951150450756, -0.6287812431609026, 0.7661195149896344]",76.09914692439921,5.107641883024926
"[-2.0332706368480142, 8.967311960247363, -0.26554413215355477, 0.47339287944543723]",77.56356510776878,5.110785047260634
"[-1.0008000597354432, 0.33056403456860395, -0.24458163922494203, -0.23735389058097425]",66.76878286457898,5.113928211496342
"[-1.4014492387283086, 6.9582186862292605, -0.31638431981329324, 0.5448535475985493]",73.57908441821341,5.123357704203465
"[1.483350364541402, 1.3351415876800192, -0.25151137237133814, 0.4498178171511829]",80.28925892088154,5.126500868439172
"[-1.9118744919866972, 9.216004292985103, -0.2405574259121583, 0.42983300116325396]",76.58404240760851,5.1296440326748804
"[-6.645112524205034, 12.585832572391512, -0.5097445116534377, 0.7107895921692974]",76.25516750834217,5.132787196910588
"[-7.878443702048752, 13.483453514011432, -0.5604496671761194, 0.7376703452382508]",76.68331607842855,5.135930361146295
"[-3.0159323789988295, 5.982909741661354, -0.6936473235943093, 0.7857738675904445]",83.10127968330892,5.139073525382003
"[2.429684370673686, -0.4292279603171187, -0.2977014401184464, 0.5207230351703319]",78.4765230901007,5.142216689617711
"[-0.47473864092443085, 0.6298858817249079, -0.17323483857440777, -0.04156706098510529]",67.79185442716332,5.148503018089126
"[-8.629567001879677, 15.527557910684857, -0.5018402517872923, 0.7061098704565157]",79.64516724832735,5.151646182324833
"[1.8836258200535159, 2.9809227635843674, -0.19216765715513032, 0.3142795774395337]",79.98725297067023,5.154789346560541
"[0.808250486941237, -0.07992345964879535, -1.4600998739249658, 0.4835042684601943]",80.57774614365889,5.157932510796249
"[-4.480035036498169, 12.518675764310261, -0.31362411586630096, 0.5414213600477139]",76.29336041985107,5.161075675031956
"[-11.923190720269535, 16.133861191057406, -0.6982993086111088, 0.786926456760736]",76.00435725659524,5.164218839267663
"[-4.122122976250878, 12.68233934872131, -0.27251919429880495, 0.4843831152665102]",77.37912245573182,5.167362003503372
"[0.15142865165518415, -0.002082952358593215, -0.8884552024074314, 0.8067509491565765]",64.9768290273665,5.173648331974786
"[-0.06289350792892633, 6.044734963454892, -0.22185199274859252, 0.3916172431706367]",69.17149269561105,5.176791496210495
"[-3.2793065389962144, 9.721313530532486, -0.35471107419501857, 0.5884236443460554]",75.5928641611944,5.183077824681909
"[3.7118931929107086, 0.5903511801741806, -0.18358556513161464, 0.28513742630678074]",82.76334199929295,5.186220988917617
"[-3.3825926698769755, 12.18581598239176, -0.22798307285304795, 0.40479826761259224]",76.46622523108698,5.192507317389032
"[-8.459187945782977, 16.519539869633615, -0.43945163479223553, 0.6639457594554509]",76.1788886193492,5.19565048162474
"[-11.956698971661039, 18.298607353698984, -0.5878607565903959, 0.7500957076087915]",76.2993104487765,5.198793645860448
"[-4.337666922005039, 13.615738815913204, -0.24513388272187922, 0.43836920526640766]",77.40647721657147,5.201936810096155
"[-2.8777807813542653, 10.311698487520166, -0.27759282894217857, 0.4921059867746176]",77.44073391893738,5.205079974331863
"[-8.273508026472971, 11.545935856556556, -0.7334205662265822, 0.7945617014032986]",80.10039095611214,5.208223138567571
"[0.22578229124934796, 2.322484655918851, -0.5088878230004104, 0.7102890695332231]",86.76740163032562,5.214509467038986
"[-0.10939609777318095, 0.1461253294266891, -1.4465848931121703, 0.5036714993054272]",75.13089216008997,5.217652631274694
"[-0.3953794897820344, 5.973620986100601, -0.25661985564974527, 0.4586431065873844]",74.9324802986005,5.227082123981817
"[1.7735330148080235, 1.0468366136847849, -0.23589560253381267, 0.4208370826071131]",81.3536168148953,5.230225288217524
"[-4.073450447212957, 13.553911067029608, -0.22154421518675538, 0.3909364149495829]",76.35005838149713,5.233368452453232
"[-10.90416122240315, 19.302043850458098, -0.47780368143470625, 0.6910024486377324]",75.95722221837093,5.23651161668894
"[-18.66022622669774, 21.63617559513683, -0.7830925744028755, 0.8022265630199104]",75.91377455364817,5.239654780924647
"[-3.0628558887397483, 12.128704158623652, -0.1792458349384017, 0.268326539249307]",77.55937588548943,5.242797945160355
"[0.11986393125648957, -0.4291363420762418, -0.20716270640090084, 0.3567098478759342]",66.3199633286723,5.24908427363177
"[-6.995572047397399, 11.252868073216836, -0.6388247463444643, 0.769611724254315]",78.65430593033909,5.255370602103185
"[1.4264315918895938, 3.0027435687995325, -0.21362671771613176, 0.37271955268432866]",87.08754724822317,5.2585137663388934
"[0.7897554276107525, 2.2413012522941367, -0.3276186069341114, 0.5583864320694516]",68.28999948589164,5.264800094810308
"[-3.818133640115177, 11.201974019932727, -0.32182656268558496, 0.5514948741089565]",90.86126489014887,5.2679432590460165
"[-0.8200425892623029, 2.806115326843557, -0.8524358790242664, 0.8069761840520426]",84.33479321743364,5.274229587517431
"[-3.433254251015014, 12.731504788695904, -0.1813398169676393, 0.2766512021055304]",76.44346102172541,5.2773727517531395
"[-8.128563271528455, 18.561514264370352, -0.3273698680057097, 0.5580941101727012]",76.10654633180252,5.280515915988847
"[-12.558942606240956, 21.665444503817795, -0.4793539934682267, 0.6920179224010606]",76.03033202927287,5.283659080224554
"[-15.182661029790815, 23.01062953146153, -0.5655755420990577, 0.7401014611866051]",76.17637923028295,5.2868022444602625
"[-10.052192457409907, 20.52695819150953, -0.37643791466279225, 0.6102000494860215]",76.81100250462502,5.28994540869597
"[-6.2156071748557435, 16.130474488306636, -0.28797781779767717, 0.5072603446628041]",79.17810047322018,5.293088572931677
"[-0.23429515605920917, 0.7030352532617307, -0.9180046116070625, -0.6051937052712006]",85.84299006559132,5.2962317371673855
"[-3.650008302744924, 8.17297862774812, -0.5250198123394194, 0.7194474849438149]",82.14021022664781,5.299374901403093
"[-0.7848912109617158, 8.206711277374836, -0.1913678553675287, 0.31174794535975664]",76.51157024459054,5.3056612298745085
"[-1.0014901917051897, 0.6281380017594159, -0.3380874092756708, -0.3704056483016038]",78.33549741308471,5.308804394110216
"[2.073637096517185, -0.0040472969851564, -0.2806374407173435, 0.49663702890193706]",72.07713370289437,5.311947558345923
"[-1.7823514573251371, 6.034839117440242, -0.4578506350300245, 0.6774022498676677]",88.83018355566834,5.3150907225816315
"[1.3489038020211388, 5.89807496510116, -0.16602263642586967, 0.19998062657507404]",78.27350566222613,5.318233886817339
"[-14.129626814828848, 24.307258863937427, -0.4667858578860509, 0.6836161281106304]",79.33168953984548,5.321377051053046
"[1.8924005854643506, 4.146652058824112, -0.17580091748044196, 0.25359088028389015]",69.77693653175253,5.3245202152887545
"[-1.2600971974066788, 8.971472222558452, -0.15898162620466505, 0.10943909877707704]",87.2574870372202,5.327663379524462
"[-4.6711094137127915, 14.842937203210342, -0.19290267906994452, 0.3165774629847953]",76.2040867910014,5.337092872231585
"[-10.221294980871951, 21.330393363682404, -0.35698533865964, 0.5907934515636261]",75.85569500224433,5.340236036467292
"[-16.91468596376881, 25.191828657390484, -0.5687212283636313, 0.7415685678688925]",75.69550039980159,5.343379200703
"[-23.46460268222073, 26.808633352748693, -0.7748655063187955, 0.8012060133042515]",75.71876038294265,5.346522364938708
"[-17.141018199868938, 25.79004906776286, -0.5584793222615333, 0.7367223945644583]",76.3636622137866,5.349665529174415
"[-9.519068744058682, 18.66190713496722, -0.4167570119034965, 0.6460383796553929]",75.15144744348217,5.352808693410123
"[-11.980869781071146, 22.808680829798938, -0.40583349336779606, 0.6368644201165164]",85.89203639417332,5.362238186117246
"[-1.3372570092534457, 9.483117428281199, -0.1647419141120211, 0.19056195179474825]",68.96773051880288,5.365381350352954
"[-4.953417027141068, 15.289963303245655, -0.18982294724319027, 0.3067613062629896]",78.37616552382495,5.371667678824369
"[-2.8426757099894737, 11.796589326066988, -0.18271039770208714, 0.2818807369203103]",76.58269322175678,5.374810843060077
"[-1.8608886450088022, 9.813754281068313, -0.1603733832053264, 0.14533459884695277]",82.62795320717869,5.377954007295784
"[-9.912377094484619, 17.42586006613334, -0.4979899013278416, 0.7037796526312361]",79.08857436524495,5.384240335767199
"[-10.21166981263287, 17.80715539569764, -0.5000423879066973, 0.7050259763754205]",78.66843463309847,5.387383500002907
"[-1.029431047469537, 0.14552932557981976, -0.23410423580894044, -0.21729424429771443]",78.87168744328997,5.390526664238615
"[-10.651350817953414, 20.89964487251988, -0.39874598767967756, 0.6307070258483104]",82.51112891077348,5.393669828474322
"[-2.648827437956157, 11.407782180114525, -0.19356751681431603, 0.3186330035737396]",71.58937004683786,5.3968129927100295
"[-18.36565792696178, 21.678509385736817, -0.7684660340450059, 0.8003443220131322]",80.63341176682525,5.399956156945738
"[4.393408142089657, -1.4544606174220867, -0.2050108225711294, 0.3511169516846542]",79.15685241499715,5.403099321181445
"[-5.096828432881057, 15.452084089862055, -0.18534268865686798, 0.29149684416865174]",76.11665951962905,5.4062424854171525
"[-8.665797162500477, 20.686759996622488, -0.28011288517284394, 0.4958617442165954]",75.89622650212767,5.409385649652861
"[-12.339800690298643, 24.044740274835867, -0.38331664188869646, 0.6167129291870558]",75.796110714419,5.412528813888568
"[-15.661547106672637, 26.221922736077286, -0.477362613789439, 0.6907124813928488]",75.7855129197082,5.4156719781242755
"[-17.813310707494626, 27.371602077317952, -0.5363579180406151, 0.7255552324482049]",75.87675166963437,5.418815142359983
"[-16.828222790158133, 27.09007082984355, -0.5025590133190675, 0.7065411634852548]",76.13405368433054,5.421958306595691
"[-8.984885164281147, 21.339663874848117, -0.27674194909868827, 0.4908260610983123]",76.76736441763872,5.4251014708313985
"[-6.228030009218511, 17.41927215359123, -0.19110858011695936, 0.310920082331111]",79.79067941815802,5.4345309635385215
"[6.510640848141243, 4.1914451203266685, -0.1589601243702678, 0.09233901788543693]",87.00415020059448,5.437674127774229
"[-0.23286274540320562, -0.19774528034059746, -1.2197516942343185, 0.7122725793668011]",82.3944123070428,5.447103620481352
"[-5.686861331137149, 12.331464332316616, -0.159016632369587, 0.11177272876022695]",79.7230683163617,5.450246784717059
"[-9.300722408539082, 20.81971013512174, -0.31818894948861554, 0.5470740647192364]",93.33860141744283,5.4533899489527675
"[-12.048447377525953, 22.722160015013174, -0.4125800783166767, 0.6425747292414224]",82.05138976665518,5.456533113188475
"[-8.162485862366552, 20.65578137570534, -0.23954786821517135, 0.4279114170428587]",85.95971595835348,5.459676277424182
"[5.765469482006108, -0.9457143649076833, -0.17413377499214513, 0.24589713502034297]",82.05145263389231,5.475392098602721
"[-18.67792194120234, 25.9457058672379, -0.6197510200888754, 0.7628340123555563]",77.4847500179241,5.478535262838428
"[-18.16397916934306, 29.22456441119818, -0.4952225324356285, 0.7020840727003396]",78.78791522363163,5.481678427074136
"[-10.057048694636164, 19.28069882884325, -0.4257233320420707, 0.6532938510587037]",87.48220196795744,5.484821591309844
"[1.5575606430519766, -0.08638074914283883, -0.36971366169050085, 0.6036612499087771]",78.10967052469744,5.487964755545551
"[1.7334197914353553, -0.17806868603221457, -0.555173174222764, 0.7351148647107202]",88.84985605958423,5.491107919781259
"[-9.848780705450444, 22.934191693081644, -0.2747187040727804, 0.48775815513807613]",91.22793996892834,5.494251084016967
"[5.690359976672515, -1.7453437113748669, -0.18175821197817768, 0.2782649999791588]",85.06433578536718,5.50368057672409
"[-5.7929551090296645, 16.517979517962658, -0.18363254357027478, 0.28531050787456846]",75.80322857771992,5.506823740959797
"[-9.469111725076331, 22.240198999084974, -0.2753300725932053, 0.4886888546239374]",75.56474328230757,5.509966905195505
"[-13.880424248484662, 26.30619591187484, -0.3902195232729732, 0.6230762507232622]",75.40783335887251,5.513110069431213
"[-18.776343346812638, 29.23483388000631, -0.5198487190360069, 0.7165725447476421]",75.3105909305549,5.51625323366692
"[-23.85561041588431, 31.093421005549576, -0.6544876577718766, 0.7747234855938456]",75.27242387419516,5.519396397902628
"[-27.903706586220125, 31.929373142547767, -0.7598654076239381, 0.7990923080789774]",75.32562307178296,5.522539562138336
"[-26.720161719500442, 32.00546630224648, -0.7217070776484454, 0.7922226670236244]",75.58362050420686,5.525682726374043
"[-10.202128897538788, 23.361803478702093, -0.28254230890864634, 0.49943394697266935]",76.44599073903198,5.528825890609751
"[6.849991527676811, 0.8287073943022212, -0.16186649220642066, 0.16449982360642637]",75.66125202961317,5.535112219081166
"[-6.790517471024959, 10.908026583729088, -0.6465844874605595, 0.7721946773390276]",71.55309764328557,5.538255383316874
"[-1.3348215126363445, 8.968467430988659, -0.15892508428709815, 0.10302294008497305]",73.99204186101599,5.544541711788289
"[-6.922632698429426, 17.55607179939183, -0.2807746478060473, 0.49683945447336847]",69.93842825362067,5.547684876023997
"[-10.688525070889384, 15.877103017470843, -0.630959283608844, 0.7668912348693643]",72.79905379201436,5.553971204495412
"[4.291642927817527, -1.4885823719755686, -0.2096092336844236, 0.3629026656982052]",77.33393021028105,5.55711436873112
"[2.5748281934371064, 3.668673239843865, -0.16966712302380924, 0.22282159751480068]",72.08705636426976,5.560257532966827
"[-10.679030089786606, 23.86020527348942, -0.29521282746793087, 0.5173403919091714]",77.52794480126528,5.563400697202535
"[-22.337350638303494, 30.858065277880858, -0.6081850167212457, 0.7584210923102803]",76.77376875949196,5.566543861438243
"[-14.901241113588506, 27.129423572327525, -0.414131882609092, 0.6438678566708514]",76.82243448453494,5.56968702567395
"[-8.666283289032476, 21.3111455807083, -0.25299323469437235, 0.45240822870743014]",77.03848362386074,5.572830189909658
"[-7.4458671635038876, 19.599221198466868, -0.2225169983287852, 0.39308178399196475]",77.10118539845486,5.575973354145366
"[-13.073766715626611, 25.77691312177559, -0.3661655538083859, 0.6001401107508875]",76.84984952975013,5.579116518381073
"[-21.034531030735188, 30.541204922584942, -0.5696676234997875, 0.7420062819511537]",76.89839635358236,5.582259682616781
"[-4.215256633825445, 12.344787590850212, -0.2982645647733408, 0.5214826564467513]",86.34181723471364,5.585402846852489
"[7.840989704398156, -0.7556761894654794, -0.16337257611732175, 0.17924016513993007]",92.84602565558198,5.588546011088196
"[-3.613589119429297, 13.0281847213153, -0.1981503635693869, 0.3322561746385579]",67.63439222955932,5.591689175323904
"[-0.9403870495516653, 6.287738232391568, -0.30286735454156516, 0.5276131564544678]",74.42253691767844,5.597975503795319
"[-11.018899101005184, 21.063846208670878, -0.41435779924146454, 0.644055488903851]",71.40039544250497,5.604261832266735
"[-11.36692576827989, 16.033596568298872, -0.6678107927971455, 0.7787569285032404]",77.78707184300369,5.607404996502442
"[-7.294100514371262, 19.127902771934163, -0.23720066728048034, 0.42338746228128066]",72.4907015697334,5.61054816073815
"[-12.698036015413416, 22.026838733983745, -0.47334389079733047, 0.6880486624065651]",86.72123254825526,5.616834489209565
"[-5.683464165777113, 12.98777848438739, -0.15957772903415254, 0.1305234801409319]",80.6448552723666,5.626263981916688
"[1.74179838027058, -0.1851088264596741, -0.5477739325158274, 0.7314396258038784]",86.72056253063977,5.629407146152396
"[-3.430315743586947, 10.629477018139806, -0.159004350732772, 0.11101047418192009]",80.70150752633278,5.632550310388104
"[-8.595030283690432, 16.61771941556463, -0.4445917348908256, 0.6677972021090454]",80.51797609824018,5.635693474623811
"[2.653286937297423, -0.8737202868513185, -0.3510511854690514, 0.5845632615773243]",79.00347468052067,5.638836638859519
"[-8.567229130406366, 9.937311833243466, -0.1619942542546627, 0.03412025734884783]",75.33968953686755,5.641979803095227
"[-6.418635251895979, 17.42298358906828, -0.18167577134000182, 0.27794825251505495]",75.5087548133838,5.645122967330934
"[-8.324205993643712, 21.13185068688023, -0.22631313054511176, 0.4012776252345272]",75.39002475355746,5.648266131566642
"[-10.452344859459739, 23.96744010029199, -0.27646251826558094, 0.4904044108596583]",75.3032493761055,5.651409295802349
"[-12.605121599406637, 26.22204173786666, -0.3278959459435954, 0.558711986549197]",75.24501667390494,5.654552460038057
"[-14.695100229889745, 28.026010983803495, -0.37815373520190954, 0.6118410251186311]",75.21138996655577,5.657695624273765
"[-16.632380007311365, 29.4443969864585, -0.4247463267376077, 0.6525149555991113]",75.20108685348868,5.660838788509472
"[-18.29011748272324, 30.505378514129077, -0.46434123710871256, 0.681936276788116]",75.21534994448169,5.663981952745179
"[-19.47718999606041, 31.20557829404342, -0.49208276621663416, 0.7001390703901718]",75.25811951491349,5.667125116980888
"[-19.908467681010368, 31.4913117457868, -0.5008895583500432, 0.7055376242471189]",75.33677438867572,5.670268281216595
"[-19.177226220160854, 31.189366502223574, -0.4808881658615683, 0.6930171228262625]",75.46376881791141,5.673411445452302
"[-16.754896188338307, 29.815039869868638, -0.4197236000505685, 0.6484657691997558]",75.66056441662789,5.67655460968801
"[-12.10825025592652, 26.03736969772065, -0.30642423855392237, 0.5322574879312582]",75.9710179722978,5.679697773923718
"[-6.257331603583133, 14.999461921857582, -0.16293870700447433, 0.1752934048309522]",76.49081516532037,5.682840938159425
"[-13.52080804968549, 24.916898295625696, -0.41604939176996336, 0.645455395620523]",81.26837178334586,5.685984102395133
"[-11.74099182115817, 24.797215888117577, -0.3261252247490579, 0.5566265396114897]",78.19210738941263,5.689127266630841
"[-0.2763995016742166, 2.7170352109019547, -0.6367924094458386, 0.7689187053047294]",68.91719907582845,5.698556759337964
"[-9.242916402955036, 22.78305202124698, -0.22547831682378597, 0.3994986300239448]",78.94447091726957,5.701699923573671
"[-11.663797738887494, 26.18838749112506, -0.27424075247887286, 0.48702832774764554]",79.18621963335345,5.704843087809379
"[-0.4662295919212155, 2.4163575462419105, -0.8431314390115272, 0.8067360655697037]",73.81359708956404,5.707986252045087
"[3.465953913728562, -1.2816098122000743, -0.2518736054546941, 0.45045337579816347]",87.44060052336657,5.726845237459332
"[-16.793372660322692, 30.782537327413223, -0.39520972729969706, 0.6275723635447562]",81.61616501103478,5.733131565930748
"[0.0067530683876782715, 0.2576719926764253, -1.0972710207002043, -0.56822560910013]",61.30736882458916,5.736274730166455
"[-6.848584404871915, 15.74261662149447, -0.35518197485001757, 0.5889161391430215]",89.15999097712103,5.739417894402163
"[-5.859772289776127, 11.729644341128243, -0.15895526525664935, 0.09280144443019665]",73.52082078246868,5.745704222873578
"[-1.370486478274827, 7.176795936524957, -0.2977929668538207, 0.5208466438263263]",78.33608016086635,5.751990551344994
"[-15.271737188775738, 24.70564891679908, -0.5090396355831298, 0.7103778840208081]",78.61301489893141,5.755133715580701
"[-7.447773687807413, 19.606380406720373, -0.2221304171607933, 0.39223149419754505]",76.61968002745701,5.7582768798164095
"[-5.526271324263287, 16.283587648701037, -0.19344213525984452, 0.3182469860061508]",75.53350536215011,5.764563208287824
"[8.265623249072496, 4.5012251014015, -0.15959870750630353, 0.06899479421839624]",99.16608717674728,5.77084953675924
"[-3.4653724799683223, 12.75555982457593, -0.17927589811327646, 0.26844915096376126]",77.86665634653042,5.773992700994947
"[-2.6986940782164814, 11.075970904150354, -0.16365665556937092, 0.18171989678644263]",69.806356374317,5.7771358652306555
"[-11.07478950788115, 21.014130316623984, -0.41951891364615357, 0.6482991466931071]",69.41004872726239,5.780279029466363
"[-8.843635817251563, 19.536168123342062, -0.3372439866476986, 0.5694573600348151]",69.7575469587572,5.78342219370207
"[-10.062920340334264, 20.45101976899835, -0.37997436973540694, 0.6135702408627846]",69.61446948634247,5.786565357937778
"[-8.448058084663518, 18.956341697176057, -0.3335139856864733, 0.5652220863150041]",69.33881692309811,5.789708522173486
"[-2.518724702734964, 10.94266556069835, -0.2093824894973415, 0.3623358212607337]",87.4760552764372,5.792851686409193
"[-8.373264639014861, 17.87016179246908, -0.37288985052855994, 0.6067714732647665]",75.24531934959333,5.795994850644901
"[-3.99831058886783, 13.427303724178842, -0.1742692514268041, 0.24653813727271873]",77.50224326566133,5.799138014880609
"[-12.831742941353191, 23.654297056931522, -0.42247212256636324, 0.650690917594137]",75.60428972038366,5.802281179116316
"[-11.29761331565264, 23.268941185352904, -0.3519625658216707, 0.5855300182539247]",77.496949569693,5.805424343352024
"[-2.1537652161312124, 10.4879973844958, -0.19780379729416075, 0.331257182849634]",63.8727288477089,5.811710671823439
"[-8.502034537718947, 21.49102555954551, -0.2216936727824584, 0.3912672663104952]",83.5089704517288,5.814853836059147
"[-1.4808729287315137, 7.355039163856647, -0.29961907757933115, 0.5233011618633104]",92.60022551873612,5.817997000294855
"[-0.7164906097140042, 6.7524764594603965, -0.24922839571549846, 0.44577659093293465]",60.693204263755895,5.82428332876627
"[-10.689177010070857, 17.881903208594533, -0.5277724860130765, 0.720954880501922]",72.08478963636115,5.827426493001978
"[4.884084938700862, -1.638579201135542, -0.194791931457332, 0.32236372372239314]",76.24099441789946,5.833712821473393
"[-1.0982505197594925, 9.109397166302626, -0.174272291117764, 0.24655248587439726]",80.66241710066285,5.836855985709101
"[-4.955472179105797, 14.711383770408098, -0.17249238243402248, 0.2378838217361164]",72.44318328864165,5.846285478416224
"[1.3744686189944506, 4.354221373074729, -0.1870970535899304, 0.2976266563552541]",82.38553369644558,5.849428642651931
"[-22.697565157978723, 31.134102361132925, -0.6131111492389728, 0.7603289936446123]",76.6353368056497,5.852571806887639
"[-0.772587259479489, 8.685743871757477, -0.15946256530567587, 0.1277300429287689]",88.27568014062763,5.855714971123347
"[-17.94817196259179, 31.853566909714498, -0.41477891931423677, 0.6444048220334354]",77.92680749927946,5.858858135359054
"[-20.958138702077715, 33.51574504993342, -0.4870306105553149, 0.6969614281551969]",77.61638099099743,5.862001299594762
"[-13.362600334219712, 27.865983159476443, -0.3173864005552084, 0.546088829870952]",77.69924868369647,5.865144463830469
"[-26.06177027616087, 31.63227176911811, -0.7116457298136611, 0.7900484883431299]",82.28264987224115,5.871430792301885
"[-8.821705507081733, 21.099291551821977, -0.27463668310448386, 0.4876330494843123]",77.25794343523374,5.874573956537592
"[-19.735108950345946, 32.98206001676134, -0.455409503060841, 0.6756688128368096]",81.15747318157815,5.8777171207733
"[2.8393130023756594, -0.9963210490299833, -0.32071729154102097, 0.5501544876167649]",79.85657336578062,5.880860285009008
"[-8.217596146650266, 20.269949900659334, -0.2637269186849497, 0.4704544976739416]",73.62772310887345,5.884003449244715
"[-2.8143257107293143, 7.625740521612305, -0.4591993947746107, 0.6783533508099083]",87.90631662210015,5.890289777716131
"[-0.14196504155598555, -0.09567878932211496, -1.3744130381781188, 0.5914692393177312]",80.42575819473434,5.893432941951838
"[-9.026247600075779, 21.845058314132896, -0.2583744319877586, 0.4616079319851041]",76.828442702249,5.8965761061875455
"[-19.673791907494728, 29.706018906322484, -0.541774200380006, 0.7283797873028481]",89.95681192297221,5.899719270423254
"[-6.616805170554765, 11.130908616824252, -0.6113216284551225, 0.7596408013706979]",88.65465030337613,5.902862434658961
"[0.21854846691381088, 2.6808893409534034, -0.4436283632384214, 0.6670808938220021]",83.62145323457099,5.9060055988946685
"[-9.278981704677621, 22.026330712281055, -0.270178654261991, 0.48074486350249485]",79.22403119706955,5.909148763130376
"[-6.972572996312161, 14.850117467164903, -0.4081127424255919, 0.6388097944240113]",90.01928883609628,5.912291927366084
"[5.881862557151508, 0.449334976024229, -0.16582911006634793, 0.1986161764795545]",82.31597801831596,5.918578255837499
"[0.485941312884678, 2.560650774934322, -0.3759950113063698, 0.60977467026892]",80.29141346821073,5.921721420073206
"[-4.7799454717471175, 8.588600682268494, -0.6339607308637497, 0.7679416049193284]",80.0391606622684,5.9248645843089145
"[4.345906728568067, -1.941410689315074, -0.22158546445335328, 0.3910277728927995]",84.15558906467261,5.928007748544622
"[-6.774061751015662, 14.474775935651891, -0.1603309302340178, 0.1446688929836186]",74.61601877614092,5.9342940770160375
"[-6.945804196583657, 17.86820944444952, -0.17610408922601506, 0.2549470222945911]",74.5729035768199,5.937437241251745
"[-7.953326927198249, 20.472697848538473, -0.19960285713582068, 0.3363916016240133]",74.49207202689354,5.940580405487452
"[-9.200328623602088, 22.691309609271155, -0.22716429427103055, 0.4030783442466568]",74.41487371096146,5.94372356972316
"[-10.566540568790941, 24.63885154987413, -0.25736809922268444, 0.45991149690383604]",74.34547130984333,5.946866733958868
"[-12.00959602421084, 26.373181531779963, -0.289494125178691, 0.5094040605431479]",74.2837536955689,5.950009898194575
"[-13.509626250987152, 27.92910633024647, -0.32311459945154714, 0.5530428881889723]",74.22897234282894,5.953153062430283
"[-15.054820720604841, 29.329156923129442, -0.35793376863625304, 0.5917752436758461]",74.18040463305627,5.956296226665991
"[-16.636181500853496, 30.588376520176816, -0.39370972226824996, 0.6262298898712314]",74.13748413140074,5.959439390901698
"[-18.24501379649988, 31.71688789597375, -0.43020780462880287, 0.6568330272767678]",74.0998159607093,5.962582555137406
"[-19.87135712773567, 32.72149771590924, -0.4671669379818303, 0.6838766344507897]",74.06716943471696,5.965725719373114
"[-21.50268536671976, 33.606836159864244, -0.504269602662546, 0.7075629517626816]",74.03947210241486,5.968868883608821
"[-23.122603029551723, 34.37629982091104, -0.5411110755519497, 0.7280371639554648]",74.01681119234237,5.972012047844529
"[-24.709359074151532, 35.03292504294103, -0.5771644419364942, 0.745414087791922]",73.99944468987088,5.975155212080237
"[-26.234081566205006, 35.5802602963133, -0.6117394090112455, 0.7598019648820248]",73.98782288212679,5.978298376315944
"[-27.658644611721808, 36.023205949095114, -0.6439330745031843, 0.771323317987993]",73.98262139516056,5.981441540551652
"[-28.933141655443873, 36.368658008302134, -0.6725723055917738, 0.7801293250549082]",73.98478636058056,5.98458470478736
"[-29.992999306060366, 36.625536248789786, -0.6961489253756817, 0.7863978307682993]",73.99559196790364,5.987727869023067
"[-30.755901776191795, 36.80336154947838, -0.7127522945931791, 0.7902951209438198]",74.01670920413483,5.990871033258775
"[-31.118972902870794, 36.90793061601998, -0.7200106043120265, 0.7918668067879978]",74.05028409852811,5.994014197494483
"[-30.95701314437601, 36.93183647079718, -0.7150608138859293, 0.7908036570522485]",74.09902692935351,5.99715736173019
"[-30.123177535815614, 36.83681252607959, -0.6945815412414388, 0.7860080189008871]",74.16632921157571,6.000300525965898
"[-28.45423756638175, 36.52429363047267, -0.6549421867289936, 0.7748658203506151]",74.25647640043329,6.003443690201606
"[-25.783658516475075, 35.78956603827082, -0.5925510116509365, 0.7520826303829945]",74.37515256154393,6.006586854437313
"[-21.96789569423967, 34.249307276869104, -0.5045498303335174, 0.7077297177185591]",74.53079495292656,6.009730018673021
"[-16.939898248698828, 31.20387195520676, -0.3902580768067854, 0.6231113175801851]",74.73855247615003,6.012873182908729
"[-10.873680184224554, 25.2327839324092, -0.2554905605145985, 0.4567172622028087]",75.03346801812262,6.016016347144436
"[-23.256288725764506, 26.801300016075295, -0.7677829093741754, 0.8002488216998594]",83.99997668177443,6.025445839851559
"[-3.529045703704485, 12.814948091638847, -0.17717400482263992, 0.25963630585920083]",64.75957309427724,6.028589004087267
"[-0.19291674239596232, 7.758321143657063, -0.17289982424306097, 0.23991758640509164]",74.4913362358402,6.034875332558682
"[-9.361698696567986, 21.603036637490295, -0.292700169133678, 0.5138818373795184]",68.67438938981286,6.041161661030097
"[0.21614142202218872, 2.7739481568967093, -0.42966817509335875, 0.6564102523938774]",69.34422887285486,6.047447989501513
"[-4.875237005751635, 14.699018363645683, -0.17412815264094483, 0.24587046945860766]",65.61743461323819,6.05059115373722
"[-4.95668290724432, 11.370548352829678, -0.15891952325997002, 0.09887140453870462]",65.83725250472006,6.053734317972928
"[-15.363265141969915, 21.13754410228692, -0.6495418455562588, 0.7731529313735883]",74.49655555552626,6.056877482208636
"[-2.4487186234518723, 5.710662688551688, -0.627693611313791, 0.7657311444552711]",68.39001170432813,6.066306974915759
"[3.9319616240285047, -1.3447721778825712, -0.22124741462282876, 0.39027804721112963]",69.87679039979851,6.072593303387174
"[-0.16287766875956713, -0.11894714996553538, -1.5611073034703382, -0.029850501458363626]",67.11641681959534,6.094595453037128
"[-0.0815171874119736, 6.255975649609002, -0.21501224852330983, 0.3760106368909486]",73.29956770784324,6.104024945744251
"[4.299264643340745, -1.0128191103554949, -0.19795035271919467, 0.3316802238952814]",76.95633523425026,6.107168109979958
"[-5.56503403547683, 13.377153976574625, -0.3661175598877802, 0.6000921391209627]",70.06736682810161,6.1103112742156656
"[-2.8328431651943875, 11.779898495231894, -0.1843746362488087, 0.2880218899971098]",70.14097327840929,6.113454438451374
"[-6.149522480171923, 16.69254036489533, -0.25637022125453973, 0.45821859026917494]",61.91239810722833,6.119740766922789
"[-0.1115832949970158, -0.2276034391478961, -0.6880927905521816, 0.7843536988636269]",63.13721526757287,6.122883931158497
"[0.434943366845225, -0.42613650834503314, -0.35906415523731017, 0.5929404553001473]",46.770903171735114,6.126027095394204
"[0.29641251236919997, -0.2562201393881898, -0.6385547187185157, 0.7695200425944019]",42.18771669576076,6.129170259629912
"[0.7350257813990848, -0.3902581599998118, -0.5422484205624959, 0.7286242638776331]",46.05244701896826,6.13231342386562
"[-2.7674139409484564, 10.892234289839044, -0.23649960109915816, 0.42202059523181257]",91.33402395103325,6.135456588101327
"[-0.3158255748642017, -0.22045828169823076, -1.3421699650652674, 0.6227679760300877]",39.44672317476963,6.138599752337035
"[-5.629658453347599, 14.675554253068475, -0.30712343036328443, 0.533161152581733]",56.46087820126362,6.141742916572742
"[-3.9525441154955163, 6.0623763827937704, -0.8431267396192528, 0.8067359133222597]",64.99818096995175,6.148029245044158
"[1.5092210644371715, -0.12466871987903771, -0.475740593637908, 0.6896420668243322]",72.66449184645079,6.151172409279865
"[3.3689222388579285, -1.2634084703845454, -0.2610455878075744, 0.4660593152217185]",69.33534083964555,6.154315573515572
"[2.437750691731879, -0.6944524351489366, -0.379343789226814, 0.6129727147242643]",69.61568953264621,6.157458737751281
