u,t,theta
"[0.1999997017463553, 0.8660252460524293, -0.8660256496573827, 0.1999997949548047]",2.6617517716875163,0.0
"[0.19999970266560765, 0.8660252465385779, -0.8660256488995736, 0.19999979558677802]",2.656487035429719,0.003143164235707647
"[0.19999970357798463, 0.8660252470210904, -0.8660256481474323, 0.1999997962140247]",2.6512224445248163,0.006286328471415294
"[0.19999970448351076, 0.8660252474999799, -0.8660256474009387, 0.19999979683656144]",2.645958136360716,0.009429492707122941
"[0.19999970538220585, 0.8660252479752566, -0.8660256466600765, 0.19999979745440202]",2.640694255240122,0.012572656942830588
"[0.19999970627409328, 0.8660252484469333, -0.8660256459248264, 0.19999979806756235]",2.6354309464595764,0.015715821178538234
"[0.1999997071591962, 0.8660252489150219, -0.8660256451951691, 0.19999979867605844]",2.6301683501610698,0.018858985414245882
"[0.1999997080375381, 0.8660252493795348, -0.8660256444710857, 0.19999979927990646]",2.624906608116903,0.02200214964995353
"[0.1999997089091419, 0.8660252498404845, -0.8660256437525568, 0.19999979987912203]",2.619645863952052,0.025145313885661175
"[0.19999970977403214, 0.8660252502978835, -0.8660256430395624, 0.1999998004737222]",2.6143862589976283,0.02828847812136882
"[0.1999997106322332, 0.866025250751745, -0.8660256423320825, 0.19999980106372364]",2.609127932095433,0.03143164235707647
"[0.19999971148377002, 0.8660252512020821, -0.8660256416300963, 0.19999980164914347]",2.603871031335987,0.03457480659278411
"[0.19999971232866623, 0.8660252516489074, -0.8660256409335847, 0.199999802229998]",2.598615690423974,0.037717970828491765
"[0.19999971316695023, 0.8660252520922356, -0.8660256402425239, 0.19999980280630675]",2.593362052197929,0.04086113506419941
"[0.19999971399864216, 0.8660252525320777, -0.8660256395568973, 0.19999980337808343]",2.5881102632827386,0.04400429929990706
"[0.19999971482377477, 0.8660252529684509, -0.8660256388766783, 0.19999980394535077]",2.582860452442111,0.047147463535614706
"[0.19999971564237004, 0.8660252534013667, -0.8660256382018484, 0.1999998045081238]",2.5776127702264553,0.05029062777132235
"[0.19999971645445533, 0.8660252538308397, -0.8660256375323852, 0.19999980506642123]",2.572367349897608,0.05343379200703
"[0.199999717260057, 0.8660252542568839, -0.8660256368682668, 0.1999998056202613]",2.567124329481153,0.05657695624273764
"[0.19999971805920266, 0.866025254679514, -0.8660256362094707, 0.1999998061696629]",2.56188385399395,0.05972012047844529
"[0.19999971885192153, 0.8660252550987448, -0.8660256355559727, 0.19999980671464623]",2.5566460513608975,0.06286328471415294
"[0.1999997196382375, 0.8660252555145898, -0.8660256349077531, 0.19999980725522767]",2.5514110675806947,0.06600644894986059
"[0.19999972041818298, 0.8660252559270655, -0.8660256342647852, 0.19999980779142948]",2.54617903356746,0.06914961318556823
"[0.19999972119178305, 0.8660252563361855, -0.8660256336270483, 0.19999980832326889]",2.5409500869413875,0.07229277742127588
"[0.1999997219590661, 0.866025256741965, -0.866025632994519, 0.19999980885076538]",2.535724367899012,0.07543594165698353
"[0.19999972272006297, 0.8660252571444198, -0.8660256323671717, 0.1999998093739402]",2.5305020073496745,0.07857910589269117
"[0.19999972347480152, 0.8660252575435649, -0.8660256317449839, 0.19999980989281263]",2.5252831383660466,0.08172227012839882
"[0.19999972422330983, 0.8660252579394152, -0.866025631127932, 0.19999981040740175]",2.5200678956139373,0.08486543436410646
"[0.1999997249656201, 0.8660252583319875, -0.8660256305159894, 0.19999981091772978]",2.5148564139609193,0.08800859859981412
"[0.19999972570176094, 0.8660252587212971, -0.866025629909133, 0.1999998114238165]",2.5096488208957477,0.09115176283552176
"[0.19999972643176178, 0.8660252591073595, -0.8660256293073383, 0.19999981192568206]",2.504445249876276,0.09429492707122941
"[0.19999972715565192, 0.8660252594901906, -0.8660256287105809, 0.19999981242334647]",2.4992458361569896,0.09743809130693705
"[0.19999972787346437, 0.866025259869807, -0.8660256281188339, 0.1999998129168327]",2.4940507008241073,0.1005812555426447
"[0.1999997285852277, 0.8660252602462247, -0.8660256275320738, 0.19999981340616016]",2.4888599790098183,0.10372441977835235
"[0.19999972929097304, 0.8660252606194597, -0.8660256269502745, 0.19999981389135033]",2.4836737995748193,0.10686758401406
"[0.1999997299907331, 0.8660252609895293, -0.8660256263734094, 0.1999998143724257]",2.4784922856742178,0.11001074824976764
"[0.1999997306845366, 0.8660252613564488, -0.8660256258014548, 0.19999981484940604]",2.4733155653848646,0.11315391248547528
"[0.19999973137241642, 0.8660252617202354, -0.8660256252343838, 0.19999981532231398]",2.4681437641386705,0.11629707672118293
"[0.1999997320544036, 0.8660252620809058, -0.86602562467217, 0.1999998157911707]",2.4629770082429765,0.11944024095689058
"[0.19999973273053037, 0.8660252624384769, -0.8660256241147878, 0.19999981625599855]",2.4578154173854663,0.12258340519259824
"[0.19999973340082983, 0.866025262792966, -0.8660256235622094, 0.19999981671682024]",2.4526591160525273,0.12572656942830587
"[0.19999973406533122, 0.866025263144389, -0.8660256230144107, 0.19999981717365575]",2.4475082253380886,0.12886973366401352
"[0.19999973472406882, 0.866025263492764, -0.8660256224713635, 0.1999998176265287]",2.442362867473282,0.13201289789972118
"[0.19999973537707616, 0.8660252638381081, -0.8660256219330402, 0.19999981807546227]",2.4372231589320825,0.13515606213542883
"[0.19999973602438295, 0.8660252641804376, -0.8660256213994165, 0.19999981852047682]",2.43208921910108,0.13829922637113645
"[0.19999973666602322, 0.8660252645197706, -0.8660256208704639, 0.19999981896159555]",2.4269611723726725,0.1414423906068441
"[0.1999997373020306, 0.8660252648561244, -0.866025620346155, 0.19999981939884187]",2.421839122766831,0.14458555484255176
"[0.1999997379324366, 0.866025265189516, -0.8660256198264638, 0.1999998198322373]",2.4167231956882738,0.1477287190782594
"[0.19999973855727737, 0.8660252655199642, -0.8660256193113606, 0.19999982026180677]",2.4116134987520716,0.15087188331396706
"[0.19999973917658195, 0.866025265847485, -0.8660256188008209, 0.19999982068757002]",2.4065101486959737,0.15401504754967468
"[0.19999973979038693, 0.866025266172097, -0.8660256182948152, 0.1999998211095525]",2.4014132544141216,0.15715821178538233
"[0.19999974039872534, 0.8660252664938178, -0.866025617793316, 0.19999982152777682]",2.3963229287633654,0.16030137602109001
"[0.19999974100162893, 0.8660252668126649, -0.8660256172962969, 0.19999982194226462]",2.3912392831789027,0.16344454025679764
"[0.19999974159913314, 0.8660252671286562, -0.866025616803729, 0.1999998223530405]",2.38616242180972,0.1665877044925053
"[0.19999974219127212, 0.8660252674418101, -0.8660256163155842, 0.1999998227601279]",2.3810924528204747,0.1697308687282129
"[0.19999974277807936, 0.8660252677521444, -0.8660256158318348, 0.19999982316354978]",2.376029480965135,0.1728740329639206
"[0.19999974335958756, 0.8660252680596762, -0.8660256153524537, 0.19999982356332863]",2.3709736166910633,0.17601719719962824
"[0.19999974393583334, 0.8660252683644248, -0.8660256148774109, 0.1999998239594897]",2.365924952807494,0.17916036143533587
"[0.19999974450684693, 0.8660252686664067, -0.8660256144066811, 0.19999982435205357]",2.3608836067500776,0.18230352567104352
"[0.19999974507266727, 0.8660252689656418, -0.8660256139402328, 0.1999998247410473]",2.3558496636362727,0.18544668990675117
"[0.19999974563332526, 0.8660252692621471, -0.8660256134780401, 0.1999998251264919]",2.3508232323937226,0.18858985414245882
"[0.19999974618885694, 0.8660252695559411, -0.8660256130200735, 0.19999982550841228]",2.345804407463129,0.19173301837816648
"[0.19999974673929538, 0.8660252698470418, -0.8660256125663055, 0.19999982588683105]",2.340793288144002,0.1948761826138741
"[0.1999997472846765, 0.8660252701354676, -0.8660256121167066, 0.19999982626177304]",2.3357899684681676,0.19801934684958175
"[0.19999974782503377, 0.8660252704212368, -0.8660256116712495, 0.1999998266332612]",2.3307945472702785,0.2011625110852894
"[0.19999974836040219, 0.8660252707043674, -0.8660256112299048, 0.1999998270013196]",2.3258071116917547,0.20430567532099703
"[0.19999974889081693, 0.8660252709848784, -0.866025610792644, 0.19999982736597238]",2.3208277548198195,0.2074488395567047
"[0.19999974941631166, 0.8660252712627873, -0.866025610359439, 0.19999982772724278]",2.315856571192778,0.21059200379241236
"[0.19999974993692093, 0.8660252715381126, -0.8660256099302615, 0.19999982808515443]",2.310893644591264,0.21373516802812
"[0.1999997504526811, 0.8660252718108733, -0.8660256095050815, 0.19999982843973244]",2.3059390642069575,0.21687833226382763
"[0.19999975096362346, 0.8660252720810865, -0.8660256090838732, 0.19999982879099823]",2.300992921360106,0.22002149649953529
"[0.199999751469787, 0.866025272348772, -0.8660256086666043, 0.19999982913897865]",2.2960552938099195,0.22316466073524294
"[0.19999975197120395, 0.8660252726139474, -0.8660256082532485, 0.1999998294836959]",2.291126268958767,0.22630782497095056
"[0.1999997524679094, 0.866025272876631, -0.8660256078437768, 0.19999982982517406]",2.286205928276317,0.2294509892066582
"[0.19999975295993758, 0.8660252731368412, -0.8660256074381606, 0.19999983016343656]",2.2812943555863052,0.23259415344236586
"[0.19999975344732357, 0.8660252733945965, -0.8660256070363717, 0.19999983049850767]",2.276391626119296,0.23573731767807354
"[0.19999975393010408, 0.8660252736499157, -0.8660256066383795, 0.1999998308304127]",2.2714978167645725,0.23888048191378117
"[0.1999997544083114, 0.8660252739028166, -0.866025606244157, 0.19999983115917358]",2.266613012779133,0.24202364614948882
"[0.19999975488198043, 0.8660252741533175, -0.8660256058536758, 0.19999983148481446]",2.261737283374469,0.24516681038519647
"[0.1999997553511462, 0.8660252744014368, -0.866025605466907, 0.19999983180735942]",2.2568707031138375,0.2483099746209041
"[0.1999997558158444, 0.8660252746471934, -0.8660256050838213, 0.19999983212683303]",2.2520133439600043,0.25145313885661175
"[0.19999975627610772, 0.8660252748906047, -0.8660256047043915, 0.19999983244325767]",2.247165279885197,0.2545963030923194
"[0.1999997567319734, 0.86602527513169, -0.8660256043285871, 0.19999983275665906]",2.242326577921354,0.25773946732802705
"[0.1999997571834729, 0.8660252753704665, -0.866025603956382, 0.1999998330670587]",2.237497309358233,0.2608826315637347
"[0.19999975763064276, 0.8660252756069534, -0.8660256035877462, 0.19999983337448177]",2.2326775427226595,0.26402579579944235
"[0.1999997580735173, 0.8660252758411684, -0.8660256032226513, 0.1999998336789519]",2.227867337372545,0.26716896003515
"[0.19999975851212992, 0.8660252760731297, -0.8660256028610697, 0.19999983398049195]",2.2230667632779566,0.27031212427085766
"[0.19999975894651686, 0.866025276302856, -0.8660256025029718, 0.19999983427912701]",2.2182758787978067,0.2734552885065653
"[0.19999975937671102, 0.8660252765303651, -0.8660256021483302, 0.19999983457487952]",2.2134947520241908,0.2765984527422729
"[0.19999975980274767, 0.8660252767556753, -0.8660256017971162, 0.19999983486777387]",2.2087234349176694,0.27974161697798056
"[0.19999976022465904, 0.8660252769788042, -0.8660256014493027, 0.19999983515783204]",2.2039619949973597,0.2828847812136882
"[0.1999997606424806, 0.8660252771997701, -0.8660256011048608, 0.19999983544507852]",2.1992104881163312,0.28602794544939586
"[0.1999997610562479, 0.8660252774185917, -0.8660256007637614, 0.1999998357295379]",2.194468962421913,0.2891711096851035
"[0.1999997614659928, 0.8660252776352861, -0.8660256004259776, 0.19999983601123178]",2.1897374824542934,0.29231427392081116
"[0.19999976187175011, 0.8660252778498717, -0.8660256000914813, 0.19999983629018434]",2.185016093089525,0.2954574381565188
"[0.19999976227355334, 0.8660252780623662, -0.8660255997602446, 0.1999998365664185]",2.1803048556091364,0.29860060239222647
"[0.1999997626714373, 0.8660252782727879, -0.8660255994322389, 0.19999983683995823]",2.1756038148958075,0.3017437666279341
"[0.19999976306543393, 0.866025278481154, -0.8660255991074377, 0.19999983711082542]",2.170913021211941,0.30488693086364177
"[0.19999976345557852, 0.8660252786874827, -0.8660255987858121, 0.19999983737904442]",2.166232523984717,0.30803009509934937
"[0.19999976384190388, 0.8660252788917917, -0.8660255984673351, 0.19999983764463775]",2.1615623686026613,0.311173259335057
"[0.19999976422444404, 0.8660252790940988, -0.8660255981519783, 0.19999983790762885]",2.1569025980769796,0.31431642357076467
"[0.1999997646032316, 0.8660252792944213, -0.8660255978397151, 0.19999983816804004]",2.152253263016304,0.3174595878064724
"[0.19999976497830035, 0.8660252794927772, -0.8660255975305177, 0.1999998384258946]",2.1476144001007214,0.32060275204218003
"[0.19999976534968295, 0.8660252796891837, -0.8660255972243588, 0.19999983868121493]",2.142986055196402,0.3237459162778876
"[0.1999997657174127, 0.8660252798836584, -0.8660255969212115, 0.19999983893402407]",2.1383682669229915,0.3268890805135953
"[0.19999976608152373, 0.8660252800762192, -0.8660255966210475, 0.1999998391843454]",2.133761070449277,0.3300322447493029
"[0.19999976644204714, 0.8660252802668826, -0.8660255963238408, 0.19999983943220026]",2.1291645072484306,0.3331754089850106
"[0.1999997667990167, 0.8660252804556667, -0.8660255960295639, 0.19999983967761187]",2.1245786144912913,0.33631857322071823
"[0.19999976715246456, 0.8660252806425883, -0.8660255957381902, 0.19999983992060238]",2.120003423839802,0.3394617374564258
"[0.19999976750242285, 0.8660252808276646, -0.8660255954496932, 0.19999984016119382]",2.1154389735828456,0.3426049016921335
"[0.19999976784892515, 0.866025281010913, -0.8660255951640451, 0.19999984039940935]",2.11088529543515,0.3457480659278412
"[0.19999976819200269, 0.8660252811923502, -0.8660255948812203, 0.1999998406352704]",2.1063424172451537,0.34889123016354884
"[0.1999997685316891, 0.8660252813719941, -0.8660255946011913, 0.19999984086880013]",2.101810368841741,0.3520343943992565
"[0.19999976886801454, 0.8660252815498606, -0.8660255943239329, 0.1999998411000192]",2.0972891836871974,0.3551775586349641
"[0.19999976920101292, 0.8660252817259673, -0.8660255940494171, 0.199999841328951]",2.0927788852747886,0.35832072287067174
"[0.19999976953071327, 0.8660252819003302, -0.8660255937776202, 0.19999984155561534]",2.088279505123725,0.3614638871063794
"[0.1999997698571516, 0.8660252820729675, -0.8660255935085126, 0.19999984178003724]",2.0837910620322044,0.36460705134208704
"[0.1999997701803551, 0.8660252822438944, -0.8660255932420715, 0.19999984200223517]",2.0793135852817457,0.3677502155777947
"[0.1999997705003577, 0.8660252824131285, -0.8660255929782693, 0.1999998422222325]",2.07484709435455,0.37089337981350234
"[0.19999977081718967, 0.8660252825806858, -0.8660255927170808, 0.19999984244005006]",2.070391614190606,0.37403654404921
"[0.19999977113088216, 0.8660252827465826, -0.8660255924584803, 0.1999998426557093]",2.065947162718752,0.37717970828491765
"[0.19999977144146752, 0.8660252829108362, -0.8660255922024415, 0.19999984286923247]",2.0615137590336867,0.3803228725206253
"[0.19999977174897568, 0.8660252830734626, -0.8660255919489394, 0.19999984308064006]",2.057091423940678,0.38346603675633295
"[0.1999997720534364, 0.8660252832344774, -0.8660255916979495, 0.19999984328995254]",2.0526801760562043,0.38660920099204055
"[0.19999977235488237, 0.8660252833938976, -0.8660255914494447, 0.19999984349719246]",2.048280025687483,0.3897523652277482
"[0.19999977265334315, 0.8660252835517392, -0.866025591203401, 0.1999998437023801]",2.043890993033778,0.3928955294634559
"[0.19999977294884877, 0.8660252837080179, -0.8660255909597935, 0.19999984390553618]",2.0395130883774093,0.3960386936991635
"[0.19999977324142976, 0.8660252838627498, -0.8660255907185969, 0.19999984410668156]",2.035146325257528,0.39918185793487115
"[0.1999997735311152, 0.8660252840159508, -0.8660255904797873, 0.19999984430583623]",2.030790719922263,0.4023250221705788
"[0.1999997738179368, 0.8660252841676369, -0.8660255902433386, 0.1999998445030221]",2.0264462776264347,0.40546818640628646
"[0.19999977410192246, 0.8660252843178234, -0.8660255900092279, 0.1999998446982583]",2.022113011284453,0.40861135064199405
"[0.19999977438310382, 0.8660252844665266, -0.8660255897774287, 0.19999984489156658]",2.0177909284074054,0.41175451487770176
"[0.199999774661509, 0.8660252846137617, -0.8660255895479184, 0.1999998450829663]",2.0134800361295353,0.4148976791134094
"[0.1999997749371667, 0.8660252847595441, -0.866025589320673, 0.1999998452724771]",2.0091803426334667,0.418040843349117
"[0.19999977521010784, 0.8660252849038894, -0.866025589095667, 0.19999984546012037]",2.004891851037684,0.4211840075848247
"[0.19999977548036058, 0.8660252850468131, -0.8660255888728773, 0.1999998456459154]",2.0006145692282957,0.4243271718205323
"[0.199999775747953, 0.86602528518833, -0.8660255886522806, 0.19999984582988142]",1.9963484982410178,0.42747033605624
"[0.19999977601291588, 0.866025285328456, -0.8660255884338519, 0.19999984601203982]",1.9920936410651071,0.4306135002919476
"[0.1999997762752756, 0.8660252854672055, -0.866025588217569, 0.1999998461924085]",1.9878500027145174,0.43375666452765527
"[0.1999997765350617, 0.866025285604594, -0.8660255880034077, 0.1999998463710078]",1.9836175811850676,0.43689982876336286
"[0.1999997767923017, 0.8660252857406359, -0.8660255877913452, 0.19999984654785666]",1.9793963760088122,0.44004299299907057
"[0.19999977704702493, 0.8660252858753467, -0.8660255875813577, 0.1999998467229754]",1.9751863868021282,0.4431861572347783
"[0.1999997772992581, 0.8660252860087407, -0.8660255873734228, 0.1999998468963822]",1.970987613369447,0.4463293214704859
"[0.19999977754902945, 0.866025286140833, -0.8660255871675175, 0.1999998470680965]",1.9668000527345542,0.4494724857061935
"[0.19999977779636657, 0.8660252862716376, -0.866025586963619, 0.1999998472381374]",1.9626236973988136,0.4526156499419011
"[0.19999977804129748, 0.8660252864011697, -0.8660255867617039, 0.19999984740652402]",1.9584585463291149,0.45575881417760883
"[0.19999977828384843, 0.8660252865294434, -0.8660255865617509, 0.19999984757327438]",1.9543045946246032,0.4589019784133164
"[0.19999977852404752, 0.866025286656473, -0.8660255863637366, 0.19999984773840793]",1.9501618355863661,0.46204514264902413
"[0.1999997787619212, 0.8660252867822731, -0.8660255861676395, 0.1999998479019428]",1.94603026042575,0.46518830688473173
"[0.19999977899749663, 0.8660252869068576, -0.8660255859734367, 0.1999998480638976]",1.9419098631289209,0.4683314711204394
"[0.19999977923079998, 0.8660252870302406, -0.8660255857811072, 0.1999998482242904]",1.9378006354923611,0.4714746353561471
"[0.199999779461859, 0.8660252871524367, -0.8660255855906279, 0.1999998483831403]",1.9337025651812778,0.4746177995918547
"[0.19999977969069743, 0.8660252872734585, -0.8660255854019789, 0.19999984854046346]",1.9296156470072605,0.47776096382756233
"[0.1999997799173445, 0.866025287393321, -0.8660255852151368, 0.19999984869628026]",1.925539863430647,0.48090412806326993
"[0.19999978014182465, 0.8660252875120379, -0.866025585030081, 0.19999984885060723]",1.9214752095266774,0.48404729229897764
"[0.19999978036416355, 0.8660252876296223, -0.8660255848467902, 0.19999984900346213]",1.9174216686687742,0.48719045653468523
"[0.19999978058438836, 0.8660252877460886, -0.8660255846652423, 0.19999984915486363]",1.9133792290961664,0.49033362077039294
"[0.19999978080252404, 0.86602528786145, -0.8660255844854167, 0.1999998493048289]",1.9093478751125426,0.49347678500610054
"[0.19999978101859417, 0.8660252879757191, -0.8660255843072936, 0.1999998494533741]",1.9053275961114406,0.4966199492418082
"[0.1999997812326264, 0.8660252880889105, -0.8660255841308508, 0.1999998496005183]",1.9013183737140746,0.4997631134775159
"[0.1999997814446442, 0.8660252882010366, -0.8660255839560685, 0.19999984974627757]",1.8973201930413648,0.5029062777132235
"[0.199999781654674, 0.8660252883121112, -0.8660255837829252, 0.19999984989067016]",1.893333035336893,0.5060494419489312
"[0.1999997818627389, 0.8660252884221468, -0.8660255836114016, 0.1999998500337119]",1.8893568878122697,0.5091926061846388
"[0.1999997820688645, 0.8660252885311568, -0.8660255834414767, 0.19999985017542038]",1.885391728876856,0.5123357704203465
"[0.19999978227307527, 0.8660252886391538, -0.8660255832731304, 0.1999998503158125]",1.881437538434792,0.5154789346560541
"[0.19999978247539416, 0.8660252887461507, -0.8660255831063437, 0.1999998504549039]",1.8774943036316718,0.5186220988917617
"[0.19999978267584695, 0.8660252888521606, -0.8660255829410953, 0.1999998505927124]",1.8735619988469738,0.5217652631274694
"[0.19999978287445677, 0.8660252889571959, -0.8660255827773663, 0.1999998507292539]",1.869640608484535,0.524908427363177
"[0.19999978307124786, 0.8660252890612692, -0.8660255826151365, 0.19999985086454503]",1.8657301064573126,0.5280515915988847
"[0.19999978326624268, 0.8660252891643926, -0.8660255824543875, 0.19999985099860124]",1.8618304741027814,0.5311947558345923
"[0.199999783459467, 0.8660252892665796, -0.8660255822950983, 0.19999985113144034]",1.8579416884031748,0.5343379200703
"[0.19999978365094212, 0.8660252893678416, -0.866025582137251, 0.19999985126307682]",1.8540637256440253,0.5374810843060076
"[0.19999978384069114, 0.8660252894681908, -0.8660255819808265, 0.1999998513935266]",1.8501965656672792,0.5406242485417153
"[0.1999997840287379, 0.8660252895676397, -0.8660255818258054, 0.19999985152280614]",1.8463401831109985,0.5437674127774229
"[0.1999997842151044, 0.8660252896662001, -0.8660255816721694, 0.1999998516509305]",1.8424945524538057,0.5469105770131306
"[0.19999978439981492, 0.8660252897638846, -0.8660255815198985, 0.1999998517779164]",1.8386596499926093,0.5500537412488382
"[0.19999978458289078, 0.8660252898607046, -0.8660255813689752, 0.19999985190377853]",1.8348354510172982,0.5531969054845458
"[0.19999978476435432, 0.866025289956672, -0.8660255812193812, 0.19999985202853218]",1.8310219287653136,0.5563400697202535
"[0.1999997849442287, 0.8660252900517988, -0.8660255810710973, 0.19999985215219337]",1.8272190541664486,0.5594832339559611
"[0.1999997851225347, 0.8660252901460963, -0.8660255809241062, 0.19999985227477626]",1.8234268057499106,0.5626263981916688
"[0.19999978529929413, 0.8660252902395759, -0.86602558077839, 0.1999998523962959]",1.819645152804593,0.5657695624273764
"[0.19999978547452998, 0.8660252903322497, -0.86602558063393, 0.19999985251676813]",1.8158740715198807,0.5689127266630841
"[0.19999978564826273, 0.8660252904241287, -0.8660255804907088, 0.19999985263620693]",1.812113527832932,0.5720558908987917
"[0.1999997858205142, 0.8660252905152243, -0.8660255803487089, 0.19999985275462742]",1.8083634981854848,0.5751990551344994
"[0.19999978599130613, 0.8660252906055479, -0.8660255802079122, 0.1999998528720445]",1.8046239501357344,0.578342219370207
"[0.19999978616065886, 0.8660252906951104, -0.8660255800683021, 0.19999985298847217]",1.800894854531553,0.5814853836059147
"[0.1999997863285933, 0.8660252907839229, -0.866025579929861, 0.19999985310392474]",1.7971761861506566,0.5846285478416223
"[0.19999978649513148, 0.866025290871997, -0.8660255797925711, 0.19999985321841743]",1.793467909239057,0.5877717120773299
"[0.19999978666029225, 0.8660252909593426, -0.8660255796564166, 0.19999985333196316]",1.7897699958240425,0.5909148763130376
"[0.199999786824098, 0.8660252910459715, -0.8660255795213792, 0.19999985344457735]",1.7860824128354382,0.5940580405487452
"[0.1999997869865679, 0.866025291131894, -0.866025579387443, 0.19999985355627317]",1.7824051298430026,0.5972012047844529
"[0.1999997871477223, 0.8660252912171208, -0.8660255792545913, 0.1999998536670646]",1.7787381173069032,0.6003443690201605
"[0.19999978730758192, 0.8660252913016628, -0.8660255791228071, 0.19999985377696589]",1.7750813390548097,0.6034875332558682
"[0.19999978746616506, 0.86602529138553, -0.866025578992075, 0.19999985388598956]",1.771434768451095,0.6066306974915759
"[0.19999978762349233, 0.8660252914687327, -0.8660255788623783, 0.19999985399414988]",1.7677983681666065,0.6097738617272835
"[0.1999997877795849, 0.8660252915512826, -0.8660255787336993, 0.19999985410146137]",1.7641721039678422,0.6129170259629911
"[0.19999978793445905, 0.8660252916331882, -0.8660255786060248, 0.19999985420793515]",1.76055594823994,0.6160601901986987
"[0.19999978808813684, 0.8660252917144611, -0.8660255784793367, 0.1999998543135865]",1.7569498611901637,0.6192033544344064
"[0.1999997882406369, 0.8660252917951109, -0.8660255783536195, 0.1999998544184282]",1.7533538111850937,0.622346518670114
"[0.19999978839197763, 0.8660252918751477, -0.8660255782288578, 0.19999985452247285]",1.749767764832141,0.6254896829058217
"[0.1999997885421771, 0.8660252919545811, -0.8660255781050371, 0.19999985462573286]",1.7461916889485198,0.6286328471415293
"[0.19999978869125604, 0.8660252920334218, -0.8660255779821401, 0.19999985472822257]",1.742625543175524,0.631776011377237
"[0.19999978883923228, 0.8660252921116792, -0.8660255778601522, 0.19999985482995422]",1.7390692949287248,0.6349191756129448
"[0.19999978898612256, 0.8660252921893625, -0.8660255777390594, 0.19999985493093922]",1.7355229137807628,0.6380623398486523
"[0.1999997891319478, 0.8660252922664824, -0.8660255776188447, 0.19999985503119205]",1.7319863565545168,0.6412055040843601
"[0.19999978927672424, 0.8660252923430479, -0.8660255774994946, 0.19999985513072382]",1.728459592819007,0.6443486683200677
"[0.19999978942047097, 0.8660252924190687, -0.8660255773809932, 0.19999985522954766]",1.7249425815166024,0.6474918325557752
"[0.19999978956320533, 0.866025292494554, -0.8660255772633265, 0.19999985532767556]",1.7214352909812105,0.6506349967914828
"[0.19999978970494595, 0.8660252925695137, -0.8660255771464791, 0.1999998554251203]",1.717937680768602,0.6537781610271906
"[0.19999978984570904, 0.8660252926439566, -0.8660255770304374, 0.19999985552189295]",1.7144497166866517,0.6569213252628981
"[0.19999978998551265, 0.866025292717892, -0.8660255769151867, 0.19999985561800598]",1.7109713616667428,0.6600644894986059
"[0.19999979012437413, 0.8660252927913292, -0.8660255768007128, 0.19999985571347131]",1.7075025771030437,0.6632076537343136
"[0.19999979026231104, 0.8660252928642774, -0.8660255766870009, 0.19999985580830099]",1.7040433265792132,0.6663508179700212
"[0.1999997903993403, 0.8660252929367456, -0.8660255765740376, 0.19999985590250677]",1.7005935707013466,0.6694939822057289
"[0.199999790535478, 0.8660252930087422, -0.8660255764618088, 0.1999998559960995]",1.6971532735331714,0.6726371464414365
"[0.19999979067074253, 0.8660252930802772, -0.8660255763503002, 0.19999985608909202]",1.6937223968012982,0.6757803106771441
"[0.19999979080514899, 0.8660252931513583, -0.8660255762394988, 0.1999998561814946]",1.6903009017416128,0.6789234749128517
"[0.19999979093871462, 0.8660252932219946, -0.8660255761293905, 0.19999985627331912]",1.6868887494940918,0.6820666391485594
"[0.1999997910714551, 0.8660252932921948, -0.8660255760199626, 0.19999985636457634]",1.683485904300516,0.685209803384267
"[0.19999979120338723, 0.8660252933619673, -0.866025575911201, 0.19999985645527787]",1.6800923251258313,0.6883529676199747
"[0.19999979133452708, 0.866025293431321, -0.8660255758030925, 0.19999985654543467]",1.6767079731776162,0.6914961318556824
"[0.19999979146489172, 0.8660252935002645, -0.8660255756956232, 0.1999998566350586]",1.6733328101424119,0.69463929609139
"[0.1999997915944948, 0.8660252935688053, -0.8660255755887816, 0.19999985672415888]",1.6699667972631587,0.6977824603270977
"[0.1999997917233523, 0.866025293636952, -0.8660255754825544, 0.19999985681274657]",1.666609896320782,0.7009256245628053
"[0.19999979185148264, 0.8660252937047139, -0.8660255753769269, 0.1999998569008344]",1.6632620634461361,0.704068788798513
"[0.19999979197889828, 0.8660252937720978, -0.8660255752718887, 0.19999985698843092]",1.659923264860811,0.7072119530342206
"[0.19999979210561583, 0.8660252938391126, -0.866025575167426, 0.1999998570755475]",1.6565934584270647,0.7103551172699282
"[0.19999979223165013, 0.8660252939057662, -0.8660255750635264, 0.19999985716219432]",1.6532726045160644,0.7134982815056359
"[0.19999979235701623, 0.8660252939720664, -0.8660255749601776, 0.19999985724838173]",1.649960662547615,0.7166414457413435
"[0.1999997924817295, 0.8660252940380213, -0.8660255748573671, 0.19999985733412037]",1.6466575955387674,0.7197846099770512
"[0.19999979260580486, 0.8660252941036387, -0.8660255747550824, 0.19999985741942045]",1.6433633607925133,0.7229277742127588
"[0.1999997927292562, 0.8660252941689262, -0.8660255746533121, 0.19999985750429153]",1.6400779199497608,0.7260709384484665
"[0.19999979285209935, 0.8660252942338921, -0.8660255745520432, 0.19999985758874447]",1.6368012312180997,0.7292141026841741
"[0.19999979297434703, 0.866025294298543, -0.8660255744512653, 0.19999985767278805]",1.6335332558365392,0.7323572669198818
"[0.19999979309601537, 0.8660252943628877, -0.8660255743509649, 0.19999985775643334]",1.6302739525633454,0.7355004311555894
"[0.19999979321711736, 0.8660252944269328, -0.8660255742511314, 0.19999985783968924]",1.6270232835831226,0.738643595391297
"[0.1999997933376679, 0.8660252944906861, -0.8660255741517524, 0.19999985792256605]",1.6237812057072554,0.7417867596270047
"[0.1999997934576819, 0.8660252945541556, -0.8660255740528159, 0.19999985800507408]",1.6205476765907911,0.7449299238627123
"[0.19999979357717093, 0.8660252946173477, -0.8660255739543121, 0.19999985808722112]",1.6173226605616127,0.74807308809842
"[0.19999979369614987, 0.8660252946802699, -0.8660255738562288, 0.19999985816901747]",1.6141061160680996,0.7512162523341276
"[0.19999979381463254, 0.8660252947429297, -0.8660255737585546, 0.19999985825047267]",1.6108979989081356,0.7543594165698353
"[0.19999979393263184, 0.866025294805334, -0.8660255736612789, 0.19999985833159553]",1.6076982743496737,0.7575025808055429
"[0.19999979405016238, 0.8660252948674901, -0.8660255735643897, 0.19999985841239618]",1.604506894698875,0.7606457450412506
"[0.19999979416723676, 0.8660252949294052, -0.8660255734678763, 0.19999985849288315]",1.6013238251256836,0.7637889092769582
"[0.1999997942838679, 0.8660252949910857, -0.8660255733717285, 0.19999985857306546]",1.5981490218031418,0.7669320735126659
"[0.19999979440006935, 0.8660252950525391, -0.866025573275935, 0.19999985865295236]",1.5949824449665395,0.7700752377483735
"[0.19999979451585334, 0.8660252951137717, -0.8660255731804855, 0.19999985873255222]",1.5918240534742811,0.7732184019840811
"[0.19999979463123313, 0.8660252951747907, -0.8660255730853691, 0.19999985881187418]",1.5886738088844152,0.7763615662197888
"[0.19999979474622187, 0.8660252952356027, -0.8660255729905753, 0.19999985889092733]",1.585531667258151,0.7795047304554964
"[0.19999979486083222, 0.8660252952962145, -0.8660255728960935, 0.19999985896972042]",1.582397585678272,0.7826478946912041
"[0.1999997949750762, 0.8660252953566328, -0.8660255728019134, 0.1999998590482615]",1.5792715300804363,0.7857910589269118
"[0.1999997950889667, 0.8660252954168639, -0.8660255727080249, 0.19999985912655968]",1.5761534536071664,0.7889342231626194
"[0.19999979520251518, 0.8660252954769142, -0.8660255726144184, 0.19999985920462268]",1.573043318040805,0.792077387398327
"[0.19999979531573375, 0.8660252955367903, -0.8660255725210836, 0.19999985928245878]",1.5699410857083023,0.7952205516340346
"[0.19999979542863686, 0.8660252955964991, -0.8660255724280093, 0.1999998593600782]",1.5668467066864948,0.7983637158697423
"[0.1999997955412333, 0.8660252956560461, -0.8660255723351873, 0.19999985943748658]",1.5637601498459963,0.80150688010545
"[0.1999997956535371, 0.8660252957154381, -0.8660255722426069, 0.19999985951469396]",1.560681368031712,0.8046500443411576
"[0.19999979576556018, 0.8660252957746817, -0.866025572150258, 0.1999998595917083]",1.5576103212276435,0.8077932085768653
"[0.199999795877312, 0.866025295833782, -0.8660255720581324, 0.19999985966853606]",1.554546973746196,0.8109363728125729
"[0.1999997959888061, 0.8660252958927458, -0.8660255719662193, 0.1999998597451867]",1.5514912802707417,0.8140795370482805
"[0.1999997961000535, 0.8660252959515792, -0.8660255718745098, 0.19999985982166776]",1.5484431988219431,0.8172227012839881
"[0.19999979621106592, 0.8660252960102883, -0.866025571782994, 0.19999985989798727]",1.545402691887534,0.8203658655196959
"[0.19999979632185308, 0.8660252960688783, -0.8660255716916636, 0.19999985997415187]",1.542369719209469,0.8235090297554035
"[0.19999979643242827, 0.8660252961273563, -0.8660255716005082, 0.19999986005017076]",1.5393442364126806,0.8266521939911111
"[0.19999979654280103, 0.8660252961857272, -0.8660255715095196, 0.1999998601260505]",1.5363262054076356,0.8297953582268188
"[0.19999979665298281, 0.866025296243997, -0.8660255714186885, 0.19999986020179897]",1.53331558549595,0.8329385224625264
"[0.19999979676298602, 0.8660252963021723, -0.8660255713280047, 0.1999998602774247]",1.5303123333059063,0.836081686698234
"[0.19999979687281802, 0.8660252963602572, -0.8660255712374618, 0.19999986035293266]",1.5273164135150914,0.8392248509339416
"[0.19999979698249196, 0.8660252964182585, -0.8660255711470493, 0.19999986042833193]",1.524327784568454,0.8423680151696494
"[0.19999979709201796, 0.8660252964761816, -0.8660255710567587, 0.1999998605036295]",1.521346401896285,0.845511179405357
"[0.19999979720140648, 0.866025296534032, -0.8660255709665815, 0.19999986057883257]",1.5183722277919915,0.8486543436410646
"[0.1999997973106686, 0.8660252965918154, -0.8660255708765087, 0.19999986065394884]",1.5154052204659132,0.8517975078767724
"[0.1999997974198134, 0.8660252966495368, -0.8660255707865323, 0.19999986072898437]",1.5124453410255436,0.85494067211248
"[0.19999979752885153, 0.8660252967072019, -0.866025570696644, 0.19999986080394655]",1.5094925506475283,0.8580838363481876
"[0.19999979763779283, 0.8660252967648159, -0.8660255706068354, 0.1999998608788421]",1.5065468090120788,0.8612270005838952
"[0.1999997977466482, 0.866025296822384, -0.8660255705170977, 0.19999986095367872]",1.5036080703677022,0.8643701648196029
"[0.19999979785542676, 0.8660252968799119, -0.8660255704274233, 0.19999986102846243]",1.500676301839205,0.8675133290553105
"[0.19999979796413925, 0.8660252969374047, -0.8660255703378035, 0.19999986110320078]",1.497751458408274,0.8706564932910181
"[0.19999979807279378, 0.8660252969948669, -0.8660255702482312, 0.19999986117789922]",1.4948335036544946,0.8737996575267257
"[0.19999979818140218, 0.8660252970523046, -0.8660255701586973, 0.19999986125256602]",1.4919223951907494,0.8769428217624335
"[0.19999979828997266, 0.8660252971097224, -0.8660255700691943, 0.19999986132720668]",1.4890180942264994,0.8800859859981411
"[0.19999979839851467, 0.8660252971671248, -0.866025569979715, 0.19999986140182785]",1.4861205592285986,0.8832291502338487
"[0.19999979850703783, 0.8660252972245176, -0.8660255698902511, 0.199999861476436]",1.4832297538173926,0.8863723144695566
"[0.1999997986155516, 0.8660252972819055, -0.8660255698007951, 0.19999986155103766]",1.4803456377548785,0.8895154787052642
"[0.19999979872406567, 0.8660252973392932, -0.8660255697113389, 0.19999986162563965]",1.4774681670521272,0.8926586429409717
"[0.1999997988325876, 0.8660252973966854, -0.8660255696218759, 0.19999986170024686]",1.474597309879017,0.8958018071766793
"[0.19999979894112846, 0.8660252974540873, -0.8660255695323975, 0.19999986177486725]",1.4717330182911834,0.898944971412387
"[0.19999979904969603, 0.8660252975115034, -0.8660255694428972, 0.199999861849506]",1.4688752584022857,0.9020881356480946
"[0.1999997991582989, 0.8660252975689383, -0.8660255693533676, 0.19999986192416894]",1.4660239914424245,0.9052312998838022
"[0.19999979926694697, 0.8660252976263971, -0.8660255692638008, 0.19999986199886294]",1.4631791754545849,0.9083744641195101
"[0.1999997993756478, 0.8660252976838838, -0.8660255691741905, 0.19999986207359322]",1.4603407732476419,0.9115176283552177
"[0.19999979948441107, 0.8660252977414035, -0.8660255690845288, 0.1999998621483665]",1.457508743951224,0.9146607925909253
"[0.19999979959324554, 0.8660252977989606, -0.8660255689948084, 0.19999986222318872]",1.454683048180227,0.9178039568266328
"[0.19999979970215742, 0.8660252978565591, -0.8660255689050238, 0.199999862298064]",1.4518636526956517,0.9209471210623407
"[0.199999799811158, 0.8660252979142042, -0.8660255688151667, 0.19999986237300046]",1.449050509470828,0.9240902852980483
"[0.19999979992025377, 0.8660252979718999, -0.8660255687252307, 0.19999986244800222]",1.4462435875825543,0.9272334495337559
"[0.1999998000294535, 0.8660252980296503, -0.8660255686352091, 0.1999998625230755]",1.4434428461501898,0.9303766137694635
"[0.19999980013876567, 0.8660252980874603, -0.8660255685450948, 0.1999998625982261]",1.440648245247488,0.9335197780051712
"[0.1999998002481984, 0.866025298145334, -0.8660255684548813, 0.19999986267345962]",1.4378597461060554,0.9366629422408788
"[0.19999980035775927, 0.8660252982032753, -0.8660255683645621, 0.19999986274878123]",1.4350773115930309,0.9398061064765864
"[0.1999998004674557, 0.8660252982612886, -0.8660255682741309, 0.19999986282419593]",1.4323009061803906,0.9429492707122942
"[0.19999980057729674, 0.8660252983193782, -0.8660255681835807, 0.19999986289971014]",1.4295304861556457,0.9460924349480018
"[0.19999980068728873, 0.8660252983775478, -0.8660255680929059, 0.19999986297532804]",1.4267660194748242,0.9492355991837094
"[0.19999980079744087, 0.8660252984358019, -0.8660255680020993, 0.19999986305105616]",1.4240074622651298,0.952378763419417
"[0.19999980090775973, 0.8660252984941442, -0.8660255679111551, 0.19999986312689885]",1.4212547795550863,0.9555219276551247
"[0.19999980101825318, 0.8660252985525791, -0.8660255678200669, 0.19999986320286148]",1.4185079361981692,0.9586650918908323
"[0.1999998011289294, 0.8660252986111103, -0.8660255677288284, 0.19999986327894992]",1.4157668878926728,0.9618082561265399
"[0.19999980123979463, 0.8660252986697416, -0.8660255676374337, 0.19999986335516817]",1.4130316022651221,0.9649514203622477
"[0.19999980135085665, 0.8660252987284771, -0.8660255675458769, 0.19999986343152176]",1.4103020408553297,0.9680945845979553
"[0.19999980146212307, 0.8660252987873205, -0.8660255674541516, 0.19999986350801588]",1.4075781637800275,0.9712377488336629
"[0.19999980157360103, 0.8660252988462757, -0.866025567362252, 0.1999998635846555]",1.4048599351906903,0.9743809130693705
"[0.19999980168529682, 0.8660252989053463, -0.8660255672701725, 0.19999986366144473]",1.4021473205398034,0.9775240773050783
"[0.19999980179721827, 0.8660252989645362, -0.8660255671779074, 0.19999986373838918]",1.3994402778784938,0.9806672415407859
"[0.1999998019093721, 0.8660252990238491, -0.8660255670854504, 0.19999986381549334]",1.3967387757101055,0.9838104057764935
"[0.19999980202176507, 0.8660252990832884, -0.8660255669927964, 0.19999986389276192]",1.3940427722835256,0.9869535700122011
"[0.1999998021344047, 0.866025299142858, -0.8660255668999393, 0.19999986397020014]",1.3913522308515753,0.9900967342479088
"[0.19999980224729644, 0.8660252992025612, -0.8660255668068739, 0.19999986404781156]",1.3886671186232722,0.9932398984836164
"[0.19999980236044812, 0.8660252992624016, -0.8660255667135945, 0.19999986412560183]",1.385987394755304,0.996383062719324
"[0.19999980247386667, 0.8660252993223831, -0.8660255666200951, 0.19999986420357552]",1.3833130243282437,0.9995262269550318
"[0.19999980258755773, 0.8660252993825089, -0.8660255665263709, 0.1999998642817365]",1.3806439708952178,1.0026693911907394
"[0.19999980270152798, 0.8660252994427822, -0.8660255664324168, 0.19999986436008954]",1.37798019763767,1.005812555426447
"[0.1999998028157831, 0.8660252995032064, -0.8660255663382275, 0.19999986443863826]",1.3753216722230421,1.0089557196621546
"[0.1999998029303312, 0.8660252995637854, -0.8660255662437969, 0.1999998645173885]",1.3726683517588283,1.0120988838978624
"[0.19999980304517775, 0.8660252996245221, -0.8660255661491203, 0.19999986459634392]",1.3700202045999972,1.01524204813357
"[0.19999980316032823, 0.8660252996854196, -0.8660255660541931, 0.1999998646755083]",1.3673771925185723,1.0183852123692776
"[0.1999998032757904, 0.8660252997464821, -0.8660255659590089, 0.1999998647548869]",1.3647392814389432,1.0215283766049854
"[0.19999980339156856, 0.8660252998077116, -0.8660255658635643, 0.1999998648344828]",1.3621064345214333,1.024671540840693
"[0.19999980350766955, 0.8660252998691119, -0.8660255657678533, 0.19999986491430052]",1.3594786178036702,1.0278147050764006
"[0.19999980362410003, 0.8660252999306863, -0.866025565671871, 0.1999998649943449]",1.3568557927708498,1.0309578693121082
"[0.19999980374086493, 0.8660252999924377, -0.8660255655756128, 0.19999986507461914]",1.3542379263840858,1.0341010335478158
"[0.1999998038579701, 0.8660253000543692, -0.8660255654790743, 0.19999986515512727]",1.3516249827202582,1.0372441977835234
"[0.19999980397542233, 0.8660253001164838, -0.8660255653822495, 0.1999998652358741]",1.3490169247047235,1.040387362019231
"[0.19999980409322612, 0.8660253001787847, -0.866025565285135, 0.19999986531686256]",1.3464137194622687,1.0435305262549388
"[0.19999980421138763, 0.8660253002412748, -0.8660255651877253, 0.19999986539809686]",1.3438153329223874,1.0466736904906464
"[0.19999980432991282, 0.866025300303957, -0.8660255650900163, 0.19999986547958135]",1.341221725443051,1.049816854726354
"[0.199999804448807, 0.8660253003668343, -0.8660255649920029, 0.19999986556131943]",1.3386328647580417,1.0529600189620616
"[0.19999980456807528, 0.8660253004299097, -0.866025564893681, 0.1999998656433147]",1.3360487185501628,1.0561031831977694
"[0.19999980468772355, 0.8660253004931858, -0.8660255647950458, 0.1999998657255712]",1.3334692479561459,1.059246347433477
"[0.19999980480775717, 0.8660253005566658, -0.8660255646960933, 0.1999998658080927]",1.3308944205681679,1.0623895116691846
"[0.19999980492818087, 0.8660253006203521, -0.8660255645968189, 0.1999998658908823]",1.3283242025329993,1.0655326759048922
"[0.1999998050490005, 0.8660253006842479, -0.8660255644972182, 0.19999986597394415]",1.3257585575140938,1.0686758401406
"[0.19999980517022045, 0.8660253007483554, -0.8660255643972874, 0.19999986605728112]",1.3231974549661196,1.0718190043763076
"[0.1999998052918466, 0.8660253008126777, -0.8660255642970216, 0.19999986614089735]",1.3206408567848313,1.0749621686120152
"[0.19999980541388396, 0.8660253008772172, -0.866025564196417, 0.19999986622479635]",1.3180887288484013,1.078105332847723
"[0.1999998055363381, 0.8660253009419773, -0.8660255640954689, 0.1999998663089819]",1.315541037042679,1.0812484970834306
"[0.19999980565921188, 0.8660253010069594, -0.8660255639941747, 0.19999986639345588]",1.3129977523716378,1.0843916613191382
"[0.19999980578251256, 0.8660253010721672, -0.8660255638925286, 0.19999986647822335]",1.3104588368210766,1.0875348255548458
"[0.19999980590624378, 0.8660253011376028, -0.8660255637905278, 0.19999986656328686]",1.307924256536106,1.0906779897905536
"[0.19999980603041065, 0.8660253012032686, -0.8660255636881677, 0.1999998666486499]",1.3053939780918198,1.0938211540262612
"[0.19999980615501775, 0.8660253012691673, -0.8660255635854447, 0.19999986673431552]",1.3028679694552225,1.0969643182619688
"[0.19999980628006936, 0.8660253013353012, -0.8660255634823553, 0.19999986682028675]",1.300346197487133,1.1001074824976764
"[0.19999980640557097, 0.8660253014016729, -0.8660255633788947, 0.19999986690656735]",1.297828627371779,1.103250646733384
"[0.19999980653152669, 0.8660253014682847, -0.86602556327506, 0.1999998669931602]",1.2953152254199471,1.1063938109690916
"[0.19999980665794095, 0.8660253015351392, -0.8660255631708472, 0.19999986708006823]",1.2928059602274944,1.1095369752047992
"[0.1999998067848184, 0.8660253016022388, -0.8660255630662524, 0.19999986716729465]",1.2903007986578912,1.112680139440507
"[0.19999980691216337, 0.8660253016695855, -0.8660255629612725, 0.19999986725484256]",1.2877997070306075,1.1158233036762146
"[0.19999980703998008, 0.8660253017371815, -0.8660255628559035, 0.19999986734271477]",1.2853026528049867,1.1189664679119222
"[0.19999980716827348, 0.8660253018050297, -0.8660255627501418, 0.19999986743091475]",1.2828096015260613,1.1221096321476298
"[0.1999998072970468, 0.8660253018731318, -0.866025562643984, 0.19999986751944454]",1.2803205233001278,1.1252527963833376
"[0.19999980742630552, 0.8660253019414903, -0.8660255625374265, 0.1999998676083082]",1.2778353829907574,1.1283959606190452
"[0.19999980755605157, 0.8660253020101069, -0.8660255624304669, 0.19999986769750674]",1.2753541523353567,1.1315391248547528
"[0.19999980768629091, 0.8660253020789844, -0.8660255623231007, 0.1999998677870444]",1.2728767968060106,1.1346822890904606
"[0.19999980781702795, 0.8660253021481247, -0.8660255622153243, 0.19999986787692436]",1.2704032808238142,1.1378254533261682
"[0.1999998079482653, 0.86602530221753, -0.8660255621071355, 0.19999986796714816]",1.267933576504804,1.1409686175618758
"[0.1999998080800077, 0.8660253022872021, -0.8660255619985303, 0.19999986805771927]",1.2654676490247052,1.1441117817975834
"[0.19999980821225877, 0.8660253023571435, -0.8660255618895059, 0.19999986814864001]",1.2630054696612985,1.1472549460332913
"[0.1999998083450224, 0.8660253024273558, -0.8660255617800587, 0.19999986823991314]",1.2605470025622632,1.1503981102689989
"[0.19999980847830243, 0.866025302497841, -0.866025561670186, 0.19999986833154135]",1.2580922184499685,1.1535412745047064
"[0.19999980861210231, 0.8660253025686016, -0.8660255615598844, 0.1999998684235268]",1.2556410862070295,1.156684438740414
"[0.19999980874642684, 0.8660253026396391, -0.8660255614491509, 0.19999986851587317]",1.2531935699305667,1.1598276029761219
"[0.199999808881278, 0.8660253027109556, -0.8660255613379828, 0.1999998686085814]",1.2507496442004005,1.1629707672118295
"[0.1999998090166604, 0.8660253027825529, -0.8660255612263769, 0.1999998687016549]",1.248309274681756,1.166113931447537
"[0.19999980915257776, 0.8660253028544329, -0.8660255611143299, 0.1999998687950962]",1.2458724274999293,1.1692570956832447
"[0.19999980928903252, 0.8660253029265975, -0.8660255610018398, 0.19999986888890686]",1.24343907804883,1.1724002599189522
"[0.19999980942602935, 0.8660253029990485, -0.8660255608889031, 0.19999986898309033]",1.2410091866971418,1.1755434241546598
"[0.19999980956357113, 0.8660253030717876, -0.8660255607755172, 0.19999986907764844]",1.2385827281354045,1.1786865883903674
"[0.19999980970166123, 0.866025303144817, -0.866025560661679, 0.1999998691725834]",1.236159669890436,1.1818297526260753
"[0.19999980984030297, 0.8660253032181379, -0.8660255605473861, 0.19999986926789765]",1.2337399803481859,1.1849729168617829
"[0.19999980997950015, 0.8660253032917526, -0.8660255604326353, 0.19999986936359374]",1.2313236297211716,1.1881160810974905
"[0.19999981011925472, 0.866025303365662, -0.8660255603174252, 0.1999998694596731]",1.228910586133721,1.1912592453331983
"[0.1999998102595716, 0.8660253034398689, -0.8660255602017515, 0.199999869556139]",1.2265008199257028,1.1944024095689059
"[0.19999981040045245, 0.866025303514374, -0.8660255600856127, 0.19999986965299263]",1.2240943000481135,1.1975455738046135
"[0.19999981054190047, 0.8660253035891792, -0.8660255599690064, 0.19999986975023612]",1.2216909976626733,1.200688738040321
"[0.19999981068391956, 0.8660253036642861, -0.8660255598519294, 0.19999986984787232]",1.219290878427421,1.2038319022760289
"[0.1999998108265122, 0.8660253037396966, -0.8660255597343796, 0.19999986994590274]",1.2168939162020818,1.2069750665117365
"[0.1999998109696812, 0.8660253038154119, -0.8660255596163544, 0.19999987004432937]",1.2145000803339066,1.210118230747444
"[0.1999998111134297, 0.8660253038914336, -0.8660255594978516, 0.19999987014315446]",1.21210933742039,1.2132613949831519
"[0.19999981125776095, 0.8660253039677633, -0.8660255593788685, 0.1999998702423802]",1.2097216596930687,1.2164045592188595
"[0.19999981140267795, 0.8660253040444029, -0.8660255592594027, 0.19999987034200867]",1.2073370133316452,1.219547723454567
"[0.19999981154818144, 0.8660253041213529, -0.866025559139453, 0.1999998704420402]",1.2049553773355517,1.2226908876902747
"[0.19999981169427672, 0.8660253041986157, -0.8660255590190158, 0.1999998705424787]",1.2025767129227602,1.2258340519259823
"[0.19999981184096544, 0.8660253042761923, -0.8660255588980891, 0.1999998706433251]",1.200200994313132,1.2289772161616899
"[0.19999981198825056, 0.8660253043540842, -0.866025558776671, 0.19999987074458164]",1.197828188996723,1.2321203803973975
"[0.19999981213613313, 0.8660253044322923, -0.8660255586547602, 0.19999987084624882]",1.1954582740208288,1.2352635446331053
"[0.1999998122846179, 0.8660253045108188, -0.866025558532353, 0.19999987094833002]",1.1930912129295694,1.2384067088688129
"[0.19999981243370638, 0.8660253045896645, -0.8660255584094482, 0.19999987105082626]",1.1907269789338144,1.2415498731045205
"[0.19999981258340122, 0.8660253046688308, -0.8660255582860434, 0.19999987115373943]",1.1883655412822969,1.244693037340228
"[0.19999981273370432, 0.8660253047483191, -0.8660255581621372, 0.19999987125707064]",1.1860068740076088,1.2478362015759359
"[0.1999998128846192, 0.8660253048281306, -0.8660255580377267, 0.19999987136082256]",1.1836509429160311,1.2509793658116435
"[0.19999981303614728, 0.8660253049082665, -0.8660255579128109, 0.19999987146499604]",1.181297722554114,1.254122530047351
"[0.1999998131882913, 0.8660253049887282, -0.866025557787387, 0.1999998715695929]",1.178947183588389,1.2572656942830587
"[0.19999981334105305, 0.8660253050695166, -0.8660255576614538, 0.19999987167461442]",1.1765992964962173,1.2604088585187665
"[0.19999981349443552, 0.8660253051506333, -0.8660255575350092, 0.19999987178006276]",1.174254031427439,1.263552022754474
"[0.1999998136484407, 0.8660253052320791, -0.8660255574080512, 0.19999987188593918]",1.1719113596787143,1.2666951869901817
"[0.19999981380307066, 0.8660253053138556, -0.8660255572805781, 0.19999987199224512]",1.1695712533006952,1.2698383512258895
"[0.19999981395832728, 0.8660253053959633, -0.8660255571525881, 0.19999987209898182]",1.1672336838768118,1.272981515461597
"[0.19999981411421316, 0.8660253054784038, -0.8660255570240797, 0.19999987220615123]",1.164898619958926,1.2761246796973047
"[0.1999998142707298, 0.8660253055611781, -0.8660255568950513, 0.1999998723137542]",1.1625660371411173,1.2792678439330123
"[0.19999981442787976, 0.866025305644287, -0.8660255567655007, 0.19999987242179265]",1.1602359030720655,1.2824110081687201
"[0.19999981458566393, 0.8660253057277316, -0.8660255566354272, 0.199999872530267]",1.1579081931141868,1.2855541724044277
"[0.19999981474408582, 0.8660253058115134, -0.8660255565048282, 0.19999987263917984]",1.155582875416205,1.2886973366401353
"[0.19999981490314664, 0.8660253058956328, -0.8660255563737025, 0.199999872748532]",1.153259920427856,1.291840500875843
"[0.19999981506284767, 0.8660253059800911, -0.8660255562420488, 0.1999998728583242]",1.1509393056671715,1.2949836651115505
"[0.19999981522319105, 0.8660253060648891, -0.8660255561098655, 0.19999987296855798]",1.1486209999106571,1.298126829347258
"[0.19999981538417907, 0.8660253061500279, -0.866025555977151, 0.19999987307923503]",1.146304972585581,1.3012699935829657
"[0.19999981554581306, 0.8660253062355084, -0.8660255558439037, 0.19999987319035606]",1.1439912000200407,1.3044131578186735
"[0.19999981570809539, 0.8660253063213316, -0.8660255557101225, 0.199999873301923]",1.1416796469952426,1.307556322054381
"[0.19999981587102675, 0.8660253064074982, -0.8660255555758058, 0.19999987341393602]",1.1393702944071495,1.3106994862900887
"[0.1999998160346086, 0.8660253064940089, -0.8660255554409528, 0.1999998735263962]",1.1370631113664151,1.3138426505257963
"[0.19999981619884316, 0.8660253065808647, -0.8660255553055619, 0.19999987363930516]",1.1347580679007399,1.3169858147615041
"[0.1999998163637332, 0.8660253066680671, -0.8660255551696306, 0.1999998737526648]",1.1324551343700702,1.3201289789972117
"[0.1999998165292781, 0.8660253067556157, -0.8660255550331597, 0.19999987386647464]",1.1301542883381812,1.3232721432329193
"[0.19999981669548003, 0.8660253068435121, -0.8660255548961467, 0.19999987398073607]",1.1278555009872453,1.3264153074686271
"[0.19999981686234108, 0.8660253069317568, -0.8660255547585907, 0.19999987409545075]",1.12555874315344,1.3295584717043347
"[0.19999981702986203, 0.8660253070203505, -0.8660255546204905, 0.19999987421061907]",1.1232639852198012,1.3327016359400423
"[0.1999998171980445, 0.8660253071092942, -0.866025554481845, 0.19999987432624217]",1.1209712043295004,1.33584480017575
"[0.19999981736689013, 0.8660253071985886, -0.8660255543426529, 0.19999987444232117]",1.1186803701691082,1.3389879644114577
"[0.1999998175363995, 0.8660253072882339, -0.8660255542029134, 0.19999987455885648]",1.116391457063632,1.3421311286471653
"[0.19999981770657446, 0.8660253073782312, -0.8660255540626255, 0.19999987467584943]",1.114104435559246,1.345274292882873
"[0.1999998178774165, 0.8660253074685814, -0.8660255539217876, 0.19999987479330095]",1.1118192791874248,1.3484174571185805
"[0.19999981804892544, 0.8660253075592844, -0.8660255537803996, 0.19999987491121085]",1.109535963553883,1.3515606213542881
"[0.19999981822110463, 0.8660253076503417, -0.8660255536384595, 0.1999998750295817]",1.1072544551694328,1.3547037855899957
"[0.19999981839395312, 0.866025307741753, -0.8660255534959672, 0.19999987514841255]",1.1049747339515816,1.3578469498257033
"[0.1999998185674735, 0.8660253078335195, -0.8660255533529213, 0.19999987526770543]",1.1026967677948385,1.3609901140614111
"[0.19999981874166597, 0.8660253079256416, -0.8660255532093214, 0.1999998753874603]",1.1004205316562854,1.3641332782971187
"[0.19999981891653176, 0.8660253080181197, -0.8660255530651664, 0.19999987550767812]",1.0981459991833882,1.3672764425328263
"[0.19999981909207262, 0.8660253081109549, -0.8660255529204547, 0.19999987562835997]",1.0958731411992135,1.370419606768534
"[0.1999998192682886, 0.8660253082041469, -0.8660255527751868, 0.19999987574950606]",1.0936019318064727,1.3735627710042417
"[0.19999981944518064, 0.8660253082976966, -0.8660255526293613, 0.19999987587111687]",1.091332345792435,1.3767059352399493
"[0.19999981962275012, 0.8660253083916047, -0.8660255524829773, 0.19999987599319335]",1.0890643560478912,1.379849099475657
"[0.19999981980099765, 0.8660253084858712, -0.8660255523360344, 0.19999987611573602]",1.086797933592236,1.3829922637113647
"[0.1999998199799249, 0.8660253085804972, -0.8660255521885313, 0.19999987623874604]",1.0845330515951148,1.3861354279470723
"[0.19999982015953127, 0.8660253086754824, -0.8660255520404682, 0.1999998763622229]",1.0822696874181028,1.38927859218278
"[0.19999982033981842, 0.8660253087708276, -0.866025551891844, 0.19999987648616785]",1.0800078093067782,1.3924217564184875
"[0.19999982052078613, 0.8660253088665328, -0.8660255517426584, 0.19999987661058052]",1.0777473972164113,1.3955649206541954
"[0.19999982070243671, 0.8660253089625991, -0.8660255515929102, 0.19999987673546277]",1.0754884181289324,1.398708084889903
"[0.19999982088476986, 0.8660253090590263, -0.8660255514425993, 0.19999987686081427]",1.0732308478279975,1.4018512491256105
"[0.19999982106778624, 0.866025309155815, -0.8660255512917251, 0.19999987698663546]",1.070974661192271,1.4049944133613184
"[0.19999982125148713, 0.8660253092529654, -0.8660255511402867, 0.1999998771129273]",1.068719828902487,1.408137577597026
"[0.19999982143587222, 0.8660253093504778, -0.8660255509882842, 0.19999987723968948]",1.0664663273034427,1.4112807418327336
"[0.19999982162094224, 0.8660253094483525, -0.866025550835717, 0.1999998773669225]",1.064214129356114,1.4144239060684412
"[0.19999982180669826, 0.8660253095465898, -0.8660255506825842, 0.1999998774946272]",1.0619632081493224,1.4175670703041487
"[0.19999982199314006, 0.8660253096451901, -0.8660255505288862, 0.1999998776228033]",1.0597135392349977,1.4207102345398563
"[0.19999982218026902, 0.8660253097441536, -0.8660255503746217, 0.19999987775145184]",1.0574650934644902,1.423853398775564
"[0.19999982236808417, 0.86602530984348, -0.8660255502197914, 0.1999998778805721]",1.055217847706378,1.4269965630112718
"[0.1999998225565874, 0.8660253099431703, -0.8660255500643942, 0.1999998780101655]",1.0529717731376664,1.4301397272469794
"[0.1999998227457781, 0.8660253100432243, -0.8660255499084298, 0.1999998781402314]",1.0507268453896486,1.433282891482687
"[0.19999982293565705, 0.8660253101436421, -0.8660255497518985, 0.19999987827077054]",1.0484830378533276,1.4364260557183945
"[0.1999998231262249, 0.8660253102444243, -0.8660255495947989, 0.19999987840178327]",1.0462403235245399,1.4395692199541024
"[0.19999982331748065, 0.8660253103455703, -0.8660255494371323, 0.1999998785332689]",1.0439986788206024,1.44271238418981
"[0.19999982350942594, 0.8660253104470809, -0.8660255492788974, 0.19999987866522861]",1.0417580746985529,1.4458555484255176
"[0.1999998237020603, 0.866025310548956, -0.8660255491200943, 0.199999878797662]",1.0395184881967205,1.4489987126612252
"[0.1999998238953841, 0.8660253106511957, -0.866025548960723, 0.19999987893056945]",1.0372798903806035,1.452141876896933
"[0.1999998240893975, 0.8660253107538001, -0.8660255488007831, 0.19999987906395095]",1.0350422567613435,1.4552850411326406
"[0.19999982428410043, 0.866025310856769, -0.8660255486402748, 0.19999987919780648]",1.032805562208823,1.4584282053683482
"[0.19999982447949344, 0.8660253109601029, -0.8660255484791977, 0.19999987933213648]",1.0305697793477868,1.461571369604056
"[0.19999982467557623, 0.8660253110638018, -0.8660255483175519, 0.19999987946694064]",1.028334883679822,1.4647145338397636
"[0.19999982487234863, 0.8660253111678653, -0.8660255481553374, 0.19999987960221888]",1.0261008502884372,1.4678576980754712
"[0.19999982506981134, 0.8660253112722938, -0.8660255479925542, 0.1999998797379718]",1.0238676499041715,1.4710008623111788
"[0.19999982526796403, 0.8660253113770872, -0.8660255478292018, 0.19999987987419895]",1.0216352591992677,1.4741440265468864
"[0.19999982546680634, 0.8660253114822453, -0.8660255476652812, 0.19999988001090027]",1.0194036529257524,1.477287190782594
"[0.1999998256663384, 0.8660253115877683, -0.8660255475007919, 0.19999988014807576]",1.0171728048445732,1.4804303550183016
"[0.19999982586656023, 0.866025311693656, -0.8660255473357339, 0.19999988028572546]",1.0149426888772914,1.4835735192540094
"[0.19999982606747177, 0.8660253117999084, -0.8660255471701074, 0.19999988042384936]",1.0127132787833788,1.486716683489717
"[0.1999998262690728, 0.8660253119065255, -0.8660255470039123, 0.19999988056244722]",1.010484549715676,1.4898598477254246
"[0.19999982647136286, 0.8660253120135071, -0.8660255468371495, 0.1999998807015188]",1.0082564761498904,1.4930030119611322
"[0.19999982667434185, 0.866025312120853, -0.8660255466698186, 0.199999880841064]",1.0060290339308786,1.49614617619684
"[0.19999982687800968, 0.866025312228563, -0.8660255465019198, 0.1999998809810828]",1.0038021942541324,1.4992893404325476
"[0.19999982708236658, 0.8660253123366376, -0.8660255463334531, 0.19999988112157532]",1.001575932378785,1.5024325046682552
"[0.19999982728741114, 0.8660253124450759, -0.8660255461644194, 0.19999988126254056]",0.9993502247659733,1.5055756689039628
"[0.1999998274931437, 0.8660253125538779, -0.8660255459948183, 0.19999988140397879]",0.9971250447340121,1.5087188331396706
"[0.19999982769956415, 0.8660253126630436, -0.8660255458246507, 0.19999988154589007]",0.9949003643028823,1.5118619973753782
"[0.19999982790667156, 0.8660253127725729, -0.8660255456539164, 0.19999988168827348]",0.9926761629441773,1.5150051616110858
"[0.19999982811446573, 0.8660253128824653, -0.866025545482616, 0.19999988183112904]",0.9904524118535921,1.5181483258467936
"[0.19999982832294616, 0.8660253129927206, -0.8660255453107499, 0.19999988197445642]",0.9882290867621399,1.5212914900825012
"[0.19999982853211223, 0.8660253131033384, -0.8660255451383184, 0.19999988211825515]",0.9860061617618491,1.5244346543182088
"[0.19999982874196423, 0.8660253132143192, -0.8660255449653216, 0.19999988226252544]",0.9837836112265088,1.5275778185539164
"[0.1999998289525007, 0.8660253133256618, -0.8660255447917604, 0.1999998824072663]",0.9815614098905863,1.5307209827896242
"[0.19999982916372183, 0.8660253134373664, -0.8660255446176349, 0.1999998825524779]",0.9793395316207107,1.5338641470253318
"[0.19999982937562708, 0.8660253135494329, -0.8660255444429457, 0.19999988269815983]",0.9771179502147336,1.5370073112610394
"[0.19999982958821505, 0.8660253136618605, -0.8660255442676933, 0.19999988284431106]",0.9748966433106478,1.540150475496747
"[0.19999982980148606, 0.8660253137746492, -0.8660255440918779, 0.1999998829909319]",0.9726755833267254,1.5432936397324546
"[0.19999983001543864, 0.8660253138877984, -0.8660255439155008, 0.19999988313802136]",0.9704547454313196,1.5464368039681622
"[0.19999983023007212, 0.8660253140013078, -0.8660255437385621, 0.19999988328557883]",0.9682341059989572,1.5495799682038698
"[0.19999983044538694, 0.8660253141151775, -0.8660255435610619, 0.19999988343360475]",0.9660136364383719,1.5527231324395776
"[0.19999983066138138, 0.8660253142294067, -0.8660255433830014, 0.1999998835820979]",0.9637933119439884,1.5558662966752852
"[0.19999983087805454, 0.8660253143439945, -0.8660255432043813, 0.19999988373105765]",0.961573109491363,1.5590094609109928
"[0.19999983109540637, 0.8660253144589416, -0.8660255430252018, 0.19999988388048398]",0.9593530017472275,1.5621526251467004
"[0.19999983131343582, 0.8660253145742469, -0.8660255428454638, 0.1999998840303762]",0.9571329631073833,1.5652957893824082
"[0.19999983153214201, 0.8660253146899101, -0.8660255426651677, 0.1999998841807336]",0.9549129685849796,1.5684389536181158
"[0.1999998317515238, 0.8660253148059306, -0.8660255424843148, 0.19999988433155555]",0.9526929943421716,1.5715821178538236
"[0.1999998319715805, 0.8660253149223078, -0.8660255423029054, 0.19999988448284145]",0.9504730141299848,1.574725282089531
"[0.19999983219231182, 0.8660253150390421, -0.86602554212094, 0.19999988463459112]",0.9482530003267001,1.5778684463252388
"[0.19999983241371586, 0.8660253151561321, -0.8660255419384199, 0.19999988478680325]",0.9460329319191874,1.5810116105609466
"[0.19999983263579243, 0.8660253152735777, -0.8660255417553455, 0.19999988493947785]",0.9438127784857838,1.584154774796654
"[0.19999983285854048, 0.8660253153913784, -0.8660255415717174, 0.199999885092614]",0.9415925169794754,1.5872979390323618
"[0.19999983308195832, 0.8660253155095333, -0.8660255413875374, 0.19999988524621068]",0.9393721241265577,1.5904411032680692
"[0.19999983330604532, 0.8660253156280423, -0.8660255412028056, 0.1999998854002673]",0.9371515719516442,1.593584267503777
"[0.19999983353080067, 0.8660253157469046, -0.8660255410175228, 0.19999988555478349]",0.9349308366738653,1.5967274317394846
"[0.19999983375622277, 0.8660253158661195, -0.8660255408316903, 0.19999988570975796]",0.9327098926104047,1.5998705959751922
"[0.19999983398231178, 0.866025315985687, -0.8660255406453082, 0.19999988586519107]",0.9304887104806708,1.6030137602109
"[0.19999983420906464, 0.8660253161056057, -0.8660255404583785, 0.19999988602108043]",0.9282672719933069,1.6061569244466076
"[0.1999998344364815, 0.8660253162258758, -0.8660255402709016, 0.19999988617742628]",0.9260455469990616,1.6093000886823152
"[0.1999998346645614, 0.8660253163464963, -0.8660255400828784, 0.19999988633422805]",0.923823509508291,1.6124432529180228
"[0.19999983489330236, 0.8660253164674662, -0.86602553989431, 0.1999998864914843]",0.9216011352935115,1.6155864171537306
"[0.19999983512270353, 0.8660253165887856, -0.8660255397051972, 0.19999988664919435]",0.9193784014242455,1.618729581389438
"[0.19999983535276397, 0.8660253167104534, -0.8660255395155412, 0.19999988680735775]",0.9171552774380308,1.6218727456251458
"[0.19999983558348114, 0.8660253168324688, -0.8660255393253434, 0.19999988696597248]",0.9149317434588708,1.6250159098608536
"[0.19999983581485556, 0.8660253169548314, -0.8660255391346042, 0.19999988712503922]",0.9127077685905518,1.628159074096561
"[0.19999983604688443, 0.8660253170775405, -0.8660255389433253, 0.19999988728455578]",0.9104833324430993,1.6313022383322688
"[0.19999983627956688, 0.866025317200595, -0.8660255387515076, 0.1999998874445217]",0.9082584068193488,1.6344454025679762
"[0.19999983651290176, 0.8660253173239946, -0.866025538559152, 0.19999988760493617]",0.9060329659158254,1.637588566803684
"[0.19999983674688807, 0.8660253174477386, -0.8660255383662595, 0.1999998877657985]",0.9038069838148848,1.6407317310393918
"[0.19999983698152365, 0.8660253175718262, -0.8660255381728317, 0.19999988792710713]",0.9015804368204948,1.6438748952750992
"[0.19999983721680736, 0.8660253176962563, -0.8660255379788696, 0.19999988808886143]",0.8993532975924753,1.647018059510807
"[0.1999998374527374, 0.8660253178210284, -0.8660255377843747, 0.19999988825106002]",0.8971255429916787,1.6501612237465149
"[0.1999998376893126, 0.8660253179461418, -0.8660255375893479, 0.1999998884137021]",0.8948971461945511,1.6533043879822222
"[0.199999837926532, 0.8660253180715956, -0.8660255373937903, 0.19999988857678722]",0.8926680782462394,1.65644755221793
"[0.19999983816439296, 0.8660253181973889, -0.8660255371977034, 0.19999988874031321]",0.8904383194992868,1.6595907164536376
"[0.19999983840289468, 0.8660253183235209, -0.8660255370010884, 0.19999988890427983]",0.8882078395257199,1.6627338806893452
"[0.19999983864203535, 0.866025318449991, -0.8660255368039468, 0.19999988906868568]",0.8859766158275251,1.6658770449250528
"[0.19999983888181322, 0.866025318576798, -0.8660255366062798, 0.1999998892335296]",0.8837446215379983,1.6690202091607604
"[0.19999983912222738, 0.8660253187039415, -0.8660255364080882, 0.19999988939881094]",0.8815118296476727,1.672163373396468
"[0.19999983936327548, 0.8660253188314201, -0.8660255362093742, 0.1999998895645282]",0.8792782146884697,1.6753065376321759
"[0.19999983960495615, 0.8660253189592334, -0.8660255360101387, 0.19999988973068028]",0.8770437524932977,1.6784497018678832
"[0.19999983984726724, 0.8660253190873801, -0.8660255358103832, 0.19999988989726572]",0.8748084176250881,1.681592866103591
"[0.19999984009020802, 0.8660253192158598, -0.866025535610109, 0.19999989006428415]",0.8725721815829846,1.6847360303392989
"[0.19999984033377574, 0.8660253193446712, -0.8660255354093177, 0.19999989023173348]",0.8703350214012814,1.6878791945750062
"[0.19999984057796888, 0.8660253194738132, -0.8660255352080108, 0.19999989039961283]",0.8680969103505174,1.691022358810714
"[0.19999984082278613, 0.8660253196032852, -0.8660255350061896, 0.1999998905679213]",0.8658578207535628,1.6941655230464219
"[0.19999984106822538, 0.8660253197330862, -0.8660255348038555, 0.19999989073665733]",0.8636177285913081,1.6973086872821292
"[0.19999984131428472, 0.8660253198632152, -0.8660255346010102, 0.19999989090581966]",0.8613766075055678,1.700451851517837
"[0.19999984156096257, 0.8660253199936713, -0.866025534397655, 0.1999998910754072]",0.8591344310224941,1.7035950157535449
"[0.19999984180825672, 0.8660253201244532, -0.8660255341937918, 0.19999989124541848]",0.8568911742202997,1.7067381799892523
"[0.19999984205616614, 0.8660253202555606, -0.8660255339894215, 0.19999989141585275]",0.854646807690711,1.70988134422496
"[0.19999984230468773, 0.8660253203869918, -0.8660255337845464, 0.19999989158670783]",0.8524013100099394,1.7130245084606674
"[0.19999984255382, 0.8660253205187458, -0.8660255335791679, 0.1999998917579828]",0.8501546537855753,1.7161676726963753
"[0.19999984280356134, 0.8660253206508219, -0.8660255333732872, 0.19999989192967646]",0.8479068104074012,1.719310836932083
"[0.19999984305390955, 0.8660253207832193, -0.8660255331669063, 0.1999998921017873]",0.8456577563209666,1.7224540011677905
"[0.19999984330486223, 0.866025320915936, -0.8660255329600272, 0.19999989227431378]",0.8434074647033712,1.7255971654034983
"[0.19999984355641842, 0.8660253210489718, -0.8660255327526506, 0.19999989244725522]",0.8411559069183857,1.7287403296392059
"[0.19999984380857466, 0.8660253211823252, -0.866025532544779, 0.19999989262060902]",0.8389030626423463,1.7318834938749135
"[0.19999984406132992, 0.8660253213159953, -0.8660255323364138, 0.19999989279437472]",0.8366488995652459,1.735026658110621
"[0.1999998443146821, 0.8660253214499811, -0.8660255321275565, 0.19999989296855078]",0.8343933938792316,1.7381698223463289
"[0.19999984456862835, 0.8660253215842811, -0.8660255319182093, 0.1999998931431352]",0.8321365190358311,1.7413129865820363
"[0.19999984482316738, 0.8660253217188945, -0.8660255317083737, 0.1999998933181273]",0.8298782477133155,1.744456150817744
"[0.1999998450782968, 0.8660253218538202, -0.8660255314980514, 0.19999989349352518]",0.8276185536365613,1.7475993150534515
"[0.19999984533401405, 0.8660253219890567, -0.8660255312872444, 0.19999989366932722]",0.8253574112740665,1.7507424792891593
"[0.19999984559031755, 0.8660253221246034, -0.8660255310759541, 0.1999998938455323]",0.8230947932524556,1.753885643524867
"[0.19999984584720432, 0.8660253222604584, -0.866025530864183, 0.19999989402213833]",0.8208306743474622,1.7570288077605745
"[0.19999984610467267, 0.866025322396621, -0.8660255306519324, 0.1999998941991442]",0.8185650268588206,1.7601719719962823
"[0.1999998463627205, 0.8660253225330902, -0.8660255304392043, 0.1999998943765485]",0.8162978232035453,1.76331513623199
"[0.19999984662134532, 0.8660253226698645, -0.8660255302260004, 0.19999989455434938]",0.8140290380677252,1.7664583004676975
"[0.1999998468805447, 0.8660253228069424, -0.8660255300123226, 0.19999989473254534]",0.8117586430686137,1.7696014647034053
"[0.1999998471403161, 0.8660253229443231, -0.8660255297981734, 0.19999989491113448]",0.8094866153914946,1.772744628939113
"[0.1999998474006579, 0.8660253230820052, -0.866025529583554, 0.19999989509011587]",0.8072129223785899,1.7758877931748205
"[0.19999984766156736, 0.8660253232199878, -0.8660255293684668, 0.19999989526948744]",0.8049375410106016,1.7790309574105283
"[0.19999984792304187, 0.866025323358269, -0.8660255291529135, 0.1999998954492475]",0.802660443935693,1.7821741216462357
"[0.19999984818507954, 0.8660253234968482, -0.8660255289368961, 0.1999998956293947]",0.8003816028462558,1.7853172858819435
"[0.19999984844767738, 0.8660253236357237, -0.866025528720417, 0.19999989580992703]",0.7981009926137336,1.788460450117651
"[0.1999998487108339, 0.8660253237748943, -0.8660255285034774, 0.1999998959908435]",0.7958185817509781,1.7916036143533587
"[0.1999998489745452, 0.8660253239143586, -0.8660255282860801, 0.19999989617214128]",0.7935343501193962,1.7947467785890663
"[0.19999984923881015, 0.8660253240541156, -0.8660255280682269, 0.1999998963538198]",0.7912482639581837,1.797889942824774
"[0.19999984950362543, 0.8660253241941637, -0.8660255278499196, 0.19999989653587655]",0.7889603003310971,1.8010331070604815
"[0.19999984976898894, 0.8660253243345016, -0.8660255276311604, 0.19999989671831023]",0.7866704294526756,1.8041762712961893
"[0.19999985003489784, 0.8660253244751281, -0.8660255274119516, 0.19999989690111883]",0.7843786259688482,1.8073194355318971
"[0.19999985030134976, 0.8660253246160418, -0.8660255271922954, 0.19999989708430083]",0.7820848606498093,1.8104625997676045
"[0.19999985056834216, 0.8660253247572413, -0.8660255269721933, 0.1999998972678543]",0.7797891065991286,1.8136057640033123
"[0.19999985083587218, 0.866025324898725, -0.866025526751648, 0.19999989745177743]",0.7774913379943575,1.8167489282390201
"[0.19999985110393778, 0.8660253250404919, -0.8660255265306616, 0.19999989763606885]",0.7751915222133616,1.8198920924747275
"[0.19999985137253537, 0.8660253251825402, -0.8660255263092362, 0.1999998978207259]",0.7728896383490572,1.8230352567104353
"[0.1999998516416632, 0.8660253253248691, -0.8660255260873738, 0.19999989800574747]",0.7705856549422703,1.8261784209461427
"[0.1999998519113183, 0.8660253254674767, -0.8660255258650769, 0.19999989819113156]",0.768279543191886,1.8293215851818505
"[0.19999985218149782, 0.8660253256103617, -0.8660255256423476, 0.19999989837687618]",0.7659712775489378,1.8324647494175583
"[0.19999985245219914, 0.8660253257535225, -0.866025525419188, 0.19999989856297953]",0.7636608296332527,1.8356079136532657
"[0.19999985272341975, 0.8660253258969579, -0.8660255251956005, 0.19999989874943996]",0.7613481698071821,1.8387510778889735
"[0.1999998529951561, 0.8660253260406663, -0.8660255249715877, 0.19999989893625486]",0.7590332738925878,1.8418942421246813
"[0.19999985326740632, 0.8660253261846463, -0.8660255247471513, 0.19999989912342306]",0.7567161109004994,1.8450374063603887
"[0.19999985354016722, 0.8660253263288964, -0.866025524522294, 0.19999989931094236]",0.7543966522940565,1.8481805705960965
"[0.19999985381343585, 0.8660253264734151, -0.8660255242970182, 0.19999989949881072]",0.7520748724445413,1.8513237348318041
"[0.19999985408720958, 0.8660253266182009, -0.8660255240713257, 0.19999989968702628]",0.7497507408572293,1.8544668990675117
"[0.1999998543614861, 0.8660253267632524, -0.8660255238452191, 0.1999998998755876]",0.7474242275844872,1.8576100633032193
"[0.19999985463626122, 0.8660253269085679, -0.8660255236187011, 0.19999990006449156]",0.7450953107793484,1.860753227538927
"[0.1999998549115328, 0.8660253270541457, -0.8660255233917741, 0.19999990025373696]",0.7427639563272647,1.8638963917746345
"[0.19999985518729843, 0.8660253271999848, -0.8660255231644397, 0.19999990044332197]",0.7404301352448315,1.8670395560103423
"[0.19999985546355425, 0.8660253273460834, -0.8660255229367011, 0.1999999006332439]",0.738093823659926,1.8701827202460497
"[0.19999985574029797, 0.8660253274924397, -0.8660255227085605, 0.19999990082350136]",0.735754987932712,1.8733258844817575
"[0.19999985601752626, 0.8660253276390525, -0.8660255224800204, 0.19999990101409193]",0.7334136029597526,1.8764690487174653
"[0.19999985629523606, 0.8660253277859199, -0.8660255222510831, 0.19999990120501346]",0.7310696391107979,1.8796122129531727
"[0.19999985657342467, 0.8660253279330403, -0.8660255220217514, 0.19999990139626428]",0.7287230658847872,1.8827553771888805
"[0.19999985685208896, 0.8660253280804124, -0.8660255217920274, 0.19999990158784206]",0.726373855792703,1.8858985414245883
"[0.19999985713122587, 0.8660253282280346, -0.8660255215619139, 0.19999990177974478]",0.724021979909705,1.8890417056602957
"[0.1999998574108322, 0.8660253283759048, -0.8660255213314134, 0.19999990197197023]",0.7216674079276423,1.8921848698960035
"[0.19999985769090514, 0.866025328524022, -0.8660255211005281, 0.1999999021645164]",0.7193101124709169,1.8953280341317114
"[0.1999998579714411, 0.866025328672384, -0.8660255208692612, 0.19999990235738094]",0.7169500644286771,1.8984711983674187
"[0.19999985825243746, 0.8660253288209894, -0.8660255206376146, 0.19999990255056196]",0.7145872326467612,1.9016143626031266
"[0.1999998585338907, 0.8660253289698365, -0.8660255204055914, 0.1999999027440571]",0.712221589860098,1.904757526838834
"[0.19999985881579846, 0.8660253291189239, -0.8660255201731938, 0.19999990293786477]",0.7098531021787426,1.9079006910745417
"[0.19999985909815632, 0.8660253292682496, -0.8660255199404249, 0.19999990313198177]",0.7074817474968037,1.9110438553102493
"[0.19999985938096182, 0.8660253294178117, -0.8660255197072869, 0.19999990332640658]",0.7051074908750902,1.914187019545957
"[0.19999985966421183, 0.866025329567609, -0.8660255194737827, 0.199999903521137]",0.7027303026431805,1.9173301837816645
"[0.19999985994790279, 0.8660253297176395, -0.8660255192399148, 0.19999990371617055]",0.7003501558723149,1.9204733480173724
"[0.1999998602320319, 0.8660253298679017, -0.8660255190056859, 0.19999990391150532]",0.697967016693403,1.9236165122530797
"[0.1999998605165954, 0.8660253300183937, -0.8660255187710989, 0.19999990410713878]",0.6955808594966406,1.9267596764887875
"[0.1999998608015901, 0.8660253301691135, -0.8660255185361562, 0.1999999043030686]",0.6931916524869033,1.9299028407244954
"[0.19999986108701254, 0.8660253303200598, -0.8660255183008608, 0.19999990449929247]",0.6907993673352449,1.9330460049602027
"[0.19999986137286013, 0.8660253304712309, -0.8660255180652153, 0.19999990469580872]",0.6884039695674732,1.9361891691959106
"[0.19999986165912836, 0.8660253306226243, -0.8660255178292228, 0.1999999048926141]",0.6860054340643104,1.939332333431618
"[0.19999986194581496, 0.866025330774239, -0.8660255175928855, 0.19999990508970714]",0.6836037269240891,1.9424754976673257
"[0.19999986223291616, 0.866025330926073, -0.8660255173562063, 0.19999990528708514]",0.6811988189486936,1.9456186619030336
"[0.1999998625204282, 0.8660253310781243, -0.8660255171191884, 0.19999990548474564]",0.6787906806127528,1.948761826138741
"[0.19999986280834817, 0.8660253312303914, -0.8660255168818343, 0.19999990568268655]",0.67637928013331,1.9519049903744488
"[0.19999986309667261, 0.8660253313828723, -0.8660255166441467, 0.19999990588090555]",0.6739645864876881,1.9550481546101566
"[0.19999986338539755, 0.8660253315355649, -0.866025516406129, 0.1999999060793999]",0.6715465703531935,1.958191318845864
"[0.19999986367452027, 0.8660253316884681, -0.8660255161677834, 0.19999990627816772]",0.66912519949565,1.9613344830815718
"[0.19999986396403635, 0.8660253318415791, -0.8660255159291135, 0.19999990647720595]",0.6667004458944947,1.9644776473172796
"[0.19999986425394298, 0.8660253319948968, -0.8660255156901215, 0.19999990667651266]",0.6642722760664671,1.967620811552987
"[0.19999986454423674, 0.8660253321484191, -0.8660255154508107, 0.1999999068760856]",0.6618406578016831,1.9707639757886948
"[0.19999986483491367, 0.8660253323021443, -0.8660255152111838, 0.19999990707592186]",0.659405563034155,1.9739071400244022
"[0.19999986512597026, 0.86602533245607, -0.8660255149712439, 0.1999999072760192]",0.6569669587698584,1.97705030426011
"[0.1999998654174031, 0.866025332610195, -0.8660255147309938, 0.19999990747637514]",0.654524814500629,1.9801934684958176
"[0.1999998657092082, 0.8660253327645165, -0.8660255144904369, 0.19999990767698705]",0.6520790989916372,1.9833366327315252
"[0.19999986600138273, 0.8660253329190336, -0.8660255142495754, 0.19999990787785293]",0.6496297781492447,1.9864797969672328
"[0.1999998662939225, 0.8660253330737439, -0.866025514008413, 0.19999990807896992]",0.6471768227460676,1.9896229612029406
"[0.19999986658682384, 0.8660253332286452, -0.8660255137669524, 0.1999999082803355]",0.6447202019187174,1.992766125438648
"[0.199999866880083, 0.8660253333837359, -0.8660255135251966, 0.19999990848194701]",0.6422598835320084,1.9959092896743558
"[0.1999998671736968, 0.866025333539014, -0.8660255132831487, 0.1999999086838024]",0.6397958334433433,1.9990524539100636
"[0.19999986746766107, 0.8660253336944777, -0.8660255130408118, 0.1999999088858987]",0.6373280218187715,2.002195618145771
"[0.19999986776197237, 0.8660253338501247, -0.8660255127981887, 0.19999990908823354]",0.6348564158556406,2.005338782381479
"[0.19999986805662676, 0.8660253340059533, -0.866025512555283, 0.1999999092908043]",0.6323809837291481,2.0084819466171866
"[0.19999986835162029, 0.866025334161961, -0.8660255123120977, 0.19999990949360824]",0.6299016944966654,2.011625110852894
"[0.19999986864695002, 0.8660253343181468, -0.866025512068635, 0.19999990969664322]",0.6274185122696281,2.014768275088602
"[0.19999986894261132, 0.8660253344745078, -0.8660255118248992, 0.19999990989990624]",0.6249314078353261,2.017911439324309
"[0.1999998692386006, 0.8660253346310423, -0.866025511580893, 0.19999991010339474]",0.6224403478466136,2.021054603560017
"[0.19999986953491428, 0.8660253347877483, -0.8660255113366192, 0.19999991030710615]",0.6199453002440461,2.024197767795725
"[0.19999986983154858, 0.8660253349446239, -0.8660255110920814, 0.19999991051103813]",0.6174462293058671,2.027340932031432
"[0.19999987012849904, 0.8660253351016667, -0.8660255108472827, 0.19999991071518738]",0.614943106500581,2.03048409626714
"[0.19999987042576214, 0.8660253352588748, -0.8660255106022262, 0.19999991091955155]",0.6124358984261853,2.033627260502848
"[0.19999987072333442, 0.8660253354162466, -0.8660255103569152, 0.19999991112412832]",0.6099245682306966,2.036770424738555
"[0.19999987102121097, 0.866025335573779, -0.8660255101113529, 0.19999991132891423]",0.6074090879727175,2.039913588974263
"[0.199999871319389, 0.866025335731471, -0.8660255098655424, 0.19999991153390748]",0.6048894190571257,2.043056753209971
"[0.19999987161786395, 0.8660253358893201, -0.866025509619487, 0.19999991173910478]",0.602365533216093,2.046199917445678
"[0.19999987191663185, 0.866025336047324, -0.8660255093731901, 0.1999999119445035]",0.5998373941852962,2.049343081681386
"[0.19999987221568885, 0.866025336205481, -0.8660255091266549, 0.19999991215010096]",0.5973049698675298,2.0524862459170934
"[0.19999987251503076, 0.8660253363637884, -0.8660255088798847, 0.19999991235589432]",0.5947682267777871,2.055629410152801
"[0.19999987281465412, 0.8660253365222448, -0.8660255086328827, 0.19999991256188118]",0.5922271288939843,2.058772574388509
"[0.19999987311455436, 0.8660253366808476, -0.8660255083856524, 0.19999991276805837]",0.5896816451829847,2.0619157386242164
"[0.19999987341472744, 0.8660253368395947, -0.866025508138197, 0.1999999129744231]",0.5871317421558129,2.065058902859924
"[0.19999987371516978, 0.8660253369984842, -0.8660255078905199, 0.19999991318097302]",0.584577382520935,2.0682020670956316
"[0.19999987401587688, 0.8660253371575135, -0.8660255076426243, 0.19999991338770493]",0.5820185348967712,2.0713452313313394
"[0.1999998743168448, 0.8660253373166811, -0.8660255073945139, 0.19999991359461614]",0.5794551648782935,2.074488395567047
"[0.19999987461806923, 0.8660253374759842, -0.8660255071461918, 0.19999991380170365]",0.5768872390385728,2.0776315598027546
"[0.19999987491954663, 0.866025337635421, -0.8660255068976614, 0.1999999140089652]",0.5743147191042851,2.080774724038462
"[0.1999998752212723, 0.8660253377949892, -0.8660255066489263, 0.19999991421639735]",0.5717375748823713,2.08391788827417
"[0.19999987552324205, 0.8660253379546864, -0.8660255063999898, 0.19999991442399728]",0.5691557714220505,2.0870610525098776
"[0.19999987582545195, 0.8660253381145108, -0.8660255061508554, 0.1999999146317623]",0.5665692732335244,2.090204216745585
"[0.19999987612789813, 0.8660253382744599, -0.8660255059015263, 0.19999991483968982]",0.5639780432402052,2.093347380981293
"[0.19999987643057576, 0.8660253384345316, -0.8660255056520062, 0.1999999150477764]",0.5613820503420908,2.096490545217
"[0.19999987673348077, 0.8660253385947234, -0.8660255054022988, 0.19999991525601934]",0.558781258810996,2.099633709452708
"[0.19999987703660926, 0.8660253387550335, -0.8660255051524072, 0.1999999154644159]",0.5561756314113379,2.102776873688416
"[0.1999998773399567, 0.8660253389154593, -0.8660255049023351, 0.19999991567296302]",0.5535651353030873,2.105920037924123
"[0.19999987764351881, 0.8660253390759988, -0.866025504652086, 0.1999999158816577]",0.5509497339981531,2.109063202159831
"[0.1999998779472915, 0.8660253392366495, -0.8660255044016634, 0.19999991609049714]",0.5483293930813893,2.112206366395539
"[0.1999998782512703, 0.8660253393974092, -0.8660255041510707, 0.19999991629947828]",0.54570407616608,2.115349530631246
"[0.199999878555451, 0.8660253395582758, -0.8660255039003116, 0.19999991650859822]",0.5430737482357929,2.118492694866954
"[0.19999987885982914, 0.8660253397192467, -0.8660255036493898, 0.19999991671785392]",0.5404383742704111,2.121635859102662
"[0.19999987916440057, 0.8660253398803198, -0.8660255033983087, 0.1999999169272425]",0.5377979171476867,2.124779023338369
"[0.19999987946916076, 0.8660253400414928, -0.8660255031470719, 0.19999991713676082]",0.5351523421705856,2.127922187574077
"[0.19999987977410535, 0.8660253402027633, -0.8660255028956831, 0.19999991734640593]",0.5325016136130182,2.1310653518097844
"[0.19999988007922995, 0.8660253403641289, -0.8660255026441459, 0.1999999175561748]",0.5298456948061457,2.134208516045492
"[0.19999988038453032, 0.8660253405255877, -0.8660255023924638, 0.1999999177660645]",0.5271845491376179,2.1373516802812
"[0.19999988069000194, 0.8660253406871368, -0.8660255021406406, 0.19999991797607194]",0.524518140521476,2.1404948445169074
"[0.19999988099564037, 0.8660253408487744, -0.8660255018886799, 0.19999991818619406]",0.5218464335327997,2.1436380087526152
"[0.1999998813014408, 0.8660253410104974, -0.8660255016365855, 0.19999991839642756]",0.5191693925747451,2.146781172988323
"[0.19999988160739954, 0.8660253411723043, -0.8660255013843607, 0.19999991860676986]",0.5164869779104907,2.1499243372240304
"[0.1999998819135114, 0.8660253413341921, -0.8660255011320096, 0.19999991881721743]",0.5137991556254267,2.1530675014597382
"[0.19999988221977227, 0.8660253414961586, -0.8660255008795358, 0.1999999190277675]",0.511105887709099,2.156210665695446
"[0.1999998825261774, 0.8660253416582016, -0.8660255006269428, 0.19999991923841667]",0.5084071391656114,2.1593538299311534
"[0.19999988283272224, 0.8660253418203183, -0.8660255003742349, 0.19999991944916196]",0.5057028717512935,2.1624969941668613
"[0.1999998831394028, 0.866025341982507, -0.8660255001214151, 0.19999991966000052]",0.502993046417949,2.1656401584025686
"[0.19999988344621397, 0.8660253421447647, -0.8660254998684875, 0.19999991987092886]",0.5002776286458448,2.1687833226382764
"[0.19999988375315103, 0.8660253423070888, -0.866025499615456, 0.19999992008194376]",0.49755658292099686,2.1719264868739843
"[0.19999988406020985, 0.8660253424694775, -0.8660254993623245, 0.1999999202930424]",0.4948298681718974,2.1750696511096916
"[0.19999988436738564, 0.866025342631928, -0.8660254991090964, 0.1999999205042214]",0.4920974488950391,2.1782128153453995
"[0.19999988467467394, 0.8660253427944379, -0.8660254988557756, 0.19999992071547784]",0.48935928608417,2.1813559795811073
"[0.19999988498206975, 0.8660253429570047, -0.866025498602366, 0.19999992092680807]",0.4866153453195759,2.1844991438168146
"[0.19999988528956886, 0.8660253431196262, -0.8660254983488713, 0.19999992113820939]",0.4838655852866413,2.1876423080525225
"[0.1999998855971662, 0.8660253432822996, -0.8660254980952957, 0.1999999213496782]",0.48110997160939617,2.19078547228823
"[0.19999988590485746, 0.8660253434450227, -0.8660254978416427, 0.19999992156121163]",0.47834846313987317,2.1939286365239377
"[0.19999988621263767, 0.8660253436077927, -0.8660254975879162, 0.1999999217728062]",0.4755810245456949,2.197071800759645
"[0.1999998865205023, 0.8660253437706076, -0.8660254973341203, 0.19999992198445876]",0.47280761659047427,2.200214964995353
"[0.1999998868284466, 0.8660253439334644, -0.8660254970802588, 0.1999999221961662]",0.47002820113447136,2.2033581292310607
"[0.19999988713646563, 0.8660253440963609, -0.8660254968263352, 0.19999992240792486]",0.4672427414085104,2.206501293466768
"[0.19999988744455513, 0.8660253442592946, -0.8660254965723541, 0.1999999226197321]",0.4644511957946399,2.209644457702476
"[0.19999988775270996, 0.8660253444222629, -0.8660254963183188, 0.1999999228315842]",0.46165352880598826,2.2127876219381832
"[0.1999998880609254, 0.866025344585263, -0.8660254960642335, 0.19999992304347794]",0.4588497014651316,2.215930786173891
"[0.19999988836919674, 0.866025344748293, -0.8660254958101024, 0.19999992325541016]",0.45603967394428757,2.2190739504095984
"[0.19999988867751917, 0.8660253449113499, -0.866025495555929, 0.1999999234673775]",0.45322340893276325,2.2222171146453062
"[0.19999988898588766, 0.866025345074431, -0.8660254953017176, 0.1999999236793765]",0.45040086830740406,2.225360278881014
"[0.19999988929429785, 0.8660253452375344, -0.8660254950474718, 0.1999999238914041]",0.44757201080223025,2.2285034431167214
"[0.19999988960274437, 0.8660253454006569, -0.8660254947931961, 0.19999992410345674]",0.44473680016917094,2.2316466073524293
"[0.19999988991122278, 0.8660253455637962, -0.8660254945388941, 0.1999999243155313]",0.44189519499680024,2.234789771588137
"[0.19999989021972803, 0.8660253457269498, -0.8660254942845702, 0.19999992452762433]",0.4390471581026879,2.2379329358238444
"[0.19999989052825526, 0.8660253458901149, -0.866025494030228, 0.19999992473973247]",0.4361926492931011,2.2410761000595523
"[0.19999989083679962, 0.8660253460532892, -0.8660254937758715, 0.19999992495185231]",0.433331629701073,2.2442192642952596
"[0.1999998911453562, 0.8660253462164699, -0.8660254935215052, 0.19999992516398066]",0.4304640593929699,2.2473624285309675
"[0.19999989145392, 0.8660253463796544, -0.8660254932671327, 0.19999992537611389]",0.42758990066030106,2.2505055927666753
"[0.1999998917624861, 0.86602534654284, -0.8660254930127586, 0.19999992558824875]",0.42470911227821884,2.2536487570023827
"[0.19999989207104962, 0.8660253467060245, -0.8660254927583863, 0.19999992580038178]",0.4218216564371806,2.2567919212380905
"[0.19999989237960578, 0.8660253468692048, -0.8660254925040204, 0.19999992601250985]",0.41892749058053663,2.2599350854737983
"[0.1999998926881493, 0.8660253470323789, -0.8660254922496646, 0.1999999262246291]",0.41602657899135503,2.2630782497095057
"[0.1999998929966754, 0.8660253471955434, -0.8660254919953234, 0.19999992643673647]",0.4131188781328104,2.2662214139452135
"[0.19999989330517887, 0.8660253473586959, -0.8660254917410007, 0.19999992664882826]",0.4102043515895745,2.2693645781809213
"[0.19999989361365472, 0.8660253475218339, -0.8660254914867008, 0.19999992686090104]",0.40728295813116283,2.2725077424166287
"[0.19999989392209824, 0.8660253476849549, -0.8660254912324277, 0.1999999270729516]",0.4043546568336175,2.2756509066523365
"[0.19999989423050415, 0.8660253478480558, -0.8660254909781855, 0.19999992728497634]",0.401419408830428,2.2787940708880443
"[0.19999989453886752, 0.8660253480111344, -0.8660254907239784, 0.1999999274969718]",0.3984771735923349,2.2819372351237517
"[0.19999989484718325, 0.8660253481741877, -0.8660254904698105, 0.19999992770893452]",0.39552791139905896,2.2850803993594595
"[0.19999989515544628, 0.8660253483372132, -0.866025490215686, 0.19999992792086096]",0.39257158146044124,2.288223563595167
"[0.1999998954636516, 0.8660253485002081, -0.8660254899616093, 0.19999992813274783]",0.3896081435601517,2.2913667278308747
"[0.19999989577179383, 0.8660253486631697, -0.8660254897075845, 0.19999992834459127]",0.38663755907268915,2.2945098920665825
"[0.19999989607986832, 0.8660253488260955, -0.8660254894536155, 0.1999999285563881]",0.3836597855917183,2.29765305630229
"[0.19999989638786955, 0.8660253489889823, -0.8660254891997069, 0.19999992876813463]",0.38067478361502183,2.3007962205379977
"[0.1999998966957926, 0.866025349151828, -0.8660254889458627, 0.19999992897982738]",0.37768251397024744,2.3039393847737055
"[0.1999998970036324, 0.8660253493146297, -0.8660254886920872, 0.19999992919146287]",0.3746829333015713,2.307082549009413
"[0.19999989731138365, 0.8660253494773844, -0.8660254884383847, 0.19999992940303754]",0.3716760038735962,2.3102257132451207
"[0.19999989761904147, 0.8660253496400898, -0.8660254881847592, 0.19999992961454793]",0.3686616826283708,2.313368877480828
"[0.19999989792660028, 0.8660253498027429, -0.8660254879312154, 0.19999992982599027]",0.3656399312690578,2.316512041716536
"[0.1999998982340552, 0.866025349965341, -0.8660254876777572, 0.19999993003736122]",0.36261070767344716,2.3196552059522437
"[0.19999989854140088, 0.8660253501278813, -0.8660254874243889, 0.199999930248657]",0.3595739726892423,2.322798370187951
"[0.19999989884863226, 0.8660253502903612, -0.866025487171115, 0.19999993045987424]",0.3565296844306039,2.325941534423659
"[0.19999989915574412, 0.8660253504527778, -0.8660254869179397, 0.19999993067100932]",0.35347780189488154,2.3290846986593663
"[0.19999989946273114, 0.8660253506151284, -0.8660254866648671, 0.19999993088205856]",0.35041828519015467,2.332227862895074
"[0.19999989976958818, 0.8660253507774104, -0.8660254864119018, 0.19999993109301845]",0.34735109337246434,2.3353710271307815
"[0.19999990007630988, 0.8660253509396206, -0.866025486159048, 0.19999993130388527]",0.3442761860751975,2.3385141913664893
"[0.19999990038289123, 0.8660253511017567, -0.8660254859063099, 0.19999993151465562]",0.34119352113400375,2.3416573556021967
"[0.1999999006893268, 0.8660253512638157, -0.866025485653692, 0.19999993172532574]",0.3381030584779653,2.3448005198379045
"[0.19999990099561135, 0.8660253514257948, -0.8660254854011986, 0.19999993193589208]",0.33500475758240156,2.3479436840736123
"[0.1999999013017396, 0.8660253515876913, -0.8660254851488342, 0.19999993214635095]",0.33189857719840216,2.3510868483093197
"[0.19999990160770625, 0.8660253517495023, -0.8660254848966027, 0.19999993235669866]",0.32878447743228334,2.3542300125450275
"[0.19999990191350606, 0.8660253519112252, -0.8660254846445089, 0.1999999325669317]",0.3256624167044913,2.357373176780735
"[0.19999990221913375, 0.8660253520728569, -0.8660254843925571, 0.19999993277704642]",0.32253235269689734,2.3605163410164427
"[0.19999990252458397, 0.8660253522343947, -0.8660254841407514, 0.19999993298703914]",0.31939424692133256,2.3636595052521505
"[0.19999990282985133, 0.866025352395836, -0.8660254838890965, 0.1999999331969061]",0.3162480578481997,2.366802669487858
"[0.19999990313493063, 0.8660253525571776, -0.8660254836375968, 0.19999993340664388]",0.31309374366726744,2.3699458337235657
"[0.19999990343981647, 0.8660253527184171, -0.8660254833862565, 0.19999993361624857]",0.3099312646705425,2.3730889979592735
"[0.19999990374450358, 0.8660253528795514, -0.86602548313508, 0.19999993382571665]",0.30676057945502005,2.376232162194981
"[0.19999990404898638, 0.8660253530405776, -0.8660254828840719, 0.1999999340350443]",0.30358164856807285,2.3793753264306887
"[0.1999999043532597, 0.8660253532014931, -0.8660254826332365, 0.1999999342442279]",0.3003944302289239,2.3825184906663965
"[0.19999990465731826, 0.8660253533622949, -0.8660254823825781, 0.1999999344532639]",0.29719888201450906,2.385661654902104
"[0.1999999049611565, 0.8660253535229805, -0.8660254821321014, 0.19999993466214833]",0.29399496645665874,2.3888048191378117
"[0.19999990526476902, 0.8660253536835464, -0.8660254818818107, 0.19999993487087767]",0.2907826414124805,2.3919479833735195
"[0.19999990556815073, 0.8660253538439904, -0.8660254816317103, 0.1999999350794483]",0.28756186499624026,2.395091147609227
"[0.19999990587129593, 0.8660253540043092, -0.8660254813818051, 0.19999993528785637]",0.28433259822981394,2.3982343118449347
"[0.19999990617419927, 0.8660253541645003, -0.8660254811320991, 0.19999993549609812]",0.28109480107056595,2.401377476080642
"[0.19999990647685553, 0.8660253543245605, -0.8660254808825967, 0.19999993570417002]",0.27784843079476274,2.40452064031635
"[0.19999990677925897, 0.8660253544844871, -0.8660254806333028, 0.1999999359120681]",0.2745934496758641,2.4076638045520578
"[0.1999999070814045, 0.8660253546442773, -0.8660254803842214, 0.1999999361197889]",0.2713298151485716,2.410806968787765
"[0.19999990738328652, 0.8660253548039282, -0.8660254801353574, 0.1999999363273285]",0.26805748830716475,2.413950133023473
"[0.19999990768489953, 0.8660253549634367, -0.8660254798867152, 0.1999999365346832]",0.2647764284894017,2.4170932972591808
"[0.1999999079862383, 0.8660253551228002, -0.8660254796382989, 0.19999993674184935]",0.26148659534107316,2.420236461494888
"[0.19999990828729733, 0.8660253552820159, -0.8660254793901132, 0.19999993694882315]",0.25818794891424435,2.423379625730596
"[0.199999908588071, 0.8660253554410805, -0.866025479142163, 0.19999993715560085]",0.2548804493873298,2.4265227899663038
"[0.19999990888855398, 0.8660253555999915, -0.8660254788944522, 0.19999993736217864]",0.2515640572909545,2.429665954202011
"[0.19999990918874086, 0.8660253557587458, -0.8660254786469856, 0.19999993756855286]",0.24823873151339826,2.432809118437719
"[0.19999990948862614, 0.8660253559173406, -0.8660254783997676, 0.19999993777471978]",0.24490443344557886,2.4359522826734263
"[0.19999990978820442, 0.8660253560757732, -0.8660254781528026, 0.19999993798067556]",0.24156112307177457,2.439095446909134
"[0.19999991008747, 0.8660253562340403, -0.8660254779060956, 0.19999993818641645]",0.23820876155450735,2.442238611144842
"[0.19999991038641765, 0.8660253563921393, -0.8660254776596505, 0.19999993839193872]",0.2348473085810884,2.4453817753805493
"[0.1999999106850417, 0.8660253565500672, -0.8660254774134724, 0.19999993859723855]",0.2314767262688875,2.448524939616257
"[0.19999991098333691, 0.8660253567078211, -0.8660254771675652, 0.1999999388023123]",0.22809697314097116,2.4516681038519645
"[0.19999991128129754, 0.866025356865398, -0.8660254769219338, 0.199999939007156]",0.2247080128727783,2.4548112680876724
"[0.1999999115789184, 0.8660253570227954, -0.8660254766765826, 0.19999993921176615]",0.2213098041417278,2.4579544323233797
"[0.19999991187619368, 0.8660253571800101, -0.8660254764315163, 0.1999999394161387]",0.21790231035192484,2.4610975965590876
"[0.19999991217311794, 0.8660253573370389, -0.8660254761867392, 0.19999993962026993]",0.21448549265547615,2.464240760794795
"[0.19999991246968596, 0.8660253574938794, -0.8660254759422559, 0.19999993982415623]",0.2110593107370969,2.4673839250305027
"[0.19999991276589188, 0.8660253576505285, -0.866025475698071, 0.19999994002779362]",0.20762372946262517,2.4705270892662106
"[0.19999991306173054, 0.8660253578069832, -0.866025475454189, 0.1999999402311785]",0.2041787076175229,2.473670253501918
"[0.19999991335719614, 0.8660253579632406, -0.8660254752106145, 0.19999994043430697]",0.2007242096144609,2.4768134177376258
"[0.19999991365228348, 0.8660253581192981, -0.8660254749673518, 0.19999994063717533]",0.19726019535412548,2.479956581973333
"[0.19999991394698688, 0.8660253582751526, -0.8660254747244056, 0.19999994083977973]",0.19378662931548588,2.483099746209041
"[0.19999991424130073, 0.866025358430801, -0.8660254744817806, 0.19999994104211635]",0.19030347455517738,2.4862429104447488
"[0.19999991453521973, 0.8660253585862406, -0.8660254742394811, 0.1999999412441815]",0.18681069251443327,2.489386074680456
"[0.1999999148287382, 0.8660253587414684, -0.8660254739975117, 0.1999999414459713]",0.1833082474569953,2.492529238916164
"[0.19999991512185095, 0.8660253588964815, -0.8660254737558768, 0.19999994164748217]",0.17979610023839912,2.4956724031518718
"[0.1999999154145521, 0.866025359051277, -0.8660254735145811, 0.19999994184871006]",0.17627421757905717,2.498815567387579
"[0.1999999157068363, 0.866025359205852, -0.8660254732736294, 0.19999994204965135]",0.17274256114632916,2.501958731623287
"[0.19999991599869818, 0.8660253593602035, -0.8660254730330257, 0.19999994225030227]",0.16920109526508587,2.505101895858995
"[0.19999991629013208, 0.866025359514329, -0.8660254727927748, 0.1999999424506589]",0.16564978472794953,2.508245060094702
"[0.19999991658113256, 0.8660253596682251, -0.8660254725528813, 0.19999994265071766]",0.1620885935407961,2.51138822433041
"[0.19999991687169405, 0.8660253598218891, -0.8660254723133496, 0.19999994285047457]",0.15851748704430954,2.5145313885661174
"[0.19999991716181126, 0.866025359975318, -0.8660254720741841, 0.19999994304992602]",0.15493642823589213,2.517674552801825
"[0.19999991745147847, 0.8660253601285091, -0.8660254718353897, 0.19999994324906814]",0.15134538513932666,2.520817717037533
"[0.19999991774069026, 0.8660253602814593, -0.8660254715969706, 0.19999994344789715]",0.1477443219392701,2.5239608812732404
"[0.19999991802944123, 0.8660253604341657, -0.8660254713589315, 0.19999994364640936]",0.14413320412513486,2.527104045508948
"[0.1999999183177259, 0.8660253605866255, -0.8660254711212767, 0.19999994384460099]",0.14051199760662642,2.530247209744656
"[0.19999991860553865, 0.8660253607388357, -0.866025470884011, 0.19999994404246818]",0.13688067041249655,2.5333903739803634
"[0.19999991889287413, 0.8660253608907936, -0.8660254706471388, 0.19999994424000725]",0.1332391875483952,2.536533538216071
"[0.1999999191797268, 0.8660253610424963, -0.8660254704106646, 0.1999999444372144]",0.12958751716765038,2.539676702451779
"[0.19999991946609125, 0.8660253611939406, -0.8660254701745929, 0.1999999446340859]",0.12592562658021622,2.5428198666874864
"[0.19999991975196188, 0.8660253613451238, -0.8660254699389283, 0.19999994483061795]",0.1222534840549166,2.545963030923194
"[0.1999999200373335, 0.8660253614960429, -0.866025469703675, 0.1999999450268069]",0.1185710552370909,2.5491061951589016
"[0.19999992032220054, 0.8660253616466954, -0.8660254694688376, 0.19999994522264894]",0.11487831073663167,2.5522493593946094
"[0.1999999206065575, 0.866025361797078, -0.8660254692344208, 0.19999994541814034]",0.11117521880784964,2.555392523630317
"[0.19999992089039895, 0.866025361947188, -0.866025469000429, 0.19999994561327733]",0.1074617489220718,2.5585356878660246
"[0.1999999211737195, 0.8660253620970226, -0.8660254687668665, 0.1999999458080562]",0.10373787060315055,2.5616788521017324
"[0.1999999214565138, 0.866025362246579, -0.866025468533738, 0.19999994600247326]",0.10000355290268763,2.5648220163374402
"[0.19999992173877626, 0.8660253623958539, -0.8660254683010478, 0.19999994619652472]",0.09625876782309474,2.5679651805731476
"[0.19999992202050162, 0.8660253625448449, -0.8660254680688004, 0.19999994639020693]",0.09250348458991266,2.5711083448088554
"[0.19999992230168448, 0.8660253626935489, -0.8660254678370002, 0.19999994658351614]",0.08873767518189421,2.574251509044563
"[0.19999992258231944, 0.8660253628419632, -0.8660254676056517, 0.1999999467764487]",0.08496131021643757,2.5773946732802706
"[0.19999992286240106, 0.8660253629900848, -0.8660254673747594, 0.19999994696900086]",0.08117436293024805,2.580537837515978
"[0.19999992314192402, 0.8660253631379111, -0.8660254671443276, 0.19999994716116892]",0.07737680577370482,2.583681001751686
"[0.19999992342088285, 0.866025363285439, -0.8660254669143609, 0.19999994735294918]",0.07356861233182449,2.586824165987393
"[0.19999992369927244, 0.8660253634326658, -0.8660254666848634, 0.19999994754433806]",0.06974975360773422,2.589967330223101
"[0.19999992397708727, 0.8660253635795886, -0.8660254664558397, 0.19999994773533183]",0.06592020554554001,2.5931104944588084
"[0.19999992425432203, 0.8660253637262046, -0.8660254662272943, 0.19999994792592682]",0.06207994223232335,2.596253658694516
"[0.19999992453097143, 0.8660253638725112, -0.8660254659992314, 0.19999994811611935]",0.05822893839110009,2.599396822930224
"[0.19999992480703022, 0.8660253640185054, -0.8660254657716553, 0.19999994830590584]",0.05436716888743077,2.6025399871659314
"[0.199999925082493, 0.8660253641641843, -0.8660254655445706, 0.19999994849528263]",0.050494610834443655,2.605683151401639
"[0.19999992535735453, 0.8660253643095454, -0.8660254653179816, 0.19999994868424603]",0.046611240575972684,2.608826315637347
"[0.19999992563160962, 0.8660253644545856, -0.8660254650918926, 0.19999994887279254]",0.04271703373203445,2.6119694798730544
"[0.19999992590525295, 0.8660253645993023, -0.8660254648663078, 0.19999994906091845]",0.038811968961547094,2.615112644108762
"[0.19999992617827927, 0.8660253647436927, -0.8660254646412316, 0.1999999492486202]",0.03489602454967363,2.61825580834447
"[0.19999992645068337, 0.8660253648877542, -0.8660254644166685, 0.19999994943589414]",0.030969178937519246,2.6213989725801774
"[0.19999992672246014, 0.8660253650314838, -0.8660254641926225, 0.19999994962273682]",0.027031410724969913,2.624542136815885
"[0.1999999269936042, 0.8660253651748787, -0.8660254639690981, 0.1999999498091445]",0.02308270130678306,2.6276853010515926
"[0.19999992726411048, 0.8660253653179365, -0.8660254637460995, 0.19999994999511375]",0.019123030309693773,2.6308284652873004
"[0.1999999275339739, 0.8660253654606542, -0.8660254635236307, 0.199999950180641]",0.015152378187606765,2.6339716295230082
"[0.19999992780318915, 0.8660253656030291, -0.8660254633016963, 0.19999995036572268]",0.011170727924332068,2.6371147937587156
"[0.19999992807175118, 0.8660253657450586, -0.8660254630803005, 0.1999999505503553]",0.007178061493259015,2.6402579579944234
"[0.19999992833965488, 0.8660253658867401, -0.8660254628594474, 0.1999999507345353]",0.0031743619322366664,2.6434011222301312
"[0.19999604006294625, 0.866023309550736, -0.8660286682686622, 0.19999727758433072]",6.833171360870528,2.6465442864658386
"[0.1999960548487332, 0.8660233173703319, -0.866028656079548, 0.19999728774946438]",6.829145564305621,2.6496874507015464
"[0.1999960695971738, 0.8660233251701764, -0.8660286439212218, 0.1999972978889222]",6.825108681255055,2.6528306149372542
"[0.19999608430798105, 0.8660233329501177, -0.86602863179392, 0.19999730800250692]",6.821060705223273,2.6559737791729616
"[0.1999960989808521, 0.8660233407099959, -0.8660286196978922, 0.19999731809001026]",6.817001626029477,2.6591169434086694
"[0.1999961136155559, 0.8660233484496882, -0.8660286076333292, 0.1999973281512735]",6.812931420421394,2.6622601076443773
"[0.1999961282117681, 0.8660233561690239, -0.8660285956004982, 0.19999733818607351]",6.808850089258618,2.6654032718800846
"[0.19999614276924055, 0.866023363867871, -0.8660285835996037, 0.19999734819423987]",6.804757609463606,2.6685464361157925
"[0.19999615728770279, 0.8660233715460872, -0.8660285716308688, 0.19999735817558645]",6.800653976201553,2.6716896003515
"[0.1999961717668793, 0.8660233792035261, -0.8660285596945205, 0.19999736812992402]",6.796539176782566,2.6748327645872076
"[0.19999618620649243, 0.8660233868400413, -0.8660285477907879, 0.19999737805706158]",6.792413204430333,2.6779759288229155
"[0.19999620060627354, 0.8660233944554906, -0.8660285359198923, 0.1999973879568145]",6.788276055253964,2.681119093058623
"[0.19999621496595113, 0.8660234020497304, -0.8660285240820573, 0.19999739782899603]",6.7841277112315455,2.6842622572943307
"[0.19999622928527303, 0.8660234096226274, -0.8660285122774912, 0.19999740767343294]",6.779968175807537,2.6874054215300385
"[0.19999624356395868, 0.8660234171740331, -0.8660285005064251, 0.1999974174899323]",6.775797436884499,2.690548585765746
"[0.1999962578017546, 0.8660234247038138, -0.8660284887690678, 0.19999742727831973]",6.771615494534542,2.6936917500014537
"[0.19999627199839315, 0.8660234322118275, -0.8660284770656403, 0.19999743703841147]",6.7674223397627715,2.696834914237161
"[0.1999962861536081, 0.8660234396979334, -0.8660284653963619, 0.1999974467700244]",6.763217973085066,2.699978078472869
"[0.19999630026715268, 0.8660234471620014, -0.8660284537614358, 0.19999745647298875]",6.759002389268423,2.7031212427085762
"[0.19999631433875498, 0.8660234546038876, -0.8660284421610864, 0.19999746614711766]",6.754775589657011,2.706264406944284
"[0.19999632836816253, 0.8660234620234583, -0.866028430595522, 0.1999974757922377]",6.750537572975834,2.7094075711799914
"[0.19999634235513253, 0.8660234694205852, -0.8660284190649423, 0.1999974854081817]",6.7462883374797205,2.7125507354156992
"[0.199996356299394, 0.8660234767951249, -0.866028407569571, 0.19999749499476355]",6.7420278860785565,2.7156938996514066
"[0.19999637020070193, 0.866023484146948, -0.8660283961096099, 0.19999750455181473]",6.737756224085303,2.7188370638871144
"[0.1999963840587956, 0.8660234914759165, -0.8660283846852741, 0.199997514079156]",6.73347335122827,2.7219802281228223
"[0.19999639787346168, 0.8660234987819175, -0.8660283732967395, 0.1999975235766408]",6.729179270100841,2.7251233923585296
"[0.19999641164441492, 0.8660235060648002, -0.8660283619442412, 0.19999753304407297]",6.7248739916396465,2.7282665565942374
"[0.199996425371426, 0.8660235133244436, -0.866028350627968, 0.19999754248129475]",6.72055751249471,2.7314097208299453
"[0.1999964390542601, 0.8660235205607231, -0.8660283393481137, 0.19999755188814486]",6.716229851388285,2.7345528850656526
"[0.1999964526926524, 0.8660235277734989, -0.8660283281048966, 0.19999756126444115]",6.711891010072931,2.7376960493013605
"[0.19999646628638687, 0.8660235349626569, -0.8660283168984949, 0.19999757061003512]",6.707540996384796,2.740839213537068
"[0.19999647983521993, 0.8660235421280679, -0.8660283057291092, 0.19999757992475933]",6.703179825136519,2.7439823777727756
"[0.19999649333890712, 0.8660235492696027, -0.8660282945969409, 0.19999758920844574]",6.698807503620114,2.7471255420084835
"[0.1999965067972175, 0.8660235563871395, -0.8660282835021809, 0.19999759846093557]",6.694424046329615,2.750268706244191
"[0.19999652020993455, 0.8660235634805633, -0.8660282724450071, 0.19999760768207994]",6.690029463027714,2.7534118704798987
"[0.19999653357680533, 0.8660235705497408, -0.8660282614256284, 0.19999761687170498]",6.685623777886653,2.7565550347156065
"[0.19999654689762453, 0.8660235775945632, -0.8660282504442139, 0.19999762602966953]",6.681206995091643,2.759698198951314
"[0.19999656017214973, 0.8660235846149023, -0.8660282395009636, 0.19999763515580699]",6.676779137817512,2.7628413631870217
"[0.19999657340017232, 0.8660235916106476, -0.8660282285960491, 0.19999764424997385]",6.6723402174578785,2.7659845274227295
"[0.19999658658144637, 0.8660235985816694, -0.8660282177296738, 0.19999765331200114]",6.667890263076912,2.769127691658437
"[0.19999659971576664, 0.8660236055278593, -0.866028206902006, 0.1999976623417476]",6.663429291001545,2.7722708558941447
"[0.19999661280294462, 0.8660236124491169, -0.8660281961132019, 0.1999976713390839]",6.658957311433218,2.7754140201298525
"[0.19999662584271827, 0.8660236193453041, -0.8660281853634769, 0.19999768030382958]",6.6544743641095625,2.77855718436556
"[0.1999966388348985, 0.8660236262163208, -0.8660281746529876, 0.19999768923585498]",6.649980459107121,2.7817003486012677
"[0.1999966517792686, 0.8660236330620527, -0.866028163981912, 0.19999769813501078]",6.645475629810026,2.784843512836975
"[0.19999666467563676, 0.8660236398823978, -0.8660281533504084, 0.19999770700116537]",6.640959898035184,2.787986677072683
"[0.19999667752377007, 0.8660236466772333, -0.866028142758669, 0.19999771583415854]",6.6364332922293885,2.7911298413083907
"[0.19999669032349304, 0.8660236534464663, -0.8660281322068382, 0.1999977246338696]",6.631895837902249,2.794273005544098
"[0.19999670307457562, 0.8660236601899752, -0.8660281216951058, 0.19999773340014046]",6.627347566127138,2.797416169779806
"[0.19999671577685132, 0.8660236669076719, -0.866028111223609, 0.19999774213285665]",6.622788510035798,2.8005593340155137
"[0.19999672843011135, 0.8660236735994459, -0.86602810079252, 0.19999775083187465]",6.618218696843934,2.803702498251221
"[0.19999674103414472, 0.8660236802651858, -0.8660280904020127, 0.19999775949704934]",6.613638163787168,2.806845662486929
"[0.199996753588793, 0.8660236869048077, -0.8660280800522175, 0.19999776812827189]",6.609046942776327,2.8099888267226367
"[0.19999676609384348, 0.8660236935181991, -0.8660280697433101, 0.199997776725396]",6.604445071709279,2.813131990958344
"[0.199996778549113, 0.8660237001052631, -0.8660280594754411, 0.19999778528829576]",6.59983258573754,2.816275155194052
"[0.19999679095442352, 0.8660237066659059, -0.8660280492487578, 0.1999977938168488]",6.595209525037297,2.8194183194297593
"[0.19999680330960246, 0.8660237132000357, -0.866028039063402, 0.1999978023109365]",6.590575927692207,2.822561483665467
"[0.19999681561445565, 0.8660237197075501, -0.8660280289195337, 0.19999781077042528]",6.58593183418191,2.8257046479011745
"[0.19999682786882, 0.8660237261883629, -0.8660280188172879, 0.19999781919520315]",6.5812772889783195,2.8288478121368823
"[0.19999684007251173, 0.8660237326423768, -0.8660280087568156, 0.19999782758514367]",6.576612331525309,2.8319909763725897
"[0.1999968522253781, 0.8660237390695109, -0.8660279987382429, 0.1999978359401419]",6.571937010557123,2.8351341406082975
"[0.19999686432723027, 0.8660237454696657, -0.8660279887617254, 0.1999978442600679]",6.567251371484171,2.838277304844005
"[0.19999687637792513, 0.8660237518427651, -0.8660279788273813, 0.19999785254482344]",6.5625554576242795,2.8414204690797127
"[0.19999688837729326, 0.8660237581887199, -0.86602796893535, 0.19999786079429197]",6.557849326029094,2.8445636333154205
"[0.19999690032516992, 0.8660237645074427, -0.8660279590857672, 0.19999786900836022]",6.553133017631487,2.847706797551128
"[0.19999691222140983, 0.8660237707988567, -0.8660279492787532, 0.19999787718692838]",6.54840658690769,2.8508499617868357
"[0.1999969240658557, 0.8660237770628788, -0.8660279395144371, 0.19999788532988824]",6.543670087577313,2.8539931260225435
"[0.19999693585834533, 0.8660237832994233, -0.866027929792953, 0.19999789343712834]",6.538923580051651,2.857136290258251
"[0.19999694759876083, 0.8660237895084278, -0.8660279201143979, 0.1999979015085676]",6.534167102997197,2.8602794544939587
"[0.1999969592869367, 0.8660237956898046, -0.8660279104789081, 0.19999790954409233]",6.529400732804515,2.863422618729666
"[0.19999697092273602, 0.8660238018434815, -0.8660279008865966, 0.1999979175436083]",6.524624512320103,2.866565782965374
"[0.19999698250601694, 0.8660238079693833, -0.8660278913375806, 0.19999792550701806]",6.519838512556735,2.8697089472010817
"[0.1999969940366578, 0.866023814067446, -0.86602788183196, 0.19999793343423788]",6.515042783919258,2.872852111436789
"[0.19999700551452262, 0.8660238201375975, -0.8660278723698471, 0.1999979413251744]",6.510237398344133,2.875995275672497
"[0.19999701693947355, 0.8660238261797646, -0.8660278629513555, 0.1999979491797328]",6.505422412175854,2.8791384399082047
"[0.19999702831138705, 0.8660238321938823, -0.866027853576587, 0.19999795699782813]",6.500597897586229,2.882281604143912
"[0.19999703963016086, 0.8660238381798966, -0.866027844245626, 0.19999796477939014]",6.495763913097024,2.88542476837962
"[0.19999705089564998, 0.8660238441377305, -0.8660278349585917, 0.19999797252431908]",6.490920535827465,2.8885679326153277
"[0.19999706210774207, 0.8660238500673249, -0.8660278257155771, 0.19999798023253776]",6.486067824701131,2.891711096851035
"[0.1999970732663493, 0.866023855968633, -0.8660278165166547, 0.1999979879039859]",6.4812058545083335,2.894854261086743
"[0.199997084371346, 0.8660238618415889, -0.8660278073619277, 0.19999799553857692]",6.476334702718361,2.8979974253224503
"[0.19999709542260574, 0.866023867686125, -0.8660277982515003, 0.19999800313622398]",6.471454435530289,2.901140589558158
"[0.1999971064200573, 0.8660238735022046, -0.8660277891854317, 0.19999801069687811]",6.466565130211283,2.904283753793866
"[0.19999711736358883, 0.8660238792897674, -0.8660277801638137, 0.1999980182204625]",6.461666863598582,2.9074269180295733
"[0.19999712825310523, 0.8660238850487642, -0.8660277711867248, 0.19999802570691166]",6.456759710795087,2.910570082265281
"[0.1999971390885202, 0.8660238907791487, -0.866027762254236, 0.19999803315616635]",6.4518437553247745,2.913713246500989
"[0.19999714986973516, 0.8660238964808686, -0.8660277533664289, 0.19999804056815879]",6.446919070413737,2.9168564107366963
"[0.19999716059665396, 0.8660239021538737, -0.8660277445233826, 0.19999804794282283]",6.4419857459298004,2.919999574972404
"[0.19999717126921782, 0.8660239077981327, -0.8660277357251454, 0.19999805528011805]",6.43704385987557,2.923142739208112
"[0.1999971818873284, 0.8660239134135932, -0.8660277269717985, 0.19999806257997696]",6.432093498884567,2.9262859034438193
"[0.1999971924509305, 0.8660239190002266, -0.8660277182633874, 0.19999806984236146]",6.427134743588336,2.929429067679527
"[0.19999720295992227, 0.8660239245579786, -0.8660277095999961, 0.19999807706720163]",6.422167688936199,2.9325722319152345
"[0.19999721341426807, 0.8660239300868304, -0.8660277009816538, 0.199998084254473]",6.417192415405574,2.9357153961509423
"[0.19999722381387583, 0.8660239355867336, -0.8660276924084368, 0.1999980914041122]",6.412209017596668,2.93885856038665
"[0.19999723415869788, 0.8660239410576628, -0.866027683880384, 0.1999980985160865]",6.407217586757364,2.9420017246223575
"[0.19999724444867034, 0.8660239464995841, -0.8660276753975481, 0.19999810559035197]",6.402218213649781,2.9451448888580654
"[0.199997254683746, 0.8660239519124727, -0.8660276669599682, 0.19999811262687617]",6.397210989706019,2.9482880530937727
"[0.19999726486385205, 0.8660239572962901, -0.8660276585677043, 0.19999811962560904]",6.392196017887112,2.9514312173294805
"[0.19999727498896944, 0.8660239626510261, -0.8660276502207719, 0.1999981265865375]",6.387173386728491,2.954574381565188
"[0.1999972850590326, 0.8660239679766463, -0.8660276419192251, 0.1999981335096164]",6.382143195760879,2.9577175458008957
"[0.1999972950740084, 0.8660239732731329, -0.8660276336630914, 0.19999814039482308]",6.377105547941274,2.960860710036603
"[0.19999730503385868, 0.8660239785404658, -0.8660276254524022, 0.19999814724213125]",6.372060539236641,2.964003874272311
"[0.1999973149385564, 0.8660239837786307, -0.8660276172871797, 0.19999815405152235]",6.367008274836333,2.9671470385080188
"[0.19999732478806112, 0.8660239889876061, -0.8660276091674571, 0.19999816082296853]",6.361948850942948,2.970290202743726
"[0.19999733458235264, 0.8660239941673816, -0.8660276010932515, 0.19999816755645597]",6.356882376989834,2.973433366979434
"[0.1999973443214078, 0.8660239993179449, -0.8660275930645814, 0.19999817425196864]",6.351808956663923,2.9765765312151413
"[0.19999735400520258, 0.8660240044392831, -0.8660275850814673, 0.1999981809094902]",6.346728700103461,2.979719695450849
"[0.19999736363372414, 0.8660240095313897, -0.8660275771439191, 0.19999818752901166]",6.341641707833764,2.982862859686557
"[0.19999737320696323, 0.8660240145942594, -0.8660275692519448, 0.1999981941105268]",6.336548092533055,2.9860060239222643
"[0.19999738272490847, 0.8660240196278866, -0.8660275614055536, 0.19999820065402768]",6.331447964683709,2.989149188157972
"[0.1999973921875563, 0.866024024632269, -0.8660275536047487, 0.199998207159512]",6.326341436640349,2.99229235239368
"[0.19999740159490123, 0.8660240296074042, -0.8660275458495343, 0.1999982136269758]",6.321228620316777,2.9954355166293873
"[0.199997410946948, 0.8660240345532944, -0.8660275381399067, 0.1999982200564225]",6.316109623556104,2.998578680865095
"[0.1999974202437067, 0.8660240394699449, -0.8660275304758576, 0.19999822644785897]",6.310984568139542,3.001721845100803
"[0.19999742948518326, 0.866024044357359, -0.8660275228573818, 0.19999823280128926]",6.305853568067284,3.0048650093365104
"[0.19999743867139191, 0.8660240492155439, -0.8660275152844681, 0.19999823911672332]",6.3007167417353225,3.008008173572218
"[0.19999744780233777, 0.8660240540445029, -0.8660275077571117, 0.19999824539416441]",6.2955742014617835,3.0111513378079255
"[0.19999745687806478, 0.8660240588442588, -0.8660275002752769, 0.199998251633643]",6.290426069390265,3.0142945020436334
"[0.1999974658985808, 0.8660240636148159, -0.8660274928389567, 0.1999982578351643]",6.285272466872964,3.017437666279341
"[0.19999747486391298, 0.8660240683561883, -0.8660274854481294, 0.19999826399874715]",6.280113514237819,3.0205808305150486
"[0.199997483774101, 0.8660240730683973, -0.8660274781027615, 0.1999982701244187]",6.274949332200546,3.0237239947507564
"[0.19999749262917305, 0.8660240777514581, -0.8660274708028302, 0.1999982762121983]",6.269780044616805,3.026867158986464
"[0.19999750142916578, 0.8660240824053894, -0.8660274635483052, 0.19999828226211125]",6.264605776989699,3.0300103232221716
"[0.19999751017412423, 0.8660240870302153, -0.8660274563391493, 0.19999828827418853]",6.259426650182052,3.0331534874578794
"[0.19999751886409853, 0.8660240916259624, -0.8660274491753216, 0.1999982942484646]",6.25424279824837,3.036296651693587
"[0.19999752749913158, 0.8660240961926534, -0.8660274420567861, 0.19999830018496886]",6.2490543367843125,3.0394398159292946
"[0.19999753607927034, 0.866024100730313, -0.8660274349835045, 0.19999830608373373]",6.2438614027380535,3.0425829801650024
"[0.19999754460459102, 0.8660241052389814, -0.8660274279554138, 0.19999831194481152]",6.238664120931742,3.04572614440071
"[0.19999755307513276, 0.8660241097186798, -0.8660274209724818, 0.19999831776822913]",6.2334626172863015,3.0488693086364176
"[0.19999756149097137, 0.8660241141694479, -0.8660274140346459, 0.1999983235540387]",6.228257026545561,3.0520124728721254
"[0.19999756985215553, 0.8660241185913116, -0.866027407141866, 0.1999983293022737]",6.223047481612414,3.0551556371078328
"[0.19999757815878108, 0.8660241229843213, -0.8660274002940632, 0.1999983350130001]",6.217834109644237,3.0582988013435406
"[0.1999975864108994, 0.8660241273485046, -0.8660273934911951, 0.19999834068625308]",6.212617043744974,3.0614419655792484
"[0.1999975946085973, 0.8660241316839071, -0.8660273867331901, 0.19999834632209249]",6.207396418414701,3.064585129814956
"[0.1999976027519576, 0.8660241359905728, -0.8660273800199799, 0.19999835192057508]",6.202172370468888,3.0677282940506636
"[0.19999761084105502, 0.866024140268541, -0.866027373351503, 0.1999983574817524]",6.1969450235046395,3.070871458286371
"[0.19999761887599563, 0.8660241445178678, -0.8660273667276719, 0.19999836300569732]",6.19171452406878,3.074014622522079
"[0.1999976268568463, 0.866024148738589, -0.8660273601484313, 0.1999983684924557]",6.186481007105502,3.077157786757786
"[0.19999763478370713, 0.866024152930757, -0.8660273536136992, 0.1999983739420966]",6.181244605521951,3.080300950993494
"[0.19999764265669104, 0.8660241570944319, -0.8660273471233818, 0.1999983793546974]",6.176005455719267,3.0834441152292014
"[0.19999765047587745, 0.8660241612296555, -0.866027340677414, 0.19999838473031278]",6.17076369794706,3.086587279464909
"[0.19999765824138524, 0.8660241653364907, -0.866027334275698, 0.19999839006902462]",6.165519466674633,3.089730443700617
"[0.19999766595331514, 0.8660241694149908, -0.8660273279181504, 0.199998395370902]",6.160272902593351,3.0928736079363244
"[0.19999767361177442, 0.8660241734652127, -0.8660273216046829, 0.1999984006360187]",6.1550241474895895,3.096016772172032
"[0.19999768121689146, 0.8660241774872237, -0.8660273153351897, 0.1999984058644631]",6.1497733375389965,3.0991599364077396
"[0.19999768876876992, 0.8660241814810794, -0.8660273091095851, 0.19999841105630628]",6.144520611374969,3.1023031006434474
"[0.19999769626752495, 0.8660241854468403, -0.8660273029277746, 0.19999841621162753]",6.139266112250505,3.105446264879155
"[0.1999977037132949, 0.8660241893845797, -0.866027296789644, 0.19999842133052195]",6.134009979058143,3.1085894291148626
"[0.19999771110620385, 0.866024193294363, -0.8660272906950907, 0.19999842641307483]",6.128752354602405,3.1117325933505704
"[0.1999977184463584, 0.8660241971762469, -0.8660272846440271, 0.19999843145935947]",6.123493377429592,3.114875757586278
"[0.1999977257339272, 0.8660242010303202, -0.8660272786363142, 0.19999843646949184]",6.118233192195057,3.1180189218219856
"[0.19999773296901588, 0.8660242048566391, -0.8660272726718649, 0.1999984414435445]",6.112971937275482,3.1211620860576934
"[0.1999977401517849, 0.8660242086552884, -0.8660272667505468, 0.1999984463816278]",6.107709754451215,3.124305250293401
"[0.19999774728236452, 0.866024212426337, -0.8660272608722523, 0.19999845128383126]",6.10244678964894,3.1274484145291086
"[0.19999775436089628, 0.8660242161698595, -0.8660272550368654, 0.19999845615025233]",6.097183183885769,3.1305915787648164
"[0.19999776138753536, 0.8660242198859383, -0.8660272492442576, 0.1999984609809975]",6.091919079253357,3.133734743000524
"[0.19999776836242478, 0.8660242235746487, -0.8660272434943111, 0.19999846577616526]",6.086654614335263,3.1368779072362316
"[0.1999977752857176, 0.8660242272360721, -0.8660272377868997, 0.1999984705358607]",6.081389940530049,3.1400210714719394
"[0.19999778215757977, 0.8660242308702959, -0.8660272321218868, 0.199998475260198]",6.076125191604393,3.1431642357076472
"[0.19999778897816073, 0.8660242344773992, -0.8660272264991492, 0.19999847994927994]",6.0708605134079905,3.1463073999433546
"[0.19999779574762896, 0.8660242380574713, -0.8660272209185477, 0.19999848460322223]",6.065596053607855,3.149450564179062
"[0.19999780246615045, 0.8660242416105997, -0.8660272153799455, 0.19999848922213906]",6.060331947729516,3.1525937284147703
"[0.19999780913388585, 0.8660242451368696, -0.8660272098832106, 0.19999849380614088]",6.055068342028442,3.1557368926504776
"[0.19999781575099956, 0.8660242486363677, -0.866027204428207, 0.19999849835534073]",6.049805375795773,3.158880056886185
"[0.19999782231767801, 0.8660242521091929, -0.8660271990147813, 0.19999850286986673]",6.04454319279537,3.1620232211218933
"[0.19999782883407935, 0.8660242555554286, -0.8660271936428029, 0.1999985073498276]",6.039281938671288,3.1651663853576006
"[0.19999783530039958, 0.8660242589751787, -0.8660271883121105, 0.19999851179535816]",6.034021750970317,3.168309549593308
"[0.19999784171680815, 0.8660242623685326, -0.866027183022564, 0.19999851620657483]",6.028762773575033,3.1714527138290163
"[0.19999784808349022, 0.8660242657355881, -0.866027177774011, 0.19999852058360498]",6.023505147862982,3.1745958780647237
"[0.19999785440062823, 0.866024269076442, -0.8660271725663014, 0.19999852492657405]",6.018249013510841,3.177739042300431
"[0.19999786066841152, 0.8660242723911944, -0.8660271673992784, 0.1999985292356121]",6.012994512135028,3.1808822065361384
"[0.19999786688703022, 0.8660242756799456, -0.8660271622727858, 0.19999853351084992]",6.007741786307592,3.1840253707718467
"[0.19999787305667396, 0.866024278942796, -0.8660271571866673, 0.19999853775241794]",6.00249097650284,3.187168535007554
"[0.1999978791775434, 0.866024282179852, -0.8660271521407571, 0.1999985419604539]",5.997242216527674,3.1903116992432614
"[0.1999978852498254, 0.866024285391212, -0.8660271471349014, 0.19999854613508652]",5.991995651010629,3.1934548634789692
"[0.1999978912737347, 0.86602428857699, -0.8660271421689232, 0.1999985502764633]",5.986751420684828,3.196598027714677
"[0.1999978972494492, 0.8660242917372796, -0.8660271372426758, 0.19999855438470657]",5.981509658935752,3.1997411919503844
"[0.19999790317719474, 0.8660242948722006, -0.866027132355973, 0.19999855845997158]",5.976270506737298,3.2028843561860922
"[0.1999979090571632, 0.8660242979818543, -0.8660271275086567, 0.19999856250239031]",5.971034105298329,3.2060275204218
"[0.19999791488956728, 0.8660243010663533, -0.8660271227005512, 0.19999856651210887]",5.965800583846636,3.2091706846575074
"[0.19999792067461675, 0.8660243041258086, -0.866027117931484, 0.19999857048927158]",5.960570082941997,3.2123138488932153
"[0.19999792641251393, 0.8660243071603269, -0.8660271132012882, 0.19999857443401756]",5.955342737610436,3.2154570131289226
"[0.19999793210348063, 0.8660243101700257, -0.8660271085097808, 0.19999857834649917]",5.950118685471396,3.2186001773646304
"[0.19999793774773444, 0.8660243131550202, -0.8660271038567825, 0.1999985822268661]",5.944898056330342,3.2217433416003383
"[0.19999794334548388, 0.8660243161154203, -0.8660270992421215, 0.19999858607526172]",5.939680989495601,3.2248865058360456
"[0.1999979488969599, 0.8660243190513488, -0.8660270946656076, 0.19999858989184477]",5.934467613304669,3.228029670071753
"[0.19999795440236853, 0.866024321962914, -0.8660270901270702, 0.19999859367675685]",5.929258064832299,3.2311728343074613
"[0.199997959861945, 0.8660243248502407, -0.866027085626316, 0.19999859743015969]",5.9240524734306765,3.2343159985431686
"[0.19999796527590838, 0.8660243277134445, -0.8660270811631643, 0.19999860115220403]",5.918850968584337,3.237459162778876
"[0.19999797064447017, 0.8660243305526372, -0.8660270767374407, 0.1999986048430352]",5.913653683998564,3.2406023270145843
"[0.1999979759678828, 0.8660243333679526, -0.8660270723489373, 0.19999860850282672]",5.908460745152563,3.2437454912502917
"[0.19999798124636725, 0.8660243361595075, -0.8660270679974715, 0.19999861213173048]",5.903272281866822,3.246888655485999
"[0.1999979864801468, 0.8660243389274199, -0.8660270636828595, 0.19999861572990002]",5.89808842317074,3.2500318197217073
"[0.1999979916694513, 0.8660243416718116, -0.8660270594049118, 0.19999861929749332]",5.892909294115935,3.2531749839574147
"[0.1999979968145189, 0.8660243443928081, -0.8660270551634321, 0.19999862283467426]",5.887735023648824,3.256318148193122
"[0.19999800191559705, 0.8660243470905404, -0.8660270509582164, 0.19999862634161283]",5.88256573583476,3.2594613124288294
"[0.1999980069728993, 0.8660243497651215, -0.8660270467890885, 0.19999862981845587]",5.877401547666315,3.2626044766645377
"[0.19999801198667316, 0.8660243524166827, -0.8660270426558446, 0.1999986332653735]",5.8722425907128555,3.265747640900245
"[0.19999801695716277, 0.8660243550453525, -0.866027038558283, 0.1999986366825336]",5.867088984774589,3.2688908051359524
"[0.19999802188460336, 0.8660243576512555, -0.8660270344962105, 0.199998640070098]",5.861940849850729,3.2720339693716607
"[0.1999980267692341, 0.8660243602345183, -0.8660270304694294, 0.19999864342823093]",5.856798305141129,3.275177133607368
"[0.1999980316112948, 0.8660243627952677, -0.8660270264777421, 0.1999986467570974]",5.851661473260302,3.2783202978430754
"[0.199998036411037, 0.8660243653336366, -0.8660270225209412, 0.19999865005687026]",5.84653046977969,3.2814634620787837
"[0.19999804116870548, 0.8660243678497547, -0.8660270185988251, 0.19999865332771785]",5.8414054074408135,3.284606626314491
"[0.19999804588453243, 0.8660243703437447, -0.866027014711202, 0.1999986565697997]",5.836286409559197,3.2877497905501984
"[0.19999805055877312, 0.8660243728157414, -0.866027010857862, 0.19999865978329148]",5.831173589213499,3.2908929547859067
"[0.19999805519168246, 0.8660243752658797, -0.8660270070385946, 0.1999986629683683]",5.826067055236365,3.294036119021614
"[0.19999805978349436, 0.8660243776942834, -0.8660270032532069, 0.19999866612519104]",5.82096692254103,3.2971792832573215
"[0.19999806433446635, 0.8660243801010887, -0.8660269995014869, 0.19999866925393672]",5.815873305483963,3.3003224474930297
"[0.1999980688448444, 0.8660243824864258, -0.8660269957832317, 0.19999867235477445]",5.810786310528378,3.303465611728737
"[0.1999980733148888, 0.866024384850432, -0.8660269920982265, 0.19999867542788316]",5.805706042646816,3.3066087759644445
"[0.19999807774484063, 0.8660243871932352, -0.8660269884462729, 0.1999986784734286]",5.800632621630145,3.3097519402001523
"[0.19999808213495185, 0.8660243895149682, -0.8660269848271631, 0.19999868149158406]",5.795566144225066,3.31289510443586
"[0.19999808648548972, 0.8660243918157726, -0.8660269812406766, 0.1999986844825332]",5.790506712146239,3.3160382686715675
"[0.19999809079668962, 0.866024394095773, -0.8660269776866194, 0.1999986874464378]",5.785454442206295,3.3191814329072753
"[0.19999809506880928, 0.8660243963551056, -0.8660269741647791, 0.19999869038347512]",5.780409427690405,3.322324597142983
"[0.19999809930211232, 0.8660243985939098, -0.8660269706749386, 0.19999869329382647]",5.775371773199646,3.3254677613786905
"[0.1999981034968424, 0.8660244008123142, -0.8660269672168966, 0.19999869617765925]",5.770341580059116,3.3286109256143983
"[0.19999810765326226, 0.8660244030104585, -0.8660269637904369, 0.19999869903515405]",5.765318943496961,3.3317540898501057
"[0.19999811177163404, 0.8660244051884803, -0.866026960395343, 0.19999870186649124]",5.760303964536864,3.3348972540858135
"[0.19999811585221056, 0.8660244073465142, -0.8660269570314069, 0.19999870467184452]",5.755296737754987,3.338040418321521
"[0.19999811989524194, 0.8660244094846922, -0.866026953698422, 0.19999870745138584]",5.750297355828585,3.3411835825572287
"[0.1999981239009914, 0.8660244116031531, -0.8660269503961715, 0.19999871020529625]",5.745305919445302,3.344326746792936
"[0.19999812786970614, 0.8660244137020282, -0.8660269471244518, 0.19999871293374566]",5.740322518473724,3.347469911028644
"[0.1999981318016625, 0.8660244157814635, -0.8660269438830348, 0.199998715636924]",5.7353472393601015,3.3506130752643517
"[0.1999981356971063, 0.8660244178415887, -0.8660269406717181, 0.1999987183150004]",5.730380174533823,3.353756239500059
"[0.19999813955629336, 0.8660244198825394, -0.8660269374902905, 0.19999872096815055]",5.7254214167941235,3.3568994037357665
"[0.19999814337948815, 0.8660244219044554, -0.8660269343385342, 0.1999987235965564]",5.7204710470290125,3.3600425679714747
"[0.1999981471669466, 0.8660244239074719, -0.8660269312162382, 0.1999987262003939]",5.715529155823296,3.363185732207182
"[0.19999815091893364, 0.8660244258917292, -0.866026928123184, 0.19999872877984512]",5.710595821815734,3.3663288964428895
"[0.19999815463569479, 0.8660244278573571, -0.8660269250591691, 0.19999873133507887]",5.70567113292145,3.3694720606785977
"[0.1999981583175128, 0.8660244298045052, -0.8660269220239608, 0.19999873386628958]",5.700755167945946,3.372615224914305
"[0.199998161964607, 0.8660244317332895, -0.866026919017378, 0.199998736373628]",5.695848011616236,3.3757583891500125
"[0.19999816557727815, 0.8660244336438687, -0.8660269160391728, 0.19999873885730093]",5.690949735875318,3.3789015533857207
"[0.1999981691557576, 0.8660244355363655, -0.8660269130891545, 0.1999987413174674]",5.6860604253466,3.382044717621428
"[0.1999981727003108, 0.8660244374109203, -0.8660269101671042, 0.19999874375430993]",5.6811801523575935,3.3851878818571355
"[0.19999817621120372, 0.8660244392676737, -0.8660269072728027, 0.19999874616801128]",5.676308987948829,3.3883310460928437
"[0.1999981796886828, 0.866024441106756, -0.8660269044060468, 0.19999874855874095]",5.6714470151391785,3.391474210328551
"[0.19999818313302478, 0.8660244429283133, -0.8660269015666086, 0.1999987509266893]",5.666594297444303,3.3946173745642585
"[0.19999818654446455, 0.8660244447324703, -0.8660268987542941, 0.19999875327201763]",5.661750908467762,3.3977605387999668
"[0.19999818992326018, 0.8660244465193633, -0.8660268959688907, 0.19999875559490346]",5.656916919843685,3.400903703035674
"[0.19999819326969184, 0.8660244482891403, -0.8660268932101675, 0.1999987578955394]",5.652092396575795,3.4040468672713815
"[0.19999819658400825, 0.8660244500419331, -0.8660268904779194, 0.19999876017409637]",5.647277402115245,3.4071900315070898
"[0.1999981998664459, 0.8660244517778667, -0.8660268877719514, 0.19999876243073703]",5.6424720090322085,3.410333195742797
"[0.19999820311728492, 0.8660244534970888, -0.8660268850920327, 0.19999876466565406]",5.6376762745631845,3.4134763599785045
"[0.19999820633676582, 0.8660244551997273, -0.8660268824379649, 0.19999876687901258]",5.63289026590248,3.416619524214212
"[0.19999820952515776, 0.8660244568859241, -0.8660268798095262, 0.1999987690709978]",5.628114040954137,3.41976268844992
"[0.19999821268271045, 0.8660244585558114, -0.8660268772065106, 0.19999877124178134]",5.623347656387878,3.4229058526856275
"[0.19999821580966773, 0.8660244602095183, -0.8660268746287173, 0.19999877339153083]",5.618591179041108,3.426049016921335
"[0.19999821890630626, 0.8660244618471911, -0.8660268720759181, 0.19999877552043643]",5.613844656557611,3.429192181157043
"[0.19999822197286063, 0.8660244634689532, -0.8660268695479195, 0.19999877762865959]",5.609108150650714,3.4323353453927505
"[0.19999822500959058, 0.8660244650749429, -0.8660268670445075, 0.19999877971637867]",5.604381712781298,3.435478509628458
"[0.1999982280167436, 0.8660244666652904, -0.8660268645654783, 0.19999878178376404]",5.599665398260913,3.438621673864166
"[0.1999982309945816, 0.866024468240135, -0.8660268621106155, 0.19999878383099545]",5.594959255025805,3.4417648380998735
"[0.19999823394334934, 0.8660244697996052, -0.8660268596797177, 0.19999878585824146]",5.590263331914234,3.444908002335581
"[0.19999823686330104, 0.866024471343836, -0.8660268572725751, 0.1999987878656767]",5.585577685126288,3.4480511665712887
"[0.1999982397546825, 0.866024472872957, -0.8660268548889853, 0.19999878985347028]",5.5809023529504,3.4511943308069966
"[0.1999982426177494, 0.8660244743871043, -0.8660268525287373, 0.19999879182179775]",5.576237387270366,3.454337495042704
"[0.19999824545274056, 0.866024475886403, -0.8660268501916345, 0.19999879377082358]",5.571582833707455,3.4574806592784117
"[0.1999982482599128, 0.8660244773709898, -0.8660268478774649, 0.1999987957007241]",5.566938732024444,3.460623823514119
"[0.1999982510395096, 0.866024478840993, -0.8660268455860277, 0.1999987976116668]",5.5623051272268595,3.463766987749827
"[0.19999825379178587, 0.8660244802965479, -0.8660268433171131, 0.19999879950382687]",5.557682055810758,3.4669101519855348
"[0.1999982565169737, 0.8660244817377767, -0.8660268410705296, 0.19999880137736398]",5.553069562508663,3.470053316221242
"[0.1999982592153294, 0.8660244831648152, -0.8660268388460659, 0.19999880323245428]",5.548467681652692,3.4731964804569495
"[0.19999826188709427, 0.866024484577791, -0.8660268366435232, 0.19999880506926365]",5.543876451407252,3.4763396446926578
"[0.19999826453250577, 0.8660244859768296, -0.8660268344627055, 0.19999880688795535]",5.539295910416553,3.479482808928365
"[0.1999982671518165, 0.8660244873620649, -0.8660268323034047, 0.199998808688703]",5.53472608753588,3.4826259731640725
"[0.1999982697452617, 0.866024488733621, -0.8660268301654269, 0.19999881047166837]",5.530167020241849,3.485769137399781
"[0.199998272313081, 0.8660244900916246, -0.8660268280485746, 0.19999881223701627]",5.525618740623122,3.488912301635488
"[0.19999827485552413, 0.8660244914362079, -0.8660268259526418, 0.19999881398491828]",5.521081275706135,3.4920554658711955
"[0.19999827737282017, 0.8660244927674922, -0.8660268238774396, 0.19999881571553188]",5.516554659870423,3.495198630106903
"[0.19999827986521226, 0.8660244940856057, -0.8660268218227677, 0.1999988174290243]",5.512038917573342,3.498341794342611
"[0.19999828233293804, 0.8660244953906744, -0.8660268197884302, 0.1999988191255589]",5.507534078475683,3.5014849585783185
"[0.19999828477623421, 0.8660244966828233, -0.866026817774232, 0.1999988208052984]",5.503040165756284,3.504628122814026
"[0.19999828719532878, 0.8660244979621731, -0.8660268157799851, 0.1999988224683996]",5.498557204953999,3.507771287049734
"[0.19999828959046664, 0.8660244992288532, -0.8660268138054874, 0.19999882411503075]",5.494085222445082,3.5109144512854416
"[0.19999829196187838, 0.8660245004829857, -0.8660268118505491, 0.19999882574535044]",5.489624233578203,3.514057615521149
"[0.19999829430979765, 0.866024501724694, -0.8660268099149774, 0.19999882735951932]",5.485174266294507,3.517200779756857
"[0.19999829663444463, 0.8660245029540948, -0.8660268079985908, 0.1999988289576887]",5.480735342690781,3.5203439439925646
"[0.19999829893606597, 0.8660245041713182, -0.8660268061011863, 0.1999988305400283]",5.476307472647691,3.523487108228272
"[0.19999830121488416, 0.8660245053764821, -0.8660268042225799, 0.19999883210669087]",5.471890681611791,3.52663027246398
"[0.19999830347113132, 0.8660245065697091, -0.8660268023625808, 0.19999883365783616]",5.467484979114636,3.5297734366996876
"[0.19999830570503233, 0.8660245077511184, -0.8660268005210032, 0.19999883519361863]",5.463090388136815,3.532916600935395
"[0.19999830791680384, 0.8660245089208244, -0.8660267986976686, 0.1999988367141873]",5.458706922228555,3.536059765171103
"[0.19999831010669247, 0.8660245100789574, -0.8660267968923739, 0.1999988382197118]",5.454334587872485,3.5392029294068106
"[0.19999831227490014, 0.8660245112256243, -0.8660267951049526, 0.19999883971033086]",5.4499734058393425,3.542346093642518
"[0.19999831442166555, 0.8660245123609515, -0.8660267933352076, 0.1999988411862085]",5.445623383656627,3.545489257878226
"[0.1999983165472135, 0.8660245134850576, -0.8660267915829538, 0.19999884264749943]",5.441284530392756,3.5486324221139336
"[0.1999983186517467, 0.8660245145980501, -0.8660267898480243, 0.1999988440943429]",5.436956857162385,3.551775586349641
"[0.19999832073549928, 0.8660245157000525, -0.8660267881302257, 0.19999884552689998]",5.432640370060583,3.5549187505853492
"[0.19999832279868865, 0.86602451679118, -0.866026786429379, 0.19999884694532002]",5.428335079712359,3.5580619148210566
"[0.19999832484153246, 0.8660245178715476, -0.8660267847453049, 0.19999884834975276]",5.4240409894089385,3.561205079056764
"[0.19999832686424912, 0.8660245189412707, -0.866026783077823, 0.19999884974034826]",5.4197581022048675,3.5643482432924714
"[0.1999983288670466, 0.8660245200004596, -0.8660267814267619, 0.19999885111724952]",5.415486428573617,3.5674914075281796
"[0.19999833085013954, 0.8660245210492279, -0.866026779791945, 0.1999988524806041]",5.411225966698472,3.570634571763887
"[0.1999983328137549, 0.866024522087695, -0.8660267781731849, 0.1999988538305681]",5.406976720608649,3.5737777359995944
"[0.19999833475809056, 0.8660245231159662, -0.8660267765703186, 0.19999885516727747]",5.40273868868788,3.576920900235302
"[0.1999983366833593, 0.8660245241341535, -0.8660267749831705, 0.19999885649087856]",5.398511881221114,3.58006406447101
"[0.19999833858978283, 0.8660245251423746, -0.8660267734115581, 0.19999885780152377]",5.394296285151586,3.5832072287067174
"[0.19999834047755527, 0.8660245261407322, -0.8660267718553212, 0.19999885909934648]",5.390091904396806,3.586350392942425
"[0.19999834234688818, 0.8660245271293376, -0.8660267703142854, 0.19999886038449227]",5.385898740296696,3.5894935571781326
"[0.1999983441979971, 0.8660245281083052, -0.8660267687882731, 0.1999988616571093]",5.381716784353667,3.5926367214138404
"[0.19999834603107497, 0.866024529077737, -0.8660267672771252, 0.19999886291733016]",5.377546036401984,3.595779885649548
"[0.19999834784632678, 0.8660245300377415, -0.8660267657806727, 0.19999886416529575]",5.373386486108928,3.5989230498852556
"[0.19999834964396185, 0.8660245309884292, -0.8660267642987431, 0.19999886540115006]",5.369238133048499,3.602066214120963
"[0.19999835142418573, 0.8660245319299089, -0.8660267628311668, 0.19999886662503433]",5.365100968483079,3.605209378356671
"[0.19999835318718798, 0.866024532862281, -0.8660267613777877, 0.1999988678370789]",5.360974984212742,3.6083525425923786
"[0.19999835493316365, 0.8660245337856484, -0.8660267599384449, 0.19999886903741793]",5.356860175474024,3.611495706828086
"[0.19999835666233373, 0.8660245347001281, -0.8660267585129563, 0.19999887022620327]",5.352756529817765,3.6146388710637942
"[0.19999835837486968, 0.8660245356058107, -0.8660267571011804, 0.1999988714035528]",5.3486640389150475,3.6177820352995016
"[0.19999836007098537, 0.8660245365028094, -0.8660267557029411, 0.19999887256961363]",5.344582689263679,3.620925199535209
"[0.19999836175085978, 0.8660245373912189, -0.8660267543180906, 0.1999988737245087]",5.3405124756327425,3.6240683637709172
"[0.19999836341470686, 0.8660245382711521, -0.8660267529464528, 0.1999988748683852]",5.336453379539093,3.6272115280066246
"[0.19999836506269245, 0.8660245391426971, -0.8660267515878909, 0.19999887600135705]",5.332405394117696,3.630354692242332
"[0.19999836669502935, 0.866024540005966, -0.8660267502422293, 0.19999887712357062]",5.32836850053608,3.6334978564780402
"[0.19999836831189866, 0.8660245408610548, -0.866026748909319, 0.1999988782351504]",5.324342687569432,3.6366410207137476
"[0.19999836991348494, 0.8660245417080613, -0.8660267475890074, 0.1999988793362232]",5.320327942542085,3.639784184949455
"[0.1999983714999899, 0.8660245425470917, -0.8660267462811287, 0.19999888042692782]",5.316324243651207,3.6429273491851624
"[0.19999837307158227, 0.8660245433782355, -0.8660267449855437, 0.1999988815073802]",5.312331577845288,3.6460705134208706
"[0.1999983746284552, 0.8660245442015949, -0.8660267437020929, 0.19999888257771314]",5.308349929765987,3.649213677656578
"[0.19999837617079122, 0.8660245450172667, -0.866026742430626, 0.19999888363805202]",5.304379280565276,3.6523568418922854
"[0.19999837769877268, 0.8660245458253467, -0.8660267411709929, 0.19999888468852237]",5.300419610330144,3.6555000061279936
"[0.199998379212588, 0.8660245466259352, -0.8660267399230378, 0.19999888572925356]",5.296470900705358,3.658643170363701
"[0.19999838071239898, 0.866024547419117, -0.8660267386866276, 0.199998886760357]",5.292533136145555,3.6617863345994084
"[0.19999838219840585, 0.8660245482049987, -0.8660267374615972, 0.1999988877819702]",5.288606292392959,3.6649294988351167
"[0.19999838367077416, 0.8660245489836674, -0.8660267362478102, 0.19999888879420713]",5.284690350924722,3.668072663070824
"[0.1999983851296825, 0.8660245497552179, -0.8660267350451192, 0.19999888979719035]",5.2807852887212965,3.6712158273065314
"[0.19999838657531263, 0.866024550519746, -0.8660267338533747, 0.1999988907910451]",5.276891080732132,3.6743589915422397
"[0.19999838800783185, 0.8660245512773405, -0.8660267326724382, 0.19999889177588612]",5.273007709203243,3.677502155777947
"[0.1999983894274013, 0.8660245520280863, -0.8660267315021775, 0.1999988927518244]",5.269135158926881,3.6806453200136544
"[0.19999839083421841, 0.8660245527720882, -0.8660267303424292, 0.19999889371899543]",5.265273390155699,3.6837884842493627
"[0.19999839222843566, 0.8660245535094263, -0.8660267291930683, 0.19999889467750437]",5.261422388084348,3.68693164848507
"[0.19999839361023428, 0.8660245542401966, -0.8660267280539449, 0.1999988956274756]",5.257582124697939,3.6900748127207774
"[0.1999983949797681, 0.8660245549644812, -0.8660267269249322, 0.19999889656901482]",5.253752579541062,3.6932179769564852
"[0.19999839633722136, 0.8660245556823766, -0.8660267258058786, 0.19999889750224883]",5.24993372148037,3.696361141192193
"[0.1999983976827443, 0.8660245563939626, -0.8660267246966601, 0.1999988984272809]",5.2461255300072125,3.6995043054279004
"[0.19999839901650937, 0.8660245570993303, -0.8660267235971344, 0.19999889934422954]",5.242327975199187,3.7026474696636082
"[0.19999840033868757, 0.8660245577985702, -0.8660267225071607, 0.19999890025321237]",5.2385410267097825,3.7057906338993156
"[0.19999840164941698, 0.8660245584917556, -0.8660267214266252, 0.19999890115432423]",5.234764665257241,3.7089337981350234
"[0.199998402948886, 0.8660245591789857, -0.8660267203553724, 0.19999890204769474]",5.2309988581530575,3.7120769623707313
"[0.1999984042372374, 0.8660245598603364, -0.8660267192932847, 0.1999989029334219]",5.227243577677548,3.7152201266064386
"[0.1999984055146446, 0.8660245605358988, -0.8660267182402194, 0.19999890381162522]",5.223498791117567,3.718363290842146
"[0.19999840678125236, 0.8660245612057503, -0.8660267171960566, 0.1999989046824039]",5.219764475903155,3.721506455077854
"[0.19999840803722457, 0.8660245618699769, -0.8660267161606617, 0.19999890554587083]",5.216040596414635,3.7246496193135616
"[0.1999984092827098, 0.8660245625286576, -0.8660267151339119, 0.199998906402128]",5.212327131544137,3.727792783549269
"[0.1999984105178667, 0.866024563181876, -0.8660267141156767, 0.1999989072512846]",5.208624040517586,3.7309359477849764
"[0.19999841174285357, 0.8660245638297159, -0.8660267131058254, 0.19999890809344942]",5.204931297409954,3.7340791120206847
"[0.19999841295781834, 0.8660245644722555, -0.8660267121042359, 0.19999890892872413]",5.2012488689684355,3.737222276256392
"[0.19999841416290853, 0.866024565109573, -0.866026711110787, 0.19999890975721019]",5.197576727282687,3.7403654404920994
"[0.19999841535827897, 0.86602456574175, -0.8660267101253508, 0.1999989105790141]",5.1939148372816,3.7435086047278077
"[0.19999841654407097, 0.8660245663688615, -0.8660267091478108, 0.19999891139423284]",5.19026316985775,3.746651768963515
"[0.19999841772044333, 0.8660245669909915, -0.8660267081780363, 0.1999989122029757]",5.18662168726924,3.7497949331992224
"[0.19999841888752878, 0.86602456760821, -0.8660267072159176, 0.19999891300533393]",5.182990363128818,3.7529380974349307
"[0.19999842004549165, 0.8660245682206039, -0.8660267062613193, 0.19999891380142046]",5.179369157634628,3.756081261670638
"[0.19999842119446187, 0.8660245688282421, -0.8660267053141343, 0.19999891459132463]",5.175758039295755,3.7592244259063454
"[0.19999842233458412, 0.8660245694312009, -0.8660267043742435, 0.19999891537514597]",5.17215697800815,3.7623675901420537
"[0.1999984234660011, 0.866024570029556, -0.8660267034415289, 0.19999891615298243]",5.1685659371976955,3.765510754377761
"[0.1999984245888625, 0.8660245706233862, -0.8660267025158677, 0.19999891692493715]",5.164984879810276,3.7686539186134684
"[0.19999842570329437, 0.8660245712127587, -0.8660267015971553, 0.1999989176910966]",5.161413774033676,3.7717970828491767
"[0.1999984268094499, 0.866024571797754, -0.8660267006852658, 0.19999891845156614]",5.157852583648643,3.774940247084884
"[0.1999984279074565, 0.8660245723784399, -0.8660266997800942, 0.1999989192064334]",5.154301275990949,3.7780834113205914
"[0.19999842899745468, 0.8660245729548903, -0.8660266988815245, 0.19999891995579497]",5.150759809034945,3.7812265755562997
"[0.19999843007957774, 0.866024573527176, -0.8660266979894469, 0.19999892069974248]",5.147228153608622,3.784369739792007
"[0.1999984311539626, 0.8660245740953693, -0.8660266971037485, 0.19999892143837006]",5.1437062723990055,3.7875129040277145
"[0.19999843222074423, 0.8660245746595415, -0.8660266962243179, 0.1999989221717705]",5.14019412744753,3.7906560682634227
"[0.19999843328004896, 0.8660245752197596, -0.8660266953510513, 0.19999892290003066]",5.136691683704258,3.79379923249913
"[0.1999984343320171, 0.866024575776098, -0.8660266944838324, 0.19999892362324687]",5.133198903967561,3.7969423967348375
"[0.1999984353767791, 0.866024576328625, -0.8660266936225546, 0.19999892434150912]",5.129715747281071,3.800085560970545
"[0.19999843641445325, 0.8660245768774036, -0.8660266927671196, 0.19999892505489847]",5.126242184507513,3.803228725206253
"[0.19999843744518003, 0.8660245774225083, -0.8660266919174119, 0.19999892576351155]",5.122778171428623,3.8063718894419605
"[0.19999843846907905, 0.8660245779640019, -0.8660266910733329, 0.19999892646743064]",5.119323676177541,3.809515053677668
"[0.19999843948628307, 0.8660245785019548, -0.8660266902347731, 0.19999892716674705]",5.115878653770359,3.812658217913376
"[0.1999984404969088, 0.8660245790364288, -0.8660266894016362, 0.1999989278615409]",5.11244307263828,3.8158013821490835
"[0.19999844150109242, 0.8660245795674957, -0.8660266885738102, 0.19999892855190593]",5.109016893461756,3.818944546384791
"[0.1999984424989483, 0.8660245800952163, -0.8660266877512004, 0.19999892923792062]",5.10560007626451,3.8220877106204987
"[0.19999844349060006, 0.8660245806196559, -0.8660266869337053, 0.19999892991967008]",5.102192584689728,3.8252308748562065
"[0.19999844447617274, 0.8660245811408805, -0.8660266861212215, 0.1999989305972402]",5.098794376689472,3.828374039091914
"[0.19999844545578663, 0.8660245816589536, -0.8660266853136502, 0.19999893127071383]",5.0954054158368045,3.8315172033276217
"[0.1999984464295635, 0.8660245821739401, -0.8660266845108907, 0.19999893194017443]",5.092025663898698,3.834660367563329
"[0.19999844739760692, 0.8660245826858941, -0.8660266837128578, 0.19999893260569349]",5.088655084317446,3.837803531799037
"[0.19999844836005187, 0.8660245831948874, -0.8660266829194401, 0.19999893326736357]",5.08529363112312,3.8409466960347447
"[0.19999844931700592, 0.8660245837009767, -0.8660266821305491, 0.1999989339252588]",5.081941270883673,3.844089860270452
"[0.19999845026859095, 0.8660245842042268, -0.8660266813460838, 0.19999893457946277]",5.078597962146943,3.8472330245061594
"[0.1999984512149175, 0.8660245847046959, -0.8660266805659539, 0.19999893523005166]",5.075263665127523,3.8503761887418677
"[0.19999845215610462, 0.866024585202447, -0.8660266797900606, 0.19999893587710724]",5.071938338669171,3.853519352977575
"[0.19999845309224926, 0.8660245856975314, -0.8660266790183244, 0.19999893652069614]",5.06862194833685,3.8566625172132825
"[0.19999845402347868, 0.8660245861900163, -0.86602667825064, 0.19999893716090586]",5.065314450850546,3.8598056814489907
"[0.19999845494990368, 0.8660245866799603, -0.8660266774869163, 0.19999893779781264]",5.062015806213866,3.862948845684698
"[0.19999845587162887, 0.8660245871674187, -0.8660266767270672, 0.19999893843148842]",5.058725972606078,3.8660920099204055
"[0.19999845678876477, 0.8660245876524503, -0.8660266759710011, 0.19999893906200897]",5.05544491428526,3.8692351741561137
"[0.19999845770141794, 0.866024588135111, -0.8660266752186306, 0.19999893968944776]",5.052172588195059,3.872378338391821
"[0.19999845860970045, 0.8660245886154602, -0.8660266744698633, 0.1999989403138818]",5.048908954360192,3.8755215026275285
"[0.19999845951371295, 0.8660245890935513, -0.866026673724616, 0.1999989409353802]",5.045653974945516,3.878664666863236
"[0.199998460413568, 0.8660245895694437, -0.8660266729827959, 0.19999894155402043]",5.042407605125003,3.881807831098944
"[0.19999846130936472, 0.8660245900431899, -0.8660266722443215, 0.19999894216987057]",5.039169808953692,3.8849509953346515
"[0.19999846220120673, 0.8660245905148446, -0.8660266715091073, 0.1999989427830019]",5.035940544875804,3.888094159570359
"[0.19999846308920394, 0.8660245909844657, -0.8660266707770626, 0.19999894339349003]",5.032719767272801,3.891237323806067
"[0.1999984639734492, 0.8660245914521028, -0.8660266700481111, 0.19999894400139873]",5.029507444792699,3.8943804880417745
"[0.19999846485404887, 0.8660245919178119, -0.8660266693221648, 0.19999894460680107]",5.026303528599295,3.897523652277482
"[0.19999846573110017, 0.8660245923816444, -0.8660266685991437, 0.19999894520976397]",5.023107983038768,3.90066681651319
"[0.19999846660471185, 0.866024592843658, -0.8660266678789581, 0.19999894581036212]",5.019920761075464,3.9038099807488975
"[0.19999846747496677, 0.8660245933038961, -0.8660266671615398, 0.1999989464086526]",5.016741832943623,3.906953144984605
"[0.19999846834197033, 0.8660245937624149, -0.8660266664468018, 0.19999894700470774]",5.013571150863596,3.910096309220313
"[0.19999846920583006, 0.8660245942192708, -0.8660266657346557, 0.19999894759860165]",5.0104086699099195,3.9132394734560205
"[0.1999984700666224, 0.8660245946745047, -0.866026665025038, 0.1999989481903867]",5.007254358467401,3.916382637691728
"[0.19999847092446332, 0.8660245951281778, -0.8660266643178536, 0.19999894878014263]",5.0041081690804905,3.919525801927436
"[0.19999847177942437, 0.8660245955803277, -0.866026663613043, 0.19999894936791868]",5.000970068137005,3.9226689661631435
"[0.1999984726316195, 0.866024596031015, -0.8660266629105129, 0.19999894995379322]",4.997840004296734,3.925812130398851
"[0.19999847348113597, 0.8660245964802854, -0.8660266622101909, 0.19999895053782626]",4.994717941531279,3.928955294634559
"[0.19999847432805906, 0.8660245969281845, -0.8660266615120068, 0.19999895112007635]",4.991603842947235,3.9320984588702665
"[0.19999847517248515, 0.866024597374763, -0.8660266608158812, 0.19999895170060975]",4.988497662547712,3.935241623105974
"[0.19999847601450033, 0.8660245978200666, -0.866026660121743, 0.19999895227948564]",4.985399365878085,3.9383847873416817
"[0.19999847685420757, 0.8660245982641495, -0.8660266594295076, 0.19999895285677494]",4.982308901857848,3.9415279515773896
"[0.19999847769167808, 0.8660245987070495, -0.866026658739116, 0.19999895343252644]",4.979226238985733,3.944671115813097
"[0.1999984785270146, 0.8660245991488208, -0.8660266580504837, 0.19999895400681092]",4.97615133132109,3.9478142800488043
"[0.1999984793602936, 0.8660245995895041, -0.8660266573635474, 0.19999895457968084]",4.973084140397884,3.950957444284512
"[0.19999848019160496, 0.8660246000291468, -0.8660266566782333, 0.19999895515119798]",4.970024625943043,3.95410060852022
"[0.1999984810210381, 0.8660246004677962, -0.8660266559944676, 0.19999895572142393]",4.966972743850899,3.9572437727559273
"[0.19999848184867458, 0.8660246009054955, -0.8660266553121829, 0.19999895629041461]",4.963928456627753,3.960386936991635
"[0.19999848267460182, 0.8660246013422906, -0.8660266546313072, 0.19999895685823027]",4.96089172333231,3.9635301012273425
"[0.19999848349890045, 0.8660246017782248, -0.8660266539517745, 0.1999989574249263]",4.9578624996474385,3.9666732654630503
"[0.19999848432165654, 0.866024602213343, -0.866026653273513, 0.19999895799056178]",4.954840748459067,3.969816429698758
"[0.19999848514294324, 0.8660246026476842, -0.866026652596463, 0.1999989585551871]",4.9518264293805245,3.9729595939344655
"[0.19999848596285605, 0.8660246030812987, -0.8660266519205456, 0.1999989591188679]",4.948819499374709,3.9761027581701733
"[0.19999848678146415, 0.8660246035142232, -0.8660266512457038, 0.1999989596816517]",4.9458199208535225,3.979245922405881
"[0.19999848759885272, 0.8660246039465027, -0.8660266505718672, 0.19999896024359712]",4.942827650247051,3.9823890866415885
"[0.19999848841510123, 0.8660246043781794, -0.8660266498989707, 0.19999896080475876]",4.939842649984829,3.985532250877296
"[0.19999848923028615, 0.8660246048092936, -0.8660266492269509, 0.1999989613651892]",4.936864876239264,3.988675415113004
"[0.19999849004448444, 0.8660246052398859, -0.8660266485557444, 0.19999896192494132]",4.933894293915749,3.9918185793487115
"[0.1999984908577734, 0.8660246056699974, -0.8660266478852875, 0.19999896248406826]",4.930930856701534,3.994961743584419
"[0.19999849167023467, 0.8660246060996711, -0.866026647215513, 0.19999896304262618]",4.927974527441289,3.998104907820127
"[0.19999849248193508, 0.8660246065289425, -0.8660266465463655, 0.19999896360066097]",4.925025266652042,4.0012480720558345
"[0.19999849329295585, 0.8660246069578544, -0.8660266458777787, 0.19999896415822863]",4.922083033328202,4.004391236291542
"[0.19999849410337237, 0.8660246073864469, -0.8660266452096897, 0.19999896471538076]",4.919147785877459,4.00753440052725
"[0.1999984949132551, 0.8660246078147569, -0.866026644542041, 0.19999896527216604]",4.916219483201684,4.010677564762958
"[0.1999984957226737, 0.8660246082428215, -0.8660266438747748, 0.19999896582863214]",4.913298091912369,4.013820728998665
"[0.19999849653171217, 0.8660246086706852, -0.8660266432078219, 0.19999896638483688]",4.91038356346087,4.016963893234373
"[0.19999849734042766, 0.8660246090983778, -0.8660266425411353, 0.19999896694081967]",4.907475867172792,4.020107057470081
"[0.19999849814890291, 0.8660246095259435, -0.866026641874647, 0.1999989674966373]",4.904574953945006,4.023250221705788
"[0.19999849895719995, 0.8660246099534149, -0.8660266412083052, 0.19999896805233233]",4.90168079094509,4.026393385941495
"[0.19999849976539516, 0.8660246103808324, -0.8660266405420477, 0.19999896860795743]",4.898793333873155,4.029536550177204
"[0.19999850057354956, 0.8660246108082286, -0.8660266398758236, 0.1999989691635544]",4.895912547437421,4.032679714412911
"[0.19999850138174066, 0.866024611235644, -0.8660266392095693, 0.1999989697191766]",4.8930383895986544,4.035822878648618
"[0.19999850219003282, 0.8660246116631128, -0.8660266385432317, 0.1999989702748683]",4.890170817713036,4.038966042884327
"[0.19999850299848815, 0.866024612090668, -0.8660266378767597, 0.19999897083067222]",4.887309800364498,4.042109207120034
"[0.1999985038071793, 0.8660246125183478, -0.8660266372100931, 0.1999989713866382]",4.884455291798203,4.045252371355741
"[0.1999985046161694, 0.8660246129461859, -0.8660266365431801, 0.19999897194280966]",4.8816072546395475,4.04839553559145
"[0.19999850542552555, 0.8660246133742173, -0.8660266358759655, 0.19999897249923293]",4.878765652500491,4.051538699827157
"[0.19999850623531068, 0.8660246138024759, -0.8660266352083971, 0.19999897305595096]",4.8759304405657025,4.054681864062864
"[0.19999850704559224, 0.8660246142309969, -0.8660266345404194, 0.19999897361301033]",4.8731015846131065,4.057825028298573
"[0.19999850785642379, 0.8660246146598087, -0.8660266338719884, 0.19999897417044782]",4.870279043874808,4.06096819253428
"[0.1999985086678838, 0.8660246150889528, -0.8660266332030394, 0.1999989747283174]",4.8674627793442085,4.064111356769987
"[0.19999850948002054, 0.8660246155184549, -0.8660266325335324, 0.1999989752866522]",4.864652751852056,4.067254521005696
"[0.19999851029290194, 0.8660246159483508, -0.8660266318634114, 0.19999897584549892]",4.86184892619981,4.070397685241403
"[0.19999851110658629, 0.8660246163786712, -0.8660266311926289, 0.19999897640489775]",4.859051260573745,4.07354084947711
"[0.1999985119211373, 0.8660246168094502, -0.8660266305211316, 0.19999897696489227]",4.856259716749547,4.076684013712819
"[0.19999851273661493, 0.8660246172407192, -0.8660266298488705, 0.19999897752552387]",4.8534742557026975,4.079827177948526
"[0.1999985135530825, 0.8660246176725117, -0.8660266291757932, 0.19999897808683603]",4.850694839953001,4.082970342184233
"[0.199998514370586, 0.866024618104852, -0.8660266285018621, 0.1999989786488604]",4.847921434801058,4.086113506419942
"[0.19999851518918893, 0.8660246185377737, -0.8660266278270244, 0.19999897921164064]",4.845153996639794,4.089256670655649
"[0.19999851600895527, 0.8660246189713108, -0.8660266271512279, 0.1999989797752207]",4.842392489429832,4.092399834891356
"[0.19999851682993997, 0.866024619405492, -0.8660266264744269, 0.19999898033963834]",4.839636874788217,4.095542999127065
"[0.19999851765219306, 0.8660246198403442, -0.8660266257965803, 0.19999898090492801]",4.836887115458401,4.098686163362772
"[0.19999851847577269, 0.8660246202758979, -0.86602662511764, 0.19999898147112963]",4.834143177298937,4.101829327598479
"[0.19999851930074045, 0.8660246207121858, -0.8660266244375554, 0.19999898203828556]",4.831405016591911,4.104972491834187
"[0.19999852012714506, 0.8660246211492334, -0.8660266237562865, 0.1999989826064294]",4.828672597280189,4.108115656069895
"[0.19999852095505016, 0.8660246215870747, -0.8660266230737805, 0.19999898317560474]",4.825945880542061,4.111258820305602
"[0.19999852178449556, 0.8660246220257305, -0.8660266223900045, 0.19999898374583897]",4.823224837198811,4.11440198454131
"[0.19999852261553827, 0.866024622465231, -0.866026621704912, 0.1999989843171714]",4.820509420106776,4.117545148777018
"[0.19999852344824168, 0.86602462290561, -0.8660266210184504, 0.19999898488964551]",4.817799595625593,4.120688313012725
"[0.19999852428264567, 0.8660246233468879, -0.8660266203305869, 0.19999898546328884]",4.815095327920694,4.123831477248433
"[0.19999852511880445, 0.8660246237890944, -0.8660266196412766, 0.1999989860381384]",4.8123965817126795,4.126974641484141
"[0.19999852595677173, 0.866024624232257, -0.8660266189504755, 0.19999898661423138]",4.809703313786699,4.130117805719848
"[0.19999852679660005, 0.8660246246764037, -0.8660266182581403, 0.19999898719160383]",4.807015491581536,4.133260969955556
"[0.19999852763833725, 0.8660246251215601, -0.8660266175642314, 0.19999898777028857]",4.8043330780828555,4.136404134191263
"[0.1999985284820289, 0.8660246255677503, -0.8660266168687114, 0.19999898835031696]",4.8016560372897175,4.1395472984269714
"[0.19999852932773052, 0.8660246260150033, -0.8660266161715342, 0.19999898893172716]",4.798984332364354,4.142690462662679
"[0.19999853017548883, 0.8660246264633438, -0.8660266154726617, 0.1999989895145514]",4.796317923074151,4.145833626898386
"[0.19999853102534682, 0.866024626912795, -0.8660266147720581, 0.19999899009881902]",4.7936567800576935,4.148976791134094
"[0.19999853187736163, 0.8660246273633867, -0.8660266140696767, 0.19999899068456956]",4.791000861016471,4.152119955369802
"[0.19999853273157367, 0.8660246278151404, -0.8660266133654838, 0.19999899127183057]",4.788350131383914,4.155263119605509
"[0.19999853358803088, 0.8660246282680816, -0.8660266126594401, 0.19999899186063516]",4.785704557227587,4.158406283841217
"[0.19999853444677645, 0.8660246287222331, -0.86602661195151, 0.19999899245101294]",4.783064102427149,4.161549448076924
"[0.19999853530786202, 0.8660246291776218, -0.8660266112416506, 0.19999899304299942]",4.780428728733562,4.164692612312632
"[0.19999853617132873, 0.8660246296342698, -0.8660266105298284, 0.19999899363662296]",4.777798401591526,4.16783577654834
"[0.1999985370372229, 0.8660246300922019, -0.8660266098160051, 0.1999989942319153]",4.775173084319996,4.170978940784047
"[0.19999853790558836, 0.8660246305514407, -0.8660266091001446, 0.19999899482890668]",4.772552745590174,4.174122105019755
"[0.19999853877646864, 0.8660246310120095, -0.8660266083822109, 0.19999899542762695]",4.769937344514971,4.177265269255463
"[0.19999853964990655, 0.866024631473931, -0.8660266076621685, 0.1999989960281055]",4.767326848799807,4.18040843349117
"[0.19999854052594554, 0.866024631937228, -0.8660266069399821, 0.19999899663037235]",4.76472122361509,4.183551597726877
"[0.19999854140462794, 0.866024632401923, -0.8660266062156164, 0.19999899723445647]",4.76212043278679,4.186694761962586
"[0.19999854228599545, 0.866024632868038, -0.8660266054890373, 0.19999899784038658]",4.759524440090191,4.189837926198293
"[0.19999854317009153, 0.866024633335596, -0.8660266047602088, 0.19999899844819255]",4.756933211274236,4.192981090434
"[0.19999854405695544, 0.8660246338046177, -0.8660266040290985, 0.19999899905790142]",4.7543467120399905,4.196124254669709
"[0.19999854494662486, 0.8660246342751233, -0.8660266032956754, 0.19999899966953893]",4.751764908968714,4.199267418905416
"[0.1999985458391462, 0.8660246347471371, -0.8660266025599013, 0.1999990002831372]",4.749187766018714,4.202410583141123
"[0.19999854673455475, 0.8660246352206777, -0.866026601821747, 0.19999900089872033]",4.746615247660421,4.205553747376832
"[0.1999985476328891, 0.8660246356957658, -0.8660266010811807, 0.19999900151631492]",4.744047322852432,4.208696911612539
"[0.19999854853419557, 0.8660246361724255, -0.8660266003381641, 0.1999990021359528]",4.7414839510900135,4.211840075848246
"[0.1999985494384997, 0.8660246366506706, -0.8660265995926766, 0.1999990027576516]",4.738925106007202,4.214983240083955
"[0.19999855034584743, 0.8660246371305256, -0.8660265988446798, 0.19999900338144272]",4.736370747812294,4.218126404319662
"[0.19999855125627417, 0.8660246376120087, -0.866026598094145, 0.19999900400735074]",4.733820845348743,4.221269568555369
"[0.19999855216982398, 0.8660246380951434, -0.8660265973410356, 0.19999900463540582]",4.731275360104889,4.224412732791078
"[0.19999855308652498, 0.8660246385799446, -0.8660265965853281, 0.19999900526562725]",4.72873426585915,4.227555897026785
"[0.19999855400641695, 0.8660246390664335, -0.8660265958269904, 0.19999900589804248]",4.7261975201958215,4.230699061262492
"[0.19999855492953325, 0.8660246395546275, -0.8660265950659944, 0.19999900653267438]",4.723665096860871,4.233842225498201
"[0.1999985558559111, 0.8660246400445464, -0.8660265943023097, 0.19999900716954852]",4.721136958299935,4.236985389733908
"[0.19999855678558334, 0.8660246405362076, -0.8660265935359093, 0.19999900780868757]",4.718613074103035,4.240128553969615
"[0.19999855771859107, 0.8660246410296328, -0.8660265927667591, 0.1999990084501197]",4.716093407275769,4.243271718205324
"[0.19999855865496197, 0.8660246415248366, -0.8660265919948364, 0.199999009093864]",4.713577925698415,4.246414882441031
"[0.19999855959473148, 0.8660246420218377, -0.8660265912201119, 0.19999900973994478]",4.711066598617712,4.249558046676738
"[0.19999856053793652, 0.8660246425206558, -0.8660265904425553, 0.1999990103883874]",4.708559389160807,4.252701210912446
"[0.199998561484602, 0.8660246430213039, -0.8660265896621461, 0.1999990110392091]",4.706056267089317,4.255844375148154
"[0.19999856243477082, 0.8660246435238047, -0.8660265888788485, 0.19999901169243928]",4.70355719859309,4.258987539383861
"[0.19999856338846725, 0.8660246440281713, -0.8660265880926431, 0.19999901234809464]",4.701062150737023,4.262130703619569
"[0.19999856434572255, 0.8660246445344197, -0.8660265873035038, 0.1999990130061967]",4.698571092408585,4.265273867855277
"[0.19999856530657836, 0.8660246450425725, -0.8660265865113963, 0.19999901366677408]",4.696083987914352,4.268417032090984
"[0.1999985662710539, 0.8660246455526395, -0.8660265857163049, 0.19999901432983996]",4.693600808065532,4.271560196326692
"[0.19999856723918663, 0.8660246460646407, -0.8660265849181984, 0.1999990149954201]",4.691121518284532,4.2747033605624
"[0.1999985682110054, 0.8660246465785911, -0.8660265841170534, 0.1999990156635344]",4.688646087001836,4.2778465247981075
"[0.19999856918653863, 0.866024647094506, -0.8660265833128461, 0.1999990163342023]",4.68617448215161,4.280989689033815
"[0.199998570165817, 0.8660246476124018, -0.8660265825055513, 0.19999901700744488]",4.683706672193373,4.284132853269523
"[0.19999857114887562, 0.8660246481322963, -0.8660265816951405, 0.19999901768328648]",4.681242620336411,4.2872760175052305
"[0.199998572135735, 0.8660246486542011, -0.8660265808815962, 0.19999901836174097]",4.678782302069235,4.290419181740938
"[0.19999857312642128, 0.8660246491781298, -0.8660265800648973, 0.19999901904282644]",4.676325681917233,4.293562345976646
"[0.19999857412096808, 0.8660246497041001, -0.8660265792450156, 0.19999901972656595]",4.673872729402852,4.2967055102123535
"[0.19999857511940686, 0.8660246502321288, -0.8660265784219257, 0.19999902041298112]",4.671423408181416,4.299848674448061
"[0.19999857612175304, 0.866024650762224, -0.8660265775956143, 0.19999902110208256]",4.66897769520799,4.302991838683769
"[0.19999857712804966, 0.8660246512944081, -0.8660265767660466, 0.1999990217939]",4.666535549502878,4.3061350029194765
"[0.1999985781383095, 0.8660246518286884, -0.8660265759332116, 0.19999902248844206]",4.664096946395762,4.309278167155184
"[0.1999985791525636, 0.866024652365081, -0.8660265750970838, 0.1999990231857301]",4.6616618519535535,4.312421331390892
"[0.19999858017084185, 0.8660246529036018, -0.8660265742576386, 0.1999990238857847]",4.659230234503815,4.3155644956265995
"[0.19999858119316236, 0.8660246534442603, -0.866026573414861, 0.1999990245886183]",4.6568020666977645,4.318707659862307
"[0.1999985822195592, 0.8660246539870747, -0.8660265725687231, 0.19999902529425434]",4.65437731227739,4.321850824098015
"[0.19999858325004694, 0.8660246545320525, -0.8660265717192126, 0.1999990260027028]",4.651955942647632,4.3249939883337225
"[0.19999858428465925, 0.8660246550792118, -0.8660265708663019, 0.1999990267139868]",4.649537926915109,4.32813715256943
"[0.19999858532341416, 0.8660246556285617, -0.8660265700099762, 0.1999990274281189]",4.647123236284502,4.331280316805137
"[0.19999858636634285, 0.8660246561801189, -0.8660265691502098, 0.19999902814512038]",4.6447118338182225,4.3344234810408455
"[0.1999985874134569, 0.8660246567338896, -0.866026568286993, 0.19999902886499926]",4.642303697962629,4.337566645276553
"[0.19999858846479243, 0.8660246572898928, -0.866026567420296, 0.19999902958778035]",4.639898791093677,4.34070980951226
"[0.1999985895203609, 0.8660246578481349, -0.8660265665501096, 0.19999903031347144]",4.637497085100286,4.3438529737479685
"[0.19999859058019648, 0.8660246584086332, -0.8660265656764056, 0.1999990310420963]",4.635098547212452,4.346996137983676
"[0.19999859164431524, 0.8660246589713968, -0.8660265647991706, 0.19999903177366574]",4.632703151871027,4.350139302219383
"[0.19999859271273548, 0.8660246595364355, -0.8660265639183895, 0.19999903250819234]",4.630310866893947,4.3532824664550915
"[0.19999859378548193, 0.8660246601037621, -0.8660265630340418, 0.1999990332456931]",4.627921661866976,4.356425630690799
"[0.19999859486258034, 0.8660246606733901, -0.8660265621461067, 0.19999903398618588]",4.625535504411104,4.359568794926506
"[0.19999859594404318, 0.8660246612453262, -0.8660265612545737, 0.19999903472967917]",4.623152369729566,4.3627119591622145
"[0.19999859702989684, 0.8660246618195847, -0.8660265603594208, 0.199999035476191]",4.620772222199003,4.365855123397922
"[0.19999859812015958, 0.8660246623961746, -0.8660265594606332, 0.1999990362257341]",4.618395035324106,4.368998287633629
"[0.19999859921485522, 0.8660246629751092, -0.8660265585581913, 0.1999990369783247]",4.616020778462708,4.372141451869338
"[0.19999860031399694, 0.8660246635563948, -0.8660265576520841, 0.19999903773397196]",4.613649422927945,4.375284616105045
"[0.19999860141760784, 0.8660246641400441, -0.8660265567422927, 0.19999903849269174]",4.611280939207506,4.378427780340752
"[0.19999860252570542, 0.8660246647260663, -0.8660265558288025, 0.19999903925449602]",4.608915296372932,4.38157094457646
"[0.1999986036383128, 0.8660246653144733, -0.8660265549115945, 0.19999904001940078]",4.606552464623946,4.384714108812168
"[0.19999860475543932, 0.8660246659052705, -0.8660265539906611, 0.19999904078741235]",4.604192417922093,4.387857273047875
"[0.1999986058771153, 0.8660246664984734, -0.8660265530659773, 0.1999990415585517]",4.601835119866072,4.391000437283583
"[0.19999860700334612, 0.8660246670940855, -0.8660265521375384, 0.19999904233282234]",4.599480551659692,4.39414360151929
"[0.19999860813415837, 0.8660246676921202, -0.8660265512053228, 0.19999904311024275]",4.5971286757788645,4.397286765754998
"[0.19999860926956314, 0.8660246682925838, -0.8660265502693212, 0.19999904389082038]",4.594779465879918,4.400429929990706
"[0.1999986104095818, 0.8660246688954876, -0.8660265493295161, 0.19999904467457005]",4.592432895582841,4.403573094226413
"[0.19999861155422768, 0.8660246695008383, -0.8660265483858963, 0.19999904546150088]",4.5900889321389995,4.406716258462121
"[0.19999861270351824, 0.8660246701086455, -0.8660265474384476, 0.19999904625162485]",4.58774754683888,4.409859422697829
"[0.19999861385747222, 0.8660246707189188, -0.8660265464871545, 0.19999904704495491]",4.585408712987673,4.413002586933536
"[0.19999861501610078, 0.8660246713316645, -0.8660265455320078, 0.1999990478414986]",4.583072401199922,4.4161457511692435
"[0.1999986161794193, 0.8660246719468903, -0.8660265445729948, 0.1999990486412667]",4.5807385839132175,4.419288915404952
"[0.19999861734744706, 0.8660246725646068, -0.8660265436100995, 0.19999904944427221]",4.5784072285895325,4.422432079640659
"[0.19999861852019682, 0.8660246731848201, -0.8660265426433116, 0.1999990502505242]",4.5760783110917895,4.4255752438763665
"[0.19999861969768615, 0.8660246738075403, -0.8660265416726166, 0.1999990510600345]",4.573751798904291,4.428718408112074
"[0.19999862087992007, 0.8660246744327699, -0.86602654069801, 0.19999905187280656]",4.571427669328977,4.431861572347782
"[0.1999986220669201, 0.8660246750605197, -0.8660265397194745, 0.19999905268885537]",4.569105892406205,4.4350047365834895
"[0.19999862325870282, 0.866024675690799, -0.8660265387369963, 0.19999905350819222]",4.566786432147198,4.438147900819197
"[0.19999862445527541, 0.8660246763236115, -0.8660265377505694, 0.199999054330822]",4.564469270236536,4.441291065054905
"[0.19999862565665266, 0.8660246769589648, -0.8660265367601817, 0.19999905515675498]",4.562154374048613,4.4444342292906125
"[0.1999986268628516, 0.8660246775968681, -0.866026535765819, 0.1999990559860028]",4.559841714432974,4.44757739352632
"[0.19999862807387295, 0.8660246782373218, -0.8660265347674809, 0.19999905681856595]",4.5575312699552635,4.450720557762028
"[0.19999862928974269, 0.8660246788803396, -0.8660265337651458, 0.19999905765446227]",4.555223004533467,4.4538637219977355
"[0.19999863051046315, 0.8660246795259229, -0.8660265327588119, 0.1999990584936934]",4.552916897352908,4.457006886233443
"[0.19999863173605611, 0.8660246801740827, -0.8660265317484612, 0.19999905933627435]",4.550612912571378,4.460150050469151
"[0.19999863296652323, 0.8660246808248203, -0.8660265307340926, 0.19999906018220628]",4.548311027569133,4.4632932147048585
"[0.19999863420188307, 0.8660246814781455, -0.8660265297156903, 0.19999906103150183]",4.546011213423159,4.466436378940566
"[0.19999863544213725, 0.8660246821340591, -0.8660265286932535, 0.19999906188416222]",4.543713445437623,4.469579543176274
"[0.19999863668730597, 0.8660246827925718, -0.866026527666765, 0.19999906274020124]",4.5414176927300005,4.4727227074119815
"[0.1999986379373989, 0.8660246834536887, -0.8660265266362173, 0.19999906359962563]",4.539123927040186,4.475865871647689
"[0.19999863919242247, 0.866024684117413, -0.8660265256016045, 0.19999906446243979]",4.536832123975108,4.479009035883397
"[0.19999864045238322, 0.8660246847837486, -0.866026524562922, 0.19999906532864814]",4.534542254775615,4.4821522001191045
"[0.19999864171729884, 0.8660246854527043, -0.8660265235201547, 0.199999066198263]",4.532254291983014,4.485295364354812
"[0.1999986429871736, 0.8660246861242831, -0.8660265224732993, 0.1999990670712871]",4.529968207562025,4.488438528590519
"[0.19999864426201777, 0.8660246867984894, -0.866026521422347, 0.1999990679477277]",4.52768397666249,4.4915816928262275
"[0.1999986455418423, 0.8660246874753301, -0.8660265203672892, 0.19999906882759216]",4.525401567027212,4.494724857061935
"[0.1999986468266527, 0.8660246881548074, -0.8660265193081211, 0.19999906971088438]",4.523120957694374,4.497868021297642
"[0.19999864811646378, 0.8660246888369292, -0.8660265182448306, 0.19999907059761454]",4.520842115305666,4.501011185533351
"[0.19999864941126988, 0.8660246895216929, -0.8660265171774223, 0.19999907148777865]",4.518565021658599,4.504154349769058
"[0.19999865071109021, 0.8660246902091083, -0.8660265161058803, 0.19999907238138998]",4.516289642131112,4.507297514004765
"[0.1999986520159346, 0.8660246908991804, -0.8660265150301968, 0.1999990732784554]",4.514015949481049,4.510440678240474
"[0.19999865332580352, 0.8660246915919102, -0.866026513950371, 0.199999074178975]",4.511743920772704,4.513583842476181
"[0.19999865464070324, 0.8660246922873003, -0.866026512866398, 0.19999907508295325]",4.509473527881738,4.516727006711888
"[0.199998655960646, 0.8660246929853576, -0.8660265117782676, 0.1999990759903985]",4.507204744106055,4.519870170947597
"[0.1999986572856356, 0.8660246936860837, -0.8660265106859768, 0.19999907690131347]",4.5049375423591425,4.523013335183304
"[0.1999986586156835, 0.8660246943894849, -0.866026509589516, 0.19999907781570594]",4.502671893337578,4.526156499419011
"[0.19999865995078236, 0.8660246950955576, -0.8660265084888912, 0.1999990787335708]",4.500407777059965,4.52929966365472
"[0.19999866129095162, 0.8660246958043115, -0.8660265073840866, 0.19999907965492159]",4.498145161259108,4.532442827890427
"[0.19999866263619562, 0.8660246965157494, -0.8660265062750985, 0.19999908057976115]",4.4958840180471435,4.535585992126134
"[0.19999866398651078, 0.8660246972298691, -0.8660265051619297, 0.19999908150808707]",4.493624326589688,4.538729156361843
"[0.19999866534191255, 0.8660246979466789, -0.8660265040445678, 0.19999908243991]",4.491366055545719,4.54187232059755
"[0.19999866670239724, 0.8660246986661768, -0.8660265029230155, 0.19999908337522734]",4.48910918359901,4.545015484833257
"[0.19999866806797947, 0.8660246993883706, -0.8660265017972613, 0.19999908431404925]",4.486853675447637,4.548158649068966
"[0.19999866943865166, 0.8660247001132562, -0.8660265006673107, 0.19999908525637036]",4.484599515977445,4.551301813304673
"[0.19999867081442507, 0.8660247008408396, -0.8660264995331548, 0.19999908620219853]",4.482346670347394,4.55444497754038
"[0.19999867219530523, 0.8660247015711237, -0.866026498394789, 0.1999990871515375]",4.480095116024056,4.557588141776089
"[0.19999867358129414, 0.8660247023041097, -0.8660264972522117, 0.19999908810438868]",4.477844826090678,4.560731306011796
"[0.19999867497239524, 0.8660247030397991, -0.8660264961054202, 0.19999908906075448]",4.475595771558858,4.563874470247503
"[0.19999867636861057, 0.8660247037781935, -0.8660264949544124, 0.19999909002063615]",4.473347928570516,4.567017634483211
"[0.1999986777699452, 0.8660247045192948, -0.8660264937991846, 0.19999909098403743]",4.471101274428678,4.570160798718919
"[0.19999867917640132, 0.8660247052631049, -0.8660264926397345, 0.19999909195095952]",4.468855775833204,4.573303962954626
"[0.19999868058797804, 0.8660247060096229, -0.8660264914760634, 0.19999909292140206]",4.466611413156583,4.576447127190334
"[0.19999868200468068, 0.866024706758852, -0.8660264903081665, 0.19999909389536855]",4.464368156345293,4.579590291426042
"[0.19999868342651525, 0.866024707510795, -0.8660264891360387, 0.19999909487286316]",4.462125981659539,4.582733455661749
"[0.19999868485348038, 0.8660247082654512, -0.8660264879596817, 0.19999909585388503]",4.459884858852437,4.585876619897457
"[0.19999868628557382, 0.8660247090228196, -0.866026486779097, 0.19999909683843253]",4.457644769797575,4.589019784133165
"[0.19999868772280424, 0.866024709782905, -0.8660264855942774, 0.19999909782651157]",4.455405681728857,4.592162948368872
"[0.1999986891651695, 0.8660247105457055, -0.8660264844052248, 0.19999909881812084]",4.453167570568252,4.59530611260458
"[0.19999869061266862, 0.8660247113112214, -0.86602648321194, 0.19999909981325953]",4.450930412040959,4.598449276840288
"[0.1999986920653063, 0.8660247120794548, -0.8660264820144189, 0.19999910081193087]",4.44869417938318,4.601592441075995
"[0.19999869352308192, 0.8660247128504053, -0.8660264808126624, 0.19999910181413455]",4.446458842490695,4.604735605311703
"[0.19999869498599732, 0.8660247136240741, -0.8660264796066689, 0.19999910281987177]",4.444224380522385,4.607878769547411
"[0.19999869645404886, 0.8660247144004589, -0.8660264783964411, 0.19999910382914002]",4.441990768899707,4.611021933783118
"[0.1999986979272346, 0.8660247151795593, -0.8660264771819809, 0.19999910484193795]",4.439757980045285,4.614165098018826
"[0.19999869940556758, 0.8660247159613816, -0.8660264759632773, 0.19999910585827452]",4.4375259825969335,4.617308262254534
"[0.19999870088903177, 0.8660247167459176, -0.8660264747403437, 0.19999910687813874]",4.435294759998976,4.620451426490241
"[0.19999870237763132, 0.8660247175331697, -0.8660264735131765, 0.1999991079015334]",4.43306428430349,4.623594590725949
"[0.19999870387137297, 0.8660247183231409, -0.8660264722817705, 0.19999910892846332]",4.430834524870807,4.626737754961656
"[0.19999870537025022, 0.8660247191158281, -0.8660264710461308, 0.19999910995892384]",4.428605457950042,4.629880919197364
"[0.1999987068742536, 0.8660247199112264, -0.8660264698062652, 0.19999911099290849]",4.426377064031838,4.633024083433072
"[0.19999870838339517, 0.8660247207093419, -0.8660264685621638, 0.19999911203042564]",4.42414930874632,4.636167247668779
"[0.19999870989766588, 0.8660247215101703, -0.8660264673138339, 0.19999911307146886]",4.421922172230449,4.6393104119044875
"[0.1999987114170664, 0.8660247223137111, -0.8660264660612754, 0.19999911411603896]",4.419695626361871,4.642453576140195
"[0.19999871294159322, 0.8660247231199634, -0.8660264648044907, 0.19999911516413318]",4.4174696472572546,4.645596740375902
"[0.19999871447124715, 0.8660247239289269, -0.8660264635434793, 0.19999911621575228]",4.4152442043250755,4.64873990461161
"[0.1999987160060157, 0.8660247247405956, -0.8660264622782518, 0.19999911727088762]",4.413019280840312,4.651883068847318
"[0.19999871754591161, 0.8660247255549757, -0.8660264610087972, 0.19999911832954795]",4.41079484270475,4.655026233083025
"[0.19999871909092046, 0.8660247263720597, -0.8660264597351275, 0.1999991193917233]",4.408570873448401,4.658169397318733
"[0.19999872064104154, 0.8660247271918475, -0.8660264584572437, 0.19999912045741333]",4.406347339725376,4.66131256155444
"[0.19999872219627676, 0.8660247280143397, -0.8660264571751437, 0.19999912152661928]",4.404124217302185,4.664455725790148
"[0.19999872375661482, 0.8660247288395309, -0.8660264558888372, 0.1999991225993333]",4.401901483604572,4.667598890025856
"[0.19999872532205604, 0.8660247296674207, -0.8660264545983237, 0.1999991236755557]",4.399679111509254,4.670742054261563
"[0.19999872689259485, 0.8660247304980065, -0.8660264533036078, 0.1999991247552826]",4.397457076250643,4.67388521849727
"[0.19999872846823183, 0.8660247313312883, -0.8660264520046892, 0.19999912583851448]",4.395235351135451,4.677028382732979
"[0.19999873004895974, 0.8660247321672625, -0.8660264507015736, 0.19999912692524627]",4.393013913441707,4.680171546968686
"[0.19999873163476842, 0.8660247330059238, -0.8660264493942698, 0.19999912801547107]",4.3907927341832025,4.683314711204393
"[0.19999873322566128, 0.8660247338472737, -0.8660264480827746, 0.19999912910919118]",4.388571789941641,4.686457875440102
"[0.19999873482163172, 0.8660247346913091, -0.8660264467670935, 0.199999130206402]",4.3863510548569336,4.689601039675809
"[0.19999873642267327, 0.8660247355380264, -0.866026445447232, 0.19999913130709915]",4.384130504375105,4.692744203911516
"[0.19999873802877782, 0.8660247363874212, -0.8660264441231965, 0.19999913241127706]",4.381910113518562,4.695887368147225
"[0.19999873963994597, 0.8660247372394939, -0.8660264427949869, 0.19999913351893614]",4.379689853909836,4.699030532382932
"[0.19999874125616893, 0.8660247380942399, -0.8660264414626101, 0.19999913463007032]",4.377469702018164,4.702173696618639
"[0.1999987428774431, 0.8660247389516571, -0.8660264401260693, 0.1999991357446772]",4.375249631844541,4.705316860854348
"[0.19999874450375546, 0.8660247398117387, -0.866026438785375, 0.19999913686274773]",4.373029623356133,4.708460025090055
"[0.1999987461351079, 0.8660247406744859, -0.8660264374405259, 0.19999913798428326]",4.37080964208872,4.711603189325762
"[0.19999874777148857, 0.8660247415398924, -0.8660264360915315, 0.19999913910927558]",4.368589668843612,4.71474635356147
"[0.19999874941289242, 0.8660247424079552, -0.8660264347383962, 0.19999914023772133]",4.366369677516095,4.717889517797178
"[0.19999875105931933, 0.8660247432786745, -0.8660264333811201, 0.19999914136962038]",4.364149638460405,4.721032682032885
"[0.19999875271074966, 0.86602474415204, -0.8660264320197194, 0.19999914250495923]",4.361929532407262,4.724175846268593
"[0.19999875436718523, 0.8660247450280524, -0.8660264306541922, 0.19999914364373905]",4.359709330239283,4.727319010504301
"[0.19999875602861672, 0.866024745906707, -0.8660264292845465, 0.19999914478595351]",4.357489007408911,4.730462174740008
"[0.19999875769503442, 0.8660247467879987, -0.8660264279107904, 0.19999914593159593]",4.355268540974478,4.733605338975716
"[0.1999987593664338, 0.8660247476719249, -0.8660264265329276, 0.1999991470806632]",4.353047898764792,4.736748503211424
"[0.19999876104280415, 0.86602474855848, -0.8660264251509667, 0.1999991482331479]",4.35082706465814,4.739891667447131
"[0.19999876272414063, 0.8660247494476613, -0.8660264237649119, 0.19999914938904684]",4.348606006596674,4.743034831682839
"[0.199998764410433, 0.8660247503394636, -0.8660264223747718, 0.1999991505483529]",4.346384700951402,4.746177995918547
"[0.19999876610167264, 0.8660247512338822, -0.866026420980553, 0.1999991517110601]",4.344163121823251,4.749321160154254
"[0.19999876779784911, 0.866024752130912, -0.8660264195822645, 0.19999915287716125]",4.341941246127434,4.752464324389962
"[0.19999876949895978, 0.8660247530305508, -0.8660264181799083, 0.1999991540466547]",4.339719043236144,4.75560748862567
"[0.19999877120498874, 0.866024753932791, -0.8660264167734977, 0.19999915521952935]",4.337496493760456,4.758750652861377
"[0.19999877291592957, 0.8660247548376288, -0.8660264153630378, 0.19999915639578086]",4.335273570306986,4.761893817097085
"[0.19999877463177027, 0.8660247557450577, -0.8660264139485385, 0.199999157575401]",4.333050247368248,4.765036981332793
"[0.19999877635250687, 0.8660247566550761, -0.8660264125300031, 0.1999991587583869]",4.330826497386934,4.7681801455685004
"[0.1999987780781272, 0.8660247575676769, -0.8660264111074419, 0.19999915994473041]",4.3286022983076675,4.771323309804208
"[0.19999877980861885, 0.8660247584828543, -0.8660264096808648, 0.19999916113442284]",4.326377621432036,4.774466474039916
"[0.19999878154397624, 0.8660247594006049, -0.8660264082502764, 0.1999991623274604]",4.324152441067604,4.7776096382756235
"[0.1999987832841865, 0.8660247603209218, -0.8660264068156875, 0.19999916352383426]",4.321926734267443,4.780752802511331
"[0.19999878502923976, 0.8660247612438, -0.8660264053771061, 0.1999991647235376]",4.319700473765087,4.783895966747039
"[0.19999878677912425, 0.8660247621692332, -0.866026403934542, 0.19999916592656236]",4.317473637086325,4.7870391309827465
"[0.1999987885338274, 0.8660247630972148, -0.8660264024880054, 0.1999991671328999]",4.315246195111564,4.790182295218454
"[0.1999987902933444, 0.8660247640277422, -0.8660264010375005, 0.19999916834254683]",4.313018122943941,4.793325459454161
"[0.19999879205765908, 0.8660247649608069, -0.8660263995830405, 0.19999916955549216]",4.310789394027515,4.7964686236898695
"[0.19999879382676405, 0.8660247658964048, -0.8660263981246316, 0.19999917077173082]",4.308559985484389,4.799611787925577
"[0.19999879560064276, 0.8660247668345274, -0.8660263966622872, 0.19999917199125128]",4.306329869403912,4.802754952161284
"[0.19999879737928927, 0.8660247677751715, -0.8660263951960124, 0.19999917321404959]",4.304099023451485,4.8058981163969925
"[0.19999879916268604, 0.8660247687183277, -0.8660263937258215, 0.19999917444011356]",4.301867417989915,4.8090412806327
"[0.19999880095082437, 0.8660247696639917, -0.8660263922517218, 0.1999991756694373]",4.299635030505887,4.812184444868407
"[0.19999880274369028, 0.8660247706121557, -0.8660263907737249, 0.19999917690201124]",4.2974018333815955,4.8153276091041155
"[0.19999880454127703, 0.8660247715628165, -0.8660263892918361, 0.1999991781378306]",4.295167797696886,4.818470773339823
"[0.19999880634356612, 0.8660247725159638, -0.866026387806071, 0.19999917937688294]",4.292932904943695,4.82161393757553
"[0.199998808150545, 0.8660247734715916, -0.8660263863164396, 0.19999918061915928]",4.290697125981626,4.8247571018112385
"[0.19999880996220387, 0.8660247744296943, -0.8660263848229501, 0.19999918186465312]",4.2884604337046826,4.827900266046946
"[0.19999881177852902, 0.8660247753902649, -0.8660263833256139, 0.19999918311335493]",4.286222800707953,4.831043430282653
"[0.19999881359950758, 0.8660247763532963, -0.8660263818244417, 0.19999918436525596]",4.28398420317796,4.8341865945183615
"[0.19999881542512543, 0.8660247773187812, -0.8660263803194447, 0.19999918562034638]",4.2817446172689335,4.837329758754069
"[0.19999881725536747, 0.8660247782867118, -0.8660263788106358, 0.19999918687861593]",4.27950401606176,4.840472922989776
"[0.1999988190902236, 0.8660247792570825, -0.8660263772980232, 0.19999918814005754]",4.277262370623314,4.8436160872254845
"[0.1999988209296763, 0.8660247802298842, -0.8660263757816211, 0.19999918940465924]",4.275019659254954,4.846759251461192
"[0.1999988227737148, 0.8660247812051111, -0.8660263742614387, 0.1999991906724136]",4.272775852986606,4.849902415696899
"[0.1999988246223233, 0.8660247821827546, -0.866026372737489, 0.19999919194330984]",4.27053092667813,4.8530455799326075
"[0.19999882647548545, 0.8660247831628065, -0.8660263712097852, 0.19999919321733658]",4.268284854218427,4.856188744168315
"[0.19999882833319255, 0.8660247841452619, -0.8660263696783348, 0.199999194494488]",4.266037607792699,4.859331908404022
"[0.1999988301954248, 0.8660247851301105, -0.8660263681431538, 0.19999919577475034]",4.263789166022092,4.8624750726397306
"[0.19999883206216928, 0.8660247861173455, -0.8660263666042531, 0.19999919705811475]",4.26153949945799,4.865618236875438
"[0.19999883393341286, 0.8660247871069596, -0.8660263650616437, 0.19999919834457233]",4.259288579066231,4.868761401111145
"[0.19999883580913744, 0.8660247880989437, -0.86602636351534, 0.19999919963411047]",4.257036381660446,4.871904565346853
"[0.1999988376893284, 0.8660247890932898, -0.8660263619653543, 0.19999920092671916]",4.2547828821916,4.875047729582561
"[0.19999883957397088, 0.8660247900899901, -0.866026360411699, 0.19999920222238823]",4.252528052717696,4.878190893818268
"[0.1999988414630475, 0.8660247910890356, -0.8660263588543883, 0.1999992035211057]",4.250271867710865,4.881334058053976
"[0.19999884335654694, 0.8660247920904198, -0.8660263572934315, 0.19999920482286385]",4.248014298379267,4.884477222289684
"[0.199998845254449, 0.8660247930941325, -0.8660263557288452, 0.19999920612764868]",4.245755322230753,4.887620386525391
"[0.19999884715674193, 0.8660247941001673, -0.8660263541606392, 0.1999992074354522]",4.243494908005413,4.890763550761099
"[0.19999884906340398, 0.8660247951085127, -0.8660263525888315, 0.19999920874625943]",4.241233034300279,4.893906714996806
"[0.19999885097442247, 0.8660247961191622, -0.8660263510134324, 0.1999992100600616]",4.238969669709719,4.897049879232514
"[0.1999988528897804, 0.8660247971321062, -0.866026349434456, 0.19999921137684717]",4.2367047903334685,4.900193043468222
"[0.19999885480945812, 0.866024798147335, -0.8660263478519186, 0.1999992126966025]",4.23443837115033,4.903336207703929
"[0.19999885673344509, 0.8660247991648428, -0.8660263462658285, 0.1999992140193204]",4.23217038060274,4.9064793719396365
"[0.19999885866171552, 0.8660248001846159, -0.8660263446762073, 0.19999921534498302]",4.229900797754604,4.909622536175345
"[0.19999886059426156, 0.86602480120665, -0.8660263430830615, 0.19999921667358517]",4.227629590635574,4.912765700411052
"[0.19999886253105936, 0.8660248022309327, -0.8660263414864106, 0.19999921800511036]",4.225356735655185,4.9159088646467595
"[0.19999886447209692, 0.8660248032574579, -0.8660263398862645, 0.19999921933955023]",4.223082201411014,4.919052028882467
"[0.19999886641734985, 0.8660248042862121, -0.8660263382826434, 0.19999922067688816]",4.220805968665124,4.922195193118175
"[0.19999886836680467, 0.8660248053171885, -0.8660263366755584, 0.19999922201711484]",4.218528005735378,4.9253383573538825
"[0.19999887032044603, 0.8660248063503789, -0.8660263350650221, 0.19999922336021975]",4.21624828185962,4.92848152158959
"[0.19999887227824661, 0.8660248073857691, -0.866026333451057, 0.19999922470618398]",4.213966779975596,4.931624685825298
"[0.1999988742401989, 0.8660248084233547, -0.8660263318336693, 0.19999922605500253]",4.211683463535308,4.9347678500610055
"[0.19999887620627896, 0.8660248094631235, -0.8660263302128789, 0.19999922740665882]",4.209398307683468,4.937911014296713
"[0.19999887817646772, 0.8660248105050652, -0.8660263285887012, 0.19999922876113976]",4.207111289376394,4.941054178532421
"[0.19999888015074693, 0.8660248115491701, -0.8660263269611516, 0.19999923011843285]",4.204822375480323,4.9441973427681285
"[0.19999888212909966, 0.8660248125954293, -0.8660263253302439, 0.19999923147852647]",4.202531543242486,4.947340507003836
"[0.1999988841115064, 0.8660248136438324, -0.866026323695994, 0.19999923284140708]",4.200238764561882,4.950483671239543
"[0.19999888609794936, 0.8660248146943701, -0.8660263220584169, 0.19999923420706262]",4.197944009325218,4.9536268354752515
"[0.1999988880884047, 0.8660248157470298, -0.866026320417532, 0.19999923557547655]",4.195647251622924,4.956769999710959
"[0.1999988900828534, 0.8660248168018014, -0.866026318773355, 0.19999923694663585]",4.193348468375044,4.959913163946666
"[0.19999889208128319, 0.8660248178586784, -0.8660263171258963, 0.19999923832053212]",4.1910476214734285,4.9630563281823745
"[0.19999889408366536, 0.8660248189176455, -0.8660263154751794, 0.19999923969714567]",4.188744693581743,4.966199492418082
"[0.19999889608998483, 0.8660248199786951, -0.8660263138212163, 0.1999992410764659]",4.186439650793366,4.969342656653789
"[0.19999889810022273, 0.8660248210418167, -0.8660263121640233, 0.19999924245848014]",4.184132467472043,4.9724858208894975
"[0.19999890011435278, 0.8660248221069967, -0.8660263105036216, 0.1999992438431701]",4.181823116936621,4.975628985125205
"[0.19999890213236415, 0.8660248231742295, -0.8660263088400202, 0.19999924523052845]",4.179511566971595,4.978772149360912
"[0.19999890415422902, 0.8660248242435001, -0.8660263071732421, 0.19999924662053603]",4.177197795020318,4.9819153135966205
"[0.1999989061799266, 0.8660248253147979, -0.8660263055033043, 0.19999924801317845]",4.174881771800867,4.985058477832328
"[0.1999989082094399, 0.8660248263881132, -0.8660263038302212, 0.1999992494084443]",4.172563466074824,4.988201642068035
"[0.1999989102427474, 0.8660248274634352, -0.8660263021540101, 0.1999992508063185]",4.1702428500278375,4.9913448063037436
"[0.199998912279824, 0.8660248285407509, -0.8660263004746916, 0.1999992522067838]",4.167919899447174,4.994487970539451
"[0.19999891432065353, 0.8660248296200509, -0.8660262987922797, 0.19999925360982937]",4.165594582240975,4.997631134775158
"[0.1999989163652115, 0.8660248307013227, -0.8660262971067939, 0.1999992550154381]",4.163266874196566,5.000774299010867
"[0.19999891841347858, 0.8660248317845565, -0.8660262954182506, 0.19999925642359678]",4.160936742666063,5.003917463246574
"[0.19999892046543188, 0.8660248328697393, -0.8660262937266682, 0.1999992578342897]",4.158604161787906,5.007060627482281
"[0.19999892252105214, 0.8660248339568615, -0.866026292032063, 0.19999925924750364]",4.156269098812643,5.01020379171799
"[0.1999989245803135, 0.8660248350459093, -0.8660262903344562, 0.19999926066322074]",4.153931529883597,5.013346955953697
"[0.1999989266431922, 0.8660248361368704, -0.8660262886338672, 0.19999926208142466]",4.151591429333055,5.016490120189404
"[0.19999892870967073, 0.866024837229735, -0.8660262869303108, 0.1999992635021035]",4.149248759539082,5.019633284425112
"[0.19999893077972883, 0.8660248383244925, -0.8660262852238034, 0.19999926492524325]",4.146903496248973,5.02277644866082
"[0.19999893285333717, 0.8660248394211278, -0.8660262835143693, 0.19999926635082368]",4.144555610526216,5.025919612896527
"[0.19999893493047916, 0.8660248405196319, -0.8660262818020221, 0.19999926777883348]",4.1422050696169395,5.029062777132235
"[0.19999893701112947, 0.8660248416199913, -0.8660262800867827, 0.19999926920925518]",4.139851853311076,5.032205941367943
"[0.19999893909526437, 0.8660248427221936, -0.8660262783686709, 0.19999927064207249]",4.1374959237468545,5.03534910560365
"[0.19999894118285955, 0.8660248438262259, -0.8660262766477063, 0.19999927207726864]",4.135137258444884,5.038492269839358
"[0.1999989432738966, 0.8660248449320782, -0.8660262749239044, 0.19999927351483113]",4.132775823408677,5.041635434075066
"[0.1999989453683498, 0.8660248460397374, -0.8660262731972862, 0.19999927495474207]",4.130411589336636,5.044778598310773
"[0.19999894746619046, 0.8660248471491879, -0.8660262714678755, 0.19999927639698187]",4.128044532860674,5.047921762546481
"[0.19999894956740497, 0.8660248482604228, -0.8660262697356836, 0.19999927784154117]",4.125674615971568,5.051064926782189
"[0.1999989516719621, 0.8660248493734254, -0.866026268000736, 0.19999927928839845]",4.123301818920444,5.054208091017896
"[0.19999895377984211, 0.8660248504881851, -0.8660262662630492, 0.1999992807375402]",4.120926099264526,5.057351255253604
"[0.19999895589101846, 0.8660248516046883, -0.8660262645226451, 0.1999992821889481]",4.118547437240059,5.060494419489312
"[0.19999895800546794, 0.8660248527229224, -0.8660262627795425, 0.19999928364260625]",4.1161657991019585,5.063637583725019
"[0.19999896012316448, 0.8660248538428739, -0.8660262610337632, 0.19999928509849665]",4.113781158948689,5.066780747960727
"[0.19999896224408753, 0.8660248549645315, -0.8660262592853241, 0.1999992865566053]",4.111393482477142,5.069923912196435
"[0.19999896436820938, 0.8660248560878808, -0.8660262575342478, 0.19999928801691302]",4.109002741563116,5.073067076432142
"[0.1999989664955058, 0.866024857212909, -0.8660262557805546, 0.19999928947940326]",4.106608905188563,5.07621024066785
"[0.1999989686259512, 0.8660248583396027, -0.8660262540242654, 0.1999992909440583]",4.1042119469629235,5.079353404903558
"[0.199998970759523, 0.8660248594679498, -0.8660262522653989, 0.1999992924108627]",4.101811829867993,5.082496569139265
"[0.1999989728961942, 0.8660248605979359, -0.8660262505039773, 0.19999929387979795]",4.0994085288195405,5.085639733374973
"[0.19999897503594166, 0.866024861729549, -0.8660262487400198, 0.19999929535084804]",4.097002009689474,5.088782897610681
"[0.19999897717873713, 0.8660248628627739, -0.8660262469735495, 0.1999992968239936]",4.094592246476503,5.091926061846388
"[0.19999897932455826, 0.8660248639975989, -0.866026245204585, 0.1999992982992193]",4.092179205056596,5.095069226082096
"[0.19999898147337636, 0.866024865134009, -0.8660262434331499, 0.19999929977650532]",4.0897628556704575,5.098212390317803
"[0.19999898362516713, 0.866024866271991, -0.8660262416592642, 0.19999930125583507]",4.0873431664209185,5.101355554553511
"[0.19999898577990247, 0.8660248674115305, -0.8660262398829509, 0.19999930273718905]",4.0849201142569145,5.104498718789219
"[0.19999898793756068, 0.8660248685526155, -0.8660262381042283, 0.19999930422055257]",4.082493655222193,5.107641883024926
"[0.19999899009811103, 0.8660248696952303, -0.8660262363231213, 0.19999930570590427]",4.080063767987072,5.110785047260634
"[0.19999899226153184, 0.866024870839363, -0.8660262345396481, 0.19999930719322948]",4.077630417320554,5.113928211496342
"[0.19999899442779046, 0.8660248719849964, -0.8660262327538354, 0.19999930868250557]",4.075193573869708,5.117071375732049
"[0.1999989965968698, 0.8660248731321214, -0.8660262309656974, 0.19999931017372094]",4.072753204850547,5.120214539967757
"[0.19999899876873173, 0.8660248742807183, -0.8660262291752655, 0.19999931166684923]",4.070309281689634,5.123357704203465
"[0.19999900094335796, 0.8660248754307769, -0.8660262273825549, 0.19999931316187797]",4.067861769076018,5.126500868439172
"[0.19999900312071645, 0.8660248765822804, -0.8660262255875918, 0.1999993146587851]",4.065410637932217,5.1296440326748804
"[0.1999990053007843, 0.8660248777352171, -0.8660262237903951, 0.19999931615755479]",4.062955854592981,5.132787196910588
"[0.1999990074835332, 0.8660248788895712, -0.8660262219909882, 0.19999931765816775]",4.060497390302699,5.135930361146295
"[0.19999900966893164, 0.8660248800453269, -0.8660262201893972, 0.1999993191606022]",4.058035212559294,5.139073525382003
"[0.1999990118569578, 0.8660248812024719, -0.86602621838564, 0.1999993206648432]",4.055569287272493,5.142216689617711
"[0.19999901404758094, 0.8660248823609907, -0.8660262165797419, 0.19999932217086952]",4.053099583059614,5.145359853853418
"[0.19999901624077157, 0.8660248835208673, -0.866026214771727, 0.1999993236786609]",4.050626073224241,5.148503018089126
"[0.1999990184365045, 0.8660248846820882, -0.8660262129616165, 0.19999932518820018]",4.048148717790596,5.151646182324833
"[0.19999902063475322, 0.8660248858446397, -0.866026211149432, 0.19999932669946896]",4.045667486753708,5.154789346560541
"[0.19999902283548687, 0.8660248870085051, -0.866026209335199, 0.19999932821244615]",4.043182349785768,5.157932510796249
"[0.19999902503867775, 0.8660248881736701, -0.8660262075189404, 0.19999932972711265]",4.04069327438406,5.161075675031956
"[0.1999990272442983, 0.8660248893401202, -0.8660262057006789, 0.19999933124344943]",4.038200225265487,5.164218839267663
"[0.1999990294523195, 0.8660248905078398, -0.8660262038804382, 0.19999933276143667]",4.035703173985038,5.167362003503372
"[0.19999903166271343, 0.8660248916768142, -0.8660262020582415, 0.1999993342810551]",4.033202081263864,5.170505167739079
"[0.1999990338754451, 0.8660248928470251, -0.8660262002341176, 0.19999933580228063]",4.030696924098069,5.173648331974786
"[0.19999903609049732, 0.8660248940184628, -0.8660261984080809, 0.19999933732510167]",4.02818765971566,5.176791496210495
"[0.19999903830783292, 0.8660248951911084, -0.8660261965801616, 0.19999933884949234]",4.025674262124213,5.179934660446202
"[0.1999990405274221, 0.8660248963649458, -0.8660261947503847, 0.19999934037543232]",4.023156692594107,5.183077824681909
"[0.1999990427492412, 0.8660248975399624, -0.8660261929187694, 0.19999934190290541]",4.0206349200053335,5.186220988917617
"[0.19999904497325588, 0.86602489871614, -0.8660261910853441, 0.19999934343188788]",4.018108914174589,5.189364153153325
"[0.19999904719943787, 0.8660248998934639, -0.8660261892501322, 0.19999934496236038]",4.015578640486198,5.192507317389032
"[0.19999904942775704, 0.8660249010719182, -0.8660261874131583, 0.19999934649430204]",4.013044063968749,5.19565048162474
"[0.19999905165818746, 0.8660249022514889, -0.8660261855744442, 0.19999934802769526]",4.010505148624696,5.198793645860448
"[0.19999905389069586, 0.8660249034321585, -0.866026183734017, 0.19999934956251703]",4.0079618648552735,5.201936810096155
"[0.19999905612525232, 0.8660249046139112, -0.8660261818919013, 0.19999935109874678]",4.005414176184873,5.205079974331863
"[0.19999905836182608, 0.8660249057967309, -0.8660261800481227, 0.1999993526363634]",4.002862051516547,5.208223138567571
"[0.19999906060038827, 0.8660249069806021, -0.8660261782027049, 0.19999935417534703]",4.000305454546057,5.211366302803278
"[0.1999990628409074, 0.8660249081655081, -0.8660261763556738, 0.19999935571567606]",3.9977443528469445,5.214509467038986
"[0.199999065083355, 0.866024909351434, -0.8660261745070529, 0.19999935725733087]",3.995178710543531,5.217652631274694
"[0.19999906732769843, 0.8660249105383626, -0.8660261726568691, 0.19999935880028896]",3.9926084959428105,5.220795795510401
"[0.19999906957390723, 0.8660249117262777, -0.8660261708051477, 0.1999993603445295]",3.9900336702471266,5.223938959746109
"[0.19999907182195106, 0.8660249129151633, -0.8660261689519135, 0.19999936189003165]",3.9874542033777627,5.227082123981817
"[0.1999990740717983, 0.8660249141050026, -0.8660261670971925, 0.1999993634367735]",3.98487005723982,5.230225288217524
"[0.19999907632342073, 0.8660249152957805, -0.8660261652410082, 0.19999936498473586]",3.9822812001248216,5.233368452453232
"[0.19999907857678062, 0.8660249164874775, -0.8660261633833914, 0.1999993665338926]",3.9796875951936532,5.23651161668894
"[0.1999990808318538, 0.8660249176800805, -0.8660261615243625, 0.19999936808422727]",3.977089209134415,5.239654780924647
"[0.19999908308860362, 0.8660249188735702, -0.8660261596639514, 0.19999936963571457]",3.9744860063551037,5.242797945160355
"[0.1999990853469994, 0.8660249200679302, -0.8660261578021832, 0.19999937118833347]",3.971877952163833,5.245941109396063
"[0.19999908760701404, 0.8660249212631466, -0.8660261559390806, 0.19999937274206528]",3.9692650069671007,5.24908427363177
"[0.19999908986861004, 0.866024922459199, -0.8660261540746744, 0.19999937429688427]",3.966647144634419,5.252227437867478
"[0.19999909213175762, 0.8660249236560721, -0.8660261522089889, 0.1999993758527699]",3.964024321892692,5.255370602103185
"[0.19999909439642705, 0.8660249248537499, -0.8660261503420491, 0.1999993774097018]",3.9613965046707125,5.2585137663388934
"[0.19999909666257873, 0.8660249260522118, -0.8660261484738871, 0.19999937896765269]",3.958763662268697,5.261656930574601
"[0.199999098930189, 0.866024927251445, -0.8660261466045229, 0.19999938052660635]",3.9561257515337167,5.264800094810308
"[0.19999910119921874, 0.8660249284514291, -0.8660261447339884, 0.1999993820865358]",3.9534827426520702,5.2679432590460165
"[0.19999910346964164, 0.8660249296521496, -0.8660261428623056, 0.19999938364742315]",3.9508345983518365,5.271086423281724
"[0.19999910574142038, 0.8660249308535873, -0.866026140989505, 0.19999938520924254]",3.948181280110516,5.274229587517431
"[0.19999910801452458, 0.8660249320557257, -0.8660261391156117, 0.1999993867719732]",3.945522753805818,5.2773727517531395
"[0.19999911028891795, 0.8660249332585463, -0.8660261372406556, 0.19999938833559003]",3.942858986442936,5.280515915988847
"[0.19999911256457223, 0.8660249344620335, -0.8660261353646601, 0.1999993899000738]",3.940189934937907,5.283659080224554
"[0.19999911484145197, 0.866024935666169, -0.8660261334876542, 0.19999939146539997]",3.9375155675062734,5.2868022444602625
"[0.19999911711952492, 0.8660249368709353, -0.8660261316096649, 0.19999939303154654]",3.9348358448877363,5.28994540869597
"[0.19999911939875636, 0.8660249380763141, -0.8660261297307205, 0.19999939459848956]",3.9321507339589448,5.293088572931677
"[0.19999912167911177, 0.8660249392822875, -0.8660261278508495, 0.19999939616620524]",3.9294601960489133,5.2962317371673855
"[0.1999991239605609, 0.8660249404888394, -0.8660261259700769, 0.19999939773467282]",3.9267641953874506,5.299374901403093
"[0.19999912624306723, 0.8660249416959503, -0.8660261240884327, 0.19999939930386715]",3.92406269304233,5.3025180656388
"[0.19999912852659812, 0.866024942903603, -0.866026122205944, 0.19999940087376594]",3.9213556544733117,5.3056612298745085
"[0.1999991308111206, 0.8660249441117803, -0.8660261203226378, 0.19999940244434636]",3.9186430401530514,5.308804394110216
"[0.19999913309660028, 0.8660249453204635, -0.8660261184385426, 0.1999994040155849]",3.915924814354322,5.311947558345923
"[0.19999913538300065, 0.8660249465296338, -0.8660261165536882, 0.1999994055874563]",3.9132009409080593,5.3150907225816315
"[0.1999991376702922, 0.8660249477392753, -0.8660261146680994, 0.19999940715994044]",3.9104713806491307,5.318233886817339
"[0.1999991399584368, 0.8660249489493679, -0.8660261127818072, 0.199999408733011]",3.9077360972400323,5.321377051053046
"[0.1999991422474009, 0.8660249501598939, -0.8660261108948395, 0.19999941030664498]",3.9049950516640792,5.3245202152887545
"[0.19999914453714984, 0.8660249513708351, -0.8660261090072249, 0.19999941188081846]",3.9022482093069573,5.327663379524462
"[0.19999914682764777, 0.8660249525821724, -0.8660261071189926, 0.19999941345550687]",3.8994955282160997,5.330806543760169
"[0.199999149118865, 0.8660249537938898, -0.8660261052301674, 0.1999994150306898]",3.896736973050491,5.333949707995877
"[0.19999915141075816, 0.8660249550059649, -0.8660261033407851, 0.19999941660633738]",3.893972507813616,5.337092872231585
"[0.19999915370330068, 0.8660249562183834, -0.8660261014508676, 0.19999941818243142]",3.89120209180014,5.340236036467292
"[0.19999915599645487, 0.8660249574311252, -0.8660260995604456, 0.19999941975894597]",3.888425685490952,5.343379200703
"[0.19999915829018042, 0.8660249586441694, -0.8660260976695527, 0.19999942133585324]",3.8856432585148606,5.346522364938708
"[0.19999916058445086, 0.8660249598575017, -0.8660260957782107, 0.19999942291313513]",3.88285475994351,5.349665529174415
"[0.19999916287922448, 0.8660249610710999, -0.8660260938864538, 0.199999424490763]",3.8800601596424036,5.352808693410123
"[0.19999916517446706, 0.8660249622849463, -0.8660260919943102, 0.19999942606871318]",3.877259422930873,5.355951857645831
"[0.1999991674701433, 0.866024963499022, -0.8660260901018091, 0.19999942764696146]",3.874452502019096,5.359095021881538
"[0.19999916976621906, 0.8660249647133088, -0.866026088208979, 0.19999942922548458]",3.871639362771142,5.362238186117246
"[0.19999917206265644, 0.8660249659277872, -0.8660260863158505, 0.1999994308042561]",3.8688199660974574,5.365381350352954
"[0.19999917435941975, 0.8660249671424375, -0.8660260844224535, 0.19999943238325185]",3.8659942760792365,5.368524514588661
"[0.19999917665647443, 0.8660249683572424, -0.8660260825288161, 0.1999994339624477]",3.863162247605411,5.371667678824369
"[0.19999917895378336, 0.8660249695721814, -0.8660260806349692, 0.19999943554181848]",3.860323847191311,5.374810843060077
"[0.19999918125131022, 0.8660249707872357, -0.8660260787409427, 0.19999943712133905]",3.857479032851148,5.377954007295784
"[0.19999918354901947, 0.8660249720023866, -0.8660260768467658, 0.19999943870098497]",3.8546277683846637,5.381097171531492
"[0.19999918584687432, 0.8660249732176143, -0.866026074952469, 0.19999944028073102]",3.8517700108888637,5.384240335767199
"[0.19999918814483958, 0.8660249744329004, -0.866026073058081, 0.19999944186055296]",3.8489057217435225,5.387383500002907
"[0.199999190442875, 0.8660249756482236, -0.8660260711636354, 0.19999944344042314]",3.8460348668788003,5.390526664238615
"[0.19999919274094774, 0.8660249768635667, -0.8660260692691587, 0.19999944502031886]",3.8431574000784603,5.393669828474322
"[0.1999991950390187, 0.8660249780789087, -0.8660260673746837, 0.19999944660021343]",3.8402732834336946,5.3968129927100295
"[0.19999919733705152, 0.8660249792942305, -0.86602606548024, 0.19999944818008172]",3.8373824819792155,5.399956156945738
"[0.19999919963501045, 0.8660249805095132, -0.8660260635858574, 0.1999994497598993]",3.8344849505340464,5.403099321181445
"[0.19999920193285833, 0.8660249817247373, -0.8660260616915663, 0.19999945133964042]",3.8315806524191616,5.4062424854171525
"[0.19999920423055548, 0.8660249829398815, -0.8660260597973994, 0.19999945291927795]",3.8286695465761293,5.409385649652861
"[0.19999920652806918, 0.8660249841549286, -0.8660260579033839, 0.19999945449878942]",3.825751591523067,5.412528813888568
"[0.19999920882535746, 0.8660249853698568, -0.8660260560095542, 0.1999994560781458]",3.822826750468193,5.4156719781242755
"[0.19999921112238442, 0.8660249865846467, -0.8660260541159397, 0.1999994576573225]",3.8198949846315053,5.418815142359983
"[0.199999213419113, 0.8660249877992786, -0.8660260522225715, 0.19999945923629414]",3.816956250154322,5.421958306595691
"[0.19999921571550683, 0.8660249890137337, -0.866026050329479, 0.19999946081503556]",3.814010509056125,5.4251014708313985
"[0.19999921801152665, 0.8660249902279908, -0.866026048436695, 0.19999946239351987]",3.8110577223372246,5.428244635067106
"[0.19999922030713527, 0.8660249914420306, -0.86602604654425, 0.1999994639717215]",3.808097842857961,5.431387799302813
"[0.19999922260229355, 0.8660249926558321, -0.8660260446521761, 0.1999994655496135]",3.80513083917442,5.4345309635385215
"[0.19999922489696684, 0.8660249938693771, -0.866026042760502, 0.199999467127172]",3.802156667896685,5.437674127774229
"[0.19999922719111313, 0.8660249950826432, -0.8660260408692626, 0.19999946870436835]",3.7991752896325286,5.440817292009936
"[0.1999992294846948, 0.8660249962956111, -0.8660260389784885, 0.19999947028117637]",3.796186659783453,5.4439604562456445
"[0.19999923177767867, 0.8660249975082625, -0.8660260370882072, 0.1999994718575735]",3.793190741601741,5.447103620481352
"[0.19999923407001993, 0.8660249987205741, -0.8660260351984558, 0.19999947343352878]",3.7901874944211045,5.450246784717059
"[0.19999923636168473, 0.8660249999325281, -0.8660260333092619, 0.19999947500901896]",3.787176877473781,5.4533899489527675
"[0.19999923865263217, 0.8660250011441027, -0.8660260314206596, 0.199999476584016]",3.7841588466731535,5.456533113188475
"[0.19999924094282331, 0.8660250023552772, -0.8660260295326805, 0.19999947815849306]",3.781133368533114,5.459676277424182
"[0.19999924323222365, 0.8660250035660335, -0.8660260276453536, 0.19999947973242652]",3.7781003952644863,5.4628194416598905
"[0.19999924552078896, 0.8660250047763483, -0.8660260257587149, 0.1999994813057858]",3.7750598919637195,5.465962605895598
"[0.19999924780848397, 0.8660250059862027, -0.8660260238727937, 0.19999948287854677]",3.7720118145655523,5.469105770131305
"[0.19999925009527073, 0.8660250071955767, -0.8660260219876212, 0.19999948445068333]",3.7689561212204996,5.4722489343670135
"[0.1999992523811049, 0.8660250084044471, -0.8660260201032342, 0.199999486022165]",3.765892777087059,5.475392098602721
"[0.19999925466595694, 0.8660250096127978, -0.8660260182196565, 0.19999948759297145]",3.762821732327284,5.478535262838428
"[0.19999925694977694, 0.8660250108206032, -0.8660260163369299, 0.1999994891630683]",3.759742954589205,5.481678427074136
"[0.19999925923253434, 0.8660250120278462, -0.8660260144550792, 0.19999949073243473]",3.7566563982448367,5.484821591309844
"[0.199999261514185, 0.8660250132345039, -0.8660260125741408, 0.19999949230104028]",3.7535620249332133,5.487964755545551
"[0.19999926379469138, 0.8660250144405566, -0.8660260106941458, 0.19999949386885904]",3.7504597924870446,5.491107919781259
"[0.19999926607401533, 0.866025015645984, -0.8660260088151256, 0.19999949543586493]",3.7473496602017407,5.494251084016967
"[0.19999926835211637, 0.8660250168507644, -0.8660260069371136, 0.19999949700203015]",3.7442315825759582,5.497394248252674
"[0.19999927062895367, 0.8660250180548769, -0.8660260050601433, 0.19999949856732643]",3.741105531506527,5.500537412488382
"[0.1999992729044904, 0.8660250192583012, -0.8660260031842452, 0.19999950013172865]",3.7379714527036647,5.50368057672409
"[0.19999927517868354, 0.8660250204610147, -0.8660260013094547, 0.19999950169520722]",3.734829313673853,5.506823740959797
"[0.19999927745149912, 0.8660250216630002, -0.8660259994357999, 0.1999995032577386]",3.731679066916463,5.509966905195505
"[0.1999992797228908, 0.8660250228642323, -0.8660259975633189, 0.19999950481929113]",3.7285206808271174,5.513110069431213
"[0.19999928199282216, 0.8660250240646924, -0.8660259956920416, 0.19999950637983963]",3.725354105872553,5.51625323366692
"[0.1999992842612542, 0.8660250252643593, -0.8660259938220006, 0.19999950793935745]",3.722179305098341,5.519396397902628
"[0.19999928652814522, 0.8660250264632114, -0.8660259919532297, 0.19999950949781573]",3.7189962362385387,5.522539562138336
"[0.19999928879345533, 0.8660250276612274, -0.8660259900857624, 0.19999951105518723]",3.715804864833502,5.525682726374043
"[0.19999929105714537, 0.8660250288583865, -0.8660259882196303, 0.19999951261144486]",3.7126051402509956,5.528825890609751
"[0.19999929331917274, 0.8660250300546664, -0.8660259863548689, 0.19999951416655945]",3.7093970268492624,5.531969054845459
"[0.19999929557950408, 0.8660250312500491, -0.8660259844915061, 0.19999951572050811]",3.7061804820463453,5.535112219081166
"[0.19999929783809406, 0.8660250324445111, -0.8660259826295785, 0.19999951727325951]",3.702955469763858,5.538255383316874
"[0.1999993000949039, 0.8660250336380317, -0.8660259807691184, 0.19999951882478706]",3.699721939899554,5.541398547552582
"[0.19999930234988883, 0.8660250348305871, -0.8660259789101629, 0.19999952037506005]",3.6964798674027373,5.544541711788289
"[0.19999930460301432, 0.866025036022159, -0.8660259770527401, 0.1999995219240547]",3.69322920174987,5.547684876023997
"[0.1999993068542393, 0.866025037212726, -0.8660259751968841, 0.1999995234717427]",3.68996989943178,5.550828040259705
"[0.19999930910352232, 0.8660250384022659, -0.866025973342629, 0.19999952501809565]",3.68670192575476,5.553971204495412
"[0.1999993113508209, 0.8660250395907562, -0.8660259714900099, 0.19999952656308437]",3.683425241362072,5.55711436873112
"[0.19999931359609846, 0.8660250407781777, -0.866025969639057, 0.19999952810668364]",3.680139801945659,5.560257532966827
"[0.19999931583931232, 0.8660250419645078, -0.8660259677898051, 0.19999952964886408]",3.676845565398794,5.563400697202535
"[0.1999993180804212, 0.866025043149725, -0.8660259659422885, 0.19999953118959732]",3.6735425017405343,5.566543861438243
"[0.19999932031938425, 0.8660250443338071, -0.866025964096541, 0.19999953272885534]",3.6702305659541086,5.56968702567395
"[0.19999932255616382, 0.8660250455167343, -0.8660259622525937, 0.19999953426661235]",3.6669097141341696,5.572830189909658
"[0.19999932479071833, 0.8660250466984848, -0.8660259604104805, 0.1999995358028396]",3.6635799090463905,5.575973354145366
"[0.19999932702300408, 0.8660250478790357, -0.8660259585702376, 0.19999953733750703]",3.6602411124243255,5.579116518381073
"[0.19999932925298441, 0.8660250490583672, -0.8660259567318952, 0.19999953887058955]",3.6568932815986734,5.582259682616781
"[0.1999993314806167, 0.8660250502364569, -0.8660259548954885, 0.19999954040205778]",3.653536380790606,5.585402846852489
"[0.1999993337058569, 0.8660250514132817, -0.8660259530610539, 0.19999954193188152]",3.6501703734464894,5.588546011088196
"[0.19999933592867075, 0.8660250525888231, -0.8660259512286194, 0.19999954346003712]",3.646795212053748,5.591689175323904
"[0.1999993381490125, 0.8660250537630572, -0.866025949398223, 0.19999954498649322]",3.6434108652344017,5.594832339559612
"[0.199999340366844, 0.8660250549359636, -0.8660259475698958, 0.19999954651122354]",3.640017285869972,5.597975503795319
"[0.19999934258212154, 0.8660250561075195, -0.8660259457436743, 0.19999954803419806]",3.6366144426139972,5.601118668031027
"[0.1999993447948065, 0.8660250572777044, -0.8660259439195898, 0.19999954955539007]",3.6332022941845237,5.604261832266735
"[0.19999934700485916, 0.866025058446497, -0.8660259420976754, 0.19999955107477252]",3.6297808003336995,5.607404996502442
"[0.1999993492122352, 0.8660250596138741, -0.8660259402779675, 0.19999955259231478]",3.626349926175016,5.61054816073815
"[0.1999993514168955, 0.8660250607798149, -0.8660259384604986, 0.19999955410799006]",3.6229096334604862,5.613691324973858
"[0.19999935361879956, 0.8660250619442982, -0.8660259366453017, 0.19999955562177035]",3.619459877209713,5.616834489209565
"[0.19999935581790573, 0.8660250631073018, -0.8660259348324113, 0.19999955713362716]",3.6160006295200353,5.6199776534452734
"[0.19999935801417265, 0.8660250642688035, -0.8660259330218615, 0.19999955864353203]",3.6125318485774054,5.623120817680981
"[0.19999936020756026, 0.8660250654287828, -0.8660259312136855, 0.19999956015145742]",3.609053494138608,5.626263981916688
"[0.1999993623980256, 0.8660250665872166, -0.8660259294079184, 0.19999956165737373]",3.605565536055717,5.629407146152396
"[0.19999936458553333, 0.866025067744086, -0.8660259276045896, 0.19999956316125675]",3.602067923346003,5.632550310388104
"[0.19999936677003308, 0.8660250688993649, -0.8660259258037405, 0.19999956466307178]",3.5985606401331243,5.635693474623811
"[0.19999936895149223, 0.8660250700530359, -0.8660259240053979, 0.1999995661627964]",3.5950436301182447,5.638836638859519
"[0.1999993711298655, 0.8660250712050747, -0.8660259222095994, 0.19999956766039956]",3.591516868196208,5.641979803095227
"[0.1999993733051141, 0.866025072355461, -0.8660259204163768, 0.19999956915585457]",3.587980312336094,5.645122967330934
"[0.19999937547719476, 0.866025073504172, -0.8660259186257656, 0.19999957064913157]",3.584433933087928,5.648266131566642
"[0.19999937764606857, 0.8660250746511869, -0.8660259168377982, 0.19999957214020392]",3.580877688112894,5.651409295802349
"[0.19999937981169427, 0.8660250757964839, -0.8660259150525084, 0.1999995736290433]",3.577311547716514,5.654552460038057
"[0.19999938197403122, 0.8660250769400419, -0.8660259132699298, 0.19999957511562164]",3.5737354697474637,5.657695624273765
"[0.19999938413303794, 0.8660250780818385, -0.8660259114900964, 0.19999957659991047]",3.570149426618378,5.660838788509472
"[0.19999938628867145, 0.8660250792218515, -0.866025909713044, 0.19999957808188024]",3.5665533796184903,5.663981952745179
"[0.19999938844089563, 0.8660250803600611, -0.8660259079388023, 0.19999957956150619]",3.562947294959812,5.667125116980888
"[0.19999939058966526, 0.8660250814964439, -0.8660259061674083, 0.19999958103875712]",3.559331138350757,5.670268281216595
"[0.19999939273494252, 0.8660250826309797, -0.8660259043988933, 0.1999995825136071]",3.5557048811729546,5.673411445452302
"[0.19999939487668317, 0.8660250837636453, -0.8660259026332938, 0.19999958398602566]",3.5520684812295067,5.67655460968801
"[0.1999993970148505, 0.8660250848944208, -0.8660259008706401, 0.1999995854559877]",3.5484219106395427,5.679697773923718
"[0.19999939914940185, 0.866025086023284, -0.8660258991109674, 0.19999958692346376]",3.544765139927212,5.682840938159425
"[0.1999994012802958, 0.8660250871502133, -0.8660258973543097, 0.19999958838842533]",3.541098126675564,5.685984102395133
"[0.19999940340749334, 0.8660250882751874, -0.8660258956006993, 0.19999958985084573]",3.5374208480659015,5.689127266630841
"[0.1999994055309508, 0.8660250893981838, -0.866025893850172, 0.1999995913106948]",3.533733270466188,5.692270430866548
"[0.19999940765063354, 0.8660250905191839, -0.8660258921027565, 0.1999995927679488]",3.53003535508017,5.695413595102256
"[0.19999940976649624, 0.8660250916381635, -0.8660258903584903, 0.19999959422257663]",3.5263270806200246,5.698556759337964
"[0.19999941187849873, 0.8660250927551018, -0.8660258886174064, 0.19999959567455058]",3.5226084154082233,5.701699923573671
"[0.19999941398660134, 0.8660250938699778, -0.8660258868795373, 0.1999995971238433]",3.5188793216534653,5.704843087809379
"[0.19999941609076632, 0.8660250949827709, -0.8660258851449144, 0.19999959857042912]",3.515139776278393,5.707986252045087
"[0.1999994181909491, 0.8660250960934585, -0.8660258834135743, 0.19999960001427708]",3.5113897464538746,5.711129416280794
"[0.1999994202871116, 0.8660250972020196, -0.8660258816855484, 0.1999996014553612]",3.5076292091148003,5.714272580516502
"[0.19999942237921403, 0.8660250983084337, -0.8660258799608695, 0.19999960289365407]",3.503858126692958,5.717415744752209
"[0.1999994244672143, 0.8660250994126782, -0.8660258782395726, 0.19999960432912675]",3.5000764768908286,5.720558908987917
"[0.19999942655107603, 0.8660251005147341, -0.866025876521687, 0.19999960576175418]",3.496284230106599,5.723702073223625
"[0.19999942863075518, 0.8660251016145781, -0.8660258748072498, 0.1999996071915062]",3.492481359891977,5.726845237459332
"[0.19999943070621468, 0.8660251027121904, -0.866025873096291, 0.19999960861835725]",3.488667839815065,5.72998840169504
"[0.199999432777414, 0.8660251038075497, -0.8660258713888441, 0.19999961004227942]",3.4848436421411644,5.733131565930748
"[0.19999943484431223, 0.8660251049006343, -0.8660258696849431, 0.19999961146324471]",3.4810087406116477,5.736274730166455
"[0.19999943690687105, 0.8660251059914241, -0.8660258679846193, 0.19999961288122664]",3.4771631135497345,5.739417894402163
"[0.199999438965051, 0.8660251070798981, -0.8660258662879055, 0.1999996142961982]",3.4733067333342342,5.742561058637871
"[0.19999944101881253, 0.8660251081660354, -0.8660258645948339, 0.19999961570813207]",3.4694395726366,5.745704222873578
"[0.19999944306811454, 0.8660251092498142, -0.8660258629054387, 0.19999961711700012]",3.465561615347477,5.7488473871092864
"[0.199999445112921, 0.8660251103312154, -0.8660258612197497, 0.1999996185227776]",3.461672831649129,5.751990551344994
"[0.1999994471531889, 0.8660251114102167, -0.8660258595378021, 0.19999961992543477]",3.4577732039356457,5.755133715580701
"[0.19999944918888138, 0.8660251124867981, -0.8660258578596264, 0.1999996213249464]",3.4538627022456585,5.7582768798164095
"[0.19999945121996118, 0.8660251135609399, -0.8660258561852532, 0.19999962272128693]",3.449941313172512,5.761420044052117
"[0.19999945324638826, 0.8660251146326214, -0.8660258545147155, 0.19999962411442865]",3.4460090086706505,5.764563208287824
"[0.19999945526812102, 0.8660251157018201, -0.8660258528480479, 0.1999996255043432]",3.4420657762637368,5.7677063725235325
"[0.19999945728512386, 0.8660251167685173, -0.8660258511852794, 0.19999962689100592]",3.4381115884765334,5.77084953675924
"[0.1999994592973567, 0.866025117832692, -0.8660258495264432, 0.19999962827438936]",3.434146434032087,5.773992700994947
"[0.19999946130478224, 0.8660251188943243, -0.8660258478715701, 0.1999996296544678]",3.430170288061737,5.7771358652306555
"[0.19999946330736346, 0.8660251199533945, -0.8660258462206906, 0.1999996310312159]",3.426183133083383,5.780279029466363
"[0.19999946530505947, 0.8660251210098814, -0.8660258445738382, 0.1999996324046054]",3.422184954899351,5.78342219370207
"[0.19999946729783286, 0.8660251220637647, -0.8660258429310439, 0.19999963377461066]",3.4181757367568175,5.786565357937778
"[0.19999946928564785, 0.866025123115026, -0.8660258412923372, 0.19999963514120705]",3.414155456138449,5.789708522173486
"[0.1999994712684661, 0.8660251241636445, -0.8660258396577499, 0.19999963650436836]",3.4101241071090675,5.792851686409193
"[0.19999947324624598, 0.8660251252095988, -0.8660258380273158, 0.19999963786406566]",3.4060816692386653,5.795994850644901
"[0.19999947521895545, 0.8660251262528713, -0.8660258364010618, 0.19999963922027725]",3.402028129528194,5.799138014880609
"[0.19999947718655633, 0.8660251272934419, -0.8660258347790192, 0.19999964057297676]",3.397963480535345,5.802281179116316
"[0.19999947914900865, 0.8660251283312901, -0.866025833161221, 0.19999964192213662]",3.3938877008225883,5.805424343352024
"[0.1999994811062775, 0.866025129366397, -0.8660258315476957, 0.1999996432677329]",3.389800781887774,5.808567507587732
"[0.19999948305832513, 0.8660251303987423, -0.866025829938475, 0.19999964460973974]",3.385702714741766,5.811710671823439
"[0.19999948500511724, 0.8660251314283082, -0.8660258283335868, 0.1999996459481335]",3.3815934891835693,5.814853836059147
"[0.199999486946614, 0.8660251324550738, -0.8660258267330636, 0.19999964728288663]",3.3774730940755773,5.817997000294855
"[0.19999948888278285, 0.8660251334790218, -0.8660258251369328, 0.19999964861397693]",3.3733415189919786,5.821140164530562
"[0.1999994908135842, 0.8660251345001311, -0.8660258235452268, 0.19999964994137714]",3.3691987601048736,5.82428332876627
"[0.19999949273898407, 0.8660251355183837, -0.866025821957974, 0.19999965126506397]",3.3650448117747196,5.827426493001978
"[0.19999949465894432, 0.8660251365337596, -0.8660258203752051, 0.19999965258501107]",3.360879664016293,5.830569657237685
"[0.19999949657343208, 0.8660251375462416, -0.8660258187969477, 0.19999965390119587]",3.3567033131357396,5.833712821473393
"[0.19999949848241297, 0.8660251385558109, -0.86602581722323, 0.19999965521359478]",3.3525157510400967,5.836855985709101
"[0.19999950038584816, 0.8660251395624474, -0.8660258156540841, 0.1999996565221811]",3.34831698000861,5.839999149944808
"[0.199999502283706, 0.8660251405661342, -0.8660258140895362, 0.19999965782693313]",3.3441069926164997,5.843142314180516
"[0.19999950417594864, 0.8660251415668516, -0.8660258125296171, 0.1999996591278247]",3.339885790814431,5.846285478416224
"[0.19999950606254338, 0.8660251425645822, -0.866025810974354, 0.1999996604248334]",3.3356533713876573,5.849428642651931
"[0.1999995079434571, 0.8660251435593083, -0.8660258094237742, 0.19999966171793643]",3.331409731862286,5.852571806887639
"[0.1999995098186519, 0.8660251445510097, -0.8660258078779091, 0.19999966300710786]",3.3271548805950033,5.855714971123347
"[0.1999995116880982, 0.8660251455396711, -0.8660258063367828, 0.19999966429232724]",3.32288881151449,5.858858135359054
"[0.1999995135517591, 0.866025146525273, -0.8660258048004259, 0.19999966557356919]",3.318611532068655,5.862001299594762
"[0.19999951540960162, 0.8660251475077977, -0.8660258032688655, 0.19999966685081108]",3.314323042478915,5.865144463830469
"[0.19999951726159443, 0.8660251484872288, -0.8660258017421274, 0.1999996681240314]",3.3100233518155986,5.868287628066177
"[0.1999995191077026, 0.8660251494635478, -0.8660258002202407, 0.1999996693932061]",3.3057124632859423,5.871430792301885
"[0.19999952094789503, 0.8660251504367382, -0.8660257987032306, 0.19999967065831376]",3.3013903803988365,5.874573956537592
"[0.19999952278213778, 0.866025151406782, -0.8660257971911253, 0.19999967191933113]",3.2970571141963023,5.8777171207733
"[0.19999952461039922, 0.8660251523736627, -0.866025795683951, 0.19999967317623643]",3.292712676222672,5.880860285009008
"[0.19999952643264798, 0.8660251533373636, -0.8660257941817332, 0.19999967442900804]",3.2883570696733795,5.884003449244715
"[0.19999952824884984, 0.8660251542978665, -0.8660257926845004, 0.19999967567762253]",3.28399031066636,5.887146613480423
"[0.19999953005897592, 0.8660251552551561, -0.8660257911922764, 0.19999967692206]",3.279612409471757,5.890289777716131
"[0.19999953186299343, 0.8660251562092154, -0.866025789705088, 0.19999967816229786]",3.275223375374129,5.893432941951838
"[0.19999953366087245, 0.866025157160028, -0.8660257882229602, 0.19999967939831562]",3.2708232310792154,5.8965761061875455
"[0.19999953545258173, 0.866025158107578, -0.8660257867459185, 0.19999968063009174]",3.266411983196295,5.899719270423254
"[0.19999953723808978, 0.8660251590518485, -0.8660257852739889, 0.19999968185760453]",3.261989648599239,5.902862434658961
"[0.19999953901736964, 0.8660251599928249, -0.866025783807194, 0.19999968308083568]",3.257556246908066,5.9060055988946685
"[0.19999954079038793, 0.8660251609304902, -0.8660257823455605, 0.1999996842997619]",3.253111797035442,5.909148763130376
"[0.1999995425571164, 0.866025161864829, -0.8660257808891124, 0.199999685514364]",3.248656318635798,5.912291927366084
"[0.19999954431752637, 0.8660251627958261, -0.8660257794378732, 0.19999968672462226]",3.2441898315455617,5.9154350916017915
"[0.19999954607158826, 0.8660251637234662, -0.866025777991867, 0.19999968793051623]",3.2397123543099635,5.918578255837499
"[0.19999954781927384, 0.8660251646477339, -0.8660257765511175, 0.19999968913202662]",3.235223915488929,5.921721420073206
"[0.19999954956055385, 0.866025165568614, -0.8660257751156486, 0.19999969032913334]",3.2307245344705096,5.9248645843089145
"[0.19999955129540126, 0.8660251664860924, -0.8660257736854825, 0.1999996915218176]",3.2262142389434265,5.928007748544622
"[0.19999955302378808, 0.866025167400154, -0.8660257722606423, 0.1999996927100603]",3.2216930552321754,5.931150912780329
"[0.19999955474568534, 0.8660251683107838, -0.866025770841152, 0.19999969389384148]",3.2171610105424353,5.9342940770160375
"[0.1999995564610692, 0.8660251692179686, -0.8660257694270312, 0.19999969507314488]",3.2126181358869648,5.937437241251745
"[0.19999955816990977, 0.8660251701216932, -0.8660257680183044, 0.19999969624794975]",3.2080644546985666,5.940580405487452
"[0.19999955987218182, 0.866025171021944, -0.8660257666149928, 0.1999996974182389]",3.2035000053407248,5.94372356972316
"[0.19999956156785856, 0.8660251719187068, -0.866025765217118, 0.19999969858399386]",3.1989248189029102,5.946866733958868
"[0.1999995632569155, 0.8660251728119686, -0.8660257638247005, 0.1999996997451978]",3.194338930501208,5.950009898194575
"[0.19999956493932491, 0.866025173701715, -0.866025762437763, 0.19999970090183158]",3.1897423698769067,5.953153062430283
"[0.19999956661506388, 0.8660251745879337, -0.8660257610563246, 0.19999970205387954]",3.1851351774353467,5.956296226665991
"[0.199999568284107, 0.8660251754706113, -0.8660257596804058, 0.19999970320132418]",3.180517389335946,5.959439390901698
"[0.19999956994643095, 0.8660251763497353, -0.8660257583100263, 0.1999997043441495]",3.1758890435457334,5.962582555137406
"[0.19999957160200912, 0.8660251772252917, -0.866025756945208, 0.19999970548233725]",3.1712501829201134,5.965725719373114
"[0.19999957325081993, 0.8660251780972693, -0.8660257555859684, 0.19999970661587246]",3.166600847159547,5.968868883608821
"[0.19999957489283796, 0.8660251789656546, -0.8660257542323287, 0.19999970774473771]",3.16194108073896,5.972012047844529
"[0.19999957652804273, 0.8660251798304366, -0.8660257528843056, 0.19999970886891894]",3.157270927635394,5.975155212080237
"[0.1999995781564105, 0.8660251806916027, -0.8660257515419187, 0.19999970998839983]",3.1525904328857592,5.978298376315944
"[0.19999957977791846, 0.8660251815491412, -0.866025750205187, 0.19999971110316467]",3.1478996392033567,5.981441540551652
"[0.19999958139254542, 0.8660251824030405, -0.866025748874128, 0.19999971221319898]",3.143198600894753,5.98458470478736
"[0.19999958300026974, 0.8660251832532894, -0.866025747548759, 0.19999971331848773]",3.138487365839367,5.987727869023067
"[0.19999958460107053, 0.8660251840998768, -0.8660257462290977, 0.1999997144190166]",3.133765979769836,5.990871033258775
"[0.19999958619492636, 0.8660251849427912, -0.8660257449151618, 0.19999971551477103]",3.129034497403729,5.994014197494483
"[0.19999958778181828, 0.866025185782023, -0.8660257436069666, 0.1999997166057377]",3.124292975233465,5.99715736173019
"[0.199999589361727, 0.8660251866175612, -0.8660257423045283, 0.1999997176919037]",3.1195414688818595,6.000300525965898
"[0.19999959093463018, 0.8660251874493949, -0.8660257410078652, 0.19999971877325337]",3.114780028562836,6.003443690201606
"[0.19999959250050922, 0.8660251882775138, -0.8660257397169926, 0.19999971984977402]",3.110008718132039,6.006586854437313
"[0.1999995940593491, 0.86602518910191, -0.866025738431923, 0.1999997209214554]",3.1052275900776998,6.009730018673021
"[0.19999959561112615, 0.8660251899225709, -0.8660257371526757, 0.19999972198828114]",3.1004367091298755,6.012873182908729
"[0.19999959715582602, 0.8660251907394894, -0.8660257358792627, 0.19999972305024136]",3.0956361370274177,6.016016347144436
"[0.1999995986934316, 0.8660251915526556, -0.8660257346116982, 0.19999972410732444]",3.0908259337523747,6.019159511380144
"[0.19999960022392316, 0.8660251923620597, -0.8660257333499981, 0.19999972515951667]",3.0860061673682413,6.022302675615851
"[0.1999996017472877, 0.8660251931676947, -0.8660257320941734, 0.19999972620680917]",3.08117689664988,6.025445839851559
"[0.19999960326350483, 0.8660251939695497, -0.8660257308442408, 0.19999972724918788]",3.0763381989472833,6.028589004087267
"[0.1999996047725617, 0.866025194767618, -0.8660257296002112, 0.19999972828664409]",3.071490134483142,6.031732168322974
"[0.19999960627444255, 0.8660251955618912, -0.8660257283620971, 0.19999972931916682]",3.0666327784627074,6.034875332558682
"[0.19999960776913045, 0.8660251963523605, -0.8660257271299128, 0.19999973034674448]",3.0617662006134916,6.03801849679439
"[0.19999960925661667, 0.8660251971390208, -0.8660257259036654, 0.1999997313693712]",3.05689046902904,6.041161661030097
"[0.1999996107368805, 0.8660251979218619, -0.866025724683372, 0.19999973238703248]",3.0520056669459446,6.044304825265805
"[0.1999996122099101, 0.8660251987008772, -0.8660257234690422, 0.19999973339972033]",3.047111862122148,6.047447989501513
"[0.1999996136756948, 0.8660251994760608, -0.866025722260685, 0.19999973440742744]",3.042209134303343,6.05059115373722
"[0.19999961513422015, 0.8660252002474054, -0.8660257210583123, 0.19999973541014388]",3.037297561279496,6.053734317972928
"[0.19999961658547472, 0.8660252010149049, -0.8660257198619333, 0.19999973640786167]",3.0323772210525024,6.056877482208636
"[0.1999996180294454, 0.8660252017785521, -0.8660257186715591, 0.19999973740057195]",3.027448200049169,6.060020646444343
"[0.19999961946612227, 0.8660252025383419, -0.8660257174871976, 0.1999997383882678]",3.0225105743355383,6.063163810680051
"[0.1999996208954922, 0.8660252032942678, -0.8660257163088598, 0.19999973937094015]",3.0175644322051487,6.066306974915759
"[0.19999962231754922, 0.8660252040463257, -0.8660257151365508, 0.19999974034858517]",3.012609852342705,6.069450139151466
"[0.1999996237322789, 0.866025204794509, -0.866025713970282, 0.19999974132119253]",3.0076469283253204,6.072593303387174
"[0.1999996251396738, 0.8660252055388129, -0.8660257128100601, 0.19999974228875747]",3.0026757425756676,6.075736467622882
"[0.19999962653972553, 0.8660252062792335, -0.8660257116558916, 0.19999974325127404]",2.9976963891926935,6.078879631858589
"[0.19999962793242324, 0.866025207015765, -0.8660257105077853, 0.1999997442087347]",2.992708954316571,6.082022796094297
"[0.1999996293177611, 0.8660252077484041, -0.8660257093657467, 0.19999974516113575]",2.9877135322582546,6.085165960330005
"[0.19999963069573, 0.8660252084771461, -0.8660257082297826, 0.1999997461084706]",2.9827102144740234,6.088309124565712
"[0.19999963206632337, 0.8660252092019877, -0.866025707099899, 0.19999974705073492]",2.977699099518302,6.09145228880142
"[0.19999963342953478, 0.8660252099229252, -0.8660257059761006, 0.1999997479879242]",2.9726802772163414,6.094595453037128
"[0.199999634785358, 0.8660252106399554, -0.866025704858393, 0.19999974892003422]",2.9676538432485926,6.097738617272835
"[0.19999963613378707, 0.8660252113530753, -0.8660257037467811, 0.19999974984706087]",2.9626199053630926,6.1008817815085425
"[0.1999996374748171, 0.866025212062282, -0.8660257026412687, 0.1999997507690008]",2.9575785550193947,6.104024945744251
"[0.19999963880844246, 0.8660252127675729, -0.8660257015418603, 0.19999975168585005]",2.9525298957016717,6.107168109979958
"[0.19999964013466048, 0.8660252134689463, -0.8660257004485586, 0.19999975259760694]",2.9474740305242846,6.1103112742156656
"[0.19999964145346633, 0.8660252141663998, -0.8660256993613672, 0.199999753504268]",2.9424110623166886,6.113454438451374
"[0.19999964276485618, 0.8660252148599313, -0.8660256982802894, 0.19999975440583065]",2.937341092681903,6.116597602687081
"[0.1999996440688272, 0.8660252155495395, -0.8660256972053275, 0.19999975530229294]",2.932264233832048,6.119740766922789
"[0.19999964536537806, 0.8660252162352233, -0.8660256961364825, 0.199999756193654]",2.927180588316024,6.122883931158497
"[0.19999964665450637, 0.8660252169169819, -0.8660256950737566, 0.19999975707991213]",2.9220902631840318,6.126027095394204
"[0.1999996479362116, 0.8660252175948145, -0.8660256940171502, 0.1999997579610671]",2.916993370417507,6.129170259629912
"[0.19999964921049074, 0.86602521826872, -0.8660256929666655, 0.19999975883711657]",2.9118900204042584,6.13231342386562
"[0.19999965047734589, 0.8660252189386992, -0.8660256919223009, 0.19999975970806222]",2.906780322790238,6.135456588101327
"[0.1999996517367749, 0.8660252196047511, -0.8660256908840585, 0.19999976057390248]",2.9016643982847024,6.138599752337035
"[0.199999652988781, 0.8660252202668772, -0.8660256898519354, 0.1999997614346397]",2.896542349549308,6.141742916572742
"[0.19999965423336113, 0.8660252209250765, -0.8660256888259337, 0.19999976229027147]",2.891414301491655,6.14488608080845
"[0.1999996554705202, 0.8660252215793509, -0.8660256878060499, 0.19999976314080145]",2.886280365004536,6.148029245044158
"[0.19999965670026065, 0.8660252222297019, -0.866025686792282, 0.19999976398623123]",2.8811406603177305,6.151172409279865
"[0.19999965792258267, 0.8660252228761296, -0.8660256857846297, 0.199999764826561]",2.875995300207799,6.154315573515572
"[0.19999965913748977, 0.866025223518636, -0.8660256847830898, 0.199999765661793]",2.870844412100804,6.157458737751281
"[0.19999966034498545, 0.8660252241572228, -0.86602568378766, 0.19999976649192983]",2.8656881119003996,6.160601901986988
"[0.19999966154507473, 0.8660252247918928, -0.8660256827983355, 0.19999976731697477]",2.860526522494841,6.163745066222695
"[0.19999966273776174, 0.8660252254226479, -0.8660256818151135, 0.19999976813693085]",2.8553597637155437,6.166888230458403
"[0.19999966392305002, 0.8660252260494903, -0.8660256808379909, 0.19999976895180038]",2.850187963106318,6.170031394694111
"[0.19999966510094694, 0.8660252266724238, -0.8660256798669614, 0.1999997697615884]",2.845011244457797,6.173174558929818
"[0.19999966627145546, 0.8660252272914499, -0.8660256789020228, 0.19999977056629697]",2.8398297307934097,6.176317723165526
"[0.19999966743458636, 0.8660252279065741, -0.866025677943166, 0.1999997713659336]",2.834643550616216,6.179460887401234
"[0.19999966859034127, 0.8660252285177978, -0.8660256769903899, 0.1999997721604993]",2.8294528322102614,6.182604051636941
"[0.19999966973873104, 0.8660252291251264, -0.8660256760436855, 0.19999977295000157]",2.824257699363141,6.185747215872649
"[0.19999967087976264, 0.8660252297285636, -0.8660256751030467, 0.19999977373444514]",2.819058284287924,6.188890380108356
"[0.1999996720134444, 0.8660252303281135, -0.8660256741684673, 0.1999997745138359]",2.813854714303637,6.192033544344064
"[0.1999996731397851, 0.8660252309237813, -0.8660256732399396, 0.19999977528817978]",2.8086471227684715,6.195176708579772
"[0.19999967425879187, 0.8660252315155705, -0.8660256723174578, 0.1999997760574816]",2.8034356405791723,6.198319872815479
"[0.19999967537047703, 0.8660252321034878, -0.8660256714010117, 0.19999977682174994]",2.7982203981443994,6.201463037051187
"[0.19999967647485048, 0.8660252326875381, -0.8660256704905932, 0.19999977758099158]",2.7930015293107004,6.204606201286895
"[0.1999996775719204, 0.8660252332677261, -0.8660256695861955, 0.1999997783352121]",2.7877791674929844,6.207749365522602
"[0.19999967866170063, 0.8660252338440586, -0.8660256686878074, 0.19999977908442113]",2.782553448212974,6.21089252975831
"[0.19999967974420121, 0.8660252344165414, -0.8660256677954203, 0.19999977982862546]",2.777324503824444,6.214035693994018
"[0.19999968081943353, 0.8660252349851805, -0.8660256669090252, 0.19999978056783296]",2.772092472076023,6.217178858229725
"[0.19999968188741082, 0.8660252355499829, -0.8660256660286106, 0.19999978130205265]",2.766857487587046,6.220322022465433
"[0.19999968294814627, 0.8660252361109549, -0.8660256651541663, 0.19999978203129382]",2.7616196888873055,6.223465186701141
"[0.19999968400165233, 0.8660252366681042, -0.8660256642856817, 0.19999978275556474]",2.7563792095724264,6.226608350936848
"[0.19999968504794477, 0.866025237221438, -0.8660256634231439, 0.19999978347487654]",2.751136190926166,6.229751515172556
"[0.19999968608703442, 0.866025237770963, -0.8660256625665437, 0.1999997841892364]",2.7458907701271236,6.232894679408264
"[0.19999968711893773, 0.8660252383166873, -0.8660256617158678, 0.19999978489865577]",2.740643088624589,6.236037843643971
"[0.19999968814367053, 0.8660252388586195, -0.8660256608711032, 0.19999978560314555]",2.7353932788309825,6.239181007879679
"[0.19999968916124627, 0.8660252393967668, -0.8660256600322387, 0.1999997863027149]",2.7301414882944925,6.242324172115387
"[0.19999969017168295, 0.8660252399311383, -0.8660256591992593, 0.19999978699737628]",2.724887852830759,6.245467336351094
"[0.1999996911749959, 0.8660252404617425, -0.8660256583721527, 0.19999978768714022]",2.719632513346542,6.248610500586802
"[0.19999969217120173, 0.8660252409885881, -0.866025657550905, 0.19999978837201804]",2.714375608138728,6.25175366482251
"[0.19999969316031668, 0.8660252415116839, -0.8660256567355028, 0.19999978905202095]",2.7091172833056443,6.254896829058217
"[0.19999969414236007, 0.8660252420310397, -0.8660256559259303, 0.19999978972716234]",2.7038576795217644,6.258039993293925
"[0.19999969511734927, 0.8660252425466649, -0.8660256551221731, 0.19999979039745405]",2.6985969336955775,6.261183157529633
"[0.1999996960853041, 0.8660252430585698, -0.8660256543242147, 0.19999979106290972]",2.6933351924821984,6.26432632176534
"[0.19999969704624065, 0.8660252435667632, -0.8660256535320423, 0.19999979172354043]",2.688072595754031,6.267469486001048
"[0.19999969800017944, 0.8660252440712559, -0.8660256527456385, 0.19999979237936025]",2.682809289148938,6.270612650236756
"[0.19999969894714034, 0.8660252445720582, -0.866025651964987, 0.19999979303038284]",2.6775454072179543,6.273755814472463
"[0.19999969988714336, 0.8660252450691808, -0.8660256511900716, 0.19999979367662205]",2.6722810994156694,6.276898978708171
"[0.19999970082020677, 0.8660252455626336, -0.8660256504208769, 0.19999979431809026]",2.667016507399642,6.280042142943879
"[0.1999997017463553, 0.8660252460524293, -0.8660256496573827, 0.1999997949548047]",2.6617517716875163,6.283185307179586
