u,t,theta
"[0.151382961304815, 0.8379881867980438, -0.9078538399131845, 0.16400422450242325]",23.113813310534997,0.0
"[0.15152579669460758, 0.8380778179849744, -0.9077253473205178, 0.16411818029420325]",23.108701268364353,0.003143164235707647
"[0.15166760663339116, 0.8381667604939267, -0.9075978129683276, 0.1642312658610889]",23.103588238241795,0.006286328471415294
"[0.15180839396355394, 0.8382550171109133, -0.9074712334982955, 0.1643434846358616]",23.09847436066726,0.009429492707122941
"[0.1519481607654813, 0.8383425901327599, -0.9073456062466753, 0.16445483943024966]",23.093359783580897,0.012572656942830588
"[0.152086909826435, 0.8384294822880538, -0.9072209279235335, 0.16456533360590647]",23.088244655025612,0.015715821178538234
"[0.15222464371598746, 0.8385156961575392, -0.9070971954440101, 0.16467497033745776]",23.083129121096515,0.018858985414245882
"[0.15236136523560875, 0.8386012344557578, -0.9069744055242499, 0.16478375297063746]",23.078013325097615,0.02200214964995353
"[0.1524970770177555, 0.8386860997801369, -0.9068525550415214, 0.1648916847032145]",23.072897415509786,0.025145313885661175
"[0.15263178199162689, 0.83877029490238, -0.9067316406159155, 0.16499876895557622]",23.067781536323057,0.02828847812136882
"[0.1527654830458006, 0.8388538225573987, -0.9066116589133237, 0.1651050091023118]",23.062665832146727,0.03143164235707647
"[0.15289818318400725, 0.8389366855407118, -0.9064926065055765, 0.16521040859609834]",23.057550452614162,0.03457480659278411
"[0.15302988527760172, 0.8390188865539138, -0.906374480092478, 0.16531497077114318]",23.052435536555997,0.037717970828491765
"[0.15316059279682076, 0.8391004286610501, -0.9062572758459452, 0.16541869942371984]",23.047321231714154,0.04086113506419941
"[0.15329030807194935, 0.8391813142038209, -0.9061409909692132, 0.16552159743222708]",23.042207688715845,0.04400429929990706
"[0.15341903538809976, 0.839261546731773, -0.9060256209221553, 0.16562366921262725]",23.037095038910106,0.047147463535614706
"[0.15354677731113459, 0.8393411287112096, -0.9059111627150054, 0.1657249178038691]",23.031983437733036,0.05029062777132235
"[0.15367353732430253, 0.8394200631692106, -0.9057976125447739, 0.16582534695933743]",23.026873023988532,0.05343379200703
"[0.1537993186963856, 0.8394983529880968, -0.9056849668097102, 0.1659249602492871]",23.02176393845744,0.05657695624273764
"[0.153924124992754, 0.8395760012237069, -0.9055732216514679, 0.16602376146579564]",23.01665633036533,0.05972012047844529
"[0.15404795987992678, 0.8396530109835754, -0.9054623731302636, 0.16612175446778968]",23.01155033384111,0.06286328471415294
"[0.15417082641774657, 0.8397293849870069, -0.9053524178582684, 0.16621894262122774]",23.00644609719032,0.06600644894986059
"[0.15429272882603765, 0.8398051266634354, -0.9052433514184283, 0.1663153301967789]",23.00134375709282,0.06914961318556823
"[0.15441367033836922, 0.8398802388183051, -0.9051351702851739, 0.16641092067212507]",22.996243455333154,0.07229277742127588
"[0.15453365453769402, 0.8399547244634723, -0.9050278706289957, 0.16650571778865936]",22.991145336405893,0.07543594165698353
"[0.1546526855722571, 0.8400285869507855, -0.9049214481237124, 0.16659972572155698]",22.98604953707857,0.07857910589269117
"[0.15477076705409817, 0.8401018292883657, -0.9048158989314466, 0.16669294820960875]",22.980956193770492,0.08172227012839882
"[0.15488790265398555, 0.8401744545101969, -0.9047112191703761, 0.1667853890255703]",22.97586544596541,0.08486543436410646
"[0.15500409668479093, 0.8402464660376207, -0.9046074043935477, 0.16687705243632292]",22.970777435069245,0.08800859859981412
"[0.15511935289294473, 0.8403178669300815, -0.9045044506688578, 0.1669679422491867]",22.965692291192763,0.09115176283552176
"[0.15523367523566356, 0.8403886603671478, -0.9044023538843636, 0.16705806242544963]",22.960610153108316,0.09429492707122941
"[0.1553470676267429, 0.8404588494910239, -0.9043011099753558, 0.1671474168799035]",22.95553116149727,0.09743809130693705
"[0.1554595344771582, 0.8405284377411345, -0.9042007144417035, 0.167236009906797]",22.950455443188694,0.1005812555426447
"[0.15557107966181472, 0.8405974282146763, -0.9041011632703, 0.167323845365778]",22.945383135486804,0.10372441977835235
"[0.15568170739277115, 0.8406658242071487, -0.9040024521553786, 0.1674109273700203]",22.940314374793118,0.10686758401406
"[0.15579142212298058, 0.8407336291525659, -0.9039045765846135, 0.16749726021014566]",22.935249289736273,0.11001074824976764
"[0.1559002277268479, 0.8408008461171447, -0.9038075325700433, 0.1675828477095499]",22.9301880110334,0.11315391248547528
"[0.15600812871349762, 0.8408674785491854, -0.9037113155656666, 0.16766769417919128]",22.925130670112377,0.11629707672118293
"[0.15611512934072153, 0.8409335297315703, -0.903615921257805, 0.16775180372047588]",22.92007739989964,0.11944024095689058
"[0.1562212340542814, 0.840999003053188, -0.9035213451732562, 0.1678351805708663]",22.915028323256617,0.12258340519259824
"[0.15632644738912876, 0.8410639019479013, -0.9034275827673953, 0.1679178290261744]",22.90998357201984,0.12572656942830587
"[0.15643077340900416, 0.8411282295490694, -0.903334629923428, 0.16799975300057948]",22.904943270040274,0.12886973366401352
"[0.1565342168941856, 0.8411919894221483, -0.9032424818939354, 0.16808095695960387]",22.899907545892535,0.13201289789972118
"[0.1566367824766229, 0.8412551850311974, -0.9031511340716218, 0.16816144524071558]",22.894876522738443,0.13515606213542883
"[0.15673847428048523, 0.8413178195177943, -0.9030605823091399, 0.16824122177170558]",22.88985032244685,0.13829922637113645
"[0.15683929709187577, 0.8413798964217695, -0.9029708218772926, 0.1683202909886446]",22.88482907730968,0.1414423906068441
"[0.15693925563669023, 0.8414414192361892, -0.9028818481082423, 0.16839865726910783]",22.879812894999848,0.14458555484255176
"[0.15703835430044102, 0.8415023912351779, -0.9027936566446849, 0.1684763247128276]",22.874801907251083,0.1477287190782594
"[0.15713659820609396, 0.8415628161371925, -0.9027062424805463, 0.1685532979865809]",22.869796226935318,0.15087188331396706
"[0.1572339914704106, 0.841622697032459, -0.9026196015125257, 0.16862958095790556]",22.864795975938616,0.15401504754967468
"[0.15733053923399679, 0.8416820376316467, -0.9025337287337484, 0.16870517828573817]",22.859801268284926,0.15715821178538233
"[0.1574262461803446, 0.8417408413551214, -0.9024486195513772, 0.16878009426023532]",22.854812224212534,0.16030137602109001
"[0.15752111688245785, 0.8417991115463926, -0.9023642694779929, 0.1688543330746471]",22.849828958414953,0.16344454025679764
"[0.15761515630101292, 0.8418568517781456, -0.9022806736886267, 0.16892789921521423]",22.84485158165976,0.1665877044925053
"[0.15770836936953736, 0.8419140655973714, -0.9021978273896403, 0.16900079713646687]",22.839880207211344,0.1697308687282129
"[0.15780076089996325, 0.8419707564675545, -0.9021157259025419, 0.1690730311875498]",22.83491494578113,0.1728740329639206
"[0.15789233549184642, 0.8420269277132211, -0.9020343647444545, 0.16914460554153798]",22.82995591261938,0.17601719719962824
"[0.15798309849149544, 0.8420825831082869, -0.9019537387759391, 0.16921552494512035]",22.825003207268004,0.17916036143533587
"[0.15807305420062984, 0.8421377257775043, -0.9018738437923464, 0.16928579331877971]",22.82005695226735,0.18230352567104352
"[0.15816220824754834, 0.8421923596504158, -0.9017946744175047, 0.16935541560951148]",22.815117238112624,0.18544668990675117
"[0.15825056510490218, 0.8422464879397639, -0.9017162263083174, 0.16942439585186667]",22.810184179098577,0.18858985414245882
"[0.15833812996396462, 0.8423001142903638, -0.9016384944901508, 0.16949273863196967]",22.805257875860008,0.19173301837816648
"[0.15842490764463846, 0.8423532421112903, -0.9015614743246435, 0.1695604482364837]",22.80033843307463,0.1948761826138741
"[0.1585109033370631, 0.8424058750301514, -0.9014851608512953, 0.16962752923153807]",22.795425950907948,0.19801934684958175
"[0.1585961219334819, 0.8424580164841012, -0.9014095493804215, 0.16969398594148238]",22.790520531852,0.2011625110852894
"[0.15868056850338846, 0.8425096700108003, -0.9013346350713803, 0.1697598228197039]",22.785622272533814,0.20430567532099703
"[0.15876424819135582, 0.8425608391858815, -0.9012604130232392, 0.16982504436893014]",22.780731268180254,0.2074488395567047
"[0.1588471659153653, 0.8426115274385906, -0.9011868785422613, 0.16988965490622907]",22.77584762111511,0.21059200379241236
"[0.15892932674306495, 0.8426617382819932, -0.9011140268080682, 0.16995365885642322]",22.77097141934894,0.21373516802812
"[0.15901073601503604, 0.8427114753882327, -0.9010418527643951, 0.17001706084803453]",22.766102759595885,0.21687833226382763
"[0.15909139829630684, 0.8427607419480861, -0.9009703520485299, 0.17007986489687]",22.76124173618877,0.22002149649953529
"[0.15917131930153483, 0.8428095418470858, -0.9008995192845802, 0.1701420759052847]",22.756388435944412,0.22316466073524294
"[0.15925050382353204, 0.8428578784003037, -0.9008293499196749, 0.1702036980493167]",22.751542949196494,0.22630782497095056
"[0.15932895700654628, 0.8429057551301596, -0.9007598390952063, 0.17026473577020726]",22.746705364604022,0.2294509892066582
"[0.15940668390359203, 0.842953175496179, -0.9006909820391173, 0.17032519342988842]",22.74187577162404,0.23259415344236586
"[0.15948368972320304, 0.8430001430456395, -0.9006227738472221, 0.17038507550303517]",22.737054249365446,0.23573731767807354
"[0.15955997984910877, 0.843046661425526, -0.9005552094658105, 0.17044438659231706]",22.732240882663532,0.23888048191378117
"[0.1596355591362858, 0.8430927339534131, -0.9004882843149868, 0.17050313088125935]",22.72743576239118,0.24202364614948882
"[0.15971043272306695, 0.843138364112842, -0.9004219935692954, 0.1705613127658277]",22.72263896220349,0.24516681038519647
"[0.15978460580774034, 0.8431835554170827, -0.9003563323555833, 0.1706189366807296]",22.717850563669263,0.2483099746209041
"[0.15985808374098698, 0.8432283114654694, -0.9002912956711532, 0.1706760071712492]",22.71307064269495,0.25145313885661175
"[0.15993087131350978, 0.8432726355096248, -0.9002268790141897, 0.1707325283401036]",22.70829928045036,0.2545963030923194
"[0.16000297415313616, 0.843316531304422, -0.9001630771471748, 0.17078850493255074]",22.70353654953608,0.25773946732802705
"[0.16007439691472583, 0.8433600020058644, -0.9000998856987019, 0.17084394093097086]",22.69878252696718,0.2608826315637347
"[0.16014514511022354, 0.8434030512853405, -0.9000372995440081, 0.17089884097576558]",22.69403728534,0.26402579579944235
"[0.16021522379216802, 0.8434456825282839, -0.8999753139697969, 0.17095320934346286]",22.689300892609044,0.26716896003515
"[0.1602846380077132, 0.8434878991106987, -0.8999139242723909, 0.17100705029933147]",22.684573422520646,0.27031212427085766
"[0.16035339318340347, 0.8435297046331709, -0.899853125417438, 0.17106036839583114]",22.679854940269948,0.2734552885065653
"[0.16042149429491132, 0.8435711024160231, -0.8997929127741074, 0.17111316782874578]",22.675145517675325,0.2765984527422729
"[0.16048894657546214, 0.8436120959302147, -0.8997332814885227, 0.17116545298672622]",22.670445213977477,0.27974161697798056
"[0.160555754959536, 0.843652688459265, -0.899674226975548, 0.1712172280200949]",22.665754101198207,0.2828847812136882
"[0.16062192467875655, 0.8436928834614801, -0.8996157443919277, 0.17126849730283514]",22.66107224191839,0.28602794544939586
"[0.1606874611965723, 0.8437326845301512, -0.8995578286941125, 0.17131926538184555]",22.65639968885126,0.2891711096851035
"[0.16075236922765782, 0.8437720947981492, -0.8995004755047304, 0.17136953621745604]",22.651736513717474,0.29231427392081116
"[0.16081665404052317, 0.8438111177291551, -0.8994436799613399, 0.17141931419266485]",22.647082766577068,0.2954574381565188
"[0.16088032078695072, 0.8438497567104389, -0.8993874373089991, 0.1714686035937033]",22.64243851257997,0.29860060239222647
"[0.16094337463059463, 0.8438880151310306, -0.8993317427865647, 0.171517408709744]",22.637803804503722,0.3017437666279341
"[0.16100582048106377, 0.8439258962204947, -0.8992765918614749, 0.17156573362721184]",22.633178696076584,0.30488693086364177
"[0.16106766362608582, 0.8439634034325292, -0.8992219796713457, 0.1716135827191305]",22.628563243742832,0.30803009509934937
"[0.16112890906192334, 0.844000540038824, -0.8991679016152975, 0.1716609601270007]",22.623957497367417,0.311173259335057
"[0.16118956196085069, 0.8440373094126898, -0.8991143529410514, 0.17170787012262234]",22.61936150776266,0.31431642357076467
"[0.16124962727675127, 0.8440737147899919, -0.8990613290931111, 0.171754316803094]",22.614775328408204,0.3174595878064724
"[0.16130911012518442, 0.8441097594996451, -0.8990088253771416, 0.17180030438486465]",22.610199002978387,0.32060275204218003
"[0.16136801552835553, 0.8441454468090855, -0.8989568371850656, 0.1718458370065802]",22.605632582523306,0.3237459162778876
"[0.16142634848894155, 0.8441807799691115, -0.8989053599298189, 0.17189091878627913]",22.601076110604556,0.3268890805135953
"[0.16148411424645867, 0.8442157623691978, -0.8988543888190863, 0.17193555401955857]",22.596529628046813,0.3300322447493029
"[0.16154131754176607, 0.8442503970921439, -0.8988039195042423, 0.1719797466113265]",22.59199318250778,0.3331754089850106
"[0.16159796352285855, 0.8442846874627058, -0.898753947281027, 0.17202350077580908]",22.5874668158061,0.33631857322071823
"[0.16165405710587563, 0.8443186366607168, -0.898704467653306, 0.1720668205429089]",22.58295056514611,0.3394617374564258
"[0.16170960318678454, 0.8443522478493702, -0.8986554761462181, 0.1721097099218722]",22.578444474168116,0.3426049016921335
"[0.16176460690567984, 0.8443855243351741, -0.8986069680730404, 0.1721521731053967]",22.5739485808213,0.3457480659278412
"[0.1618190730589623, 0.8444184692123493, -0.8985589390535734, 0.17219421401585716]",22.569462917262307,0.34889123016354884
"[0.1618730067737418, 0.8444510857708984, -0.8985113844193304, 0.17223583682602295]",22.564987518846998,0.3520343943992565
"[0.1619264127284545, 0.844483377025277, -0.8984642999007325, 0.1722770453575823]",22.560522423524013,0.3551775586349641
"[0.16197929603015745, 0.8445153462450035, -0.898417680853527, 0.17231784375826187]",22.55606766251584,0.35832072287067174
"[0.16203166123486393, 0.8445469963624105, -0.8983715231224191, 0.17235823574601417]",22.551623270283784,0.3614638871063794
"[0.16208351376077565, 0.8445783308269481, -0.8983258217952657, 0.17239822569926538]",22.547189272523763,0.36460705134208704
"[0.16213485790556953, 0.844609352406938, -0.8982805729506524, 0.1724378171276939]",22.542765701893572,0.3677502155777947
"[0.16218569881444614, 0.8446400643789963, -0.898235771923209, 0.17247701419018996]",22.53835258422511,0.37089337981350234
"[0.1622360411486545, 0.844670469723526, -0.8981914144770532, 0.17251582066810436]",22.53394994992324,0.37403654404921
"[0.16228588973582211, 0.8447005715177097, -0.8981474962326084, 0.17255424046679937]",22.5295578219952,0.37717970828491765
"[0.1623352495192124, 0.8447303729048384, -0.8981040127113312, 0.17259227757650897]",22.525176224474972,0.3803228725206253
"[0.16238412514935488, 0.844759876847815, -0.8980609596954192, 0.1726299357577116]",22.520805182147363,0.38346603675633295
"[0.16243252118235207, 0.8447890862490355, -0.898018333052991, 0.17266721869412285]",22.516444720205435,0.38660920099204055
"[0.16248044268929962, 0.8448180043182089, -0.8979761282013136, 0.17270413046218258]",22.51209485444448,0.3897523652277482
"[0.16252789423281122, 0.8448466339546912, -0.8979343410082261, 0.17274067474265467]",22.50775560897197,0.3928955294634559
"[0.16257488045001495, 0.8448749780994503, -0.8978929672785654, 0.17277685526986825]",22.50342699908989,0.3960386936991635
"[0.16262140603844003, 0.8449030397265693, -0.8978520027665811, 0.17281267582086457]",22.499109044564257,0.39918185793487115
"[0.16266747553055624, 0.8449308217073089, -0.8978114433744082, 0.17284814004187313]",22.494801764237717,0.4023250221705788
"[0.1627130937990047, 0.8449583271148425, -0.8977712847072203, 0.17288325183729977]",22.490505171906353,0.40546818640628646
"[0.16275826518666878, 0.8449855586997411, -0.8977315228390376, 0.1729180147001638]",22.486219281353304,0.40861135064199405
"[0.16280299459194889, 0.8450125195443777, -0.8976921533573065, 0.1729524325474674]",22.4819441081526,0.41175451487770176
"[0.16284728635194984, 0.845039212389704, -0.897653172345931, 0.17298650886077516]",22.477679663114234,0.4148976791134094
"[0.16289114495952253, 0.8450656400675911, -0.8976145757540432, 0.17302024723811696]",22.473425959113754,0.418040843349117
"[0.16293457514159923, 0.8450918055479906, -0.8975763593270977, 0.1730536514542017]",22.469183005194072,0.4211840075848247
"[0.16297758135950002, 0.8451177116378886, -0.8975385190465732, 0.17308672507608583]",22.464950812472647,0.4243271718205323
"[0.16302016791468824, 0.8451433610451622, -0.8975010510368023, 0.17311947154467464]",22.460729387938557,0.42747033605624
"[0.1630623395727311, 0.8451687567544107, -0.897463951015983, 0.1731518946545457]",22.456518738378588,0.4306135002919476
"[0.1631041004602539, 0.8451939013626873, -0.8974272152665839, 0.17318399770586498]",22.452318874813244,0.43375666452765527
"[0.16314545523013407, 0.8452187977812423, -0.8973908396102259, 0.17321578440030716]",22.448129799009365,0.43689982876336286
"[0.16318640805432064, 0.8452434486291197, -0.8973548202936457, 0.1732472580668346]",22.44395151647936,0.44004299299907057
"[0.1632269635392722, 0.8452678567843204, -0.8973191531834349, 0.17327842236539187]",22.439784029378487,0.4431861572347783
"[0.16326712588760178, 0.8452920248792, -0.8972838345033773, 0.17330928064263784]",22.43562734376102,0.4463293214704859
"[0.16330689945471435, 0.845315955635572, -0.8972488603448316, 0.17333983635979106]",22.431481459321848,0.4494724857061935
"[0.16334628852280894, 0.8453396517287312, -0.8972142268654594, 0.17337009291901068]",22.427346376742246,0.4526156499419011
"[0.16338529751790634, 0.8453631159180562, -0.897179930098365, 0.17340005383015178]",22.423222095563577,0.45575881417760883
"[0.16342393052170334, 0.8453863507534227, -0.8971459663812484, 0.17342972233588774]",22.419108617916024,0.4589019784133164
"[0.16346219182375138, 0.8454093589074088, -0.8971123318708759, 0.17345910183588448]",22.415005942736773,0.46204514264902413
"[0.1635000856850331, 0.8454321430331, -0.8970790227509318, 0.1734881957052355]",22.41091406200196,0.46518830688473173
"[0.1635376162743788, 0.8454547057259146, -0.897046035287865, 0.17351700724570587]",22.40683297777547,0.4683314711204394
"[0.1635747877173372, 0.8454770495530474, -0.8970133657878854, 0.1735455397233243]",22.40276268264572,0.4714746353561471
"[0.16361160429655486, 0.8454991771739464, -0.89698101042083, 0.17357379652222205]",22.398703171807732,0.4746177995918547
"[0.16364806979440255, 0.8455210909452623, -0.8969489657978438, 0.1736017806401535]",22.394654443515854,0.47776096382756233
"[0.1636841886742211, 0.845542793630803, -0.8969172279332714, 0.17362949559510107]",22.390616484130614,0.48090412806326993
"[0.16371996487550922, 0.8455642876775071, -0.8968857933034039, 0.17365694450068775]",22.386589292723855,0.48404729229897764
"[0.16375540236544864, 0.8455855755469663, -0.8968546583617512, 0.1736841304895203]",22.38257285872012,0.48719045653468523
"[0.16379050538827272, 0.8456066598652142, -0.8968238193199577, 0.17371105690448388]",22.378567173188813,0.49033362077039294
"[0.16382527786501552, 0.8456275430621855, -0.8967932726751442, 0.17373772683830152]",22.374572223958758,0.49347678500610054
"[0.16385972346819774, 0.8456482274167108, -0.8967630151441889, 0.17376414319097783]",22.37058800792996,0.4966199492418082
"[0.16389384660361414, 0.8456687156460855, -0.8967330428013014, 0.17379030942274504]",22.366614505943442,0.4997631134775159
"[0.16392765087009786, 0.8456890099812082, -0.8967033524309569, 0.1738162283729033]",22.362651711823663,0.5029062777132235
"[0.16396114040411114, 0.84570911297398, -0.8966739403468027, 0.17384190329096413]",22.35869960924728,0.5060494419489312
"[0.16399431890265, 0.8457290269107135, -0.8966448032498368, 0.17386733708748725]",22.354758188630992,0.5091926061846388
"[0.16402719035425728, 0.8457487542509982, -0.8966159375863565, 0.17389253289457565]",22.3508274335492,0.5123357704203465
"[0.1640597585474382, 0.8457682973326577, -0.8965873399796555, 0.17391749368905127]",22.346907328172694,0.5154789346560541
"[0.1640920271564315, 0.8457876584233034, -0.896559007154643, 0.1739422223582891]",22.342997862430654,0.5186220988917617
"[0.1641240001910883, 0.8458068399902806, -0.896530935542821, 0.17396672204499708]",22.339099016531666,0.5217652631274694
"[0.16415568131523756, 0.8458258442917135, -0.8965031218807625, 0.17399099562488476]",22.335210776337558,0.524908427363177
"[0.1641870743166225, 0.8458446736584989, -0.8964755627974658, 0.17401504606682638]",22.331333123000285,0.5280515915988847
"[0.16421818273277733, 0.8458633302699251, -0.8964482551427744, 0.17403887614626581]",22.327466039154448,0.5311947558345923
"[0.16424901061869165, 0.8458818166140957, -0.8964211953134802, 0.17406248903330598]",22.32360950607261,0.5343379200703
"[0.16427956129870294, 0.8459001347394581, -0.8963943803488944, 0.17408588733668387]",22.31976350443108,0.5374810843060076
"[0.1643098384348787, 0.8459182868955627, -0.8963678069929857, 0.17410907392220423]",22.315928019214514,0.5406242485417153
"[0.16433984577145996, 0.8459362753797822, -0.896341471918723, 0.17413205171696183]",22.31210302677384,0.5437674127774229
"[0.16436958679234254, 0.8459541023320118, -0.8963153720286563, 0.17415482344709227]",22.308288506488218,0.5469105770131306
"[0.1643990652928688, 0.8459717700774549, -0.8962895039530875, 0.17417739207563115]",22.304484437650785,0.5500537412488382
"[0.16442828462304304, 0.8459892806730415, -0.8962638647141731, 0.17419976022311634]",22.30069080097397,0.5531969054845458
"[0.1644572483525951, 0.8460066363060869, -0.8962384511422701, 0.17422193067682085]",22.29690757009516,0.5563400697202535
"[0.1644859600443567, 0.8460238391584652, -0.896213260074805, 0.1742439062172519]",22.293134723322392,0.5594832339559611
"[0.16451442306211414, 0.8460408912915238, -0.8961882885248288, 0.17426568947112867]",22.289372241122614,0.5626263981916688
"[0.16454264081779119, 0.8460577947942263, -0.8961635334641094, 0.1742872831006199]",22.285620096776842,0.5657695624273764
"[0.1645706169393591, 0.8460745518837243, -0.8961389916758375, 0.17430868993182483]",22.28187826894714,0.5689127266630841
"[0.16459835461799685, 0.8460911645143343, -0.8961146603273136, 0.17432991245524573]",22.278146729567972,0.5720558908987917
"[0.16462585735278606, 0.8461076348236313, -0.8960905363166408, 0.1743509533956574]",22.274425456653578,0.5751990551344994
"[0.1646531285550876, 0.8461239648954849, -0.8960666166197786, 0.17437181540939237]",22.270714421378532,0.578342219370207
"[0.16468017140690167, 0.8461401566753028, -0.8960428984147296, 0.17439250097605208]",22.267013598846724,0.5814853836059147
"[0.1647069892402004, 0.8461562121972023, -0.896019378748806, 0.17441301268872086]",22.263322967912067,0.5846285478416223
"[0.16473358556261433, 0.8461721335993598, -0.895996054516123, 0.17443335327358056]",22.25964249379228,0.5877717120773299
"[0.1647599632717474, 0.8461879226537091, -0.8959729231465966, 0.17445352498906438]",22.255972155707273,0.5909148763130376
"[0.16478612595958717, 0.8462035815468054, -0.8959499814620111, 0.1744735306234607]",22.25231192081174,0.5940580405487452
"[0.16481207666381242, 0.8462191121323854, -0.8959272267710335, 0.17449337254000008]",22.248661763198967,0.5972012047844529
"[0.1648378185625045, 0.8462345163472358, -0.895904656259978, 0.17451305320815813]",22.245021657125587,0.6003443690201605
"[0.16486335498766996, 0.8462497962192629, -0.8958822669809672, 0.17453257521396573]",22.24139156792467,0.6034875332558682
"[0.16488868877702847, 0.8462649534796548, -0.8958600564202376, 0.17455194076449365]",22.237771474948044,0.6066306974915759
"[0.16491382323441423, 0.8462799901375614, -0.895838021656087, 0.17457115242207832]",22.2341613428929,0.6097738617272835
"[0.16493876168325908, 0.8462949082128912, -0.8958161597503815, 0.17459021276293887]",22.230561140425248,0.6129170259629911
"[0.16496350670720342, 0.8463097092821157, -0.8957944684142104, 0.17460912379685728]",22.22697084392082,0.6160601901986987
"[0.16498806180743342, 0.846324395469673, -0.8957729445550141, 0.17462788823386238]",22.223390415445976,0.6192033544344064
"[0.1650124299030598, 0.8463389685509433, -0.8957515855911686, 0.17464650833812795]",22.219819828026846,0.622346518670114
"[0.16503661390322005, 0.8463534302945243, -0.8957303889504316, 0.174664986365271]",22.216259052524762,0.6254896829058217
"[0.16506061674026262, 0.8463677824820538, -0.8957093520408607, 0.1746833245877006]",22.21270805538007,0.6286328471415293
"[0.16508444165634326, 0.8463820270795962, -0.8956884719996304, 0.17470152551358065]",22.20916680142544,0.631776011377237
"[0.16510809144025884, 0.8463961657813235, -0.8956677463618807, 0.17471959130379017]",22.205635261981275,0.6349191756129448
"[0.16513156879760996, 0.8464102002309197, -0.8956471727362456, 0.174737524054802]",22.202113407997054,0.6380623398486523
"[0.1651548769905299, 0.846424132403982, -0.89562674824426, 0.17475532628730747]",22.198601200925456,0.6412055040843601
"[0.16517801868896703, 0.8464379639213482, -0.8956064705269894, 0.1747730000688072]",22.19509861051701,0.6443486683200677
"[0.16520099682397746, 0.8464516965591936, -0.8955863369972675, 0.174790547665393]",22.191605603675576,0.6474918325557752
"[0.1652238141654505, 0.8464653319966435, -0.8955663452097112, 0.17480797121924865]",22.188122147609366,0.6506349967914828
"[0.16524647369456033, 0.8464788720383594, -0.895546492534377, 0.1748252730330775]",22.18464820596512,0.6537781610271906
"[0.16526897796273626, 0.8464923182315124, -0.8955267767183778, 0.17484245508065155]",22.18118374675376,0.6569213252628981
"[0.16529132984748582, 0.8465056723174348, -0.8955071952236701, 0.17485951958394677]",22.177728737948176,0.6600644894986059
"[0.16531353209963232, 0.8465189359610845, -0.8954877456237258, 0.17487646866744214]",22.17428314045133,0.6632076537343136
"[0.16533558748744934, 0.8465321108371724, -0.8954684254772489, 0.1748933044681795]",22.1708469251796,0.6663508179700212
"[0.16535749873577607, 0.8465451985938401, -0.8954492323814854, 0.17491002908932043]",22.167420051004576,0.6694939822057289
"[0.16537926834772457, 0.8465582007461157, -0.8954301641284085, 0.1749266444640469]",22.164002488998154,0.6726371464414365
"[0.1654008993136486, 0.8465711190994428, -0.8954112180836828, 0.1749431528967297]",22.160594199849378,0.6757803106771441
"[0.16542239395792172, 0.8465839550609029, -0.8953923921967765, 0.17495955618275982]",22.15719514967272,0.6789234749128517
"[0.1654437550467459, 0.8465967103008374, -0.8953736840306367, 0.1749758564540448]",22.153805303369637,0.6820666391485594
"[0.16546498511216096, 0.8466093863491727, -0.8953550913537525, 0.17499205566313128]",22.150424625031444,0.685209803384267
"[0.16548608676915944, 0.846621984784794, -0.8953366118624088, 0.17500815582521223]",22.147053078478915,0.6883529676199747
"[0.16550706259449757, 0.8466345071631729, -0.8953182432868243, 0.17502415892565112]",22.143690626795436,0.6914961318556824
"[0.16552791528346725, 0.8466469551099878, -0.895299983253852, 0.17504006703960756]",22.140337234950376,0.69463929609139
"[0.1655486470252611, 0.8466593299482507, -0.8952818298339438, 0.17505588185552698]",22.13699286632915,0.6977824603270977
"[0.16556926037578612, 0.8466716332194021, -0.8952637807768179, 0.17507160534104785]",22.133657485745495,0.7009256245628053
"[0.16558975824121155, 0.846683866673315, -0.895245833525964, 0.17508723973030965]",22.130331051447595,0.704068788798513
"[0.16561014257409012, 0.8466960314902442, -0.8952279863602183, 0.17510278652952363]",22.127013532022232,0.7072119530342206
"[0.16563041608922646, 0.846708129304856, -0.8952102368914078, 0.17511824782571853]",22.123704888141326,0.7103551172699282
"[0.16565058107595707, 0.8467201614974079, -0.895192583104259, 0.17513362538085894]",22.120405082993233,0.7134982815056359
"[0.16567063998523274, 0.8467321295441116, -0.8951750228423822, 0.17514892107961125]",22.11711407860215,0.7166414457413435
"[0.16569059523954444, 0.8467440349037113, -0.895157553974678, 0.1751641367843883]",22.113831840402163,0.7197846099770512
"[0.16571044920948014, 0.84675587900351, -0.895140174415853, 0.1751792743174877]",22.110558328704336,0.7229277742127588
"[0.16573020409790867, 0.8467676631703079, -0.8951228822277791, 0.17519433537281917]",22.107293505614262,0.7260709384484665
"[0.16574986246584955, 0.8467793889440838, -0.8951056751591816, 0.17520932191682426]",22.10403733372647,0.7292141026841741
"[0.16576942630765865, 0.8467910575263649, -0.8950885514551384, 0.17522423548343777]",22.100789775069952,0.7323572669198818
"[0.16578889815124082, 0.8468026704364945, -0.895071508894049, 0.17523907801284894]",22.097550792443098,0.7355004311555894
"[0.16580828015690988, 0.8468142289741339, -0.8950545455763922, 0.1752538511645372]",22.094320350934595,0.738643595391297
"[0.16582757464676087, 0.8468257345349923, -0.8950376594613833, 0.1752685567208127]",22.091098406832188,0.7417867596270047
"[0.16584678398824715, 0.8468371885414236, -0.8950208484688631, 0.17528319649808427]",22.08788492301433,0.7449299238627123
"[0.16586591003999335, 0.8468485921119494, -0.8950041109642957, 0.17529777192450066]",22.084679863491658,0.74807308809842
"[0.16588495517048565, 0.8468599466687373, -0.8949874448672377, 0.17531228481635064]",22.08148319167515,0.7512162523341276
"[0.165903921583838, 0.8468712535355195, -0.8949708482414159, 0.17532673686418404]",22.07829486524587,0.7543594165698353
"[0.16592281134995382, 0.8468825139556526, -0.8949543192682886, 0.17534112965585938]",22.07511484874541,0.7575025808055429
"[0.1659416267646312, 0.846893729306754, -0.894937855931954, 0.17535546495091034]",22.071943099602166,0.7606457450412506
"[0.16596036986414703, 0.846904900811383, -0.8949214564438778, 0.17536974431071894]",22.06877958563589,0.7637889092769582
"[0.1659790426995149, 0.846916029700497, -0.8949051190029218, 0.17538396930747324]",22.06562426351212,0.7669320735126659
"[0.16599764744751025, 0.8469271172796662, -0.8948888416981848, 0.17539814160876885]",22.062477095258426,0.7700752377483735
"[0.1660161860342078, 0.8469381647046846, -0.894872622838387, 0.1754122626908154]",22.059338043608935,0.7732184019840811
"[0.1660346606088672, 0.8469491732640086, -0.8948564605372531, 0.1754263341994407]",22.0562070712668,0.7763615662197888
"[0.16605307321819918, 0.8469601441846337, -0.8948403529984967, 0.1754403577019618]",22.053084136815922,0.7795047304554964
"[0.16607142591863475, 0.8469710786989876, -0.8948242984176006, 0.17545433477270042]",22.049969198621685,0.7826478946912041
"[0.1660897206261906, 0.8469819779555317, -0.894808295113127, 0.17546826687867834]",22.04686222680766,0.7857910589269118
"[0.16610795938340198, 0.8469928431777615, -0.8947923412932235, 0.1754821555828887]",22.043763174680663,0.7889342231626194
"[0.16612614402548184, 0.8470036754653307, -0.8947764353476421, 0.175496002290077]",22.04067200614668,0.792077387398327
"[0.16614427655069508, 0.8470144760147311, -0.8947605755237461, 0.17550980852880582]",22.0375886860923,0.7952205516340346
"[0.16616235914440755, 0.8470252461335637, -0.8947447599055081, 0.17552357596971757]",22.034513165903427,0.7983637158697423
"[0.16618039329323192, 0.8470359867129282, -0.8947289871882963, 0.17553730575109297]",22.03144541843635,0.80150688010545
"[0.16619838124879566, 0.8470466990992553, -0.8947132553986169, 0.17555099959331044]",22.02838539539457,0.8046500443411576
"[0.16621632485143203, 0.8470573843937208, -0.894697562922933, 0.17556465890327158]",22.02533306109882,0.8077932085768653
"[0.16623422564728188, 0.8470680435220235, -0.8946819084052102, 0.17557828486361007]",22.022288382128046,0.8109363728125729
"[0.16625208579494236, 0.8470786777742739, -0.8946662899540274, 0.17559187912284083]",22.019251313997998,0.8140795370482805
"[0.16626990705745712, 0.8470892882047604, -0.8946507060241082, 0.17560544302805403]",22.016221815760108,0.8172227012839881
"[0.1662876913279947, 0.8470998759449444, -0.8946351549566126, 0.1756189780250493]",22.013199852843385,0.8203658655196959
"[0.16630544014555715, 0.8471104419151736, -0.8946196354026014, 0.17563248528977868]",22.01018538784979,0.8235090297554035
"[0.1663231556157055, 0.8471209873728102, -0.8946041455179415, 0.1756459664290579]",22.007178376711483,0.8266521939911111
"[0.1663408393102985, 0.8471315132572114, -0.894588683925386, 0.17565942264322557]",22.00417878313217,0.8297953582268188
"[0.16635849299579167, 0.8471420206233203, -0.894573249077736, 0.17567285528041582]",22.001186569475763,0.8329385224625264
"[0.16637611865954496, 0.8471525106572851, -0.8945578392348675, 0.1756862658565333]",21.998201693951277,0.836081686698234
"[0.16639371755807267, 0.8471629841100173, -0.8945424532958283, 0.17569965533111587]",21.995224123287233,0.8392248509339416
"[0.16641129175092623, 0.8471734422100978, -0.8945270894577873, 0.17571302527439675]",21.99225381562973,0.8423680151696494
"[0.1664288428357348, 0.8471838859109625, -0.8945117463219495, 0.1757263769048834]",21.989290730751907,0.845511179405357
"[0.1664463725141533, 0.8471943162276595, -0.8944964223987877, 0.1757397115199167]",21.986334830556597,0.8486543436410646
"[0.16646388254690198, 0.8472047342101691, -0.8944811161473221, 0.17575303046150223]",21.983386075757142,0.8517975078767724
"[0.16648137438561605, 0.8472151407242969, -0.8944658262969593, 0.17576633483624493]",21.980444431572693,0.85494067211248
"[0.16649884974411566, 0.8472255367916136, -0.8944505513480999, 0.17577962594991572]",21.977509856891974,0.8580838363481876
"[0.16651631022022884, 0.8472359233644416, -0.8944352899027218, 0.1757929050197881]",21.974582314956212,0.8612270005838952
"[0.16653375747141116, 0.8472463014303386, -0.8944200405108677, 0.175806173308215]",21.971661763194913,0.8643701648196029
"[0.16655119304788876, 0.8472566719128198, -0.894404801816495, 0.1758194319957208]",21.96874816690349,0.8675133290553105
"[0.1665686186580688, 0.847267035829269, -0.8943895723254852, 0.17583268238286212]",21.965841485637565,0.8706564932910181
"[0.16658603553510012, 0.8472773939141716, -0.8943743509592613, 0.1758459254085484]",21.962941684329863,0.8737996575267257
"[0.16660344566376806, 0.8472877473488098, -0.8943591359825263, 0.17585916258295384]",21.960048719781142,0.8769428217624335
"[0.16662085032276142, 0.847298096894301, -0.8943439262772511, 0.17587239487910575]",21.957162558347786,0.8800859859981411
"[0.16663825099398197, 0.8473084434324226, -0.8943287205479672, 0.17588562342431502]",21.95428315801424,0.8832291502338487
"[0.16665564925946322, 0.8473187879042453, -0.8943135174118857, 0.17589884942175155]",21.95141048436987,0.8863723144695566
"[0.16667304665041685, 0.8473291312204104, -0.894298315530798, 0.17591207403570178]",21.94854449732198,0.8895154787052642
"[0.16669044466236127, 0.8473394742701111, -0.8942831135978572, 0.17592529840306567]",21.945685156178133,0.8926586429409717
"[0.16670784453076223, 0.8473498177877342, -0.8942679105336026, 0.17593852346284353]",21.94283243063405,0.8958018071766793
"[0.16672524804484384, 0.847360162836644, -0.8942527047748913, 0.1759517505746909]",21.93998627494865,0.898944971412387
"[0.16674265647521083, 0.8473705101716973, -0.8942374952118856, 0.17596498070383956]",21.93714665304708,0.9020881356480946
"[0.1667600711304183, 0.8473808605701159, -0.8942222807017374, 0.1759782148441467]",21.93431353243423,0.9052312998838022
"[0.1667774936697872, 0.8473912150173836, -0.8942070597953128, 0.1759914542557917]",21.93148686843149,0.9083744641195101
"[0.16679492528167883, 0.8474015742188752, -0.8941918314550893, 0.17600469984082864]",21.928666629097307,0.9115176283552177
"[0.16681236748273526, 0.8474119390748638, -0.894176594356905, 0.1760179527505419]",21.925852771710545,0.9146607925909253
"[0.16682982171453697, 0.8474223104407973, -0.8941613472423388, 0.17603121407893482]",21.92304525987265,0.9178039568266328
"[0.1668472890042034, 0.847432688925658, -0.8941460892151684, 0.17604448460489774]",21.920244062972394,0.9209471210623407
"[0.1668647711024828, 0.8474430755681976, -0.8941308187472132, 0.17605776565687412]",21.91744913079903,0.9240902852980483
"[0.16688226905337486, 0.8474534709870519, -0.894115534927799, 0.17607105802614906]",21.914660438006475,0.9272334495337559
"[0.16689978431915425, 0.847463876049157, -0.894100236481048, 0.1760843628215413]",21.911877942999826,0.9303766137694635
"[0.16691731823433176, 0.8474742915453608, -0.8940849222428277, 0.17609768105459356]",21.909101606359652,0.9335197780051712
"[0.16693487210818939, 0.8474847182513139, -0.8940695910711995, 0.17611101371745588]",21.906331391710115,0.9366629422408788
"[0.16695244711300272, 0.847495156861102, -0.8940542419440269, 0.17612436169800666]",21.903567264330338,0.9398061064765864
"[0.16697004451376835, 0.8475056081237134, -0.894038873758329, 0.1761377259543477]",21.90080918841609,0.9429492707122942
"[0.1669876657127559, 0.8475160728694456, -0.8940234852914031, 0.17615110754859786]",21.89805712219001,0.9460924349480018
"[0.16700531176352357, 0.847526551721341, -0.8940080756252096, 0.1761645072778618]",21.895311034625117,0.9492355991837094
"[0.16702298412633285, 0.8475370455437474, -0.8939926434867013, 0.1761779262478584]",21.892570883551063,0.952378763419417
"[0.16704068385275123, 0.8475475549581617, -0.8939771879598581, 0.17619136525377035]",21.889836634774483,0.9555219276551247
"[0.16705841224512719, 0.8475580807347833, -0.8939617079098211, 0.17620482528097975]",21.887108254400943,0.9586650918908323
"[0.16707617054091836, 0.8475686236051105, -0.8939462022585346, 0.17621830726539395]",21.88438569947353,0.9618082561265399
"[0.16709395982583053, 0.8475791842103533, -0.8939306700605906, 0.176231812027499]",21.881668939658848,0.9649514203622477
"[0.1671117813418926, 0.8475897632843595, -0.8939151102342213, 0.1762453405062617]",21.87895793627414,0.9680945845979553
"[0.16712963625410712, 0.8476003615150531, -0.8938995217650614, 0.17625889358195979]",21.876252652934653,0.9712377488336629
"[0.16714752572023328, 0.8476109795858915, -0.8938839036452014, 0.17627247212917585]",21.873553052718083,0.9743809130693705
"[0.16716545083051593, 0.8476216181400685, -0.8938682549258171, 0.17628607697103993]",21.87085910346211,0.9775240773050783
"[0.16718341281484245, 0.8476322779034948, -0.8938525745363061, 0.17629970903647704]",21.868170762560023,0.9806672415407859
"[0.16720141269398128, 0.8476429594777766, -0.893836861588769, 0.17631336909548764]",21.86548800218535,0.9838104057764935
"[0.1672194516283943, 0.8476536635472548, -0.8938211150734899, 0.1763270580238976]",21.86281078043744,0.9869535700122011
"[0.16723753075744824, 0.8476643907835801, -0.893805333999303, 0.17634077668132364]",21.860139062037444,0.9900967342479088
"[0.16725565106715518, 0.8476751417672259, -0.8937895175090436, 0.17635452581081384]",21.857472814992366,0.9932398984836164
"[0.16727381372306935, 0.8476859171850163, -0.8937736645889631, 0.17636830629145286]",21.854811999621255,0.996383062719324
"[0.1672920198765732, 0.8476967177151935, -0.8937577742378215, 0.17638211899137024]",21.85215658279654,0.9995262269550318
"[0.16731027042294083, 0.8477075438838834, -0.893741845678048, 0.17639596458418852]",21.849506529623724,1.0026693911907394
"[0.16732856645043823, 0.8477183963315453, -0.893725877963752, 0.17640984388976846]",21.84686180226956,1.005812555426447
"[0.16734690890739093, 0.8477292756154533, -0.8937098702713098, 0.17642375762161577]",21.844222370859665,1.0089557196621546
"[0.16736529905938638, 0.84774018248088, -0.8936938215003543, 0.17643770673369674]",21.84158819328187,1.0120988838978624
"[0.1673837377777361, 0.8477511174390782, -0.8936777308947382, 0.17645169188070872]",21.838959239158235,1.01524204813357
"[0.16740222600396598, 0.8477620810427843, -0.8936615976371601, 0.17646571377042997]",21.836335470229127,1.0183852123692776
"[0.16742076494756686, 0.8477730740034672, -0.8936454206766198, 0.1764797733136737]",21.833716855189007,1.0215283766049854
"[0.16743935532165563, 0.8477840967380879, -0.8936291993953847, 0.17649387104461628]",21.8311033569679,1.024671540840693
"[0.16745799821069035, 0.8477951498836385, -0.893612932851816, 0.17650800777886924]",21.828494943879615,1.0278147050764006
"[0.16747669468640336, 0.8478062340693733, -0.8935966201155248, 0.1765221843221806]",21.82589157725802,1.0309578693121082
"[0.16749544559525395, 0.8478173497908363, -0.8935802604527997, 0.1765364013093017]",21.82329322560775,1.0341010335478158
"[0.16751425185834876, 0.8478284975876564, -0.8935638530649253, 0.17655065943139917]",21.8206998520104,1.0372441977835234
"[0.16753311449381014, 0.8478396780568097, -0.893547397068672, 0.1765649594530077]",21.8181114249049,1.040387362019231
"[0.1675520343485348, 0.8478508916936027, -0.8935308917303243, 0.17657930200865776]",21.81552790747443,1.0435305262549388
"[0.1675710123845546, 0.8478621390614353, -0.8935143362158415, 0.17659368781998658]",21.81294926967644,1.0466736904906464
"[0.1675900495466093, 0.8478734207132749, -0.893497729706406, 0.17660811759532366]",21.810375470435723,1.049816854726354
"[0.16760914666660992, 0.8478847371350646, -0.893481071481747, 0.17662259195729313]",21.80780648041132,1.0529600189620616
"[0.16762830463389253, 0.847896088846619, -0.8934643607716236, 0.17663711157186612]",21.805242268316984,1.0561031831977694
"[0.1676475243430364, 0.8479074763707024, -0.8934475968013452, 0.17665167710880705]",21.80268279618345,1.059246347433477
"[0.16766680670266823, 0.8479189002382177, -0.8934307787841044, 0.17666628924832672]",21.80012802898,1.0623895116691846
"[0.16768615247343005, 0.8479303608922475, -0.8934139060622827, 0.17668094855832192]",21.79757793880773,1.0655326759048922
"[0.1677055626072202, 0.8479418588890116, -0.8933969778115796, 0.1766956557514305]",21.795032487004406,1.0686758401406
"[0.16772503778540176, 0.8479533946243129, -0.8933799934437613, 0.17671041133512325]",21.79249164504606,1.0718190043763076
"[0.1677445789994315, 0.8479649686774755, -0.8933629521002796, 0.17672521605164115]",21.789955376555135,1.0749621686120152
"[0.16776418703294668, 0.8479765815045612, -0.8933458531039545, 0.17674007048558196]",21.78742364650784,1.078105332847723
"[0.16778386277526983, 0.8479882336240582, -0.8933286956855698, 0.1767549753014233]",21.784896421501927,1.0812484970834306
"[0.16780360677515543, 0.8479999253526194, -0.8933114793730019, 0.17676993090548523]",21.78237367419694,1.0843916613191382
"[0.1678234201249104, 0.8480116573286144, -0.893294203220282, 0.1767849381156423]",21.779855368217422,1.0875348255548458
"[0.16784330340711848, 0.8480234298884249, -0.8932768667260241, 0.1767999973634945]",21.777341469167748,1.0906779897905536
"[0.16786325753826062, 0.8480352435659695, -0.8932594690978297, 0.17681510933335892]",21.774831944058874,1.0938211540262612
"[0.16788328317429194, 0.8480470987407622, -0.8932420097705748, 0.17683027451206138]",21.772326763518947,1.0969643182619688
"[0.1679033810858189, 0.8480589958600444, -0.8932244880792888, 0.17684549347308734]",21.769825893211873,1.1001074824976764
"[0.1679235520865249, 0.8480709353963983, -0.8932069033215696, 0.17686076682236004]",21.767329301981693,1.103250646733384
"[0.16794379690862118, 0.8480829177740041, -0.893189254866173, 0.17687609510392083]",21.76483695379835,1.1063938109690916
"[0.16796411622114837, 0.8480949433795189, -0.8931715421370326, 0.17689147881382072]",21.762348819153548,1.1095369752047992
"[0.16798451084849364, 0.848107012691364, -0.8931537644227916, 0.17690691856553659]",21.759864865689497,1.112680139440507
"[0.16800498146804385, 0.8481191261008196, -0.8931359211403508, 0.17692241486108315]",21.757385059234366,1.1158233036762146
"[0.16802552868800633, 0.8481312839580684, -0.8931180117670293, 0.1769379681499334]",21.754909371680945,1.1189664679119222
"[0.16804615342578072, 0.8481434867960966, -0.8931000355107656, 0.1769535791154329]",21.752437765125293,1.1221096321476298
"[0.16806685614571568, 0.8481557348796624, -0.8930819919745014, 0.17696924809781875]",21.74997021410934,1.1252527963833376
"[0.1680876377715494, 0.8481680287451705, -0.8930638803609047, 0.17698497578486164]",21.747506680052336,1.1283959606190452
"[0.16810849863984254, 0.8481803685814993, -0.8930457003845059, 0.1770007624197677]",21.745047138416144,1.1315391248547528
"[0.16812943964413882, 0.8481927549068726, -0.8930274512745309, 0.17701660866709965]",21.742591554307573,1.1346822890904606
"[0.16815046154683333, 0.8482051881617545, -0.893009132374639, 0.17703251509196863]",21.74013989367401,1.1378254533261682
"[0.1681715648185684, 0.8482176686138994, -0.8929907432828466, 0.17704848203855472]",21.737692126972547,1.1409686175618758
"[0.1681927501539075, 0.848230196663349, -0.8929722834021545, 0.17706451002030454]",21.735248223515963,1.1441117817975834
"[0.16821401822475243, 0.8482427726965879, -0.8929537521554316, 0.17708059953334016]",21.732808150534318,1.1472549460332913
"[0.16823536956803417, 0.8482553970201353, -0.8929351490832663, 0.17709675097150576]",21.73037187811592,1.1503981102689989
"[0.16825680489721348, 0.8482680700447406, -0.8929164735725529, 0.1771129648620163]",21.727939375375147,1.1535412745047064
"[0.16827832476971644, 0.8482807920887365, -0.8928977251462551, 0.17712924161387944]",21.725510612193435,1.156684438740414
"[0.16829992991647583, 0.8482935635728933, -0.8928789031762859, 0.17714558176717266]",21.72308555091282,1.1598276029761219
"[0.16832162072636914, 0.8483063847156036, -0.892860007332677, 0.1771619856030886]",21.720664168794098,1.1629707672118295
"[0.1683433979185733, 0.8483192559303747, -0.892841036997819, 0.17717845365246726]",21.718246431599503,1.166113931447537
"[0.16836526208144728, 0.8483321775532258, -0.8928219916681889, 0.17719498634703504]",21.715832307968583,1.1692570956832447
"[0.16838721368868717, 0.8483451498522647, -0.8928028709402541, 0.1772115840316517]",21.713421770765752,1.1724002599189522
"[0.16840925342920476, 0.8483581732226403, -0.8927836742231311, 0.17722824721374078]",21.711014782657987,1.1755434241546598
"[0.16843138181569076, 0.8483712479552009, -0.8927644010795525, 0.17724497626730834]",21.708611318230034,1.1786865883903674
"[0.1684535994259139, 0.8483843743791077, -0.8927450510156789, 0.17726177161539833]",21.706211346769308,1.1818297526260753
"[0.16847590670727988, 0.8483975527463548, -0.8927256236513211, 0.1772786335823433]",21.703814836667842,1.1849729168617829
"[0.16849830440191804, 0.848410783482896, -0.8927061183497316, 0.17729556271508565]",21.70142175771398,1.1881160810974905
"[0.16852079274693024, 0.8484240667162071, -0.8926865349140867, 0.17731255917867736]",21.699032080098007,1.1912592453331983
"[0.168543372623612, 0.8484374029541285, -0.8926668725866909, 0.17732962362488736]",21.696645772303754,1.1944024095689059
"[0.16856604425600977, 0.8484507923161457, -0.8926471311823025, 0.17734675620858892]",21.694262806896415,1.1975455738046135
"[0.16858880817266164, 0.8484642351014554, -0.8926273102506305, 0.1773639573146263]",21.691883154616725,1.200688738040321
"[0.1686116650205943, 0.8484777316790683, -0.8926074092383339, 0.17738122741719936]",21.68950677937807,1.2038319022760289
"[0.16863461524961718, 0.8484912823013766, -0.8925874277639106, 0.1773985668413131]",21.68713365791833,1.2069750665117365
"[0.16865765928329626, 0.8485048872051455, -0.8925673654688094, 0.1774159758919945]",21.6847637597882,1.210118230747444
"[0.16868079765877148, 0.848518546694049, -0.8925472218957097, 0.17743345495991186]",21.68239705086719,1.2132613949831519
"[0.16870403085493924, 0.8485322610372266, -0.8925269966381116, 0.17745100439156555]",21.6800335061869,1.2164045592188595
"[0.16872735944242553, 0.8485460305578101, -0.8925066892097803, 0.1774686246025725]",21.677673088915437,1.219547723454567
"[0.16875078354326647, 0.8485598553140259, -0.8924862995150745, 0.17748631566958076]",21.675315782689083,1.2226908876902747
"[0.16877430399283502, 0.848573735784973, -0.8924658268375262, 0.1775040782078382]",21.672961545007105,1.2258340519259823
"[0.1687979210890829, 0.8485876721324171, -0.8924452709285837, 0.17752191242653506]",21.67061035410473,1.2289772161616899
"[0.16882163529169641, 0.8486016646134348, -0.8924246313990232, 0.1775398186568517]",21.66826217616261,1.2321203803973975
"[0.1688454468586119, 0.8486157133659331, -0.8924039080353107, 0.17755779707748454]",21.66591698829168,1.2352635446331053
"[0.16886935648259674, 0.848629818784224, -0.892383100245585, 0.17757584819528127]",21.663574754807502,1.2384067088688129
"[0.16889336445876754, 0.8486439810278622, -0.8923622077841733, 0.17759397221668924]",21.66123545022167,1.2415498731045205
"[0.1689174712153308, 0.8486582003347862, -0.89234123028968, 0.17761216944848662]",21.658899043780078,1.244693037340228
"[0.16894167710237915, 0.8486724768967219, -0.892320167468789, 0.17763044013833187]",21.656565509321478,1.2478362015759359
"[0.16896598266041443, 0.848686811017552, -0.892299018862609, 0.17764878467744435]",21.6542348137874,1.2509793658116435
"[0.1689903881583776, 0.8487012028408631, -0.8922777842486491, 0.1776672032519194]",21.651906931258157,1.254122530047351
"[0.16901489408095152, 0.8487156526373312, -0.8922564632168072, 0.17768569621052324]",21.64958183360152,1.2572656942830587
"[0.16903950063170312, 0.8487301605117366, -0.8922350556016662, 0.1777042636897304]",21.647259492772594,1.2604088585187665
"[0.16906420845051523, 0.8487447268259759, -0.8922135608583184, 0.17772290615509798]",21.644939874916457,1.263552022754474
"[0.16908901770784218, 0.8487593516650375, -0.8921919788503588, 0.17774162371781396]",21.64262295664778,1.2666951869901817
"[0.16911392891376306, 0.8487740353139961, -0.8921703091460298, 0.1777604167451647]",21.640308707355295,1.2698383512258895
"[0.16913894227422868, 0.8487887778785184, -0.8921485515782368, 0.17777928537484108]",21.63799710274771,1.272981515461597
"[0.16916405825453204, 0.8488035796169969, -0.8921267057543956, 0.1777982299400263]",21.635688107003627,1.2761246796973047
"[0.16918927712021276, 0.8488184406699587, -0.8921047714557767, 0.17781725062307197]",21.633381697394448,1.2792678439330123
"[0.1692145992872369, 0.8488333612664452, -0.892082748332915, 0.17783634771964]",21.63107784484037,1.2824110081687201
"[0.16924002493778392, 0.8488483414976137, -0.892060636239773, 0.17785552134893198]",21.628776521577052,1.2855541724044277
"[0.1692655546515789, 0.8488633816887083, -0.8920384346846812, 0.17787477192978926]",21.626477696418377,1.2886973366401353
"[0.16929118856435135, 0.8488784819032559, -0.8920161435621985, 0.17789409954609223]",21.62418134264443,1.291840500875843
"[0.16931692701150036, 0.8488936423222925, -0.8919937625933352, 0.17791350443214696]",21.621887435868825,1.2949836651115505
"[0.16934277028938327, 0.8489088631037266, -0.8919712915331516, 0.17793298679267683]",21.619595945957965,1.298126829347258
"[0.16936871879456028, 0.8489241444643468, -0.8919487300496839, 0.17795254690779325]",21.617306841857445,1.3012699935829657
"[0.16939477273557654, 0.8489394865100758, -0.8919260779745477, 0.17797218491572558]",21.615020103217088,1.3044131578186735
"[0.16942093253105292, 0.8489548894704192, -0.8919033349568068, 0.17799190111290722]",21.612735690114047,1.307556322054381
"[0.1694471983162393, 0.848970353407898, -0.8918805008919872, 0.17801169558204913]",21.610453587230495,1.3106994862900887
"[0.16947357034303936, 0.848985878453604, -0.8918575755742835, 0.17803156849365723]",21.608173762712944,1.3138426505257963
"[0.16950004898613347, 0.8490014648107799, -0.8918345586912579, 0.17805152011061087]",21.605896187270787,1.3169858147615041
"[0.16952663467087806, 0.8490171127123416, -0.8918114498865408, 0.17807155073380157]",21.603620832622518,1.3201289789972117
"[0.16955332735297327, 0.8490328221146514, -0.8917882492120891, 0.17809166031012813]",21.60134767366861,1.3232721432329193
"[0.16958012742491643, 0.8490485932310452, -0.8917649563402764, 0.17811184911545694]",21.599076683570846,1.3264153074686271
"[0.16960703515036424, 0.8490644261988954, -0.8917415710555667, 0.17813211732843545]",21.59680783440879,1.3295584717043347
"[0.16963405074254562, 0.8490803211257785, -0.8917180931863433, 0.17815246508958993]",21.594541096292836,1.3327016359400423
"[0.1696611745011364, 0.8490962781700093, -0.8916945224859564, 0.17817289260441913]",21.592276445571006,1.33584480017575
"[0.1696884066345434, 0.8491122974360806, -0.8916708587871678, 0.1781934000095423]",21.590013851425994,1.3389879644114577
"[0.16971574730000683, 0.8491283789982755, -0.8916471019672848, 0.17821398740292282]",21.58775329258212,1.3421311286471653
"[0.1697431967997498, 0.8491445230160353, -0.8916232517777263, 0.1782346549915639]",21.585494734170492,1.345274292882873
"[0.16977075538483213, 0.8491607296185787, -0.8915993080144664, 0.1782554029437981]",21.58323815360494,1.3484174571185805
"[0.1697984231051983, 0.8491769988167418, -0.8915752706482987, 0.17827623127642203]",21.58098352644535,1.3515606213542881
"[0.16982620042628352, 0.8491933308655601, -0.891551139289132, 0.17829714031888425]",21.578730817527656,1.3547037855899957
"[0.16985408724218765, 0.8492097256840173, -0.8915269140433165, 0.17831812997042465]",21.57648000979754,1.3578469498257033
"[0.16988208399695345, 0.8492261835143199, -0.8915025945395366, 0.17833920054410765]",21.574231069483087,1.3609901140614111
"[0.16991019077423547, 0.8492427043866743, -0.8914781807196406, 0.17836035208160567]",21.57198397027858,1.3641332782971187
"[0.16993840776056413, 0.8492592883916609, -0.8914536724361899, 0.17838158470190132]",21.56973868789068,1.3672764425328263
"[0.1699667352349578, 0.8492759356740923, -0.8914290694615096, 0.17840289859343397]",21.567495195385842,1.370419606768534
"[0.16999517322919747, 0.849292646233374, -0.8914043717827406, 0.17842429375849203]",21.565253462629833,1.3735627710042417
"[0.17002372197842794, 0.8493094201883119, -0.8913795792104816, 0.17844577035225576]",21.563013467116363,1.3767059352399493
"[0.1700523816452873, 0.8493262576149897, -0.8913546916183896, 0.17846732847522473]",21.560775181846395,1.379849099475657
"[0.1700811523526303, 0.8493431585660114, -0.8913297089147499, 0.17848896819785565]",21.558538577705026,1.3829922637113647
"[0.1701100344319138, 0.8493601232164026, -0.8913046308268009, 0.17851068974736994]",21.55630362795698,1.3861354279470723
"[0.17013902780348814, 0.849377151499599, -0.8912794574388285, 0.17853249304167823]",21.554070310285358,1.38927859218278
"[0.17016813273255135, 0.849394243551486, -0.8912541885357697, 0.1785543782579261]",21.55183859148966,1.3924217564184875
"[0.17019734918652724, 0.8494113993329713, -0.8912288241611709, 0.1785763453492294]",21.549608454625062,1.3955649206541954
"[0.17022667757075463, 0.8494286190619983, -0.8912033639784805, 0.1785983945978442]",21.547379865034756,1.398708084889903
"[0.1702561178719302, 0.8494459027105788, -0.8911778080146739, 0.17862052597114153]",21.54515279774938,1.4018512491256105
"[0.17028567021420923, 0.8494632503313403, -0.8911521561774659, 0.17864273953973375]",21.542927229285276,1.4049944133613184
"[0.17031533480439495, 0.8494806620253145, -0.8911264083029151, 0.17866503543623438]",21.540703130023573,1.408137577597026
"[0.1703451116091886, 0.8494981377525039, -0.8911005644355573, 0.17868741361268334]",21.538480476393932,1.4112807418327336
"[0.1703750008147685, 0.8495156776016322, -0.8910746244295054, 0.17870987418596943]",21.536259240670418,1.4144239060684412
"[0.17040500256426125, 0.8495332816360464, -0.8910485881763208, 0.17873241724050265]",21.53403939852813,1.4175670703041487
"[0.17043511683529192, 0.8495509498218862, -0.8910224557112634, 0.1787550427362315]",21.531820921780128,1.4207102345398563
"[0.17046534388650694, 0.849568682290077, -0.8909962268257985, 0.17877775084413988]",21.529603785363186,1.423853398775564
"[0.17049568359027678, 0.8495864789448333, -0.8909699016466524, 0.17880054144490626]",21.5273879628909,1.4269965630112718
"[0.17052613629061922, 0.8496043399669424, -0.8909434798913763, 0.178823414773407]",21.525173426305685,1.4301397272469794
"[0.17055670186707172, 0.8496222652646512, -0.8909169616806071, 0.17884637071551399]",21.5229601536153,1.433282891482687
"[0.1705873805033277, 0.8496402549245062, -0.8908903468711551, 0.17886940938545184]",21.520748114697337,1.4364260557183945
"[0.1706181722386475, 0.8496583089482532, -0.8908636354452121, 0.1788925307888629]",21.5185372863882,1.4395692199541024
"[0.17064907707185412, 0.8496764273138487, -0.8908368274201084, 0.17891573490093712]",21.516327643270472,1.44271238418981
"[0.1706800951587186, 0.8496946100911731, -0.8908099226770978, 0.17893902181460625]",21.51411915636144,1.4458555484255176
"[0.17071122655373275, 0.8497128572906314, -0.890782921185362, 0.17896239154665158]",21.511911801062375,1.4489987126612252
"[0.17074247123898775, 0.8497311688801134, -0.890755822976938, 0.17898584405941517]",21.50970555146616,1.452141876896933
"[0.17077382931099094, 0.8497495448944822, -0.890728627984692, 0.17900937940103231]",21.507500382224176,1.4552850411326406
"[0.1708053007788225, 0.8497679853172775, -0.890701336217378, 0.17903299755392074]",21.50529626674786,1.4584282053683482
"[0.1708368857403187, 0.8497864901839601, -0.890673947606846, 0.17905669856701284]",21.503093179439578,1.461571369604056
"[0.17086858416755726, 0.8498050594562249, -0.8906464621940606, 0.17908048239477664]",21.500891094657263,1.4647145338397636
"[0.1709003960713207, 0.8498236931183691, -0.8906188799864788, 0.17910434902064404]",21.49868998860538,1.4678576980754712
"[0.17093232154439778, 0.8498423912026396, -0.8905912009205192, 0.17912829848947698]",21.49648983090347,1.4710008623111788
"[0.1709643606258042, 0.8498611537096963, -0.8905634249792898, 0.17915233080569665]",21.49429059967189,1.4741440265468864
"[0.17099651319242554, 0.8498799805451849, -0.8905355522865072, 0.17917644585203588]",21.49209226775716,1.477287190782594
"[0.1710287793844408, 0.849898871768854, -0.8905075827376919, 0.1792006437086291]",21.489894809341685,1.4804303550183016
"[0.17106115914143738, 0.8499178273229194, -0.8904795164023127, 0.17922492430507753]",21.487698200011373,1.4835735192540094
"[0.17109365247324806, 0.8499368471906533, -0.890451353288999, 0.17924928762358605]",21.48550241282118,1.486716683489717
"[0.17112625942273185, 0.84995593137458, -0.890423093377815, 0.1792737336710354]",21.483307421704655,1.4898598477254246
"[0.17115897992012472, 0.8499750798112342, -0.8903947367464878, 0.17929826236978874]",21.48111320074718,1.4930030119611322
"[0.17119181395270142, 0.849994292470469, -0.8903662834233584, 0.17932287368490224]",21.478919727918598,1.49614617619684
"[0.17122476153659244, 0.8500135693389491, -0.8903377334118164, 0.17934756760298112]",21.47672697333574,1.4992893404325476
"[0.17125782274725224, 0.8500329104379638, -0.8903090866639075, 0.1793723441550007]",21.474534911333233,1.5024325046682552
"[0.17129099732841188, 0.8500523155946819, -0.8902803434191531, 0.1793972031232728]",21.47234352062927,1.5055756689039628
"[0.17132428539890024, 0.850071784855639, -0.8902515035921105, 0.1794221445711392]",21.470152773915444,1.5087188331396706
"[0.17135768694012152, 0.8500913181869034, -0.8902225672164671, 0.17944716845887296]",21.467962638839435,1.5118619973753782
"[0.1713912018865071, 0.8501109155270096, -0.8901935343666502, 0.1794722747114877]",21.465773099510837,1.5150051616110858
"[0.17142483014276394, 0.8501305767970594, -0.8901644051428748, 0.1794974632316737]",21.463584126517947,1.5181483258467936
"[0.1714585716872032, 0.8501503019611341, -0.8901351795816379, 0.17952273397719365]",21.46139569496696,1.5212914900825012
"[0.17149242645058288, 0.8501700909554539, -0.8901058577606719, 0.1795480868701286]",21.45920777973155,1.5244346543182088
"[0.17152639448618667, 0.8501899437877904, -0.8900764396516373, 0.17957352192424247]",21.457020351749296,1.5275778185539164
"[0.17156047559213825, 0.850209860316726, -0.8900469254472219, 0.1795990389621711]",21.454833389558644,1.5307209827896242
"[0.1715946697836416, 0.8502298405276618, -0.8900173151521493, 0.17962463796904055]",21.452646865749315,1.5338641470253318
"[0.17162897704603972, 0.8502498843884772, -0.8899876087970572, 0.179650318907541]",21.45046075195567,1.5370073112610394
"[0.1716633971732196, 0.8502699917551471, -0.8899578065783961, 0.17967608159699555]",21.448275028934724,1.540150475496747
"[0.17169793018950494, 0.8502901626182213, -0.8899279084931252, 0.17970192602916302]",21.446089667837544,1.5432936397324546
"[0.1717325759032162, 0.8503103968420276, -0.8898979147252553, 0.17972785203408573]",21.443904642220478,1.5464368039681622
"[0.17176733426256094, 0.8503306943725581, -0.8898678253377162, 0.17975385954645157]",21.44171993088413,1.5495799682038698
"[0.17180220530470824, 0.8503510552076902, -0.8898376403164753, 0.17977994856744137]",21.439535502650273,1.5527231324395776
"[0.1718371888366238, 0.8503714792108289, -0.8898073598468097, 0.1798061189259447]",21.437351333464164,1.5558662966752852
"[0.17187228467211305, 0.8503919662493563, -0.8897769841080878, 0.17983237045595168]",21.43516740289152,1.5590094609109928
"[0.17190749289256335, 0.8504125163468074, -0.889746513048117, 0.17985870319155287]",21.432983678387448,1.5621526251467004
"[0.17194281328664646, 0.8504331293558047, -0.8897159468680822, 0.17988511694784454]",21.430800136277263,1.5652957893824082
"[0.17197824575159598, 0.8504538051923054, -0.8896852856752333, 0.1799116116210875]",21.428616754610854,1.5684389536181158
"[0.17201379015167514, 0.8504745437529907, -0.8896545296053779, 0.17993818708284942]",21.426433505723015,1.5715821178538236
"[0.17204944635039554, 0.8504953449340723, -0.8896236787949952, 0.17996484320410436]",21.424250365860836,1.574725282089531
"[0.17208521438429564, 0.8505162087326529, -0.8895927332308919, 0.17999157998512605]",21.422067303911692,1.5778684463252388
"[0.17212109393775005, 0.8505371349403739, -0.8895616932045879, 0.18001839716289936]",21.419884301432145,1.5810116105609466
"[0.1721570850051283, 0.8505581235296649, -0.8895305587394274, 0.18004529470609631]",21.41770132611088,1.584154774796654
"[0.17219318742725537, 0.850579174383363, -0.8894993299916173, 0.1800722724685845]",21.415518356234553,1.5872979390323618
"[0.172229400965395, 0.8506002873379007, -0.889468007186193, 0.18009933024476618]",21.413335366468647,1.5904411032680692
"[0.17226572555214018, 0.8506214623295816, -0.8894365904000101, 0.1801264679570393]",21.411152330316384,1.593584267503777
"[0.17230216104168328, 0.8506426992489647, -0.8894050797777613, 0.18015368546918775]",21.40896922377151,1.5967274317394846
"[0.1723387072313634, 0.8506639979534537, -0.88937347551332, 0.18018098260250678]",21.4067860221531,1.5998705959751922
"[0.17237536415386653, 0.8506853584375753, -0.8893417775970607, 0.18020835935404167]",21.404602692633627,1.6030137602109
"[0.17241213137038847, 0.8507067804210869, -0.8893099864270816, 0.18023581536868585]",21.40241921955785,1.6061569244466076
"[0.17244900888864803, 0.8507282638839224, -0.889278102015377, 0.1802633506247939]",21.40023557110406,1.6093000886823152
"[0.17248599658642252, 0.850749808730261, -0.8892461244863291, 0.18029096500363706]",21.398051720396335,1.6124432529180228
"[0.17252309412566233, 0.8507714147385584, -0.8892140541509146, 0.18031865822535045]",21.39586764670656,1.6155864171537306
"[0.1725603014840915, 0.8507930818711815, -0.8891818910471259, 0.18034643024579572]",21.393683323125746,1.618729581389438
"[0.1725976184707465, 0.8508148099922228, -0.8891496353588029, 0.18037428089488092]",21.39149871941744,1.6218727456251458
"[0.17263504470052546, 0.8508365988527511, -0.8891172874375799, 0.18040220985764213]",21.38931381820136,1.6250159098608536
"[0.17267258031247998, 0.8508584485089786, -0.8890848471820634, 0.1804302172102529]",21.38712858524416,1.628159074096561
"[0.17271022484064102, 0.8508803586648924, -0.8890523150137789, 0.18045830257740736]",21.38494300105316,1.6313022383322688
"[0.1727479781571912, 0.8509023292213336, -0.8890196910619907, 0.18048646583612993]",21.382757039167526,1.6344454025679762
"[0.17278584012786405, 0.850924360075364, -0.8889869754615531, 0.1805147068586084]",21.380570670612883,1.637588566803684
"[0.17282381058584886, 0.850946451105089, -0.8889541683754544, 0.18054302549273715]",21.37838387011389,1.6407317310393918
"[0.17286188928087298, 0.8509686021400539, -0.8889212700387946, 0.18057142152416258]",21.376196614041998,1.6438748952750992
"[0.17290007597143708, 0.8509908130149191, -0.8888882806790833, 0.18059989474509075]",21.37400887556575,1.647018059510807
"[0.17293837040244592, 0.8510130835564497, -0.8888552005355629, 0.1806284449376071]",21.37182062910813,1.6501612237465149
"[0.17297677242541323, 0.8510354136534154, -0.888822029755378, 0.18065707196328581]",21.36963185150243,1.6533043879822222
"[0.17301528188834783, 0.8510578031925298, -0.8887887684887109, 0.18068577568107255]",21.36744250832365,1.65644755221793
"[0.17305389841988364, 0.8510802519329725, -0.8887554170752118, 0.1807145557864123]",21.36525258386291,1.6595907164536376
"[0.1730926218696327, 0.851102759762411, -0.8887219756636573, 0.18074341213947534]",21.363062046176108,1.6627338806893452
"[0.17313145201264205, 0.8511253265251663, -0.8886884444672206, 0.18077234454486263]",21.360870872153278,1.6658770449250528
"[0.17317038853199146, 0.851147952012131, -0.8886548237784744, 0.18080135273867579]",21.358679034793205,1.6690202091607604
"[0.17320943135257738, 0.8511706361547245, -0.8886211136811788, 0.1808304366371869]",21.356486506083755,1.672163373396468
"[0.1732485800922193, 0.8511933787059517, -0.8885873145242259, 0.18085959592792109]",21.354293262677068,1.6753065376321759
"[0.17328783456904856, 0.8512161795352202, -0.8885534264835384, 0.18088883044764742]",21.352099277283656,1.6784497018678832
"[0.17332719445015288, 0.8512390384242212, -0.8885194498654186, 0.18091813992066577]",21.349904525979415,1.681592866103591
"[0.1733666596307195, 0.8512619552871367, -0.8884853847792502, 0.18094752424115612]",21.3477089788816,1.6847360303392989
"[0.17340622972586972, 0.8512849298755258, -0.8884512315761526, 0.18097698309478255]",21.345512612826344,1.6878791945750062
"[0.17344590444673436, 0.8513079619967447, -0.8884169905243356, 0.18100651623874797]",21.343315402760304,1.691022358810714
"[0.17348568363246936, 0.8513310515324892, -0.8883826617815017, 0.18103612352557874]",21.341117318443768,1.6941655230464219
"[0.17352556695507274, 0.851354198267444, -0.8883482456495946, 0.18106580468340525]",21.33891833861969,1.6973086872821292
"[0.1735655541998732, 0.8513774020521002, -0.8883137423327335, 0.18109555952473957]",21.336718431454873,1.700451851517837
"[0.1736056450411226, 0.8514006626725182, -0.8882791521308607, 0.1811253877794722]",21.334517573952823,1.7035950157535449
"[0.1736458391829439, 0.8514239799321351, -0.8882444753181084, 0.18115528919977178]",21.332315740214916,1.7067381799892523
"[0.1736861364670992, 0.8514473537142572, -0.8882097120498432, 0.18118526364022774]",21.330112899873516,1.70988134422496
"[0.17372653645310823, 0.8514707837385103, -0.8881748627248891, 0.181215310745525]",21.327909031261306,1.7130245084606674
"[0.17376703885373185, 0.8514942698134614, -0.888139927609828, 0.18124543027440082]",21.325704108148454,1.7161676726963753
"[0.1738076434712415, 0.8515178117996102, -0.8881049068940107, 0.18127562205219028]",21.323498101120695,1.719310836932083
"[0.1738483499932843, 0.8515414094910224, -0.8880698008656295, 0.18130588581902887]",21.32129098336291,1.7224540011677905
"[0.17388915800753613, 0.8515650626238698, -0.8880346098990453, 0.18133622124079762]",21.31908273065356,1.7255971654034983
"[0.17393006740890385, 0.8515887711124458, -0.8879993341036402, 0.18136662821181557]",21.316873313267738,1.7287403296392059
"[0.17397107763528133, 0.8516125346062248, -0.8879639739828451, 0.18139710628675995]",21.314662711754902,1.7318834938749135
"[0.174012188561572, 0.8516363530079875, -0.8879285296632254, 0.18142765534517688]",21.312450893153056,1.735026658110621
"[0.17405339988578003, 0.8516602261180333, -0.8878930014238532, 0.18145827513517487]",21.310237830682063,1.7381698223463289
"[0.174094711143604, 0.8516841536427097, -0.8878573896836692, 0.18148896528434982]",21.308023500441937,1.7413129865820363
"[0.17413612214122892, 0.8517081354450984, -0.887821694628391, 0.18151972562132238]",21.305807873302374,1.744456150817744
"[0.1741776325134903, 0.8517321712890844, -0.887785916591405, 0.18155055584747473]",21.303590922455538,1.7475993150534515
"[0.174219241876665, 0.85175626092788, -0.8877500559220353, 0.181581455650491]",21.301372623320326,1.7507424792891593
"[0.17426095003247785, 0.8517804042221169, -0.8877141128097354, 0.18161242485583576]",21.299152945798866,1.753885643524867
"[0.1743027564402213, 0.851804600834264, -0.8876780877390111, 0.18164346303478007]",21.29693186728238,1.7570288077605745
"[0.17434466093017154, 0.8518288506415937, -0.8876419808746199, 0.1816745700341214]",21.29470935838263,1.7601719719962823
"[0.1743866631302869, 0.8518531534043315, -0.887605792555617, 0.1817057455505107]",21.292485388697656,1.76331513623199
"[0.17442876268475513, 0.8518775088921682, -0.887569523107016, 0.18173698929273174]",21.2902599359396,1.7664583004676975
"[0.1744709591838631, 0.8519019168436898, -0.8875331729002047, 0.18176830092965768]",21.28803297383165,1.7696014647034053
"[0.17451325227169215, 0.8519263770286849, -0.8874967422601616, 0.18179968017017697]",21.285804472314073,1.772744628939113
"[0.1745556416684959, 0.8519508892610584, -0.887460231446202, 0.18183112677976807]",21.283574402546478,1.7758877931748205
"[0.17459812703437352, 0.8519754533199868, -0.8874236407694074, 0.1818626404793491]",21.281342738512063,1.7790309574105283
"[0.17464070785527033, 0.852000068884046, -0.8873869706907778, 0.18189422086076468]",21.279109457434334,1.7821741216462357
"[0.1746833839702048, 0.852024735836005, -0.8873502213671843, 0.18192586777781647]",21.27687452444813,1.7853172858819435
"[0.17472615483531423, 0.8520494538373847, -0.8873133932851578, 0.18195758080044447]",21.274637916561197,1.788460450117651
"[0.1747690201710599, 0.8520742227025696, -0.887276486703548, 0.18198935969469954]",21.27239960457867,1.7916036143533587
"[0.17481197951852404, 0.8520990421423704, -0.8872395020355872, 0.18202120409373268]",21.270159564510998,1.7947467785890663
"[0.1748550326002616, 0.8521239119725311, -0.8872024395382039, 0.1820531137653194]",21.26791776197853,1.797889942824774
"[0.1748981789173354, 0.8521488318809299, -0.8871652996589346, 0.18208508831316528]",21.26567417688681,1.8010331070604815
"[0.1749414181797466, 0.8521738016762253, -0.8871280826653837, 0.18211712749593129]",21.263428778453427,1.8041762712961893
"[0.17498474993965596, 0.8521988210760023, -0.8870907889609506, 0.1821492309554137]",21.261181536159135,1.8073194355318971
"[0.17502817382834227, 0.8522238898436321, -0.8870534188808601, 0.18218139839214295]",21.25893242456297,1.8104625997676045
"[0.17507168946179685, 0.8522490077337478, -0.8870159727734241, 0.1822136294954271]",21.256681416703593,1.8136057640033123
"[0.1751152963635774, 0.8522741744477339, -0.8869784510664125, 0.18224592388623045]",21.254428484845832,1.8167489282390201
"[0.17515899425107598, 0.8522993897989415, -0.8869408540207316, 0.18227828132918217]",21.252173594858164,1.8198920924747275
"[0.1752027825311183, 0.852324653421612, -0.8869031821644173, 0.18231070135905686]",21.24991672990457,1.8230352567104353
"[0.17524666098170286, 0.8523499651642553, -0.8868654357060839, 0.18234318378557499]",21.24765785242769,1.8261784209461427
"[0.17529062914677856, 0.8523753247404341, -0.8868276150556332, 0.18237572824527457]",21.24539693602096,1.8293215851818505
"[0.1753346865449245, 0.8524007318492055, -0.8867897206446916, 0.18240833435605772]",21.243133953302195,1.8324647494175583
"[0.17537883280053237, 0.8524261862507628, -0.8867517528137832, 0.18244100181427095]",21.24086887819437,1.8356079136532657
"[0.17542306746639197, 0.8524516876641187, -0.8867137119649312, 0.18247373026339583]",21.23860167920954,1.8387510778889735
"[0.1754673900540024, 0.852477235784608, -0.8866755985355693, 0.18250651931650783]",21.23633232961356,1.8418942421246813
"[0.17551180027311336, 0.8525028304219496, -0.8866374127925671, 0.18253936873346988]",21.234060800995117,1.8450374063603887
"[0.17555629755285623, 0.8525284712242379, -0.8865991552440017, 0.18257227806669613]",21.231787063842333,1.8481805705960965
"[0.17560088154666542, 0.8525541579689568, -0.8865608262049923, 0.18260524703464673]",21.229511088592268,1.8513237348318041
"[0.175645551770282, 0.8525798903543648, -0.8865224261089507, 0.1826382752540822]",21.227232850203674,1.8544668990675117
"[0.17569030787131917, 0.8526056681548049, -0.8864839552758337, 0.18267136243940318]",21.22495231238871,1.8576100633032193
"[0.1757351492336276, 0.8526314909928305, -0.8864454142522201, 0.1827045081101615]",21.222669456896845,1.860753227538927
"[0.17578007547761446, 0.8526573586273758, -0.886406803381249, 0.18273771196094182]",21.22038424690244,1.8638963917746345
"[0.17582508621850598, 0.8526832708144945, -0.8863681230104308, 0.18277097368261763]",21.218096655837105,1.8670395560103423
"[0.1758701809231885, 0.8527092272249678, -0.8863293736146565, 0.18280429285658578]",21.21580665606179,1.8701827202460497
"[0.17591535916472256, 0.8527352275908353, -0.8862905555774698, 0.18283766914285704]",21.213514213478643,1.8733258844817575
"[0.1759606204992964, 0.8527612716345505, -0.8862516692968149, 0.18287110218911876]",21.211219303211173,1.8764690487174653
"[0.17600596437278604, 0.8527873590152351, -0.886212715265299, 0.18290459156173727]",21.20892189875401,1.8796122129531727
"[0.17605139034639788, 0.8528134894585162, -0.886173693876332, 0.1829381369124326]",21.206621964223054,1.8827553771888805
"[0.17609689801779782, 0.8528396627111168, -0.8861346054919091, 0.18297173791998889]",21.204319473399003,1.8858985414245883
"[0.17614248685118006, 0.8528658784431297, -0.8860954505885654, 0.18300539416479236]",21.202014395262186,1.8890417056602957
"[0.17618815634891144, 0.8528921363467566, -0.8860562296099271, 0.18303910525559208]",21.199706702485184,1.8921848698960035
"[0.176233906106152, 0.8529184361676921, -0.886016942919821, 0.18307287086979052]",21.19739636511693,1.8953280341317114
"[0.17627973549724027, 0.8529447775248362, -0.8859775910715851, 0.1831066905219821]",21.195083352677454,1.8984711983674187
"[0.17632564416682514, 0.8529711601926196, -0.8859381743863256, 0.18314056392642097]",21.19276763636045,1.9016143626031266
"[0.176371631536485, 0.8529975838174109, -0.8858986933765726, 0.18317449063292068]",21.19044918443621,1.904757526838834
"[0.17641769724944875, 0.8530240481730892, -0.885859148364445, 0.1832084703549902]",21.188127963947775,1.9079006910745417
"[0.17646384058243952, 0.8530505528231348, -0.8858195399865684, 0.18324250253596505]",21.185803954365547,1.9110438553102493
"[0.17651006116780538, 0.853077097535488, -0.8857798685741616, 0.18327658688168183]",21.183477119664513,1.914187019545957
"[0.17655635849987114, 0.8531036819989494, -0.8857401345768093, 0.1833107229963401]",21.181147426729783,1.9173301837816645
"[0.17660273206160296, 0.8531303058959598, -0.8857003384537194, 0.18334491047594836]",21.17881485151406,1.9204733480173724
"[0.17664918139005012, 0.8531569689401688, -0.8856604806175651, 0.18337914895656557]",21.176479355549326,1.9236165122530797
"[0.17669570584105587, 0.85318367074138, -0.8856205616363786, 0.1834134379408752]",21.17414091642608,1.9267596764887875
"[0.17674230495144672, 0.8532104110134587, -0.8855805819227583, 0.18344777706516144]",21.17179950218278,1.9299028407244954
"[0.17678897820527226, 0.8532371894401398, -0.8855405419344629, 0.1834821659269928]",21.169455082201804,1.9330460049602027
"[0.17683572518544005, 0.8532640057620314, -0.8855004420443229, 0.18351660419695087]",21.167107618498125,1.9361891691959106
"[0.17688254509309392, 0.8532908595009295, -0.8854602829525055, 0.18355109126458377]",21.16475709206094,1.939332333431618
"[0.17692943767243674, 0.8533177504903026, -0.8854200648932236, 0.18358562691967673]",21.162403463408573,1.9424754976673257
"[0.176976402290905, 0.8533446783476846, -0.8853797884237309, 0.1836202106746749]",21.16004670457878,1.9456186619030336
"[0.1770234383450796, 0.8533716427075312, -0.885339454076125, 0.18365484206372282]",21.15768678504694,1.948761826138741
"[0.1770705454004437, 0.8533986433013044, -0.885299062237527, 0.1836895207455278]",21.155323672304792,1.9519049903744488
"[0.17711772287112645, 0.8534256797738787, -0.8852586134247099, 0.18372424626755945]",21.152957335264595,1.9550481546101566
"[0.17716497014236773, 0.8534527517537746, -0.885218108179059, 0.1837590181562533]",21.150587743667867,1.958191318845864
"[0.17721228678817824, 0.8534798589778608, -0.8851775468799835, 0.18379383607718006]",21.14821486500805,1.9613344830815718
"[0.17725967211060073, 0.8535070010273776, -0.8851369301398938, 0.1838286994959851]",21.14583867023269,1.9644776473172796
"[0.17730712566667778, 0.8535341776298356, -0.8850962583524651, 0.18386360806616292]",21.14345912690136,1.967620811552987
"[0.17735464689713154, 0.8535613884462933, -0.8850555320109421, 0.1838985613558246]",21.141076199314657,1.9707639757886948
"[0.17740223522337897, 0.8535886331269507, -0.8850147516249638, 0.18393355891910243]",21.13868985937667,1.9739071400244022
"[0.17744989000157652, 0.8536159112848563, -0.8849739177599316, 0.18396860026237188]",21.136300076957724,1.97705030426011
"[0.17749761077104298, 0.853643222638103, -0.8849330308241466, 0.18400368502691683]",21.13390681755173,1.9801934684958176
"[0.1775453968350629, 0.8536705667698896, -0.8848920914279961, 0.18403881268070185]",21.131510049648544,1.9833366327315252
"[0.17759324776745514, 0.8536979434184285, -0.8848510999499332, 0.18407398289079846]",21.129109740226358,1.9864797969672328
"[0.177641162905829, 0.8537253521869714, -0.884810056970622, 0.1841091951508673]",21.12670585566618,1.9896229612029406
"[0.1776891416511559, 0.8537527927152413, -0.8847689630162775, 0.18414444900138946]",21.124298370433195,1.992766125438648
"[0.17773718344272005, 0.8537802646650821, -0.8847278185801397, 0.1841797440112309]",21.121887248556437,1.9959092896743558
"[0.17778528771591548, 0.8538077676963118, -0.8846866241586281, 0.18421507974662465]",21.119472453973305,1.9990524539100636
"[0.1778334538708195, 0.8538353014487631, -0.8846453802782458, 0.18425045574809296]",21.11705395583108,2.002195618145771
"[0.17788168132818838, 0.8538628655743018, -0.8846040874476276, 0.18428587157158552]",21.114631725607225,2.005338782381479
"[0.17792996941446312, 0.85389045967111, -0.8845627462559911, 0.18432132670404044]",21.11220572575605,2.0084819466171866
"[0.17797831757828741, 0.8539180834074298, -0.8845213571877574, 0.18435682072237833]",21.109775926447384,2.011625110852894
"[0.17802672530208768, 0.8539457364709984, -0.884479920698279, 0.18439235322853845]",21.107342293864065,2.014768275088602
"[0.17807519184188964, 0.8539734184204403, -0.8844384374365367, 0.18442792365852234]",21.10490479334959,2.017911439324309
"[0.17812371664567875, 0.8540011289242646, -0.8843969078870215, 0.1844635315894912]",21.102463392309136,2.021054603560017
"[0.17817229911937782, 0.8540288676271677, -0.884355332570065, 0.18449917656797254]",21.10001806177365,2.024197767795725
"[0.17822093868493566, 0.8540566341832097, -0.8843137119921196, 0.18453485815249349]",21.097568759461595,2.027340932031432
"[0.1782696346144391, 0.8540844281611377, -0.8842720467876931, 0.18457057579190866]",21.095115460731197,2.03048409626714
"[0.1783183863127087, 0.8541122492057046, -0.8842303374775335, 0.18460632903270915]",21.092658131574954,2.033627260502848
"[0.17836719326196698, 0.8541400970060453, -0.8841885845160073, 0.18464211747838677]",21.090196729134803,2.036770424738555
"[0.17841605468732627, 0.8541679711048267, -0.8841467885772557, 0.18467794054416065]",21.087731233822424,2.039913588974263
"[0.1784649700936018, 0.854195871204521, -0.8841049500959739, 0.18471379785059325]",21.085261598409964,2.043056753209971
"[0.17851393880590674, 0.8542237969053166, -0.8840630696603994, 0.18474968888675353]",21.08278779642431,2.046199917445678
"[0.17856296014002512, 0.8542517478023334, -0.8840211478665541, 0.1847856131351565]",21.080309790579136,2.049343081681386
"[0.1786120335005881, 0.8542797235416016, -0.8839791852342914, 0.18482157014370534]",21.077827550686514,2.0524862459170934
"[0.1786611581807984, 0.8543077237058587, -0.883937182378567, 0.18485755937892068]",21.075341041560204,2.055629410152801
"[0.1787103336867487, 0.8543357479994251, -0.8838951397321286, 0.18489358046355608]",21.072850221922494,2.058772574388509
"[0.1787595592267752, 0.8543637959571628, -0.8838530579821169, 0.18492963280251307]",21.07035506626031,2.0619157386242164
"[0.17880883416691695, 0.8543918672040742, -0.8838109376806406, 0.18496571591650926]",21.06785553929742,2.065058902859924
"[0.17885815793566823, 0.8544199614009598, -0.8837687793262511, 0.18500182937224857]",21.06535159936967,2.0682020670956316
"[0.17890752975411614, 0.8544480780907547, -0.8837265835945775, 0.18503797258486782]",21.062843220767334,2.0713452313313394
"[0.17895694911909785, 0.8544762169736588, -0.8836843509253932, 0.18507414517164175]",21.06033035925239,2.074488395567047
"[0.17900641520786809, 0.8545043775681624, -0.8836420820313912, 0.1851103465162041]",21.057812989145518,2.0776315598027546
"[0.17905592749773083, 0.8545325595638339, -0.8835997773686666, 0.1851465762220764]",21.05529106560275,2.080774724038462
"[0.179105485236745, 0.8545607625200071, -0.8835574375890032, 0.18518283372530497]",21.052764560997915,2.08391788827417
"[0.1791550877388361, 0.8545889860337575, -0.8835150632877081, 0.18521911851042683]",21.05023344112627,2.0870610525098776
"[0.17920473437572013, 0.8546172297353115, -0.8834726550105179, 0.1852554301045462]",21.04769766665627,2.090204216745585
"[0.1792544245081738, 0.854645493248915, -0.8834302133123284, 0.18529176802703903]",21.045157201014813,2.093347380981293
"[0.1793041573513993, 0.8546737761162855, -0.8833877388721678, 0.18532813169112722]",21.04261201356842,2.096490545217
"[0.17935393228194252, 0.8547020779711622, -0.8833452322310604, 0.18536452062831046]",21.040062064007113,2.099633709452708
"[0.17940374862309913, 0.8547303984172718, -0.8833026939753084, 0.1854009343314461]",21.037507317395107,2.102776873688416
"[0.1794536056711316, 0.8547587370432318, -0.8832601247140969, 0.18543737227392623]",21.03494774077534,2.105920037924123
"[0.17950350272990678, 0.854787093442258, -0.8832175250499096, 0.18547383393500683]",21.032383295425284,2.109063202159831
"[0.17955343913525396, 0.8548154672259966, -0.883174895557739, 0.18551031881759908]",21.02981394605524,2.112206366395539
"[0.1796034141334312, 0.8548438579554735, -0.8831322368888344, 0.18554682635947575]",21.027239658047048,2.115349530631246
"[0.17965342708176144, 0.8548722652550856, -0.8830895495994293, 0.18558335607985416]",21.024660392435454,2.118492694866954
"[0.17970347725294294, 0.8549006887014324, -0.8830468343177831, 0.185619907436439]",21.022076116078964,2.121635859102662
"[0.1797535639368314, 0.8549291278811402, -0.8830040916572973, 0.1856564798997822]",21.01948678743497,2.124779023338369
"[0.17980368643613617, 0.8549575823884069, -0.8829613222201943, 0.18569307295012757]",21.0168923760416,2.127922187574077
"[0.1798538440362851, 0.8549860518079019, -0.882918526623231, 0.1857296860554155]",21.014292841449176,2.1310653518097844
"[0.17990403601191055, 0.8550145357184471, -0.8828757054921602, 0.1857663186760198]",21.011688149530258,2.134208516045492
"[0.17995426167826797, 0.8550430337222007, -0.8828328594178635, 0.18580297030227785]",21.0090782605312,2.1373516802812
"[0.18000452026378816, 0.8550715453723383, -0.8827899890650758, 0.18583964036148315]",21.006463138527106,2.1404948445169074
"[0.18005481112525987, 0.8551000702951439, -0.882747094988823, 0.18587632837490448]",21.003842744688694,2.1436380087526152
"[0.18010513343409149, 0.8551286080120295, -0.8827041779020345, 0.18591303372888424]",21.001217047176738,2.146781172988323
"[0.1801554866029411, 0.8551571581815235, -0.882661238311664, 0.18594975598606642]",20.998586002240156,2.1499243372240304
"[0.18020586972803804, 0.8551857202830068, -0.8826182769942981, 0.18598649447863091]",20.99594957877535,2.1530675014597382
"[0.18025628222019555, 0.8552142939745199, -0.8825752944580388, 0.1860232487685007]",20.993307733974717,2.156210665695446
"[0.1803067232558419, 0.8552428787815223, -0.8825322914106246, 0.18606001824701462]",20.990660434215602,2.1593538299311534
"[0.18035719211178047, 0.8552714742866663, -0.8824892684739839, 0.18609680237902942]",20.98800764033628,2.1624969941668613
"[0.18040768815894825, 0.8553000801262163, -0.8824462261895901, 0.18613360069831714]",20.98534930944482,2.1656401584025686
"[0.18045821049869504, 0.8553286957840077, -0.8824031653284893, 0.18617041254251632]",20.982685410104864,2.1687833226382764
"[0.1805087584171137, 0.8553573208488526, -0.8823600865040138, 0.1862072373842477]",20.980015907538778,2.1719264868739843
"[0.180559331226429, 0.855385954924628, -0.8823169903070183, 0.1862440747154745]",20.977340754018016,2.1750696511096916
"[0.1806099281295676, 0.8554145975536328, -0.88227387742127, 0.1862809239488799]",20.97465991709034,2.1782128153453995
"[0.18066054839330473, 0.8554432483146129, -0.8822307484758997, 0.1863177845439883]",20.971973358291727,2.1813559795811073
"[0.18071119121792176, 0.8554719067489852, -0.8821876041564611, 0.18635465591224395]",20.96928104008232,2.1844991438168146
"[0.18076185591286345, 0.855500572460246, -0.8821444450552766, 0.18639153754490861]",20.966582920227502,2.1876423080525225
"[0.18081254164374352, 0.8555292449708117, -0.8821012718869662, 0.18642842882887387]",20.963878963449716,2.19078547228823
"[0.1808632476679629, 0.8555579238553438, -0.8820580852877238, 0.18646532921819545]",20.961169130199107,2.1939286365239377
"[0.18091397324328118, 0.855586608689006, -0.8820148858932114, 0.1865022381675224]",20.958453380949862,2.197071800759645
"[0.18096471760155747, 0.8556152990326169, -0.8819716743609204, 0.18653915511299451]",20.95573167887586,2.200214964995353
"[0.18101547991531533, 0.855643994413765, -0.8819284513986286, 0.18657607944793747]",20.953003982149507,2.2033581292310607
"[0.18106625945792654, 0.8556726944173667, -0.8818852176280041, 0.18661301063938807]",20.95027025768183,2.206501293466768
"[0.18111705546031528, 0.8557013986046458, -0.8818419737066271, 0.18664994812384256]",20.947530455819162,2.209644457702476
"[0.18116786708451085, 0.8557301064982155, -0.8817987203504889, 0.18668689128805616]",20.944784547658905,2.2127876219381832
"[0.1812186935702027, 0.8557588176648904, -0.8817554582092262, 0.18672383957560848]",20.942032490950623,2.215930786173891
"[0.1812695341780954, 0.8557875316836607, -0.8817121879143585, 0.18676079244569413]",20.939274241122344,2.2190739504095984
"[0.18132038808953402, 0.8558162480890059, -0.8816689101647136, 0.18679774930016999]",20.936509764321713,2.2222171146453062
"[0.18137125440832133, 0.85584496637196, -0.8816256257248517, 0.18683470948492092]",20.933739023494606,2.225360278881014
"[0.18142213253554812, 0.8558736861917182, -0.881582335106117, 0.18687167256219706]",20.93096197058087,2.2285034431167214
"[0.18147302152180206, 0.8559024070099175, -0.8815390391178642, 0.18690863783993425]",20.928178572535387,2.2316466073524293
"[0.18152392063236933, 0.8559311284097154, -0.88149573838652, 0.18694560478241154]",20.925388787225323,2.234789771588137
"[0.1815748290543924, 0.8559598499304855, -0.8814524336047549, 0.18698257279749658]",20.92259257413463,2.2379329358238444
"[0.18162574598999193, 0.8559885711203754, -0.8814091254522539, 0.18701954130429543]",20.919789894490258,2.2410761000595523
"[0.18167667062295234, 0.8560172915175157, -0.8813658146240532, 0.18705650970896037]",20.91698070944572,2.2442192642952596
"[0.18172760217848108, 0.8560460106837208, -0.8813225017797143, 0.18709347744807295]",20.914164974404606,2.2473624285309675
"[0.1817785397943044, 0.8560747281318023, -0.8812791876529498, 0.18713044389507946]",20.91134265316252,2.2505055927666753
"[0.18182948266451718, 0.8561034434066918, -0.8812358729292822, 0.1871674084647105]",20.90851370404924,2.2536487570023827
"[0.18188042997428727, 0.8561321560486133, -0.8811925583015799, 0.18720437056557984]",20.905678089125807,2.2567919212380905
"[0.1819313809889197, 0.8561608656432711, -0.8811492443943411, 0.18724132966479187]",20.90283576196841,2.2599350854737983
"[0.18198233476869738, 0.8561895716611732, -0.8811059320061078, 0.18727828508109337]",20.899986688226857,2.2630782497095057
"[0.18203329056575646, 0.8562182736812609, -0.8810626217720776, 0.18731523627276433]",20.897130824296024,2.2662214139452135
"[0.1820842474704515, 0.8562469711916738, -0.8810193144647106, 0.18735218258112746]",20.894268132937764,2.2693645781809213
"[0.1821352047360217, 0.8562756637726261, -0.8809760107177764, 0.18738912346598371]",20.89139856808646,2.2725077424166287
"[0.1821861615183155, 0.8563043509498088, -0.880932711247571, 0.1874260583168805]",20.888522092485324,2.2756509066523365
"[0.18223711696275335, 0.8563330322433841, -0.8808894167789935, 0.1874629865161845]",20.88563866581334,2.2787940708880443
"[0.18228807025485017, 0.8563617071964187, -0.8808461280026235, 0.1874999074756929]",20.882748244140075,2.2819372351237517
"[0.1823390205689009, 0.856390375345994, -0.8808028456183253, 0.18753682059943705]",20.87985078755002,2.2850803993594595
"[0.18238996702167, 0.8564190361971618, -0.8807595703745793, 0.18757372525014424]",20.87694625505733,2.288223563595167
"[0.18244090879744085, 0.8564476892933016, -0.880716302962254, 0.18761062083983182]",20.874034607787742,2.2913667278308747
"[0.18249184502746377, 0.8564763341482993, -0.8806730441170105, 0.18764750674247846]",20.871115802514133,2.2945098920665825
"[0.18254277493365378, 0.8565049703273611, -0.8806297944972584, 0.18768438239808719]",20.86818979969041,2.29765305630229
"[0.18259369755762617, 0.8565335972946556, -0.8805865549142636, 0.18772124711649069]",20.86525655663777,2.3007962205379977
"[0.18264461215741637, 0.8565622146363682, -0.8805433259952603, 0.18775810036458415]",20.8623160327278,2.3039393847737055
"[0.18269551783891777, 0.8565908218534871, -0.8805001084964187, 0.18779494149949094]",20.85936818618505,2.307082549009413
"[0.1827464137076775, 0.8566194184471645, -0.8804569031739351, 0.18783176987847913]",20.8564129782599,2.3102257132451207
"[0.18279729900996775, 0.8566480039979576, -0.8804137106642914, 0.18786858496101666]",20.853450360070454,2.313368877480828
"[0.18284817278026771, 0.8566765779677765, -0.8803705317834958, 0.18790538605370832]",20.850480296273368,2.316512041716536
"[0.1828990341818373, 0.8567051398912292, -0.8803273672379787, 0.18794217255671944]",20.847502746202473,2.3196552059522437
"[0.18294988239220558, 0.856733689311267, -0.8802842177218133, 0.1879789438809015]",20.844517666767175,2.322798370187951
"[0.1830007165291412, 0.8567622257376241, -0.8802410839795326, 0.18801569939426016]",20.841525013518815,2.325941534423659
"[0.18305153570800123, 0.856790748679031, -0.8801979667574534, 0.18805243846344452]",20.838524748830014,2.3290846986593663
"[0.18310233906872603, 0.8568192576583629, -0.8801548667807745, 0.18808916047325924]",20.835516830426677,2.332227862895074
"[0.18315312573904763, 0.856847752191987, -0.8801117847847941, 0.18812586480006221]",20.832501214058176,2.3353710271307815
"[0.18320389483142213, 0.8568762317880474, -0.8800687215175091, 0.18816255080955419]",20.82947786329269,2.3385141913664893
"[0.1832546455427588, 0.8569046960024003, -0.8800256776550283, 0.18819921792883554]",20.826446730442278,2.3416573556021967
"[0.18330537688188786, 0.8569331442857603, -0.8799826540327197, 0.1882358654495003]",20.823407776919822,2.3448005198379045
"[0.18335608806977655, 0.8569615762081597, -0.8799396513057759, 0.18827249281678352]",20.820360959644685,2.3479436840736123
"[0.18340677818009982, 0.8569899912573783, -0.8798966702540462, 0.18830909936989637]",20.81730623899846,2.3510868483093197
"[0.18345744633089534, 0.8570183889464205, -0.8798537116194957, 0.18834568448048103]",20.814243570839317,2.3542300125450275
"[0.183508091637236, 0.8570467687869755, -0.8798107761463445, 0.18838224751842117]",20.811172916066276,2.357373176780735
"[0.18355871323916373, 0.8570751303050675, -0.8797678645573879, 0.1884187878720043]",20.808094226580497,2.3605163410164427
"[0.18360931019270052, 0.8571034729799952, -0.8797249776463828, 0.18845530486925374]",20.80500747177812,2.3636595052521505
"[0.18365988169516773, 0.8571317963705568, -0.8796821160870577, 0.18849179794055482]",20.801912600623265,2.366802669487858
"[0.1837104267604216, 0.8571600999331366, -0.879639280708383, 0.18852826638427636]",20.79880957499493,2.3699458337235657
"[0.1837609445913234, 0.8571883832303121, -0.8795964721788849, 0.1885647096355467]",20.79569835158726,2.3730889979592735
"[0.1838114342007736, 0.857216645718645, -0.8795536913278105, 0.18860112699282933]",20.79257889053565,2.376232162194981
"[0.1838618947188595, 0.8572448869206597, -0.8795109388848373, 0.1886375178395153]",20.78945115199359,2.3793753264306887
"[0.18391232528293577, 0.8572731063632842, -0.8794682155732362, 0.18867388156460588]",20.78631508841817,2.3825184906663965
"[0.18396272497849386, 0.8573013035447651, -0.8794255221599587, 0.18871021752008008]",20.783170662603325,2.385661654902104
"[0.1840130929085254, 0.8573294779734892, -0.8793828593968722, 0.18874652507091932]",20.7800178309347,2.3888048191378117
"[0.18406342811739562, 0.8573576291254043, -0.8793402280852366, 0.18878280354023302]",20.776856555898746,2.3919479833735195
"[0.18411372982386404, 0.857385756574333, -0.8792976288783535, 0.18881905237719904]",20.77368678803823,2.395091147609227
"[0.18416399701224637, 0.8574138597633353, -0.8792550626278212, 0.18885527086241397]",20.770508491638072,2.3982343118449347
"[0.18421422878100224, 0.8574419381996591, -0.8792125300883018, 0.1888914583591272]",20.76732162396604,2.401377476080642
"[0.1842644242984404, 0.8574699914299295, -0.8791700319550659, 0.18892761428127472]",20.764126146512236,2.40452064031635
"[0.1843145825627812, 0.8574980189060535, -0.8791275690671352, 0.18896373792065174]",20.760922015598428,2.4076638045520578
"[0.18436470272800454, 0.8575260201673321, -0.879085142131401, 0.18899982868162482]",20.757709186580552,2.410806968787765
"[0.1844147838349857, 0.857553994690213, -0.8790427519502472, 0.1890358858874847]",20.754487622726035,2.413950133023473
"[0.18446482501457984, 0.8575819420017539, -0.8790003992496354, 0.18907190892669026]",20.75125728199791,2.4170932972591808
"[0.18451482531239582, 0.8576098615817445, -0.8789580848274223, 0.18910789712670678]",20.748018122743684,2.420236461494888
"[0.1845647838746467, 0.8576377529664942, -0.878915809396068, 0.18914384988778918]",20.74477010442919,2.423379625730596
"[0.1846146997083235, 0.8576656156149268, -0.87887357378559, 0.18917976651037366]",20.741513183062455,2.4265227899663038
"[0.18466457194410751, 0.8576934490553622, -0.8788313787210833, 0.18921564638428676]",20.73824732493975,2.429665954202011
"[0.18471439963300962, 0.8577212527719925, -0.8787892249947986, 0.18925148884240453]",20.734972482852715,2.432809118437719
"[0.184764181867702, 0.8577490262726037, -0.8787471133634829, 0.1892872932479532]",20.73168861930783,2.4359522826734263
"[0.1848139177753071, 0.8577767690845337, -0.878705044554494, 0.18932305898929935]",20.72839569163665,2.439095446909134
"[0.18486360633605092, 0.8578044806535237, -0.8786630194191856, 0.1893587853495516]",20.72509366009902,2.442238611144842
"[0.18491324668424503, 0.8578321605116052, -0.8786210386783249, 0.18939447172299703]",20.721782487067525,2.4453817753805493
"[0.18496283788927062, 0.8578598081549305, -0.8785791031073473, 0.18943011745760274]",20.718462129636613,2.448524939616257
"[0.18501237903752654, 0.8578874230894783, -0.8785372134670463, 0.1894657219139398]",20.71513254633799,2.4516681038519645
"[0.18506186917137965, 0.8579150047970239, -0.8784953705551918, 0.18950128442130676]",20.71179370273185,2.4548112680876724
"[0.18511130742721213, 0.8579425528120741, -0.8784535750898166, 0.18953680437692833]",20.70844555237378,2.4579544323233797
"[0.1851606927893459, 0.8579700665847397, -0.8784118279172571, 0.18957228106914462]",20.705088058062387,2.4610975965590876
"[0.18521002438998765, 0.8579975456478699, -0.8783701297585783, 0.18960771389291303]",20.70172118478005,2.464240760794795
"[0.185259301277169, 0.8580249894877497, -0.8783284814057544, 0.1896431021830864]",20.698344888221587,2.4673839250305027
"[0.185308522509286, 0.8580523975967782, -0.8782868836417456, 0.18967844528233524]",20.694959133737285,2.4705270892662106
"[0.18535768719525342, 0.858079769495816, -0.8782453372065714, 0.18971374256996656]",20.69156387483111,2.473670253501918
"[0.18540679439783744, 0.8581071046803539, -0.8782038428790087, 0.1897489933925108]",20.68815907772695,2.4768134177376258
"[0.18545584315699443, 0.8581344026335245, -0.8781624014568571, 0.1897841970804936]",20.684744701844803,2.479956581973333
"[0.18550483258304937, 0.8581616628779534, -0.8781210136782157, 0.1898193530153092]",20.681320711163238,2.483099746209041
"[0.1855537616785911, 0.8581888848766467, -0.8780796803719577, 0.18985446050139748]",20.677887067945495,2.4862429104447488
"[0.18560262956870727, 0.858216068161098, -0.878038402263225, 0.1898895189314611]",20.674443728844253,2.489386074680456
"[0.18565143525776778, 0.8582432121959731, -0.8779971801788886, 0.18992452761195094]",20.670990663177765,2.492529238916164
"[0.18570017792300583, 0.8582703165424039, -0.8779560147995755, 0.18995948597367024]",20.667527827388145,2.4956724031518718
"[0.1857488565163969, 0.8582973806365781, -0.8779149069959185, 0.18999439328621098]",20.664055189201026,2.498815567387579
"[0.18579747013514988, 0.8583244039957759, -0.8778738575156468, 0.1900292489236912]",20.660572703936186,2.501958731623287
"[0.18584601791579772, 0.8583513861594425, -0.8778328670730589, 0.19006405228875747]",20.657080342975963,2.505101895858995
"[0.18589449886558124, 0.8583783265954772, -0.8777919364913858, 0.1900988026917105]",20.653578064203504,2.508245060094702
"[0.1859429120464886, 0.8584052248025362, -0.8777510665473892, 0.19013349948245853]",20.65006583216111,2.51138822433041
"[0.1859912565128517, 0.8584320802753435, -0.8777102580240568, 0.1901681420057741]",20.64654361133168,2.5145313885661174
"[0.18603953136887827, 0.8584588925366429, -0.8776695116620409, 0.1902027296425131]",20.643011367779987,2.517674552801825
"[0.18608773565604186, 0.8584856610746465, -0.8776288282547146, 0.19023726172892305]",20.639469062147835,2.520817717037533
"[0.18613586844157776, 0.8585123853921923, -0.8775882085734719, 0.19027173762005598]",20.635916661559435,2.5239608812732404
"[0.18618392880122017, 0.8585390649971474, -0.8775476533823034, 0.1903061566773918]",20.632354130167972,2.527104045508948
"[0.18623191582373377, 0.8585656994049192, -0.8775071634339773, 0.19034051827207613]",20.62878143210533,2.530247209744656
"[0.18627982856455413, 0.8585922881127227, -0.8774667395091573, 0.1903748217517236]",20.62519853343574,2.5333903739803634
"[0.18632766604663833, 0.8586188306000664, -0.8774263824156736, 0.19040906644104172]",20.62160540217653,2.536533538216071
"[0.18637542742942342, 0.8586453264224885, -0.8773860928459932, 0.19044325176276994]",20.61800199704354,2.539676702451779
"[0.18642311166320424, 0.8586717750198049, -0.8773458716687846, 0.19047737699028094]",20.614388296764837,2.5428198666874864
"[0.18647071788075933, 0.8586981759333698, -0.8773057195985549, 0.19051144152789312]",20.610764259683215,2.545963030923194
"[0.18651824519193244, 0.8587245286920993, -0.8772656373689471, 0.19054544476382046]",20.60712985330955,2.5491061951589016
"[0.18656569262594597, 0.8587508327805033, -0.8772256257813776, 0.19057938602891944]",20.603485047796376,2.5522493593946094
"[0.18661305919121526, 0.8587770876718731, -0.8771856856545743, 0.19061326463950692]",20.599829811290117,2.555392523630317
"[0.1866603440648943, 0.8588032929333255, -0.8771458176647643, 0.19064708003291184]",20.596164106970633,2.5585356878660246
"[0.18670754629760192, 0.8588294480621251, -0.8771060225946601, 0.19068083155626944]",20.59248791134853,2.5616788521017324
"[0.18675466495800386, 0.8588555525658345, -0.8770663012115392, 0.19071451856994434]",20.588801183313265,2.5648220163374402
"[0.18680169905706337, 0.8588816059203477, -0.8770266543311008, 0.19074814039337448]",20.585103903321116,2.5679651805731476
"[0.1868486477248617, 0.8589076076678378, -0.8769870826684165, 0.19078169643146944]",20.58139603435358,2.5711083448088554
"[0.18689551008232258, 0.8589335573456723, -0.8769475869460791, 0.1908151860828856]",20.57767755060795,2.574251509044563
"[0.18694228512736227, 0.8589594544233893, -0.876908167990142, 0.19084860865868214]",20.573948417572367,2.5773946732802706
"[0.18698897196820644, 0.8589852984319023, -0.8768688265334758, 0.190881963549066]",20.57020861253012,2.580537837515978
"[0.1870355697364869, 0.859011088915338, -0.8768295632890349, 0.19091525016125013]",20.56645809868116,2.583681001751686
"[0.18708207743836713, 0.859036825348663, -0.876790379075287, 0.19094846781312483]",20.562696858778242,2.586824165987393
"[0.18712849420027206, 0.8590625072736798, -0.8767512746091637, 0.19098161590878765]",20.55892485918141,2.589967330223101
"[0.18717481909197664, 0.859088134201113, -0.8767122506551269, 0.1910146938121689]",20.555142072674574,2.5931104944588084
"[0.18722105118019147, 0.8591137056402675, -0.8766733079800157, 0.1910477008853116]",20.551348476789936,2.596253658694516
"[0.18726718959529345, 0.8591392211359345, -0.8766344472968428, 0.19108063653600565]",20.54754403953362,2.599396822930224
"[0.1873132334438942, 0.8591646802200135, -0.8765956693384509, 0.19111350015535108]",20.543728737493726,2.6025399871659314
"[0.18735918174577104, 0.8591900823766592, -0.876556974910616, 0.19114629107276312]",20.539902550886072,2.605683151401639
"[0.1874050336424536, 0.859215427157614, -0.8765183647163802, 0.19117900870484367]",20.53606544822446,2.608826315637347
"[0.18745078822744815, 0.8592407140883168, -0.8764798394990445, 0.19121165243419302]",20.532217407724232,2.6119694798730544
"[0.18749644459608752, 0.8592659426954757, -0.8764414000001811, 0.19124422164499624]",20.528358406356432,2.615112644108762
"[0.18754200185649095, 0.8592911125131221, -0.8764030469504086, 0.19127671573083677]",20.52448842546619,2.61825580834447
"[0.18758745907298688, 0.8593162230513438, -0.8763647811170266, 0.1913091340543382]",20.520607437508552,2.6213989725801774
"[0.1876328154254972, 0.8593412738843295, -0.8763266031698453, 0.19134147606082866]",20.516715421166303,2.624542136815885
"[0.18767806992191832, 0.8593662644915004, -0.8762885139232963, 0.1913737410732355]",20.51281235922579,2.6276853010515926
"[0.18772322175133832, 0.8593911944525922, -0.8762505140391201, 0.1914059285439466]",20.508898227474457,2.6308284652873004
"[0.187768270005923, 0.85941606329405, -0.8762126042604618, 0.19143803785650093]",20.504973007699274,2.6339716295230082
"[0.18781321377529, 0.8594408705411586, -0.8761747853324301, 0.19147006839288724]",20.501036685730202,2.6371147937587156
"[0.1878580521876125, 0.8594656157407244, -0.8761370579675143, 0.19150201956283275]",20.497089235193222,2.6402579579944234
"[0.18790278439475896, 0.8594902984528561, -0.8760994228581006, 0.19153389079319322]",20.493130636800167,2.6434011222301312
"[-0.10729010380209864, 0.44168883580933205, -1.4006137149625344, -0.3402213927133144]",26.756356930286646,2.6465442864658386
"[-0.10726088424920968, 0.44314973479244435, -1.3986560559547512, -0.3385336231612185]",26.754086360474197,2.6496874507015464
"[-0.10722600075241522, 0.4446092081676842, -1.396703016723615, -0.33684160375199695]",26.751803945318734,2.6528306149372542
"[-0.107185462742026, 0.44606721283873657, -1.3947546556630106, -0.3351455091878414]",26.749509607834852,2.6559737791729616
"[-0.10713928061711883, 0.4475237037315827, -1.3928110324645901, -0.33344551542095513]",26.747203265314223,2.6591169434086694
"[-0.10708746545217765, 0.4489786424264055, -1.3908721966333355, -0.33174178954357664]",26.744884830582244,2.6622601076443773
"[-0.10703002953408038, 0.45043198088181485, -1.3889382092215057, -0.33003450879080337]",26.742554229152347,2.6654032718800846
"[-0.10696698578284661, 0.4518836781712763, -1.3870091205430162, -0.32832384094558603]",26.740211371946298,2.6685464361157925
"[-0.10689834808182294, 0.4533336908035991, -1.3850849831040573, -0.3266099556472591]",26.737856185168223,2.6716896003515
"[-0.10682413123260295, 0.45478197436391143, -1.383165849434795, -0.32489302247115437]",26.73548858664072,2.6748327645872076
"[-0.10674435094467885, 0.45622848387405984, -1.3812517716328032, -0.3231732104978438]",26.733108499734254,2.6779759288229155
"[-0.10665902377517983, 0.4576731748313265, -1.3793428000147334, -0.3214506870653423]",26.730715851778314,2.681119093058623
"[-0.10656816718044458, 0.45911600215078396, -1.3774389845438146, -0.3197256190114649]",26.728310555590852,2.6842622572943307
"[-0.10647179937367394, 0.46055692228407874, -1.3755403720629062, -0.31799817012486187]",26.725892547675848,2.6874054215300385
"[-0.10636993963259672, 0.461995888470962, -1.3736470125806075, -0.3162685068221919]",26.723461745648013,2.690548585765746
"[-0.10626260791790083, 0.4634328564339745, -1.371758951792381, -0.31453679131392076]",26.721018082460866,2.6936917500014537
"[-0.10614982516878145, 0.4648677800110519, -1.3698762368578066, -0.31280318683707]",26.718561480211502,2.696834914237161
"[-0.10603161318427265, 0.4663006129055291, -1.3679989141197089, -0.31106785555059524]",26.716091870876113,2.699978078472869
"[-0.10590799445614617, 0.467731310519486, -1.3661270267335157, -0.3093309562983751]",26.71360918282585,2.7031212427085762
"[-0.10577899255052921, 0.46915982537527395, -1.3642606206880672, -0.30759265015352255]",26.7111133479158,2.706264406944284
"[-0.10564463172266912, 0.47058611162706704, -1.3623997389243598, -0.3058530949417166]",26.708604297879944,2.7094075711799914
"[-0.10550493696600369, 0.4720101241766511, -1.3605444225287373, -0.3041124462928305]",26.70608196519209,2.7125507354156992
"[-0.10535993439566992, 0.4734318147714748, -1.3586947158396063, -0.30237086240962724]",26.70354628335426,2.7156938996514066
"[-0.1052096507094637, 0.4748511375036974, -1.3568506593057643, -0.30062849734535124]",26.70099719156789,2.7188370638871144
"[-0.10505411360027064, 0.47626804464373296, -1.3550122949359906, -0.2988855060986813]",26.69843462144979,2.7219802281228223
"[-0.10489335104711577, 0.47768249301550353, -1.353179658054358, -0.29714203676605755]",26.69585851342372,2.7251233923585296
"[-0.10472739267375131, 0.4790944318248098, -1.3513527931043805, -0.2953982455299418]",26.69326880735634,2.7282665565942374
"[-0.10455626826351153, 0.4805038158379705, -1.349531736590389, -0.2936542804243839]",26.690665435723023,2.7314097208299453
"[-0.10438000846193159, 0.48191059895569766, -1.3477165254383434, -0.29191028924116585]",26.688048352463888,2.7345528850656526
"[-0.10419864509865116, 0.48331473183125695, -1.3459072000801409, -0.29016642249968816]",26.685417490852792,2.7376960493013605
"[-0.10401221015780635, 0.4847161699123609, -1.3441037941084613, -0.2884228234679974]",26.682772796189923,2.740839213537068
"[-0.10382073677287802, 0.48611486555713407, -1.3423063444677588, -0.28667963794489726]",26.680114217641673,2.7439823777727756
"[-0.10362425886810454, 0.48751077091697315, -1.340514887754224, -0.28493701069191507]",26.67744169648726,2.7471255420084835
"[-0.10342281095586996, 0.48890383929959946, -1.3387294584920706, -0.2831950837306392]",26.674755183007267,2.750268706244191
"[-0.10321642807777837, 0.4902940253674783, -1.3369500889130561, -0.2814539960841783]",26.672054624772063,2.7534118704798987
"[-0.10300514659498321, 0.4916812798010525, -1.3351768158082495, -0.2797138904661988]",26.669339978970907,2.7565550347156065
"[-0.10278900286711787, 0.4930655580986431, -1.3334096692908572, -0.2779749022590664]",26.666611189077273,2.759698198951314
"[-0.10256803458438146, 0.4944468117367204, -1.3316486841215076, -0.27623717060177955]",26.663868212713947,2.7628413631870217
"[-0.10234227961228438, 0.4958249955669409, -1.3298938902846027, -0.2745008291051364]",26.66111100029059,2.7659845274227295
"[-0.10211177717321705, 0.4972000604281865, -1.3281453224265047, -0.27276601515388454]",26.65833951484643,2.769127691658437
"[-0.10187656650624298, 0.49857196128309506, -1.3264030095173884, -0.27103285966065854]",26.655553712368167,2.7722708558941447
"[-0.10163668723385776, 0.499940654667942, -1.3246669781381184, -0.26930149026492944]",26.652753544462083,2.7754140201298525
"[-0.10139218100591449, 0.5013060894113885, -1.3229372642634483, -0.26757204309083854]",26.649938983321626,2.77855718436556
"[-0.10114308883356048, 0.5026682218206335, -1.3212138940189837, -0.26584464354418935]",26.64710998052048,2.7817003486012677
"[-0.10088945290991581, 0.5040270052427716, -1.3194968969430567, -0.2641194195236121]",26.644266507854066,2.784843512836975
"[-0.10063131561117299, 0.5053823955191299, -1.3177862991033964, -0.2623964945136966]",26.641408528478287,2.787986677072683
"[-0.10036872078514211, 0.5067343441431387, -1.3160821317546596, -0.26067599628709165]",26.638536007149686,2.7911298413083907
"[-0.10010171177507841, 0.5080828085298329, -1.314384418402664, -0.25895804385374416]",26.6356489130799,2.794273005544098
"[-0.09983033367798042, 0.5094277403502883, -1.3126931895281342, -0.25724276231464244]",26.63274721415421,2.797416169779806
"[-0.09955463089038216, 0.5107690978581076, -1.3110084670887492, -0.2555302671647646]",26.62983088853049,2.8005593340155137
"[-0.09927464931121542, 0.512106834845582, -1.3093302784321084, -0.25382067838072964]",26.6268999031235,2.803702498251221
"[-0.0989904355200064, 0.5134409048323512, -1.3076586510344608, -0.2521141150989388]",26.623954234646064,2.806845662486929
"[-0.09870203551702268, 0.5147712668249366, -1.3059936053113352, -0.2504106882490052]",26.620993861410604,2.8099888267226367
"[-0.09840949710515735, 0.5160978741218544, -1.3043351686607374, -0.24871051488611423]",26.61801876072838,2.813131990958344
"[-0.09811286800471794, 0.5174206830990686, -1.3026833644739524, -0.24701370696097008]",26.615028911155687,2.816275155194052
"[-0.0978121963695292, 0.5187396506924119, -1.3010382153115922, -0.24532037454715475]",26.61202429679769,2.8194183194297593
"[-0.09750753077363455, 0.5200547343884762, -1.2993997429340607, -0.2436306258616844]",26.609004900893474,2.822561483665467
"[-0.09719892086469896, 0.5213658894064128, -1.2977679718255413, -0.2419445708997708]",26.60597070612788,2.8257046479011745
"[-0.09688641605055745, 0.5226730743035551, -1.2961429222281076, -0.24026231424166558]",26.602921703233918,2.8288478121368823
"[-0.09657006678853725, 0.5239762454325047, -1.2945246170580686, -0.23858396218995803]",26.59985787550633,2.8319909763725897
"[-0.0962499232442097, 0.525275362487977, -1.292913075027799, -0.23690961564128077]",26.596779219656632,2.8351341406082975
"[-0.0959260370325828, 0.5265703813333432, -1.2913083195656283, -0.23523937933895964]",26.593685724447,2.838277304844005
"[-0.09559845903185245, 0.5278612628110525, -1.2897103679033004, -0.23357335052845815]",26.590577382573464,2.8414204690797127
"[-0.09526724131243038, 0.5291479649329285, -1.288119240773169, -0.2319116290383504]",26.5874541972746,2.8445636333154205
"[-0.09493243627789232, 0.5304304463277512, -1.2865349581455416, -0.23025431284909395]",26.584316156343487,2.847706797551128
"[-0.09459409625683314, 0.5317086677139908, -1.2849575374279996, -0.2286014961990243]",26.58116326375779,2.8508499617868357
"[-0.09425227434110418, 0.5329825886404473, -1.2833869975060976, -0.22695327380826388]",26.57799552128425,2.8539931260225435
"[-0.09390702421523293, 0.5342521681715519, -1.2818233579036584, -0.22530974000962434]",26.57481293695638,2.857136290258251
"[-0.09355839868535779, 0.535517370207555, -1.2802666322478482, -0.22367098187119874]",26.57161550287133,2.8602794544939587
"[-0.09320645235133326, 0.5367781536491598, -1.2787168403924878, -0.22203709194318216]",26.568403242929232,2.863422618729666
"[-0.09285123937715895, 0.5380344805352525, -1.2771739984096528, -0.22040815773488218]",26.565176151187494,2.866565782965374
"[-0.09249281446057189, 0.5392863124683878, -1.2756381230013198, -0.21878426635667605]",26.56193424941383,2.8697089472010817
"[-0.0921312320274584, 0.5405336133901499, -1.2741092281058195, -0.21716550093290513]",26.558677541552445,2.872852111436789
"[-0.0917665473276227, 0.5417763457157336, -1.2725873296515962, -0.21555194562939048]",26.55540605144909,2.875995275672497
"[-0.09139881602144152, 0.5430144717957894, -1.2710724437694176, -0.2139436837729701]",26.55211978721444,2.8791384399082047
"[-0.09102809363600599, 0.5442479557071265, -1.26956458461247, -0.21234079553857396]",26.548818774694055,2.882281604143912
"[-0.09065443533858648, 0.5454767638815917, -1.2680637636059635, -0.2107433571413892]",26.545503029035462,2.88542476837962
"[-0.09027789800137638, 0.5467008582861604, -1.2665699977858391, -0.20915144971633828]",26.542172578870673,2.8885679326153277
"[-0.08989853773008356, 0.5479202045625917, -1.2650832998626749, -0.20756514875230234]",26.538827438530273,2.891711096851035
"[-0.08951641008339414, 0.5491347711188639, -1.2636036793542975, -0.2059845252805568]",26.53546764199115,2.894854261086743
"[-0.08913157214936325, 0.5503445224756524, -1.262131150701592, -0.20440965454635848]",26.532093220980133,2.8979974253224503
"[-0.08874408137991413, 0.5515494230716357, -1.2606657286292984, -0.2028406110757903]",26.528704196089382,2.901140589558158
"[-0.0883539934974197, 0.5527494436624568, -1.259207420378646, -0.20127746035324387]",26.525300606143283,2.904283753793866
"[-0.08796136591750119, 0.5539445506163766, -1.257756238736773, -0.19972027277358853]",26.52188248471973,2.9074269180295733
"[-0.08756625566879508, 0.5551347123659149, -1.256312194196003, -0.19816911525482409]",26.518449865777722,2.910570082265281
"[-0.08716871969053017, 0.5563198984109559, -1.2548752961771046, -0.19662405254868393]",26.51500279321508,2.913713246500989
"[-0.08676881556920199, 0.5575000770930255, -1.2534455557343507, -0.19508515015577965]",26.511541299011505,2.9168564107366963
"[-0.08636660099845957, 0.5586752172148022, -1.2520229835950916, -0.19355247222910746]",26.508065432301187,2.919999574972404
"[-0.08596213245968164, 0.5598452918071251, -1.2506075856111125, -0.19202607667266786]",26.504575235648243,2.923142739208112
"[-0.08555546808191222, 0.5610102697630222, -1.2491993728903148, -0.19050602606688166]",26.50107075498691,2.9262859034438193
"[-0.08514666451467368, 0.5621701248582505, -1.2477983508901311, -0.18899237591466736]",26.497552036244727,2.929429067679527
"[-0.08473578034260196, 0.5633248259622264, -1.2464045312539764, -0.18748518742797887]",26.494019133622878,2.9325722319152345
"[-0.08432287170701896, 0.5644743493923274, -1.2450179168966653, -0.18598451141745836]",26.490472095919998,2.9357153961509423
"[-0.08390799707605365, 0.5656186654670512, -1.2436385182419116, -0.1844904058569987]",26.48691097844282,2.93885856038665
"[-0.08349121328973233, 0.5667577495322624, -1.2422663399225098, -0.18300292150345157]",26.48333583976234,2.9420017246223575
"[-0.08307257791438097, 0.5678915753803484, -1.2409013887226708, -0.18152211050091233]",26.479746735526042,2.9451448888580654
"[-0.08265214793515509, 0.5690201188070311, -1.2395436692963924, -0.18004802174932508]",26.476143724624556,2.9482880530937727
"[-0.08222998145399807, 0.5701433530194308, -1.2381931896963478, -0.17858070691517677]",26.47252687424081,2.9514312173294805
"[-0.08180613440369805, 0.571261257371365, -1.2368499508732038, -0.17712020903347422]",26.46889624459073,2.954574381565188
"[-0.08138066472920244, 0.5723738062075316, -1.2355139600920855, -0.17566657709358635]",26.465251900685026,2.9577175458008957
"[-0.08095362904252862, 0.5734809777062169, -1.2341852203065484, -0.1742198544999547]",26.461593915603565,2.960860710036603
"[-0.08052508419425905, 0.5745827496899318, -1.2328637351967544, -0.17278008455760732]",26.457922355017626,2.964003874272311
"[-0.08009508656221137, 0.5756791014412065, -1.2315495069930784, -0.17134730811195595]",26.454237295358112,2.9671470385080188
"[-0.07966369312789437, 0.5767700109269305, -1.2302425398062113, -0.16992156718845172]",26.450538802623715,2.970290202743726
"[-0.07923095997540656, 0.5778554585966662, -1.2289428350764853, -0.16850290004090948]",26.446826958754297,2.973433366979434
"[-0.07879694329381928, 0.578935424794511, -1.2276503946788584, -0.16709134454586413]",26.44310183998612,2.9765765312151413
"[-0.07836169932052083, 0.5800098898981543, -1.2263652207563827, -0.16568693803295442]",26.43936352886335,2.979719695450849
"[-0.07792528370447509, 0.5810788358666209, -1.2250873138704628, -0.16428971527371558]",26.435612100236828,2.982862859686557
"[-0.07748775193070903, 0.5821422451473794, -1.223816674311049, -0.16289970992171063]",26.43184764167963,2.9860060239222643
"[-0.0770491594725335, 0.5832001002880277, -1.2225533025613087, -0.1615169550317266]",26.428070238447514,2.989149188157972
"[-0.0766095614178436, 0.5842523848197481, -1.2212971982430165, -0.16014148191642555]",26.424279978992598,2.99229235239368
"[-0.07616901284215095, 0.5852990823339009, -1.2200483612201354, -0.15877332136465547]",26.42047695119447,2.9954355166293873
"[-0.07572756825971418, 0.5863401777660523, -1.2188067900672501, -0.15741250197432247]",26.416661240667644,2.998578680865095
"[-0.07528528183577463, 0.5873756568479648, -1.217572482725164, -0.15605905087959254]",26.412832947647075,3.001721845100803
"[-0.07484220782785994, 0.5884055050544252, -1.216345437756606, -0.15471299513866693]",26.40899216432499,3.0048650093365104
"[-0.07439839994884723, 0.5894297090729835, -1.2151256525938856, -0.15337435982314065]",26.40513898858513,3.008008173572218
"[-0.07395391225138308, 0.5904482547396461, -1.2139131259978155, -0.15204317072701884]",26.401273511275058,3.0111513378079255
"[-0.07350879675163498, 0.5914611324529544, -1.2127078516125347, -0.15071944730095513]",26.397395838461684,3.0142945020436334
"[-0.07306310708504052, 0.5924683287819742, -1.2115098279551328, -0.14940321363075545]",26.393506070914174,3.017437666279341
"[-0.0726168957763557, 0.5934698327001979, -1.2103190509938127, -0.14809449029999194]",26.389604310891436,3.0205808305150486
"[-0.07217021456215142, 0.5944656347854129, -1.2091355151024719, -0.14679329544619205]",26.38569066329688,3.0237239947507564
"[-0.0717231155703673, 0.595455724560587, -1.2079592162208288, -0.14549964824544112]",26.381765234502453,3.026867158986464
"[-0.07127565032980646, 0.5964400926982393, -1.2067901492323327, -0.14421356604151178]",26.377828134186935,3.0300103232221716
"[-0.07082786975786012, 0.5974187310074442, -1.2056283079797914, -0.1429350643726655]",26.37387946853724,3.0331534874578794
"[-0.07037982428328465, 0.598391632129476, -1.204473685626478, -0.14166415737894358]",26.369919357929835,3.036296651693587
"[-0.06993156448606613, 0.5993587881333398, -1.2033262763212067, -0.14040085964605542]",26.365947903435465,3.0394398159292946
"[-0.06948314058051136, 0.600320191636858, -1.2021860738652044, -0.13914518474974008]",26.36196522827234,3.0425829801650024
"[-0.06903460097289432, 0.6012758388510971, -1.2010530681016305, -0.13789714128892483]",26.357971448034863,3.04572614440071
"[-0.06858599575877825, 0.6022257220857448, -1.1999272538009111, -0.13665674268279562]",26.353966673955576,3.0488693086364176
"[-0.06813737292174563, 0.6031698378421553, -1.198808621063018, -0.13542399660997553]",26.34995103177363,3.0520124728721254
"[-0.0676887815995882, 0.6041081798737988, -1.197697163540726, -0.134198914079083]",26.345924641791527,3.0551556371078328
"[-0.06724026814301093, 0.6050407474376405, -1.1965928686623435, -0.1329814986637152]",26.34188762525642,3.0582988013435406
"[-0.06679188102679441, 0.6059675350092943, -1.1954957298115279, -0.13177175993824133]",26.337840103341236,3.0614419655792484
"[-0.06634366655602507, 0.6068885412193035, -1.1944057357416495, -0.13056970181945565]",26.333782203792676,3.064585129814956
"[-0.06589567095640322, 0.6078037644737921, -1.1933228757601064, -0.12937532829188209]",26.329714056443578,3.0677282940506636
"[-0.0654479406048743, 0.6087132024932188, -1.1922471402701134, -0.1281886440168009]",26.325635776787085,3.070871458286371
"[-0.06500051987270544, 0.6096168566751174, -1.1911785156077543, -0.12700964864717704]",26.321547508103993,3.074014622522079
"[-0.06455345496660929, 0.6105147242977984, -1.1901169932601543, -0.12583834700756882]",26.317449376436972,3.077157786757786
"[-0.06410678998256514, 0.6114068064937509, -1.1890625604327612, -0.12467473869801257]",26.313341510830327,3.080300950993494
"[-0.06366056794278743, 0.6122931060891911, -1.188015202603995, -0.12351882092139609]",26.309224046098922,3.0834441152292014
"[-0.06321483346452886, 0.6131736223003827, -1.1869749097892226, -0.12237059540722205]",26.305097115947717,3.086587279464909
"[-0.06276962858153295, 0.6140483590186193, -1.1859416667473057, -0.12123005761316008]",26.300960854334235,3.089730443700617
"[-0.06232499604554808, 0.6149173182504936, -1.1849154607288042, -0.1200972052866271]",26.296815398965666,3.0928736079363244
"[-0.061880977875774144, 0.6157805029803378, -1.1838962780905764, -0.1189720347382854]",26.29266088985237,3.096016772172032
"[-0.06143761455792904, 0.6166379186897216, -1.1828841024996792, -0.11785453886861148]",26.28849746450873,3.0991599364077396
"[-0.060994947610850024, 0.6174895683682323, -1.1818789208204874, -0.11674471367721266]",26.28432525973631,3.1023031006434474
"[-0.06055301758098677, 0.6183354564065601, -1.180880718514575, -0.11564255319404983]",26.280144418446717,3.105446264879155
"[-0.060111863285420016, 0.6191755899992646, -1.1798894779835374, -0.1145480476588835]",26.2759550831213,3.1085894291148626
"[-0.05967152400735111, 0.620009974925574, -1.1789051835448017, -0.11346118902478897]",26.27175739812517,3.1117325933505704
"[-0.0592320396844255, 0.6208386152311403, -1.1779278218017417, -0.11238197137653022]",26.267551501160913,3.114875757586278
"[-0.058793446231400884, 0.6216615220253794, -1.1769573712644719, -0.11131037947892129]",26.263337545261685,3.1180189218219856
"[-0.05835578289427739, 0.6224786996131164, -1.1759938187035308, -0.11024640684400779]",26.259115668251955,3.1211620860576934
"[-0.05791908528540179, 0.6232901585701853, -1.175037143725747, -0.1091900387085983]",26.25488601951896,3.124305250293401
"[-0.057483390436797656, 0.6240959062720596, -1.1740873299396077, -0.10814126437226784]",26.250648748462716,3.1274484145291086
"[-0.05704873430861201, 0.6248959515458347, -1.1731443594661983, -0.10710007114508778]",26.246404001090312,3.1305915787648164
"[-0.05661515164354772, 0.6256903049034841, -1.1722082126615858, -0.10606644405000316]",26.242151927079338,3.133734743000524
"[-0.05618267752646108, 0.6264789756671002, -1.1712788715015727, -0.10504036956877973]",26.237892670728833,3.1368779072362316
"[-0.05575134600530143, 0.6272619744947643, -1.1703563166009638, -0.1040218323593905]",26.233626390966712,3.1400210714719394
"[-0.055321189984809345, 0.628039313543825, -1.169440527018406, -0.10301081504925887]",26.22935323089072,3.1431642357076472
"[-0.054892242912912455, 0.6288110034119059, -1.1685314838566982, -0.10200730221834445]",26.225073343694945,3.1463073999433546
"[-0.054464536680815814, 0.6295770569259371, -1.167629165795251, -0.10101127547527544]",26.220786887338704,3.149450564179062
"[-0.05403810291626304, 0.6303374867938617, -1.1667335518531223, -0.1000227165158822]",26.216494007496273,3.1525937284147703
"[-0.05361297315952334, 0.6310923052975331, -1.1658446217468414, -0.09904160752589361]",26.212194859624216,3.1557368926504776
"[-0.05318917833257665, 0.6318415252398812, -1.1649623547710093, -0.09806792995305891]",26.207889593394615,3.158880056886185
"[-0.05276674747090772, 0.6325851621638587, -1.1640867271822624, -0.09710166162821494]",26.20357836608999,3.1620232211218933
"[-0.05234571107604214, 0.6333232284321406, -1.1632177191669557, -0.09614278446218928]",26.199261333084856,3.1651663853576006
"[-0.05192609671808471, 0.6340557409562814, -1.1623553057367109, -0.0951912744066236]",26.194938647101893,3.168309549593308
"[-0.05150793329608399, 0.634782713713736, -1.1614994655355602, -0.09424711117956695]",26.19061046376398,3.1714527138290163
"[-0.051091248270559365, 0.6355041625921288, -1.1606501751327514, -0.09331027197540903]",26.18627693867201,3.1745958780647237
"[-0.05067606881270155, 0.6362201033751658, -1.1598074113905004, -0.09238073408448792]",26.181938225069207,3.177739042300431
"[-0.05026242125016735, 0.6369305526972069, -1.1589711503367703, -0.09145847365672294]",26.17759447996246,3.1808822065361384
"[-0.04985033141796465, 0.637635527429873, -1.1581413678838677, -0.09054346650126914]",26.173245861192974,3.1840253707718467
"[-0.049439824730871246, 0.6383350445568379, -1.157318039972281, -0.08963568825181556]",26.16889252449117,3.187168535007554
"[-0.04903092547696475, 0.6390291223712214, -1.1565011411579313, -0.08873511281571976]",26.164534621237493,3.1903116992432614
"[-0.048623658387072125, 0.6397177778044812, -1.1556906477525388, -0.08784171584274542]",26.160172311294396,3.1934548634789692
"[-0.048218045909633016, 0.6404010310368594, -1.154886532393998, -0.08695546874624852]",26.155805755035658,3.196598027714677
"[-0.04781411255819731, 0.6410788981570529, -1.1540887726818885, -0.08607634822764841]",26.151435100172623,3.1997411919503844
"[-0.04741187914149784, 0.6417514008702631, -1.1532973397488182, -0.0852043236870742]",26.147060509592052,3.2028843561860922
"[-0.047011368357505, 0.6424185570963311, -1.152512209321916, -0.08433936941960204]",26.14268214091815,3.2060275204218
"[-0.04661260102891606, 0.6430803872785877, -1.1517333542948585, -0.0834814564359976]",26.13830014387481,3.2091706846575074
"[-0.04621559775514684, 0.6437369116142797, -1.1509607479839807, -0.08263055605651574]",26.13391467836215,3.2123138488932153
"[-0.04582037922942041, 0.6443881495406624, -1.1501943647297725, -0.08178664057839809]",26.129525898417175,3.2154570131289226
"[-0.045426964336979105, 0.6450341228687194, -1.149434176205866, -0.08094967921694986]",26.12513396358247,3.2186001773646304
"[-0.045035371824380756, 0.6456748530182689, -1.1486801546696088, -0.08011964169118724]",26.12073902487991,3.2217433416003383
"[-0.04464562066322797, 0.6463103604361699, -1.147932273643587, -0.07929649897857421]",26.11634124195152,3.2248865058360456
"[-0.04425772777095413, 0.64694066831363, -1.1471905035378882, -0.07848021850187765]",26.111940766602775,3.228029670071753
"[-0.043871711451653715, 0.6475657969802319, -1.1464548182443082, -0.07767077139175795]",26.107537756466808,3.2311728343074613
"[-0.04348758746486824, 0.6481857702898886, -1.1457251876180594, -0.07686812421840121]",26.103132365235,3.2343159985431686
"[-0.04310537228968554, 0.64880061032359, -1.1450015837088066, -0.0760722458529009]",26.09872474496836,3.237459162778876
"[-0.04272508253954301, 0.6494103383590677, -1.14428397961671, -0.07528310621191447]",26.09431505069735,3.2406023270145843
"[-0.042346731455731014, 0.6500149804818938, -1.1435723428855764, -0.07450066899762121]",26.08990343537336,3.2437454912502917
"[-0.0419703341109292, 0.6506145592359465, -1.142866645326684, -0.07372490250591378]",26.08549005221286,3.246888655485999
"[-0.04159590497938859, 0.6512090975360617, -1.1421668584112024, -0.07295577456279119]",26.081075053729794,3.2500318197217073
"[-0.041223457633422424, 0.6517986191453378, -1.1414729527055514, -0.07219325190847566]",26.076658589771665,3.2531749839574147
"[-0.040853004662126755, 0.6523831487935505, -1.1407848977291415, -0.07143730004614401]",26.07224081533431,3.256318148193122
"[-0.04048455751938986, 0.6529627124046848, -1.1401026616836247, -0.07068788294963879]",26.067821882313773,3.2594613124288294
"[-0.04011812969731474, 0.6535373321137937, -1.1394262173162575, -0.06994496950765738]",26.063401930258184,3.2626044766645377
"[-0.0397537317955204, 0.6541070340254062, -1.1387555327844434, -0.06920852349253297]",26.05898111859872,3.265747640900245
"[-0.0393913742991215, 0.654671843833938, -1.1380905768084144, -0.06847850922505143]",26.05455959513233,3.2688908051359524
"[-0.039031067855742806, 0.6552317864040558, -1.1374313191628993, -0.06775489211708931]",26.050137505775194,3.2720339693716607
"[-0.03867282243713956, 0.6557868870840479, -1.1367777291284749, -0.06703763697465644]",26.04571499709871,3.275177133607368
"[-0.03831664758348026, 0.656337171325807, -1.136129775936493, -0.06632670848996822]",26.04129221904826,3.2783202978430754
"[-0.03796255151948677, 0.6568826660469416, -1.1354874271626858, -0.06562206948282236]",26.03686931646169,3.2814634620787837
"[-0.03761054256720049, 0.6574233974468077, -1.1348506512963128, -0.06492368372309062]",26.032446430214076,3.284606626314491
"[-0.03726062961567622, 0.6579593903023715, -1.1342194185673926, -0.06423151683985501]",26.028023710645463,3.2877497905501984
"[-0.03691281940448221, 0.6584906721357588, -1.1335936960364568, -0.06354553093992292]",26.023601300652164,3.2908929547859067
"[-0.03656711832065298, 0.6590172704467341, -1.132973450851157, -0.06286568818348076]",26.019179339523518,3.294036119021614
"[-0.03622353387954303, 0.6595392104707984, -1.1323586528849454, -0.062191953678223645]",26.014757969459794,3.2971792832573215
"[-0.035882071484151665, 0.6600565201169649, -1.1317492689190156, -0.06152428910526177]",26.010337335651144,3.3003224474930297
"[-0.03554273696280556, 0.6605692261067564, -1.1311452671878692, -0.06086265770407519]",26.005917573740255,3.303465611728737
"[-0.03520553474881172, 0.6610773567336823, -1.1305466141265816, -0.06020702071152532]",26.001498820684446,3.3066087759644445
"[-0.03487047024113943, 0.6615809383034316, -1.1299532785625988, -0.05955734195582862]",25.997081224755682,3.3097519402001523
"[-0.03453754770681756, 0.6620799983042647, -1.1293652279787776, -0.058913583765768864]",25.992664913404997,3.31289510443586
"[-0.034206769846112976, 0.662574566045069, -1.12878242775906, -0.058275706149100985]",25.9882500213736,3.3160382686715675
"[-0.0338781413972995, 0.6630646672674207, -1.1282048475357567, -0.05764367374223223]",25.983836693832917,3.3191814329072753
"[-0.03355166502799886, 0.663550330299086, -1.1276324539365992, -0.05701744787336954]",25.979425055785907,3.322324597142983
"[-0.03322734258128499, 0.6640315841787511, -1.1270652127921346, -0.056396988982402946]",25.97501524464705,3.3254677613786905
"[-0.03290517707827096, 0.6645084556912809, -1.1265030926286899, -0.05578226044336571]",25.97060739181679,3.3286109256143983
"[-0.032585169647398306, 0.6649809739281726, -1.1259460592913704, -0.055173222685005935]",25.96620162519487,3.3317540898501057
"[-0.03226732118274895, 0.665449167823593, -1.1253940788461612, -0.05456983636790919]",25.961798079043202,3.3348972540858135
"[-0.03195163286786782, 0.6659130653921943, -1.1248471184772693, -0.053972063366718406]",25.957396879293334,3.338040418321521
"[-0.0316381057563697, 0.6663726943582553, -1.1243051457440476, -0.053379865958852635]",25.9529981501637,3.3411835825572287
"[-0.03132673956839257, 0.6668280839212682, -1.1237681264973851, -0.052793204549882365]",25.94860202571725,3.344326746792936
"[-0.03101753486291064, 0.667279261577172, -1.1232360286266694, -0.05221204176922532]",25.94420862688081,3.347469911028644
"[-0.0307104896087222, 0.6677262581279811, -1.1227088161500929, -0.051636336016900715]",25.939818075743872,3.3506130752643517
"[-0.0304056038201378, 0.6681691009230987, -1.1221864571843494, -0.051066050169544026]",25.93543049582361,3.353756239500059
"[-0.03010287636721517, 0.6686078185198037, -1.1216689184468627, -0.050501145576957625]",25.931046012916433,3.3568994037357665
"[-0.029802305126777336, 0.6690424404557349, -1.121156165522282, -0.04994158235597728]",25.92666474176847,3.3600425679714747
"[-0.029503888293818024, 0.6694729953521962, -1.1206481650985802, -0.049387321832673595]",25.92228680601944,3.363185732207182
"[-0.029207623032280625, 0.6698995128687477, -1.1201448826598088, -0.048838324025890244]",25.917912318711107,3.3663288964428895
"[-0.028913507691266358, 0.6703220205158698, -1.1196462862457848, -0.04829455174984842]",25.91354139947542,3.3694720606785977
"[-0.028621537357918628, 0.6707405500500517, -1.119152338904207, -0.04775596238331636]",25.909174164141742,3.372615224914305
"[-0.02833171183915518, 0.6711551260277597, -1.118663012197667, -0.04722252259963357]",25.90481072545989,3.3757583891500125
"[-0.028044024168649106, 0.6715657822733522, -1.1181782667664717, -0.04669418717538768]",25.900451195623823,3.3789015533857207
"[-0.02775847254398574, 0.6719725448002948, -1.1176980724853975, -0.046170920966381396]",25.896095689015784,3.382044717621428
"[-0.027475052166359214, 0.6723754434841823, -1.1172223946846327, -0.04565268388792406]",25.891744313074405,3.3851878818571355
"[-0.02719375785158442, 0.6727745083268725, -1.1167511985579153, -0.04513943572204671]",25.887397173987733,3.3883310460928437
"[-0.026914585730269638, 0.6731697670546708, -1.1162844519977897, -0.04463113920596473]",25.883054387272214,3.391474210328551
"[-0.02663752917566531, 0.6735612508933009, -1.1158221187754631, -0.044127752605004476]",25.878716053398673,3.3946173745642585
"[-0.026362584591548655, 0.6739489863831871, -1.115364168205217, -0.043629240237446104]",25.874382276867525,3.3977605387999668
"[-0.026089746271091323, 0.6743330026582242, -1.1149105665480101, -0.04313556311426681]",25.870053163698167,3.400903703035674
"[-0.025819006403949758, 0.6747133314145094, -1.1144612770460267, -0.042646678980956046]",25.865728816719294,3.4040468672713815
"[-0.025550359459227748, 0.6750900007505184, -1.114016267198116, -0.04216255023581643]",25.861409332465698,3.4071900315070898
"[-0.02528380056639624, 0.6754630374689053, -1.1135755060411845, -0.04168314096930278]",25.85709481500566,3.410333195742797
"[-0.02501932110701554, 0.6758324732442007, -1.1131389568616052, -0.04120840903776222]",25.85278535959702,3.4134763599785045
"[-0.024756915336666845, 0.6761983353573852, -1.1127065881418525, -0.04073831797089634]",25.848481065754306,3.416619524214212
"[-0.024496574944924944, 0.6765606543041662, -1.1122783645696321, -0.04027282719436765]",25.844182027674197,3.41976268844992
"[-0.024238292910153555, 0.6769194584193768, -1.111854253389611, -0.03981189893697044]",25.839888336026334,3.4229058526856275
"[-0.023982062433877103, 0.6772747753766711, -1.1114342226310394, -0.03935549630275574]",25.83560009030998,3.426049016921335
"[-0.02372787378338383, 0.6776266365647751, -1.1110182359333542, -0.03890357764994318]",25.83131737623948,3.429192181157043
"[-0.023475720401906718, 0.6779750686228854, -1.1106062625520983, -0.038456107463126055]",25.82704028732595,3.4323353453927505
"[-0.023225593391017707, 0.6783201010902813, -1.110198268315053, -0.03801304652752167]",25.82276891041883,3.435478509628458
"[-0.02297748466020508, 0.6786617620514972, -1.1097942207701905, -0.03757435752185128]",25.81850333447916,3.438621673864166
"[-0.022731384591191135, 0.6790000813606126, -1.1093940853723168, -0.03714000087784818]",25.814243643519994,3.4417648380998735
"[-0.022487284847214756, 0.679335086777726, -1.108997830051575, -0.0367099397406412]",25.809989920055457,3.444908002335581
"[-0.02224517599397604, 0.6796668072469837, -1.108605421336175, -0.03628413575968229]",25.80574225520715,3.4480511665712887
"[-0.022005049046043435, 0.6799952707767906, -1.1082168268591348, -0.035862551809850395]",25.801500720843258,3.4511943308069966
"[-0.021766893976931434, 0.6803205064840606, -1.1078320129394619, -0.03544514936721269]",25.79726540432249,3.454337495042704
"[-0.02153070198656771, 0.6806425414997079, -1.1074509482429253, -0.03503189248033606]",25.79303638424193,3.4574806592784117
"[-0.02129646243148906, 0.6809614051634862, -1.1070735988182219, -0.03462274238650179]",25.788813736005086,3.460623823514119
"[-0.021064165650886316, 0.6812771251720376, -1.1066999326543812, -0.03421766245471786]",25.784597538102556,3.463766987749827
"[-0.020833800754548132, 0.6815897305946637, -1.1063299161114741, -0.033816614315701495]",25.780387862594264,3.4669101519855348
"[-0.020605358560497767, 0.6818992478889245, -1.1059635186362218, -0.03341956297338912]",25.776184786442666,3.470053316221242
"[-0.020378827637601418, 0.6822057062736454, -1.1056007064017754, -0.03302646991160806]",25.77198837985778,3.4731964804569495
"[-0.02015419757559632, 0.6825091332974466, -1.1052414475528343, -0.032637298778844075]",25.76779871434822,3.4763396446926578
"[-0.01993145813425632, 0.6828095560013756, -1.1048857108294803, -0.032252013896085965]",25.76361586200948,3.479482808928365
"[-0.019710597483041874, 0.6831070032949127, -1.1045334627532228, -0.031870577209528156]",25.759439886660253,3.4826259731640725
"[-0.019491605191856304, 0.6834015019264639, -1.1041846723981543, -0.031492953457981136]",25.755270859072727,3.485769137399781
"[-0.019274470139396854, 0.6836930793090414, -1.103839308044781, -0.031119106548663348]",25.75110884491055,3.488912301635488
"[-0.01905918021794807, 0.6839817639141333, -1.1034973367127217, -0.03074899905236931]",25.74695390621996,3.4920554658711955
"[-0.018845724812947825, 0.6842675819495387, -1.1031587280957573, -0.030382596462429065]",25.742806109710113,3.495198630106903
"[-0.018634091999856883, 0.6845505611239469, -1.1028234501023015, -0.030019862367895375]",25.738665513802506,3.498341794342611
"[-0.01842427005860339, 0.6848307286186811, -1.1024914712577139, -0.029660761053656125]",25.734532181805744,3.5014849585783185
"[-0.01821624721668851, 0.6851081114367321, -1.1021627602907054, -0.02930525705261247]",25.73040617052719,3.504628122814026
"[-0.018010012228201734, 0.6853827356364566, -1.1018372870414181, -0.0289533161273417]",25.726287537412325,3.507771287049734
"[-0.01780555220938116, 0.6856546292172556, -1.1015150190412495, -0.028604901571724916]",25.722176343810528,3.5109144512854416
"[-0.017602855355992986, 0.6859238185031262, -1.101195925798618, -0.028259978845383067]",25.71807263758161,3.514057615521149
"[-0.017401909404837705, 0.6861903301958372, -1.1008799763655392, -0.027918512942096584]",25.713976479983092,3.517200779756857
"[-0.01720270307308733, 0.6864541894700577, -1.1005671415957625, -0.02758047083008523]",25.709887924099828,3.5203439439925646
"[-0.017005222667566884, 0.6867154244685016, -1.1002573888151728, -0.027245815692751134]",25.70580701513045,3.523487108228272
"[-0.016809456317763295, 0.6869740606968175, -1.0999506884670123, -0.026914514109493214]",25.701733810187925,3.52663027246398
"[-0.01661539129374937, 0.6872301245798561, -1.0996470098954316, -0.02658653149930584]",25.697668351900948,3.5297734366996876
"[-0.016423015171225023, 0.6874836419242163, -1.0993463231684146, -0.026261834090033898]",25.693610695256268,3.532916600935395
"[-0.01623231618713642, 0.6877346374570169, -1.0990485996250927, -0.025940389508532828]",25.689560884791977,3.536059765171103
"[-0.016043279797537308, 0.6879831393572768, -1.0987538065004543, -0.025622160977323224]",25.68551896225447,3.5392029294068106
"[-0.015855895179556483, 0.6882291707057958, -1.0984619170675667, -0.02530711826395967]",25.681484977331042,3.542346093642518
"[-0.015670148146969053, 0.6884727588034252, -1.0981728995836044, -0.024995225747741996]",25.67745897194946,3.545489257878226
"[-0.015486025589548168, 0.6887139293369824, -1.0978867242105264, -0.024686449890620254]",25.67344098725002,3.5486324221139336
"[-0.015303516146199209, 0.6889527055112604, -1.0976033640459555, -0.02438076034745416]",25.669431063254482,3.551775586349641
"[-0.015122605628493855, 0.6891891140428572, -1.0973227880104586, -0.024078122292004976]",25.665429240007075,3.5549187505853492
"[-0.01494328109191376, 0.6894231798312586, -1.0970449671709224, -0.023778503239356426]",25.661435559422305,3.5580619148210566
"[-0.01476552950409011, 0.6896549277070563, -1.0967698726661381, -0.023481870807320754]",25.65745005599031,3.561205079056764
"[-0.014589337551846698, 0.689884382685849, -1.0964974754053314, -0.023188192391247812]",25.653472764393122,3.5643482432924714
"[-0.014414692740812265, 0.6901115685399296, -1.0962277477638394, -0.022897436991819793]",25.64950372510263,3.5674914075281796
"[-0.014241581861400556, 0.6903365097996731, -1.0959606612072228, -0.02260957265317976]",25.645542967040992,3.570634571763887
"[-0.014069990511523654, 0.690559232370778, -1.0956961855578213, -0.022324565673223058]",25.641590527412912,3.5737777359995944
"[-0.013899906630791296, 0.6907797589492073, -1.0954342944393012, -0.02204238647066798]",25.637646432933355,3.576920900235302
"[-0.013731316829746109, 0.6909981137924647, -1.095174959611309, -0.021763003478970876]",25.633710724919425,3.58006406447101
"[-0.013564206741545603, 0.691214322258608, -1.0949181515161885, -0.02148638373653427]",25.62978342231773,3.5832072287067174
"[-0.013398564300759756, 0.6914284065671904, -1.0946638443140988, -0.0212124983099521]",25.625864557217476,3.586350392942425
"[-0.013234375835314883, 0.691640390860846, -1.0944120098712458, -0.020941315817735104]",25.621954161717134,3.5894935571781326
"[-0.013071627151845759, 0.6918502997982278, -1.0941626194306524, -0.020672804230706967]",25.61805225863818,3.5926367214138404
"[-0.012910305989805842, 0.6920581553930606, -1.09391564736784, -0.0204069349150796]",25.61415887587503,3.595779885649548
"[-0.012750398828026999, 0.6922639811379475, -1.0936710662916622, -0.020143677356967468]",25.61027403273587,3.5989230498852556
"[-0.012591891738887518, 0.6924678009010572, -1.0934288483547578, -0.019883000573809106]",25.60639775949573,3.602066214120963
"[-0.012434770968120037, 0.6926696381818073, -1.0931889661380103, -0.019624874066206364]",25.60253007749001,3.605209378356671
"[-0.01227902407612435, 0.6928695146506625, -1.0929513943863851, -0.01936926968488523]",25.598671005717758,3.6083525425923786
"[-0.012124638042400307, 0.6930674525890169, -1.0927161071094427, -0.019116158509984844]",25.594820568206686,3.611495706828086
"[-0.01197159742215465, 0.6932634772480544, -1.092483074776726, -0.018865507835003525]",25.59097878484287,3.6146388710637942
"[-0.011819891095870536, 0.693457608203492, -1.0922522745949805, -0.018617292221187853]",25.587145672139293,3.6177820352995016
"[-0.011669504053540213, 0.6936498698826777, -1.0920236779938497, -0.018371480036559407]",25.583321248020603,3.620925199535209
"[-0.011520424255679798, 0.693840282784419, -1.0917972610642992, -0.01812804468223488]",25.579505533328394,3.6240683637709172
"[-0.011372636543366984, 0.6940288712666298, -1.0915729952992448, -0.0178869546355288]",25.575698541160357,3.6272115280066246
"[-0.011226129856232378, 0.6942156543322489, -1.0913508585502432, -0.01764818522938798]",25.57190028865204,3.630354692242332
"[-0.011080888913526986, 0.6944006562467456, -1.0911308224013985, -0.017411705078889495]",25.568110788409395,3.6334978564780402
"[-0.010936901138995148, 0.6945838977073042, -1.0909128626712588, -0.017177487370031438]",25.564330055602912,3.6366410207137476
"[-0.010794153550586745, 0.694765399813348, -1.090696954691167, -0.01694550478371133]",25.560558104848532,3.639784184949455
"[-0.010652631608704407, 0.6949451855288177, -1.0904830715654077, -0.016715727626885418]",25.556794943808303,3.6429273491851624
"[-0.010512323541208358, 0.6951232741884306, -1.0902711907068003, -0.016488130853840068]",25.55304058449326,3.6460705134208706
"[-0.010373215372807606, 0.6952996878157954, -1.0900612863205605, -0.01626268599096329]",25.549295039615824,3.649213677656578
"[-0.010235293976067539, 0.6954744472491078, -1.0898533340134335, -0.016039366088211368]",25.545558317379204,3.6523568418922854
"[-0.010098546167322238, 0.6956475732917984, -1.0896473094249148, -0.015818144248324735]",25.54183042475666,3.6555000061279936
"[-0.009962958115278095, 0.6958190874619258, -1.0894431873354056, -0.01559899266918569]",25.53811137108607,3.658643170363701
"[-0.009828518339711894, 0.6959890082021092, -1.08924094617706, -0.015381887486300956]",25.53440116486209,3.6617863345994084
"[-0.009695211763727845, 0.696157358401786, -1.0890405590811425, -0.015166799161357557]",25.53069981114651,3.6649294988351167
"[-0.009563026437366567, 0.6963241568996776, -1.0888420039918094, -0.014953703339333695]",25.527007315929463,3.668072663070824
"[-0.009431949075609321, 0.6964894241251449, -1.088645256951805, -0.014742573640470255]",25.523323682687895,3.6712158273065314
"[-0.00930196610340581, 0.6966531807770813, -1.0884502936747151, -0.01453338334824152]",25.519648912980642,3.6743589915422397
"[-0.009173065143297235, 0.6968154459522362, -1.088257091773494, -0.01432610780011037]",25.515983014202753,3.677502155777947
"[-0.00904523430662417, 0.6969762380439941, -1.0880656296909559, -0.014120723238944194]",25.512325994489267,3.6806453200136544
"[-0.008918458362450848, 0.6971355795596287, -1.0878758809633806, -0.013917200659899544]",25.50867784371297,3.6837884842493627
"[-0.008792726089769214, 0.6972934878755421, -1.0876878252289122, -0.013715517618775859]",25.5050385693434,3.68693164848507
"[-0.008668023601271991, 0.6974499836332846, -1.087501438229776, -0.013515647507634529]",25.501408170740977,3.6900748127207774
"[-0.008544339331822602, 0.6976050844751265, -1.0873166992726775, -0.013317567555766087]",25.49778664957353,3.6932179769564852
"[-0.00842165904671038, 0.6977588113091384, -1.0871335837670597, -0.013121250828115442]",25.49417400241075,3.696361141192193
"[-0.008299971436690123, 0.6979111812950001, -1.0869520715797771, -0.012926675182970407]",25.490570231014058,3.6995043054279004
"[-0.0081792631378656, 0.6980622140878813, -1.086772139597856, -0.012733815297948857]",25.486975331082068,3.7026474696636082
"[-0.008059520866754637, 0.6982119291618658, -1.0865937649165474, -0.012542646088191467]",25.48338929772828,3.7057906338993156
"[-0.0079407342371906, 0.6983603422935288, -1.0864169290294563, -0.01235314719600982]",25.479812131921697,3.7089337981350234
"[-0.007822888270654972, 0.6985074749238366, -1.0862416066741507, -0.012165291036971988]",25.47624382931415,3.7120769623707313
"[-0.007705972041621801, 0.6986533433566409, -1.0860677787022106, -0.011979056591608547]",25.472684383188486,3.7152201266064386
"[-0.007589971861814541, 0.698797967272416, -1.085895421934723, -0.011794418534914274]",25.469133786694076,3.718363290842146
"[-0.007474876476176516, 0.698941363246086, -1.0857245168869256, -0.011611355512278598]",25.465592038911254,3.721506455077854
"[-0.0073606729367192555, 0.6990835498941571, -1.0855550416343303, -0.011429843568035395]",25.46205912849345,3.7246496193135616
"[-0.007247349581498525, 0.69922454416352, -1.0853869762358461, -0.011249860883241364]",25.458535056588833,3.727792783549269
"[-0.00713489379215818, 0.6993643641252468, -1.085220299403955, -0.01107138420903981]",25.45501980604478,3.7309359477849764
"[-0.007023292942307577, 0.6995030277937165, -1.0850549899121413, -0.01089439037412324]",25.451513374483792,3.7340791120206847
"[-0.006912535296415965, 0.6996405520119734, -1.0848910279239374, -0.01071885770732332]",25.4480157507614,3.737222276256392
"[-0.006802609096360399, 0.6997769535895513, -1.0847283936367278, -0.010544764585034533]",25.444526929051495,3.7403654404920994
"[-0.006693501881370781, 0.6999122501464323, -1.0845670662754487, -0.010372088354031752]",25.441046897320604,3.7435086047278077
"[-0.006585202384556644, 0.7000464577617588, -1.0844070268962545, -0.010200808332321022]",25.43757564763594,3.746651768963515
"[-0.00647769765770769, 0.700179594539215, -1.0842482541351222, -0.01003090125870767]",25.434113165654082,3.7497949331992224
"[-0.006370977149901403, 0.7003116755550993, -1.084090730232385, -0.009862347740034782]",25.430659445345785,3.7529380974349307
"[-0.006265027327890214, 0.7004427195204099, -1.0839344330877747, -0.009695123749142583]",25.427214471236734,3.756081261670638
"[-0.006159837794128232, 0.7005727412101826, -1.083779345289524, -0.009529210285969827]",25.423778231295156,3.7592244259063454
"[-0.006055396721852029, 0.7007017571138608, -1.0836254473755935, -0.00936458616684763]",25.42035071706769,3.7623675901420537
"[-0.00595169247068255, 0.7008297834367585, -1.08347272021727, -0.009201230574827197]",25.41693191349476,3.765510754377761
"[-0.005848712678410818, 0.7009568372218301, -1.0833211436809855, -0.009039121628302213]",25.413521805550563,3.7686539186134684
"[-0.005746447135638192, 0.7010829328044059, -1.0831707008579872, -0.00887824090433136]",25.410120380549536,3.7717970828491767
"[-0.005644883077733542, 0.7012080876209216, -1.0830213711344245, -0.008718566027216258]",25.406727625377023,3.774940247084884
"[-0.00554401011093245, 0.7013323161353944, -1.0828731374376068, -0.008560078417451109]",25.403343526223207,3.7780834113205914
"[-0.005443816576624169, 0.7014556343224576, -1.082725980887328, -0.008402757571959822]",25.39996806229842,3.7812265755562997
"[-0.005344291412488495, 0.7015780573748401, -1.0825798835312954, -0.008246583988868954]",25.39660122434408,3.784369739792007
"[-0.005245423218487499, 0.7016996008541554, -1.0824348269719866, -0.008091537699305061]",25.393242995605792,3.7875129040277145
"[-0.005147200777856716, 0.7018202800505132, -1.0822907931309125, -0.007937599084298199]",25.389893358512793,3.7906560682634227
"[-0.005049613549667356, 0.7019401093792292, -1.0821477649688513, -0.00778474964418523]",25.386552296735292,3.79379923249913
"[-0.004952649702081504, 0.7020591047968361, -1.0820057236021976, -0.007632968916769208]",25.383219794453936,3.7969423967348375
"[-0.00485629833957342, 0.702177281066285, -1.0818646515671868, -0.007482237965704557]",25.37989582995396,3.800085560970545
"[-0.004760549577538382, 0.7022946516694633, -1.0817245329248035, -0.007332539491774964]",25.376580392175534,3.803228725206253
"[-0.004665391467195584, 0.7024112325776438, -1.0815853487596514, -0.007183853023862269]",25.373273457933827,3.8063718894419605
"[-0.004570813976607943, 0.7025270373718416, -1.081447083005358, -0.007036161142573359]",25.36997501330525,3.809515053677668
"[-0.004476805835195789, 0.7026420811104723, -1.081309717827231, -0.00688944454731851]",25.366685033356724,3.812658217913376
"[-0.0043833571876349614, 0.7027563770806932, -1.0811732375010976, -0.006743686199428359]",25.363403504111016,3.8158013821490835
"[-0.004290456382575235, 0.7028699407281873, -1.0810376237210075, -0.006598866310449011]",25.36013040670836,3.818944546384791
"[-0.004198093734477029, 0.7029827850569521, -1.0809028610924054, -0.0064549682085933485]",25.356865718334394,3.8220877106204987
"[-0.004106258672592706, 0.7030949241167871, -1.0807689329677677, -0.006311973891211485]",25.353609421269052,3.8252308748562065
"[-0.004014940504952491, 0.7032063720687503, -1.0806358225624981, -0.006169865216587319]",25.35036149255302,3.828374039091914
"[-0.003924128899971803, 0.7033171425979885, -1.0805035136562795, -0.006028624652597106]",25.34712191345105,3.8315172033276217
"[-0.0038338133846604026, 0.7034272495270131, -1.0803719898606816, -0.005888234494648209]",25.343890664353474,3.834660367563329
"[-0.003743985169584213, 0.7035367045926152, -1.0802412372748667, -0.005748679700048327]",25.34066772431363,3.837803531799037
"[-0.0036546324801294506, 0.7036455231360685, -1.0801112376883546, -0.005609940632914447]",25.337453067815396,3.8409466960347447
"[-0.003565746092147944, 0.7037537173577553, -1.0799819766388499, -0.005472001664515585]",25.33424667735052,3.844089860270452
"[-0.003477315412612918, 0.7038613010926861, -1.0798534377074611, -0.00533484508449961]",25.33104853032893,3.8472330245061594
"[-0.0033893308723257016, 0.7039682868979499, -1.079725605998338, -0.0051984548141753295]",25.327858603096292,3.8503761887418677
"[-0.0033017821028582576, 0.7040746882714012, -1.0795984654879014, -0.005062813577879568]",25.324676872901687,3.853519352977575
"[-0.003214660787435048, 0.7041805161874548, -1.0794720031643326, -0.004927907319127192]",25.321503319718275,3.8566625172132825
"[-0.0031279557130160143, 0.7042857851095656, -1.0793462018430358, -0.004793717535918488]",25.318337919765305,3.8598056814489907
"[-0.003041657218249943, 0.704390507585534, -1.0792210466249075, -0.0046602281706013444]",25.315180649562166,3.862948845684698
"[-0.002955756174052025, 0.70449469548875, -1.0790965234134295, -0.004527424027339436]",25.312031483048155,3.8660920099204055
"[-0.0028702428663633997, 0.7045983613743451, -1.0789726172939957, -0.00439528904346235]",25.308890401446124,3.8692351741561137
"[-0.0027851079656419243, 0.7047015173031422, -1.0788493139393707, -0.004263807788408204]",25.30575737762283,3.872378338391821
"[-0.0027003416025379793, 0.70480417596252, -1.0787265982700998, -0.004132964035145373]",25.302632388744524,3.8755215026275285
"[-0.002615934908745734, 0.7049063488003188, -1.078604456685133, -0.004002743138536694]",25.299515412007786,3.878664666863236
"[-0.002531877905870241, 0.7050080485817696, -1.0784828740053487, -0.003873128776397251]",25.296406419654296,3.881807831098944
"[-0.002448161889340536, 0.7051092865043653, -1.0783618369226173, -0.003744106626594053]",25.29330539078736,3.8849509953346515
"[-0.0023647776550503917, 0.7052100743448766, -1.078241331433206, -0.0036156616306063727]",25.29021229957328,3.888094159570359
"[-0.002281715447280687, 0.7053104245210777, -1.0781213427638012, -0.0034877779149480445]",25.28712711704722,3.891237323806067
"[-0.002198967033615786, 0.7054103475854622, -1.078001858368321, -0.003360441985069501]",25.28404982592879,3.8943804880417745
"[-0.0021165229015929804, 0.7055098556127, -1.0778828638776097, -0.003233638408425032]",25.280980393392987,3.897523652277482
"[-0.002034374446164393, 0.705608959557876, -1.0777643462583053, -0.0031073531809868793]",25.277918798713152,3.90066681651319
"[-0.001952511869139383, 0.7057076717916664, -1.0776462907811752, -0.002981570496665934]",25.274865011142587,3.9038099807488975
"[-0.0018709278579646582, 0.7058060016643357, -1.0775286863263547, -0.002856278399816019]",25.271819013643963,3.906953144984605
"[-0.0017896129203196327, 0.7059039611321465, -1.0774115186545226, -0.0027314616158370165]",25.268780774213884,3.910096309220313
"[-0.0017085573698803712, 0.706001562360818, -1.0772947732727505, -0.0026071046050584173]",25.265750264551954,3.9132394734560205
"[-0.0016277544073304104, 0.7060988140177931, -1.0771784398697397, -0.002483196286659962]",25.262727464480633,3.916382637691728
"[-0.0015471934945412256, 0.7061957292497995, -1.0770625027734615, -0.0023597198743762825]",25.259712344088914,3.919525801927436
"[-0.0014668683022897614, 0.7062923161179523, -1.0769469523928021, -0.002236665062981694]",25.25670488082415,3.9226689661631435
"[-0.001386768442494875, 0.7063885875443564, -1.076831773318764, -0.002114015355639578]",25.253705040348677,3.925812130398851
"[-0.0013068860501262234, 0.7064845533958093, -1.076716953794774, -0.0019917581496890855]",25.25071280029819,3.928955294634559
"[-0.0012272133929014301, 0.7065802233605093, -1.0766024822754827, -0.0018698810714115894]",25.24772813633073,3.9320984588702665
"[-0.0011477417375260535, 0.706675608309142, -1.0764883457981724, -0.0017483702421677563]",25.24475101723987,3.935241623105974
"[-0.0010684632620257541, 0.7067707179984166, -1.0763745327304113, -0.0016272132038269616]",25.24178142182806,3.9383847873416817
"[-0.0009893685643912313, 0.7068655640608019, -1.0762610291926114, -0.0015063951103315674]",25.23881931437863,3.9415279515773896
"[-0.0009104511971485295, 0.7069601545662965, -1.0761478255658568, -0.0013859056550324545]",25.235864674517277,3.944671115813097
"[-0.0008317017300841383, 0.7070545011422408, -1.0760349079715597, -0.0012657300012412149]",25.23291747176826,3.9478142800488043
"[-0.000753113200997461, 0.7071486124395787, -1.07592226609085, -0.0011458571050076873]",25.2299776793329,3.950957444284512
"[-0.0006746773765656946, 0.7072424986141844, -1.0758098878013105, -0.0010262740067400957]",25.227045270600524,3.95410060852022
"[-0.0005963860483159554, 0.7073361697733402, -1.0756977610361507, -0.0009069678100849514]",25.224120215107725,3.9572437727559273
"[-0.0005182317024069384, 0.7074296351753051, -1.075585874742544, -0.000787926701453322]",25.221202487732082,3.960386936991635
"[-0.00044020632535875096, 0.7075229046583856, -1.0754742171709322, -0.000669138129725695]",25.21829206097987,3.9635301012273425
"[-0.0003623024639769348, 0.7076159873736692, -1.075362777392135, -0.0005505904203343651]",25.215388902444154,3.9666732654630503
"[-0.0002845122047111856, 0.7077088930052595, -1.0752515438365373, -0.0004322712211154085]",25.212492988703676,3.969816429698758
"[-0.0002068287594623638, 0.7078016298765565, -1.0751405065614554, -0.0003141699140651915]",25.209604290028906,3.9729595939344655
"[-0.0001292432880534076, 0.7078942087439578, -1.0750296527087924, -0.00019627278392320518]",25.206722778213738,3.9761027581701733
"[-5.1749399689126206e-5, 0.707986637423745, -1.0749189729385562, -7.8569860843973e-5]",25.20384842616732,3.979245922405881
"[2.5660842399380858e-5, 0.7080789255610338, -1.0748084557188147, 3.895115274187768e-5]",25.20098120325289,3.9823890866415885
"[0.00010299482301803912, 0.7081710821259645, -1.074698090323543, 0.00015630169374582234]",25.198121083862414,3.985532250877296
"[0.00018025966497174295, 0.708263115760821, -1.0745878664172528, 0.00027349278038653476]",25.195268036187194,3.988675415113004
"[0.0002574625319192646, 0.7083550351411027, -1.0744777736225106, 0.00039053547210468685]",25.19242203676303,3.9918185793487115
"[0.0003346106641168363, 0.708446849018243, -1.0743678014688876, 0.0005074409238367736]",25.189583050985124,3.994961743584419
"[0.00041171169756180334, 0.7085385665986911, -1.074257938938644, 0.000624220868849157]",25.1867510541443,3.998104907820127
"[0.0004887718784714693, 0.708630195420673, -1.074148177010273, 0.0007408849151626157]",25.183926017217694,4.0012480720558345
"[0.0005657988751120756, 0.7087217446989876, -1.0740385046519212, 0.0008574448043949117]",25.181107911121124,4.004391236291542
"[0.0006427997292415507, 0.7088132228880032, -1.0739289117404227, 0.0009739113089270986]",25.178296706199266,4.00753440052725
"[0.0007197810948107922, 0.7089046379669635, -1.0738193887198357, 0.0010902945951337727]",25.17549237194793,4.010677564762958
"[0.0007967495305655608, 0.7089959977881454, -1.073709926184357, 0.0012066046667633648]",25.17269488574592,4.013820728998665
"[0.0008737129976421987, 0.7090873118536366, -1.0736005127493702, 0.0013228536268659224]",25.1699042117471,4.016963893234373
"[0.0009506768565767105, 0.7091785865655118, -1.073491140742687, 0.0014390496308957145]",25.167120328214857,4.020107057470081
"[0.001027648994565545, 0.709269831309119, -1.0733817989154233, 0.0015552046312191975]",25.16434319836942,4.023250221705788
"[0.0011046352594915724, 0.7093610530376158, -1.073272478931181, 0.00167132748293606]",25.16157279929781,4.026393385941495
"[0.0011816429408934462, 0.7094522603991473, -1.07316317042038, 0.0017874291978833361]",25.158809097916883,4.029536550177204
"[0.001258677840609012, 0.7095434602659888, -1.0730538651397818, 0.0019035185262898941]",25.15605206867432,4.032679714412911
"[0.0013357473524788315, 0.7096346613818539, -1.072944552601218, 0.0020196065996696084]",25.153301681286496,4.035822878648618
"[0.0014128575863875524, 0.7097258709569125, -1.072835224152582, 0.00213570259645736]",25.150557903009723,4.038966042884327
"[0.001490014553979172, 0.7098170960726098, -1.0727258712942294, 0.002251815530369775]",25.147820711642222,4.042109207120034
"[0.00156722515090346, 0.7099083448424854, -1.0726164842873893, 0.002367955727891775]",25.145090072972714,4.045252371355741
"[0.0016444954964688419, 0.7099996244490709, -1.0725070545074014, 0.002484132329543423]",25.14236595900822,4.04839553559145
"[0.001721831970935764, 0.7100909423704431, -1.0723975729734372, 0.00260035485107591]",25.139648343851462,4.051538699827157
"[0.0017992407115741866, 0.7101823057846911, -1.0722880310623242, 0.0027166324256107954]",25.136937192099893,4.054681864062864
"[0.0018767281802232073, 0.7102737222404321, -1.0721784197049002, 0.002832974656780311]",25.13423248011714,4.057825028298573
"[0.001954299554780425, 0.7103651977589385, -1.0720687316613153, 0.002949389203735376]",25.131534175293716,4.06096819253428
"[0.0020319624303109956, 0.7104567411996195, -1.071958956286765, 0.003065887336547805]",25.12884225054341,4.064111356769987
"[0.0021097215055848567, 0.7105483579945349, -1.0718490870443635, 0.0031824759627267015]",25.12615667420317,4.067254521005696
"[0.0021875833800390227, 0.7106400558040438, -1.0717391147233262, 0.0032991648246584707]",25.123477421590653,4.070397685241403
"[0.0022655536889444492, 0.7107318411401453, -1.0716290314881258, 0.0034159622025194264]",25.120804459555185,4.07354084947711
"[0.0023436386951647525, 0.710823721241585, -1.0715188286297965, 0.0035328773004162945]",25.118137759936708,4.076684013712819
"[0.002421844210642012, 0.7109157028039427, -1.0714084980889298, 0.00364991863042873]",25.115477292878005,4.079827177948526
"[0.002500176434674579, 0.711007792966114, -1.071298031272499, 0.0037670952678690254]",25.112823030566172,4.082970342184233
"[0.002578639899750613, 0.7110999968959063, -1.0711874219501225, 0.0038844137792199123]",25.11017494539964,4.086113506419942
"[0.0026572408502643884, 0.7111923217621432, -1.071076661489333, 0.004001883276264211]",25.10753300364706,4.089256670655649
"[0.0027359855284948336, 0.711284774718203, -1.0709657412741855, 0.004119512850245439]",25.10489717883049,4.092399834891356
"[0.0028148793726056392, 0.711377361961024, -1.0708546538343122, 0.004237310374661281]",25.102267441397178,4.095542999127065
"[0.0028939273414486074, 0.7114700891140732, -1.070743392385686, 0.004355282992645309]",25.09964376135059,4.098686163362772
"[0.002973135191855483, 0.7115629627259664, -1.0706319490325262, 0.00447343902357556]",25.097026114018497,4.101829327598479
"[0.0030525089902382454, 0.7116559896959747, -1.0705203154563294, 0.004591787232127764]",25.094414464752067,4.104972491834187
"[0.0031320535912430203, 0.711749175491455, -1.070408485055094, 0.0047103345604748775]",25.091808785041856,4.108115656069895
"[0.003211775319852553, 0.7118425272908191, -1.0702964491715816, 0.004829090126779329]",25.08920904606005,4.111258820305602
"[0.003291678184808692, 0.7119360495487992, -1.0701842024155945, 0.0049480595835056105]",25.086615224851666,4.11440198454131
"[0.003371767850076881, 0.712029748647565, -1.0700717370819661, 0.005067251034398744]",25.08402728270704,4.117545148777018
"[0.0034520506339625165, 0.7121236317223983, -1.0699590445596519, 0.0051866735403011495]",25.081445195896027,4.120688313012725
"[0.003532530584411026, 0.7122177032419021, -1.0698461194366544, 0.005306332769197703]",25.078868935076226,4.123831477248433
"[0.003613213156967181, 0.7123119693102213, -1.0697329543360719, 0.00542623646881099]",25.07629847292758,4.126974641484141
"[0.0036941037331901716, 0.712406435933413, -1.0696195419968744, 0.0055463922613199525]",25.073733774634984,4.130117805719848
"[0.0037752075918252755, 0.7125011089859843, -1.0695058753141158, 0.005666807600798258]",25.071174815868126,4.133260969955556
"[0.0038565296182402667, 0.7125959938721632, -1.0693919477456773, 0.005787489342420828]",25.068621566769135,4.136404134191263
"[0.00393807444643411, 0.7126910956924223, -1.0692777531124245, 0.005908443954352271]",25.066073998393513,4.1395472984269714
"[0.004019847652846308, 0.712786420635555, -1.0691632839266678, 0.006029679288168515]",25.063532083030164,4.142690462662679
"[0.004101854019864883, 0.7128819739531433, -1.0690485338242417, 0.006151202002735516]",25.060995787033317,4.145833626898386
"[0.004184097979436151, 0.7129777604781617, -1.068933496941973, 0.006273018223878184]",25.05846508791105,4.148976791134094
"[0.00426658530558735, 0.7130737865958258, -1.068818165550727, 0.006395136050721366]",25.05593995216465,4.152119955369802
"[0.004349320185708365, 0.7131700568327578, -1.0687025341516732, 0.00651756121806801]",25.053420351735333,4.155263119605509
"[0.004432307555877239, 0.7132665765768188, -1.0685865962098968, 0.006640300555254126]",25.05090625987711,4.158406283841217
"[0.004515551869966223, 0.7133633506443534, -1.06847034587518, 0.0067633601641599135]",25.048397646907258,4.161549448076924
"[0.004599058383016316, 0.7134603847723815, -1.068353776189534, 0.006886747316710918]",25.045894483371097,4.164692612312632
"[0.004682831437216843, 0.7135576836261167, -1.068236881480704, 0.0070104679212051775]",25.04339674034769,4.16783577654834
"[0.004766875799966553, 0.7136552523543661, -1.0681196554936956, 0.0071345285001935]",25.040904388591148,4.170978940784047
"[0.004851196049103375, 0.7137530958751781, -1.068002092248964, 0.00725893528209347]",25.038417403538478,4.174122105019755
"[0.004935796704829119, 0.7138512190291856, -1.0678841858581571, 0.007383694396241217]",25.035935751187104,4.177265269255463
"[0.005020682257372501, 0.7139496266118818, -1.0677659304854057, 0.007508811913879444]",25.03345940586178,4.18040843349117
"[0.005105857252994538, 0.7140483234731996, -1.0676473202275962, 0.007634293974807643]",25.030988339332136,4.183551597726877
"[0.005191326135175288, 0.7141473143335092, -1.067528349335538, 0.007760146553389842]",25.028522522254374,4.186694761962586
"[0.005277093325271027, 0.7142466038770797, -1.0674090121015918, 0.007886375577452377]",25.026061924629015,4.189837926198293
"[0.005363163366998439, 0.7143461969192799, -1.0672893026587087, 0.008012987140819581]",25.02360651903403,4.192981090434
"[0.005449540447614015, 0.7144460978525771, -1.0671692156463584, 0.008139986798994539]",25.02115627749831,4.196124254669709
"[0.005536228610142863, 0.7145463108926783, -1.0670487459147247, 0.008267379882159242]",25.018711172145828,4.199267418905416
"[0.005623232723265647, 0.7146468411993342, -1.0669278871772987, 0.00839517291990582]",25.016271174403677,4.202410583141123
"[0.005710556596963846, 0.7147476926982129, -1.0668066346292973, 0.008523370872398607]",25.013836254212126,4.205553747376832
"[0.005798204384717336, 0.7148488697020666, -1.0666849829988396, 0.008651979191229146]",25.011406386361234,4.208696911612539
"[0.005886180975651697, 0.714950377361997, -1.0665629260040994, 0.00878100439298113]",25.00898153786824,4.211840075848246
"[0.005974489265797487, 0.71505221851932, -1.066440460138842, 0.008910450057625486]",25.00656168614772,4.214983240083955
"[0.006063134149398011, 0.7151543983106017, -1.066317579135075, 0.009040322681968032]",25.004146798540766,4.218126404319662
"[0.006152119448195423, 0.7152569206250519, -1.0661942782228908, 0.009170627176701647]",25.001736849498613,4.221269568555369
"[0.006241449926004956, 0.7153597904268226, -1.066070551337696, 0.009301369818102282]",24.9993318073544,4.224412732791078
"[0.00633112872622267, 0.7154630108035843, -1.0659463946699463, 0.009432554496877243]",24.99693165058601,4.227555897026785
"[0.006421160150177249, 0.7155665861665774, -1.065821802816369, 0.00956418678532096]",24.9945363425393,4.230699061262492
"[0.006511547899740374, 0.7156705202270057, -1.0656967712138734, 0.009696271365425191]",24.992145862518168,4.233842225498201
"[0.006602296057293965, 0.7157748171236865, -1.065571294783127, 0.009828813462006706]",24.989760178738383,4.236985389733908
"[0.006693408287828171, 0.7158794805055705, -1.0654453690322747, 0.00996181767672834]",24.987379265659044,4.240128553969615
"[0.006784889057185053, 0.7159845149312506, -1.065318988373113, 0.010095289766585809]",24.985003093088583,4.243271718205324
"[0.006876741550149187, 0.7160899234780709, -1.0651921489978105, 0.010229233605637617]",24.982631632998295,4.246414882441031
"[0.0069689696594735775, 0.7161957100265818, -1.0650648461302792, 0.01036365408803966]",24.98026486054213,4.249558046676738
"[0.007061577534740299, 0.7163018787413593, -1.0649370746506606, 0.01049855646822773]",24.97790274430081,4.252701210912446
"[0.007154568035364376, 0.7164084322980829, -1.064808831229113, 0.010633944108177367]",24.975545258028852,4.255844375148154
"[0.007247945878474735, 0.7165153754914327, -1.0646801099836098, 0.010769823061720907]",24.973192374870212,4.258987539383861
"[0.007341713953344299, 0.7166227110119217, -1.0645509075627768, 0.010906196708530215]",24.97084406532764,4.262130703619569
"[0.007435875791711257, 0.7167304422766991, -1.0644212197388545, 0.011043069351004142]",24.968500303671597,4.265273867855277
"[0.007530436012897184, 0.7168385739365424, -1.0642910407970152, 0.011180446858220904]",24.966161060397734,4.268417032090984
"[0.007625396992876717, 0.7169471080665243, -1.0641603681213179, 0.011318331826305572]",24.963826309445725,4.271560196326692
"[0.007720762958156745, 0.7170560488480051, -1.0640291965581892, 0.011456729526763337]",24.961496022184253,4.2747033605624
"[0.007816537224606164, 0.7171653994113207, -1.063897522217489, 0.011595643895261009]",24.959170171730154,4.2778465247981075
"[0.007912723139729485, 0.7172751629134643, -1.0637653411751333, 0.011735078900776512]",24.956848730365994,4.280989689033815
"[0.008009324277110937, 0.717385342759637, -1.0636326492062225, 0.01187503882703258]",24.954531671403707,4.284132853269523
"[0.00810634460164768, 0.717495942790836, -1.063499441558978, 0.01201552851072839]",24.952218963477247,4.2872760175052305
"[0.00820378668697901, 0.7176069652521742, -1.0633657154017777, 0.012156550760814636]",24.94991058561858,4.290419181740938
"[0.00830165367077634, 0.7177184130230049, -1.063231467137351, 0.012298109191411782]",24.94760650623655,4.293562345976646
"[0.008399949424974388, 0.7178302898089131, -1.0630966921712035, 0.012440208465529741]",24.945306700534044,4.2967055102123535
"[0.008498677615202092, 0.7179425990697474, -1.0629613862027263, 0.012582852933435177]",24.94301113674431,4.299848674448061
"[0.008597840341203289, 0.71805534247485, -1.0628255470865917, 0.012726044670745364]",24.940719794483915,4.302991838683769
"[0.008697442432178328, 0.7181685247874144, -1.0626891689479285, 0.012869789681968814]",24.93843263952427,4.3061350029194765
"[0.008797485717662328, 0.7182821473511329, -1.0625522500300189, 0.013014089628119776]",24.936149649211103,4.309278167155184
"[0.008897973862266541, 0.7183962135858608, -1.0624147860726303, 0.013158948806498313]",24.93387079479778,4.312421331390892
"[0.008998910426911375, 0.7185107267829555, -1.0622767729682168, 0.013304371350626157]",24.93159604917465,4.3155644956265995
"[0.009100297797430204, 0.7186256888910623, -1.0621382082255346, 0.01345035968835901]",24.9293253879191,4.318707659862307
"[0.009202139975155307, 0.718741103681314, -1.0619990871547602, 0.013596918561396]",24.927058780145185,4.321850824098015
"[0.00930443897514437, 0.7188569726638452, -1.0618594077894306, 0.01374404983977045]",24.924796199767016,4.3249939883337225
"[0.009407198813215547, 0.7189732996060989, -1.061719165440044, 0.01389175825940525]",24.922537621098694,4.32813715256943
"[0.009510421838089684, 0.7190900863778794, -1.061578357702734, 0.014040046146085469]",24.920283018344545,4.331280316805137
"[0.00961411180166711, 0.7192073364273482, -1.0614369802687003, 0.014188917829201288]",24.91803235942211,4.3344234810408455
"[0.009718270512607825, 0.7193250509956683, -1.061295031488271, 0.014338374835426026]",24.91578562488668,4.337566645276553
"[0.009822902175817662, 0.719443234023249, -1.0611525064549379, 0.014488422118086448]",24.91354278273123,4.34070980951226
"[0.009928008619536601, 0.7195618867555598, -1.0610094035100226, 0.014639061208413576]",24.911303806629608,4.3438529737479685
"[0.010033593848945874, 0.7196810128867865, -1.0608657180396417, 0.01479029674603007]",24.909068669350937,4.346996137983676
"[0.01013966015504951, 0.7198006141664328, -1.0607214477732838, 0.014942130901135484]",24.90683734795842,4.350139302219383
"[0.010246210011081395, 0.7199206925413225, -1.0605765902006115, 0.015094566094037767]",24.904609813262983,4.3532824664550915
"[0.010353246568898418, 0.7200412507139422, -1.0604311418977097, 0.015247605703866442]",24.902386039000135,4.356425630690799
"[0.01046077307209093, 0.7201622914797313, -1.0602850993263133, 0.015401253227216267]",24.90016599659051,4.359568794926506
"[0.010568791448154698, 0.7202838161433519, -1.0601384607448436, 0.015555510267844273]",24.897949663522557,4.3627119591622145
"[0.010677305032963467, 0.7204058275853821, -1.0599912225082257, 0.015710380429484017]",24.895737008319827,4.365855123397922
"[0.010786316321230989, 0.7205283277305534, -1.0598433821226851, 0.01586586610209318]",24.8935280075436,4.368998287633629
"[0.010895828428022085, 0.7206513191913616, -1.0596949362623498, 0.016021970548133826]",24.891322634227773,4.372141451869338
"[0.011005843361730442, 0.7207748033281091, -1.0595458831106375, 0.016178695440292]",24.88912086215055,4.375284616105045
"[0.011116364147487698, 0.7208987826337753, -1.0593962194818123, 0.016336043888443508]",24.886922665289248,4.378427780340752
"[0.011227393287735393, 0.7210232590052792, -1.0592459429075347, 0.016494018245496754]",24.88472801567093,4.38157094457646
"[0.01133893377097631, 0.7211482348750766, -1.0590950502708216, 0.0166526215435714]",24.882536887324104,4.384714108812168
"[0.011450987332060049, 0.7212737112619838, -1.0589435401594443, 0.016811855020358236]",24.88034925570952,4.387857273047875
"[0.011563557690749208, 0.7213996913985815, -1.0587914084860615, 0.016971722722478058]",24.87816508922637,4.391000437283583
"[0.01167664617623386, 0.7215261758322379, -1.0586386544037407, 0.017132225288567657]",24.87598437023563,4.39414360151929
"[0.011790256176399548, 0.7216531674048998, -1.058485274292519, 0.01729336626863577]",24.873807065399305,4.397286765754998
"[0.011904389581789389, 0.7217806672748617, -1.0583312665637015, 0.01745514707581357]",24.871633150324936,4.400429929990706
"[0.012019049321614135, 0.7219086777522016, -1.0581766282353446, 0.017617570584329705]",24.86946260201922,4.403573094226413
"[0.012134237473153973, 0.722037200186426, -1.0580213574837123, 0.017780638449183647]",24.867295389965523,4.406716258462121
"[0.012249956581714306, 0.7221662364407391, -1.0578654518624453, 0.01794435297678687]",24.86513148846029,4.409859422697829
"[0.01236620931518004, 0.7222957885055691, -1.0577089087692708, 0.018108716634542957]",24.862970873809733,4.413002586933536
"[0.012482997581830949, 0.722425857515912, -1.0575517266334618, 0.018273730804181428]",24.860813518410165,4.4161457511692435
"[0.01260032372646506, 0.7225564450848202, -1.057393903304615, 0.01843939747359751]",24.85865939753954,4.419288915404952
"[0.01271819050500416, 0.7226875532736229, -1.0572354360883545, 0.01860571919898757]",24.85650848158486,4.422432079640659
"[0.0128365999779017, 0.7228191833607317, -1.0570763232343958, 0.018772697542946297]",24.854360748687764,4.4255752438763665
"[0.01295555475223018, 0.7229513372234783, -1.0569165622663739, 0.01894033482747102]",24.85221616909972,4.428718408112074
"[0.01307505618624778, 0.7230840153434105, -1.0567561523932312, 0.01910863160367647]",24.850074721309795,4.431861572347782
"[0.013195107210835926, 0.7232172199402054, -1.056595090720507, 0.019277590627131583]",24.847936378674756,4.4350047365834895
"[0.013315710373971683, 0.7233509527984218, -1.0564333748774428, 0.019447214101044417]",24.845801107969866,4.438147900819197
"[0.013436867205550809, 0.7234852145651339, -1.0562710038666558, 0.01961750278554109]",24.84366889231209,4.441291065054905
"[0.01355858008544022, 0.7236200068216396, -1.0561079755589908, 0.019788458625381013]",24.84153970142282,4.4444342292906125
"[0.013680851540601368, 0.7237553313027659, -1.0559442876373162, 0.019960083759670715]",24.83941350918536,4.44757739352632
"[0.013803682527424853, 0.7238911879971147, -1.0557799398946903, 0.02013237811258947]",24.837290294212423,4.450720557762028
"[0.013927076541323455, 0.7240275796936356, -1.0556149287345162, 0.020305345159462113]",24.835170024898453,4.4538637219977355
"[0.01405103467682774, 0.7241645065175958, -1.055449253780397, 0.020478984997228656]",24.833052680760286,4.457006886233443
"[0.014175559974983612, 0.7243019707366967, -1.0552829120616787, 0.020653300439442645]",24.830938229542728,4.460150050469151
"[0.014300653515216293, 0.7244399724440592, -1.0551159032368165, 0.02082829154178035]",24.828826649119076,4.4632932147048585
"[0.01442631807919658, 0.7245785136032369, -1.054948224698695, 0.021003960731466466]",24.82671791389481,4.466436378940566
"[0.01455255468728197, 0.7247175942273504, -1.0547798761986265, 0.021180307962289664]",24.82461199915443,4.469579543176274
"[0.01467936630504047, 0.7248572164650504, -1.0546108549009647, 0.02135733589555776]",24.822508877707723,4.4727227074119815
"[0.014806754793019378, 0.7249973812384023, -1.0544411594524452, 0.02153504563700592]",24.820408522871805,4.475865871647689
"[0.014934721748028054, 0.7251380891716199, -1.054270788858351, 0.021713437914508697]",24.818310911698994,4.479009035883397
"[0.015063268708618504, 0.725279340817718, -1.0540997422081995, 0.021892513365491632]",24.81621601623502,4.4821522001191045
"[0.01519239839825342, 0.7254211380233965, -1.0539280170227383, 0.02207227426721904]",24.814123812123267,4.485295364354812
"[0.015322112208591976, 0.7255634811638247, -1.0537556126024719, 0.022252721031149957]",24.812034272187258,4.488438528590519
"[0.015452412057383449, 0.7257063711842692, -1.0535825275553998, 0.022433854791266705]",24.809947373689123,4.4915816928262275
"[0.015583300041979057, 0.7258498092185497, -1.0534087602588773, 0.02261567692032002]",24.807863085662458,4.494724857061935
"[0.015714777620197844, 0.725993795691589, -1.053234309946862, 0.022798187892239474]",24.805781388813095,4.497868021297642
"[0.01584684729692763, 0.7261383321669604, -1.053059174471555, 0.022981389624038548]",24.803702252091973,4.501011185533351
"[0.01597950939611005, 0.7262834178138609, -1.0528833545843213, 0.02316528099764464]",24.801625656497603,4.504154349769058
"[0.016112766874206694, 0.7264290546740814, -1.0527068475535015, 0.02334986453580208]",24.799551570728205,4.507297514004765
"[0.01624662165614011, 0.7265752436518161, -1.052529652023521, 0.023535141319085514]",24.797479969201422,4.510440678240474
"[0.016381074801921126, 0.7267219846993066, -1.052351767790566, 0.02372111122143]",24.79541082938816,4.513583842476181
"[0.016516127870258634, 0.7268692783067864, -1.0521731939967451, 0.02390777479850198]",24.793344124232835,4.516727006711888
"[0.01665178313800781, 0.7270171257396769, -1.0519939288420994, 0.0240951335881619]",24.791279829203962,4.519870170947597
"[0.016788041932536697, 0.7271655272202362, -1.0518139717891852, 0.024283187806118742]",24.789217918183486,4.523013335183304
"[0.016924906437035342, 0.727314483895284, -1.0516333211772269, 0.024471938839534326]",24.78715836365145,4.526156499419011
"[0.017062376903100026, 0.7274639948024333, -1.0514519779013645, 0.024661385402771484]",24.78510114480064,4.52929966365472
"[0.017200456300309513, 0.7276140619289533, -1.051269939277103, 0.024851529947657887]",24.783046232615224,4.532442827890427
"[0.017339146098771106, 0.7277646856225781, -1.0510872046061168, 0.02504237284833798]",24.780993599952357,4.535585992126134
"[0.017478446898627376, 0.7279158652802131, -1.050903774341699, 0.025233913274204427]",24.77894322608571,4.538729156361843
"[0.017618361334469333, 0.7280676025000155, -1.0507196462642494, 0.025426153183499937]",24.776895081725986,4.54187232059755
"[0.01775889002769768, 0.7282198966885514, -1.0505348208112097, 0.025619091757708202]",24.774849145637482,4.545015484833257
"[0.017900035505698794, 0.7283727493113359, -1.0503492959192051, 0.02581273078669628]",24.772805384693942,4.548158649068966
"[0.018041798013699057, 0.7285261593547752, -1.0501630725316002, 0.026007068919585652]",24.770763783184446,4.551301813304673
"[0.01818417973825182, 0.7286801279006276, -1.049976149046373, 0.026202107459887308]",24.76872430811011,4.55444497754038
"[0.018327182304094324, 0.7288346554144933, -1.0497885246070526, 0.02639784693042316]",24.76668693794089,4.557588141776089
"[0.0184708069351336, 0.7289897419217823, -1.0496001988894523, 0.026594287296356503]",24.764651646402605,4.560731306011796
"[0.01861505502232135, 0.7291453876218136, -1.0494111713561238, 0.02679142874310386]",24.76261840519362,4.563874470247503
"[0.018759927873282727, 0.7293015926172981, -1.049221441584814, 0.026989271333679028]",24.760587190995423,4.567017634483211
"[0.018905427030202083, 0.7294583572570403, -1.0490310088521928, 0.02718781544274701]",24.758557982317512,4.570160798718919
"[0.01905155379697854, 0.7296156816261171, -1.0488398727530872, 0.027387061110908318]",24.75653074627155,4.573303962954626
"[0.019198309106807133, 0.7297735654044116, -1.0486480333725616, 0.027587007865618123]",24.754505463464323,4.576447127190334
"[0.01934569463174912, 0.7299320090604854, -1.048455489835311, 0.027787656233135664]",24.752482104583986,4.579590291426042
"[0.01949371203174206, 0.7300910130421784, -1.0482622412888294, 0.027989006713403295]",24.750460647696208,4.582733455661749
"[0.019642362234647253, 0.7302505770041338, -1.0480682878424321, 0.028191058801902945]",24.748441062102966,4.585876619897457
"[0.019791646126675975, 0.7304107005510327, -1.0478736296642568, 0.028393811930936878]",24.74642332959365,4.589019784133165
"[0.019941565687578225, 0.7305713844540083, -1.04767826550225, 0.028597267009814225]",24.744407418892973,4.592162948368872
"[0.020092121731758873, 0.7307326282278849, -1.0474821956294744, 0.028801423357099353]",24.742393306370865,4.59530611260458
"[0.0202433153319712, 0.7308944316589432, -1.0472854199869794, 0.02900628063515581]",24.740380967282753,4.598449276840288
"[0.020395148014432405, 0.7310567950124423, -1.047087937931152, 0.02921183911281323]",24.738370376224424,4.601592441075995
"[0.020547620842819844, 0.7312197180523557, -1.0468897494258524, 0.029418098424277943]",24.73636150293758,4.604735605311703
"[0.02070073510799235, 0.7313832007794158, -1.046690854144823, 0.029625058503558056]",24.734354327188072,4.607878769547411
"[0.020854491534135954, 0.7315472425835557, -1.0464912525028434, 0.02983271851151097]",24.732348824446515,4.611021933783118
"[0.021008891066492667, 0.731711843085698, -1.0462909446317397, 0.030041077901551975]",24.730344966411504,4.614165098018826
"[0.02116393616081687, 0.7318770035099014, -1.0460899287100434, 0.03025013815643563]",24.728342724623804,4.617308262254534
"[0.021319626261092205, 0.7320427218654068, -1.045888206826761, 0.03045989668964973]",24.726342079987916,4.620451426490241
"[0.021475962947001468, 0.7322089984317585, -1.0456857783058333, 0.03067035378860497]",24.724343005559888,4.623594590725949
"[0.02163294804383433, 0.7323758337420317, -1.0454826421600276, 0.030881510061600923]",24.72234547192747,4.626737754961656
"[0.02179058199759912, 0.7325432268569971, -1.0452787991924917, 0.031093364253577775]",24.72034945449427,4.629880919197364
"[0.021948864970246323, 0.7327111765325459, -1.0450742505760342, 0.031305914723897106]",24.718354932857807,4.633024083433072
"[0.022107799347368506, 0.7328796838786057, -1.0448689946143794, 0.03151916281124191]",24.71636187451774,4.636167247668779
"[0.02226738538703128, 0.7330487477420302, -1.044663032365364, 0.03173310699038275]",24.71437025846351,4.6393104119044875
"[0.02242762422293017, 0.7332183678932913, -1.0444563637598347, 0.03194774690513783]",24.71238005710918,4.642453576140195
"[0.022588516707660537, 0.733388543799808, -1.0442489890957716, 0.032163081815995996]",24.710391245994025,4.645596740375902
"[0.022750064043905185, 0.7335592752939468, -1.0440409082243431, 0.032379111445415124]",24.708403795295343,4.64873990461161
"[0.022912266113232407, 0.7337305608074723, -1.0438321227018246, 0.032595833743880094]",24.706417686156087,4.651883068847318
"[0.023075125380116662, 0.7339024014948416, -1.043622630763708, 0.032813250107028895]",24.704432887004156,4.655026233083025
"[0.02323864151310765, 0.7340747955536221, -1.0434124342478268, 0.033031358189483585]",24.702449379664372,4.658169397318733
"[0.023402815632062993, 0.734247742708833, -1.0432015331280753, 0.03325015757871106]",24.700467130212537,4.66131256155444
"[0.023567649058408382, 0.7344212428918296, -1.0429899271244563, 0.03346964812337881]",24.69848611569381,4.664455725790148
"[0.02373314183769581, 0.7345952946862295, -1.0427776175986945, 0.03368982796740445]",24.69650631152641,4.667598890025856
"[0.023899295156451436, 0.7347698978721439, -1.0425646044512764, 0.03391069676861683]",24.694527691115404,4.670742054261563
"[0.02406610960234859, 0.7349450515952095, -1.0423508883546164, 0.03413225338247974]",24.692550229172404,4.67388521849727
"[0.024233586424435086, 0.735120755690792, -1.04213646913752, 0.03435449753716699]",24.690573899263825,4.677028382732979
"[0.024401726064068305, 0.7352970091418043, -1.0419213476669578, 0.0345774278828465]",24.688598677928894,4.680171546968686
"[0.024570528614282258, 0.7354738105631717, -1.041705525257399, 0.03480104260462189]",24.686624534478156,4.683314711204393
"[0.02473999564331161, 0.7356511601109157, -1.041489001340189, 0.03502534183705737]",24.684651446659014,4.686457875440102
"[0.024910127690684607, 0.7358290568586433, -1.0412717766658675, 0.035250324345964826]",24.682679387788262,4.689601039675809
"[0.02508092522241524, 0.736007499799583, -1.0410538520813166, 0.03547598879585912]",24.68070833255778,4.692744203911516
"[0.025252388577208577, 0.7361864877908045, -1.040835228597972, 0.0357023336794413]",24.67873825494327,4.695887368147225
"[0.025424519050323627, 0.7363660206837898, -1.0406159060106963, 0.035929358747257854]",24.676769126856467,4.699030532382932
"[0.02559731691911052, 0.7365460972634743, -1.04039588541515, 0.03615706240146331]",24.67480092395634,4.702173696618639
"[0.025770782984083772, 0.7367267168567047, -1.0401751672430946, 0.03638544372983381]",24.67283361959586,4.705316860854348
"[0.025944917104793266, 0.7369078778073721, -1.0399537531256966, 0.036614500577665895]",24.670867192411386,4.708460025090055
"[0.026119720675852803, 0.7370895800532649, -1.0397316427443128, 0.03684423280595608]",24.668901608066562,4.711603189325762
"[0.02629519370752111, 0.7372718220885189, -1.039508837542886, 0.03707463845076707]",24.666936846002777,4.71474635356147
"[0.026471336815394715, 0.7374546030335879, -1.0392853381980314, 0.0373057163404649]",24.66497287950576,4.717889517797178
"[0.026648151225279654, 0.7376379226376149, -1.039061144615524, 0.037537466098566716]",24.663009679354463,4.721032682032885
"[0.026825636106505117, 0.7378217785144989, -1.0388362593106841, 0.03776988464967585]",24.66104722309114,4.724175846268593
"[0.027003792813331588, 0.7380061705400874, -1.0386106820306977, 0.03800297177833171]",24.659085482841554,4.727319010504301
"[0.02718262166643453, 0.7381910975155692, -1.038384413835236, 0.038236725910948996]",24.657124432289564,4.730462174740008
"[0.027362122809471104, 0.7383765580567543, -1.0381574560091649, 0.03847114524010543]",24.655164047261003,4.733605338975716
"[0.027542296994791004, 0.7385625514056341, -1.0379298090693356, 0.03870622875033047]",24.653204295322006,4.736748503211424
"[0.027723144295427365, 0.7387490760997879, -1.037701474392938, 0.03894197453627253]",24.651245159159252,4.739891667447131
"[0.02790466545989301, 0.7389361313709671, -1.0374724525056997, 0.03917838157042584]",24.649286606005305,4.743034831682839
"[0.02808686062226059, 0.7391237158145639, -1.037242744710628, 0.0394154480214882]",24.647328610780818,4.746177995918547
"[0.0282697300751636, 0.7393118281872357, -1.037012352111674, 0.039653172262493264]",24.645371146779908,4.749321160154254
"[0.028453273986935226, 0.7395004671156229, -1.036781275970404, 0.039891552502694494]",24.64341418937535,4.752464324389962
"[0.028637493267583854, 0.7396896319857702, -1.0365495166163476, 0.04013058791148291]",24.641457707963387,4.75560748862567
"[0.028822387499595578, 0.7398793208178482, -1.0363170760507014, 0.04037027593278835]",24.639501680754318,4.758750652861377
"[0.029007957202171503, 0.7400695325920941, -1.0360839550968577, 0.040610615224273706]",24.63754607972631,4.761893817097085
"[0.02919420233522365, 0.7402602657131757, -1.035850155281942, 0.04085160371688928]",24.635590877945013,4.765036981332793
"[0.02938112375460696, 0.7404515195010754, -1.0356156770094236, 0.041093240498618025]",24.63363604723978,4.7681801455685004
"[0.02956872135069485, 0.7406432922849973, -1.0353805218956373, 0.04133552340616915]",24.631681564015334,4.771323309804208
"[0.029756995094850705, 0.7408355824761498, -1.035144691455021, 0.041578450380491655]",24.629727397819092,4.774466474039916
"[0.029945945600208204, 0.7410283891393675, -1.034908186398793, 0.041822020188864134]",24.627773522511163,4.7776096382756235
"[0.03013557272758241, 0.7412217105695578, -1.0346710083809008, 0.04206623062649376]",24.625819913304966,4.780752802511331
"[0.03032587667484541, 0.741415545404302, -1.034433158633488, 0.0423110799221015]",24.623866541900444,4.783895966747039
"[0.030516857409809077, 0.7416098920454588, -1.034194638676443, 0.04255656600727119]",24.621913383942154,4.7870391309827465
"[0.03070851484214198, 0.7418047488349755, -1.0339554501018315, 0.042802686738567935]",24.61996040875504,4.790182295218454
"[0.030900849720516807, 0.7420001149660487, -1.0337155934552038, 0.043049441048368504]",24.618007590979055,4.793325459454161
"[0.031093861538757463, 0.7421959883552777, -1.0334750708477545, 0.04329682625728614]",24.616054901676122,4.7964686236898695
"[0.03128755073019778, 0.7423923678725647, -1.0332338832189183, 0.0435448408905515]",24.61410231740087,4.799611787925577
"[0.03148191680178084, 0.7425892514471438, -1.0329920326618016, 0.0437934822861835]",24.61214980750552,4.802754952161284
"[0.03167696033410596, 0.742786638095497, -1.0327495199327403, 0.044042749155875284]",24.610197349387978,4.8058981163969925
"[0.03187268069681128, 0.7429845256072657, -1.032506347293844, 0.044292638662716974]",24.608244910849695,4.8090412806327
"[0.032069078180871576, 0.7431829127040198, -1.0322625158609575, 0.044543149147325836]",24.60629246813484,4.812184444868407
"[0.0322661525604526, 0.7433817975840882, -1.0320180273914943, 0.044794278290331564]",24.604339991712823,4.8153276091041155
"[0.03246390434638184, 0.7435811791883523, -1.031772882728641, 0.045046024710650216]",24.602387452178238,4.818470773339823
"[0.03266233275209745, 0.7437810551488284, -1.0315270843234656, 0.04529838537528274]",24.600434827955546,4.82161393757553
"[0.03286143769244623, 0.7439814238054359, -1.031280633755637, 0.04555135814580445]",24.59848208868165,4.8247571018112385
"[0.03306121938453412, 0.7441822838014457, -1.0310335322302535, 0.045804941267545224]",24.596529205646767,4.827900266046946
"[0.033261677543285594, 0.7443836332745863, -1.0307857815729895, 0.04605913234827303]",24.59457614973202,4.831043430282653
"[0.03346281206034433, 0.7445854705402859, -1.0305373833896747, 0.046313929220896645]",24.592622895148907,4.8341865945183615
"[0.0336646226324255, 0.7447877937185874, -1.0302883395254654, 0.046569329472393506]",24.590669416478878,4.837329758754069
"[0.03386710887034004, 0.7449906008440935, -1.0300386519296028, 0.04682533058273143]",24.588715684517304,4.840472922989776
"[0.034070270922424, 0.7451938904899927, -1.0297883218870665, 0.04708193071251622]",24.586761668822703,4.8436160872254845
"[0.03427410811410048, 0.7453976604061933, -1.0295373516954327, 0.04733912698395173]",24.5848073458078,4.846759251461192
"[0.03447862056753894, 0.745601909140097, -1.0292857426690845, 0.047596917526649817]",24.582852684408152,4.849902415696899
"[0.03468380772460376, 0.7458066345597719, -1.0290334969580526, 0.047855299613589225]",24.58089765776869,4.8530455799326075
"[0.03488966911854774, 0.7460118346260616, -1.0287806165972124, 0.04811427063572461]",24.578942237288732,4.856188744168315
"[0.035096205016416145, 0.7462175080315822, -1.0285271027184657, 0.04837382890836072]",24.576986394021645,4.859331908404022
"[0.03530341450243431, 0.7464236522914516, -1.0282729579039809, 0.048633971261594]",24.575030103856797,4.8624750726397306
"[0.03551129739686447, 0.7466302656552101, -1.0280181838298097, 0.048894695453215335]",24.57307333550267,4.865618236875438
"[0.03571985350744385, 0.7468373463602723, -1.0277627821857542, 0.04915599922658943]",24.571116058224604,4.868761401111145
"[0.035929082094277705, 0.7470448921016556, -1.0275067553297175, 0.04941787964147888]",24.5691582462419,4.871904565346853
"[0.03613898279302711, 0.7472529009489554, -1.0272501051567864, 0.049680334231219495]",24.567199872366434,4.875047729582561
"[0.03634955520724539, 0.7474613709411918, -1.0269928335988414, 0.04994336049144276]",24.565240906857415,4.878190893818268
"[0.03656079867660762, 0.7476702998578667, -1.0267349429072241, 0.05020695559125258]",24.56328132118935,4.881334058053976
"[0.036772713158458516, 0.7478796860909224, -1.0264764345764723, 0.05047111747331038]",24.561321085854544,4.884477222289684
"[0.03698529769121557, 0.7480895271256395, -1.0262173112195456, 0.050735842937357965]",24.559360174971083,4.887620386525391
"[0.03719855223345165, 0.7482998213579253, -1.0259575743242892, 0.05100112993284578]",24.55739855565305,4.890763550761099
"[0.03741247558528658, 0.7485105660430494, -1.0256972267865463, 0.05126697497124019]",24.5554362033982,4.893906714996806
"[0.037627067578468495, 0.7487217594557263, -1.0254362702423443, 0.051533375850954355]",24.553473085289077,4.897049879232514
"[0.03784232754287132, 0.7489333993780302, -1.0251747069354828, 0.051800329749923726]",24.551509174892253,4.900193043468222
"[0.0380582545819617, 0.7491454833724603, -1.0249125393806997, 0.052067833570054026]",24.549544444237075,4.903336207703929
"[0.03827484872499413, 0.7493580099129201, -1.0246497689653642, 0.05233588536380007]",24.547578860530525,4.9064793719396365
"[0.03849210833652007, 0.7495709758422715, -1.0243863990928694, 0.05260448112738676]",24.54561239902749,4.909622536175345
"[0.03871003377577371, 0.7497843799622202, -1.0241224307438532, 0.05287361932855846]",24.543645026673907,4.912765700411052
"[0.03892862360637702, 0.7499982193173529, -1.0238578670714453, 0.053143296219996125]",24.541676716663233,4.9159088646467595
"[0.039147877727901015, 0.7502124922630048, -1.0235927096068793, 0.05341350970840168]",24.539707435557506,4.919052028882467
"[0.03936779461887876, 0.7504271957684134, -1.0233269615961107, 0.0536842559534705]",24.53773716090173,4.922195193118175
"[0.039588374000869175, 0.7506423280206294, -1.0230606247775995, 0.05395553265169032]",24.535765859005704,4.9253383573538825
"[0.0398096153659847, 0.7508578869845833, -1.0227937011639983, 0.05422733722037327]",24.533793496902906,4.92848152158959
"[0.040031516899221936, 0.7510738693557901, -1.022526194339695, 0.05449966547725762]",24.531820053748994,4.931624685825298
"[0.040254078932338504, 0.7512902739235239, -1.022258105295738, 0.054772515881106966]",24.529845491826347,4.9347678500610055
"[0.040477300032752225, 0.7515070977630216, -1.021989437145697, 0.05504588473054335]",24.527869782717303,4.937911014296713
"[0.04070117924572427, 0.7517243384189612, -1.021720192421644, 0.05531976891714183]",24.525892900796823,4.941054178532421
"[0.04092571571171525, 0.7519419935323222, -1.0214503735360954, 0.05559416545495325]",24.523914810489437,4.9441973427681285
"[0.04115090875065426, 0.7521600609215141, -1.0211799826812957, 0.05586907158275092]",24.52193548606837,4.947340507003836
"[0.041376757343322176, 0.7523785380800943, -1.0209090224520085, 0.05614448413081503]",24.519954897306683,4.950483671239543
"[0.041603260712615005, 0.7525974227398727, -1.0206374951473505, 0.056420400230842875]",24.517973011052693,4.9536268354752515
"[0.04183041737287142, 0.7528167119524823, -1.0203654039101957, 0.05669681615821496]",24.51598979790834,4.956769999710959
"[0.04205822631361897, 0.7530364032339046, -1.0200927513075466, 0.05697372877476608]",24.514005232432677,4.959913163946666
"[0.04228668735787201, 0.753256494907128, -1.01981953890449, 0.05725113596056016]",24.512019274464915,4.9630563281823745
"[0.042515798433641484, 0.7534769834735366, -1.0195457705272153, 0.05752903330075717]",24.510031902343233,4.966199492418082
"[0.04274555906933152, 0.7536978669810604, -1.0192714480821794, 0.05780741833089522]",24.50804308052944,4.969342656653789
"[0.04297596823780639, 0.753919142946739, -1.0189965741347957, 0.058086287918467754]",24.506052780173363,4.9724858208894975
"[0.043207024177061834, 0.7541408081876141, -1.0187211521203847, 0.058365638049914244]",24.50406097103778,4.975628985125205
"[0.043438726810277786, 0.7543628611424857, -1.0184451834593802, 0.0586454667565864]",24.50206761913201,4.978772149360912
"[0.0436710741389635, 0.7545852984122556, -1.0181686718561664, 0.05892576975480283]",24.500072697828934,4.9819153135966205
"[0.04390406496665579, 0.754808117373049, -1.0178916200522874, 0.05920654373898642]",24.498076175032274,4.985058477832328
"[0.04413769850426423, 0.7550313157953559, -1.0176140302990384, 0.05948778590161144]",24.49607801693384,4.988201642068035
"[0.04437197348311883, 0.7552548909960255, -1.0173359054119444, 0.05976949286462912]",24.494078192526185,4.9913448063037436
"[0.04460688820301492, 0.7554788398864556, -1.0170572487114704, 0.06005166074030135]",24.49207667397365,4.994487970539451
"[0.04484244189990882, 0.7557031602766032, -1.0167780624005165, 0.0603342867741984]",24.49007342670469,4.997631134775158
"[0.04507863296681793, 0.7559278491787008, -1.0164983496750155, 0.06061736720794246]",24.48806842324813,5.000774299010867
"[0.045315460353763735, 0.7561529041411899, -1.0162181130639576, 0.06090089895988246]",24.486061627517085,5.003917463246574
"[0.04555292252464267, 0.756378322256236, -1.0159373556648867, 0.061184878374679286]",24.484053010926612,5.007060627482281
"[0.045791018428670574, 0.7566041010828958, -1.0156560799943843, 0.061469302386345945]",24.482042537685356,5.01020379171799
"[0.04602974621183726, 0.756830237424759, -1.0153742895107594, 0.06175416697836556]",24.480030179925105,5.013346955953697
"[0.046269104317730944, 0.75705672837513, -1.0150919873123418, 0.06203946850040285]",24.478015908569752,5.016490120189404
"[0.046509091780661746, 0.757283571592462, -1.014809175793626, 0.06232520401517834]",24.475999683410954,5.019633284425112
"[0.04674970741467931, 0.7575107645320449, -1.0145258576026426, 0.06261137033062422]",24.473981477474258,5.02277644866082
"[0.04699094895244494, 0.7577383036353664, -1.014242036652577, 0.06289796297891705]",24.471961257178922,5.025919612896527
"[0.04723281559441857, 0.7579661867361362, -1.0139577151210946, 0.0631849792470028]",24.469938987407613,5.029062777132235
"[0.04747530549642004, 0.7581944106894912, -1.0136728964072477, 0.06347241519046644]",24.467914644396252,5.032205941367943
"[0.04771841704556768, 0.7584229725762581, -1.0133875836295805, 0.06376026715036488]",24.46588818621604,5.03534910560365
"[0.047962148474861396, 0.7586518693400282, -1.0131017800790063, 0.06404853129613426]",24.46385958732197,5.038492269839358
"[0.048206498742593744, 0.7588810986125046, -1.0128154881881144, 0.06433720466498093]",24.46182881092907,5.041635434075066
"[0.048451466015252166, 0.7591106572889429, -1.012528711309968, 0.064626283367839]",24.459795823732254,5.044778598310773
"[0.04869704794443674, 0.7593405417912487, -1.012241453390486, 0.06491576292083866]",24.45776059812144,5.047921762546481
"[0.04894324408684507, 0.7595707503322529, -1.0119537161387802, 0.06520564109650752]",24.45572309396771,5.051064926782189
"[0.04919005183271619, 0.7598012791050665, -1.0116655037890356, 0.0654959131252949]",24.453683287339125,5.054208091017896
"[0.04943746996283796, 0.7600321256111064, -1.0113768189414252, 0.06578657588628134]",24.451641132313693,5.057351255253604
"[0.049685496470903714, 0.7602632866245637, -1.011087665106534, 0.06607762534406363]",24.449596605215014,5.060494419489312
"[0.04993412965364947, 0.7604947592107718, -1.010798045432219, 0.06636905783104649]",24.447549669247493,5.063637583725019
"[0.050183367543697587, 0.7607265401975358, -1.0105079633648968, 0.06666086938179631]",24.445500294106775,5.066780747960727
"[0.05043320873541981, 0.7609586269432473, -1.010217421688259, 0.06695305670009939]",24.443448442780383,5.069923912196435
"[0.050683651038821394, 0.7611910160856431, -1.0099264240894323, 0.06724561558366358]",24.44139408310279,5.073067076432142
"[0.050934692659287406, 0.7614237046387118, -1.009634973786106, 0.06753854230511977]",24.439337180020576,5.07621024066785
"[0.05118633161766696, 0.7616566894540693, -1.0093430742008556, 0.06783183293390585]",24.437277703393292,5.079353404903558
"[0.05143856627071791, 0.7618899677029733, -1.0090507283572945, 0.06812548394305387]",24.43521561285899,5.082496569139265
"[0.05169139443693324, 0.7621235360674872, -1.0087579398936124, 0.06841949119100733]",24.433150879472354,5.085639733374973
"[0.051944814437596375, 0.7623573917033996, -1.0084647118558825, 0.0687138511337452]",24.43108346517226,5.088782897610681
"[0.05219882387870618, 0.7625915311154958, -1.0081710481081367, 0.06900855940903046]",24.42901334029605,5.091926061846388
"[0.05245342117750012, 0.7628259515659954, -1.007876951566288, 0.06930361260923507]",24.426940466884307,5.095069226082096
"[0.05270860392039798, 0.7630606495610139, -1.007582426096479, 0.06959900637626286]",24.424864810983372,5.098212390317803
"[0.052964370172230296, 0.7632956220569457, -1.0072874750018859, 0.06989473691999051]",24.422786337191887,5.101355554553511
"[0.053220717652068775, 0.7635308657021236, -1.0069921019742751, 0.0701908000637977]",24.42070501803032,5.104498718789219
"[0.053477644686448576, 0.7637663777118872, -1.0066963099953772, 0.07048719234587714]",24.418620806368274,5.107641883024926
"[0.053735148670983474, 0.7640021544576856, -1.0064001031086875, 0.07078390924358745]",24.416533675982173,5.110785047260634
"[0.05399322791393361, 0.7642381931570372, -1.0061034842969836, 0.07108094730027098]",24.414443588667346,5.113928211496342
"[0.05425187951349061, 0.7644744899306933, -1.0058064579233703, 0.07137830168027737]",24.4123505100429,5.117071375732049
"[0.05451110237419851, 0.7647110425599307, -1.0055090262658524, 0.0716759696387708]",24.410254404762245,5.120214539967757
"[0.05477089290083843, 0.7649478465543927, -1.005211194460656, 0.07197394557357362]",24.40815523829855,5.123357704203465
"[0.05503124981611495, 0.7651848995489215, -1.0049129649739903, 0.07227222655796879]",24.406052972598484,5.126500868439172
"[0.05529217023210677, 0.7654221977208027, -1.0046143421075742, 0.07257080783237127]",24.403947573835868,5.1296440326748804
"[0.05555365232966304, 0.7656597382307337, -1.0043153289281785, 0.07286968587580823]",24.40183900486232,5.132787196910588
"[0.05581569362953002, 0.7658975176494285, -1.0040159292473136, 0.07316885642614994]",24.399727232538094,5.135930361146295
"[0.05607829124504359, 0.7661355321899209, -1.0037161473296972, 0.07346831477247609]",24.39761221940187,5.139073525382003
"[0.05634144345848977, 0.7663737791360222, -1.0034159860940026, 0.07376805755227395]",24.395493928331938,5.142216689617711
"[0.056605147488094504, 0.7666122548180904, -1.0031154496623302, 0.0740680802046345]",24.39337232294708,5.145359853853418
"[0.05686940062661313, 0.766850955646406, -1.0028145420591132, 0.0743683782704303]",24.391247372441242,5.148503018089126
"[0.05713420074456897, 0.7670898785645947, -1.0025132666391725, 0.07466894796270261]",24.389119032664546,5.151646182324833
"[0.057399545517042974, 0.767329020350205, -1.0022116269691093, 0.0749697852867182]",24.38698726958097,5.154789346560541
"[0.0576654320451058, 0.7675683772751147, -1.0019096272561794, 0.07527088561280071]",24.384852048480674,5.157932510796249
"[0.05793185786045433, 0.7678079460113276, -1.0016072712059059, 0.07557224481581688]",24.382713332098,5.161075675031956
"[0.058198820500239126, 0.7680477232471088, -1.001304562506059, 0.07587385879225036]",24.38057108118022,5.164218839267663
"[0.05846631722597594, 0.76828770543492, -1.00100150514502, 0.07617572314313908]",24.37842526285825,5.167362003503372
"[0.0587343455184356, 0.7685278892360661, -1.000698102850501, 0.07647783373338349]",24.37627583361579,5.170505167739079
"[0.05900290195609981, 0.7687682705162622, -1.0003943603585634, 0.07678018542835063]",24.374122764820605,5.173648331974786
"[0.05927198523347551, 0.7690088470472699, -1.000090279999877, 0.07708277549198496]",24.371966011347958,5.176791496210495
"[0.05954159167037601, 0.7692496144879767, -0.9997858667782066, 0.07738559853181612]",24.36980554148201,5.179934660446202
"[0.05981171843439228, 0.7694905692693981, -0.9994811247251804, 0.07768865012772237]",24.367641311410747,5.183077824681909
"[0.060082363423902996, 0.7697317084861456, -0.9991760570361835, 0.07799192669531403]",24.365473286944184,5.186220988917617
"[0.060353523171877255, 0.7699730280282324, -0.998870668433671, 0.07829542313631459]",24.363301432586685,5.189364153153325
"[0.06062519509267864, 0.7702145245841694, -0.9985649626334587, 0.07859913535784158]",24.361125709006245,5.192507317389032
"[0.06089737622499081, 0.7704561945209234, -0.9982589437617102, 0.0789030588637413]",24.3589460766274,5.19565048162474
"[0.06117006411775119, 0.7706980346711013, -0.9979526153583566, 0.07920718974455264]",24.356762495490322,5.198793645860448
"[0.06144325549451533, 0.7709400411478388, -0.9976459818780492, 0.07951152318712454]",24.354574930858263,5.201936810096155
"[0.06171694739211818, 0.7711822103559582, -0.9973390474098253, 0.07981605474623929]",24.352383341903522,5.205079974331863
"[0.06199113675421804, 0.7714245386313394, -0.9970318161338696, 0.08012077989108181]",24.350187692368063,5.208223138567571
"[0.06226582077849745, 0.7716670225477112, -0.996724291932547, 0.08042569439101503]",24.347987941723368,5.211366302803278
"[0.06254099628378786, 0.7719096583576285, -0.9964164790992723, 0.08073079361261293]",24.3457840523994,5.214509467038986
"[0.06281666045532736, 0.7721524426503948, -0.9961083815041449, 0.08103607334695978]",24.343575984605046,5.217652631274694
"[0.06309280999934701, 0.7723953716068904, -0.9958000035393947, 0.08134152887264558]",24.34136370092597,5.220795795510401
"[0.06336944180841916, 0.772638441586311, -0.9954913493750793, 0.0816471556935362]",24.33914715810802,5.223938959746109
"[0.06364655279682012, 0.7728816489807827, -0.9951824231434614, 0.08195294935595261]",24.336926321257135,5.227082123981817
"[0.0639241397550707, 0.773124990087811, -0.994873229101086, 0.08225890528828042]",24.334701147867577,5.230225288217524
"[0.06420219980713696, 0.7733684615109881, -0.994563771119618, 0.0825650193047778]",24.33247160121914,5.233368452453232
"[0.06448072896109251, 0.7736120588914533, -0.9942540542983834, 0.08287128601064955]",24.33023763879581,5.23651161668894
"[0.06475972482817925, 0.7738557792874643, -0.9939440819394592, 0.08317770179381964]",24.32799922342066,5.239654780924647
"[0.06503918349367607, 0.774099618437453, -0.9936338590274157, 0.08348426138387426]",24.325756313957736,5.242797945160355
"[0.06531910172652784, 0.7743435726926076, -0.9933233897723028, 0.08379096028170031]",24.32350887093624,5.245941109396063
"[0.06559947683885323, 0.7745876388907513, -0.9930126777687298, 0.08409779460108237]",24.321256850152306,5.24908427363177
"[0.06588030467803811, 0.7748318126091559, -0.9927017282205735, 0.08440475887193327]",24.319000220049503,5.252227437867478
"[0.06616158212988031, 0.7750760903443763, -0.9923905451661357, 0.08471184878086913]",24.316738932773877,5.255370602103185
"[0.06644330608791028, 0.7753204686134499, -0.9920791326218481, 0.0850190600411954]",24.31447294897657,5.2585137663388934
"[0.06672547218007403, 0.7755649428512946, -0.9917674959880353, 0.085326387006811]",24.312202232418773,5.261656930574601
"[0.06700807796585323, 0.7758095101822734, -0.9914556385164862, 0.0856338261563538]",24.309926735687803,5.264800094810308
"[0.06729111913661391, 0.7760541661279167, -0.991143565507146, 0.08594137195448653]",24.30764642300174,5.2679432590460165
"[0.06757459288700836, 0.7762989075254614, -0.9908312805869239, 0.08624902052070929]",24.30536125302294,5.271086423281724
"[0.06785849508103237, 0.7765437300778069, -0.9905187888347461, 0.08655676654948379]",24.30307118154148,5.274229587517431
"[0.06814282240153828, 0.7767886302105385, -0.9902060944124526, 0.08686460564462707]",24.300776169437682,5.2773727517531395
"[0.06842757083330732, 0.7770336037635299, -0.9898932022347819, 0.08717253267458401]",24.298476178044183,5.280515915988847
"[0.0687127372792409, 0.7772786473824506, -0.9895801161924789, 0.08748054352152158]",24.29617115957905,5.283659080224554
"[0.06899831777732389, 0.7775237569845902, -0.9892668411117488, 0.08778863315290795]",24.293861077292338,5.2868022444602625
"[0.06928430872464249, 0.7777689288119621, -0.9889533814092436, 0.08809679694520323]",24.291545886146345,5.28994540869597
"[0.0695707061785073, 0.7780141588313257, -0.9886397418588362, 0.08840502992974592]",24.28922554804559,5.293088572931677
"[0.06985750626979093, 0.7782594430892856, -0.9883259271379539, 0.08871332723901569]",24.286900018456798,5.2962317371673855
"[0.07014470559767808, 0.7785047780487848, -0.9880119413966402, 0.08902168452961348]",24.284569256888208,5.299374901403093
"[0.07043229996437794, 0.7787501595078624, -0.9876977896412653, 0.08933009662319583]",24.28223321895881,5.3025180656388
"[0.07072028565915997, 0.7789955836972337, -0.9873834763300817, 0.08963855888602457]",24.279891864760373,5.3056612298745085
"[0.07100865890798017, 0.7792410468096157, -0.9870690059754392, 0.08994706663735345]",24.27754514936711,5.308804394110216
"[0.07129741569079096, 0.7794865448448022, -0.9867543833425035, 0.09025561495469639]",24.275193032061942,5.311947558345923
"[0.07158655185817908, 0.7797320737098239, -0.9864396133212671, 0.09056419879973085]",24.272835470559297,5.3150907225816315
"[0.07187606394212703, 0.7799776299068694, -0.9861247000444594, 0.09087281388283922]",24.27047242077043,5.318233886817339
"[0.07216594744981474, 0.7802232090852217, -0.9858096487442869, 0.09118145484317271]",24.268103840975762,5.321377051053046
"[0.07245619851864157, 0.7804688074459782, -0.985494463951339, 0.09149011701408982]",24.26572968627826,5.3245202152887545
"[0.07274681302708297, 0.7807144209878257, -0.9851791504618356, 0.09179879547523359]",24.26334991648202,5.327663379524462
"[0.07303778672699773, 0.7809600456199296, -0.9848637131931224, 0.09210748519440028]",24.260964484306964,5.330806543760169
"[0.07332911612405393, 0.7812056779044309, -0.9845481562298987, 0.09241618196064522]",24.258573349755412,5.333949707995877
"[0.07362079600605502, 0.781451312972345, -0.9842324855015658, 0.09272487976510295]",24.256176469547786,5.337092872231585
"[0.07391282324104834, 0.7816969477250012, -0.9839167046691213, 0.09303357482432893]",24.25377379868663,5.340236036467292
"[0.07420519327227088, 0.7819425778805915, -0.9836008189200687, 0.09334226186858562]",24.25136529220843,5.343379200703
"[0.0744979012378808, 0.7821881989203318, -0.9832848337537186, 0.09365093533091134]",24.248950912586693,5.346522364938708
"[0.07479094394737063, 0.7824338077454469, -0.9829687528489763, 0.09395959142944091]",24.246530605193623,5.349665529174415
"[0.07508431629293953, 0.7826793996664132, -0.982652581937847, 0.09426822438375315]",24.244104333026332,5.352808693410123
"[0.07537801412210693, 0.7829249708129545, -0.9823363257048666, 0.09457682944350758]",24.241672056068328,5.355951857645831
"[0.07567203310759198, 0.7831705171859894, -0.9820199890068718, 0.09488540169700559]",24.239233720923437,5.359095021881538
"[0.0759663690328773, 0.7834160348965268, -0.981703576565414, 0.09519393637138533]",24.23678928737491,5.362238186117246
"[0.07626101724697558, 0.783661519711076, -0.9813870935527143, 0.09550242826134331]",24.23433871082405,5.365381350352954
"[0.07655597324434357, 0.78390696753606, -0.9810705449676623, 0.09581087233786173]",24.231881949801508,5.368524514588661
"[0.07685123285094698, 0.784152374571601, -0.9807539354370989, 0.0961192639414449]",24.229418953227462,5.371667678824369
"[0.07714679131331457, 0.7843977365540536, -0.9804372701929521, 0.09642759783022258]",24.226949681710728,5.374810843060077
"[0.07744264410778139, 0.7846430494294281, -0.9801205542037641, 0.09673586902619959]",24.22447408761094,5.377954007295784
"[0.07773878679263779, 0.7848883092298375, -0.9798037923338576, 0.09704407265996728]",24.221992128912568,5.381097171531492
"[0.07803521467522777, 0.7851335117978322, -0.9794869896994053, 0.09735220362427592]",24.21950375689934,5.384240335767199
"[0.07833192330781467, 0.7853786531970361, -0.9791701511380893, 0.09766025709003712]",24.217008927273486,5.387383500002907
"[0.07862890757698326, 0.7856237289599013, -0.9788532821814192, 0.09796822756100572]",24.214507599192178,5.390526664238615
"[0.07892616327507443, 0.7858687353853828, -0.9785363873772883, 0.09827611050446843]",24.211999721528766,5.393669828474322
"[0.07922368535397134, 0.7861136680977362, -0.9782194721533163, 0.09858390054015305]",24.20948525001061,5.3968129927100295
"[0.07952146918956003, 0.7863585230896847, -0.9779025414679989, 0.09889159275109786]",24.206964143718587,5.399956156945738
"[0.07981951011986392, 0.7866032963411987, -0.9775856003035995, 0.09919918220457]",24.204436351548424,5.403099321181445
"[0.08011780335899847, 0.7868479837490894, -0.9772686537574407, 0.09950666386357386]",24.20190183091917,5.4062424854171525
"[0.08041634371545882, 0.7870925808968882, -0.9769517073403866, 0.09981403229765784]",24.199360534391303,5.409385649652861
"[0.08071512687930843, 0.7873370841094977, -0.9766347656102821, 0.10012128300819895]",24.196812415436735,5.412528813888568
"[0.08101414744496971, 0.7875814888337159, -0.9763178342706651, 0.1004284103932981]",24.194257429976034,5.4156719781242755
"[0.0813134006225666, 0.7878257910397918, -0.9760009183544419, 0.1007354095090025]",24.19169553381924,5.418815142359983
"[0.0816128815254411, 0.7880699866377565, -0.9756840229802554, 0.1010422753358261]",24.189126676964435,5.421958306595691
"[0.08191258536067417, 0.7883140716329062, -0.975367153150789, 0.1013490029741169]",24.18655081537544,5.4251014708313985
"[0.08221250684478627, 0.7885580416502778, -0.9750503143702521, 0.10165558704647197]",24.183967904114397,5.428244635067106
"[0.08251264111685717, 0.7888018926784184, -0.9747335116788874, 0.10196202263237063]",24.181377889566626,5.431387799302813
"[0.08281298285355007, 0.7890456203495435, -0.9744167505878578, 0.10226830436356354]",24.17878073428052,5.4345309635385215
"[0.08311352742185574, 0.7892892208754935, -0.9741000358630552, 0.102574427600229]",24.176176389035557,5.437674127774229
"[0.08341426914530573, 0.7895326896415599, -0.9737833733529864, 0.10288038666387073]",24.173564807722304,5.440817292009936
"[0.08371520300504583, 0.7897760225861298, -0.973466768195422, 0.1031861765710393]",24.170945939297678,5.4439604562456445
"[0.08401632439596914, 0.790019216000603, -0.9731502250765678, 0.10349179278188661]",24.168319742287135,5.447103620481352
"[0.08431762730648476, 0.7902622650599044, -0.9728337501440251, 0.10379722935346748]",24.165686167852613,5.450246784717059
"[0.08461910706890152, 0.7905051660438498, -0.972517348115498, 0.1041024817312636]",24.163045170377643,5.4533899489527675
"[0.08492075808434084, 0.7907479145008599, -0.9722010246694112, 0.10440754444153445]",24.160396698690093,5.456533113188475
"[0.08522257498630642, 0.7909905061870645, -0.9718847852223323, 0.10471241227144706]",24.15774071369516,5.459676277424182
"[0.08552455302009376, 0.7912329373695218, -0.9715686345329999, 0.10501708065013386]",24.155077160592125,5.4628194416598905
"[0.08582668608205081, 0.7914752032519412, -0.9712525787552666, 0.1053215436702389]",24.15240599887526,5.465962605895598
"[0.08612896924088319, 0.7917172999991617, -0.9709366227981756, 0.10562579663210495]",24.149727177853265,5.469105770131305
"[0.0864313972063827, 0.7919592235072874, -0.9706207719296075, 0.10592983449815378]",24.14704064935095,5.4722489343670135
"[0.08673396384150175, 0.7922009690157177, -0.9703050322838085, 0.10623365140526754]",24.144346371424017,5.475392098602721
"[0.08703666492384549, 0.7924425333135495, -0.9699894079796786, 0.10653724343769125]",24.141644289777574,5.478535262838428
"[0.08733949352361287, 0.7926839110484502, -0.9696739059424788, 0.10684060398811697]",24.13893436301432,5.481678427074136
"[0.08764244521283682, 0.7929250988841998, -0.969358530471847, 0.10714372898275741]",24.136216541658246,5.484821591309844
"[0.08794551380394398, 0.7931660921021498, -0.9690432876832368, 0.10744661261009837]",24.133490779456675,5.487964755545551
"[0.08824869396405928, 0.7934068866846198, -0.9687281827845894, 0.10774924993926654]",24.13075702802533,5.491107919781259
"[0.08855198027797957, 0.7936474785678836, -0.9684132210527119, 0.1080516359811749]",24.128015240226055,5.494251084016967
"[0.08885536690837338, 0.7938878633734106, -0.9680984081854775, 0.10835376535070192]",24.12526536443443,5.497394248252674
"[0.08915884807629045, 0.7941280367898251, -0.9677837498021543, 0.10865563274672463]",24.12250736554923,5.500537412488382
"[0.08946241839309994, 0.7943679948347776, -0.9674692510999928, 0.10895723328124347]",24.119741183277103,5.50368057672409
"[0.08976607167870472, 0.7946077329205468, -0.967154918078799, 0.10925856130493271]",24.116966778523988,5.506823740959797
"[0.09006980307240202, 0.7948472475212592, -0.9668407553552717, 0.10955961250264287]",24.114184097050767,5.509966905195505
"[0.0903736058055581, 0.795086533626173, -0.9665267695027131, 0.10986038069238185]",24.11139310078416,5.513110069431213
"[0.09067747459435042, 0.7953255874160143, -0.9662129655409913, 0.11016086118922604]",24.10859373358808,5.51625323366692
"[0.09098140369609144, 0.7955644047295832, -0.9658993489475761, 0.1104610488779493]",24.10578595210429,5.519396397902628
"[0.09128538706407867, 0.7958029811872738, -0.9655859254961552, 0.1107609383682369]",24.102969707583494,5.522539562138336
"[0.09158941882120564, 0.7960413125634508, -0.9652727007677497, 0.11106052446272603]",24.100144958312676,5.525682726374043
"[0.09189349317660306, 0.7962793947203417, -0.9649596802372868, 0.11135980207389992]",24.097311648146007,5.528825890609751
"[0.09219760389234488, 0.7965172231907413, -0.9646468698223802, 0.11165876569950327]",24.094469733568186,5.531969054845459
"[0.09250174590233089, 0.7967547944437854, -0.9643342742183936, 0.11195741101367418]",24.091619166422745,5.535112219081166
"[0.09280591256778199, 0.7969921037394615, -0.9640218997207437, 0.11225573216991012]",24.08875990386252,5.538255383316874
"[0.09311009808101112, 0.7972291470078624, -0.9637097517529164, 0.11255372416338448]",24.085891888757804,5.541398547552582
"[0.09341429580152746, 0.7974659195509768, -0.9633978365753448, 0.11285138119892191]",24.083015089037808,5.544541711788289
"[0.09371850044914848, 0.797702417750328, -0.9630861590360986, 0.11314869883776142]",24.080129448411537,5.547684876023997
"[0.09402270591677991, 0.7979386373633229, -0.9627747248147253, 0.11344567185577038]",24.07723491624531,5.550828040259705
"[0.09432690593044009, 0.7981745740384955, -0.9624635397441516, 0.11374229489117119]",24.074331451326294,5.553971204495412
"[0.09463109406783554, 0.7984102233306009, -0.9621526097911212, 0.1140385624634554]",24.071419007100978,5.55711436873112
"[0.0949352647713827, 0.7986455814845942, -0.9618419400214437, 0.114334469959017]",24.06849753310419,5.560257532966827
"[0.09523941155430987, 0.7988806440458968, -0.9615315364336668, 0.1146300118839541]",24.065566980270507,5.563400697202535
"[0.09554352817619827, 0.7991154067715901, -0.9612214047571019, 0.11492518300954399]",24.062627311848512,5.566543861438243
"[0.09584760833882541, 0.7993498653946703, -0.960911550762793, 0.11521997807592241]",24.059678475961945,5.56968702567395
"[0.09615164621107983, 0.7995840160283171, -0.9606019797290921, 0.11551439230032566]",24.056720422059744,5.572830189909658
"[0.09645563544885007, 0.7998178544102383, -0.9602926974403782, 0.11580842042692309]",24.05375310659436,5.575973354145366
"[0.0967595693642384, 0.8000513760346852, -0.9599837100132508, 0.11610205689283004]",24.050776483868212,5.579116518381073
"[0.09706344218028773, 0.8002845771163694, -0.9596750226211231, 0.11639529704007304]",24.04779050502854,5.582259682616781
"[0.09736724734962171, 0.8005174532981706, -0.9593666412039392, 0.11668813549063631]",24.044795126900116,5.585402846852489
"[0.09767097806598282, 0.8007500000459026, -0.9590585719466382, 0.11698056664279426]",24.0417903058959,5.588546011088196
"[0.09797462886416443, 0.8009822138722072, -0.9587508196573304, 0.11727258621016687]",24.03877598903706,5.591689175323904
"[0.09827819269387976, 0.8012140900966106, -0.958443390734881, 0.11756418840494832]",24.035752136884586,5.594832339559612
"[0.09858166351058618, 0.8014456248280669, -0.9581362905420561, 0.11785536843096496]",24.032718696229207,5.597975503795319
"[0.09888503452397059, 0.8016768136263637, -0.9578295251799644, 0.11814612080029865]",24.02967562785069,5.601118668031027
"[0.09918829957870054, 0.8019076525557064, -0.9575231000906976, 0.11843644065826238]",24.026622884992648,5.604261832266735
"[0.09949145233092149, 0.8021381375560802, -0.9572170208910055, 0.11872632299279615]",24.023560419962468,5.607404996502442
"[0.0997944858753965, 0.8023682641609684, -0.956911293747729, 0.11901576227939745]",24.020488190778728,5.61054816073815
"[0.10009739395938716, 0.8025980284199604, -0.9566059241524842, 0.11930475364146981]",24.017406152443908,5.613691324973858
"[0.10040017009761201, 0.802827426225616, -0.9563009178154832, 0.11959329200369741]",24.01431425355253,5.616834489209565
"[0.10070280765934012, 0.8030564533802262, -0.9559962805771396, 0.11988137217598839]",24.011212459001097,5.6199776534452734
"[0.10100530002797212, 0.8032851057169239, -0.9556920182471675, 0.12016898900576584]",24.00810072034466,5.623120817680981
"[0.10130764074738546, 0.8035133792099303, -0.9553881364577191, 0.1204561375166404]",24.004978989992175,5.626263981916688
"[0.10160982294310657, 0.8037412695374699, -0.9550846412452336, 0.12074281235857741]",24.001847230878134,5.629407146152396
"[0.10191184077781695, 0.8039687731792544, -0.9547815375887866, 0.12102900918845978]",23.998705386590615,5.632550310388104
"[0.10221368633234826, 0.804195885066444, -0.9544788325408093, 0.12131472171376591]",23.9955534320881,5.635693474623811
"[0.10251535411959974, 0.8044226019810167, -0.954176530697713, 0.12159994596894134]",23.992391305805263,5.638836638859519
"[0.10281683682707178, 0.8046489193509677, -0.9538746384707326, 0.12188467628370675]",23.98921897503524,5.641979803095227
"[0.10311812813537552, 0.8048748333702412, -0.9535731612600561, 0.1221689079499857]",23.986036390991007,5.645122967330934
"[0.10341922097526841, 0.8051003396896732, -0.9532721052007317, 0.12245263557498196]",23.982843517900683,5.648266131566642
"[0.1037201089340506, 0.8053254344716189, -0.9529714757553498, 0.1227358544080246]",23.97964030592435,5.651409295802349
"[0.10402078525316034, 0.8055501136384109, -0.9526712787170158, 0.12301855939500048]",23.976426718936676,5.654552460038057
"[0.10432124322229891, 0.8057743731677263, -0.9523715198151362, 0.1233007455499507]",23.973202707081633,5.657695624273765
"[0.10462147596909567, 0.8059982089355403, -0.9520722049253273, 0.1235824077574409]",23.969968237248956,5.660838788509472
"[0.10492147648957993, 0.806221616739369, -0.9517733400386058, 0.12386354080177463]",23.966723262063965,5.663981952745179
"[0.10522123860770463, 0.8064445930120433, -0.9514749303061809, 0.12414414026519556]",23.963467742144818,5.667125116980888
"[0.10552075493768066, 0.8066671333049612, -0.9511769820688378, 0.12442420061919614]",23.960201635782028,5.670268281216595
"[0.10582001907976234, 0.8068892339217649, -0.9508795006707722, 0.12470371728034724]",23.956924907882748,5.673411445452302
"[0.10611902374683888, 0.8071108905260691, -0.9505824923234931, 0.12498268485815658]",23.95363750852466,5.67655460968801
"[0.10641776262035259, 0.807332099518549, -0.9502859622612275, 0.12526109888814727]",23.950339404023943,5.679697773923718
"[0.10671622859909366, 0.8075528567382334, -0.9499899164808899, 0.1255389541973601]",23.947030557566,5.682840938159425
"[0.10701441479574837, 0.8077731582014945, -0.9496943607520049, 0.12581624583438647]",23.943710918984245,5.685984102395133
"[0.10731231445579448, 0.8079930000412104, -0.9493993006978966, 0.12609296899280995]",23.94038046000691,5.689127266630841
"[0.10760992036815187, 0.8082123780719, -0.9491047423793885, 0.12636911846380447]",23.937039139124874,5.692270430866548
"[0.10790722642996903, 0.8084312889430169, -0.9488106907462065, 0.12664469008787058]",23.933686911638837,5.695413595102256
"[0.10820422505844157, 0.8086497282317354, -0.9485171521981246, 0.1269196783540204]",23.93032374838588,5.698556759337964
"[0.10850090939459768, 0.8088676920670673, -0.9482241324040929, 0.12719407844418734]",23.9269496112791,5.701699923573671
"[0.10879727266679998, 0.809085176659924, -0.9479316369328722, 0.12746788564168737]",23.923564455334397,5.704843087809379
"[0.10909330825188406, 0.8093021783474222, -0.9476396711931844, 0.12774109538700854]",23.92016825171987,5.707986252045087
"[0.10938900871895087, 0.809518692892405, -0.947348241376413, 0.1280137023958517]",23.916760959053768,5.711129416280794
"[0.10968436733493953, 0.8097347165871553, -0.9470573529716638, 0.1282857020487136]",23.91334254910839,5.714272580516502
"[0.10997937727979061, 0.8099502456773634, -0.9467670115404493, 0.12855708966565832]",23.90991297640808,5.717415744752209
"[0.11027403130862813, 0.810165276115958, -0.9464772230486336, 0.12882786019630604]",23.906472211651977,5.720558908987917
"[0.11056832296652262, 0.8103798044497216, -0.9461879926716451, 0.1290980093362566]",23.9030202199907,5.723702073223625
"[0.11086224475678268, 0.8105938264829425, -0.9458993265956304, 0.12936753184429434]",23.899556966132366,5.726845237459332
"[0.11115579009807502, 0.8108073387042088, -0.9456112300939022, 0.12963642333909045]",23.896082418305372,5.72998840169504
"[0.11144895190871419, 0.811020337254583, -0.9453237089181666, 0.12990467899982697]",23.89259654156868,5.733131565930748
"[0.11174172310022658, 0.8112328182874825, -0.9450367688133827, 0.13017229401936686]",23.889099302699524,5.736274730166455
"[0.11203409685911751, 0.8114447781727352, -0.9447504152419968, 0.1304392638612579]",23.885590673398326,5.739417894402163
"[0.1123260662590842, 0.8116562132146837, -0.9444646537644027, 0.13070558390470036]",23.882070619110404,5.742561058637871
"[0.11261762429620416, 0.8118671196779444, -0.9441794900042821, 0.13097124947696331]",23.878539106432516,5.745704222873578
"[0.11290876373133028, 0.8120774936737611, -0.9438949298024586, 0.13123625571019767]",23.874996111527526,5.7488473871092864
"[0.11319947808259911, 0.8122873318768009, -0.9436109782471531, 0.13150059844438028]",23.87144159891155,5.751990551344994
"[0.11348975986454399, 0.8124966302531084, -0.9433276413947937, 0.13176427262489834]",23.867875542860016,5.755133715580701
"[0.11377960238106194, 0.812705385354561, -0.9430449245185247, 0.13202727393320318]",23.864297907824735,5.7582768798164095
"[0.1140689989012692, 0.8129135937230391, -0.9427628329140054, 0.13228959803625082]",23.860708674342913,5.761420044052117
"[0.1143579423235784, 0.8131212516491411, -0.9424813722265262, 0.13255124028247003]",23.857107806823247,5.764563208287824
"[0.11464642525126979, 0.8133283552277124, -0.9422005483763809, 0.1328121957716511]",23.853495285599482,5.7677063725235325
"[0.1149344411743317, 0.8135349012059317, -0.9419203664087233, 0.13307246042355625]",23.849871077629814,5.77084953675924
"[0.11522198293611757, 0.8137408858819134, -0.9416408319867163, 0.13333202959015317]",23.846235164195328,5.773992700994947
"[0.1155090436891426, 0.8139463057906614, -0.9413619504613062, 0.133590898919931]",23.842587514437326,5.7771358652306555
"[0.11579561671692962, 0.8141511575754672, -0.941083727045249, 0.13384906419588297]",23.838928104671215,5.780279029466363
"[0.11608169466280177, 0.8143554374368787, -0.9408061675616473, 0.13410652064103976]",23.835256912767587,5.78342219370207
"[0.11636727068236632, 0.8145591419566387, -0.9405292773249635, 0.13436326395682457]",23.83157391693841,5.786565357937778
"[0.11665233816651217, 0.8147622678983302, -0.9402530614110929, 0.13461929007187626]",23.827879087285183,5.789708522173486
"[0.11693689008882337, 0.8149648117420842, -0.9399775252899344, 0.13487459455558998]",23.82417241164982,5.792851686409193
"[0.11722091900340297, 0.8151667696845151, -0.9397026748262772, 0.13512917261791604]",23.82045386242568,5.795994850644901
"[0.11750441872472311, 0.8153681388326425, -0.9394285146546618, 0.1353830206144199]",23.816723421680607,5.799138014880609
"[0.11778738230052156, 0.8155689157615207, -0.9391550501418472, 0.13563613422811666]",23.812981074611272,5.802281179116316
"[0.11806980240814213, 0.8157690967977926, -0.9388822870018471, 0.13588850882676948]",23.809226793123916,5.805424343352024
"[0.11835167250962524, 0.8159686788382194, -0.9386102301804553, 0.13614014049493]",23.805460562676362,5.808567507587732
"[0.11863298559507586, 0.8161676584584516, -0.9383388850694293, 0.13639102491024038]",23.801682367948505,5.811710671823439
"[0.11891373514938618, 0.8163660325972073, -0.938068256573644, 0.13664115820613804]",23.797892192693375,5.814853836059147
"[0.1191939139322265, 0.8165637976937498, -0.9377983502875763, 0.13689053588422975]",23.794090018919476,5.817997000294855
"[0.1194735155987786, 0.8167609508324665, -0.9375291709334547, 0.13713915425763243]",23.790275830688895,5.821140164530562
"[0.11975253290060925, 0.816957488472993, -0.9372607240944554, 0.1373870088495793]",23.78644961711826,5.82428332876627
"[0.12003095931438151, 0.8171534075987381, -0.936993014646596, 0.1376340958418051]",23.782611366157973,5.827426493001978
"[0.12030878775558439, 0.8173487048104713, -0.9367260479966185, 0.1378804109314431]",23.77876106251714,5.830569657237685
"[0.12058601189989171, 0.817543377255581, -0.9364598288119266, 0.13812595050302554]",23.77489869566113,5.833712821473393
"[0.1208626250894466, 0.8177374218583915, -0.9361943620722838, 0.1383707106577599]",23.771024252378947,5.836855985709101
"[0.121138620147053, 0.8179308351910666, -0.9359296532470909, 0.1386146870506168]",23.767137727778664,5.839999149944808
"[0.12141399084884515, 0.8181236145057705, -0.9356657068828267, 0.13885787619231085]",23.763239108801457,5.843142314180516
"[0.12168873009426083, 0.8183157564519608, -0.9354025283584629, 0.13910027383125853]",23.759328391046882,5.846285478416224
"[0.12196283151495278, 0.8185072582028597, -0.9351401223432041, 0.13934187637460033]",23.7554055652365,5.849428642651931
"[0.12223628866346549, 0.8186981168867523, -0.9348784935747505, 0.1395826801708311]",23.751470624033406,5.852571806887639
"[0.12250909437794155, 0.8188883291444277, -0.9346176474664235, 0.13982268095135694]",23.747523568335712,5.855714971123347
"[0.12278124270840397, 0.8190778924725858, -0.9343575882650573, 0.14006187552553118]",23.74356438733012,5.858858135359054
"[0.12305272669387278, 0.819266803673478, -0.934098321176832, 0.14030025982450012]",23.73959308171075,5.862001299594762
"[0.12332353982259171, 0.8194550598728785, -0.9338398509712029, 0.14053783018563037]",23.73560964632947,5.865144463830469
"[0.12359367588149352, 0.8196426584138844, -0.9335821821258612, 0.14077458321860015]",23.731614084664546,5.868287628066177
"[0.12386312817724159, 0.819829596315633, -0.9333253195700273, 0.1410105151222909]",23.727606393256103,5.871430792301885
"[0.12413189040889767, 0.8200158708793329, -0.9330692678520497, 0.1412456224496224]",23.723586571327694,5.874573956537592
"[0.12439995601556607, 0.820201479235344, -0.9328140317615703, 0.14147990153593193]",23.71955462331944,5.8777171207733
"[0.12466731869529166, 0.8203864187026773, -0.9325596158352776, 0.1417133489527323]",23.715510554695953,5.880860285009008
"[0.12493397218506191, 0.8205706866360416, -0.9323060245669001, 0.14194596131468631]",23.71145436420738,5.884003449244715
"[0.12519990978725626, 0.8207542800988293, -0.9320532628573739, 0.14217773486677304]",23.707386061656365,5.887146613480423
"[0.12546512559262485, 0.8209371967075013, -0.9318013348523801, 0.14240866655026618]",23.703305652113684,5.890289777716131
"[0.1257296131404449, 0.8211194337061049, -0.931550245216232, 0.14263875283439478]",23.699213138963373,5.893432941951838
"[0.12599336628150268, 0.8213009885617292, -0.9312999983119036, 0.14286799046809487]",23.695108540187572,5.8965761061875455
"[0.12625637883445878, 0.8214818587271525, -0.9310505985277439, 0.143096376180367]",23.690991856249514,5.899719270423254
"[0.12651864446245295, 0.8216620415560886, -0.9308020503943969, 0.1433239065732498]",23.686863098483713,5.902862434658961
"[0.12678015744012097, 0.8218415348297761, -0.9305543578582082, 0.1435505787868092]",23.682722281966853,5.9060055988946685
"[0.12704091123861364, 0.8220203357850514, -0.9303075256220328, 0.14377638927179426]",23.678569420396904,5.909148763130376
"[0.12730089996737617, 0.8221984421040848, -0.930061557779527, 0.1440013350395093]",23.674404527608317,5.912291927366084
"[0.1275601176745453, 0.8223758514335943, -0.9298164584782759, 0.1442254130546962]",23.67022761901828,5.9154350916017915
"[0.12781855838346112, 0.8225525614098765, -0.9295722318852317, 0.14444862026714933]",23.66603870741799,5.918578255837499
"[0.12807621614559656, 0.8227285696949173, -0.9293288821367631, 0.14467095365732824]",23.66183781626343,5.921721420073206
"[0.12833308496400037, 0.8229038739239556, -0.929086413411072, 0.14489241017013305]",23.657624960230116,5.9248645843089145
"[0.12858915915804148, 0.8230784719540986, -0.9288448295841513, 0.14511298702899456]",23.65340016202905,5.928007748544622
"[0.1288444328771158, 0.8232523615320962, -0.9286041346890991, 0.14533268131620905]",23.64916344318199,5.931150912780329
"[0.129098900169649, 0.8234255403417083, -0.9283643328507577, 0.1455514900327552]",23.644914825348014,5.9342940770160375
"[0.12935255569831125, 0.8235980064899687, -0.9281254276121047, 0.14576941071271973]",23.640654335377242,5.937437241251745
"[0.12960539339746352, 0.8237697575935785, -0.9278874231993736, 0.1459864402689635]",23.636381992399077,5.940580405487452
"[0.12985740783381075, 0.8239407917040859, -0.9276503232404831, 0.1462025761621341]",23.632097828804984,5.94372356972316
"[0.1301085932885279, 0.8241111066837247, -0.9274141316296007, 0.1464178156120122]",23.627801871854242,5.946866733958868
"[0.1303589444375519, 0.8242807006668295, -0.927178851887331, 0.1466321561806248]",23.6234941519757,5.950009898194575
"[0.1306084554366234, 0.8244495714395427, -0.9269444880209842, 0.14684559498832858]",23.619174694439323,5.953153062430283
"[0.13085712120866186, 0.824617717311423, -0.9267110433150977, 0.14705812981543254]",23.614843534288543,5.956296226665991
"[0.13110493623816388, 0.8247851362988804, -0.9264785214643438, 0.14726975807017326]",23.610500704871143,5.959439390901698
"[0.1313518953294328, 0.8249518266379628, -0.9262469258616413, 0.14748047743687273]",23.606146239150785,5.962582555137406
"[0.13159799286494717, 0.8251177862833806, -0.9260162602939712, 0.14769028524266775]",23.601780174640133,5.965725719373114
"[0.1318432239075527, 0.8252830136519573, -0.925786527909152, 0.14789917939738084]",23.597402547811104,5.968868883608821
"[0.1320875829355501, 0.8254475067693768, -0.9255577324016289, 0.1481071573148463]",23.593013398353804,5.972012047844529
"[0.13233106522914195, 0.8256112642038907, -0.925329876713991, 0.1483142170934251]",23.588612767076974,5.975155212080237
"[0.1325736655116746, 0.8257742841511948, -0.9251029643095617, 0.14852035635900085]",23.584200694229835,5.978298376315944
"[0.13281537870768456, 0.8259365649447004, -0.9248769984626402, 0.14872557291015015]",23.579777218487457,5.981441540551652
"[0.1330561999011953, 0.8260981050268786, -0.9246519822980178, 0.14892986468196587]",23.5753423901302,5.98458470478736
"[0.13329612422305062, 0.826258902873226, -0.9244279188966201, 0.1491332296499397]",23.570896253672437,5.987727869023067
"[0.13353514680975326, 0.826418956964484, -0.9242048113340987, 0.14933566579485297]",23.566438850720733,5.990871033258775
"[0.13377326278263954, 0.8265782657726104, -0.923982662700332, 0.1495371710850397]",23.561970231976925,5.994014197494483
"[0.13401046759088592, 0.8267368279899184, -0.9237614757796941, 0.14973774376625823]",23.557490450576992,5.99715736173019
"[0.13424675664946645, 0.8268946422863491, -0.9235412533892271, 0.14993738205471666]",23.552999559335955,6.000300525965898
"[0.13448212496295445, 0.8270517070585537, -0.923321998728975, 0.1501360838196344]",23.548497602796914,6.003443690201606
"[0.1347165680242443, 0.8272080210299387, -0.923103714544526, 0.15033384734233543]",23.543984642838435,6.006586854437313
"[0.13495008187973556, 0.8273635832926017, -0.9228864030675563, 0.15053067136944037]",23.539460728716968,6.009730018673021
"[0.1351826613449809, 0.8275183921185035, -0.9226700676764713, 0.15072655360872908]",23.534925921066293,6.012873182908729
"[0.13541430257769377, 0.8276724466733197, -0.9224547105021096, 0.1509214928976059]",23.53038027823711,6.016016347144436
"[0.1356450012986005, 0.827825745830862, -0.9222403340837168, 0.15111548770309297]",23.525823857761765,6.019159511380144
"[0.1358747529167946, 0.8279782882574214, -0.9220269412516039, 0.1513085362284757]",23.521256724028788,6.022302675615851
"[0.13610355376977323, 0.828130073234842, -0.921814533975592, 0.15150063745496486]",23.516678933255733,6.025445839851559
"[0.13633139914522174, 0.8282810993471875, -0.9216031152022903, 0.1516917894796215]",23.512090559058148,6.028589004087267
"[0.13655828545315063, 0.8284313659215594, -0.9213926868387189, 0.15188199133889488]",23.507491658840205,6.031732168322974
"[0.1367842086414627, 0.828580871976889, -0.921183251223291, 0.15207124167821978]",23.50288230565484,6.034875332558682
"[0.13700916455757217, 0.8287296164641416, -0.9209748107898478, 0.1522595390559991]",23.498262565185772,6.03801849679439
"[0.137233150159397, 0.8288775990662693, -0.9207673669461908, 0.15244688295635378]",23.49363250457823,6.041161661030097
"[0.13745616077183828, 0.8290248183847926, -0.9205609226156533, 0.15263327149344375]",23.48899220283367,6.044304825265805
"[0.13767819293560551, 0.8291712738224563, -0.9203554795982558, 0.15281870379484738]",23.48434172550082,6.047447989501513
"[0.13789924335513384, 0.8293169648868067, -0.9201510395461611, 0.15300317912002967]",23.479681150368574,6.05059115373722
"[0.13811930828593008, 0.8294618907864002, -0.9199476045302811, 0.15318669634906865]",23.47501055188026,6.053734317972928
"[0.13833838434965792, 0.8296060509680735, -0.9197451762863833, 0.15336925466295334]",23.470330006931977,6.056877482208636
"[0.13855646795524998, 0.8297494447354534, -0.9195437567504311, 0.1535508530605435]",23.46563959887665,6.060020646444343
"[0.13877355595286076, 0.8298920716789374, -0.9193433474545956, 0.15373149090311816]",23.460939402276075,6.063163810680051
"[0.138989644835607, 0.830033931150663, -0.9191439502646379, 0.15391116724948686]",23.45622950151541,6.066306974915759
"[0.13920473197057093, 0.8301750230725711, -0.9189455662440458, 0.1540898818794798]",23.451509975596082,6.069450139151466
"[0.13941881371822673, 0.8303153467019574, -0.9187481973892319, 0.15426763373042188]",23.44678091434518,6.072593303387174
"[0.13963188724973208, 0.830454901823782, -0.918551844953189, 0.1544444224073625]",23.442042399312967,6.075736467622882
"[0.13984394976940911, 0.8305936882399204, -0.9183565101631967, 0.15462024753621215]",23.4372945225492,6.078879631858589
"[0.140054998016648, 0.8307317054434337, -0.9181621946794106, 0.15479510835107047]",23.432537368539364,6.082022796094297
"[0.14026502956450757, 0.8308689534679554, -0.9179688993990865, 0.15496900477034986]",23.427771029172472,6.085165960330005
"[0.14047404145121098, 0.8310054319923358, -0.9177766257169029, 0.15514193626245476]",23.422995595996223,6.088309124565712
"[0.14068203112434272, 0.8311411409577647, -0.9175853746558905, 0.1553139026276901]",23.418211163695947,6.09145228880142
"[0.14088899607455158, 0.8312760803280045, -0.9173951472048567, 0.15548490369451975]",23.413417822638852,6.094595453037128
"[0.14109493376591276, 0.8314102500439063, -0.9172059443824468, 0.15565493926194504]",23.408615666869874,6.097738617272835
"[0.14129984179889024, 0.8315436501294989, -0.9170177670874791, 0.15582400923397496]",23.403804801624325,6.1008817815085425
"[0.14150371784811078, 0.8316762806511732, -0.9168306161563232, 0.15599211356793283]",23.39898531908176,6.104024945744251
"[0.14170655960149928, 0.8318081416779272, -0.9166444924188922, 0.1561592522241004]",23.394157320364112,6.107168109979958
"[0.14190836508130886, 0.8319392334897804, -0.9164593964042815, 0.15632542542992386]",23.389320907738004,6.1103112742156656
"[0.1421091320415059, 0.832069556185934, -0.9162753288937846, 0.15649063318336817]",23.38447618379502,6.113454438451374
"[0.14230885843986193, 0.8321991099915034, -0.9160922904878303, 0.15665487564173483]",23.379623248315724,6.116597602687081
"[0.14250754233045634, 0.8323278951873694, -0.9159102817048217, 0.15681815303278654]",23.374762212949165,6.119740766922789
"[0.14270518201385826, 0.8324559122071866, -0.9157293028438219, 0.15698046577778021]",23.369893180365914,6.122883931158497
"[0.14290177566557496, 0.8325831613963967, -0.9155493543250294, 0.15714181418596665]",23.365016255944223,6.126027095394204
"[0.14309732171798414, 0.8327096432594621, -0.9153704363401564, 0.15730219876808227]",23.360131551251005,6.129170259629912
"[0.1432918182468763, 0.832835358062899, -0.9151925494138499, 0.15746161973300915]",23.355239177367544,6.13231342386562
"[0.14348526413418516, 0.8329603065868356, -0.915015693340233, 0.15762007794084582]",23.350339243483315,6.135456588101327
"[0.1436776575912987, 0.8330844891703838, -0.9148398685335992, 0.1577775736923562]",23.345431868276627,6.138599752337035
"[0.14386899769987907, 0.8332079067066491, -0.9146650746198994, 0.15793410799086438]",23.34051715523024,6.141742916572742
"[0.1440592825699102, 0.8333305594539359, -0.9144913121199639, 0.15808968103455234]",23.335595229777976,6.14488608080845
"[0.14424851150110785, 0.8334524484296564, -0.9143185804751781, 0.15824429398443557]",23.330666201881474,6.148029245044158
"[0.14443668344633043, 0.8335735744189662, -0.9141468794513763, 0.15839794770701987]",23.325730192207704,6.151172409279865
"[0.1446237970745274, 0.8336939380160129, -0.9139762090808066, 0.15855064282656392]",23.32078731343878,6.154315573515572
"[0.14480985150196082, 0.8338135400944537, -0.9138065689950371, 0.15870238032198133]",23.315837694106804,6.157458737751281
"[0.14499484588744418, 0.8339323815465683, -0.9136379587945521, 0.15885316119594242]",23.310881448919623,6.160601901986988
"[0.14517877963960038, 0.8340504634162091, -0.9134703778599971, 0.1590029866435797]",23.305918702634187,6.163745066222695
"[0.14536165199941434, 0.834167786630535, -0.9133038257327096, 0.1591518577121617]",23.300949574659573,6.166888230458403
"[0.14554346215636224, 0.8342843520748425, -0.9131383020086903, 0.15929977539600823]",23.295974192897905,6.170031394694111
"[0.1457242099352369, 0.8344001610325932, -0.912973805713543, 0.15944674119492583]",23.290992682603324,6.173174558929818
"[0.14590389442569723, 0.8345152143069227, -0.9128103365500349, 0.15959275599941075]",23.286005166325197,6.176317723165526
"[0.14608251591031465, 0.8346295134554794, -0.912647893143775, 0.15973782165780123]",23.281011775629064,6.179460887401234
"[0.14626007339658512, 0.8347430592103208, -0.912486475288359, 0.15988193897092037]",23.276012636731178,6.182604051636941
"[0.14643656718131595, 0.834855853118844, -0.9123260816132297, 0.16002510977473253]",23.271007875451446,6.185747215872649
"[0.1466119970891011, 0.8349678964165097, -0.9121667111857128, 0.16016733550965565]",23.265997626905765,6.188890380108356
"[0.14678636305431184, 0.8350791903991903, -0.9120083629817798, 0.16030861769315094]",23.2609820169651,6.192033544344064
"[0.14695966517084974, 0.8351897364547258, -0.9118510358410205, 0.16044895795980818]",23.25596118106444,6.195176708579772
"[0.1471319033126857, 0.8352995358207889, -0.9116947288111691, 0.16058835775398678]",23.250935251368023,6.198319872815479
"[0.14730307806847917, 0.8354085901806373, -0.9115394402999764, 0.1607268190861803]",23.245904359431005,6.201463037051187
"[0.14747318969017126, 0.8355169009925051, -0.9113851690296259, 0.16086434368168087]",23.240868641940075,6.204606201286895
"[0.14764223823073108, 0.8356244695779574, -0.9112319139112955, 0.16100093309269006]",23.23582823202167,6.207749365522602
"[0.1478102245834247, 0.8357312977829808, -0.9110796731031304, 0.16113658953782017]",23.230783267517207,6.21089252975831
"[0.14797714907872117, 0.8358373870849819, -0.910928445282401, 0.1612713147681873]",23.225733882723695,6.214035693994018
"[0.148143012280859, 0.8359427390996963, -0.910778228923307, 0.16140511071109376]",23.220680216277877,6.217178858229725
"[0.14830781502423537, 0.8360473556039097, -0.9106290222643315, 0.16153797949892812]",23.215622404708533,6.220322022465433
"[0.14847155809395043, 0.836151238332357, -0.9104808235976881, 0.16166992321128218]",23.21056059001526,6.223465186701141
"[0.1486342423276165, 0.8362543890424332, -0.9103336311770818, 0.16180094395712136]",23.205494905653236,6.226608350936848
"[0.14879586889168323, 0.836356809689195, -0.910187442967844, 0.16193104409710946]",23.20042549652558,6.229751515172556
"[0.14895643838268705, 0.8364585018557747, -0.9100422574598708, 0.1620602255201126]",23.195352501378153,6.232894679408264
"[0.14911595215766885, 0.8365594675963385, -0.909898072464364, 0.16218849071399064]",23.19027606365335,6.236037843643971
"[0.1492744115297908, 0.8366597089260709, -0.909754885841602, 0.16231584211778624]",23.185196317551203,6.239181007879679
"[0.14943181746502868, 0.8367592276295873, -0.9096126957747697, 0.16244228187831458]",23.180113414007604,6.242324172115387
"[0.14958817156288978, 0.8368580258811704, -0.9094714998838945, 0.16256781263815753]",23.17502749207868,6.245467336351094
"[0.14974347516555844, 0.8369561056812439, -0.9093312960307992, 0.16269243681975135]",23.16993869245121,6.248610500586802
"[0.1498977297295493, 0.8370534690914204, -0.9091920819833099, 0.16281615692401466]",23.16484715792868,6.25175366482251
"[0.15005093667820055, 0.8371501181413339, -0.9090538555484178, 0.16293897541198324]",23.159753036133775,6.254896829058217
"[0.15020309790457964, 0.8372460551457642, -0.908916614118642, 0.16306089510782207]",23.154656471714606,6.258039993293925
"[0.15035421504774982, 0.8373412822479613, -0.9087803553250781, 0.16318191861852338]",23.149557603396538,6.261183157529633
"[0.15050429011689445, 0.8374358018131285, -0.9086450764744796, 0.16330204883396948]",23.144456582176367,6.26432632176534
"[0.15065332459047812, 0.8375296158609647, -0.9085107753613473, 0.16342128820574273]",23.139353547883086,6.267469486001048
"[0.15080132055323414, 0.8376227267817642, -0.9083774492430239, 0.16353963965726578]",23.134248651960714,6.270612650236756
"[0.15094828013734202, 0.8377151369841835, -0.9082450953436324, 0.16365710613617057]",23.129142031144603,6.273755814472463
"[0.1510942053929042, 0.8378068488138583, -0.908113710970667, 0.16377369051085297]",23.124033837541266,6.276898978708171
"[0.15123909818297793, 0.8378978644876991, -0.9079832936092809, 0.16388939548692816]",23.1189242158705,6.280042142943879
"[0.151382961304815, 0.8379881867980438, -0.9078538399131845, 0.16400422450242325]",23.113813310534997,6.283185307179586
