u,t,theta
"[0.19768013837696122, 0.8659591046183834, -0.8655029016216382, 0.19967858466412605]",17.521869242350487,0.0
"[0.19767512448191815, 0.8659589554627447, -0.865501777050582, 0.19967789413386136]",17.525546156227602,0.003143164235707647
"[0.19767009621588336, 0.8659588058541744, -0.8655006492766649, 0.19967720164229563]",17.52922307014328,0.006286328471415294
"[0.1976650535393966, 0.8659586557912796, -0.865499518291212, 0.1996765071841483]",17.532899971498587,0.009429492707122941
"[0.19765999642862192, 0.8659585052731315, -0.8654983840890542, 0.19967581075629176]",17.53657684882404,0.012572656942830588
"[0.19765492484348407, 0.8659583542983165, -0.8654972466613813, 0.1996751123533621]",17.540253692454677,0.015715821178538234
"[0.1976498387636654, 0.8659582028660073, -0.8654961060038144, 0.19967441197271837]",17.543930489461736,0.018858985414245882
"[0.1976447381596914, 0.8659580509751039, -0.865494962109923, 0.1996737096104582]",17.54760722900611,0.02200214964995353
"[0.1976396229945192, 0.8659578986242789, -0.8654938149715797, 0.19967300526163856]",17.551283900207896,0.025145313885661175
"[0.1976344932379752, 0.8659577458124081, -0.8654926645821986, 0.19967229892226354]",17.55496049245902,0.02828847812136882
"[0.1976293488637298, 0.865957592538481, -0.8654915109360575, 0.19967159058886685]",17.558636992117936,0.03143164235707647
"[0.19762418983844193, 0.8659574388012767, -0.865490354025862, 0.1996708802570177]",17.56231339330763,0.03457480659278411
"[0.19761901614968094, 0.8659572846001965, -0.8654891938490087, 0.19967016792516568]",17.565989678662692,0.037717970828491765
"[0.197613827747503, 0.8659571299335216, -0.865488030394482, 0.19966945358659605]",17.56966584039882,0.04086113506419941
"[0.19760862460868053, 0.8659569748003293, -0.8654868636572594, 0.19966873723827294]",17.57334186833232,0.04400429929990706
"[0.19760340670116877, 0.8659568191994318, -0.8654856936303411, 0.1996680188759486]",17.57701774793145,0.047147463535614706
"[0.1975981740045326, 0.8659566631299872, -0.8654845203093332, 0.19966729849697284]",17.58069347054532,0.05029062777132235
"[0.1975929264866256, 0.865956506590802, -0.865483343687215, 0.1996665760970852]",17.584369024127433,0.05343379200703
"[0.19758766412839449, 0.8659563495810731, -0.8654821637599037, 0.19966585167382825]",17.588044399153805,0.05657695624273764
"[0.19758238687389093, 0.8659561920988947, -0.8654809805150445, 0.19966512521966673]",17.591719582443037,0.05972012047844529
"[0.19757709471501889, 0.8659560341437873, -0.8654797939510132, 0.19966439673365324]",17.595394563857358,0.06286328471415294
"[0.19757178763982897, 0.8659558757151564, -0.8654786040653226, 0.19966366621431042]",17.599069331447208,0.06600644894986059
"[0.19756646558938476, 0.8659557168110021, -0.865477410844951, 0.19966293365369495]",17.60274387421446,0.06914961318556823
"[0.19756112854587635, 0.8659555574305523, -0.8654762142860994, 0.19966219904952454]",17.606418184031558,0.07229277742127588
"[0.19755577649033032, 0.8659553975729982, -0.8654750143847085, 0.19966146239935803]",17.610092246317397,0.07543594165698353
"[0.19755040938883353, 0.8659552372370838, -0.8654738111333706, 0.19966072369869878]",17.6137660521639,0.07857910589269117
"[0.19754502720632308, 0.8659550764215174, -0.8654726045244215, 0.1996599829428928]",17.617439587706073,0.08172227012839882
"[0.19753962993470955, 0.8659549151258117, -0.8654713945562447, 0.1996592401309996]",17.62111284660913,0.08486543436410646
"[0.19753421754265577, 0.865954753348784, -0.865470181222013, 0.19965849525887971]",17.62478581368891,0.08800859859981412
"[0.19752878998383863, 0.8659545910888021, -0.8654689645115415, 0.1996577483203319]",17.62845847996858,0.09115176283552176
"[0.19752334724840298, 0.8659544283453227, -0.8654677444228209, 0.19965699931417516]",17.63213083369177,0.09429492707122941
"[0.19751788931827793, 0.865954265117555, -0.8654665209520007, 0.1996562482380987]",17.635802864957963,0.09743809130693705
"[0.19751241614941356, 0.8659541014039313, -0.8654652940894088, 0.19965549508621713]",17.639474562213017,0.1005812555426447
"[0.19750692771947498, 0.8659539372035309, -0.8654640638302409, 0.19965473985563484]",17.643145914927306,0.10372441977835235
"[0.1975014240128605, 0.8659537725156338, -0.8654628301712038, 0.19965398254438294]",17.64681691211912,0.10686758401406
"[0.19749590498906516, 0.8659536073387738, -0.8654615931034232, 0.1996532231470667]",17.650487543337494,0.11001074824976764
"[0.19749037063483169, 0.8659534416722982, -0.8654603526241323, 0.19965246166204242]",17.654157795488928,0.11315391248547528
"[0.19748482092422434, 0.8659532755151743, -0.865459108727725, 0.19965169808592134]",17.657827659348367,0.11629707672118293
"[0.19747925583550976, 0.8659531088664937, -0.865457861409537, 0.19965093241589502]",17.66149712296557,0.11944024095689058
"[0.1974736753222207, 0.8659529417246055, -0.8654566106593613, 0.1996501646457528]",17.665166180716884,0.12258340519259824
"[0.19746807938034708, 0.8659527740891297, -0.865455356476509, 0.19964939477512553]",17.668834815806115,0.12572656942830587
"[0.19746246798115644, 0.8659526059589444, -0.8654540988547501, 0.19964862280024445]",17.67250302208753,0.12886973366401352
"[0.1974568411020297, 0.8659524373331096, -0.8654528377892265, 0.19964784871818192]",17.676170783947786,0.13201289789972118
"[0.1974511987091408, 0.8659522682103478, -0.865451573272569, 0.19964707252447061]",17.679838096230306,0.13515606213542883
"[0.19744554078835594, 0.8659520985899709, -0.8654503053018231, 0.19964629421735167]",17.68350494315495,0.13829922637113645
"[0.19743986730979585, 0.8659519284708173, -0.8654490338705062, 0.19964551379290235]",17.68717131619667,0.1414423906068441
"[0.197434178256774, 0.8659517578521198, -0.8654477589750937, 0.19964473124901505]",17.690837204997006,0.14458555484255176
"[0.19742847360273927, 0.8659515867328137, -0.8654464806098507, 0.19964394658222623]",17.694502600375426,0.1477287190782594
"[0.19742275331971568, 0.8659514151117914, -0.8654451987687254, 0.19964315978887678]",17.698167490617582,0.15087188331396706
"[0.19741701739069073, 0.8659512429882714, -0.8654439134481221, 0.19964237086681738]",17.701831863834183,0.15401504754967468
"[0.1974112657840152, 0.8659510703610328, -0.8654426246411675, 0.19964157981188577]",17.70549571171815,0.15715821178538233
"[0.19740549848805536, 0.8659508972294536, -0.8654413323454739, 0.1996407866226737]",17.709159021962215,0.16030137602109001
"[0.1973997154767304, 0.8659507235924774, -0.8654400365554177, 0.19963999129578686]",17.712821787496726,0.16344454025679764
"[0.19739391673230583, 0.8659505494492968, -0.865438737267246, 0.19963919382897927]",17.716483992353535,0.1665877044925053
"[0.19738810221724964, 0.8659503747985082, -0.8654374344727708, 0.19963839421728444]",17.720145631183428,0.1697308687282129
"[0.1973822719272418, 0.8659501996397051, -0.8654361281712478, 0.19963759246030222]",17.723806692896876,0.1728740329639206
"[0.19737642582975712, 0.865950023971632, -0.8654348183556132, 0.19963678855375608]",17.72746716505756,0.17601719719962824
"[0.19737056390718774, 0.8659498477934802, -0.8654335050221467, 0.19963598249542142]",17.73112703971496,0.17916036143533587
"[0.19736468613628452, 0.8659496711042703, -0.865432188165865, 0.19963517428229846]",17.73478630503936,0.18230352567104352
"[0.1973587924975699, 0.8659494939031355, -0.8654308677826311, 0.19963436391190725]",17.73844495033069,0.18544668990675117
"[0.1973528829700665, 0.8659493161891616, -0.8654295438679728, 0.19963355138156214]",17.742102969875692,0.18858985414245882
"[0.19734695753540962, 0.8659491379615126, -0.8654282164180042, 0.19963273668893822]",17.745760348165682,0.19173301837816648
"[0.19734101617440308, 0.8659489592193264, -0.8654268854286542, 0.19963191983159626]",17.749417075796856,0.1948761826138741
"[0.19733505885994754, 0.8659487799615008, -0.8654255508940821, 0.19963110080601207]",17.753073147553707,0.19801934684958175
"[0.1973290855717268, 0.8659486001871375, -0.8654242128099682, 0.19963027960959456]",17.756728548252262,0.2011625110852894
"[0.1973230962990825, 0.8659484198956271, -0.8654228711741567, 0.19962945624108133]",17.760383270982658,0.20430567532099703
"[0.1973170910119589, 0.8659482390857753, -0.8654215259801483, 0.19962863069654418]",17.764037303976497,0.2074488395567047
"[0.19731106970348686, 0.8659480577570842, -0.8654201772266376, 0.19962780297524343]",17.767690638928077,0.21059200379241236
"[0.1973050323390294, 0.8659478759082191, -0.8654188249061013, 0.19962697307262273]",17.771343263391305,0.21373516802812
"[0.19729897891323112, 0.8659476935387252, -0.8654174690175751, 0.1996261409881525]",17.774995169560643,0.21687833226382763
"[0.19729290940227695, 0.8659475106475915, -0.8654161095559618, 0.19962530671876552]",17.778646349400933,0.22002149649953529
"[0.19728682377401113, 0.8659473272335533, -0.8654147465142965, 0.19962447026024982]",17.782296789407724,0.22316466073524294
"[0.19728072203223743, 0.865947143296429, -0.8654133798936698, 0.19962363161333635]",17.78594648490992,0.22630782497095056
"[0.19727460414470976, 0.8659469588349487, -0.8654120096870984, 0.19962279077380296]",17.789595420198296,0.2294509892066582
"[0.19726847009650705, 0.8659467738483639, -0.8654106358914809, 0.19962194773980851]",17.793243590822055,0.23259415344236586
"[0.19726231987638326, 0.8659465883360359, -0.8654092585045401, 0.19962110251001808]",17.796890981881933,0.23573731767807354
"[0.19725615346211878, 0.8659464022969934, -0.8654078775215414, 0.19962025508158968]",17.80053759038619,0.23888048191378117
"[0.19724997083052342, 0.8659462157302346, -0.8654064929375342, 0.1996194054515489]",17.804183402329517,0.24202364614948882
"[0.19724377196349094, 0.8659460286349101, -0.8654051047487082, 0.1996185536176204]",17.807828413187945,0.24516681038519647
"[0.19723755686341146, 0.8659458410107874, -0.8654037129558427, 0.19961769958034697]",17.811472606198226,0.2483099746209041
"[0.1972313254870041, 0.865945652856255, -0.8654023175494916, 0.19961684333399587]",17.815115976099868,0.25145313885661175
"[0.19722507785132234, 0.8659454641715212, -0.8654009185337201, 0.19961598488112525]",17.818758514995075,0.2545963030923194
"[0.19721881390527124, 0.8659452749547352, -0.8653995158973341, 0.19961512421493138]",17.822400211736518,0.25773946732802705
"[0.1972125336483675, 0.8659450852055736, -0.8653981096404739, 0.1996142613355646]",17.826041055699246,0.2608826315637347
"[0.1972062370587965, 0.8659448949230675, -0.8653966997585042, 0.19961339624024543]",17.82968104275943,0.26402579579944235
"[0.19719992413471132, 0.86594470410685, -0.8653952862512613, 0.19961252892893905]",17.833320158102012,0.26716896003515
"[0.19719359484359117, 0.865944512755626, -0.8653938691117147, 0.1996116593973967]",17.83695839734964,0.27031212427085766
"[0.1971872491840959, 0.865944320869042, -0.8653924483398163, 0.19961078764565474]",17.840595746547677,0.2734552885065653
"[0.19718088713448229, 0.8659441284461263, -0.8653910239309509, 0.19960991367094644]",17.844232202988454,0.2765984527422729
"[0.1971745086777225, 0.8659439354860483, -0.8653895958815596, 0.19960903747115447]",17.84786775233576,0.27974161697798056
"[0.1971681138008276, 0.8659437419880988, -0.8653881641889892, 0.19960815904471718]",17.851502389957524,0.2828847812136882
"[0.1971617024894365, 0.8659435479515253, -0.8653867288502799, 0.19960727838988523]",17.855136104770672,0.28602794544939586
"[0.19715527474131012, 0.8659433533759417, -0.8653852898651868, 0.19960639550657475]",17.858768886377955,0.2891711096851035
"[0.1971488305290572, 0.8659431582601991, -0.8653838472278349, 0.19960551039124802]",17.86240072885689,0.29231427392081116
"[0.19714236982531885, 0.8659429626031478, -0.8653824009323575, 0.19960462304037335]",17.86603162321331,0.2954574381565188
"[0.19713589265241316, 0.8659427664051423, -0.8653809509840105, 0.19960373345724183]",17.869661557366367,0.29860060239222647
"[0.19712939897598974, 0.865942569664819, -0.8653794973753636, 0.1996028416373628]",17.87329053131703,0.3017437666279341
"[0.19712288877612577, 0.8659423723812498, -0.8653780401022179, 0.1996019475782279]",17.876918527123888,0.30488693086364177
"[0.19711636205882924, 0.8659421745542921, -0.8653765791661802, 0.19960105128089076]",17.880545543074238,0.30803009509934937
"[0.1971098187878816, 0.8659419761825216, -0.8653751145594056, 0.19960015274060686]",17.884171564589586,0.311173259335057
"[0.19710325897400235, 0.8659417772659356, -0.8653736462845569, 0.19959925195907863]",17.887796588529003,0.31431642357076467
"[0.19709668258461602, 0.8659415778032182, -0.8653721743346074, 0.1995983489320631]",17.891420605951463,0.3174595878064724
"[0.19709008961811378, 0.8659413777939909, -0.8653706987094619, 0.19959744365957122]",17.89504360750247,0.32060275204218003
"[0.19708348007379498, 0.8659411772379019, -0.8653692194092294, 0.19959653614173914]",17.898665585463178,0.3237459162778876
"[0.1970768539307791, 0.8659409761339864, -0.8653677364295037, 0.19959562637593253]",17.902286530055285,0.3268890805135953
"[0.19707021116703025, 0.8659407744812423, -0.8653662497656203, 0.19959471435936005]",17.905906436387173,0.3300322447493029
"[0.19706355178333632, 0.8659405722793602, -0.8653647594180245, 0.19959380009236383]",17.909525291405277,0.3331754089850106
"[0.19705687575912104, 0.8659403695273801, -0.8653632653823806, 0.19959288357235477]",17.91314309500405,0.33631857322071823
"[0.1970501831066313, 0.8659401662253384, -0.8653617676616998, 0.19959196480124985]",17.916759830666283,0.3394617374564258
"[0.19704347379136228, 0.86593996237185, -0.8653602662485312, 0.19959104377454914]",17.920375498998993,0.3426049016921335
"[0.19703674779842512, 0.8659397579661243, -0.8653587611398152, 0.19959012049044617]",17.923990085137245,0.3457480659278412
"[0.1970300051482612, 0.8659395530084436, -0.865357252340399, 0.19958919495198493]",17.927603585671818,0.34889123016354884
"[0.19702324580579117, 0.8659393474974016, -0.8653557398427063, 0.1995882671545893]",17.93121598927492,0.3520343943992565
"[0.19701646976800619, 0.8659391414325656, -0.8653542236463384, 0.19958733709808577]",17.934827294424885,0.3551775586349641
"[0.19700967703524466, 0.8659389348136038, -0.8653527037516464, 0.19958640478276124]",17.938437485128237,0.35832072287067174
"[0.19700286758212857, 0.8659387276394009, -0.8653511801532279, 0.19958547020537373]",17.942046562193447,0.3614638871063794
"[0.1969960414062547, 0.8659385199095398, -0.8653496528508224, 0.19958453336583487]",17.945654514843156,0.36460705134208704
"[0.19698919849872554, 0.8659383116234043, -0.865348121842717, 0.19958359426316646]",17.949261335788087,0.3677502155777947
"[0.1969823388553091, 0.8659381027805194, -0.8653465871282436, 0.1995826528970306]",17.952867013959356,0.37089337981350234
"[0.1969754624647395, 0.8659378933801946, -0.8653450487051609, 0.19958170926612542]",17.95647154797744,0.37403654404921
"[0.19696856932195198, 0.8659376834219273, -0.8653435065726162, 0.1995807633700006]",17.96007492925059,0.37717970828491765
"[0.19696165941626628, 0.8659374729050433, -0.8653419607285012, 0.19957981520743565]",17.963677148667436,0.3803228725206253
"[0.1969547327343336, 0.8659372618287853, -0.8653404111701117, 0.19957886477684506]",17.967278200700413,0.38346603675633295
"[0.19694778927246104, 0.8659370501926892, -0.8653388578969043, 0.19957791207796882]",17.970878075952893,0.38660920099204055
"[0.19694082903163107, 0.8659368379964326, -0.8653373009093824, 0.19957695711118953]",17.974476771549586,0.3897523652277482
"[0.19693385200131458, 0.8659366252393415, -0.865335740205475, 0.19957599987531036]",17.97807427798839,0.3928955294634559
"[0.19692685816225214, 0.8659364119204735, -0.8653341757811589, 0.1995750403679383]",17.9816705897975,0.3960386936991635
"[0.1969198475250005, 0.865936198039796, -0.865332607639082, 0.19957407859077048]",17.98526569847894,0.39918185793487115
"[0.1969128200773216, 0.865935983596579, -0.8653310357767935, 0.19957311454237867]",17.988859600037628,0.4023250221705788
"[0.19690577580509103, 0.865935768590034, -0.8653294601914217, 0.19957214822107633]",17.992452284403104,0.40546818640628646
"[0.196898714722307, 0.8659355530202298, -0.8653278808863858, 0.19957117962903506]",17.996043748161348,0.40861135064199405
"[0.1968916368019004, 0.8659353368859813, -0.865326297855921, 0.19957020876279377]",17.999633983093425,0.41175451487770176
"[0.19688454204165626, 0.8659351201868598, -0.8653247110998215, 0.1995692356223021]",18.003222982875155,0.4148976791134094
"[0.19687743045197906, 0.8659349029228222, -0.8653231206207053, 0.19956826020924087]",18.006810741231767,0.418040843349117
"[0.19687030201318742, 0.8659346850929049, -0.8653215264144624, 0.1995672825211645]",18.01039725320751,0.4211840075848247
"[0.19686315673147892, 0.8659344666969342, -0.8653199284827708, 0.19956630255917807]",18.013982511104132,0.4243271718205323
"[0.19685599458169503, 0.8659342477337768, -0.8653183268202977, 0.19956532032008725]",18.01756651053146,0.42747033605624
"[0.19684881558905934, 0.8659340282038387, -0.8653167214329776, 0.19956433580760718]",18.02114923992576,0.4306135002919476
"[0.1968416197245375, 0.8659338081058662, -0.8653151123146123, 0.19956334901801318]",18.024730701341348,0.43375666452765527
"[0.19683440700279856, 0.8659335874399405, -0.8653134994687774, 0.1995623599535749]",18.028310883845013,0.43689982876336286
"[0.19682717740082994, 0.8659333662049901, -0.8653118828906236, 0.19956136861139456]",18.031889782308646,0.44004299299907057
"[0.1968199309326139, 0.8659331444010735, -0.865310262583574, 0.19956037499364862]",18.035467389901694,0.4431861572347783
"[0.19681266758576188, 0.8659329220274418, -0.8653086385451563, 0.19955937909889807]",18.039043704306323,0.4463293214704859
"[0.19680538736256703, 0.8659326990837946, -0.865307010776182, 0.1995583809277173]",18.042618716410153,0.4494724857061935
"[0.19679809025642117, 0.8659324755695577, -0.8653053792754726, 0.19955738047946123]",18.046192421133913,0.4526156499419011
"[0.19679077626683533, 0.8659322514843433, -0.8653037440432184, 0.19955637775432516]",18.049764814614846,0.45575881417760883
"[0.1967834453877146, 0.8659320268275913, -0.865302105078358, 0.1995553727517346]",18.05333588846991,0.4589019784133164
"[0.19677609761971837, 0.8659318015989474, -0.8653004623813401, 0.19955436547204336]",18.05690563919441,0.46204514264902413
"[0.19676873295179956, 0.8659315757976976, -0.8652988159499972, 0.19955335591400022]",18.060474062329043,0.46518830688473173
"[0.196761351397667, 0.8659313494238856, -0.8652971657876968, 0.19955234407974903]",18.064041151688382,0.4683314711204394
"[0.1967539529561549, 0.8659311224770988, -0.8652955118944822, 0.19955132996939431]",18.06760689900137,0.4714746353561471
"[0.1967465376130229, 0.8659308949565221, -0.865293854267474, 0.19955031358124942]",18.071171302388233,0.4746177995918547
"[0.196739105370705, 0.8659306668618515, -0.8652921929075219, 0.19954929491591364]",18.07473435916687,0.47776096382756233
"[0.19673165624094865, 0.8659304381930671, -0.8652905278175572, 0.19954827397526456]",18.078296057551682,0.48090412806326993
"[0.19672419019716914, 0.8659302089489725, -0.8652888589919443, 0.19954725075592505]",18.08185639787384,0.48404729229897764
"[0.19671670726635862, 0.8659299791300145, -0.8652871864370236, 0.19954622526186264]",18.085415374515904,0.48719045653468523
"[0.19670920743398584, 0.8659297487353648, -0.8652855101498557, 0.1995451974913538]",18.088972980354768,0.49033362077039294
"[0.19670169070212357, 0.8659295177647031, -0.8652838301312117, 0.19954416744495182]",18.092529212497002,0.49347678500610054
"[0.19669415706113297, 0.8659292862173491, -0.8652821463792472, 0.19954313512160574]",18.096084065422016,0.4966199492418082
"[0.19668660653056957, 0.8659290540935188, -0.8652804588986429, 0.19954210052426516]",18.09963753365042,0.4997631134775159
"[0.1966790391008172, 0.8659288213925304, -0.8652787676875601, 0.19954106365188362]",18.103189615979346,0.5029062777132235
"[0.1966714547696827, 0.8659285881139297, -0.8652770727458204, 0.19954002450443153]",18.106740302922425,0.5060494419489312
"[0.196663853547169, 0.8659283542576369, -0.8652753740759715, 0.19953898308355167]",18.110289595248002,0.5091926061846388
"[0.19665623542511199, 0.8659281198230122, -0.8652736716765017, 0.1995379393883977]",18.113837483316583,0.5123357704203465
"[0.19664860041465762, 0.865927884810009, -0.865271965550215, 0.19953689342077036]",18.11738396805438,0.5154789346560541
"[0.19664094851276817, 0.8659276492181438, -0.8652702556967468, 0.1995358451805269]",18.120929041545462,0.5186220988917617
"[0.1966332797148918, 0.8659274130468854, -0.8652685421153948, 0.199534794667318]",18.124472699323512,0.5217652631274694
"[0.19662559402350904, 0.8659271762959182, -0.8652668248070292, 0.19953374188175824]",18.128014940119908,0.524908427363177
"[0.19661789146151024, 0.865926938965555, -0.8652651037770805, 0.19953268682725883]",18.131555755106437,0.5280515915988847
"[0.19661017199797423, 0.865926701054449, -0.8652633790189567, 0.19953162949986034]",18.135095148946913,0.5311947558345923
"[0.1966024356625793, 0.8659264625631211, -0.8652616505396065, 0.19953056990390414]",18.138633110259516,0.5343379200703
"[0.19659468243923933, 0.8659262234906799, -0.8652599183357537, 0.19952950803746441]",18.1421696367633,0.5374810843060076
"[0.19658691235719666, 0.8659259838376315, -0.8652581824142506, 0.19952844390482347]",18.145704725750875,0.5406242485417153
"[0.1965791253899094, 0.8659257436027604, -0.8652564427694867, 0.19952737750262467]",18.149238371966593,0.5437674127774229
"[0.1965713215522032, 0.8659255027861267, -0.8652546994050944, 0.19952630883317704]",18.152770575980966,0.5469105770131306
"[0.1965635008491965, 0.8659252613874896, -0.8652529523225376, 0.19952523789746104]",18.156301325821854,0.5500537412488382
"[0.1965556632904233, 0.8659250194067447, -0.8652512015242678, 0.19952416469706186]",18.159830627551276,0.5531969054845458
"[0.1965478088691705, 0.8659247768432853, -0.8652494470091074, 0.19952308923134035]",18.163358473157754,0.5563400697202535
"[0.19653993760048308, 0.8659245336971746, -0.8652476887807392, 0.19952201150263793]",18.166884858015706,0.5594832339559611
"[0.1965320494649575, 0.8659242899674123, -0.8652459268351527, 0.19952093150857927]",18.1704097804262,0.5626263981916688
"[0.19652414449356825, 0.8659240456545533, -0.8652441611795902, 0.199519849253687]",18.173933239096655,0.5657695624273764
"[0.19651622269203642, 0.8659238007583714, -0.865242391815654, 0.19951876473902688]",18.177455226319733,0.5689127266630841
"[0.19650828404383025, 0.8659235552779524, -0.8652406187399768, 0.19951767796261832]",18.1809757421061,0.5720558908987917
"[0.1965003285675705, 0.8659233092134673, -0.865238841957043, 0.19951658892729432]",18.184494784892298,0.5751990551344994
"[0.19649235626101513, 0.8659230625644416, -0.8652370614666782, 0.19951549763303222]",18.188012347263072,0.578342219370207
"[0.19648436713658532, 0.865922815330854, -0.8652352772719836, 0.19951440408181606]",18.191528429678677,0.5814853836059147
"[0.1964763612038327, 0.8659225675125937, -0.8652334893754194, 0.19951330827523878]",18.195043027445443,0.5846285478416223
"[0.1964683384556972, 0.8659223191090342, -0.8652316977757369, 0.19951221021261978]",18.198556138791105,0.5877717120773299
"[0.19646029890911704, 0.8659220701202924, -0.8652299024770476, 0.199511109896563]",18.20206776258455,0.5909148763130376
"[0.1964522425703961, 0.8659218205461552, -0.8652281034810883, 0.19951000732821722]",18.20557789293517,0.5940580405487452
"[0.19644416942881038, 0.8659215703858804, -0.8652263007857937, 0.19950890250640277]",18.20908652991571,0.5972012047844529
"[0.1964360795113668, 0.8659213196398949, -0.8652244943975251, 0.19950779543510233]",18.21259366820152,0.6003443690201605
"[0.19642797281683877, 0.8659210683077501, -0.8652226843163394, 0.1995066861144361]",18.21609931071112,0.6034875332558682
"[0.19641984934866114, 0.8659208163891404, -0.8652208705433347, 0.19950557454516282]",18.219603450196875,0.6066306974915759
"[0.1964117091309368, 0.8659205638844021, -0.8652190530842252, 0.1995044607308688]",18.22310608337214,0.6097738617272835
"[0.19640355214423505, 0.8659203107925185, -0.8652172319350042, 0.1995033446691856]",18.226607211946675,0.6129170259629911
"[0.19639537840586446, 0.8659200571136138, -0.86521540709987, 0.19950222636277068]",18.23010683403167,0.6160601901986987
"[0.19638718793735194, 0.8659198028479419, -0.8652135785839623, 0.1995011058148594]",18.23360494345504,0.6192033544344064
"[0.19637898073208146, 0.8659195479948822, -0.8652117463861375, 0.19949998302483768]",18.237101542661062,0.622346518670114
"[0.19637075679559762, 0.8659192925541911, -0.8652099105079687, 0.19949885799375558]",18.24059662580257,0.6254896829058217
"[0.19636251615759456, 0.8659190365263756, -0.8652080709564199, 0.19949773072596594]",18.244090190624906,0.6286328471415293
"[0.19635425880171775, 0.8659187799105103, -0.8652062277281757, 0.19949660121952423]",18.24758224327034,0.631776011377237
"[0.1963459847475615, 0.8659185227067867, -0.8652043808279467, 0.19949546947740304]",18.25107277106182,0.6349191756129448
"[0.19633769398758122, 0.8659182649145521, -0.8652025302543854, 0.19949433549886317]",18.254561780381025,0.6380623398486523
"[0.19632938655583473, 0.8659180065344465, -0.8652006760154314, 0.19949319928885706]",18.25804926588751,0.6412055040843601
"[0.19632106245334596, 0.865917747566083, -0.865198818111651, 0.19949206084781748]",18.261535225829483,0.6443486683200677
"[0.19631272168043154, 0.865917488009051, -0.8651969565434531, 0.19949092017608278]",18.265019661674238,0.6474918325557752
"[0.19630436425168168, 0.865917227863384, -0.8651950913144327, 0.19948977727594275]",18.26850256829551,0.6506349967914828
"[0.1962959901848403, 0.8659169671292134, -0.8651932224288897, 0.19948863215011856]",18.271983944863162,0.6537781610271906
"[0.1962875994726414, 0.865916705805891, -0.865191349885542, 0.19948748479791253]",18.275463791838998,0.6569213252628981
"[0.1962791921368033, 0.8659164438936707, -0.8651894736895771, 0.19948633522258977]",18.278942110012995,0.6600644894986059
"[0.1962707681841457, 0.8659161813923422, -0.8651875938428571, 0.1994851834253799]",18.282418891376356,0.6632076537343136
"[0.19626232761569512, 0.8659159183015134, -0.8651857103459529, 0.19948402940671947]",18.28589414346335,0.6663508179700212
"[0.19625387046441928, 0.8659156546217882, -0.8651838232065628, 0.19948287317141297]",18.289367859194456,0.6694939822057289
"[0.19624539670975505, 0.8659153903521006, -0.8651819324204405, 0.19948171471694673]",18.29284004204742,0.6726371464414365
"[0.19623690638720362, 0.8659151254931324, -0.8651800379958503, 0.19948055404847198]",18.296310683714033,0.6757803106771441
"[0.19622839949489476, 0.8659148600443994, -0.8651781399327181, 0.1994793911660312]",18.299779792134665,0.6789234749128517
"[0.19621987604960356, 0.8659145940059984, -0.8651762382351301, 0.19947822607221644]",18.303247360175835,0.6820666391485594
"[0.19621133606399482, 0.8659143273778981, -0.8651743329062563, 0.19947705876905747]",18.306713390187294,0.685209803384267
"[0.196202779545952, 0.8659140601599166, -0.8651724239481998, 0.19947588925793158]",18.31017788224599,0.6883529676199747
"[0.19619420650148547, 0.8659137923518143, -0.8651705113626468, 0.19947471753995974]",18.313640831530634,0.6914961318556824
"[0.19618561694872463, 0.8659135239537279, -0.8651685951539867, 0.19947354361792052]",18.31710224157075,0.69463929609139
"[0.196177010894743, 0.86591325496545, -0.865166675324144, 0.1994723674930803]",18.320562112923803,0.6977824603270977
"[0.19616838835100125, 0.8659129853869088, -0.8651647518760213, 0.19947118916730694]",18.32402043879549,0.7009256245628053
"[0.19615974933438682, 0.8659127152182019, -0.8651628248137322, 0.1994700086432089]",18.3274772251375,0.704068788798513
"[0.19615109384937318, 0.8659124444590386, -0.8651608941386218, 0.1994688259216995]",18.330932469804324,0.7072119530342206
"[0.19614242191661085, 0.8659121731096338, -0.8651589598556443, 0.19946764100590186]",18.33438617673646,0.7103551172699282
"[0.19613373354529065, 0.8659119011698436, -0.8651570219671971, 0.19946645389737402]",18.337838334105292,0.7134982815056359
"[0.19612502874614235, 0.8659116286395704, -0.865155080476022, 0.19946526459788597]",18.34128895371417,0.7166414457413435
"[0.19611630753263434, 0.8659113555188039, -0.8651531353854717, 0.19946407310957942]",18.344738030105063,0.7197846099770512
"[0.1961075699056093, 0.8659110818071375, -0.8651511866960829, 0.1994628794328729]",18.34818556451105,0.7229277742127588
"[0.19609881589996547, 0.8659108075052299, -0.8651492344159892, 0.19946168357283814]",18.351631557375253,0.7260709384484665
"[0.19609004550751694, 0.8659105326123911, -0.8651472785437143, 0.19946048552866]",18.35507601081904,0.7292141026841741
"[0.1960812587606982, 0.8659102571292024, -0.8651453190868419, 0.19945928530507412]",18.35851891935484,0.7323572669198818
"[0.19607245566257397, 0.8659099810553252, -0.8651433560464059, 0.1994580829028033]",18.36196028766198,0.7355004311555894
"[0.1960636362243797, 0.8659097043906762, -0.8651413894252629, 0.19945687832368708]",18.365400113512372,0.738643595391297
"[0.19605480045600646, 0.8659094271351298, -0.8651394192259703, 0.199455671569381]",18.368838401540206,0.7417867596270047
"[0.1960459483841797, 0.8659091492890869, -0.8651374454548388, 0.1994544626438418]",18.37227514910302,0.7449299238627123
"[0.19603708001197043, 0.8659088708522077, -0.8651354681129058, 0.1994532515477944]",18.37571035754101,0.74807308809842
"[0.19602819534907023, 0.8659085918243593, -0.8651334872026843, 0.1994520382828677]",18.379144027309188,0.7512162523341276
"[0.19601929442729416, 0.8659083122061024, -0.865131502731621, 0.19945082285371316]",18.382576161297493,0.7543594165698353
"[0.19601037724031103, 0.8659080319968003, -0.8651295146986575, 0.19944960525977282]",18.38600675315344,0.7575025808055429
"[0.1960014438093026, 0.8659077511966795, -0.8651275231088701, 0.19944838550424607]",18.38943581405483,0.7606457450412506
"[0.19599249415493566, 0.8659074698059506, -0.86512552796722, 0.1994471635902616]",18.39286333636139,0.7637889092769582
"[0.19598352828502402, 0.8659071878244202, -0.865123529275803, 0.19944593951919382]",18.396289324240595,0.7669320735126659
"[0.1959745462074299, 0.8659069052518932, -0.8651215270367275, 0.19944471329242563]",18.399713782613347,0.7700752377483735
"[0.19596554795995108, 0.8659066220891206, -0.8651195212587736, 0.19944348491542332]",18.403136703827194,0.7732184019840811
"[0.19595653352888248, 0.8659063383352301, -0.8651175119392416, 0.1994422543866244]",18.40655809529117,0.7763615662197888
"[0.19594750293810506, 0.8659060539905314, -0.8651154990838106, 0.19944102170959835]",18.40997795679159,0.7795047304554964
"[0.19593845621122957, 0.8659057690553272, -0.8651134826980987, 0.199439786887876]",18.4133962880186,0.7826478946912041
"[0.195929393359584, 0.8659054835295307, -0.865111462784988, 0.19943854992331417]",18.41681309324796,0.7857910589269118
"[0.19592031439045865, 0.8659051974129307, -0.8651094393464592, 0.19943731081721564]",18.420228372016382,0.7889342231626194
"[0.19591121932706643, 0.8659049107058152, -0.8651074123880433, 0.19943606957305954]",18.423642123915002,0.792077387398327
"[0.195902108176939, 0.8659046234079784, -0.8651053819117759, 0.199434826192183]",18.42705435408068,0.7952205516340346
"[0.19589298096452826, 0.8659043355197478, -0.8651033479234637, 0.19943358067823372]",18.43046506222677,0.7983637158697423
"[0.19588383769736908, 0.8659040470409178, -0.865101310425144, 0.19943233303254926]",18.43387425145255,0.80150688010545
"[0.19587467839653336, 0.8659037579717084, -0.8650992694218704, 0.19943108325831635]",18.43728191899555,0.8046500443411576
"[0.1958655030700353, 0.8659034683119282, -0.8650972249157874, 0.19942983135693934]",18.440688071833666,0.8077932085768653
"[0.19585631173969012, 0.8659031780618198, -0.8650951769121149, 0.1994285773317067]",18.44409271148263,0.8109363728125729
"[0.19584710441805553, 0.8659028872213359, -0.8650931254140098, 0.19942732118464182]",18.44749583276258,0.8140795370482805
"[0.19583788112824685, 0.8659025957907603, -0.8650910704269821, 0.19942606291921047]",18.45089744737213,0.8172227012839881
"[0.19582864186466545, 0.86590230376947, -0.8650890119501439, 0.19942480253496117]",18.454297550670884,0.8203658655196959
"[0.19581938667911503, 0.865902011158656, -0.8650869499953967, 0.19942354003927207]",18.457696146744677,0.8235090297554035
"[0.19581011554882963, 0.8659017179571519, -0.8650848845580285, 0.1994222754293507]",18.461093236885763,0.8266521939911111
"[0.1958008285098083, 0.8659014241656491, -0.8650828156464202, 0.19942100871041904]",18.46448882403605,0.8297953582268188
"[0.19579152558232718, 0.8659011297843417, -0.8650807432654493, 0.19941973988555614]",18.46788290963187,0.8329385224625264
"[0.19578220677973124, 0.8659008348132048, -0.8650786674184493, 0.19941846895689466]",18.471275495367085,0.836081686698234
"[0.1957728721049509, 0.8659005392518823, -0.8650765881064345, 0.1994171959251477]",18.47466658567465,0.8392248509339416
"[0.19576352158029214, 0.8659002431006326, -0.8650745053347351, 0.19941592079367051]",18.47805618139613,0.8423680151696494
"[0.19575415523977938, 0.8658999463600849, -0.8650724191112916, 0.19941464356741614]",18.48144428443793,0.845511179405357
"[0.1957447730717173, 0.8658996490294196, -0.865070329433861, 0.19941336424510386]",18.484830898900256,0.8486543436410646
"[0.19573537510974334, 0.8658993511092533, -0.8650682363102973, 0.1994120828316345]",18.48821602423084,0.8517975078767724
"[0.19572596137614418, 0.8658990525998432, -0.8650661397459269, 0.19941079933036068]",18.49159966494288,0.85494067211248
"[0.1957165318681665, 0.8658987535006525, -0.8650640397404995, 0.19940951374122107]",18.494981825618048,0.8580838363481876
"[0.19570708661408706, 0.8658984538121276, -0.8650619363006753, 0.19940822606838596]",18.498362508275076,0.8612270005838952
"[0.19569762562676352, 0.8658981535342261, -0.8650598294296807, 0.1994069363139226]",18.501741711666558,0.8643701648196029
"[0.19568814892630984, 0.865897852667136, -0.865057719132359, 0.19940564448088766]",18.505119442141762,0.8675133290553105
"[0.1956786565251694, 0.8658975512108013, -0.865055605411844, 0.1994043505712928]",18.50849570313808,0.8706564932910181
"[0.19566914844687425, 0.865897249165518, -0.8650534882737401, 0.19940305458866092]",18.511870491566153,0.8737996575267257
"[0.19565962470087772, 0.8658969465311354, -0.8650513677205164, 0.19940175653459527]",18.515243819499737,0.8769428217624335
"[0.19565008531612388, 0.8658966433081209, -0.8650492437589812, 0.19940045641335744]",18.51861567907088,0.8800859859981411
"[0.19564053028894438, 0.8658963394959064, -0.8650471163886829, 0.1993991542247622]",18.52198608639786,0.8832291502338487
"[0.19563095966461022, 0.8658960350954792, -0.8650449856200655, 0.19939784997529567]",18.52535503468183,0.8863723144695566
"[0.1956213734293762, 0.8658957301059493, -0.8650428514504335, 0.1993965436634008]",18.528722529831647,0.8895154787052642
"[0.1956117716275254, 0.8658954245282732, -0.865040713890011, 0.19939523529542794]",18.53208856923423,0.8926586429409717
"[0.19560215424714367, 0.8658951183616185, -0.8650385729365111, 0.19939392487007007]",18.535453170780354,0.8958018071766793
"[0.1955925213281517, 0.8658948116068027, -0.8650364285991862, 0.19939261239308342]",18.538816327150016,0.898944971412387
"[0.19558287287838355, 0.865894504263622, -0.865034280880146, 0.19939129786585186]",18.542178041215365,0.9020881356480946
"[0.19557320891928234, 0.8658941963323058, -0.8650321297845299, 0.1993899812916139]",18.54553832037721,0.9052312998838022
"[0.1955635294725147, 0.8658938878130902, -0.8650299753175261, 0.19938866267363847]",18.548897161215855,0.9083744641195101
"[0.19555383454906689, 0.8658935787058718, -0.865027817481947, 0.1993873420137385]",18.552254579254456,0.9115176283552177
"[0.19554412416115186, 0.8658932690105853, -0.865025656280877, 0.19938601931389566]",18.555610564895726,0.9146607925909253
"[0.19553439833069722, 0.8658929587274755, -0.8650234917195636, 0.1993846945774141]",18.558965132555898,0.9178039568266328
"[0.19552465707336097, 0.8658926478565868, -0.8650213238018581, 0.19938336780674443]",18.562318278073942,0.9209471210623407
"[0.19551490041211073, 0.8658923363981975, -0.8650191525332397, 0.19938203900533188]",18.565670009626388,0.9240902852980483
"[0.19550512836429862, 0.865892024352406, -0.8650169779179365, 0.19938070817585826]",18.569020331542745,0.9272334495337559
"[0.19549534093439697, 0.8658917117188998, -0.8650147999573119, 0.1993793753192499]",18.57236924110962,0.9303766137694635
"[0.1954855381535389, 0.8658913984982175, -0.8650126186586611, 0.19937804044006546]",18.575716749130947,0.9335197780051712
"[0.1954757200407555, 0.8658910846905113, -0.8650104340265865, 0.19937670354121426]",18.579062853912674,0.9366629422408788
"[0.19546588659286812, 0.8658907702952238, -0.8650082460607492, 0.19937536462258182]",18.5824075637045,0.9398061064765864
"[0.19545603785402685, 0.8658904553133101, -0.8650060547713411, 0.19937402369049806]",18.58575088526581,0.9429492707122942
"[0.19544617382206703, 0.8658901397442442, -0.865003860158248, 0.19937268074498732]",18.589092816022138,0.9460924349480018
"[0.19543629452023678, 0.8658898235883136, -0.8650016622270118, 0.19937133578953295]",18.592433361935033,0.9492355991837094
"[0.19542639997805158, 0.8658895068460054, -0.8649994609845669, 0.19936998882847223]",18.59577252570619,0.952378763419417
"[0.19541649018842852, 0.8658891895166365, -0.8649972564297069, 0.19936863986115982]",18.59911031433272,0.9555219276551247
"[0.1954065651930517, 0.8658888716010839, -0.8649950485720735, 0.19936728889358946]",18.6024467341872,0.9586650918908323
"[0.19539662499074303, 0.8658885530988526, -0.8649928374117741, 0.1993659359259194]",18.60578178288317,0.9618082561265399
"[0.1953866696100338, 0.8658882340103992, -0.8649906229555245, 0.19936458096235302]",18.609115467832208,0.9649514203622477
"[0.19537669906052343, 0.8658879143355733, -0.8649884052058295, 0.19936322400451573]",18.612447797056824,0.9680945845979553
"[0.19536671336622366, 0.8658875940746872, -0.8649861841683998, 0.19936186505599526]",18.615778769847466,0.9712377488336629
"[0.19535671253863524, 0.8658872732276509, -0.8649839598461628, 0.19936050411867665]",18.619108390717265,0.9743809130693705
"[0.1953466965993145, 0.8658869517946981, -0.8649817322442832, 0.19935914119581272]",18.622436667806088,0.9775240773050783
"[0.19533666556541007, 0.8658866297759205, -0.8649795013669448, 0.19935777629005702]",18.62576360340649,0.9806672415407859
"[0.19532661945502847, 0.8658863071714404, -0.8649772672185446, 0.1993564094041935]",18.629089200062367,0.9838104057764935
"[0.19531655828590846, 0.8658859839813691, -0.8649750298033978, 0.19935504054095562]",18.632413468735212,0.9869535700122011
"[0.19530648205878387, 0.8658856602052706, -0.8649727891220385, 0.1993536697007631]",18.635736407827206,0.9900967342479088
"[0.19529639081170197, 0.8658853358439083, -0.8649705451832976, 0.19935229688911305]",18.639058021858286,0.9932398984836164
"[0.1952862845591214, 0.8658850108972875, -0.8649682979907612, 0.1993509221082929]",18.642378319289833,0.996383062719324
"[0.19527616331663966, 0.8658846853654504, -0.8649660475482681, 0.19934954536074442]",18.645697305076215,0.9995262269550318
"[0.19526602708244192, 0.8658843592478788, -0.8649637938557863, 0.1993481666465416]",18.649014977001137,1.0026693911907394
"[0.1952558759007183, 0.8658840325455344, -0.8649615369235121, 0.19934678597201577]",18.652331353261697,1.005812555426447
"[0.1952457097827627, 0.8658837052583209, -0.8649592767543277, 0.19934540333902379]",18.655646425620837,1.0089557196621546
"[0.19523552872960115, 0.8658833773858109, -0.8649570133488326, 0.19934401874802637]",18.658960204362735,1.0120988838978624
"[0.19522533276436987, 0.8658830489282889, -0.8649547467125421, 0.19934263220249088]",18.66227269425602,1.01524204813357
"[0.19521512192020943, 0.8658827198863625, -0.8649524768531955, 0.19934124370724526]",18.665583899507084,1.0183852123692776
"[0.19520489619734674, 0.8658823902595776, -0.8649502037712147, 0.19933985326264153]",18.66889382833263,1.0215283766049854
"[0.1951946556123197, 0.8658820600480072, -0.8649479274706483, 0.19933846087124962]",18.67220248376221,1.024671540840693
"[0.1951844001896434, 0.8658817292519803, -0.8649456479573178, 0.19933706653672428]",18.67550986779832,1.0278147050764006
"[0.19517412994405653, 0.8658813978715112, -0.8649433652348713, 0.1993356702613909]",18.67881599007836,1.0309578693121082
"[0.19516384488948169, 0.8658810659065879, -0.8649410793067756, 0.1993342720474639]",18.682120853320043,1.0341010335478158
"[0.19515354504679638, 0.8658807333574227, -0.8649387901780434, 0.19933287189810336]",18.685424462293,1.0372441977835234
"[0.19514323042050907, 0.8658804002236994, -0.8649364978500498, 0.1993314698142437]",18.688726823507814,1.040387362019231
"[0.1951329010443611, 0.8658800665060462, -0.8649342023306662, 0.19933006580079307]",18.69202794376585,1.0435305262549388
"[0.19512255691679228, 0.8658797322039506, -0.8649319036199188, 0.19932865985786177]",18.69532783008599,1.0466736904906464
"[0.19511219807934171, 0.865879397318293, -0.8649296017274114, 0.19932725199141774]",18.698626475362676,1.049816854726354
"[0.19510182451624178, 0.8658790618481013, -0.8649272966500136, 0.19932584219963992]",18.701923903034658,1.0529600189620616
"[0.1950914362692839, 0.8658787257942646, -0.8649249883973851, 0.19932443048853044]",18.705220108070687,1.0561031831977694
"[0.19508103333914661, 0.8658783891563425, -0.8649226769700502, 0.19932301685850323]",18.708515098910688,1.059246347433477
"[0.19507061575497053, 0.8658780519348148, -0.8649203623748571, 0.1993216013138415]",18.711808877161463,1.0623895116691846
"[0.1950601835153664, 0.8658777141291742, -0.8649180446118714, 0.19932018385467778]",18.715101453903326,1.0655326759048922
"[0.19504973665106792, 0.8658773757399524, -0.8649157236882946, 0.1993187644855116]",18.718392828978047,1.0686758401406
"[0.1950392751851606, 0.8658770367674341, -0.8649133996096294, 0.19931734320980207]",18.721683012650487,1.0718190043763076
"[0.19502879909775628, 0.8658766972105116, -0.8649110723718321, 0.19931592002516943]",18.72497201234404,1.0749621686120152
"[0.19501830843428647, 0.8658763570701935, -0.8649087419853693, 0.19931449493810943]",18.728259827824978,1.078105332847723
"[0.19500780321194822, 0.8658760163465743, -0.8649064084544359, 0.1993130679512802]",18.731546468148547,1.0812484970834306
"[0.19499728343587988, 0.8658756750393567, -0.8649040717805474, 0.1993116390657033]",18.734831938969993,1.0843916613191382
"[0.1949867491216598, 0.865875333148582, -0.864901731967539, 0.19931020828381785]",18.73811624595259,1.0875348255548458
"[0.19497620028779863, 0.8658749906743868, -0.8648993890198967, 0.1993087756084613]",18.74139939326635,1.0906779897905536
"[0.19496563693962818, 0.8658746476164798, -0.86489704293918, 0.1993073410406811]",18.744681388295692,1.0938211540262612
"[0.19495505911616004, 0.8658743039756639, -0.8648946937344284, 0.19930590458609868]",18.747962238582925,1.0969643182619688
"[0.19494446679845406, 0.8658739597508587, -0.8648923414018105, 0.19930446624246564]",18.751241949450574,1.1001074824976764
"[0.19493386003188948, 0.8658736149430741, -0.8648899859517797, 0.19930302601626798]",18.754520525239485,1.103250646733384
"[0.1949232388171137, 0.8658732695518665, -0.864887627384855, 0.19930158390791697]",18.757797973017226,1.1063938109690916
"[0.19491260317406756, 0.8658729235774193, -0.8648852657058405, 0.1993001399204441]",18.76107429694317,1.1095369752047992
"[0.1949019531041411, 0.8658725770193121, -0.8648829009154204, 0.19929869405436207]",18.76434950743036,1.112680139440507
"[0.1948912886318598, 0.8658722298778773, -0.8648805330194166, 0.19929724631332518]",18.767623608137413,1.1158233036762146
"[0.194880609764096, 0.865871882152873, -0.8648781620197313, 0.19929579669858966]",18.770896605425694,1.1189664679119222
"[0.19486991653999222, 0.8658715338451081, -0.8648757879254311, 0.19929434521579426]",18.774168502589678,1.1221096321476298
"[0.1948592089365115, 0.8658711849533662, -0.8648734107317781, 0.19929289186213542]",18.777439310606926,1.1252527963833376
"[0.1948484869989338, 0.8658708354786564, -0.8648710304492013, 0.19929143664408414]",18.78070903382971,1.1283959606190452
"[0.19483775073011106, 0.8658704854206056, -0.8648686470787107, 0.19928997956235173]",18.783977674696626,1.1315391248547528
"[0.1948270001393185, 0.8658701347790494, -0.8648662606227417, 0.19928852061852176]",18.787245247686197,1.1346822890904606
"[0.19481623522674785, 0.8658697835535273, -0.8648638710817146, 0.19928705981294545]",18.790511755178386,1.1378254533261682
"[0.19480545604073343, 0.8658694317451491, -0.8648614784667351, 0.19928559715250688]",18.79377720052494,1.1409686175618758
"[0.19479466257390468, 0.8658690793532077, -0.8648590827765449, 0.19928413263653036]",18.797041593544275,1.1441117817975834
"[0.19478385483490188, 0.8658687263775173, -0.8648566840134388, 0.19928266626651395]",18.800304939033047,1.1472549460332913
"[0.19477303283722366, 0.8658683728180517, -0.8648542821807912, 0.19928119804461444]",18.803567247367564,1.1503981102689989
"[0.19476219660689037, 0.8658680186751927, -0.8648518772847543, 0.19927972797468765]",18.80682852215384,1.1535412745047064
"[0.19475134614943757, 0.8658676639486538, -0.864849469326935, 0.19927825605780972]",18.810088767219685,1.156684438740414
"[0.1947404814646437, 0.8658673086379594, -0.8648470583076624, 0.1992767822942765]",18.813347991783086,1.1598276029761219
"[0.19472960259034144, 0.8658669527438783, -0.8648446442357104, 0.19927530668954582]",18.81660620345859,1.1629707672118295
"[0.19471870953117446, 0.865866596266094, -0.8648422271124877, 0.19927382924457318]",18.819863404345757,1.166113931447537
"[0.19470780227817078, 0.8658662392038443, -0.8648398069363824, 0.19927234995846818]",18.82311961169014,1.1692570956832447
"[0.19469688087316825, 0.8658658815580297, -0.8648373837170568, 0.19927086883723108]",18.82637481909434,1.1724002599189522
"[0.19468594530223957, 0.8658655233277246, -0.8648349574517995, 0.1992693858792996]",18.829629041663672,1.1755434241546598
"[0.1946749955873041, 0.865865164513178, -0.8648325281458535, 0.19926790108797296]",18.832882283201176,1.1786865883903674
"[0.19466403175478475, 0.8658648051147859, -0.8648300958054604, 0.19926641446716023]",18.836134551960306,1.1818297526260753
"[0.19465305378995665, 0.8658644451315958, -0.8648276604277327, 0.19926492601519227]",18.83938585243608,1.1849729168617829
"[0.1946420617107081, 0.865864084563724, -0.8648252220170197, 0.1992634357348206]",18.842636194511396,1.1881160810974905
"[0.19463105554848822, 0.8658637234117317, -0.8648227805806771, 0.19926194363063743]",18.845885581265556,1.1912592453331983
"[0.1946200352893439, 0.8658633616746907, -0.8648203361159905, 0.19926044970107698]",18.849134022551578,1.1944024095689059
"[0.19460900096053735, 0.8658629993530245, -0.8648178886293871, 0.19925895395016355]",18.852381525537133,1.1975455738046135
"[0.19459795257063617, 0.8658626364465438, -0.8648154381231482, 0.19925745637938563]",18.855628095292296,1.200688738040321
"[0.19458689011122537, 0.8658622729545007, -0.8648129845957884, 0.19925595698793025]",18.858873737834234,1.2038319022760289
"[0.19457581361190995, 0.8658619088773962, -0.8648105280542552, 0.19925445578013787]",18.8621184648915,1.2069750665117365
"[0.1945647230612546, 0.8658615442143821, -0.8648080684963937, 0.19925295275478763]",18.86536228030268,1.210118230747444
"[0.19455361851326114, 0.8658611789667622, -0.8648056059345615, 0.19925144791952562]",18.86860518813876,1.2132613949831519
"[0.19454249993157113, 0.8658608131328681, -0.8648031403610774, 0.19924994126975312]",18.871847202090283,1.2164045592188595
"[0.194531367349173, 0.8658604467133124, -0.864800671783639, 0.19924843281026935]",18.87508832197903,1.219547723454567
"[0.19452022076327888, 0.8658600797075304, -0.8647982002020104, 0.19924692254102472]",18.87832856221642,1.2226908876902747
"[0.19450906019698166, 0.8658597121158089, -0.8647957256216946, 0.19924541046547772]",18.881567923362052,1.2258340519259823
"[0.19449788564149553, 0.865859343937385, -0.8647932480411263, 0.19924389658276712]",18.884806418961922,1.2289772161616899
"[0.194486697118625, 0.8658589751725028, -0.8647907674655233, 0.19924238089617638]",18.888044048849917,1.2321203803973975
"[0.19447549463413544, 0.8658586058208786, -0.8647882838965472, 0.19924086340681596]",18.89128082725499,1.2352635446331053
"[0.19446427819788104, 0.8658582358823624, -0.8647857973367659, 0.19923934411635053]",18.89451675595726,1.2384067088688129
"[0.19445304780016245, 0.8658578653561594, -0.8647833077844134, 0.19923782302379625]",18.897751847903706,1.2415498731045205
"[0.1944418034718567, 0.8658574942428128, -0.8647808152467186, 0.19923630013366597]",18.900986103751936,1.244693037340228
"[0.19443054521322703, 0.8658571225418559, -0.8647783197241241, 0.19923477544632548]",18.904219535940427,1.2478362015759359
"[0.19441927303319417, 0.8658567502531075, -0.8647758212189924, 0.1992332489633133]",18.90745214993311,1.2509793658116435
"[0.1944079869311391, 0.8658563773760708, -0.864773319731571, 0.19923172068487696]",18.910683952725904,1.254122530047351
"[0.19439668691902434, 0.865856003910664, -0.8647708152648966, 0.19923019061296707]",18.91391494851601,1.2572656942830587
"[0.19438537300837708, 0.8658556298567918, -0.8647683078219099, 0.19922865874947623]",18.917145151898943,1.2604088585187665
"[0.19437404519892915, 0.8658552552139673, -0.864765797402937, 0.1992271250946996]",18.920374564497678,1.263552022754474
"[0.1943627034954, 0.8658548799818694, -0.8647632840094104, 0.19922558964960763]",18.923603198015044,1.2666951869901817
"[0.1943513479138984, 0.8658545041605527, -0.8647607676452862, 0.19922405241671362]",18.926831056013896,1.2698383512258895
"[0.19433997845430967, 0.8658541277495347, -0.8647582483109256, 0.19922251339633434]",18.930058146946156,1.272981515461597
"[0.1943285951151328, 0.8658537507482872, -0.8647557260063836, 0.19922097258859903]",18.93328448129121,1.2761246796973047
"[0.19431719792123658, 0.8658533731571545, -0.8647532007375579, 0.19921942999720677]",18.936510063370832,1.2792678439330123
"[0.19430578683821062, 0.8658529949745166, -0.8647506724972123, 0.1992178856178336]",18.939734901295797,1.2824110081687201
"[0.19429436192517902, 0.8658526162018528, -0.8647481412988344, 0.19921633945881473]",18.942959003469717,1.2855541724044277
"[0.19428292314194012, 0.86585223683735, -0.8647456071339059, 0.199214791515043]",18.946182375508105,1.2886973366401353
"[0.19427147051358373, 0.8658518568813591, -0.8647430700083746, 0.19921324179024785]",18.949405027672775,1.291840500875843
"[0.19426000404438032, 0.8658514763335403, -0.8647405299235753, 0.19921169028534158]",18.952626962902936,1.2949836651115505
"[0.19424852373003484, 0.8658510951932693, -0.8647379868789464, 0.19921013700007761]",18.955848196402634,1.298126829347258
"[0.19423702958635136, 0.8658507134605887, -0.8647354408783792, 0.19920858193692864]",18.959068727295982,1.3012699935829657
"[0.1942255215973766, 0.8658503311344854, -0.8647328919187295, 0.1992070250940721]",18.962288571739876,1.3044131578186735
"[0.19421399979574214, 0.8658499482155605, -0.8647303400076164, 0.19920546647625767]",18.965507731059397,1.307556322054381
"[0.19420246413939438, 0.8658495647019326, -0.8647277851361168, 0.1992039060781323]",18.968726216631563,1.3106994862900887
"[0.19419091468283886, 0.8658491805949292, -0.864725227316694, 0.1992023439074055]",18.971944030706922,1.3138426505257963
"[0.1941793513970438, 0.8658487958931008, -0.8647226665433104, 0.19920077996048605]",18.975161189347123,1.3169858147615041
"[0.19416777429134136, 0.865848410596272, -0.8647201028184249, 0.19919921423897327]",18.978377691349927,1.3201289789972117
"[0.19415618335314322, 0.865848024703538, -0.864717536139643, 0.19919764674150225]",18.98159355301453,1.3232721432329193
"[0.19414457861268833, 0.8658476382154194, -0.8647149665140541, 0.19919607747249976]",18.98480877693156,1.3264153074686271
"[0.19413296005914446, 0.8658472511310688, -0.864712393939653, 0.19919450643083844]",18.98802336976826,1.3295584717043347
"[0.1941213276710945, 0.8658468634492849, -0.8647098184120922, 0.19919293361396107]",18.991237344310242,1.3327016359400423
"[0.19410968149040522, 0.8658464751709752, -0.8647072399410358, 0.19919135902786667]",18.994450703692504,1.33584480017575
"[0.19409802148399288, 0.8658460862945483, -0.8647046585195541, 0.19918978266842136]",18.997663460813687,1.3389879644114577
"[0.1940863476646221, 0.8658456968199407, -0.8647020741508691, 0.19918820453769004]",19.000875619168916,1.3421311286471653
"[0.19407466004534768, 0.8658453067470986, -0.8646994868382664, 0.19918662463777762]",19.004087183579056,1.345274292882873
"[0.1940629586002842, 0.8658449160746673, -0.864696896576412, 0.1991850429655251]",19.007298169735424,1.3484174571185805
"[0.19405124333774143, 0.8658445248024339, -0.8646943033675434, 0.1991834595223957]",19.010508585457483,1.3515606213542881
"[0.19403951427395755, 0.865844132930449, -0.864691707215652, 0.19918187431092552]",19.013718429502216,1.3547037855899957
"[0.19402777138169805, 0.8658437404573105, -0.8646891081151075, 0.19918028732777518]",19.016927717064625,1.3578469498257033
"[0.19401601467363386, 0.8658433473829492, -0.8646865060691131, 0.19917869857499895]",19.020136456167382,1.3609901140614111
"[0.1940042441449931, 0.865842953706712, -0.8646839010770121, 0.1991771080522944]",19.02334465167811,1.3641332782971187
"[0.1939924597922238, 0.8658425594279863, -0.8646812931384178, 0.19917551575952372]",19.02655231452009,1.3672764425328263
"[0.193980661626878, 0.8658421645466636, -0.864678682256287, 0.19917392169859147]",19.029759448333817,1.370419606768534
"[0.19396884962382244, 0.8658417690614078, -0.8646760684254584, 0.19917232586644482]",19.032966068088268,1.3735627710042417
"[0.1939570237893115, 0.8658413729719318, -0.8646734516477177, 0.1991707282642733]",19.03617217644261,1.3767059352399493
"[0.19394518412057554, 0.865840976277646, -0.864670831922854, 0.19916912889204708]",19.039377781604923,1.379849099475657
"[0.193933330607334, 0.8658405789777078, -0.8646682092489946, 0.1991675277487232]",19.042582892911287,1.3829922637113647
"[0.1939214632565478, 0.8658401810718531, -0.8646655836280835, 0.19916592483558676]",19.045787518748863,1.3861354279470723
"[0.1939095820801187, 0.8658397825599821, -0.8646629550631569, 0.1991643201545909]",19.048991664277942,1.38927859218278
"[0.19389768704527632, 0.8658393834404955, -0.8646603235473691, 0.19916271370165703]",19.052195342703623,1.3924217564184875
"[0.19388577813582744, 0.86583898371235, -0.8646576890775431, 0.19916110547494395]",19.055398561824546,1.3955649206541954
"[0.1938738553877849, 0.8658385833762523, -0.864655051662051, 0.19915949547966405]",19.058601321105492,1.398708084889903
"[0.19386191877014233, 0.86583818243066, -0.8646524112944399, 0.19915788371197704]",19.061803638100184,1.4018512491256105
"[0.193849968264458, 0.8658377808744503, -0.8646497679710375, 0.19915627016974258]",19.065005517153722,1.4049944133613184
"[0.1938380038915467, 0.865837378707819, -0.8646471216968558, 0.19915465485611927]",19.068206967662423,1.408137577597026
"[0.193826025632059, 0.865836975929611, -0.8646444724680228, 0.1991530377688454]",19.07140799652227,1.4112807418327336
"[0.19381403346519382, 0.8658365725386217, -0.8646418202803473, 0.19915141890546229]",19.074608615639953,1.4144239060684412
"[0.1938020274240801, 0.8658361685354588, -0.8646391651415654, 0.19914979827079388]",19.07780882458593,1.4175670703041487
"[0.19379000747149802, 0.8658357639183637, -0.864636507043856, 0.19914817586016667]",19.081008638018268,1.4207102345398563
"[0.19377797360451882, 0.8658353586867298, -0.8646338459869828, 0.19914655167353704]",19.084208062592097,1.423853398775564
"[0.193765925801871, 0.8658349528393314, -0.8646311819666536, 0.19914492570838735]",19.087407111168886,1.4269965630112718
"[0.19375386407389844, 0.8658345463760074, -0.8646285149855683, 0.19914329796646724]",19.090605784214134,1.4301397272469794
"[0.1937417884009841, 0.865834139295586, -0.8646258450398026, 0.1991416684454825]",19.093804095597797,1.433282891482687
"[0.19372969876276327, 0.8658337315968687, -0.8646231721252683, 0.19914003714304027]",19.09700205167693,1.4364260557183945
"[0.19371759519778603, 0.8658333232806434, -0.8646204962509029, 0.19913840406469685]",19.100199658241245,1.4395692199541024
"[0.19370547764245322, 0.8658329143442512, -0.8646178174030611, 0.19913676920222725]",19.10339692673526,1.44271238418981
"[0.1936933461230037, 0.8658325047880633, -0.8646151355879599, 0.19913513255952758]",19.10659386138722,1.4458555484255176
"[0.19368120058941526, 0.8658320946098749, -0.864612450794959, 0.19913349413020714]",19.109790476534595,1.4489987126612252
"[0.19366904105850133, 0.8658316838097373, -0.864609763028193, 0.1991318539168917]",19.112986778922497,1.452141876896933
"[0.1936568675219198, 0.8658312723868513, -0.8646070722862367, 0.19913021191881433]",19.116182772661258,1.4552850411326406
"[0.19364467996207105, 0.865830860340104, -0.8646043785656196, 0.19912856813396038]",19.11937846763671,1.4584282053683482
"[0.1936324783642255, 0.8658304476684776, -0.8646016818635063, 0.19912692256070322]",19.122573875070117,1.461571369604056
"[0.1936202627053581, 0.8658300343706724, -0.8645989821752298, 0.19912527519629847]",19.12576899953904,1.4647145338397636
"[0.1936080329796658, 0.8658296204459708, -0.8645962794999302, 0.19912362604032433]",19.1289638530578,1.4678576980754712
"[0.19359578918011897, 0.8658292058936109, -0.8645935738364773, 0.1991219750921961]",19.13215844328295,1.4710008623111788
"[0.1935835312892498, 0.8658287907124782, -0.8645908651814346, 0.19912032234992075]",19.1353527749099,1.4741440265468864
"[0.19357125929781718, 0.8658283749017345, -0.8645881535331855, 0.1991186678126156]",19.138546860073525,1.477287190782594
"[0.19355897318353504, 0.8658279584600982, -0.8645854388872314, 0.19911701147764116]",19.141740704528928,1.4804303550183016
"[0.19354667293478928, 0.8658275413866486, -0.8645827212414331, 0.19911535334379635]",19.144934318519145,1.4835735192540094
"[0.19353435853356774, 0.8658271236802461, -0.8645800005922388, 0.19911369340901935]",19.14812770858321,1.486716683489717
"[0.19352202997816653, 0.8658267053403034, -0.8645772769397009, 0.19911203167344727]",19.151320884807284,1.4898598477254246
"[0.1935096872208913, 0.8658262863646707, -0.8645745502737125, 0.19911036813101932]",19.15451385525597,1.4930030119611322
"[0.19349733027716517, 0.8658258667533393, -0.8645718205981117, 0.19910870278418288]",19.157706626232798,1.49614617619684
"[0.193484959119227, 0.8658254465048335, -0.8645690879071978, 0.19910703562956555]",19.16089920756026,1.4992893404325476
"[0.19347257371368135, 0.8658250256174839, -0.864566352194027, 0.19910536666303733]",19.16409160857472,1.5024325046682552
"[0.1934601740618247, 0.8658246040907976, -0.86456361345932, 0.1991036958851445]",19.16728383933271,1.5055756689039628
"[0.19344776014718096, 0.8658241819236779, -0.8645608716998722, 0.19910202329403898]",19.170475903945075,1.5087188331396706
"[0.19343533193441576, 0.865823759114385, -0.8645581269083159, 0.1991003488853319]",19.173667813844734,1.5118619973753782
"[0.19342288942442323, 0.8658233356624081, -0.8645553790852859, 0.19909867265951914]",19.17685957524701,1.5150051616110858
"[0.19341043259662674, 0.8658229115665066, -0.8645526282266756, 0.1990969946142021]",19.180051197299463,1.5181483258467936
"[0.193397961404458, 0.8658224868245522, -0.8645498743226413, 0.19909531474348371]",19.18324268915095,1.5212914900825012
"[0.19338547585731297, 0.8658220614363206, -0.8645471173756982, 0.19909363304900624]",19.18643405844304,1.5244346543182088
"[0.1933729759218009, 0.8658216354001288, -0.864544357378915, 0.1990919495266496]",19.18962531379327,1.5275778185539164
"[0.1933604615753609, 0.8658212087146607, -0.8645415943277528, 0.19909026417375422]",19.192816462602938,1.5307209827896242
"[0.1933479327958357, 0.8658207813786122, -0.8645388282177638, 0.19908857698771595]",19.19600751470937,1.5338641470253318
"[0.193335389561618, 0.8658203533906971, -0.8645360590446228, 0.19908688796600466]",19.19919847836795,1.5370073112610394
"[0.19332283186141247, 0.8658199247499774, -0.8645332868062829, 0.1990851971074821]",19.202389361367768,1.540150475496747
"[0.1933102596634603, 0.8658194954548175, -0.8645305114961799, 0.1990835044082537]",19.20558017360523,1.5432936397324546
"[0.19329767292137942, 0.865819065503078, -0.8645277331045245, 0.19908180986245935]",19.20877092597771,1.5464368039681622
"[0.19328507167161504, 0.8658186348954492, -0.8645249516398115, 0.19908011347538881]",19.211961616537284,1.5495799682038698
"[0.1932724558218931, 0.8658182036282187, -0.8645221670821251, 0.199078415235008]",19.215152265138233,1.5527231324395776
"[0.19325982539638983, 0.8658177717016549, -0.8645193794372541, 0.1990767151449567]",19.218342875194043,1.5558662966752852
"[0.19324718035290114, 0.8658173391137542, -0.8645165886963374, 0.1990750131999421]",19.221533452938672,1.5590094609109928
"[0.1932345206617376, 0.865816905862938, -0.864513794853278, 0.19907330939635787]",19.224724009839015,1.5621526251467004
"[0.19322184629812933, 0.8658164719477945, -0.8645109979030664, 0.1990716037312604]",19.22791455648319,1.5652957893824082
"[0.1932091572406349, 0.8658160373670244, -0.8645081978414291, 0.1990698962021551]",19.231105097445766,1.5684389536181158
"[0.19319645345992187, 0.8658156021190557, -0.8645053946623528, 0.19906818680548757]",19.234295641424087,1.5715821178538236
"[0.19318373492403992, 0.8658151662022239, -0.8645025883592482, 0.19906647553735296]",19.237486200001204,1.574725282089531
"[0.19317100161072143, 0.8658147296151953, -0.8644997789276643, 0.19906476239514972]",19.240676776816937,1.5778684463252388
"[0.19315825349259888, 0.86581429235646, -0.8644969663620266, 0.19906304737559108]",19.24386738684116,1.5810116105609466
"[0.19314549052664756, 0.8658138544239661, -0.864494150653308, 0.19906133047328753]",19.247058032131715,1.584154774796654
"[0.1931327127016532, 0.8658134158167543, -0.8644913317995014, 0.19905961168712777]",19.25024872435976,1.5872979390323618
"[0.19311991999719097, 0.865812976533544, -0.8644885097965684, 0.19905789101476562]",19.253439471353936,1.5904411032680692
"[0.1931071123544425, 0.8658125365717372, -0.8644856846320036, 0.19905616844868917]",19.25663027926905,1.593584267503777
"[0.19309428974888218, 0.8658120959299078, -0.8644828563008686, 0.19905444398600428]",19.259821161481128,1.5967274317394846
"[0.19308145217633557, 0.86581165460733, -0.864480024802715, 0.19905271762655155]",19.263012121863852,1.5998705959751922
"[0.1930685995648598, 0.8658112126009464, -0.8644771901221491, 0.19905098936106017]",19.2662031709885,1.6030137602109
"[0.19305573192790634, 0.8658107699106293, -0.8644743522626133, 0.1990492591917483]",19.269394314847677,1.6061569244466076
"[0.1930428491818211, 0.865810326532914, -0.8644715112061355, 0.19904752710777252]",19.272585567419117,1.6093000886823152
"[0.193029951329407, 0.8658098824673038, -0.8644686669538134, 0.19904579310992038]",19.275776931011485,1.6124432529180228
"[0.19301703833293996, 0.8658094377119075, -0.8644658194978083, 0.19904405719352955]",19.278968419133427,1.6155864171537306
"[0.1930041101307429, 0.8658089922640042, -0.8644629688250024, 0.1990423193507219]",19.282160038304706,1.618729581389438
"[0.192991166713236, 0.8658085461226664, -0.8644601149337673, 0.19904057958062202]",19.285351796296684,1.6218727456251458
"[0.19297820805391777, 0.8658080992863817, -0.8644572578187454, 0.1990388378800825]",19.288543698839213,1.6250159098608536
"[0.19296523409834387, 0.8658076517526719, -0.8644543974684198, 0.1990370942422005]",19.291735758255797,1.628159074096561
"[0.19295224482213147, 0.8658072035200903, -0.8644515338779041, 0.1990353486641185]",19.29492798296765,1.6313022383322688
"[0.19293924016364336, 0.865806754585905, -0.864448667034101, 0.19903360113797125]",19.29812038067078,1.6344454025679762
"[0.19292622012282318, 0.8658063049495054, -0.8644457969374906, 0.19903185166417178]",19.30131295903194,1.637588566803684
"[0.19291318464406204, 0.8658058546083599, -0.8644429235763094, 0.1990301002356713]",19.30450572346461,1.6407317310393918
"[0.19290013369345393, 0.8658054035606868, -0.864440046943579, 0.19902834684833562]",19.30769868914305,1.6438748952750992
"[0.1928870672166253, 0.8658049518039908, -0.864437167027813, 0.1990265914952855]",19.31089185953699,1.647018059510807
"[0.19287398518656781, 0.8658044993367208, -0.8644342838235592, 0.19902483417331968]",19.31408524657541,1.6501612237465149
"[0.1928608875766478, 0.8658040461573362, -0.8644313973254487, 0.1990230748792887]",19.317278852903737,1.6533043879822222
"[0.1928477743152736, 0.8658035922627383, -0.8644285075182081, 0.19902131360400566]",19.320472693671313,1.65644755221793
"[0.19283464538364006, 0.8658031376516527, -0.8644256143981988, 0.19901955034537558]",19.323666773013354,1.6595907164536376
"[0.19282150071753468, 0.8658026823212271, -0.8644227179517789, 0.19901778509520968]",19.326861101115526,1.6627338806893452
"[0.19280834032967856, 0.8658022262712757, -0.8644198181822603, 0.19901601785564918]",19.330055682342223,1.6658770449250528
"[0.19279516411587566, 0.8658017694975546, -0.8644169150671963, 0.19901424861313957]",19.33325053384636,1.6690202091607604
"[0.19278197205536998, 0.865801311998711, -0.8644140086025274, 0.19901247736533162]",19.336445655792392,1.672163373396468
"[0.19276876413797986, 0.8658008537737568, -0.8644110987865253, 0.19901070411129698]",19.33964105607805,1.6753065376321759
"[0.1927555402606775, 0.8658003948184754, -0.8644081855970103, 0.19900892883764773]",19.342836750897238,1.6784497018678832
"[0.19274230040332915, 0.8657999351315293, -0.8644052690300671, 0.19900715154212192]",19.346032744169086,1.681592866103591
"[0.19272904454009965, 0.8657994747113756, -0.8644023490805259, 0.19900537222169812]",19.349229040918246,1.6847360303392989
"[0.1927157726215259, 0.8657990135556514, -0.864399425738015, 0.19900359087018243]",19.352425650595542,1.6878791945750062
"[0.19270248456418446, 0.8657985516608073, -0.8643964989846854, 0.1990018074768277]",19.355622587965456,1.691022358810714
"[0.19268918035205237, 0.8657980890256354, -0.8643935688175362, 0.19900002203993275]",19.35881985485787,1.6941655230464219
"[0.19267585992982003, 0.8657976256475552, -0.8643906352249168, 0.19899823455252977]",19.36201746421407,1.6973086872821292
"[0.1926625232611961, 0.865797161524649, -0.864387698199367, 0.19899644501020095]",19.365215417702654,1.700451851517837
"[0.19264917029183354, 0.8657966966543651, -0.8643847577294532, 0.19899465340611067]",19.368413730229314,1.7035950157535449
"[0.19263580095121613, 0.8657962310335846, -0.8643818138001843, 0.19899285973125594]",19.371612405633673,1.7067381799892523
"[0.19262241522246604, 0.8657957646610542, -0.8643788664083835, 0.19899106398383248]",19.37481145444213,1.70988134422496
"[0.1926090130409357, 0.8657952975338531, -0.8643759155403578, 0.19898926615562892]",19.37801088399409,1.7130245084606674
"[0.1925955943538801, 0.8657948296494711, -0.8643729611850379, 0.19898746624003463]",19.3812107019006,1.7161676726963753
"[0.19258215910880866, 0.8657943610054035, -0.8643700033314142, 0.198985664230474]",19.38441091788164,1.719310836932083
"[0.1925687072423652, 0.8657938915987622, -0.864367041966087, 0.19898386011891822]",19.387611542375403,1.7224540011677905
"[0.19255523875642264, 0.8657934214289327, -0.8643640770900199, 0.1989820539060881]",19.39081257466397,1.7255971654034983
"[0.19254175351644628, 0.8657929504905351, -0.8643611086741511, 0.1989802455744139]",19.394014036304192,1.7287403296392059
"[0.19252825153072817, 0.8657924787831722, -0.8643581367208625, 0.19897843512548172]",19.397215923991165,1.7318834938749135
"[0.1925147327068934, 0.865792006302927, -0.8643551612103797, 0.19897662254738177]",19.400418252186768,1.735026658110621
"[0.19250119703665355, 0.8657915330488176, -0.8643521821414398, 0.19897480783948124]",19.40362102650459,1.7381698223463289
"[0.19248764440062854, 0.8657910590159736, -0.8643491994883321, 0.19897299098625568]",19.406824258013355,1.7413129865820363
"[0.19247407479484338, 0.8657905842035573, -0.8643462132507489, 0.19897117198765493]",19.410027951198998,1.744456150817744
"[0.19246048814925296, 0.8657901086084157, -0.8643432234138442, 0.1989693508347743]",19.413232114306425,1.7475993150534515
"[0.1924468843941768, 0.8657896322274039, -0.8643402299628558, 0.1989675275187615]",19.41643675846729,1.7507424792891593
"[0.1924332634769518, 0.8657891550579689, -0.86433723288677, 0.19896570203304748]",19.41964189049697,1.753885643524867
"[0.19241962535232496, 0.8657886770978133, -0.8643342321762064, 0.1989638743720594]",19.42284751684775,1.7570288077605745
"[0.1924059699305958, 0.8657881983430781, -0.864331227812009, 0.19896204452427016]",19.426053649082235,1.7601719719962823
"[0.19239229718212172, 0.865787718792005, -0.8643282197882386, 0.1989602124862042]",19.429260292975215,1.76331513623199
"[0.1923786070279637, 0.865787238441103, -0.8643252080881136, 0.1989583782477836]",19.432467457721152,1.7664583004676975
"[0.19236489945903193, 0.8657867572893283, -0.8643221927102223, 0.19895654180829042]",19.435675145240676,1.7696014647034053
"[0.1923511743216531, 0.8657862753305574, -0.8643191736213501, 0.19895470314764088]",19.4388833736295,1.772744628939113
"[0.1923374316131527, 0.865785792563963, -0.8643161508215036, 0.1989528622659829]",19.442092146581764,1.7758877931748205
"[0.19232367127385394, 0.8657853089867132, -0.8643131242981528, 0.1989510191558307]",19.445301470124573,1.7790309574105283
"[0.1923098932204433, 0.8657848245951401, -0.8643100940335724, 0.1989491738065354]",19.448511352730907,1.7821741216462357
"[0.19229609739200962, 0.8657843393863589, -0.864307060014969, 0.19894732621045264]",19.45172180586179,1.7853172858819435
"[0.19228228372554731, 0.8657838533574063, -0.8643040222290915, 0.1989454763596606]",19.454932834372297,1.788460450117651
"[0.1922684521633564, 0.8657833665055015, -0.8643009806638596, 0.19894362424695047]",19.45814444897737,1.7916036143533587
"[0.19225460263099498, 0.8657828788272696, -0.8642979353035148, 0.1989417698628755]",19.46135665212656,1.7947467785890663
"[0.19224073504340133, 0.8657823903189568, -0.8642948861299685, 0.19893991319656926]",19.464569459389683,1.797889942824774
"[0.19222684938630055, 0.865781900979298, -0.8642918331406987, 0.19893805424664787]",19.467782871715013,1.8010331070604815
"[0.1922129455293086, 0.8657814108029329, -0.8642887763076599, 0.19893619299618387]",19.470996902689567,1.8041762712961893
"[0.19219902347594367, 0.8657809197892155, -0.8642857156322489, 0.19893432944618]",19.474211553596973,1.8073194355318971
"[0.1921850830941212, 0.865780427932714, -0.8642826510860548, 0.19893246357949007]",19.477426840693102,1.8104625997676045
"[0.19217112431603744, 0.8657799352302574, -0.8642795826548031, 0.1989305953875761]",19.480642767423,1.8136057640033123
"[0.19215714710529033, 0.865779441679779, -0.8642765103311257, 0.1989287248661062]",19.483859339612493,1.8167489282390201
"[0.19214315137359922, 0.865778947277376, -0.8642734340962547, 0.1989268520038081]",19.48707656932571,1.8198920924747275
"[0.19212913706216542, 0.8657784520201813, -0.864270353937906, 0.19892497679335883]",19.490294460034313,1.8230352567104353
"[0.19211510407062052, 0.8657779559038541, -0.864267269834664, 0.1989230992218767]",19.49351302339847,1.8261784209461427
"[0.19210105235036243, 0.8657774589258774, -0.8642641817764942, 0.19892121928340992]",19.49673226645629,1.8293215851818505
"[0.19208698182495212, 0.8657769610827456, -0.8642610897472484, 0.198919336968286]",19.499952193997196,1.8324647494175583
"[0.19207289240229855, 0.8657764623703935, -0.8642579937273435, 0.19891745226474197]",19.503172818238806,1.8356079136532657
"[0.19205878404039575, 0.8657759627865231, -0.8642548937082061, 0.1989155651677186]",19.506394141038143,1.8387510778889735
"[0.19204465662998532, 0.8657754623264508, -0.86425178966649, 0.19891367566316426]",19.509616177648834,1.8418942421246813
"[0.19203051010673833, 0.8657749609870771, -0.8642486815887253, 0.19891178374304144]",19.512838931809533,1.8450374063603887
"[0.19201634440105408, 0.8657744587651119, -0.8642455694602889, 0.19890988939861012]",19.516062410751235,1.8481805705960965
"[0.19200215940586948, 0.8657739556559304, -0.8642424532583313, 0.19890799261612546]",19.51928662454404,1.8513237348318041
"[0.1919879550969238, 0.865773451657839, -0.8642393329781978, 0.19890609339291845]",19.52251157563363,1.8544668990675117
"[0.1919737313575305, 0.8657729467658606, -0.8642362085949347, 0.1989041917139647]",19.52573727698885,1.8576100633032193
"[0.19195948812211086, 0.8657724409768248, -0.8642330800948193, 0.1989022875710777]",19.528963732478704,1.860753227538927
"[0.19194522529700833, 0.8657719342865593, -0.8642299474579669, 0.1989003809523211]",19.53219095392257,1.8638963917746345
"[0.19193094277923325, 0.865771426690553, -0.8642268106624481, 0.19889847184451576]",19.535418945732392,1.8670395560103423
"[0.1919166405329278, 0.8657709181866747, -0.8642236697010817, 0.19889656024345972]",19.538647718950575,1.8701827202460497
"[0.19190231846095251, 0.8657704087706107, -0.8642205245532324, 0.1988946461367632]",19.54187727469395,1.8733258844817575
"[0.191887976480839, 0.8657698984385618, -0.8642173752014917, 0.19889272951400214]",19.545107625978197,1.8764690487174653
"[0.19187361450570842, 0.8657693871865659, -0.8642142216274875, 0.1988908103641671]",19.548338779170138,1.8796122129531727
"[0.19185923243764327, 0.8657688750102618, -0.8642110638104297, 0.19888888867477733]",19.5515707415702,1.8827553771888805
"[0.19184483021523113, 0.865768361906582, -0.8642079017375479, 0.19888696443823503]",19.554803517594586,1.8858985414245883
"[0.191830407721984, 0.8657678478704903, -0.8642047353839845, 0.19888503763958784]",19.558037121780192,1.8890417056602957
"[0.19181596490241654, 0.8657673328991188, -0.8642015647382801, 0.19888310827203762]",19.561271554152402,1.8921848698960035
"[0.19180150166186652, 0.865766816988197, -0.8641983897803798, 0.19888117632355634]",19.56450682558003,1.8953280341317114
"[0.19178701789560268, 0.8657663001330879, -0.8641952104880228, 0.19887924178077596]",19.567742944035224,1.8984711983674187
"[0.19177251351923977, 0.8657657823298738, -0.864192026843421, 0.1988773046330509]",19.570979918391274,1.9016143626031266
"[0.1917579884566014, 0.8657652635749243, -0.8641888388305929, 0.19887536487083565]",19.574217750078414,1.904757526838834
"[0.19174344259758838, 0.8657647438633904, -0.8641856464261166, 0.19887342248005993]",19.57745645246589,1.9079006910745417
"[0.19172887588577836, 0.8657642231923347, -0.8641824496183563, 0.19887147745382455]",19.580696026828893,1.9110438553102493
"[0.19171428819692626, 0.8657637015563889, -0.8641792483807965, 0.19886952977617967]",19.58393648658524,1.914187019545957
"[0.19169967945336824, 0.8657631789518435, -0.8641760426971508, 0.19886757943739874]",19.587177835399,1.9173301837816645
"[0.19168504954465634, 0.8657626553738088, -0.8641728325439434, 0.19886562642338432]",19.590420083884382,1.9204733480173724
"[0.19167039841628206, 0.8657621308193908, -0.8641696179099787, 0.19886367072751035]",19.593663231804307,1.9236165122530797
"[0.19165572594589741, 0.8657616052832602, -0.8641663987691813, 0.19886171233409966]",19.59690729375474,1.9267596764887875
"[0.19164103202693564, 0.8657610787606447, -0.8641631750989447, 0.19885975122958777]",19.600152274590737,1.9299028407244954
"[0.1916263165681908, 0.8657605512473157, -0.8641599468800393, 0.1988577874024639]",19.603398182531734,1.9330460049602027
"[0.19161157947477825, 0.8657600227389047, -0.8641567140924327, 0.19885582084073283]",19.606645024413016,1.9361891691959106
"[0.19159682067551034, 0.8657594932318872, -0.864153476721297, 0.198853851535565]",19.609892803644588,1.939332333431618
"[0.19158204005031465, 0.8657589627209777, -0.8641502347410868, 0.1988518794716132]",19.613141532292072,1.9424754976673257
"[0.1915672374860053, 0.8657584312011297, -0.8641469881277738, 0.19884990463445457]",19.616391214998465,1.9456186619030336
"[0.19155241291296202, 0.8657578986688534, -0.8641437368668909, 0.1988479270154836]",19.61964185811505,1.948761826138741
"[0.19153756621579812, 0.8657573651190086, -0.8641404809339392, 0.19884594659999433]",19.622893468892773,1.9519049903744488
"[0.19152269730169372, 0.8657568305472579, -0.8641372203093752, 0.19884396337629578]",19.62614605635197,1.9550481546101566
"[0.19150780603684067, 0.8657562949477823, -0.8641339549646734, 0.19884197732723596]",19.62939962637709,1.958191318845864
"[0.19149289234895184, 0.8657557583169676, -0.8641306848848054, 0.19883998844387368]",19.63265418605175,1.9613344830815718
"[0.19147795613553656, 0.8657552206501056, -0.8641274100481251, 0.19883799671324429]",19.635909739913107,1.9644776473172796
"[0.1914629972761186, 0.865754681941833, -0.8641241304290503, 0.19883600211998986]",19.639166299395047,1.967620811552987
"[0.19144801567670774, 0.8657541421877323, -0.8641208460078119, 0.19883400465229084]",19.642423866017623,1.9707639757886948
"[0.19143301124082265, 0.8657536013832883, -0.8641175567641007, 0.19883200429799958]",19.645682449741336,1.9739071400244022
"[0.1914179838414411, 0.8657530595228771, -0.8641142626709191, 0.19883000104090276]",19.648942056475946,1.97705030426011
"[0.19140293338018846, 0.865752516601899, -0.864110963707556, 0.19882799486861197]",19.652202694204213,1.9801934684958176
"[0.19138785972743488, 0.865751972614619, -0.8641076598464568, 0.1988259857645787]",19.655464371088154,1.9833366327315252
"[0.1913727628418277, 0.8657514275584797, -0.8641043510794209, 0.19882397372402486]",19.658727086991508,1.9864797969672328
"[0.19135764256439813, 0.8657508814266707, -0.8641010373724758, 0.19882195872650282]",19.66199085259773,1.9896229612029406
"[0.19134249875308393, 0.8657503342129811, -0.8640977186953634, 0.19881994075382484]",19.665255680964645,1.992766125438648
"[0.19132733134637342, 0.8657497859141022, -0.8640943950354842, 0.1988179197985434]",19.66852156861017,1.9959092896743558
"[0.19131214022148701, 0.8657492365245038, -0.8640910663668192, 0.19881589584505124]",19.67178852996618,1.9990524539100636
"[0.19129692526026712, 0.8657486860388132, -0.864087732664369, 0.19881386887836391]",19.67505656411161,2.002195618145771
"[0.19128168636905143, 0.8657481344525358, -0.8640843939085086, 0.1988118388867662]",19.67832568223665,2.005338782381479
"[0.19126642338938576, 0.8657475817588228, -0.8640810500654242, 0.19880980584991792]",19.681595889871673,2.0084819466171866
"[0.1912511362416093, 0.8657470279536689, -0.8640777011185732, 0.1988077697579802]",19.684867196720173,2.011625110852894
"[0.1912358248163148, 0.8657464730319835, -0.8640743470449014, 0.19880573059715836]",19.68813960210865,2.014768275088602
"[0.19122048896012514, 0.8657459169870728, -0.8640709878117306, 0.19880368834780845]",19.691413118988013,2.017911439324309
"[0.1912051285941506, 0.8657453598149344, -0.8640676234027072, 0.19880164300021197]",19.694687750641695,2.021054603560017
"[0.191189743572029, 0.8657448015091104, -0.8640642537867053, 0.19879959453567134]",19.697963504246722,2.024197767795725
"[0.19117433378785145, 0.8657442420646, -0.8640608789414669, 0.19879754294088334]",19.701240386206187,2.027340932031432
"[0.19115889914133488, 0.8657436814765989, -0.8640574988459732, 0.19879548820329868]",19.704518401593987,2.03048409626714
"[0.1911434394999466, 0.8657431197391227, -0.8640541134721504, 0.1987934303060806]",19.7077975561666,2.033627260502848
"[0.19112795471114966, 0.8657425568454488, -0.8640507227875522, 0.19879136922973814]",19.711077859117857,2.036770424738555
"[0.1911124446625776, 0.865741992790305, -0.8640473267685376, 0.1987893049601327]",19.714359317171983,2.039913588974263
"[0.1910969092740201, 0.8657414275695795, -0.8640439253985123, 0.19878723748741312]",19.71764193174599,2.043056753209971
"[0.19108134838862928, 0.8657408611763646, -0.864040518644111, 0.1987851667915331]",19.720925712298136,2.046199917445678
"[0.19106576188161495, 0.8657402936049071, -0.8640371064789948, 0.19878309285672166]",19.72421066367944,2.049343081681386
"[0.19105014962169764, 0.8657397248492078, -0.8640336888754125, 0.19878101566635076]",19.727496795785093,2.0524862459170934
"[0.19103451150196438, 0.8657391549041457, -0.8640302658109553, 0.19877893520704043]",19.730784107446155,2.055629410152801
"[0.1910188474048032, 0.8657385837642007, -0.8640268372608795, 0.19877685146399426]",19.734072609186626,2.058772574388509
"[0.19100315714071084, 0.86573801142122, -0.864023403184715, 0.19877476441285974]",19.73736230986758,2.0619157386242164
"[0.19098744067149256, 0.8657374378725599, -0.8640199635751168, 0.198772674049418]",19.740653208726126,2.065058902859924
"[0.19097169781708695, 0.8657368631103912, -0.8640165183936979, 0.19877058035058712]",19.743945314732496,2.0682020670956316
"[0.19095592845220175, 0.8657362871288723, -0.8640130676140672, 0.1987684833005774]",19.747238632934277,2.0713452313313394
"[0.1909401324148323, 0.8657357099208094, -0.864009611201809, 0.19876638287872442]",19.750533174879543,2.074488395567047
"[0.19092430964880908, 0.8657351314828664, -0.8640061491456741, 0.1987642790784436]",19.753828936120485,2.0776315598027546
"[0.19090845995752298, 0.8657345518065637, -0.864002681403692, 0.19876217187448408]",19.757125930400687,2.080774724038462
"[0.1908925832095536, 0.8657339708857923, -0.8639992079481656, 0.19876006125027093]",19.760424162532974,2.08391788827417
"[0.19087667931140026, 0.8657333887158215, -0.8639957287597021, 0.19875794719427653]",19.76372363536286,2.0870610525098776
"[0.190860748123825, 0.8657328052902366, -0.86399224380891, 0.19875582968890046]",19.76702435327675,2.090204216745585
"[0.19084478948630837, 0.8657322206018316, -0.8639887530617524, 0.19875370871372186]",19.770326324520603,2.093347380981293
"[0.19082880324608129, 0.8657316346436723, -0.8639852564858979, 0.19875158424935785]",19.773629557280614,2.096490545217
"[0.19081278930618473, 0.8657310474108594, -0.8639817540612309, 0.19874945628385024]",19.77693405221352,2.099633709452708
"[0.19079674752969886, 0.8657304588970177, -0.8639782457589033, 0.19874732479993773]",19.780239816514513,2.102776873688416
"[0.19078067773612156, 0.8657298690941623, -0.8639747315405467, 0.19874518977457556]",19.78354685738534,2.105920037924123
"[0.19076457980033584, 0.8657292779963267, -0.8639712113799137, 0.19874305119208796]",19.786855179662318,2.109063202159831
"[0.19074845362460957, 0.8657286855985413, -0.8639676852567545, 0.19874090904044203]",19.790164785464817,2.112206366395539
"[0.19073229900810756, 0.8657280918920368, -0.8639641531282829, 0.19873876329391846]",19.793475684432035,2.115349530631246
"[0.19071611585028944, 0.8657274968717171, -0.8639606149736534, 0.19873661394012762]",19.79678787877405,2.118492694866954
"[0.1906999039995514, 0.8657269005305983, -0.8639570707608645, 0.19873446095990524]",19.800101373921674,2.121635859102662
"[0.1906836632800613, 0.8657263028607916, -0.8639535204526277, 0.1987323043308795]",19.803416178666147,2.124779023338369
"[0.19066739359430102, 0.8657257038572791, -0.8639499640287861, 0.19873014404108452]",19.806732296230578,2.127922187574077
"[0.19065109476295028, 0.8657251035120193, -0.8639464014513086, 0.1987279800677017]",19.8100497283214,2.1310653518097844
"[0.19063476668165588, 0.8657245018197195, -0.8639428326985616, 0.1987258123978742]",19.81336848341262,2.134208516045492
"[0.1906184091256192, 0.8657238987706364, -0.863939257722596, 0.19872364100276363]",19.81668856817278,2.1373516802812
"[0.19060202202004864, 0.8657232943605431, -0.8639356765082588, 0.1987214658734534]",19.820009983525594,2.1404948445169074
"[0.19058560517891016, 0.8657226885810987, -0.8639320890160938, 0.19871928698626906]",19.823332737899563,2.1436380087526152
"[0.19056915845140324, 0.8657220814252492, -0.8639284952143566, 0.1987171043222221]",19.82665683511793,2.146781172988323
"[0.19055268173905004, 0.8657214728878598, -0.8639248950827447, 0.19871491786927556]",19.829982278804128,2.1499243372240304
"[0.19053617483503008, 0.8657208629597828, -0.8639212885772932, 0.19871272760102335]",19.833309074527975,2.1530675014597382
"[0.1905196375639367, 0.8657202516330149, -0.8639176756609129, 0.1987105334952394]",19.836637229639827,2.156210665695446
"[0.1905030698865998, 0.8657196389045784, -0.8639140563262879, 0.19870833554778009]",19.83996674219785,2.1593538299311534
"[0.1904864715235154, 0.8657190247625953, -0.8639104305136088, 0.19870613372262586]",19.8432976247678,2.1624969941668613
"[0.19046984239562012, 0.8657184092025874, -0.8639067982068644, 0.19870392801035772]",19.846629876746427,2.1656401584025686
"[0.19045318231515942, 0.8657177922160424, -0.8639031593663117, 0.19870171838714729]",19.84996350661829,2.1687833226382764
"[0.1904364911104289, 0.8657171737950267, -0.8638995139557247, 0.19869950483130586]",19.85329851619661,2.1719264868739843
"[0.1904197687062958, 0.865716553935173, -0.8638958619599797, 0.19869728733395886]",19.856634908232497,2.1750696511096916
"[0.1904030148275604, 0.8657159326246846, -0.8638922033202705, 0.1986950658597123]",19.859972694315566,2.1782128153453995
"[0.19038622940734695, 0.8657153098594739, -0.8638885380232973, 0.1986928404008051]",19.863311872260134,2.1813559795811073
"[0.19036941222631773, 0.8657146856297859, -0.8638848660224784, 0.19869061092926996]",19.866652450049706,2.1844991438168146
"[0.1903525631800132, 0.8657140599301141, -0.863881187296327, 0.19868837743238013]",19.86999442735351,2.1876423080525225
"[0.19033568203117185, 0.8657134327500061, -0.8638775017943721, 0.1986861398798142]",19.87333781865639,2.19078547228823
"[0.1903187687526061, 0.8657128040868014, -0.863873809512018, 0.19868389826910465]",19.876682612689994,2.1939286365239377
"[0.19030182301260148, 0.8657121739265071, -0.8638701103781994, 0.19868165255743198]",19.88002882791694,2.197071800759645
"[0.19028484472482543, 0.865711542264235, -0.8638664043754314, 0.1986794027345097]",19.88337646518415,2.200214964995353
"[0.19026783377892126, 0.8657109090941941, -0.8638626914809934, 0.19867714878687454]",19.886725521744722,2.2033581292310607
"[0.1902507899196376, 0.8657102744051851, -0.8638589716405513, 0.19867489068187424]",19.89007600916908,2.206501293466768
"[0.19023371301472378, 0.8657096381905716, -0.8638552448266306, 0.19867262840316538]",19.893427928531885,2.209644457702476
"[0.1902166029242811, 0.8657090004434195, -0.8638515110100978, 0.19867036193339954]",19.896781284528135,2.2127876219381832
"[0.1901994594576217, 0.8657083611548868, -0.8638477701507477, 0.1986680912485112]",19.90013607759767,2.215930786173891
"[0.19018228244519572, 0.8657077203169045, -0.8638440222130008, 0.1986658163272449]",19.90349231742905,2.2190739504095984
"[0.1901650717216609, 0.8657070779215444, -0.8638402671622082, 0.19866353714891316]",19.906850005766834,2.2222171146453062
"[0.19014782707357958, 0.8657064339590678, -0.86383650495324, 0.1986612536864709]",19.910209145434845,2.225360278881014
"[0.19013054838932486, 0.8657057884235215, -0.8638327355631921, 0.1986589659263643]",19.91356974163611,2.2285034431167214
"[0.19011323546840386, 0.8657051413056188, -0.8638289589497837, 0.19865667384328356]",19.916931798184116,2.2316466073524293
"[0.190095888168603, 0.8657044925982352, -0.8638251750834611, 0.19865437741964534]",19.920295315850037,2.234789771588137
"[0.19007850627044745, 0.8657038422913412, -0.8638213839178307, 0.1986520766276493]",19.92366030125418,2.2379329358238444
"[0.19006108961123458, 0.8657031903770139, -0.8638175854188954, 0.19864977144702162]",19.927026757199258,2.2410761000595523
"[0.19004363804099278, 0.865702536847792, -0.8638137795554468, 0.1986474618591842]",19.930394685913388,2.2442192642952596
"[0.1900261513535538, 0.8657018816940935, -0.863809966284034, 0.198645147838133]",19.933764093233137,2.2473624285309675
"[0.19000862939176383, 0.8657012249081563, -0.8638061455719089, 0.1986428293643602]",19.937134981302087,2.2505055927666753
"[0.1899910719705512, 0.8657005664811559, -0.8638023173802477, 0.19864050641467643]",19.94050735175852,2.2536487570023827
"[0.18997347890815572, 0.8656999064043748, -0.8637984816709634, 0.1986381789663409]",19.943881211422802,2.2567919212380905
"[0.18995585004429913, 0.8656992446698855, -0.8637946384106647, 0.19863584699946704]",19.94725656069927,2.2599350854737983
"[0.18993818518424294, 0.8656985812684505, -0.863790787558462, 0.1986335104896198]",19.95063340293467,2.2630782497095057
"[0.189920484079318, 0.8656979161887879, -0.863786929061724, 0.19863116940524445]",19.95401174775602,2.2662214139452135
"[0.18990274666673734, 0.8656972494265822, -0.8637830629083522, 0.19862882373938304]",19.95739158726955,2.2693645781809213
"[0.18988497267833426, 0.8656965809697843, -0.8637791890414935, 0.1986264734579257]",19.96077293459426,2.2725077424166287
"[0.18986716199350787, 0.8656959108118754, -0.8637753074364733, 0.19862411854628884]",19.964155785927158,2.2756509066523365
"[0.18984931437722624, 0.8656952389420145, -0.8637714180436908, 0.1986217589747702]",19.967540146571974,2.2787940708880443
"[0.18983142964811306, 0.8656945653513611, -0.8637675208252539, 0.19861939472077522]",19.970926020354586,2.2819372351237517
"[0.18981350767149482, 0.8656938900328176, -0.8637636157534606, 0.19861702576789309]",19.97431340765222,2.2850803993594595
"[0.18979554814598454, 0.8656932129729857, -0.8637597027642985, 0.19861465207769022]",19.977702317361498,2.288223563595167
"[0.18977755099737398, 0.8656925341670116, -0.8637557818432685, 0.19861227364177214]",19.981092745695694,2.2913667278308747
"[0.18975951599082957, 0.8656918536039688, -0.8637518529408889, 0.19860989043052701]",19.984484698249904,2.2945098920665825
"[0.18974144293213535, 0.8656911712744436, -0.8637479160165429, 0.19860750241972353]",19.98787817591292,2.29765305630229
"[0.18972333165506836, 0.8656904871700607, -0.8637439710357264, 0.19860510958884234]",19.991273182523898,2.3007962205379977
"[0.18970518196631037, 0.8656898012814038, -0.863740017958047, 0.19860271191379586]",19.994669718078715,2.3039393847737055
"[0.18968699363741773, 0.8656891135977103, -0.8637360567354786, 0.19860030936586942]",19.9980677911392,2.307082549009413
"[0.18966876647363584, 0.8656884241094697, -0.8637320873273482, 0.19859790192081306]",20.00146740190194,2.3102257132451207
"[0.18965050036041325, 0.86568773281019, -0.8637281097104631, 0.19859548956498116]",20.004868545251213,2.313368877480828
"[0.18963219501034864, 0.865687039686818, -0.8637241238240055, 0.19859307226191278]",20.00827123411008,2.316512041716536
"[0.1896138502478649, 0.8656863447305133, -0.8637201296315252, 0.19859064998992895]",20.011675467714486,2.3196552059522437
"[0.1895954659303579, 0.8656856479336662, -0.8637161271037644, 0.19858822273171803]",20.015081242063605,2.322798370187951
"[0.18957704182856092, 0.865684949285366, -0.8637121161926133, 0.19858579045853594]",20.018488564945773,2.325941534423659
"[0.18955857771770715, 0.8656842487748494, -0.8637080968509587, 0.19858335314224956]",20.021897439885187,2.3290846986593663
"[0.18954007339500234, 0.8656835463921662, -0.8637040690364876, 0.1985809107576404]",20.025307868339222,2.332227862895074
"[0.18952152870255168, 0.8656828421290522, -0.8637000327166762, 0.19857846328542778]",20.028719849105897,2.3353710271307815
"[0.1895029434624003, 0.8656821359764627, -0.863695987854648, 0.19857601070369782]",20.032133383706565,2.3385141913664893
"[0.1894843173953313, 0.8656814279214853, -0.8636919343915056, 0.19857355297718643]",20.035548477609215,2.3416573556021967
"[0.18946565031653406, 0.865680717954772, -0.863687872288916, 0.19857109008310375]",20.038965131275045,2.3448005198379045
"[0.18944694207805163, 0.8656800060683588, -0.8636838015165802, 0.19856862200353392]",20.042383345020422,2.3479436840736123
"[0.18942819244722117, 0.8656792922510398, -0.8636797220257834, 0.19856614870939956]",20.04580312192323,2.3510868483093197
"[0.18940940114951127, 0.865678576489991, -0.8636756337587208, 0.19856367016611665]",20.049224466725885,2.3542300125450275
"[0.18939056806738575, 0.8656778587783456, -0.8636715366917611, 0.19856118635982414]",20.05264737610541,2.357373176780735
"[0.1893716930131044, 0.8656771391065465, -0.8636674307860144, 0.19855869726741227]",20.05607185003581,2.3605163410164427
"[0.18935277570257397, 0.8656764174613393, -0.8636633159816481, 0.1985562028530816]",20.059497897690907,2.3636595052521505
"[0.18933381594854098, 0.8656756938331394, -0.8636591922399148, 0.19855370309381754]",20.0629255150904,2.366802669487858
"[0.18931481358574742, 0.865674968213183, -0.8636550595268668, 0.19855119796951906]",20.066354701815257,2.3699458337235657
"[0.18929576834850662, 0.8656742405888492, -0.8636509177867312, 0.19854868744686063]",20.06978546441588,2.3730889979592735
"[0.18927668006789503, 0.8656735109511919, -0.8636467669847977, 0.1985461715052866]",20.073217800168692,2.376232162194981
"[0.18925754849895204, 0.8656727792883357, -0.8636426070698382, 0.19854365011423517]",20.076651713597098,2.3793753264306887
"[0.18923837347219363, 0.8656720455912712, -0.8636384380070545, 0.19854112325310552]",20.080087202310864,2.3825184906663965
"[0.1892191547108116, 0.865671309846859, -0.8636342597383319, 0.19853859088716988]",20.08352427107278,2.385661654902104
"[0.18919989204150525, 0.8656705720458981, -0.863630072228079, 0.19853605299535568]",20.086962918969885,2.3888048191378117
"[0.18918058525572234, 0.8656698321778163, -0.8636258754330566, 0.1985335095519609]",20.09040314527129,2.3919479833735195
"[0.18916123410603883, 0.8656690902305301, -0.8636216693015961, 0.19853096052617647]",20.093844953307514,2.395091147609227
"[0.18914183848198968, 0.8656683461971839, -0.863617453811815, 0.19852840590525037]",20.097288340607285,2.3982343118449347
"[0.18912239801013828, 0.8656676000608124, -0.8636132288846942, 0.19852584564180936]",20.10073331306277,2.401377476080642
"[0.18910291254420855, 0.8656668518131403, -0.8636089944906061, 0.19852327971841685]",20.104179867097486,2.40452064031635
"[0.18908338187881688, 0.8656661014436022, -0.8636047505870944, 0.1985207081098655]",20.10762800585865,2.4076638045520578
"[0.18906380578603368, 0.865665348940744, -0.8636004971268227, 0.19851813078799582]",20.111077730934454,2.410806968787765
"[0.1890441840910428, 0.86566459429513, -0.8635962340740131, 0.19851554773165594]",20.11452903630517,2.413950133023473
"[0.18902451647963806, 0.8656638374919395, -0.863591961362624, 0.19851295890136153]",20.117981929686962,2.4170932972591808
"[0.18900480275702208, 0.8656630785209188, -0.8635876789525776, 0.19851036427336446]",20.121436410454443,2.420236461494888
"[0.18898504272948552, 0.8656623173718335, -0.8635833868040497, 0.19850776382407567]",20.12489247701232,2.423379625730596
"[0.18896523622083936, 0.8656615540351015, -0.8635790848810403, 0.1985051575322272]",20.128350126788416,2.4265227899663038
"[0.18894538288103274, 0.8656607884944171, -0.8635747731098077, 0.19850254535368825]",20.131809365023795,2.429665954202011
"[0.1889254826168242, 0.8656600207433468, -0.8635704514724061, 0.19849992727813867]",20.135270188277342,2.432809118437719
"[0.18890553511073244, 0.8656592507667865, -0.8635661199022107, 0.19849730326577045]",20.138732600010247,2.4359522826734263
"[0.18888554016068615, 0.8656584785540582, -0.8635617783576811, 0.19849467329197648]",20.14219660017037,2.439095446909134
"[0.18886549753105633, 0.8656577040931623, -0.8635574267900099, 0.19849203732775422]",20.145662185115803,2.442238611144842
"[0.1888454070688164, 0.86565692737527, -0.8635530651683433, 0.19848939535497773]",20.149129354982435,2.4453817753805493
"[0.18882526842348563, 0.8656561483838874, -0.8635486934189822, 0.19848674732957894]",20.152598115782503,2.448524939616257
"[0.18880508148872785, 0.8656553671119418, -0.8635443115212484, 0.19848409323960503]",20.156068456961684,2.4516681038519645
"[0.1887848459062454, 0.8656545835425851, -0.8635399193997918, 0.19848143303999416]",20.15954039008155,2.4548112680876724
"[0.1887645615510782, 0.8656537976679716, -0.8635355170299315, 0.19847876671638207]",20.163013906085062,2.4579544323233797
"[0.18874422814134367, 0.8656530094741578, -0.8635311043529477, 0.19847609423378887]",20.16648900785819,2.4610975965590876
"[0.18872384548726495, 0.8656522189507391, -0.8635266813301317, 0.1984734155693632]",20.16996569384993,2.464240760794795
"[0.18870341328233112, 0.8656514260827585, -0.8635222478974658, 0.1984707306849288]",20.17344396580755,2.4673839250305027
"[0.1886829313707422, 0.8656506308610783, -0.8635178040236562, 0.19846803956213369]",20.176923819110513,2.4705270892662106
"[0.1886623995008884, 0.8656498332728189, -0.8635133496566414, 0.19846534217005227]",20.18040525399242,2.473670253501918
"[0.18864181739067232, 0.8656490333038857, -0.863508884737769, 0.19846263847377424]",20.183888273125326,2.4768134177376258
"[0.18862118482303092, 0.8656482309426813, -0.8635044092225193, 0.19845992844695418]",20.18737287314613,2.479956581973333
"[0.18860050159751662, 0.8656474261782314, -0.8634999230699971, 0.1984572120654435]",20.1908590530467,2.483099746209041
"[0.1885797674235233, 0.8656466189960249, -0.8634954262197744, 0.19845448929327358]",20.194346815310386,2.4862429104447488
"[0.18855898215645683, 0.8656458093872066, -0.8634909186431131, 0.1984517601136685]",20.19783615203168,2.489386074680456
"[0.18853814547726472, 0.8656449973361023, -0.8634864002734622, 0.19844902448696186]",20.201327064863435,2.492529238916164
"[0.1885172570964268, 0.8656441828281511, -0.8634818710507033, 0.19844628237739018]",20.204819558959752,2.4956724031518718
"[0.18849631688040694, 0.8656433658548508, -0.863477330948561, 0.1984435337696822]",20.208313626671,2.498815567387579
"[0.18847532457098712, 0.8656425464028074, -0.8634727799137485, 0.1984407786322209]",20.211809266171773,2.501958731623287
"[0.18845427986833072, 0.8656417244569735, -0.8634682178839802, 0.19843801692794516]",20.215306480866943,2.505101895858995
"[0.18843318259767106, 0.8656409000071554, -0.8634636448241084, 0.19843524863622927]",20.21880526365113,2.508245060094702
"[0.1884120324863791, 0.865640073039308, -0.8634590606777944, 0.1984324737236243]",20.222305615338456,2.51138822433041
"[0.18839082928177345, 0.8656392435401368, -0.8634544653930482, 0.19842969215931844]",20.22580753729478,2.5145313885661174
"[0.18836957271654622, 0.8656384114957384, -0.8634498589147355, 0.19842690391060766]",20.229311027489743,2.517674552801825
"[0.18834826261256402, 0.8656375768956802, -0.8634452412070693, 0.1984241089564954]",20.232816077696164,2.520817717037533
"[0.18832689865016647, 0.8656367397239513, -0.8634406122036197, 0.19842130725745027]",20.236322696402578,2.5239608812732404
"[0.18830548063687205, 0.8656358999694937, -0.8634359718655387, 0.19841849879063833]",20.239830872918905,2.527104045508948
"[0.18828400835205011, 0.8656350576201186, -0.8634313201479021, 0.19841568352955397]",20.243340608385434,2.530247209744656
"[0.18826248145384247, 0.8656342126588515, -0.8634266569795488, 0.19841286143181694]",20.24685190236136,2.5333903739803634
"[0.1882408997609303, 0.8656333650749815, -0.8634219823241215, 0.19841003247612005]",20.250364752982797,2.536533538216071
"[0.18821926304229, 0.8656325148558236, -0.8634172961345186, 0.19840719663465442]",20.253879153880096,2.539676702451779
"[0.1881975709931026, 0.8656316619857571, -0.8634125983476815, 0.19840435386996452]",20.257395106785427,2.5428198666874864
"[0.18817582339423689, 0.8656308064524993, -0.863407888919136, 0.19840150415584482]",20.260912608577012,2.545963030923194
"[0.18815401997920983, 0.8656299482418734, -0.8634031677941791, 0.1983986474599066]",20.264431656972018,2.5491061951589016
"[0.18813216050424303, 0.8656290873405641, -0.8633984349230497, 0.1983957837527578]",20.267952252833197,2.5522493593946094
"[0.18811024474065896, 0.8656282237358162, -0.8633936902592824, 0.19839291300700929]",20.2714743871851,2.555392523630317
"[0.18808827240228898, 0.8656273574125861, -0.8633889337439896, 0.19839003518775433]",20.27499806165302,2.5585356878660246
"[0.18806624325518043, 0.8656264883578472, -0.8633841653296164, 0.19838715026695575]",20.278523273792203,2.5616788521017324
"[0.18804415701329857, 0.8656256165564894, -0.8633793849573599, 0.19838425820977462]",20.28205001933428,2.5648220163374402
"[0.188022013485818, 0.8656247419971259, -0.8633745925890512, 0.19838135899386314]",20.285578295295224,2.5679651805731476
"[0.18799981231282228, 0.8656238646616595, -0.8633697881499535, 0.1983784525747565]",20.28910810623552,2.5711083448088554
"[0.1879775533961622, 0.8656229845423067, -0.8633649716220038, 0.19837553894227863]",20.292639436003142,2.574251509044563
"[0.1879552362951796, 0.8656221016177066, -0.8633601429130511, 0.19837261804144465]",20.296172295045857,2.5773946732802706
"[0.18793286091839778, 0.8656212158802765, -0.863355302006527, 0.19836968986299514]",20.299706670302204,2.580537837515978
"[0.1879104269222078, 0.8656203273124238, -0.8633504488313372, 0.19836675436469572]",20.303242562362207,2.583681001751686
"[0.18788793401631357, 0.8656194358986282, -0.8633455833279527, 0.19836381151131444]",20.30677997279595,2.586824165987393
"[0.18786538207266576, 0.8656185416297685, -0.8633407054719664, 0.19836086128886762]",20.31031888937318,2.589967330223101
"[0.1878427706856339, 0.8656176444856849, -0.8633358151789582, 0.19835790364707986]",20.31385931808254,2.5931104944588084
"[0.18782009965451785, 0.865616744454305, -0.8633309124088628, 0.1983549385625119]",20.31740124973675,2.596253658694516
"[0.18779736877384307, 0.8656158415233393, -0.8633259971206074, 0.19835196601111807]",20.32094468030976,2.599396822930224
"[0.18777457768761868, 0.8656149356744856, -0.8633210692405984, 0.19834898594919223]",20.32448961105659,2.6025399871659314
"[0.187751726226396, 0.8656140268968127, -0.8633161287356093, 0.1983459983574506]",20.328036035962374,2.605683151401639
"[0.18772881403826397, 0.8656131151721065, -0.8633111755329905, 0.1983430031927702]",20.33158395094124,2.608826315637347
"[0.18770584091034068, 0.8656122004876426, -0.8633062095901811, 0.19834000043023292]",20.335133355474042,2.6119694798730544
"[0.18768280662119263, 0.8656112828303245, -0.8633012308627968, 0.19833699004382357]",20.338684239527844,2.615112644108762
"[0.1876597108243127, 0.8656103621820371, -0.8632962392794494, 0.19833397199120634]",20.342236604292975,2.61825580834447
"[0.18763655329577308, 0.8656094385295108, -0.8632912347952758, 0.19833094624609002]",20.34579044594633,2.6213989725801774
"[0.18761333379299402, 0.8656085118586997, -0.8632862173614092, 0.19832791277976927]",20.349345758442272,2.624542136815885
"[0.187590052000358, 0.865607582152605, -0.8632811869132305, 0.198324871554022]",20.352902539914634,2.6276853010515926
"[0.18756670767174355, 0.8656066493969644, -0.8632761434011692, 0.19832182253973085]",20.356460785303977,2.6308284652873004
"[0.1875433005870176, 0.8656057135785189, -0.8632710867812969, 0.19831876571119664]",20.360020490151964,2.6339716295230082
"[0.18751983041599687, 0.8656047746795739, -0.8632660169859416, 0.19831570102837257]",20.36358165043251,2.6371147937587156
"[0.1874962968971487, 0.8656038326851366, -0.8632609339622946, 0.19831262846020645]",20.367144263929884,2.6402579579944234
"[0.18747269979053666, 0.8656028875810465, -0.8632558376622406, 0.1983095479784873]",20.370708323520887,2.6434011222301312
"[0.1874490388338763, 0.8656019393522095, -0.8632507280328685, 0.19830645955211268]",20.37427382609281,2.6465442864658386
"[0.1874253137632454, 0.8656009879834278, -0.8632456050209434, 0.1983033631497931]",20.377840766161913,2.6496874507015464
"[0.18740152427470533, 0.8656000334578599, -0.8632404685646223, 0.19830025873504206]",20.381409142887914,2.6528306149372542
"[0.187377670138346, 0.8655990757615952, -0.8632353186180781, 0.19829714628106052]",20.384978944629403,2.6559737791729616
"[0.18735375103038443, 0.8655981148769158, -0.863230155115249, 0.19829402574882735]",20.38855017367816,2.6591169434086694
"[0.1873297667625158, 0.8655971507915065, -0.8632249780193504, 0.19829089711702327]",20.392122823334468,2.6622601076443773
"[0.1873057169881484, 0.8655961834866526, -0.8632197872594627, 0.19828776034370557]",20.395696886563087,2.6654032718800846
"[0.18728160147839623, 0.8655952129483304, -0.8632145827901049, 0.19828461540231393]",20.399272360264643,2.6685464361157925
"[0.18725741993179074, 0.8655942391595574, -0.8632093645501638, 0.19828146225684704]",20.402849240228864,2.6716896003515
"[0.18723317208454912, 0.8655932621048266, -0.8632041324866923, 0.1982783008762475]",20.40642752252075,2.6748327645872076
"[0.18720885773568788, 0.8655922817711242, -0.863198886560324, 0.19827513123766954]",20.41000719734543,2.6779759288229155
"[0.18718447648287473, 0.8655912981372775, -0.8631936266882839, 0.1982719532920476]",20.41358826434292,2.681119093058623
"[0.18716002819454933, 0.865590311192994, -0.8631883528462477, 0.19826876702563936]",20.417170715166613,2.6842622572943307
"[0.1871355124720265, 0.8655893209171613, -0.8631830649522987, 0.19826557238991363]",20.420754546942234,2.6874054215300385
"[0.187110929091581, 0.8655883272956866, -0.8631777629622963, 0.19826236935917008]",20.424339755233145,2.690548585765746
"[0.18708627782137277, 0.8655873303141126, -0.8631724468303796, 0.19825915790667628]",20.42792633125951,2.6936917500014537
"[0.18706155830955296, 0.8655863299530862, -0.8631671164848416, 0.19825593799009456]",20.431514271911894,2.696834914237161
"[0.18703677036027722, 0.8655853261995242, -0.863161771887651, 0.19825270958743668]",20.435103568463344,2.699978078472869
"[0.18701191364972605, 0.8655843190351223, -0.8631564129732155, 0.1982494726600735]",20.4386942210863,2.7031212427085762
"[0.18698698790806742, 0.865583308443718, -0.8631510396876185, 0.1982462271764378]",20.442286219075793,2.706264406944284
"[0.18696199292279034, 0.8655822944114332, -0.863145651989333, 0.19824297311245218]",20.44587955900602,2.7094075711799914
"[0.18693692828333125, 0.8655812769163113, -0.8631402497941774, 0.19823971041828478]",20.44947423623684,2.7125507354156992
"[0.18691179381237397, 0.8655802559458162, -0.8631348330682812, 0.1982364390744985]",20.45307024229102,2.7156938996514066
"[0.18688658921873852, 0.8655792314827492, -0.8631294017532652, 0.19823315904686173]",20.456667572749197,2.7188370638871144
"[0.1868613142413037, 0.8655782035110895, -0.8631239557972642, 0.19822987030508435]",20.460266223435468,2.7219802281228223
"[0.18683596854578519, 0.8655771720117957, -0.8631184951326846, 0.1982265728093867]",20.46386618328708,2.7251233923585296
"[0.18681055193560797, 0.8655761369713864, -0.8631130197216383, 0.19822326653793593]",20.467467450475894,2.7282665565942374
"[0.18678506406979328, 0.8655750983704587, -0.8631075294951638, 0.19821995145014118]",20.471070019265284,2.7314097208299453
"[0.18675950471377978, 0.8655740561938978, -0.8631020244072588, 0.19821662751928643]",20.47467387882659,2.7345528850656526
"[0.1867338735531718, 0.8655730104232924, -0.863096504394763, 0.19821329470830118]",20.47827902677975,2.7376960493013605
"[0.18670817030897036, 0.8655719610416266, -0.8630909694021769, 0.1982099529847504]",20.48188545850968,2.740839213537068
"[0.18668239469581416, 0.8655709080315801, -0.8630854193726682, 0.1982066023154025]",20.485493165140834,2.7439823777727756
"[0.18665654649589034, 0.8655698513785487, -0.863079854263985, 0.19820324267583547]",20.48910213599931,2.7471255420084835
"[0.18663062538320999, 0.8655687910634626, -0.8630742740106203, 0.1981998740275971]",20.492712372680856,2.750268706244191
"[0.18660463108271053, 0.8655677270692861, -0.8630686785580699, 0.19819649633888653]",20.496323863542294,2.7534118704798987
"[0.18657856337005896, 0.8655666593810167, -0.8630630678627855, 0.19819310958452374]",20.499936600821897,2.7565550347156065
"[0.18655242186755808, 0.8655655879773243, -0.8630574418482478, 0.1981897137194343]",20.503550582692082,2.759698198951314
"[0.18652620632393596, 0.865564512842008, -0.8630518004651878, 0.198186308715003]",20.50716579869288,2.7628413631870217
"[0.18649991650525236, 0.8655634339595344, -0.8630461436681011, 0.1981828945448946]",20.510782245016316,2.7659845274227295
"[0.1997558894293922, 0.8660186821274025, -0.8659702183852501, 0.1999659984090553]",13.671105309410212,2.769127691658437
"[0.19975541179135825, 0.8660186689167928, -0.8659701104540143, 0.19996593192156606]",13.674705965107014,2.7722708558941447
"[0.19975493279254838, 0.8660186556683164, -0.8659700022154706, 0.199965865244819]",13.678307776331897,2.7754140201298525
"[0.19975445243040424, 0.8660186423819002, -0.8659698936690421, 0.19996579837845974]",13.681910735788337,2.77855718436556
"[0.19975397069925416, 0.8660186290573856, -0.865969784813449, 0.1999657313217]",13.685514834019143,2.7817003486012677
"[0.19975348759240316, 0.8660186156945854, -0.8659696756471799, 0.1999656640736092]",13.689120067604689,2.784843512836975
"[0.19975300310571448, 0.8660186022933831, -0.865969566169302, 0.19996559663361288]",13.692726427119958,2.787986677072683
"[0.19975251723478937, 0.866018588853655, -0.8659694563788226, 0.1999655290011003]",13.69633390460306,2.7911298413083907
"[0.19975202997285127, 0.8660185753752118, -0.8659693462742121, 0.1999654611751297]",13.699942494355899,2.794273005544098
"[0.19975154131679346, 0.8660185618579651, -0.86596923585477, 0.19996539315527]",13.703552187335083,2.797416169779806
"[0.19975105125953552, 0.8660185483017173, -0.8659691251188983, 0.19996532494053695]",13.707162976251489,2.8005593340155137
"[0.1997505597975578, 0.866018534706369, -0.8659690140658034, 0.19996525653044217]",13.710774855113478,2.803702498251221
"[0.19975006692626035, 0.8660185210717909, -0.8659689026944473, 0.1999651879243469]",13.714387810244148,2.806845662486929
"[0.1997495726390784, 0.8660185073977991, -0.8659687910033483, 0.19996511912133863]",13.718001838556306,2.8099888267226367
"[0.199749076930731, 0.8660184936842454, -0.8659686789913149, 0.1999650501206842]",13.721616931519458,2.813131990958344
"[0.19974857979738767, 0.8660184799310217, -0.865968566657483, 0.1999649809218516]",13.72523308170012,2.816275155194052
"[0.19974808123267268, 0.8660184661379496, -0.8659684540004141, 0.19996491152395493]",13.728850280654111,2.8194183194297593
"[0.1997475812323494, 0.8660184523049098, -0.8659683410191523, 0.19996484192640565]",13.732468521941414,2.822561483665467
"[0.19974707979093742, 0.8660184384317483, -0.8659682277124611, 0.19996477212844319]",13.736087792869025,2.8257046479011745
"[0.19974657690408396, 0.8660184245183427, -0.8659681140793585, 0.19996470212946266]",13.739708088353922,2.8288478121368823
"[0.19974607256610874, 0.8660184105645334, -0.8659680001185629, 0.19996463192867503]",13.74332940078278,2.8319909763725897
"[0.19974556677082886, 0.8660183965701472, -0.8659678858286788, 0.1999645615252216]",13.746951720423358,2.8351341406082975
"[0.19974505951584362, 0.8660183825351156, -0.8659677712091658, 0.1999644909187693]",13.75057503811977,2.838277304844005
"[0.1997445507934641, 0.8660183684592238, -0.8659676562582882, 0.19996442010824955]",13.754199347741984,2.8414204690797127
"[0.1997440405996255, 0.8660183543423564, -0.8659675409751292, 0.19996434909309846]",13.75782464047364,2.8445636333154205
"[0.19974352892912783, 0.8660183401843679, -0.8659674253585157, 0.19996427787259363]",13.76145090446527,2.847706797551128
"[0.1997430157768565, 0.8660183259851141, -0.8659673094072937, 0.19996420644602494]",13.76507813781377,2.8508499617868357
"[0.19974250113694003, 0.8660183117444304, -0.8659671931201387, 0.19996413481257622]",13.768706326533042,2.8539931260225435
"[0.19974198500724624, 0.8660182974622556, -0.8659670764965705, 0.1999640629719531]",13.77233546258227,2.857136290258251
"[0.19974146737937748, 0.8660182831383547, -0.8659669595346934, 0.1999639909229878]",13.775965537521435,2.8602794544939587
"[0.1997409482490691, 0.8660182687726075, -0.8659668422335457, 0.1999639186650886]",13.779596544633309,2.863422618729666
"[0.1997404276120141, 0.8660182543648928, -0.8659667245921564, 0.19996384619765745]",13.783228471923428,2.866565782965374
"[0.19973990546288126, 0.86601823991506, -0.8659666066093223, 0.19996377351995423]",13.786861311925827,2.8697089472010817
"[0.19973938179495163, 0.8660182254229214, -0.8659664882835274, 0.19996370063104543]",13.790495061628567,2.872852111436789
"[0.19973885660612395, 0.8660182108884161, -0.8659663696142988, 0.1999636275306402]",13.794129699735944,2.875995275672497
"[0.19973832988927084, 0.8660181963113445, -0.8659662506000279, 0.19996355421774822]",13.797765226997445,2.8791384399082047
"[0.1997378016400378, 0.8660181816915838, -0.8659661312397329, 0.19996348069176476]",13.801401630971787,2.882281604143912
"[0.19973727185267362, 0.8660181670289722, -0.8659660115321158, 0.1999634069518917]",13.805038901502234,2.88542476837962
"[0.1997367405228157, 0.8660181523233866, -0.8659658914761935, 0.19996333299752292]",13.808677033267008,2.8885679326153277
"[0.19973620764454514, 0.8660181375746607, -0.86596577107063, 0.19996325882783705]",13.812316013784793,2.891711096851035
"[0.1997356732156406, 0.8660181227827305, -0.8659656503149257, 0.19996318444252606]",13.815955832966612,2.894854261086743
"[0.199735137227202, 0.8660181079473472, -0.8659655292070715, 0.19996310984035315]",13.819596483503988,2.8979974253224503
"[0.1997345996756505, 0.8660180930684092, -0.8659654077462607, 0.19996303502082216]",13.82323795759281,2.901140589558158
"[0.19973406055619014, 0.8660180781457812, -0.865965285931412, 0.1999629599832669]",13.826880242947718,2.904283753793866
"[0.19973351986395502, 0.866018063179326, -0.8659651637614276, 0.19996288472701243]",13.830523330791658,2.9074269180295733
"[0.1997329775931765, 0.8660180481688813, -0.8659650412350065, 0.1999628092512572]",13.834167212002187,2.910570082265281
"[0.1997324337393686, 0.8660180331143204, -0.8659649183511368, 0.19996273355537927]",13.837811878869323,2.913713246500989
"[0.19973188829816166, 0.8660180180155196, -0.8659647951088334, 0.19996265763877166]",13.841457317969873,2.9168564107366963
"[0.199731341263512, 0.8660180028723091, -0.8659646715067327, 0.19996258150059543]",13.845103522884484,2.919999574972404
"[0.19973079262993398, 0.8660179876845344, -0.8659645475435978, 0.19996250514008876]",13.848750481606837,2.923142739208112
"[0.19973024239258025, 0.8660179724520586, -0.8659644232183349, 0.1999624285565791]",13.852398188948248,2.9262859034438193
"[0.19972969054809855, 0.8660179571747865, -0.8659642985301894, 0.19996235174960136]",13.856046629310146,2.929429067679527
"[0.19972913709113063, 0.8660179418525666, -0.8659641734779522, 0.19996227471841194]",13.859695794004896,2.9325722319152345
"[0.19972858201454802, 0.8660179264851995, -0.865964048060015, 0.19996219746202043]",13.86334567718246,2.9357153961509423
"[0.19972802531508113, 0.8660179110725913, -0.8659639222756413, 0.19996211997997407]",13.866996265578763,2.93885856038665
"[0.19972746698775107, 0.8660178956146019, -0.8659637961237083, 0.19996204227158132]",13.870647550936198,2.9420017246223575
"[0.19972690702728518, 0.8660178801110822, -0.8659636696030267, 0.1999619643361107]",13.874299522506034,2.9451448888580654
"[0.1997263454281041, 0.8660178645618754, -0.8659635427123384, 0.19996188617278712]",13.877952171021873,2.9482880530937727
"[0.19972578218535597, 0.8660178489668441, -0.8659634154505492, 0.19996180778093758]",13.881605485834797,2.9514312173294805
"[0.19972521729642637, 0.8660178333259131, -0.8659632878170705, 0.19996172916020036]",13.885259454367207,2.954574381565188
"[0.19972465075276308, 0.8660178176388428, -0.8659631598099723, 0.19996165030938692]",13.888914073010916,2.9577175458008957
"[0.19972408255130092, 0.8660178019055457, -0.8659630314285643, 0.19996157122807284]",13.89256932591417,2.960860710036603
"[0.19972351268715471, 0.8660177861258834, -0.8659629026717452, 0.19996149191557996]",13.896225205525463,2.964003874272311
"[0.19972294115625505, 0.8660177702997405, -0.8659627735385975, 0.19996141237134404]",13.899881699112177,2.9671470385080188
"[0.19972236795191656, 0.8660177544269293, -0.8659626440276136, 0.19996133259443655]",13.903538800466889,2.970290202743726
"[0.19972179306916346, 0.8660177385073085, -0.8659625141376708, 0.19996125258416747]",13.907196496957008,2.973433366979434
"[0.1997212165045869, 0.8660177225407812, -0.8659623838680017, 0.19996117234006408]",13.910854776876102,2.9765765312151413
"[0.19972063825185216, 0.8660177065271689, -0.8659622532171772, 0.19996109186124694]",13.914513632510301,2.979719695450849
"[0.19972005830762385, 0.8660176904663764, -0.8659621221844463, 0.1999610111472536]",13.918173053219014,2.982862859686557
"[0.19971947666648196, 0.8660176743582506, -0.8659619907685866, 0.19996093019733233]",13.921833026815678,2.9860060239222643
"[0.19971889332179787, 0.866017658202605, -0.8659618589681028, 0.19996084901056224]",13.92549354450779,2.989149188157972
"[0.1997183082707655, 0.8660176419993586, -0.8659617267823634, 0.1999607675865555]",13.929154595568962,2.99229235239368
"[0.19971772150851053, 0.8660176257483737, -0.8659615942102694, 0.19996068592463515]",13.932816167205553,2.9954355166293873
"[0.19971713302845087, 0.8660176094494649, -0.8659614612503362, 0.1999606040238877]",13.936478252944664,2.998578680865095
"[0.1997165428281218, 0.8660175931025608, -0.8659613279020094, 0.1999605218839722]",13.940140840372672,3.001721845100803
"[0.1997159509022248, 0.8660175767075117, -0.8659611941640942, 0.1999604395041536]",13.943803917157512,3.0048650093365104
"[0.19971535724400777, 0.8660175602641274, -0.8659610600350676, 0.19996035688349392]",13.947467476136866,3.008008173572218
"[0.19971476185058412, 0.8660175437723246, -0.8659609255142797, 0.19996027402159436]",13.951131503084513,3.0111513378079255
"[0.19971416471707384, 0.8660175272319656, -0.8659607906006308, 0.19996019091777728]",13.954795989093387,3.0142945020436334
"[0.19971356583663047, 0.8660175106428574, -0.8659606552925766, 0.1999601075710921]",13.958460926232306,3.017437666279341
"[0.19971296520631726, 0.866017494004915, -0.8659605195894554, 0.19996002398113302]",13.962126299171594,3.0205808305150486
"[0.1997123628212207, 0.8660174773179997, -0.8659603834901604, 0.19995994014721782]",13.965792099560728,3.0237239947507564
"[0.19971175867715166, 0.8660174605819922, -0.8659602469937475, 0.1999598560687657]",13.969458315231078,3.026867158986464
"[0.19971115276856452, 0.8660174437967353, -0.8659601100989659, 0.19995977174500776]",13.97312493727493,3.0300103232221716
"[0.19971054508961453, 0.8660174269620641, -0.8659599728044981, 0.1999596871751325]",13.976791955472445,3.0331534874578794
"[0.1997099356387068, 0.8660174100779313, -0.8659598351099864, 0.19995960235892024]",13.980459354991837,3.036296651693587
"[0.19970932440892428, 0.8660173931441417, -0.8659596970138703, 0.19995951729541078]",13.984127127947707,3.0394398159292946
"[0.19970871139506371, 0.8660173761605482, -0.8659595585149772, 0.1999594319838821]",13.987795264122688,3.0425829801650024
"[0.19970809659356492, 0.8660173591270487, -0.8659594196125052, 0.19995934642384136]",13.991463750320873,3.04572614440071
"[0.199707480000037, 0.8660173420435181, -0.865959280305465, 0.1999592606146796]",13.99513257718283,3.0488693086364176
"[0.19970686160902812, 0.8660173249098023, -0.8659591405926277, 0.19995917455564047]",13.99880173528187,3.0520124728721254
"[0.1997062414167084, 0.8660173077257914, -0.8659590004731301, 0.19995908824619368]",14.002471209066492,3.0551556371078328
"[0.19970561941778414, 0.8660172904913358, -0.8659588599457795, 0.1999590016856046]",14.006140991104132,3.0582988013435406
"[0.1997049956081867, 0.8660172732063193, -0.8659587190096593, 0.1999589148733097]",14.009811071090487,3.0614419655792484
"[0.1997043699823559, 0.8660172558705841, -0.8659585776635158, 0.1999588278085372]",14.013481435768712,3.064585129814956
"[0.1997037425374373, 0.866017238484048, -0.8659584359067072, 0.1999587404908927]",14.017152074563555,3.0677282940506636
"[0.19970311326783638, 0.8660172210465524, -0.865958293737972, 0.19995865291959983]",14.020822977623167,3.070871458286371
"[0.19970248216857525, 0.8660172035579559, -0.8659581511561885, 0.1999585650939683]",14.024494132060218,3.074014622522079
"[0.1997018492347801, 0.86601718601812, -0.8659580081602584, 0.19995847701332264]",14.028165528802486,3.077157786757786
"[0.19970121446367994, 0.8660171684269642, -0.865957864749558, 0.19995838867727947]",14.031837156707178,3.080300950993494
"[0.19970057784967696, 0.8660171507843302, -0.8659577209228262, 0.1999583000850622]",14.035509003612999,3.0834441152292014
"[0.1996999393876248, 0.8660171330900717, -0.8659575766789029, 0.199958211235957]",14.03918105656746,3.086587279464909
"[0.19969929907533712, 0.8660171153441244, -0.8659574320172967, 0.1999581221296629]",14.042853308683465,3.089730443700617
"[0.19969865690584274, 0.8660170975462916, -0.8659572869364358, 0.19995803276521162]",14.046525744370614,3.0928736079363244
"[0.19969801287716263, 0.866017079696515, -0.8659571414358759, 0.19995794314233067]",14.050198356110513,3.096016772172032
"[0.1996973669825323, 0.8660170617946031, -0.8659569955140916, 0.19995785326008084]",14.053871131660362,3.0991599364077396
"[0.1996967192178909, 0.8660170438404402, -0.8659568491701685, 0.19995776311790003]",14.057544061497097,3.1023031006434474
"[0.19969606958006383, 0.8660170258339345, -0.8659567024033923, 0.19995767271534884]",14.061217131487883,3.105446264879155
"[0.19969541806474927, 0.8660170077749628, -0.8659565552127938, 0.19995758205183134]",14.064890329420217,3.1085894291148626
"[0.19969476466622607, 0.8660169896633632, -0.8659564075970839, 0.19995749112655375]",14.068563648914525,3.1117325933505704
"[0.19969410938048843, 0.8660169714990208, -0.8659562595553603, 0.19995739993896175]",14.07223707530379,3.114875757586278
"[0.19969345220435616, 0.8660169532818435, -0.8659561110869074, 0.19995730848861526]",14.075910598068926,3.1180189218219856
"[0.19969279313165694, 0.866016935011657, -0.8659559621903343, 0.1999572167746575]",14.079584206572195,3.1211620860576934
"[0.1996921321609781, 0.8660169166884178, -0.8659558128653243, 0.19995712479689526]",14.083257888861231,3.124305250293401
"[0.19969146928520196, 0.8660168983119251, -0.8659556631102727, 0.19995703255434036]",14.086931635651931,3.1274484145291086
"[0.19969080450103466, 0.8660168798820836, -0.8659555129244384, 0.19995694004653725]",14.090605431804748,3.1305915787648164
"[0.1996901378049668, 0.8660168613987923, -0.8659553623070315, 0.19995684727300056]",14.094279269458797,3.133734743000524
"[0.19968946919120065, 0.8660168428618865, -0.8659552112567453, 0.1999567542329259]",14.097953138360358,3.1368779072362316
"[0.1996887986568845, 0.8660168242712837, -0.8659550597729391, 0.199956660925919]",14.101627023148785,3.1400210714719394
"[0.19968812619831655, 0.8660168056268768, -0.8659549078547791, 0.199956567351468]",14.105300915680855,3.1431642357076472
"[0.19968745180890649, 0.8660167869284795, -0.8659547555007802, 0.199956473508658]",14.108974804004058,3.1463073999433546
"[0.1996867754878816, 0.8660167681760663, -0.8659546027107704, 0.19995637939738503]",14.112648677342895,3.149450564179062
"[0.1996860972291737, 0.8660167493694649, -0.8659544494833822, 0.19995628501680693]",14.116322523046872,3.1525937284147703
"[0.19968541702775916, 0.8660167305085323, -0.8659542958174838, 0.19995619036622786]",14.119996331519076,3.1557368926504776
"[0.19968473488167401, 0.8660167115932103, -0.8659541417126353, 0.19995609544537665]",14.1236700905794,3.158880056886185
"[0.19968405078388515, 0.8660166926232991, -0.8659539871672501, 0.19995600025327812]",14.127343789335427,3.1620232211218933
"[0.19968336473334472, 0.8660166735987663, -0.8659538321810956, 0.199955904789789]",14.13101741748289,3.1651663853576006
"[0.1996826767252528, 0.8660166545194745, -0.8659536767530901, 0.1999558090542446]",14.134690962519972,3.168309549593308
"[0.19968198675626633, 0.8660166353853267, -0.8659535208824816, 0.19995571304618243]",14.138364409550597,3.1714527138290163
"[0.1996812948209603, 0.8660166161961687, -0.8659533645680482, 0.19995561676485038]",14.142037755340612,3.1745958780647237
"[0.19968060091451367, 0.8660165969518625, -0.8659532078087038, 0.19995552020958068]",14.145710985711846,3.177739042300431
"[0.1996799050346046, 0.8660165776523397, -0.8659530506039274, 0.1999554233800531]",14.149384088670224,3.1808822065361384
"[0.19967920717830298, 0.8660165582975149, -0.8659528929530601, 0.19995532627586277]",14.153057051240989,3.1840253707718467
"[0.19967850734039844, 0.8660165388872393, -0.8659527348549284, 0.1999552288962878]",14.156729862741797,3.187168535007554
"[0.19967780551619982, 0.8660165194213787, -0.8659525763084759, 0.19995513124067832]",14.160402516651164,3.1903116992432614
"[0.19967710170323688, 0.8660164998998604, -0.8659524173131478, 0.19995503330869366]",14.164074995798053,3.1934548634789692
"[0.19967639589687652, 0.8660164803225516, -0.865952257867901, 0.19995493509969184]",14.16774729281933,3.196598027714677
"[0.19967568809388878, 0.8660164606893586, -0.8659520979720092, 0.19995483661322683]",14.17141939482174,3.1997411919503844
"[0.1996749782888185, 0.8660164410001254, -0.8659519376242432, 0.19995473784854265]",14.175091293600616,3.2028843561860922
"[0.19967426648025818, 0.8660164212548094, -0.865951776824289, 0.19995463880544584]",14.178762974260453,3.2060275204218
"[0.19967355266370002, 0.8660164014532805, -0.8659516155711313, 0.1999545394833131]",14.182434425646957,3.2091706846575074
"[0.19967283683370263, 0.8660163815953839, -0.8659514538635446, 0.19995443988138956]",14.186105641662584,3.2123138488932153
"[0.19967211899071569, 0.8660163616811276, -0.8659512917016338, 0.1999543399997416]",14.189776603739592,3.2154570131289226
"[0.19967139912616672, 0.8660163417102692, -0.8659511290834657, 0.19995423983717883]",14.193447307109723,3.2186001773646304
"[0.19967067723813414, 0.8660163216827514, -0.8659509660086102, 0.19995413939343773]",14.19711773915488,3.2217433416003383
"[0.19966995332432533, 0.866016301598506, -0.8659508024765527, 0.19995403866820155]",14.200787889099232,3.2248865058360456
"[0.19966922738079718, 0.866016281457419, -0.8659506384864059, 0.19995393766092556]",14.204457743366238,3.228029670071753
"[0.1996684994027039, 0.8660162612593519, -0.8659504740370789, 0.19995383637093803]",14.208127294712549,3.2311728343074613
"[0.19966776938706124, 0.8660162410042169, -0.8659503091279008, 0.19995373479782752]",14.211796528224117,3.2343159985431686
"[0.19966703733048255, 0.8660162206919161, -0.8659501437581106, 0.19995363294112575]",14.215465436331693,3.237459162778876
"[0.1996663032282662, 0.8660162003223142, -0.8659499779266497, 0.19995353080018138]",14.219134006245124,3.2406023270145843
"[0.1996655670796286, 0.8660161798953849, -0.8659498116333445, 0.19995342837488933]",14.22280222567538,3.2437454912502917
"[0.19966482887832476, 0.8660161594109506, -0.8659496448767882, 0.1999533256643833]",14.226470089704739,3.246888655485999
"[0.19966408862299917, 0.8660161388689689, -0.865949477656678, 0.1999532226684781]",14.230137581350554,3.2500318197217073
"[0.19966334630883223, 0.8660161182693017, -0.8659493099719292, 0.19995311938650642]",14.233804690377537,3.2531749839574147
"[0.19966260193244353, 0.8660160976118502, -0.8659491418217815, 0.1999530158180011]",14.23747140879168,3.256318148193122
"[0.19966185548985388, 0.8660160768964996, -0.8659489732053399, 0.19995291196241208]",14.241137725127157,3.2594613124288294
"[0.19966110698118938, 0.8660160561232488, -0.8659488041226369, 0.19995280781975983]",14.244803627854969,3.2626044766645377
"[0.19966035639858554, 0.8660160352918748, -0.8659486345718992, 0.19995270338895385]",14.248469104954545,3.265747640900245
"[0.19965960374128372, 0.8660160144023517, -0.8659484645529595, 0.19995259866989137]",14.252134148028885,3.2688908051359524
"[0.19965884900576386, 0.8660159934545774, -0.8659482940650266, 0.19995249366208645]",14.255798743106894,3.2720339693716607
"[0.19965809218742142, 0.866015972448419, -0.8659481231070638, 0.1999523883649013]",14.259462884004211,3.275177133607368
"[0.19965733328531152, 0.8660159513838458, -0.8659479516788615, 0.19995228277820862]",14.263126556705947,3.2783202978430754
"[0.1996565722941842, 0.8660159302607072, -0.8659477797792381, 0.19995217690128042]",14.26678975373866,3.2814634620787837
"[0.19965580921181272, 0.8660159090789367, -0.8659476074076938, 0.19995207073381116]",14.270452460834177,3.284606626314491
"[0.1996550440354427, 0.8660158878384527, -0.8659474345636106, 0.1999519642754206]",14.2741146693202,3.2877497905501984
"[0.19965427675998584, 0.8660158665391094, -0.865947261245843, 0.19995185752540418]",14.277776366716576,3.2908929547859067
"[0.19965350738422777, 0.8660158451808684, -0.8659470874541206, 0.19995175048359642]",14.281437545533041,3.294036119021614
"[0.1996527359058566, 0.8660158237636602, -0.8659469131879249, 0.19995164314967923]",14.285098194021895,3.2971792832573215
"[0.19965196231941862, 0.8660158022873288, -0.8659467384460283, 0.19995153552289716]",14.288758301459014,3.3003224474930297
"[0.19965118662315598, 0.8660157807518203, -0.8659465632280372, 0.19995142760300932]",14.292417858134263,3.303465611728737
"[0.19965040881328133, 0.8660157591570249, -0.8659463875331005, 0.1999513193894923]",14.296076851980239,3.3066087759644445
"[0.1996496288879301, 0.8660157375028856, -0.8659462113608007, 0.19995121088208986]",14.29973527589307,3.3097519402001523
"[0.19964884684281375, 0.8660157157892783, -0.8659460347101731, 0.19995110208020941]",14.303393115936716,3.31289510443586
"[0.1996480626772823, 0.8660156940161802, -0.865945857581075, 0.19995099298376354]",14.30705036350038,3.3160382686715675
"[0.19964727638672472, 0.8660156721834583, -0.865945679972469, 0.19995088359211466]",14.31070700813214,3.3191814329072753
"[0.19964648796692838, 0.8660156502909903, -0.8659455018834072, 0.19995077390468022]",14.314363037492697,3.322324597142983
"[0.1996456974180016, 0.8660156283387741, -0.8659453233139183, 0.1999506639214788]",14.318018445994678,3.3254677613786905
"[0.19964490473596974, 0.8660156063266946, -0.8659451442631089, 0.19995055364196077]",14.321673221336264,3.3286109256143983
"[0.19964410991741907, 0.8660155842546516, -0.8659449647302114, 0.1999504430656555]",14.325327351139872,3.3317540898501057
"[0.19964331295915147, 0.8660155621225515, -0.8659447847145082, 0.19995033219212083]",14.328980829000658,3.3348972540858135
"[0.19964251386049547, 0.8660155399303702, -0.8659446042158513, 0.19995022102126747]",14.332633642425655,3.338040418321521
"[0.19964171261688293, 0.8660155176779756, -0.8659444232332129, 0.19995010955246398]",14.336285780994272,3.3411835825572287
"[0.19964090922468056, 0.866015495365262, -0.865944241765777, 0.1999499977852076]",14.339937236732306,3.344326746792936
"[0.1996401036855103, 0.8660154729922689, -0.8659440598139135, 0.19994988571972852]",14.343587999657789,3.347469911028644
"[0.19963929599339333, 0.8660154505588252, -0.8659438773762768, 0.19994977335519798]",14.34723805707603,3.3506130752643517
"[0.19963848614472568, 0.8660154280648253, -0.8659436944520564, 0.19994966069111883]",14.350887402538671,3.353756239500059
"[0.1996376741402748, 0.8660154055102857, -0.8659435110414303, 0.19994954772760165]",14.35453602445,3.3568994037357665
"[0.1996368599747973, 0.8660153828950552, -0.8659433271432184, 0.19994943446392]",14.35818391414153,3.3600425679714747
"[0.19963604364829501, 0.8660153602191283, -0.865943142757425, 0.1999493209000785]",14.361831059846129,3.363185732207182
"[0.19963522515480767, 0.8660153374823346, -0.8659429578827085, 0.19994920703525185]",14.365477453130206,3.3663288964428895
"[0.19963440449430545, 0.8660153146846676, -0.8659427725190663, 0.19994909286943927]",14.369123085496028,3.3694720606785977
"[0.19963358166421674, 0.8660152918260507, -0.8659425866659219, 0.199948978402287]",14.372767944824687,3.372615224914305
"[0.19963275666250385, 0.8660152689064216, -0.8659424003228191, 0.19994886363351555]",14.376412022117448,3.3757583891500125
"[0.19963192948436764, 0.8660152459256419, -0.8659422134886787, 0.1999487485624608]",14.380055310486735,3.3789015533857207
"[0.19963110012976115, 0.8660152228837047, -0.8659420261634941, 0.1999486331891204]",14.3836978000018,3.382044717621428
"[0.19963026859577224, 0.8660151997805235, -0.8659418383466121, 0.19994851751309278]",14.387339474916741,3.3851878818571355
"[0.19962943487950005, 0.8660151766160127, -0.8659416500373819, 0.19994840153397841]",14.390980335541396,3.3883310460928437
"[0.19962859898057592, 0.8660151533901561, -0.8659414612357244, 0.19994828525172986]",14.394620363182312,3.391474210328551
"[0.19962776089393958, 0.8660151301028077, -0.8659412719405012, 0.19994816866564707]",14.398259557026705,3.3946173745642585
"[0.19962692061945314, 0.8660151067539583, -0.8659410821516856, 0.199948051775715]",14.401897903100668,3.3977605387999668
"[0.19962607815548594, 0.8660150833435569, -0.8659408918689139, 0.19994793458171062]",14.405535393081133,3.400903703035674
"[0.19962523349777203, 0.8660150598714794, -0.8659407010912267, 0.19994781708304424]",14.409172016605943,3.4040468672713815
"[0.19962438664471885, 0.8660150363376761, -0.8659405098182691, 0.1999476992794984]",14.412807765804994,3.4071900315070898
"[0.19962353759414325, 0.8660150127420806, -0.8659403180495524, 0.19994758117077321]",14.416442632044276,3.410333195742797
"[0.19962268634642794, 0.8660149890846978, -0.8659401257851673, 0.19994746275692654]",14.420076605286578,3.4134763599785045
"[0.1996218328966403, 0.8660149653653851, -0.8659399330240046, 0.19994734403727557]",14.42370967864993,3.416619524214212
"[0.19962097724322503, 0.8660149415840936, -0.8659397397657174, 0.19994722501160817]",14.427341837882954,3.41976268844992
"[0.19962011938492522, 0.8660149177407828, -0.8659395460100264, 0.19994710567975346]",14.430973081961508,3.4229058526856275
"[0.1996192593197261, 0.8660148938353907, -0.8659393517564812, 0.19994698604143532]",14.43460339533523,3.426049016921335
"[0.19961839704512316, 0.8660148698678423, -0.8659391570045207, 0.19994686609630913]",14.438232772679243,3.429192181157043
"[0.19961753255979733, 0.8660148458380947, -0.8659389617538513, 0.19994674584419614]",14.441861205465129,3.4323353453927505
"[0.19961666586262197, 0.8660148217461114, -0.8659387660042236, 0.199946625284943]",14.44548868332685,3.435478509628458
"[0.19961579694818077, 0.8660147975917356, -0.8659385697544186, 0.1999465044178008]",14.44911519771912,3.438621673864166
"[0.199614925820871, 0.866014773375084, -0.8659383730054343, 0.19994638324338537]",14.452740741095985,3.4417648380998735
"[0.19961405247276204, 0.8660147490959303, -0.8659381757554842, 0.1999462617605972]",14.456365305563295,3.444908002335581
"[0.19961317690736805, 0.8660147247543662, -0.8659379780053665, 0.19994613996992966]",14.459988878843454,3.4480511665712887
"[0.19961229911691797, 0.8660147003501699, -0.865937779753331, 0.19994601787030591]",14.463611458100603,3.4511943308069966
"[0.19961141910590344, 0.8660146758834604, -0.8659375810003966, 0.19994589546235478]",14.467233032559271,3.454337495042704
"[0.199610536868966, 0.8660146513540826, -0.8659373817453581, 0.19994577274533526]",14.470853590993759,3.4574806592784117
"[0.19960965240567674, 0.8660146267620189, -0.8659371819881232, 0.19994564971919168]",14.47447313112708,3.460623823514119
"[0.19960876571338237, 0.8660146021071895, -0.8659369817280974, 0.1999455263835594]",14.47809163915677,3.463766987749827
"[0.1996078767921688, 0.8660145773895909, -0.865936780965305, 0.1999454027384543]",14.481709109791748,3.4669101519855348
"[0.19960698563818294, 0.86601455260911, -0.8659365796988806, 0.19994527878334492]",14.485325533702891,3.470053316221242
"[0.19960609225295964, 0.8660145277657831, -0.8659363779291754, 0.1999451545184491]",14.488940904389882,3.4731964804569495
"[0.19960519663258158, 0.8660145028594959, -0.86593617565531, 0.19994502994322563]",14.492555212573993,3.4763396446926578
"[0.19960429877738742, 0.8660144778902514, -0.8659359728773653, 0.19994490505772636]",14.496168450077946,3.479482808928365
"[0.19960339868429688, 0.8660144528579578, -0.8659357695946506, 0.1999447798615273]",14.499780611503116,3.4826259731640725
"[0.1996024963523695, 0.8660144277625829, -0.8659355658069582, 0.1999446543545018]",14.503391688269286,3.485769137399781
"[0.19960159178149106, 0.8660144026041177, -0.8659353615142675, 0.1999445285366378]",14.507001671518804,3.488912301635488
"[0.19960068496828826, 0.8660143773824619, -0.8659351567158214, 0.19994440240747094]",14.510610550856784,3.4920554658711955
"[0.19959977591259442, 0.866014352097605, -0.8659349514115873, 0.19994427596698228]",14.514218325448494,3.495198630106903
"[0.19959886461407653, 0.8660143267495315, -0.8659347456014947, 0.19994414921512998]",14.517824980640345,3.498341794342611
"[0.19959795106931283, 0.8660143013381402, -0.865934539284776, 0.19994402215144208]",14.521430513316107,3.5014849585783185
"[0.19959703527821607, 0.8660142758634222, -0.8659343324614164, 0.19994389477591126]",14.525034918530524,3.504628122814026
"[0.19959611723988516, 0.8660142503253463, -0.8659341251312171, 0.19994376708841644]",14.528638181263995,3.507771287049734
"[0.19959519695363587, 0.8660142247238873, -0.8659339172940289, 0.1999436390888667]",14.532240298720021,3.5109144512854416
"[0.1995942744159827, 0.866014199058942, -0.8659337089490694, 0.19994351077678207]",14.535841261859238,3.514057615521149
"[0.1995933496285258, 0.8660141733305489, -0.8659335000967054, 0.19994338215238885]",14.539441066770813,3.517200779756857
"[0.1995924225895053, 0.8660141475386522, -0.865933290736544, 0.19994325321544743]",14.543039704520877,3.5203439439925646
"[0.19959149329561648, 0.8660141216831542, -0.8659330808678443, 0.19994312396550226]",14.546637168761809,3.523487108228272
"[0.19959056174938036, 0.8660140957641185, -0.8659328704911805, 0.19994299440290839]",14.550233451049836,3.52663027246398
"[0.1995896279469852, 0.8660140697814327, -0.865932659605697, 0.19994286452714027]",14.553828544916199,3.5297734366996876
"[0.19958869189067285, 0.8660140437351528, -0.8659324482119051, 0.19994273433851423]",14.557422442714392,3.532916600935395
"[0.19958775357561034, 0.8660140176251379, -0.8659322363087181, 0.19994260383636298]",14.561015137037169,3.536059765171103
"[0.19958681300304426, 0.8660139914514166, -0.8659320238964233, 0.19994247302086338]",14.564606626291628,3.5392029294068106
"[0.1995858701719799, 0.8660139652139544, -0.8659318109748008, 0.1999423418918828]",14.568196896010155,3.542346093642518
"[0.19958492508137907, 0.8660139389127162, -0.8659315975436213, 0.19994221044928062]",14.571785946516846,3.545489257878226
"[0.19958397773082684, 0.8660139125476841, -0.8659313836027965, 0.19994207869300382]",14.575373765232905,3.5486324221139336
"[0.19958302811943618, 0.8660138861188268, -0.865931169152131, 0.1999419466229339]",14.578960352615962,3.551775586349641
"[0.1995820762452905, 0.8660138596260846, -0.8659309541911973, 0.19994181423880877]",14.582545695527457,3.5549187505853492
"[0.19958112210934523, 0.8660138330694775, -0.8659307387202164, 0.1999416815407655]",14.586129789920763,3.5580619148210566
"[0.19958016571011988, 0.8660138064489578, -0.8659305227388591, 0.19994154852860344]",14.58971263198233,3.561205079056764
"[0.19957920704787802, 0.8660137797645264, -0.8659303062471904, 0.19994141520236328]",14.593294211434571,3.5643482432924714
"[0.19957824611936303, 0.866013753016086, -0.8659300892444796, 0.19994128156159738]",14.596874525045822,3.5674914075281796
"[0.19957728292733887, 0.866013726203707, -0.8659298717313566, 0.19994114760669424]",14.600453564975242,3.570634571763887
"[0.1995763174679429, 0.8660136993272753, -0.8659296537069544, 0.1999410133371212]",14.604031325916356,3.5737777359995944
"[0.19957534974356675, 0.8660136723868508, -0.8659294351718179, 0.19994087875321642]",14.607607800558862,3.576920900235302
"[0.19957437975265438, 0.8660136453823837, -0.8659292161256015, 0.19994074385476748]",14.611182985485943,3.58006406447101
"[0.1995734074941122, 0.8660136183138368, -0.8659289965680633, 0.19994060864162688]",14.614756872992912,3.5832072287067174
"[0.1995724329675674, 0.8660135911811933, -0.8659287764991248, 0.19994047311374785]",14.618329456507908,3.586350392942425
"[0.1995714561743873, 0.8660135639844845, -0.8659285559190999, 0.199940337271325]",14.621900733513673,3.5894935571781326
"[0.19957047711031134, 0.8660135367235848, -0.8659283348270316, 0.19994020111377095]",14.625470696749769,3.5926367214138404
"[0.19956949577968655, 0.8660135093986088, -0.8659281132239071, 0.1999400646416947]",14.629039338241538,3.595779885649548
"[0.19956851217856889, 0.8660134820094401, -0.8659278911088413, 0.1999399278545525]",14.632606654764876,3.5989230498852556
"[0.1995675263090788, 0.8660134545561308, -0.8659276684823183, 0.19993979075264387]",14.636172639905912,3.602066214120963
"[0.19956653816934933, 0.866013427038622, -0.8659274453439219, 0.19993965333571415]",14.639737289949142,3.605209378356671
"[0.19956554775891214, 0.8660133994568944, -0.8659272216935517, 0.19993951560370296]",14.643300598714081,3.6083525425923786
"[0.19956455507962825, 0.8660133718109926, -0.8659269975316336, 0.199939377556874]",14.646862559258656,3.611495706828086
"[0.19956356012917761, 0.8660133441008454, -0.8659267728576491, 0.19993923919490922]",14.650423164962397,3.6146388710637942
"[0.19956256290672356, 0.8660133163264226, -0.8659265476714145, 0.19993910051769723]",14.653982419754822,3.6177820352995016
"[0.199561563414824, 0.8660132884877887, -0.8659263219735133, 0.19993896152559856]",14.657540306289588,3.620925199535209
"[0.19956056165268046, 0.8660132605849145, -0.8659260957637701, 0.19993882221850723]",14.66109682590358,3.6240683637709172
"[0.19955955761866156, 0.8660132326177478, -0.8659258690418227, 0.19993868259620076]",14.6646519766347,3.6272115280066246
"[0.19955855131363864, 0.8660132045863058, -0.8659256418078728, 0.1999385426588055]",14.668205748043055,3.630354692242332
"[0.19955754273882068, 0.8660131764906157, -0.8659254140621994, 0.19993840240649435]",14.671758136754173,3.6334978564780402
"[0.1995565318912846, 0.8660131483305886, -0.8659251858041475, 0.19993826183886604]",14.67530914063283,3.6366410207137476
"[0.19955551877329236, 0.8660131201062812, -0.8659249570342339, 0.19993812095623945]",14.678858751203148,3.639784184949455
"[0.19955450338383812, 0.866013091817658, -0.8659247277522366, 0.1999379797584801]",14.682406966820919,3.6429273491851624
"[0.19955348572402906, 0.8660130634647432, -0.8659244979584114, 0.19993783824574665]",14.685953779531012,3.6460705134208706
"[0.19955246579345845, 0.8660130350475184, -0.8659242676526723, 0.19993769641798748]",14.689499189383113,3.649213677656578
"[0.1995514435925552, 0.8660130065659885, -0.8659240368351212, 0.19993755427526733]",14.693043187768392,3.6523568418922854
"[0.19955041912139396, 0.8660129780201488, -0.865923805505781, 0.19993741181760138]",14.696585774752391,3.6555000061279936
"[0.19954939237870617, 0.8660129494099567, -0.8659235736643708, 0.1999372690448182]",14.700126941629,3.658643170363701
"[0.19954836336706902, 0.8660129207354771, -0.8659233413114781, 0.19993712595728116]",14.703666684698259,3.6617863345994084
"[0.19954733208518774, 0.8660128919966669, -0.8659231084468161, 0.19993698255481523]",14.707205002794582,3.6649294988351167
"[0.1995462985339007, 0.8660128631935423, -0.8659228750705801, 0.19993683883754207]",14.710741890556204,3.668072663070824
"[0.19954526271253056, 0.8660128343260775, -0.8659226411826224, 0.19993669480537218]",14.714277342223474,3.6712158273065314
"[0.19954422462350643, 0.866012805394333, -0.8659224067834976, 0.19993655045864867]",14.717811355954064,3.6743589915422397
"[0.19954318426603979, 0.8660127763982797, -0.865922171873033, 0.19993640579726704]",14.721343928804753,3.677502155777947
"[0.19954214163921766, 0.8660127473378849, -0.8659219364510282, 0.1999362608211051]",14.724875052347405,3.6806453200136544
"[0.19954109674571383, 0.8660127182132165, -0.865921700518093, 0.19993611553053953]",14.728404728179825,3.6837884842493627
"[0.19954004958362725, 0.8660126890242138, -0.8659214640738035, 0.1999359699253116]",14.73193294721296,3.68693164848507
"[0.19953900015539844, 0.866012659770938, -0.8659212271187168, 0.19993582400576504]",14.735459711414148,3.6900748127207774
"[0.19953794846082276, 0.8660126304533761, -0.8659209896527922, 0.19993567777187699]",14.738985013318622,3.6932179769564852
"[0.19953689449996198, 0.8660126010715227, -0.8659207516760494, 0.199935531223661]",14.742508851830838,3.696361141192193
"[0.19953583827363958, 0.8660125716253934, -0.8659205131886804, 0.19993538436123656]",14.746031223547988,3.6995043054279004
"[0.1995347797832123, 0.866012542115019, -0.865920274190997, 0.19993523718479753]",14.749552122293425,3.7026474696636082
"[0.19953371902827163, 0.8660125125403807, -0.865920034682913, 0.19993508969429222]",14.75307154763246,3.7057906338993156
"[0.19953265600802667, 0.8660124829014494, -0.8659197946642555, 0.19993494188961589]",14.756589496863283,3.7089337981350234
"[0.19953159072631296, 0.8660124531983246, -0.8659195541358964, 0.19993479377130682]",14.760105963354635,3.7120769623707313
"[0.19953052318290251, 0.866012423430993, -0.8659193130977902, 0.19993464533933825]",14.763620946444222,3.7152201266064386
"[0.19952945337650566, 0.866012393599411, -0.8659190715496512, 0.19993449659353635]",14.767134445328475,3.718363290842146
"[0.1995283813096509, 0.8660123637036419, -0.8659188294920565, 0.19993434753425784]",14.770646451558436,3.721506455077854
"[0.1995273069823425, 0.8660123337436784, -0.8659185869250124, 0.1999341981615086]",14.77415696451511,3.7246496193135616
"[0.19952623039565154, 0.8660123037195434, -0.8659183438487674, 0.19993404847544222]",14.777665985156888,3.727792783549269
"[0.1995251515501363, 0.8660122736312449, -0.865918100263453, 0.19993389847614185]",14.781173505900219,3.7309359477849764
"[0.19952407044819861, 0.8660122434788424, -0.8659178561696173, 0.19993374816394668]",14.78467952577519,3.7340791120206847
"[0.19952298708739574, 0.8660122132622606, -0.8659176115667147, 0.19993359753852233]",14.788184042129531,3.737222276256392
"[0.19952190147159296, 0.8660121829816001, -0.865917366455624, 0.19993344660041124]",14.791687053676803,3.7403654404920994
"[0.19952081360058121, 0.8660121526368473, -0.8659171208363038, 0.19993329534958962]",14.795188557653459,3.7435086047278077
"[0.19951972347434382, 0.8660121222279945, -0.8659168747087562, 0.19993314378606064]",14.798688549008437,3.746651768963515
"[0.199518631094463, 0.8660120917550784, -0.8659166280733446, 0.1999329919100491]",14.802187029469026,3.7497949331992224
"[0.19951753646303552, 0.8660120612181502, -0.8659163809305482, 0.199932839721852]",14.805683994265477,3.7529380974349307
"[0.1995164395800384, 0.8660120306172019, -0.865916133280368, 0.19993268722147142]",14.809179440798937,3.756081261670638
"[0.1995153404448955, 0.8660119999522097, -0.8659158851226796, 0.19993253440883235]",14.81267336725167,3.7592244259063454
"[0.19951423906198026, 0.8660119692232882, -0.8659156364584764, 0.1999323812845485]",14.81616577411313,3.7623675901420537
"[0.19951313543066437, 0.8660119384304126, -0.8659153872876226, 0.19993222784853754]",14.819656658082646,3.765510754377761
"[0.19951202955145886, 0.8660119075735894, -0.8659151376102397, 0.1999320741008758]",14.823146015213016,3.7686539186134684
"[0.19951092142546673, 0.8660118766528421, -0.8659148874265827, 0.19993192004172186]",14.826633845039616,3.7717970828491767
"[0.1995098110546445, 0.8660118456682175, -0.8659146367370992, 0.19993176567135323]",14.830120149446161,3.774940247084884
"[0.19950869843986455, 0.866011814619733, -0.8659143855419925, 0.19993161098989642]",14.833604916783363,3.7780834113205914
"[0.1995075835818962, 0.866011783507402, -0.865914133841442, 0.19993145599746368]",14.837088155494683,3.7812265755562997
"[0.19950646648273176, 0.8660117523312728, -0.8659138816359038, 0.1999313006943374]",14.840569857936403,3.784369739792007
"[0.19950534714321252, 0.8660117210913613, -0.8659136289255737, 0.1999311450806398]",14.84405002731782,3.7875129040277145
"[0.1995042255624889, 0.8660116897876362, -0.8659133757102659, 0.19993098915625832]",14.847528659916666,3.7906560682634227
"[0.19950310174577127, 0.8660116584202353, -0.8659131219911631, 0.1999308329219225]",14.85100575328002,3.79379923249913
"[0.19950197569060424, 0.8660116269890824, -0.8659128677677167, 0.19993067637729636]",14.854481308159297,3.7969423967348375
"[0.19950084740108792, 0.8660115954942845, -0.8659126130408588, 0.19993051952295535]",14.857955321795828,3.800085560970545
"[0.19949971687669132, 0.8660115639358194, -0.8659123578104754, 0.19993036235883102]",14.86142779126342,3.803228725206253
"[0.1994985841209783, 0.8660115323137785, -0.8659121020773772, 0.1999302048854241]",14.864898720194452,3.8063718894419605
"[0.19949744913217632, 0.866011500628105, -0.8659118458411702, 0.19993004710249357]",14.86836810413389,3.809515053677668
"[0.19949631191390685, 0.8660114688788922, -0.8659115891026783, 0.19992988901054837]",14.871835942214837,3.812658217913376
"[0.1994951724664063, 0.8660114370661393, -0.8659113318619607, 0.19992973060962693]",14.875302235865036,3.8158013821490835
"[0.19949403079142236, 0.866011405189887, -0.865911074119418, 0.1999295718999772]",14.878766981983578,3.818944546384791
"[0.1994928868906301, 0.8660113732501749, -0.865910815875435, 0.19992941288183794]",14.882230179722452,3.8220877106204987
"[0.19949174076484993, 0.8660113412470177, -0.8659105571302026, 0.19992925355532848]",14.885691828526944,3.8252308748562065
"[0.19949059241662903, 0.8660113091804794, -0.8659102978843024, 0.19992909392080793]",14.889151929197274,3.828374039091914
"[0.19948944184631165, 0.8660112770505616, -0.865910038137818, 0.1999289339783303]",14.89261048150981,3.8315172033276217
"[0.19948828905688587, 0.86601124485734, -0.8659097778914303, 0.1999287737283158]",14.896067480778134,3.834660367563329
"[0.19948713404852383, 0.8660112126008118, -0.8659095171451843, 0.1999286131707943]",14.899522932204988,3.837803531799037
"[0.19948597682218763, 0.8660111802809962, -0.8659092558993033, 0.19992845230590467]",14.902976830784036,3.8409466960347447
"[0.19948481738087812, 0.8660111478979691, -0.8659089941544712, 0.19992829113406962]",14.906429178653484,3.844089860270452
"[0.19948365572645188, 0.8660111154517748, -0.8659087319111132, 0.19992812965555293]",14.909879975067543,3.8472330245061594
"[0.19948249186076147, 0.8660110829424571, -0.8659084691696537, 0.1999279678706172]",14.913329216966533,3.8503761887418677
"[0.19948132578226335, 0.8660110503699651, -0.8659082059297504, 0.19992780577905386]",14.916776912548432,3.853519352977575
"[0.19948015749462245, 0.8660110177343937, -0.8659079421922371, 0.19992764338137742]",14.920223051363907,3.8566625172132825
"[0.1994789870012283, 0.8660109850358296, -0.8659076779578851, 0.19992748067806473]",14.923667639438017,3.8598056814489907
"[0.19947781430206338, 0.8660109522742644, -0.8659074132266966, 0.19992731766911884]",14.927110674829928,3.862948845684698
"[0.1994766393977858, 0.866010919449709, -0.8659071479988267, 0.19992715435463676]",14.930552159169263,3.8660920099204055
"[0.19947546229057228, 0.866010886562216, -0.8659068822747729, 0.19992699073492662]",14.933992092783779,3.8692351741561137
"[0.19947428298414932, 0.866010853611882, -0.8659066160553824, 0.199926826810512]",14.937430473341813,3.872378338391821
"[0.19947310147990888, 0.8660108205987382, -0.8659063493409763, 0.19992666258159167]",14.940867303418738,3.8755215026275285
"[0.1994719177754517, 0.8660107875227092, -0.8659060821310186, 0.19992649804783802]",14.944302580008598,3.878664666863236
"[0.19947073187814274, 0.8660107543839934, -0.8659058144271787, 0.19992633321027994]",14.94773630941143,3.881807831098944
"[0.19946954378706824, 0.8660107211825574, -0.8659055462292565, 0.19992616806879623]",14.951168489624852,3.8849509953346515
"[0.1994683535035711, 0.8660106879184306, -0.8659052775375613, 0.19992600262357918]",14.954599117840456,3.888094159570359
"[0.19946716103115755, 0.8660106545917035, -0.8659050083528911, 0.19992583687512108]",14.958028196300429,3.891237323806067
"[0.19946596636895012, 0.8660106212023433, -0.8659047386750539, 0.19992567082330645]",14.961455728856079,3.8943804880417745
"[0.19946476952191103, 0.8660105877504809, -0.8659044685051762, 0.1999255044688302]",14.964881715873343,3.897523652277482
"[0.19946357048991312, 0.8660105542361051, -0.8659041978432358, 0.1999253378116803]",14.968306156018567,3.90066681651319
"[0.1994623692758078, 0.8660105206592875, -0.8659039266898827, 0.1999251708522583]",14.971729045012154,3.9038099807488975
"[0.19946116588080146, 0.8660104870200541, -0.8659036550453955, 0.1999250035907378]",14.97515039415258,3.906953144984605
"[0.19945996030620197, 0.8660104533184333, -0.8659033829100756, 0.19992483602730618]",14.978570197925382,3.910096309220313
"[0.19945875255600626, 0.866010419554529, -0.8659031102848318, 0.19992466816252444]",14.981988460359803,3.9132394734560205
"[0.19945754263029164, 0.8660103857283356, -0.8659028371696879, 0.1999244999964092]",14.985405178348865,3.916382637691728
"[0.19945633053185624, 0.8660103518399231, -0.8659025635652818, 0.19992433152935454]",14.988820356277863,3.919525801927436
"[0.19945511626273982, 0.8660103178893409, -0.8659022894720804, 0.19992416276165004]",14.992233997093749,3.9226689661631435
"[0.19945389982407669, 0.8660102838766125, -0.8659020148903459, 0.19992399369345895]",14.995646097537502,3.925812130398851
"[0.1994526812188231, 0.8660102498018127, -0.8659017398207522, 0.19992382432519737]",14.999056664488824,3.928955294634559
"[0.19945146044809606, 0.8660102156649648, -0.8659014642635579, 0.19992365465702644]",15.002465691017091,3.9320984588702665
"[0.19945023751500468, 0.8660101814661478, -0.8659011882194708, 0.19992348468938392]",15.005873188747456,3.935241623105974
"[0.19944901241969248, 0.8660101472053577, -0.8659009116885302, 0.19992331442229536]",15.009279150249835,3.9383847873416817
"[0.19944778516604023, 0.866010112882695, -0.865900634671618, 0.19992314385630583]",15.01268358413518,3.9415279515773896
"[0.19944655575656753, 0.8660100784982222, -0.8659003571693097, 0.19992297299177114]",15.016086487549442,3.944671115813097
"[0.19944532418986938, 0.8660100440518923, -0.8659000791812946, 0.19992280182850142]",15.019487864632945,3.9478142800488043
"[0.19944409047256628, 0.8660100095438819, -0.8658998007090731, 0.19992263036742292]",15.022887710890755,3.950957444284512
"[0.19944285460423164, 0.8660099749741715, -0.8658995217525557, 0.19992245860848176]",15.02628603972657,3.95410060852022
"[0.19944161658635684, 0.8660099403427944, -0.865899242312085, 0.19992228655189112]",15.029682844210742,3.9572437727559273
"[0.19944037642256796, 0.8660099056498447, -0.8658989623884867, 0.1999221141981599]",15.033078127695527,3.960386936991635
"[0.19943913411452938, 0.8660098708953603, -0.8658986819821423, 0.19992194154752596]",15.036471893683895,3.9635301012273425
"[0.19943788966366, 0.8660098360793731, -0.8658984010933786, 0.19992176860019162]",15.039864141723651,3.9666732654630503
"[0.1994366430729658, 0.8660098012019591, -0.8658981197228806, 0.19992159535658058]",15.043254877641711,3.969816429698758
"[0.19943539434445784, 0.8660097662631666, -0.8658978378711086, 0.19992142181697783]",15.046644102552621,3.9729595939344655
"[0.19943414347976954, 0.8660097312630332, -0.8658975555384378, 0.19992124798161648]",15.050031814451831,3.9761027581701733
"[0.19943289048120608, 0.8660096962016152, -0.865897272725395, 0.19992107385082214]",15.053418021673748,3.979245922405881
"[0.19943163535097844, 0.8660096610789668, -0.8658969894324857, 0.19992089942490784]",15.05680272430447,3.9823890866415885
"[0.19943037809267405, 0.8660096258951799, -0.865896705660526, 0.19992072470437805]",15.060185918405073,3.985532250877296
"[0.1994291187050416, 0.8660095906502119, -0.8658964214092402, 0.19992054968906414]",15.063567617847216,3.988675415113004
"[0.19942785719418954, 0.8660095553442251, -0.8658961366800131, 0.19992037437982138]",15.066947818484513,3.9918185793487115
"[0.19942659356037365, 0.8660095199772189, -0.8658958514729093, 0.19992019877669043]",15.070326520509209,3.994961743584419
"[0.19942532780647818, 0.866009484549266, -0.8658955657885857, 0.19992002288007812]",15.073703731833673,3.998104907820127
"[0.19942405993242418, 0.8660094490603556, -0.8658952796270316, 0.1999198466899794]",15.077079452860026,4.0012480720558345
"[0.19942278994342397, 0.8660094135106264, -0.8658949929894298, 0.19991967020712376]",15.080453688272522,4.004391236291542
"[0.1994215178397073, 0.8660093779000759, -0.8658947058758385, 0.1999194934315493]",15.083826438061873,4.00753440052725
"[0.19942024362504282, 0.8660093422288018, -0.8658944182871147, 0.1999193163637855]",15.087197704349236,4.010677564762958
"[0.1994189673008098, 0.8660093064968347, -0.8658941302235764, 0.19991913900402927]",15.090567492347814,4.013820728998665
"[0.19941768886934094, 0.8660092707042315, -0.8658938416857564, 0.19991896135261136]",15.093935802421347,4.016963893234373
"[0.19941640833407506, 0.8660092348510807, -0.8658935526744378, 0.19991878341001437]",15.097302641482806,4.020107057470081
"[0.1994151256945435, 0.8660091989373608, -0.8658932631895209, 0.1999186051761796]",15.100668008491487,4.023250221705788
"[0.19941384095546538, 0.8660091629631962, -0.8658929732320775, 0.19991842665176826]",15.104031909736342,4.026393385941495
"[0.19941255411865041, 0.8660091269286289, -0.8658926828025223, 0.19991824783703777]",15.107394347805027,4.029536550177204
"[0.19941126518518076, 0.8660090908336812, -0.8658923919011063, 0.19991806873214435]",15.110755321835777,4.032679714412911
"[0.19940997415670833, 0.8660090546783914, -0.865892100528209, 0.19991788933732302]",15.11411484180466,4.035822878648618
"[0.19940868103921117, 0.8660090184629188, -0.8658918086851859, 0.19991770965341016]",15.117472904642614,4.038966042884327
"[0.19940738583309697, 0.8660089821872665, -0.8658915163721355, 0.1999175296804687]",15.120829516095819,4.042109207120034
"[0.1994060885402397, 0.8660089458514787, -0.8658912235894874, 0.19991734941876438]",15.124184680172945,4.045252371355741
"[0.19940478916181173, 0.8660089094555804, -0.8658909303375129, 0.19991716886846583]",15.127538398993758,4.04839553559145
"[0.19940348770169025, 0.8660088729996718, -0.8658906366170931, 0.19991698803011793]",15.130890677349031,4.051538699827157
"[0.1994021841619835, 0.8660088364838039, -0.8658903424287109, 0.19991680690401917]",15.13424151935147,4.054681864062864
"[0.19940087854431854, 0.8660087999080143, -0.8658900477727398, 0.19991662549040132]",15.137590928787736,4.057825028298573
"[0.199399570852481, 0.8660087632724003, -0.8658897526500406, 0.19991644378979637]",15.140938902298746,4.06096819253428
"[0.19939826108707348, 0.8660087265769711, -0.8658894570607562, 0.19991626180229352]",15.144285454414494,4.064111356769987
"[0.19939694925273416, 0.8660086898218484, -0.8658891610059396, 0.19991607952854346]",15.147630579526583,4.067254521005696
"[0.19939563534653024, 0.8660086530069415, -0.8658888644849354, 0.1999158969681444]",15.15097429028991,4.070397685241403
"[0.19939431937753732, 0.8660086161324971, -0.8658885674997989, 0.1999157141223627]",15.15431658364262,4.07354084947711
"[0.199393001344191, 0.8660085791984625, -0.8658882700501831, 0.19991553099098724]",15.157657466446937,4.076684013712819
"[0.19939168125085996, 0.8660085422049524, -0.8658879721370807, 0.19991534757463073]",15.160996935871792,4.079827177948526
"[0.19939035909710243, 0.866008505151946, -0.8658876737603985, 0.19991516387323743]",15.16433500894996,4.082970342184233
"[0.19938903488708903, 0.866008468039552, -0.8658873749210844, 0.19991497988739285]",15.167671677031695,4.086113506419942
"[0.19938770862127603, 0.8660084308677751, -0.8658870756192479, 0.19991479561716605]",15.171006956109414,4.089256670655649
"[0.1993863803050917, 0.8660083936367591, -0.8658867758561205, 0.19991461106331718]",15.174340838226504,4.092399834891356
"[0.19938504993961081, 0.866008356346526, -0.8658864756319518, 0.19991442622600092]",15.177673333300387,4.095542999127065
"[0.19938371752675188, 0.866008318997121, -0.8658861749471806, 0.19991424110549025]",15.181004444753638,4.098686163362772
"[0.199382383069062, 0.8660082815886078, -0.8658858738023887, 0.19991405570214477]",15.184334178765939,4.101829327598479
"[0.19938104656746533, 0.8660082441210039, -0.8658855721977914, 0.1999138700160981]",15.187662539663503,4.104972491834187
"[0.1993797080262148, 0.8660082065944201, -0.8658852701343549, 0.19991368404794757]",15.190989527417731,4.108115656069895
"[0.19937836744684356, 0.8660081690088911, -0.8658849676124315, 0.19991349779791218]",15.194315150113647,4.111258820305602
"[0.19937702483281214, 0.8660081313645062, -0.8658846646328093, 0.19991331126647768]",15.19763940883589,4.11440198454131
"[0.1993756801839551, 0.866008093661252, -0.8658843611954572, 0.1999131244536277]",15.200962314623824,4.117545148777018
"[0.19937433350435027, 0.8660080558992349, -0.8658840573013021, 0.19991293735993418]",15.204283864019239,4.120688313012725
"[0.19937298479593576, 0.8660080180785008, -0.865883752950788, 0.1999127499856724]",15.207604068038647,4.123831477248433
"[0.19937163406219785, 0.8660079801991394, -0.8658834481447084, 0.19991256233133248]",15.210922925676458,4.126974641484141
"[0.19937028130397394, 0.8660079422611658, -0.8658831428832587, 0.19991237439703638]",15.214240445747752,4.130117805719848
"[0.19936892652255087, 0.8660079042646077, -0.8658828371667356, 0.1999121861829694]",15.217556630711849,4.133260969955556
"[0.19936756972210182, 0.8660078662095742, -0.8658825309960879, 0.19991199768971638]",15.220871486486358,4.136404134191263
"[0.19936621090500736, 0.8660078280961238, -0.8658822243718596, 0.19991180891761423]",15.224185019057195,4.1395472984269714
"[0.1993648500716548, 0.8660077899242586, -0.8658819172941441, 0.19991161986672257]",15.227497228951592,4.142690462662679
"[0.1993634872279892, 0.8660077516941378, -0.8658816097642901, 0.19991143053787308]",15.230808121940607,4.145833626898386
"[0.1993621223714419, 0.8660077134056804, -0.8658813017817242, 0.1999112409307149]",15.234117708476518,4.148976791134094
"[0.199360755507553, 0.8660076750590343, -0.8658809933477036, 0.1999110510460234]",15.237425986724322,4.152119955369802
"[0.19935938663731606, 0.8660076366542182, -0.8658806844624586, 0.19991086088394258]",15.240732967692832,4.155263119605509
"[0.19935801576325146, 0.866007598191295, -0.8658803751265649, 0.19991067044482846]",15.244038653601677,4.158406283841217
"[0.19935664288791455, 0.8660075596703284, -0.8658800653406059, 0.19991047972904155]",15.247343046156718,4.161549448076924
"[0.19935526801553313, 0.8660075210914283, -0.865879755105542, 0.19991028873717537]",15.250646153313458,4.164692612312632
"[0.19935389114435711, 0.8660074824545375, -0.8658794444209851, 0.19991009746899252]",15.253947977491569,4.16783577654834
"[0.19935251227784245, 0.8660074437597446, -0.8658791332877215, 0.1999099059249788]",15.25724853392055,4.170978940784047
"[0.1993511314197533, 0.866007405007147, -0.8658788217066072, 0.19990971410566347]",15.260547816226278,4.174122105019755
"[0.19934974857138454, 0.8660073661967727, -0.8658785096779412, 0.19990952201123172]",15.263845835010718,4.177265269255463
"[0.1993483637339756, 0.8660073273286483, -0.86587819720201, 0.19990932964186167]",15.267142593845161,4.18040843349117
"[0.19934697691234085, 0.8660072884029003, -0.865877884279906, 0.19990913699822846]",15.270438097159596,4.183551597726877
"[0.19934558810567263, 0.8660072494194981, -0.865877570911454, 0.1999089440802252]",15.273732352463522,4.186694761962586
"[0.19934419731783556, 0.866007210378542, -0.865877257097533, 0.19990875088839472]",15.277025366921507,4.189837926198293
"[0.1993428045518715, 0.8660071712801084, -0.8658769428388353, 0.1999085574231659]",15.280317140332837,4.192981090434
"[0.19934140980835816, 0.8660071321242058, -0.8658766281354985, 0.19990836368462409]",15.283607680437807,4.196124254669709
"[0.19934001308924537, 0.8660070929108804, -0.8658763129879689, 0.1999081696730466]",15.286896998475397,4.199267418905416
"[0.1993386143964628, 0.8660070536401782, -0.8658759973966886, 0.19990797538870733]",15.290185092656143,4.202410583141123
"[0.19933721373451105, 0.8660070143122172, -0.8658756813626802, 0.19990778083223673]",15.293471970385356,4.205553747376832
"[0.19933581110295762, 0.8660069749269765, -0.865875364885852, 0.19990758600358163]",15.296757637462646,4.208696911612539
"[0.19933440650595757, 0.8660069354845651, -0.8658750479671489, 0.19990739090332404]",15.300042101802624,4.211840075848246
"[0.1993329999439755, 0.8660068959849874, -0.8658747306066821, 0.1999071955315349]",15.303325367222298,4.214983240083955
"[0.1993315914194826, 0.8660068564283044, -0.8658744128050159, 0.19990699988856328]",15.306607439529474,4.218126404319662
"[0.19933018093415966, 0.8660068168145553, -0.8658740945625362, 0.19990680397464844]",15.309888323797313,4.221269568555369
"[0.19932876849250736, 0.8660067771438578, -0.8658737758802652, 0.1999066077904218]",15.313168027403519,4.224412732791078
"[0.19932735409513946, 0.8660067374162209, -0.865873456758348, 0.19990641133597375]",15.316446551228525,4.227555897026785
"[0.1993259377404295, 0.8660066976315907, -0.8658731371964244, 0.199906214611085]",15.319723909957808,4.230699061262492
"[0.19932451943648702, 0.8660066577901864, -0.8658728171963307, 0.19990601761688762]",15.323000102496856,4.233842225498201
"[0.19932309918253682, 0.8660066178919782, -0.865872496757899, 0.19990582035327967]",15.326275140127004,4.236985389733908
"[0.19932167697797362, 0.8660065779369404, -0.8658721758809989, 0.19990562282018332]",15.329549022376474,4.240128553969615
"[0.19932025282901245, 0.8660065379252395, -0.8658718545670399, 0.1999054250184672]",15.332821760433074,4.243271718205324
"[0.19931882673816098, 0.8660064978569376, -0.8658715328165941, 0.19990522694848595]",15.336093355758546,4.246414882441031
"[0.19931739870238938, 0.8660064577319411, -0.8658712106289848, 0.1999050286098244]",15.339363821527233,4.249558046676738
"[0.19931596872671925, 0.8660064175503828, -0.8658708880053516, 0.19990483000318596]",15.342633159007958,4.252701210912446
"[0.19931453681454714, 0.8660063773123496, -0.8658705649464675, 0.19990463112904852]",15.345901370675627,4.255844375148154
"[0.19931310296601873, 0.8660063370178375, -0.8658702414523722, 0.19990443198743788]",15.349168468807951,4.258987539383861
"[0.19931166718172214, 0.8660062966668545, -0.865869917523205, 0.199904232578442]",15.352434459583952,4.262130703619569
"[0.1993102294651754, 0.866006256259491, -0.8658695931597663, 0.1999040329025552]",15.355699343719447,4.265273867855277
"[0.19930878981848318, 0.8660062157957981, -0.8658692683625379, 0.1999038329600755]",15.358963133369564,4.268417032090984
"[0.19930734824254942, 0.8660061752757924, -0.86586894313173, 0.19990363275113507]",15.362225833603961,4.271560196326692
"[0.19930590474128396, 0.8660061346995757, -0.8658686174682318, 0.1999034322762821]",15.365487446823918,4.2747033605624
"[0.19930445931340066, 0.8660060940671035, -0.86586829137176, 0.19990323153534406]",15.36874798236357,4.2778465247981075
"[0.19930301196257624, 0.8660060533784705, -0.8658679648431503, 0.19990303052883782]",15.372007449058607,4.280989689033815
"[0.19930156268944613, 0.8660060126336865, -0.8658676378825534, 0.1999028292568572]",15.375265849160694,4.284132853269523
"[0.1993001114971572, 0.8660059718328313, -0.8658673104906855, 0.19990262771984535]",15.378523192818779,4.2872760175052305
"[0.19929865838713276, 0.8660059309759366, -0.8658669826678745, 0.199902425918006]",15.381779480333002,4.290419181740938
"[0.19929720336034704, 0.8660058900630213, -0.8658666544143471, 0.19990222385148032]",15.385034727909453,4.293562345976646
"[0.199295746418496, 0.8660058490941248, -0.8658663257304926, 0.1999020215205094]",15.388288932782446,4.2967055102123535
"[0.19929428756411438, 0.8660058080693102, -0.8658659966168898, 0.1999018189254519]",15.391542105581784,4.299848674448061
"[0.1992928267987528, 0.8660057669886121, -0.8658656670738948, 0.19990161606652843]",15.39479425173082,4.302991838683769
"[0.1992913641240529, 0.8660057258520685, -0.8658653371018848, 0.19990141294397346]",15.398045381157498,4.3061350029194765
"[0.1992898995411935, 0.8660056846597046, -0.8658650067011332, 0.19990120955795615]",15.401295495989197,4.309278167155184
"[0.199288433053334, 0.8660056434116002, -0.8658646758723586, 0.19990100590892154]",15.404544601794566,4.312421331390892
"[0.19928696465891457, 0.8660056021077033, -0.8658643446152163, 0.1999008019966589]",15.407792713297717,4.3155644956265995
"[0.1992854943608251, 0.8660055607480867, -0.865864012930365, 0.19990059782157552]",15.41103983337443,4.318707659862307
"[0.19928402216134644, 0.866005519332806, -0.8658636808183259, 0.19990039338399407]",15.414285966855797,4.321850824098015
"[0.19928254806403856, 0.866005477861953, -0.8658633482799089, 0.19990018868441498]",15.417531116271716,4.3249939883337225
"[0.19928107206484177, 0.8660054363354052, -0.865863015314205, 0.19989998372228027]",15.420775298957121,4.32813715256943
"[0.19927959417044108, 0.866005394753342, -0.8658626819227291, 0.19989977849852425]",15.424018513441169,4.331280316805137
"[0.19927811438069198, 0.8660053531157509, -0.865862348105455, 0.19989957301313335]",15.427260772590836,4.3344234810408455
"[0.19927663269578713, 0.866005311422629, -0.8658620138624337, 0.19989936726613927]",15.430502077448804,4.337566645276553
"[0.1992751491166141, 0.8660052696739927, -0.8658616791938715, 0.1998991612576724]",15.433742440512777,4.34070980951226
"[0.19927366364752286, 0.8660052278699559, -0.8658613441007568, 0.19989895498834187]",15.436981865217561,4.3438529737479685
"[0.19927217628974653, 0.8660051860105449, -0.8658610085833743, 0.19989874845832548]",15.44022035690074,4.346996137983676
"[0.1992706870414597, 0.8660051440957001, -0.8658606726413197, 0.1998985416673752]",15.443457927528534,4.350139302219383
"[0.19926919590631553, 0.8660051021255153, -0.8658603362754231, 0.1998983346160047]",15.446694581151034,4.3532824664550915
"[0.1992677028843863, 0.8660050600999843, -0.865859999485708, 0.19989812730423]",15.449930323805983,4.356425630690799
"[0.19926620797710923, 0.8660050180191392, -0.8658596622725054, 0.19989791973225648]",15.453165167576007,4.359568794926506
"[0.19926471118776315, 0.8660049758830635, -0.8658593246365615, 0.19989771190054592]",15.45639911225307,4.3627119591622145
"[0.19926321251603007, 0.8660049336917403, -0.8658589865778119, 0.19989750380905927]",15.45963217130755,4.365855123397922
"[0.19926171196173154, 0.8660048914451554, -0.8658586480962227, 0.19989729545777854]",15.462864346723515,4.368998287633629
"[0.1992602095280764, 0.8660048491433909, -0.8658583091925247, 0.19989708684715515]",15.46609564872051,4.372141451869338
"[0.19925870521569017, 0.8660048067864561, -0.865857969866866, 0.19989687797728184]",15.469326086587524,4.375284616105045
"[0.19925719902409086, 0.8660047643743286, -0.8658576301191446, 0.1998966688480974]",15.472555662284957,4.378427780340752
"[0.19925569095861126, 0.86600472190715, -0.86585728995057, 0.19989645946034898]",15.475784387155715,4.38157094457646
"[0.1992541810137712, 0.8660046793847578, -0.8658569493599133, 0.1998962498132813]",15.47901226606597,4.384714108812168
"[0.19925266919538664, 0.8660046368073069, -0.8658566083484931, 0.19989603990770805]",15.482239310427175,4.387857273047875
"[0.19925115550533545, 0.8660045941748418, -0.8658562669167398, 0.19989582974389583]",15.485465519761295,4.391000437283583
"[0.19924963994093242, 0.8660045514872784, -0.8658559250640546, 0.19989561932147806]",15.488690906594957,4.39414360151929
"[0.19924812250508506, 0.8660045087446897, -0.8658555827911002, 0.19989540864086444]",15.491915478080605,4.397286765754998
"[0.19924660319747378, 0.8660044659470585, -0.8658552400978115, 0.19989519770201644]",15.495139243591797,4.400429929990706
"[0.19924508202122918, 0.8660044230944642, -0.8658548969849013, 0.19989498650537516]",15.498362206442838,4.403573094226413
"[0.19924355897409635, 0.8660043801868348, -0.8658545534518679, 0.19989477505063333]",15.501584377251406,4.406716258462121
"[0.19924203406082425, 0.8660043372242954, -0.8658542094997894, 0.19989456333845643]",15.50480576025528,4.409859422697829
"[0.19924050727826426, 0.8660042942067487, -0.8658538651279627, 0.19989435136841346]",15.508026367141028,4.413002586933536
"[0.19923897863018308, 0.8660042511342922, -0.8658535203372439, 0.19989413914103327]",15.51124620134425,4.4161457511692435
"[0.19923744811527122, 0.8660042080068806, -0.865853175127345, 0.19989392665614025]",15.514465271944594,4.419288915404952
"[0.19923591573493055, 0.8660041648245447, -0.8658528294985889, 0.19989371391393515]",15.51768358473427,4.422432079640659
"[0.1992343814906665, 0.8660041215873182, -0.865852483451322, 0.1998935009146329]",15.520901150620508,4.4255752438763665
"[0.1992328453809284, 0.8660040782951488, -0.8658521369852017, 0.19989328765802444]",15.524117975060339,4.428718408112074
"[0.19923130740879336, 0.8660040349481145, -0.8658517901009285, 0.19989307414454327]",15.527334067966184,4.431861572347782
"[0.19922976757180338, 0.8660039915461377, -0.8658514427979556, 0.1998928603738538]",15.530549433240644,4.4350047365834895
"[0.19922822587519035, 0.8660039480893568, -0.8658510950774694, 0.19989264634668896]",15.533764079341934,4.438147900819197
"[0.19922668231474028, 0.8660039045776445, -0.8658507469385266, 0.1998924320624696]",15.536978020418518,4.441291065054905
"[0.19922513689366142, 0.8660038610110828, -0.8658503983818581, 0.19989221752164715]",15.540191250004947,4.4444342292906125
"[0.1992235896117022, 0.8660038173896557, -0.8658500494074135, 0.1998920027241932]",15.543403786973988,4.44757739352632
"[0.1992220404690713, 0.8660037737133603, -0.8658497000152473, 0.19989178767014243]",15.546615638918798,4.450720557762028
"[0.19922048946740545, 0.8660037299822344, -0.8658493502057356, 0.19989157235972835]",15.54982680885565,4.4538637219977355
"[0.19921893660455428, 0.8660036861962084, -0.8658489999784001, 0.19989135679265874]",15.55303730759637,4.457006886233443
"[0.19921738188030527, 0.8660036423552675, -0.8658486493332002, 0.19989114096891014]",15.55624714345678,4.460150050469151
"[0.19921582529915108, 0.86600359845953, -0.8658482982711562, 0.199890924889112]",15.559456319338498,4.4632932147048585
"[0.19921426685955665, 0.8660035545089435, -0.8658479467919282, 0.19989070855305835]",15.562664846004518,4.466436378940566
"[0.19921270655777512, 0.8660035105033937, -0.8658475948946789, 0.19989049196023448]",15.565872735473842,4.469579543176274
"[0.1992111444001638, 0.8660034664430516, -0.8658472425808492, 0.1998902751115291]",15.56907998958669,4.4727227074119815
"[0.19920958038295686, 0.8660034223278015, -0.865846889849596, 0.19989005800642612]",15.572286614528311,4.475865871647689
"[0.19920801450728437, 0.8660033781576669, -0.8658465367011821, 0.19988984064508816]",15.575492626526414,4.479009035883397
"[0.19920644677372654, 0.8660033339326555, -0.8658461831357449, 0.19988962302760208]",15.578698024519023,4.4821522001191045
"[0.19920487718024507, 0.8660032896527006, -0.8658458291528317, 0.19988940515369127]",15.581902824995993,4.485295364354812
"[0.19920330572702458, 0.8660032453177992, -0.8658454747524917, 0.1998891870233872]",15.585107030889633,4.488438528590519
"[0.19920173241696804, 0.8660032009280236, -0.8658451199353862, 0.19988896863709976]",15.588310649791067,4.4915816928262275
"[0.19920015724846674, 0.8660031564833203, -0.8658447647011596, 0.19988874999461143]",15.591513688026104,4.494724857061935
"[0.19919858022102782, 0.8660031119836661, -0.8658444090497078, 0.1998885310958598]",15.594716157430252,4.497868021297642
"[0.19919700133326657, 0.8660030674290136, -0.865844052980726, 0.1998883119406592]",15.597918063932488,4.501011185533351
"[0.19919542058714704, 0.8660030228194086, -0.8658436964946635, 0.19988809252928902]",15.601119415201289,4.504154349769058
"[0.19919383798049617, 0.8660029781547816, -0.8658433395910381, 0.19988787286145307]",15.604320221629997,4.507297514004765
"[0.19919225351300715, 0.8660029334351147, -0.8658429822697874, 0.19988765293711536]",15.607520492298592,4.510440678240474
"[0.19919066718558062, 0.8660028886604244, -0.8658426245311216, 0.19988743275640716]",15.610720229082874,4.513583842476181
"[0.19918907899912455, 0.8660028438307277, -0.8658422663752527, 0.19988721231946086]",15.613919442504281,4.516727006711888
"[0.19918748894987906, 0.8660027989459093, -0.8658419078013398, 0.19988699162576123]",15.617118141158707,4.519870170947597
"[0.19918589703930867, 0.8660027540060016, -0.8658415488097205, 0.1998867706755173]",15.620316336554344,4.523013335183304
"[0.19918430326818673, 0.8660027090110177, -0.8658411894005765, 0.19988654946884274]",15.623514030945353,4.526156499419011
"[0.1991827076319864, 0.8660026639608207, -0.865840829572894, 0.199886328005116]",15.626711237058782,4.52929966365472
"[0.19918111013281808, 0.8660026188554613, -0.8658404693271561, 0.19988610628463588]",15.629907959757325,4.532442827890427
"[0.19917951076981705, 0.866002573694906, -0.865840108663175, 0.19988588430728918]",15.633104206989394,4.535585992126134
"[0.199177909542575, 0.8660025284791343, -0.8658397475808659, 0.19988566207302497]",15.636299986352679,4.538729156361843
"[0.19917630644891202, 0.8660024832080756, -0.8658393860797443, 0.1998854395815477]",15.639495312217987,4.54187232059755
"[0.19917470148937932, 0.8660024378817365, -0.865839024159942, 0.19988521683293997]",15.642690187074118,4.545015484833257
"[0.19917309466514704, 0.866002392500141, -0.86583866182173, 0.19988499382737057]",15.645884616138442,4.548158649068966
"[0.19917148596737727, 0.8660023470630303, -0.8658382990631224, 0.19988477056361942]",15.649078619602898,4.551301813304673
"[0.19916987540581518, 0.8660023015706709, -0.8658379358863245, 0.1998845470430451]",15.652272190560069,4.55444497754038
"[0.19916826297141565, 0.8660022560227978, -0.8658375722893035, 0.1998843232643992]",15.655465347013399,4.557588141776089
"[0.199166648667525, 0.8660022104194969, -0.8658372082728215, 0.1998840992281522]",15.65865809267035,4.560731306011796
"[0.19916503249245668, 0.866002164760711, -0.8658368438365055, 0.1998838749340766]",15.661850437003931,4.563874470247503
"[0.19916341444329985, 0.866002119046349, -0.8658364789797064, 0.19988365038177483]",15.665042389639545,4.567017634483211
"[0.19916179452141072, 0.8660020732764401, -0.8658361137027375, 0.19988342557144148]",15.668233954772594,4.570160798718919
"[0.1991601727211845, 0.8660020274508164, -0.8658357480043419, 0.19988320050230557]",15.671425149782001,4.573303962954626
"[0.19915854904644967, 0.8660019815695773, -0.8658353818853907, 0.19988297517490486]",15.674615973276424,4.576447127190334
"[0.19915692349409098, 0.8660019356326255, -0.8658350153451887, 0.199882749588813]",15.67780643506674,4.579590291426042
"[0.1991552960616389, 0.8660018896398819, -0.8658346483831865, 0.19988252374369397]",15.680996547546165,4.582733455661749
"[0.19915366674796806, 0.8660018435913054, -0.8658342809991375, 0.1998822976393988]",15.684186314848452,4.585876619897457
"[0.19915203555422292, 0.8660017974869192, -0.8658339131933075, 0.19988207127609198]",15.687375746186465,4.589019784133165
"[0.19915040247564364, 0.8660017513265795, -0.8658335449646305, 0.19988184465311995]",15.690564851376589,4.592162948368872
"[0.19914876750970065, 0.8660017051102055, -0.8658331763125436, 0.19988161777013813]",15.693753643372933,4.59530611260458
"[0.19914713066071452, 0.8660016588379101, -0.8658328072380287, 0.1998813906277527]",15.696942116661381,4.598449276840288
"[0.19914549192247094, 0.8660016125095081, -0.8658324377396918, 0.1998811632251079]",15.700130290735949,4.601592441075995
"[0.1991438512949626, 0.8660015661249905, -0.8658320678175391, 0.19988093556220915]",15.703318171062397,4.604735605311703
"[0.19914220877366487, 0.866001519684219, -0.8658316974705571, 0.19988070763843568]",15.706505764491862,4.607878769547411
"[0.19914056435913696, 0.8660014731872009, -0.8658313266988803, 0.19988047945387125]",15.70969308400822,4.611021933783118
"[0.19913891804786893, 0.8660014266338273, -0.8658309555017245, 0.19988025100803564]",15.71288013409773,4.614165098018826
"[0.19913726984370883, 0.8660013800241975, -0.8658305838799649, 0.19988002230146945]",15.716066920382962,4.617308262254534
"[0.1991356197380069, 0.8660013333580575, -0.8658302118316589, 0.19987979333297895]",15.719253456766403,4.620451426490241
"[0.19913396772986114, 0.8660012866353727, -0.865829839356611, 0.19987956410244562]",15.722439748182884,4.623594590725949
"[0.19913231381945895, 0.8660012398561381, -0.8658294664548701, 0.19987933460990281]",15.725625803717707,4.626737754961656
"[0.19913065800215266, 0.8660011930202133, -0.8658290931253968, 0.1998791048547117]",15.728811635474845,4.629880919197364
"[0.1991290002802724, 0.8660011461276548, -0.865828719368724, 0.19987887483720235]",15.731997241824773,4.633024083433072
"[0.19912734064841703, 0.8660010991782998, -0.8658283451836413, 0.19987864455663254]",15.735182641010127,4.636167247668779
"[0.1991256791020453, 0.8660010521720106, -0.8658279705691327, 0.19987841401237819]",15.738367839347465,4.6393104119044875
"[0.19912401564335888, 0.8660010051088399, -0.8658275955257023, 0.19987818320475242]",15.741552840287913,4.642453576140195
"[0.19912235026672817, 0.8660009579886186, -0.8658272200520885, 0.1998779521329804]",15.744737660014145,4.645596740375902
"[0.199120682969874, 0.8660009108112728, -0.8658268441477852, 0.19987772079675267]",15.747922301516054,4.64873990461161
"[0.19911901375577284, 0.866000863576877, -0.8658264678134713, 0.19987748919648932]",15.751106769414866,4.651883068847318
"[0.19911734261354072, 0.8660008162851134, -0.8658260910467006, 0.19987725733068654]",15.754291082339227,4.655026233083025
"[0.19911566954566498, 0.8660007689360427, -0.8658257138480417, 0.19987702519969705]",15.757475241571903,4.658169397318733
"[0.19911399454989326, 0.8660007215295917, -0.865825336216995, 0.1998767928032143]",15.760659254494037,4.66131256155444
"[0.19911231762123882, 0.8660006740656091, -0.8658249581524432, 0.1998765601405545]",15.763843135660753,4.664455725790148
"[0.19911063875816967, 0.8660006265440419, -0.8658245796540495, 0.199876327211511]",15.767026886593746,4.667598890025856
"[0.19910895795546507, 0.8660005789647327, -0.8658242007206445, 0.19987609401536682]",15.77021052404328,4.670742054261563
"[0.1991072752134732, 0.8660005313276812, -0.8658238213523145, 0.19987586055217732]",15.773394047643874,4.67388521849727
"[0.19910559052839852, 0.8660004836327705, -0.8658234415482121, 0.19987562682142238]",15.776577470376555,4.677028382732979
"[0.199103903896564, 0.8660004358798862, -0.865823061307516, 0.19987539282259928]",15.779760797582469,4.680171546968686
"[0.19910221531473718, 0.8660003880689271, -0.8658226806295054, 0.19987515855526616]",15.78294404367159,4.683314711204393
"[0.19910052478083842, 0.8660003401998243, -0.8658222995137195, 0.19987492401914214]",15.786127211581666,4.686457875440102
"[0.19909883228932088, 0.8660002922724108, -0.8658219179589157, 0.19987468921346435]",15.789310314231049,4.689601039675809
"[0.19909713784173722, 0.8660002442867205, -0.8658215359654523, 0.19987445413845537]",15.792493352092858,4.692744203911516
"[0.19909544142882926, 0.8660001962424811, -0.8658211535312499, 0.19987421879283773]",15.795676341562547,4.695887368147225
"[0.19909374305258676, 0.8660001481397392, -0.8658207706567654, 0.19987398317689437]",15.798859288255604,4.699030532382932
"[0.19909204270494651, 0.8660000999782562, -0.8658203873401891, 0.19987374728951454]",15.80204220219499,4.702173696618639
"[0.1990903403865885, 0.8660000517580412, -0.8658200035816823, 0.19987351113079904]",15.805225087669864,4.705316860854348
"[0.19908863609167893, 0.8660000034789188, -0.8658196193799381, 0.1998732746999459]",15.808407956252012,4.708460025090055
"[0.19908692981638124, 0.8659999551407701, -0.8658192347340997, 0.19987303799643028]",15.811590814258977,4.711603189325762
"[0.1990852215598989, 0.8659999067435624, -0.8658188496439959, 0.1998728010201486]",15.814773672008894,4.71474635356147
"[0.19908351131244043, 0.8659998582870082, -0.8658184641074276, 0.19987256376975004]",15.817956538373263,4.717889517797178
"[0.19908179907543347, 0.8659998097711374, -0.8658180781247247, 0.1998723262454396]",15.821139422987478,4.721032682032885
"[0.19908008484463655, 0.8659997611958199, -0.8658176916949395, 0.1998720884466366]",15.824322329129304,4.724175846268593
"[0.19907836861446035, 0.8659997125608866, -0.8658173048168203, 0.19987185037257227]",15.82750526879159,4.727319010504301
"[0.1990766503813701, 0.8659996638662271, -0.8658169174895783, 0.19987161202276454]",15.830688252486611,4.730462174740008
"[0.19907493014325514, 0.8659996151117713, -0.8658165297127466, 0.19987137339692734]",15.833871280352062,4.733605338975716
"[0.19907320789357727, 0.8659995662973232, -0.8658161414848593, 0.19987113449416125]",15.837054369436043,4.736748503211424
"[0.1990714836275475, 0.8659995174227368, -0.8658157528048454, 0.19987089531380933]",15.840237526081415,4.739891667447131
"[0.19906975734346458, 0.8659994684879535, -0.8658153636723299, 0.19987065585564298]",15.843420756588229,4.743034831682839
"[0.19906802903323834, 0.8659994194927333, -0.8658149740854976, 0.19987041611854733]",15.846604073873449,4.746177995918547
"[0.1990662986995642, 0.8659993704371419, -0.8658145840449644, 0.19987017610290392]",15.849787477968304,4.749321160154254
"[0.19906456633032976, 0.8659993213208256, -0.8658141935480087, 0.19986993580704018]",15.852970985289113,4.752464324389962
"[0.1990628319272373, 0.8659992721438217, -0.8658138025950225, 0.19986969523119966]",15.85615459781517,4.75560748862567
"[0.19906109548007822, 0.8659992229058305, -0.8658134111837137, 0.19986945437397372]",15.859338331985525,4.758750652861377
"[0.1990593569878077, 0.8659991736068112, -0.8658130193138549, 0.19986921323522513]",15.86252218926116,4.761893817097085
"[0.19905761644327277, 0.8659991242465506, -0.8658126269838428, 0.19986897181396937]",15.865706179931477,4.765036981332793
"[0.19905587384498752, 0.8659990748249955, -0.8658122341933508, 0.19986873011000766]",15.868890315718732,4.7681801455685004
"[0.19905412918718152, 0.8659990253419716, -0.8658118409410871, 0.1998684881225478]",15.872074598050903,4.771323309804208
"[0.19905238246121626, 0.8659989757972227, -0.8658114472251129, 0.1998682458503991]",15.875259043854646,4.774466474039916
"[0.19905063366587233, 0.8659989261907038, -0.8658110530451628, 0.19986800329339988]",15.878443653990898,4.7776096382756235
"[0.1990488827961876, 0.8659988765222629, -0.8658106584001265, 0.1998677604508699]",15.881628440471815,4.780752802511331
"[0.19904712984726472, 0.8659988267917502, -0.8658102632889091, 0.19986751732213748]",15.884813409707167,4.783895966747039
"[0.19904537480978263, 0.8659987769988903, -0.8658098677094188, 0.1998672739059175]",15.887998575382415,4.7870391309827465
"[0.19904361768533457, 0.865998727143717, -0.865809471662023, 0.1998670302024391]",15.89118393881762,4.790182295218454
"[0.19904185846181294, 0.8659986772258761, -0.8658090751440022, 0.1998667862100307]",15.894369512132844,4.793325459454161
"[0.1990400971368334, 0.8659986272452886, -0.8658086781548278, 0.19986654192836925]",15.897555302770575,4.7964686236898695
"[0.19903833370539287, 0.8659985772018013, -0.8658082806933808, 0.1998662973567692]",15.900741320789978,4.799611787925577
"[0.1990365681604162, 0.8659985270952023, -0.8658078827580759, 0.19986605249425687]",15.903927570146369,4.802754952161284
"[0.19903480050012043, 0.8659984769254295, -0.86580748434852, 0.1998658073405933]",15.907114064812616,4.8058981163969925
"[0.19903303071445824, 0.8659984266921867, -0.8658070854624577, 0.19986556189439275]",15.910300808593805,4.8090412806327
"[0.1990312587972487, 0.8659983763952871, -0.8658066860985053, 0.1998653161548061]",15.91348781468665,4.812184444868407
"[0.19902948474717022, 0.8659983260346816, -0.8658062862563739, 0.19986507012165788]",15.91667508596058,4.8153276091041155
"[0.19902770855572327, 0.8659982756101177, -0.865805885934157, 0.19986482379377782]",15.919862633275201,4.818470773339823
"[0.19902593021830564, 0.865998225121453, -0.8658054851308266, 0.1998645771705357]",15.923050461815151,4.82161393757553
"[0.1990241497235578, 0.8659981745683535, -0.8658050838438317, 0.19986433025036418]",15.926238587975847,4.8247571018112385
"[0.1990223670705204, 0.8659981239507805, -0.8658046820729655, 0.19986408303313846]",15.92942701260021,4.827900266046946
"[0.19902058225213948, 0.865998073268522, -0.8658042798166473, 0.19986383551788856]",15.932615748944839,4.831043430282653
"[0.19901879526359156, 0.8659980225214291, -0.8658038770737996, 0.1998635877039539]",15.935804800981984,4.8341865945183615
"[0.19901700609370712, 0.8659979717091735, -0.8658034738419145, 0.19986333958979355]",15.93899417982839,4.837329758754069
"[0.19901521474193737, 0.8659979208317273, -0.8658030701208778, 0.1998630911753398]",15.942183889430053,4.840472922989776
"[0.19901342119835627, 0.8659978698887969, -0.8658026659084617, 0.19986284245922475]",15.945373942415545,4.8436160872254845
"[0.1990116254565108, 0.8659978188801872, -0.8658022612032216, 0.19986259344056187]",15.948564346931613,4.846759251461192
"[0.19900982751012683, 0.8659977678057079, -0.8658018560037529, 0.19986234411848944]",15.951755109782273,4.849902415696899
"[0.19900802735174755, 0.8659977166651354, -0.8658014503083851, 0.19986209449198167]",15.954946241813522,4.8530455799326075
"[0.19900622497718892, 0.8659976654583387, -0.8658010441161844, 0.19986184456046724]",15.95813774607083,4.856188744168315
"[0.199004420377428, 0.8659976141850492, -0.8658006374251273, 0.19986159432270356]",15.961329634674222,4.859331908404022
"[0.19900261354453816, 0.8659975628450297, -0.8658002302334372, 0.19986134377759962]",15.964521914162473,4.8624750726397306
"[0.19900080447273044, 0.8659975114381038, -0.8657998225398194, 0.19986109292436147]",15.967714595195208,4.865618236875438
"[0.19899899315654607, 0.8659974599641037, -0.8657994143430531, 0.19986084176224095]",15.970907683197918,4.868761401111145
"[0.19899717958496005, 0.865997408422704, -0.8657990056406643, 0.1998605902897179]",15.974101188117494,4.871904565346853
"[0.1989953637573189, 0.8659973568138737, -0.8657985964325148, 0.19986033850671037]",15.977295114732573,4.875047729582561
"[0.19899354565771896, 0.8659973051371485, -0.8657981867150312, 0.19986008641102213]",15.980489474783655,4.878190893818268
"[0.19899172528515507, 0.8659972533924871, -0.8657977764879966, 0.19985983400252247]",15.98368427669984,4.881334058053976
"[0.19898990262895105, 0.8659972015795738, -0.8657973657490153, 0.19985958127973993]",15.98687952591028,4.884477222289684
"[0.1989880776835697, 0.8659971496982386, -0.8657969544968498, 0.19985932824191535]",15.99007523211154,4.887620386525391
"[0.19898625043720128, 0.8659970977481328, -0.8657965427288484, 0.19985907488742075]",15.993271407157462,4.890763550761099
"[0.19898442088781298, 0.8659970457291866, -0.8657961304445639, 0.19985882121598267]",15.996468052044259,4.893906714996806
"[0.19898258902554908, 0.8659969936411062, -0.865795717641785, 0.1998585672262441]",15.999665177278475,4.897049879232514
"[0.19898075484234717, 0.86599694148365, -0.8657953043187053, 0.19985831291709572]",16.002862791752815,4.900193043468222
"[0.19897891832379622, 0.8659968892563952, -0.8657948904720877, 0.19985805828654887]",16.006060907623745,4.903336207703929
"[0.19897707947416746, 0.8659968369594504, -0.8657944761029053, 0.19985780333520486]",16.009259522494148,4.9064793719396365
"[0.19897523827548322, 0.8659967845922912, -0.865794061207117, 0.19985754806058026]",16.012458658000785,4.909622536175345
"[0.19897339472435704, 0.8659967321548083, -0.8657936457839704, 0.19985729246221495]",16.01565830916034,4.912765700411052
"[0.1989715488117469, 0.8659966796467317, -0.8657932298314388, 0.19985703653886394]",16.01885849010732,4.9159088646467595
"[0.19896970052679477, 0.8659966270677386, -0.8657928133470855, 0.19985678028903214]",16.02205921057183,4.919052028882467
"[0.19896784986103172, 0.8659965744175757, -0.8657923963290133, 0.19985652371155382]",16.0252604787818,4.922195193118175
"[0.19896599681068494, 0.8659965216961216, -0.8657919787763823, 0.199856266805916]",16.028462296615015,4.9253383573538825
"[0.19896414136166124, 0.8659964689029623, -0.8657915606860278, 0.19985600957017396]",16.031664679399878,4.92848152158959
"[0.19896228350962367, 0.8659964160379612, -0.8657911420569835, 0.199855752003736]",16.03486762833388,4.931624685825298
"[0.19896042324064264, 0.865996363100708, -0.8657907228861212, 0.19985549410468045]",16.03807115661642,4.9347678500610055
"[0.19895856055112307, 0.8659963100910869, -0.8657903031726419, 0.1998552358725186]",16.041275268828723,4.937911014296713
"[0.19895669542870748, 0.8659962570087328, -0.8657898829137722, 0.1998549773055466]",16.04447997436601,4.941054178532421
"[0.19895482786735766, 0.86599620385346, -0.8657894621081624, 0.19985471840293734]",16.047685279700236,4.9441973427681285
"[0.19895295785185327, 0.8659961506248215, -0.865789040752394, 0.1998544591625906]",16.050891196573865,4.947340507003836
"[0.19895108537956974, 0.8659960973227286, -0.8657886188458869, 0.1998541995841524]",16.054097729201533,4.950483671239543
"[0.19894921043823635, 0.8659960439468184, -0.8657881963858872, 0.1998539396659309]",16.057304886250517,4.9536268354752515
"[0.19894733301554382, 0.8659959904967262, -0.865787773369633, 0.19985367940623042]",16.06051267636328,4.956769999710959
"[0.19894545310930767, 0.8659959369723759, -0.8657873497966433, 0.1998534188047573]",16.063721106665376,4.959913163946666
"[0.19894357070374277, 0.8659958833733037, -0.8657869256633725, 0.19985315785933383]",16.06693018331771,4.9630563281823745
"[0.19894168579175395, 0.8659958296992936, -0.8657865009682335, 0.1998528965689863]",16.07013991872171,4.966199492418082
"[0.19893979836325715, 0.8659957759500441, -0.8657860757089659, 0.19985263493232702]",16.073350315440585,4.969342656653789
"[0.19893790840701828, 0.8659957221252208, -0.8657856498830498, 0.19985237294780867]",16.076561384112075,4.9724858208894975
"[0.19893601591453194, 0.8659956682245672, -0.8657852234885808, 0.19985211061426283]",16.07977313042273,4.975628985125205
"[0.19893412087541262, 0.8659956142477728, -0.8657847965232301, 0.1998518479302597]",16.08298556455365,4.978772149360912
"[0.19893222327737614, 0.8659955601944734, -0.8657843689842424, 0.1998515848941069]",16.08619869565497,4.9819153135966205
"[0.19893032311195968, 0.8659955060644131, -0.8657839408697222, 0.19985132150464183]",16.089412528623505,4.985058477832328
"[0.19892842037202013, 0.8659954518573734, -0.865783512178072, 0.199851057760885]",16.09262706947756,4.988201642068035
"[0.19892651503921757, 0.8659953975728173, -0.8657830829051719, 0.19985079366030423]",16.095842329650885,4.9913448063037436
"[0.1989246071119435, 0.865995343210684, -0.8657826530506714, 0.19985052920268756]",16.099058313485315,4.994487970539451
"[0.1989226965758233, 0.8659952887705488, -0.865782222611344, 0.19985026438605283]",16.10227503120874,4.997631134775158
"[0.1989207834199797, 0.865995234252087, -0.8657817915847511, 0.19984999920890306]",16.105492487835107,5.000774299010867
"[0.19891886763502636, 0.8659951796550157, -0.8657813599687902, 0.19984973366994793]",16.10871069045444,5.003917463246574
"[0.19891694920157968, 0.8659951249787673, -0.8657809277591065, 0.19984946776651175]",16.111929655172908,5.007060627482281
"[0.19891502812134748, 0.865995070223375, -0.8657804949560971, 0.19984920149884164]",16.11514937755951,5.01020379171799
"[0.1989131043756627, 0.8659950153882916, -0.8657800615555689, 0.1998489348643616]",16.11836987288921,5.013346955953697
"[0.19891117795666774, 0.8659949604732776, -0.8657796275557638, 0.19984866786199318]",16.121591144583757,5.016490120189404
"[0.19890924885531586, 0.8659949054780592, -0.8657791929546566, 0.19984840049049385]",16.124813200830587,5.019633284425112
"[0.19890731704667045, 0.8659948504019103, -0.8657787577466417, 0.19984813274641808]",16.128036056346314,5.02277644866082
"[0.19890538253606718, 0.8659947952449669, -0.865778321932934, 0.19984786463051646]",16.131259706944054,5.025919612896527
"[0.19890344530637502, 0.8659947400067248, -0.8657778855096867, 0.1998475961404266]",16.134484164920753,5.029062777132235
"[0.19890150534214765, 0.865994684686728, -0.8657774484734331, 0.19984732727401808]",16.13770943922332,5.032205941367943
"[0.198899562634348, 0.8659946292847019, -0.8657770108221498, 0.19984705803005065]",16.14093553751032,5.03534910560365
"[0.19889761717028295, 0.8659945738002692, -0.8657765725529906, 0.19984678840677572]",16.14416246576132,5.038492269839358
"[0.19889566894325106, 0.8659945182332223, -0.8657761336644585, 0.19984651840327652]",16.147390228886998,5.041635434075066
"[0.19889371793622215, 0.8659944625830592, -0.8657756941527305, 0.19984624801720388]",16.15061883626606,5.044778598310773
"[0.19889176413420204, 0.8659944068493357, -0.8657752540144417, 0.1998459772464918]",16.15384829834212,5.047921762546481
"[0.1988898075305079, 0.8659943510318447, -0.8657748132480998, 0.19984570609022576]",16.157078618114994,5.051064926782189
"[0.1988878481096376, 0.8659942951301274, -0.8657743718502263, 0.19984543454626885]",16.160309804674565,5.054208091017896
"[0.19888588586404107, 0.8659942391439516, -0.8657739298191334, 0.1998451626135868]",16.163541863777372,5.057351255253604
"[0.19888392077167744, 0.8659941830726717, -0.8657734871498697, 0.19984489028913682]",16.166774804951302,5.060494419489312
"[0.19888195283193477, 0.8659941269162535, -0.8657730438423109, 0.19984461757284616]",16.170008632973616,5.063637583725019
"[0.19887998202357304, 0.8659940706740741, -0.8657725998916861, 0.19984434446178312]",16.173243356991488,5.066780747960727
"[0.19887800833775227, 0.8659940143458635, -0.8657721552960175, 0.19984407095473503]",16.176478980560713,5.069923912196435
"[0.19887603175468607, 0.8659939579310404, -0.8657717100508617, 0.1998437970489719]",16.179715519842986,5.073067076432142
"[0.1988740522735998, 0.865993901429565, -0.8657712641560584, 0.1998435227443989]",16.182952970235988,5.07621024066785
"[0.19887206987262615, 0.8659938448407957, -0.8657708176066955, 0.19984324803799805]",16.186191345676768,5.079353404903558
"[0.19887008453869803, 0.8659937881643427, -0.8657703703998441, 0.19984297292797015]",16.189430652025916,5.082496569139265
"[0.19886809626449628, 0.8659937313999786, -0.8657699225338689, 0.19984269741331456]",16.192670891631842,5.085639733374973
"[0.19886610502985233, 0.8659936745471103, -0.8657694740042414, 0.19984242149124842]",16.19591207853734,5.088782897610681
"[0.19886411082660466, 0.865993617605487, -0.8657690248091379, 0.1998421451606533]",16.199154216794163,5.091926061846388
"[0.19886211363622164, 0.8659935605745614, -0.8657685749443979, 0.19984186841897422]",16.20239731502939,5.095069226082096
"[0.19886011345024976, 0.8659935034540743, -0.8657681244081321, 0.19984159126505271]",16.205641375521836,5.098212390317803
"[0.19885811024818442, 0.8659934462434218, -0.8657676731957362, 0.19984131369605998]",16.20888641045804,5.101355554553511
"[0.1988561040228218, 0.8659933889423802, -0.8657672213056027, 0.19984103571101103]",16.21213242428034,5.104498718789219
"[0.1988540947559855, 0.8659933315504116, -0.8657667687336518, 0.19984075730740022]",16.21537942194462,5.107641883024926
"[0.1988520824351926, 0.8659932740671412, -0.8657663154770869, 0.19984047848351064]",16.21862741393207,5.110785047260634
"[0.1988500670471697, 0.8659932164921714, -0.8657658615329329, 0.19984019923751672]",16.22187640506488,5.113928211496342
"[0.19884804857750532, 0.8659931588250712, -0.8657654068979592, 0.19983991956743496]",16.225126399889238,5.117071375732049
"[0.1988460270109619, 0.865993101065387, -0.8657649515687486, 0.19983963947116704]",16.228377409993332,5.120214539967757
"[0.1988440023292704, 0.8659930432125778, -0.8657644955412014, 0.1998393589461952]",16.23162944131754,5.123357704203465
"[0.1988419745278851, 0.8659929852664945, -0.8657640388143093, 0.19983907799190298]",16.234882492022905,5.126500868439172
"[0.19883994357977905, 0.8659929272263457, -0.8657635813820003, 0.19983879660455947]",16.23813658153243,5.1296440326748804
"[0.19883790948052335, 0.8659928690919855, -0.865763123243292, 0.19983851478356476]",16.24139170757745,5.132787196910588
"[0.19883587221023957, 0.8659928108628263, -0.8657626643937233, 0.1998382325261783]",16.244647879438922,5.135930361146295
"[0.1988338317522984, 0.8659927525383733, -0.8657622048295641, 0.19983794983010988]",16.24790510602082,5.139073525382003
"[0.19883178809644103, 0.8659926941183136, -0.8657617445485198, 0.1998376666939522]",16.251163387429383,5.142216689617711
"[0.19882974122256644, 0.8659926356020534, -0.8657612835460793, 0.19983738311493382]",16.2544227379392,5.145359853853418
"[0.1988276911183623, 0.8659925769892193, -0.8657608218194852, 0.19983709909136438]",16.25768315934034,5.148503018089126
"[0.19882563776836087, 0.8659925182793502, -0.8657603593652701, 0.199836814621114]",16.260944658742915,5.151646182324833
"[0.1988235811552076, 0.8659924594719299, -0.8657598961795416, 0.19983652970179241]",16.264207243919483,5.154789346560541
"[0.19882152126694447, 0.8659924005665953, -0.8657594322596228, 0.19983624433175848]",16.26747091585129,5.157932510796249
"[0.19881945808332888, 0.865992341562748, -0.8657589676009712, 0.19983595850822092]",16.270735689556474,5.161075675031956
"[0.19881739159769404, 0.8659922824601758, -0.8657585022021018, 0.19983567223027193]",16.27400156095534,5.164218839267663
"[0.19881532177855146, 0.8659922232579582, -0.8657580360559396, 0.19983538549356308]",16.277268547877924,5.167362003503372
"[0.19881324862243607, 0.865992163955975, -0.8657575691617208, 0.1998350982976294]",16.28053664924534,5.170505167739079
"[0.19881117210760438, 0.8659921045535834, -0.8657571015145658, 0.19983481063947306]",16.283805873330802,5.173648331974786
"[0.1988090922156278, 0.865992045050235, -0.8657566331103409, 0.1998345225165567]",16.28707622632937,5.176791496210495
"[0.19880700893690598, 0.865991985445634, -0.8657561639469014, 0.19983423392756489]",16.29034771428408,5.179934660446202
"[0.19880492225512056, 0.8659919257392921, -0.8657556940205892, 0.1998339448702527]",16.293620338811483,5.183077824681909
"[0.1988028321472224, 0.8659918659305279, -0.8657552233262307, 0.19983365534144237]",16.296894112879627,5.186220988917617
"[0.1988007385973629, 0.8659918060188672, -0.8657547518602748, 0.19983336533895305]",16.30016904202187,5.189364153153325
"[0.198798641594217, 0.8659917460039631, -0.8657542796201881, 0.19983307486123242]",16.30344512786919,5.192507317389032
"[0.19879654111770279, 0.8659916858852197, -0.8657538066014661, 0.1998327839055132]",16.306722377990564,5.19565048162474
"[0.198794437150904, 0.8659916256621301, -0.8657533328003165, 0.19983249246946855]",16.310000798780067,5.198793645860448
"[0.19879232967778207, 0.8659915653342134, -0.8657528582131458, 0.1998322005508922]",16.31328039531066,5.201936810096155
"[0.19879021867861998, 0.8659915049008828, -0.8657523828355319, 0.19983190814706892]",16.3165611743651,5.205079974331863
"[0.1987881041362354, 0.8659914443616239, -0.8657519066636234, 0.19983161525563445]",16.319843144635577,5.208223138567571
"[0.19878598603765055, 0.8659913837160423, -0.8657514296945161, 0.19983132187480737]",16.323126305930433,5.211366302803278
"[0.1987838643569061, 0.8659913229633722, -0.8657509519223826, 0.19983102800100794]",16.32641067014857,5.214509467038986
"[0.1987817390854219, 0.8659912621033447, -0.8657504733453091, 0.19983073363306422]",16.329696237866287,5.217652631274694
"[0.19877961020167725, 0.8659912011353205, -0.8657499939584682, 0.19983043876801157]",16.332983015161588,5.220795795510401
"[0.1987774776873481, 0.8659911400587516, -0.8657495137577523, 0.19983014340332822]",16.33627101152727,5.223938959746109
"[0.19877534152412368, 0.86599107887309, -0.8657490327390569, 0.19982984753649485]",16.33956023044016,5.227082123981817
"[0.19877320169561602, 0.8659910175778429, -0.8657485508987108, 0.19982955116525822]",16.34285067485629,5.230225288217524
"[0.19877105818297816, 0.8659909561724465, -0.8657480682324891, 0.1998292542870249]",16.346142354430725,5.233368452453232
"[0.19876891096660854, 0.8659908946563156, -0.8657475847359972, 0.19982895689909685]",16.349435272400072,5.23651161668894
"[0.19876676002821733, 0.8659908330289021, -0.8657471004051361, 0.19982865899895763]",16.352729435148902,5.239654780924647
"[0.19876460534825618, 0.8659907712896214, -0.8657466152355234, 0.19982836058391737]",16.356024851376173,5.242797945160355
"[0.19876244691030825, 0.8659907094379791, -0.8657461292234823, 0.1998280616517194]",16.359321521512346,5.245941109396063
"[0.19876028469981888, 0.8659906474735334, -0.865745642365755, 0.19982776220036524]",16.362619448271538,5.24908427363177
"[0.19875811868918203, 0.8659905853954684, -0.8657451546561455, 0.19982746222604944]",16.365918644952927,5.252227437867478
"[0.19875594886690745, 0.8659905232034301, -0.8657446660920867, 0.19982716172719797]",16.369219111897724,5.255370602103185
"[0.19875377520379015, 0.865990460896556, -0.8657441766670225, 0.19982686069978395]",16.372520857739556,5.2585137663388934
"[0.19875159769211867, 0.8659903984746004, -0.8657436863792374, 0.19982655914275715]",16.3758238810754,5.261656930574601
"[0.198749416308461, 0.8659903359368655, -0.8657431952234751, 0.1998262570528909]",16.379128193855713,5.264800094810308
"[0.19874723103333533, 0.8659902732827678, -0.8657427031953702, 0.19982595442750475]",16.382433797753155,5.2679432590460165
"[0.19874504183980748, 0.865990210511509, -0.8657422102888788, 0.19982565126288726]",16.385740700405265,5.271086423281724
"[0.1987428487199715, 0.8659901476228368, -0.8657417165022417, 0.1998253475579615]",16.389048905107398,5.274229587517431
"[0.19874065165108343, 0.8659900846160727, -0.865741221830359, 0.19982504330959697]",16.392358414447923,5.2773727517531395
"[0.19873845061322495, 0.8659900214906192, -0.865740726268767, 0.1998247385150533]",16.395669236277733,5.280515915988847
"[0.19873624557439784, 0.8659899582455323, -0.8657402298102826, 0.19982443316991869]",16.39898137772334,5.283659080224554
"[0.19873403653300747, 0.8659898948807393, -0.8657397324545683, 0.19982412727399085]",16.40229483871423,5.2868022444602625
"[0.19873182345952464, 0.8659898313953666, -0.865739234194997, 0.19982382082319952]",16.405609626890136,5.28994540869597
"[0.19872960633277337, 0.8659897677887798, -0.8657387350268232, 0.19982351381463154]",16.40892574792874,5.293088572931677
"[0.19872738513301488, 0.8659897040603854, -0.8657382349456244, 0.1998232062455729]",16.412243203778193,5.2962317371673855
"[0.1987251598444408, 0.8659896402097024, -0.8657377339478634, 0.19982289811385423]",16.415562000487064,5.299374901403093
"[0.1987229304428102, 0.8659895762360077, -0.8657372320281048, 0.1998225894161379]",16.41888214252096,5.3025180656388
"[0.1987206969055974, 0.8659895121386272, -0.8657367291812996, 0.19982228014932474]",16.42220363399889,5.3056612298745085
"[0.19871845921293976, 0.8659894479169631, -0.8657362254029988, 0.1998219703106839]",16.42552648235108,5.308804394110216
"[0.19871621734462486, 0.865989383570407, -0.865735720688674, 0.19982165989743694]",16.428850690148927,5.311947558345923
"[0.19871397127890683, 0.8659893190983062, -0.8657352150334524, 0.19982134890659267]",16.43217626134616,5.3150907225816315
"[0.198711720998704, 0.8659892545001422, -0.8657347084335113, 0.19982103733580642]",16.435503199990023,5.318233886817339
"[0.19870946647391544, 0.865989189775022, -0.8657342008820974, 0.19982072518093016]",16.438831512436263,5.321377051053046
"[0.19870720769204672, 0.8659891249225582, -0.8657336923764211, 0.19982041244025478]",16.442161200448258,5.3245202152887545
"[0.19870494462674948, 0.8659890599419648, -0.8657331829105739, 0.19982009911015286]",16.445492271438862,5.327663379524462
"[0.19870267725648835, 0.8659889948325945, -0.8657326724797315, 0.19981978518766297]",16.44882472672724,5.330806543760169
"[0.1987004055618085, 0.8659889295938588, -0.8657321610795378, 0.19981947067011305]",16.452158572741858,5.333949707995877
"[0.19869812952136115, 0.8659888642251149, -0.8657316487052107, 0.1998191555545678]",16.455493809813532,5.337092872231585
"[0.1986958491083499, 0.8659887987255636, -0.865731135350742, 0.19981883983733867]",16.458830448077922,5.340236036467292
"[0.19869356430394355, 0.8659887330946333, -0.8657306210119167, 0.1998185235158397]",16.462168489139998,5.343379200703
"[0.19869127508591436, 0.8659886673316558, -0.8657301056837555, 0.19981820658701507]",16.465507933573505,5.346522364938708
"[0.1986889814329822, 0.8659886014359887, -0.8657295893614925, 0.19981788904794043]",16.46884878843716,5.349665529174415
"[0.19868668332138742, 0.8659885354069187, -0.8657290720398038, 0.19981757089534785]",16.472191059722082,5.352808693410123
"[0.19868438072780964, 0.8659884692437448, -0.8657285537134648, 0.19981725212603105]",16.47553474522595,5.355951857645831
"[0.19868207362625517, 0.8659884029456889, -0.8657280343766494, 0.19981693273641302]",16.478879858798056,5.359095021881538
"[0.19867976200185064, 0.8659883365122922, -0.8657275140260347, 0.1998166127244576]",16.482226392448332,5.362238186117246
"[0.1986774458270204, 0.8659882699427304, -0.8657269926554386, 0.19981629208636936]",16.485574358360928,5.365381350352954
"[0.19867512507956814, 0.8659882032363336, -0.8657264702598906, 0.19981597081909813]",16.48892375647073,5.368524514588661
"[0.1986727997382721, 0.86598813639246, -0.8657259468346394, 0.1998156489197285]",16.4922745875176,5.371667678824369
"[0.1986704697723814, 0.865988069410193, -0.8657254223727892, 0.19981532638402685]",16.49562686612786,5.374810843060077
"[0.19866813516428528, 0.8659880022889939, -0.8657248968704019, 0.19981500320957807]",16.498980584569292,5.377954007295784
"[0.19866579589676867, 0.8659879350283347, -0.8657243703236288, 0.1998146793940226]",16.502335749577142,5.381097171531492
"[0.19866345193054327, 0.8659878676270532, -0.8657238427236532, 0.19981435493194485]",16.505692368164258,5.384240335767199
"[0.19866110325961492, 0.8659878000849432, -0.8657233140691526, 0.19981402982253882]",16.509050438955917,5.387383500002907
"[0.19865874984593263, 0.8659877324008776, -0.865722784351589, 0.1998137040605609]",16.512409968315385,5.390526664238615
"[0.19865639167273885, 0.8659876645743401, -0.8657222535672177, 0.19981337764371548]",16.51577095797935,5.393669828474322
"[0.19865402871442162, 0.8659875966045603, -0.865721721710301, 0.1998130505684813]",16.519133412232726,5.3968129927100295
"[0.19865166094506262, 0.8659875284907586, -0.865721188775033, 0.19981272283129486]",16.52249733572963,5.399956156945738
"[0.19864928834151716, 0.8659874602322345, -0.8657206547562318, 0.1998123944289767]",16.525862728971507,5.403099321181445
"[0.19864691088492442, 0.8659873918284109, -0.8657201196496802, 0.19981206535894122]",16.529229592095657,5.4062424854171525
"[0.19864452854536604, 0.8659873232783918, -0.8657195834486723, 0.19981173561707175]",16.53259793436492,5.409385649652861
"[0.19864214129376187, 0.8659872545813052, -0.8657190461466909, 0.19981140519936819]",16.53596775729676,5.412528813888568
"[0.1986397491138353, 0.8659871857366477, -0.8657185077401017, 0.1998110741036024]",16.539339061583984,5.4156719781242755
"[0.19863735197482849, 0.8659871167434979, -0.8657179682220104, 0.1998107423255429]",16.54271185284315,5.418815142359983
"[0.19863494985348187, 0.8659870476011508, -0.8657174275872109, 0.19981040986199572]",16.546086131396997,5.421958306595691
"[0.19863254272873554, 0.8659869783089638, -0.8657168858309925, 0.19981007671007162]",16.54946190002641,5.4251014708313985
"[0.19863013056982282, 0.8659869088660146, -0.8657163429464598, 0.19980974286553818]",16.55283916382588,5.428244635067106
"[0.19862771335469742, 0.8659868392716321, -0.8657157989286808, 0.19980940832537014]",16.55621792493593,5.431387799302813
"[0.19862529105813015, 0.8659867695250528, -0.8657152537720071, 0.1998090730861017]",16.55959818212005,5.4345309635385215
"[0.1986228636527283, 0.8659866996254507, -0.8657147074703034, 0.19980873714396824]",16.562979943333975,5.437674127774229
"[0.19862043111415878, 0.8659866295720876, -0.8657141600181238, 0.19980840049562879]",16.56636320834165,5.440817292009936
"[0.19861799341044012, 0.8659865593640046, -0.8657136114083012, 0.1998080631366838]",16.569747982100868,5.4439604562456445
"[0.19861555052728505, 0.8659864890007524, -0.8657130616376506, 0.19980772506518307]",16.573134263225477,5.447103620481352
"[0.19861310243133284, 0.8659864184813315, -0.8657125106986949, 0.19980738627653657]",16.576522055902686,5.450246784717059
"[0.19861064909740075, 0.8659863478049777, -0.8657119585857977, 0.199807046767287]",16.579911361996395,5.4533899489527675
"[0.19860819049961745, 0.8659862769709074, -0.8657114052931684, 0.199806706533881]",16.5833021845681,5.456533113188475
"[0.19860572661521703, 0.8659862059784251, -0.8657108508157149, 0.19980636557319625]",16.586694522228516,5.459676277424182
"[0.19860325741028112, 0.8659861348265142, -0.8657102951458356, 0.19980602388056665]",16.590088385367725,5.4628194416598905
"[0.198600782862813, 0.865986063514501, -0.8657097382786126, 0.1998056814529761]",16.593483767632634,5.465962605895598
"[0.1985983029449896, 0.8659859920415437, -0.8657091802078164, 0.19980533828660338]",16.596880677314395,5.469105770131305
"[0.19859581763453282, 0.8659859204069601, -0.8657086209284665, 0.19980499437839316]",16.60027911027537,5.4722489343670135
"[0.19859332689895154, 0.865985848609773, -0.8657080604332835, 0.19980464972387874]",16.603679071856373,5.475392098602721
"[0.1985908307104807, 0.8659857766491411, -0.8657074987160523, 0.19980430431924695]",16.60708056520237,5.478535262838428
"[0.19858832905219545, 0.8659857045245355, -0.8657069357729976, 0.19980395816218458]",16.610483587185296,5.481678427074136
"[0.19858582187962498, 0.8659856322346323, -0.865706371594145, 0.19980361124656812]",16.61388814809971,5.484821591309844
"[0.1985833091839138, 0.8659855597791347, -0.8657058061775357, 0.1998032635712011]",16.617294241088917,5.487964755545551
"[0.1985807909276241, 0.865985487156921, -0.8657052395147791, 0.19980291513093296]",16.620701870939275,5.491107919781259
"[0.19857826708116724, 0.8659854143670956, -0.865704671599251, 0.19980256592169998]",16.624111038875338,5.494251084016967
"[0.19857573762151712, 0.8659853414089516, -0.8657041024258042, 0.19980221594034622]",16.62752174901363,5.497394248252674
"[0.19857320251796184, 0.8659852682815603, -0.865703531987563, 0.19980186518265222]",16.630934001475207,5.500537412488382
"[0.19857066174564608, 0.8659851949841613, -0.8657029602789689, 0.19980151364521012]",16.634347793943792,5.50368057672409
"[0.1985681152764187, 0.865985121515899, -0.8657023872937226, 0.19980116132415549]",16.6377631320009,5.506823740959797
"[0.1985655630796515, 0.8659850478758457, -0.8657018130249676, 0.1998008082152816]",16.641180014875676,5.509966905195505
"[0.1985630051284881, 0.8659849740631825, -0.8657012374666966, 0.1998004543149043]",16.644598444746922,5.513110069431213
"[0.19856044140051382, 0.865984900077218, -0.8657006606139018, 0.1998000996199537]",16.648018420462027,5.51625323366692
"[0.19855787185912177, 0.8659848259168507, -0.8657000824583826, 0.19979974412539678]",16.65143994551736,5.519396397902628
"[0.1985552964709572, 0.8659847515810728, -0.8656995029926702, 0.19979938782665077]",16.654863024263964,5.522539562138336
"[0.19855271522383203, 0.8659846770694872, -0.865698922214059, 0.19979903072206184]",16.658287651595348,5.525682726374043
"[0.19855012807771055, 0.8659846023808924, -0.8656983401135777, 0.19979867280612337]",16.6617138282653,5.528825890609751
"[0.1985475350014416, 0.8659845275143426, -0.8656977566842545, 0.19979831407455845]",16.66514156117768,5.531969054845459
"[0.19854493597819226, 0.8659844524693057, -0.8656971719223394, 0.1997979545250712]",16.668570844075628,5.535112219081166
"[0.19854233096044102, 0.8659843772443622, -0.8656965858171779, 0.19979759415112067]",16.67200168444568,5.538255383316874
"[0.1985397199427776, 0.8659843018393091, -0.8656959983675908, 0.19979723295199156]",16.675434076780448,5.541398547552582
"[0.19853710287549825, 0.8659842262526634, -0.8656954095624334, 0.19979687092084153]",16.678868026611095,5.544541711788289
"[0.198534479742005, 0.8659841504838977, -0.8656948193980097, 0.19979650805540827]",16.68230353107869,5.547684876023997
"[0.1985318504981985, 0.8659840745316901, -0.8656942278644368, 0.19979614434962575]",16.685740595201953,5.550828040259705
"[0.1985292151336069, 0.8659839983956897, -0.865693634959398, 0.19979577980207913]",16.689179210330426,5.553971204495412
"[0.19852657360494336, 0.8659839220745968, -0.8656930406731935, 0.19979541440681534]",16.692619386245592,5.55711436873112
"[0.19852392588725223, 0.8659838455676414, -0.8656924450002486, 0.19979504816041713]",16.696061119968814,5.560257532966827
"[0.1985212719458526, 0.8659837688737715, -0.8656918479328004, 0.19979468105812237]",16.69950441129265,5.563400697202535
"[0.1985186117565357, 0.8659836919922375, -0.865691249465443, 0.19979431309661752]",16.702949260478757,5.566543861438243
"[0.1985159452889327, 0.8659836149221118, -0.8656906495913849, 0.19979394427173716]",16.706395665511224,5.56968702567395
"[0.19851327250969938, 0.8659835376623797, -0.8656900483031649, 0.19979357457890537]",16.709843632309475,5.572830189909658
"[0.19851059338971772, 0.8659834602121483, -0.8656894455942734, 0.19979320401413078]",16.7132931544967,5.575973354145366
"[0.19850790790069445, 0.8659833825705486, -0.8656888414583871, 0.1997928325735355]",16.716744234114245,5.579116518381073
"[0.19850521601458873, 0.8659833047367179, -0.865688235889239, 0.19979246025327824]",16.72019687272451,5.582259682616781
"[0.1985025176855102, 0.8659832267092774, -0.8656876288765478, 0.1997920870470482]",16.723651070088405,5.585402846852489
"[0.19849981290203653, 0.8659831484878441, -0.8656870204177859, 0.19979171295330309]",16.727106821995665,5.588546011088196
"[0.1984971016236671, 0.8659830700711938, -0.865686410503885, 0.19979133796647852]",16.73056413208289,5.591689175323904
"[0.19849438381686108, 0.8659829914583032, -0.8656857991273426, 0.19979096208197294]",16.73402299894118,5.594832339559612
"[0.19849165946141403, 0.8659829126485342, -0.8656851862836569, 0.19979058529702998]",16.737483420583665,5.597975503795319
"[0.1984889285130411, 0.8659828336405517, -0.8656845719629093, 0.19979020760556349]",16.7409453988096,5.601118668031027
"[0.198486190950481, 0.8659827544336863, -0.865683956160361, 0.19978982900467077]",16.744408932120724,5.604261832266735
"[0.19848344673707471, 0.8659826750268222, -0.8656833388678097, 0.199789449489321]",16.74787401900849,5.607404996502442
"[0.19848069584592046, 0.8659825954191263, -0.8656827200792484, 0.1997890690558327]",16.75134065845193,5.61054816073815
"[0.1984779382375978, 0.8659825156094014, -0.8656820997858543, 0.19978868769879354]",16.75480885255198,5.613691324973858
"[0.1984751738881836, 0.8659824355968997, -0.8656814779822913, 0.19978830541493464]",16.75827859788642,5.616834489209565
"[0.19847240276153288, 0.8659823553805186, -0.8656808546604746, 0.19978792219929684]",16.761749894706806,5.6199776534452734
"[0.19846962483042832, 0.8659822749594129, -0.8656802298143274, 0.1997875380481569]",16.765222740776185,5.623120817680981
"[0.19846684006118095, 0.8659821943325505, -0.8656796034363177, 0.19978715295689672]",16.76869713489518,5.626263981916688
"[0.19846404842142532, 0.8659821134989368, -0.8656789755192125, 0.1997867669210806]",16.772173076207366,5.629407146152396
"[0.1984612498762875, 0.8659820324575037, -0.8656783460552137, 0.1997863799359277]",16.775650566844906,5.632550310388104
"[0.1984584443959214, 0.8659819512073286, -0.8656777150376554, 0.19978599199735148]",16.77912960065772,5.635693474623811
"[0.19845563194377705, 0.865981869747294, -0.8656770824583641, 0.19978560310033977]",16.78261018075111,5.638836638859519
"[0.1984528124920574, 0.8659817880765355, -0.8656764483111351, 0.19978521324109083]",16.78609230143626,5.641979803095227
"[0.1984499860111968, 0.8659817061941367, -0.8656758125893664, 0.19978482241555853]",16.7895759650814,5.645122967330934
"[0.19844715246502626, 0.8659816240989898, -0.8656751752849713, 0.19978443061878431]",16.79306116536903,5.648266131566642
"[0.19844431182368757, 0.8659815417901697, -0.8656745363912834, 0.19978403784668175]",16.79654790488677,5.651409295802349
"[0.19844146404399646, 0.8659814592663632, -0.8656738958986384, 0.19978364409332375]",16.80003618298084,5.654552460038057
"[0.19843860910779007, 0.8659813765269829, -0.865673253803001, 0.19978324935624175]",16.803525992121184,5.657695624273765
"[0.1984357469725485, 0.8659812935707352, -0.8656726100948582, 0.19978285362960035]",16.80701733743963,5.660838788509472
"[0.19843287760641184, 0.8659812103966332, -0.8656719647670938, 0.1997824569090391]",16.810510213062148,5.663981952745179
"[0.1984300009772182, 0.8659811270036828, -0.8656713178125256, 0.19978205919015513]",16.81400461795122,5.667125116980888
"[0.19842711705860175, 0.865981043391056, -0.8656706692252745, 0.1997816604693478]",16.817500547173214,5.670268281216595
"[0.19842422580625493, 0.8659809595574046, -0.8656700189954268, 0.1997812607405362]",16.82099800520573,5.673411445452302
"[0.19842132719103903, 0.8659808755018198, -0.8656693671164812, 0.1997808599997371]",16.824496982528174,5.67655460968801
"[0.19841842118115913, 0.8659807912233148, -0.8656687135813389, 0.19978045824260018]",16.82799748382771,5.679697773923718
"[0.19841550774454964, 0.8659807067208946, -0.8656680583828408, 0.19978005546473832]",16.831499501463846,5.682840938159425
"[0.1984125868395665, 0.8659806219932858, -0.8656674015116742, 0.19977965166044084]",16.83500303518881,5.685984102395133
"[0.19840965844183786, 0.8659805370397157, -0.8656667429624114, 0.19977924682638454]",16.838508084289725,5.689127266630841
"[0.19840672250911137, 0.8659804518588919, -0.8656660827256037, 0.19977884095677562]",16.84201464551805,5.692270430866548
"[0.19840377901482886, 0.8659803664499769, -0.8656654207953325, 0.1997784340479893]",16.84552271429283,5.695413595102256
"[0.1984008279220693, 0.8659802808118324, -0.8656647571633493, 0.19977802609496936]",16.84903228865429,5.698556759337964
"[0.19839786919210525, 0.8659801949432663, -0.8656640918209995, 0.19977761709241026]",16.852543367885147,5.701699923573671
"[0.19839490280109115, 0.8659801088435182, -0.8656634247629755, 0.19977720703706375]",16.856055946623073,5.704843087809379
"[0.1983919287113979, 0.8659800225114275, -0.8656627559808714, 0.19977679592377678]",16.859570022941625,5.707986252045087
"[0.19838894687991038, 0.865979935945673, -0.8656620854650474, 0.19977638374663798]",16.86308559614342,5.711129416280794
"[0.19838595728284472, 0.8659798491454945, -0.8656614132102111, 0.19977597050241006]",16.866602660591095,5.714272580516502
"[0.19838295987856747, 0.865979762109613, -0.8656607392070573, 0.1997755561853864]",16.87012121528852,5.717415744752209
"[0.1983799546364281, 0.8659796748370676, -0.8656600634487506, 0.19977514079138142]",16.87364125507836,5.720558908987917
"[0.1983769415240375, 0.8659795873268467, -0.8656593859280654, 0.19977472431596763]",16.877162775580167,5.723702073223625
"[0.1983739205005506, 0.8659794995776918, -0.8656587066358749, 0.1997743067535506]",16.880685779739583,5.726845237459332
"[0.19837089153026505, 0.8659794115884939, -0.8656580255642092, 0.19977388809924637]",16.884210260528995,5.72998840169504
"[0.19836785458786257, 0.8659793233584447, -0.8656573427074346, 0.19977346834960646]",16.887736212077886,5.733131565930748
"[0.1983648096311717, 0.8659792348862455, -0.8656566580561266, 0.19977304749885502]",16.891263634682332,5.736274730166455
"[0.1983617566287503, 0.8659791461709091, -0.8656559716032756, 0.19977262554269737]",16.894792523827675,5.739417894402163
"[0.19835869554292304, 0.8659790572112666, -0.8656552833404701, 0.19977220247597902]",16.898322875379602,5.742561058637871
"[0.1983556263407961, 0.8659789680062866, -0.8656545932603741, 0.19977177829420728]",16.901854684272454,5.745704222873578
"[0.1983525489796116, 0.8659788785546514, -0.8656539013534345, 0.19977135299152554]",16.905387950145975,5.7488473871092864
"[0.1983494634284837, 0.8659787888553873, -0.8656532076127683, 0.19977092656371834]",16.908922670659734,5.751990551344994
"[0.19834636966483535, 0.8659786989077611, -0.8656525120333602, 0.1997704990077202]",16.91245883418505,5.755133715580701
"[0.19834326763640903, 0.8659786087101771, -0.8656518146035236, 0.19977007031636304]",16.915996443035247,5.7582768798164095
"[0.19834015730895763, 0.8659785182615616, -0.8656511153156204, 0.19976964048496873]",16.919535494119433,5.761420044052117
"[0.19833703865602234, 0.8659784275610669, -0.8656504141637646, 0.19976920950993626]",16.923075979708084,5.764563208287824
"[0.19833391163119096, 0.8659783366072651, -0.8656497111375853, 0.19976877738490662]",16.926617899768942,5.7677063725235325
"[0.19833077620574724, 0.8659782453992414, -0.8656490062306895, 0.19976834410596792]",16.93016124477932,5.77084953675924
"[0.1983276323464972, 0.8659781539359506, -0.8656482994356788, 0.199767909668589]",16.933706015349284,5.773992700994947
"[0.19832448001181768, 0.8659780622161015, -0.8656475907432599, 0.19976747406707507]",16.93725220331442,5.7771358652306555
"[0.19832131917061493, 0.8659779702387087, -0.8656468801465076, 0.1997670372971861]",16.940799805956388,5.780279029466363
"[0.19831814978938841, 0.8659778780027158, -0.8656461676379554, 0.19976659935435084]",16.944348818098984,5.78342219370207
"[0.19831497181140695, 0.8659777855063898, -0.865645453204916, 0.19976616023078753]",16.947899240794264,5.786565357937778
"[0.19831178522842108, 0.8659776927494084, -0.865644736845601, 0.19976571992541492]",16.95145106112401,5.789708522173486
"[0.198308589985048, 0.8659775997300759, -0.8656440185476265, 0.19976527843063893]",16.955004280205337,5.792851686409193
"[0.19830538605452955, 0.8659775064475302, -0.8656432983050449, 0.19976483574282108]",16.958558890937454,5.795994850644901
"[0.19830217340196382, 0.8659774129006705, -0.8656425761100777, 0.19976439185719888]",16.96211488686379,5.799138014880609
"[0.19829895197707037, 0.8659773190879481, -0.8656418519514899, 0.19976394676688483]",16.965672268925104,5.802281179116316
"[0.19829572176125512, 0.8659772250087359, -0.8656411258251707, 0.19976350046936991]",16.969231026848945,5.805424343352024
"[0.1982924827130726, 0.8659771306617409, -0.8656403977218722, 0.19976305295898886]",16.972791155736132,5.808567507587732
"[0.1982892347888008, 0.8659770360456032, -0.8656396676318361, 0.19976260422976172]",16.97635265468322,5.811710671823439
"[0.19828597794920308, 0.8659769411590923, -0.8656389355463123, 0.19976215427632943]",16.97991551627419,5.814853836059147
"[0.19828271217332924, 0.8659768460015099, -0.8656382014606621, 0.1997617030958596]",16.983479734252033,5.817997000294855
"[0.19827943740693157, 0.8659767505711874, -0.8656374653627626, 0.19976125068091968]",16.987045305786076,5.821140164530562
"[0.19827615363282175, 0.8659766548675347, -0.865636727248822, 0.19976079702919788]",16.990612222922877,5.82428332876627
"[0.19827286079671594, 0.8659765588888799, -0.8656359871067101, 0.1997603421332586]",16.99418048252377,5.827426493001978
"[0.19826955887209735, 0.8659764626343603, -0.8656352449305396, 0.19975988598950167]",16.997750077775805,5.830569657237685
"[0.19826624781881674, 0.8659763661027143, -0.8656345007113586, 0.19975942859244494]",17.001321001079255,5.833712821473393
"[0.1982629275970054, 0.8659762692926884, -0.8656337544402798, 0.19975896993664535]",17.004893253513263,5.836855985709101
"[0.19825959817538352, 0.8659761722032783, -0.8656330061103462, 0.19975851001784725]",17.008466821607882,5.839999149944808
"[0.19825625951227346, 0.8659760748331758, -0.865632255712265, 0.19975804883035825]",17.012041705808592,5.843142314180516
"[0.19825291156816707, 0.8659759771811357, -0.8656315032372311, 0.19975758636878682]",17.015617899186513,5.846285478416224
"[0.19824955431511013, 0.8659758792462483, -0.8656307486790373, 0.19975712262933806]",17.0191953930607,5.849428642651931
"[0.19824618770914426, 0.8659757810271368, -0.8656299920278795, 0.1997566576060065]",17.02277418202996,5.852571806887639
"[0.19824281171578872, 0.8659756825227, -0.8656292332760848, 0.19975619129409677]",17.02635426261014,5.855714971123347
"[0.19823942628955155, 0.8659755837315145, -0.8656284724135058, 0.1997557236873926]",17.029935629049668,5.858858135359054
"[0.19823603141070203, 0.8659754846529082, -0.8656277094357859, 0.19975525478323702]",17.033518270674378,5.862001299594762
"[0.19823262702858985, 0.8659753852853056, -0.8656269443316196, 0.19975478457470272]",17.037102186081473,5.865144463830469
"[0.19822921311020805, 0.8659752856276455, -0.8656261770936677, 0.1997543130572996]",17.04068736640775,5.868287628066177
"[0.1982257896155211, 0.8659751856786605, -0.8656254077130117, 0.19975384022556794]",17.0442738066674,5.871430792301885
"[0.19822235651133158, 0.8659750854372823, -0.8656246361822705, 0.19975336607499256]",17.04786149895427,5.874573956537592
"[0.19821891374728265, 0.8659749849019409, -0.8656238624902078, 0.19975289059868875]",17.051450441272806,5.8777171207733
"[0.19821546130531, 0.8659748840720078, -0.8656230866328446, 0.19975241379423286]",17.055040622599748,5.880860285009008
"[0.19821199912953796, 0.8659747829457505, -0.8656223085977055, 0.1997519356539796]",17.05863203857304,5.884003449244715
"[0.19820852720815518, 0.8659746815227217, -0.865621528382218, 0.19975145617636914]",17.06222467821645,5.887146613480423
"[0.19820504547117748, 0.8659745798007747, -0.8656207459707373, 0.1997509753518092]",17.065818540405715,5.890289777716131
"[0.1982015539049946, 0.8659744777794086, -0.8656199613602884, 0.19975049317849297]",17.06941361801942,5.893432941951838
"[0.19819805246213582, 0.8659743754571324, -0.8656191745402869, 0.19975000964993825]",17.07300990118146,5.8965761061875455
"[0.1981945411002496, 0.8659742728326038, -0.8656183855013001, 0.19974952476037006]",17.076607386042376,5.899719270423254
"[0.19819101979488274, 0.8659741699050024, -0.8656175942379174, 0.19974903850648648]",17.080206062763356,5.902862434658961
"[0.19818748850083276, 0.8659740666729018, -0.8656168007400672, 0.19974855088211954]",17.08380592696594,5.9060055988946685
"[0.19818394717585783, 0.8659739631349597, -0.8656160049983429, 0.19974806188151226]",17.087406971200274,5.909148763130376
"[0.19818039578861546, 0.8659738592901525, -0.8656152070057882, 0.19974757150041178]",17.09100918727903,5.912291927366084
"[0.19817683430233282, 0.8659737551372969, -0.8656144067542273, 0.19974707973381717]",17.094612566764816,5.9154350916017915
"[0.19817326267932825, 0.8659736506751821, -0.8656136042352806, 0.19974658657660171]",17.098217105505817,5.918578255837499
"[0.19816968087077086, 0.8659735459022702, -0.8656127994380641, 0.19974609202210075]",17.101822795641894,5.921721420073206
"[0.19816608885339684, 0.8659734408177705, -0.8656119923574395, 0.19974559606717956]",17.105429628579312,5.9248645843089145
"[0.19816248658304758, 0.8659733354202798, -0.8656111829835735, 0.1997450987058199]",17.10903759691596,5.928007748544622
"[0.19815887401297338, 0.865973229708319, -0.8656103713060528, 0.1997445999316454]",17.112646695400965,5.931150912780329
"[0.19815525113361943, 0.8659731236814959, -0.8656095573228206, 0.199744099743416]",17.116256911213846,5.9342940770160375
"[0.19815161786933683, 0.8659730173374833, -0.8656087410169709, 0.1997435981307676]",17.11986824595811,5.937437241251745
"[0.19814797421031316, 0.8659729106758801, -0.8656079223863913, 0.19974309509242572]",17.123480681408303,5.940580405487452
"[0.19814432010577177, 0.8659728036950849, -0.865607101419765, 0.19974259062146124]",17.12709421828657,5.94372356972316
"[0.19814065552060742, 0.865972696393955, -0.8656062781092985, 0.19974208471310867]",17.130708845003493,5.946866733958868
"[0.1981369804143073, 0.8659725887711875, -0.8656054524459826, 0.1997415773618573]",17.134324555453063,5.950009898194575
"[0.19813329475764946, 0.86597248082581, -0.8656046244233466, 0.19974106856375543]",17.13794133813392,5.953153062430283
"[0.19812959850055317, 0.8659723725562377, -0.8656037940302336, 0.19974055831197254]",17.141559188637956,5.956296226665991
"[0.19812589161411795, 0.865972263961506, -0.8656029612602463, 0.19974004660260264]",17.14517809979709,5.959439390901698
"[0.1981221740564797, 0.8659721550402688, -0.8656021261040754, 0.19973953342995054]",17.148798060006474,5.962582555137406
"[0.1981184457934206, 0.865972045791404, -0.8656012885541303, 0.1997390187893777]",17.152419064269377,5.965725719373114
"[0.19811470678047133, 0.8659719362134873, -0.865600448600518, 0.1997385026748305]",17.15604110442259,5.968868883608821
"[0.19811095698261535, 0.8659718263053711, -0.8655996062354698, 0.19973798508156138]",17.159664168724536,5.972012047844529
"[0.19810719636500634, 0.8659717160659117, -0.8655987614512564, 0.19973746600484657]",17.163288252523934,5.975155212080237
"[0.19810342488860355, 0.8659716054938416, -0.8655979142392062, 0.19973694543938425]",17.16691334735739,5.978298376315944
"[0.19809964251268083, 0.8659714945878426, -0.8655970645902701, 0.19973642337964054]",17.170539442321775,5.981441540551652
"[0.1980958492029506, 0.8659713833467849, -0.8655962124968466, 0.19973589982097045]",17.174166529280317,5.98458470478736
"[0.19809204492156912, 0.8659712717694333, -0.8655953579505354, 0.19973537475823938]",17.177794603019994,5.987727869023067
"[0.19808822962855885, 0.8659711598544888, -0.865594500942458, 0.1997348481860189]",17.181423651864094,5.990871033258775
"[0.19808440328100227, 0.8659710476005653, -0.865593641463076, 0.19973432009847528]",17.185053668760677,5.994014197494483
"[0.198080565845707, 0.8659709350065612, -0.8655927795050368, 0.19973379049111742]",17.18868464686448,5.99715736173019
"[0.1980767172865301, 0.8659708220712874, -0.8655919150603253, 0.19973325935904812]",17.192316573654548,6.000300525965898
"[0.1980728575640461, 0.8659707087934574, -0.86559104812019, 0.19973272669691777]",17.195949442147295,6.003443690201606
"[0.19806898664452613, 0.8659705951719509, -0.8655901786771599, 0.19973219250016314]",17.199583243901245,6.006586854437313
"[0.19806510448051975, 0.8659704812052438, -0.8655893067206822, 0.19973165676232915]",17.203217970651682,6.009730018673021
"[0.19806121103562305, 0.8659703668921356, -0.865588432242687, 0.19973111947848438]",17.20685361342231,6.012873182908729
"[0.19805730628481477, 0.8659702522317585, -0.8655875552376606, 0.19973058064527022]",17.210490160577386,6.016016347144436
"[0.19805339016764079, 0.8659701372222042, -0.865586675692133, 0.19973004025443786]",17.21412760585788,6.019159511380144
"[0.19804946267492626, 0.8659700218630682, -0.8655857936041513, 0.19972949830481687]",17.217765940501796,6.022302675615851
"[0.1980455237506319, 0.8659699061525695, -0.8655849089612384, 0.1997289547887691]",17.221405152275825,6.025445839851559
"[0.19804157336324288, 0.8659697900896461, -0.8655840217564256, 0.19972840970204245]",17.225045235722618,6.028589004087267
"[0.19803761146890642, 0.8659696736728726, -0.8655831319799744, 0.19972786303868217]",17.22868618053035,6.031732168322974
"[0.19803363803070265, 0.8659695569010261, -0.8655822396237038, 0.19972731479369185]",17.23232797773868,6.034875332558682
"[0.1980296530114552, 0.8659694397728753, -0.8655813446793764, 0.19972676496203945]",17.23597061861864,6.03801849679439
"[0.1980256563837611, 0.8659693222874754, -0.8655804471409504, 0.1997262135400422]",17.239614091253657,6.041161661030097
"[0.19802164809217251, 0.865969204443056, -0.8655795469960864, 0.19972566052014867]",17.243258387897864,6.044304825265805
"[0.19801762811458107, 0.8659690862388253, -0.865578644239933, 0.199725105899409]",17.246903497981457,6.047447989501513
"[0.19801359641386068, 0.8659689676735501, -0.8655777388642673, 0.19972454967280082]",17.250549414886063,6.05059115373722
"[0.19800955293511238, 0.8659688487454724, -0.8655768308568756, 0.1997239918328509]",17.25419612843848,6.053734317972928
"[0.19800549765639022, 0.865968729453803, -0.8655759202129456, 0.1997234323766334]",17.257843626342506,6.056877482208636
"[0.19800143053919234, 0.8659686097972643, -0.8655750069239477, 0.19972287129893823]",17.261491901847823,6.060020646444343
"[0.19799735154214032, 0.8659684897744936, -0.8655740909807074, 0.19972230859415996]",17.26514094380886,6.063163810680051
"[0.19799326063158731, 0.865968369384354, -0.8655731723757869, 0.1997217442577602]",17.26879074231874,6.066306974915759
"[0.1979891577576442, 0.8659682486252299, -0.8655722510981024, 0.1997211782829608]",17.27244129019985,6.069450139151466
"[0.19798504289759644, 0.8659681274963041, -0.8655713271426725, 0.1997206106667331]",17.27609257513484,6.072593303387174
"[0.19798091601576065, 0.8659680059963775, -0.8655704005016049, 0.19972004140425992]",17.279744589128686,6.075736467622882
"[0.19797677706047417, 0.8659678841237787, -0.8655694711634202, 0.19971947048852035]",17.283397320874734,6.078879631858589
"[0.19797262600498414, 0.8659677618775684, -0.8655685391222323, 0.19971889791593145]",17.28705076202508,6.082022796094297
"[0.19796846281096742, 0.8659676392564667, -0.8655676043695593, 0.19971832368131337]",17.29070490178627,6.085165960330005
"[0.19796428743639485, 0.8659675162590825, -0.8655666668960869, 0.1997177477789775]",17.294359729533557,6.088309124565712
"[0.19796009985381643, 0.8659673928844535, -0.8655657266957755, 0.19971717020524557]",17.29801523613154,6.09145228880142
"[0.1979559000245364, 0.8659672691312846, -0.8655647837600617, 0.19971659095488978]",17.301671411583964,6.094595453037128
"[0.19795168790089515, 0.8659671449980162, -0.8655638380783699, 0.1997160100214463]",17.30532824577478,6.097738617272835
"[0.19794746345431447, 0.8659670204836495, -0.86556288964441, 0.1997154274010839]",17.308985729999982,6.1008817815085425
"[0.197943226646584, 0.8659668955869004, -0.8655619384497296, 0.1997148430886439]",17.312643850407163,6.104024945744251
"[0.19793897744177824, 0.8659667703065518, -0.8655609844863907, 0.19971425707928359]",17.3163026007924,6.107168109979958
"[0.1979347158103296, 0.8659666446415724, -0.8655600277478832, 0.199713669369037]",17.319961968176454,6.1103112742156656
"[0.1979304417015698, 0.8659665185903079, -0.8655590682229608, 0.19971307995103002]",17.323621943325666,6.113454438451374
"[0.19792615508421485, 0.8659663921516745, -0.8655581059047304, 0.19971248882106177]",17.32728251837916,6.116597602687081
"[0.1979218559226708, 0.8659662653244601, -0.8655571407853312, 0.1997118959743382]",17.330943679976816,6.119740766922789
"[0.19791754419159138, 0.8659661381077537, -0.8655561728592043, 0.19971130140747925]",17.334605416756983,6.122883931158497
"[0.1979132198306319, 0.8659660104996105, -0.8655552021129351, 0.19971070511227942]",17.338267723654745,6.126027095394204
"[0.19790888282962288, 0.8659658824995663, -0.8655542285443736, 0.19971010708745185]",17.34193058323507,6.129170259629912
"[0.19790453312927284, 0.8659657541057042, -0.8655532521403433, 0.1997095073249388]",17.345593990516804,6.13231342386562
"[0.1979001707104211, 0.8659656253172923, -0.8655522728966774, 0.19970890582221534]",17.34925793612045,6.135456588101327
"[0.197895795532792, 0.8659654961329731, -0.8655512908044697, 0.19970830257384709]",17.352922402952114,6.138599752337035
"[0.19789140754631454, 0.8659653665510998, -0.8655503058526167, 0.19970769757304851]",17.356587385240484,6.141742916572742
"[0.19788700673828447, 0.8659652365711273, -0.8655493180384036, 0.1997070908181878]",17.360252871324516,6.14488608080845
"[0.19788259305300876, 0.8659651061912396, -0.8655483273494666, 0.19970648230170723]",17.363918853120687,6.148029245044158
"[0.1978781664800585, 0.8659649754109568, -0.8655473337836026, 0.19970587202228965]",17.367585315057102,6.151172409279865
"[0.19787372695503844, 0.8659648442282036, -0.8655463373264968, 0.19970525997117936]",17.37125225006834,6.154315573515572
"[0.19786927446041025, 0.8659647126422885, -0.8655453379743525, 0.1997046461460797]",17.37491964695936,6.157458737751281
"[0.19786480894798905, 0.8659645806516123, -0.865544335716495, 0.19970403054047187]",17.378587496055722,6.160601901986988
"[0.1978603303974809, 0.8659644482553993, -0.865543330548511, 0.19970341315168177]",17.38225578288008,6.163745066222695
"[0.19785583876402738, 0.865964315452147, -0.8655423224604739, 0.19970279397365004]",17.3859244987057,6.166888230458403
"[0.19785133401149954, 0.8659641822406089, -0.8655413114444186, 0.19970217300152152]",17.389593635926165,6.170031394694111
"[0.1978468161049935, 0.8659640486195748, -0.8655402974926546, 0.1997015502306106]",17.393263182299357,6.173174558929818
"[0.1978422850182219, 0.8659639145880867, -0.8655392805994271, 0.1997009256574205]",17.39693312140277,6.176317723165526
"[0.19783774069882776, 0.865963780144416, -0.8655382607531309, 0.199700299274861]",17.400603450943933,6.179460887401234
"[0.1978331831333651, 0.8659636452879821, -0.8655372379508945, 0.19969967108120765]",17.404274153662,6.182604051636941
"[0.197828612273064, 0.8659635100171601, -0.8655362121819202, 0.19969904106986625]",17.407945222283615,6.185747215872649
"[0.19782402808636854, 0.865963374330832, -0.8655351834392738, 0.1996984092366168]",17.41161664418082,6.188890380108356
"[0.19781943054605805, 0.8659632382280072, -0.8655341517169952, 0.19969777557783838]",17.41528840969107,6.192033544344064
"[0.19781481960129949, 0.8659631017069953, -0.8655331170038265, 0.1996971400866552]",17.418960505755766,6.195176708579772
"[0.19781019523333715, 0.865962964767054, -0.8655320792957092, 0.1996965027606139]",17.42263292493463,6.198319872815479
"[0.19780555739846803, 0.8659628274067013, -0.865531038582987, 0.19969586359382407]",17.426305653098236,6.201463037051187
"[0.19780090606849554, 0.8659626896249133, -0.8655299948594846, 0.1996952225825325]",17.42997868052092,6.204606201286895
"[0.19779624120909756, 0.8659625514204832, -0.8655289481176534, 0.199694579722143]",17.433651995112985,6.207749365522602
"[0.19779156277290544, 0.8659624127918167, -0.8655278983470173, 0.19969393500626234]",17.437325589369088,6.21089252975831
"[0.19778687075027657, 0.8659622737384365, -0.8655268455455674, 0.19969328843369683]",17.440999447632816,6.214035693994018
"[0.197782165082537, 0.8659621342584103, -0.8655257897002934, 0.19969263999649695]",17.44467356437853,6.217178858229725
"[0.19777744575971912, 0.8659619943512484, -0.8655247308091145, 0.19969198969342628]",17.448347919792063,6.220322022465433
"[0.1977727127245445, 0.8659618540150583, -0.8655236688593363, 0.1996913375167288]",17.45202251301287,6.223465186701141
"[0.19776796596498605, 0.8659617132492867, -0.8655226038484175, 0.199690683464886]",17.455697325241818,6.226608350936848
"[0.19776320543985856, 0.8659615720525154, -0.8655215357672763, 0.1996900275323613]",17.45937235004087,6.229751515172556
"[0.19775843110297067, 0.865961430423176, -0.8655204646057083, 0.19968936971293058]",17.46304757389778,6.232894679408264
"[0.19775364293668984, 0.8659612883605459, -0.8655193903599181, 0.19968871000430427]",17.466722987229332,6.236037843643971
"[0.19774884090851047, 0.8659611458634606, -0.8655183130227735, 0.1996880484021446]",17.47039857811329,6.239181007879679
"[0.19774402498211782, 0.8659610029306409, -0.8655172325862893, 0.19968738490159088]",17.474074333602818,6.242324172115387
"[0.19773919512183266, 0.8659608595608257, -0.8655161490426238, 0.19968671949786945]",17.477750245680443,6.245467336351094
"[0.1977343512908765, 0.8659607157527192, -0.8655150623836896, 0.1996860521860574]",17.48142630242955,6.248610500586802
"[0.19772949346732577, 0.8659605715054667, -0.865513972604733, 0.1996853829632773]",17.48510249229049,6.25175366482251
"[0.19772462162314636, 0.8659604268180289, -0.8655128796996302, 0.1996847118258137]",17.488778802395988,6.254896829058217
"[0.19771973570314197, 0.8659602816885609, -0.8655117836561652, 0.19968403876620708]",17.492455224986475,6.258039993293925
"[0.19771483570595283, 0.865960136116814, -0.8655106844741998, 0.19968336378441706]",17.49613174508448,6.261183157529633
"[0.19770992157523418, 0.8659599901009056, -0.8655095821412627, 0.1996826868728285]",17.499808355290998,6.26432632176534
"[0.19770499328004731, 0.8659598436397064, -0.8655084766505826, 0.19968200802732816]",17.503485043628782,6.267469486001048
"[0.19770005080819925, 0.8659596967326431, -0.8655073679995943, 0.19968132724638465]",17.507161794347287,6.270612650236756
"[0.1976950941045737, 0.8659595493778648, -0.8655062561761043, 0.19968064452255627]",17.51083860229772,6.273755814472463
"[0.19769012314980644, 0.8659594015745832, -0.8655051411759416, 0.19967995985332535]",17.514515454723394,6.276898978708171
"[0.19768513792329098, 0.8659592533219709, -0.8655040229946555, 0.19967927323600485]",17.518192338201196,6.280042142943879
"[0.19768013837696122, 0.8659591046183834, -0.8655029016216382, 0.19967858466412605]",17.521869242350487,6.283185307179586
