u,t,theta
"[-0.02563842462066803, 1.1270829111119582, -0.8458299468264672, 0.22512436870984562]",24.74584926635362,0.0
"[-0.025309499303172892, 1.1271581686588665, -0.8456533557431628, 0.22526846431575828]",24.74582067804558,0.0006283813688548441
"[-0.024981129080805357, 1.1272328267246554, -0.8454772015786661, 0.2254120048509234]",24.745790193174997,0.0012567627377096883
"[-0.024653312282681743, 1.1273068889251758, -0.8453014823902939, 0.2255549932963869]",24.745757819684997,0.0018851441065645324
"[-0.024326047507549037, 1.1273803587886255, -0.8451261963892372, 0.22569743249629667]",24.745723570112183,0.0025135254754193766
"[-0.02399933498793448, 1.1274532394543773, -0.8449513426697002, 0.2258393245675351]",24.745687450182594,0.0031419068442742207
"[-0.02367316956375362, 1.1275255352372124, -0.8447769174493454, 0.22598067394923796]",24.745649479700624,0.003770288213129065
"[-0.023347555379069473, 1.127597248362976, -0.8446029219307158, 0.2261214810292656]",24.745609654623212,0.004398669581983909
"[-0.02302248729176668, 1.1276683830894747, -0.8444293523594864, 0.2262617502008507]",24.745567995147248,0.005027050950838753
"[-0.022697964992190865, 1.1277389425814621, -0.8442562075734428, 0.22640148374698457]",24.74552450649941,0.005655432319693596
"[-0.022373990850610214, 1.1278089294083091, -0.8440834878453247, 0.22654068278680828]",24.745479189093434,0.006283813688548441
"[-0.022050556213116107, 1.127878348494585, -0.843911187579652, 0.2266793531572592]",24.7454320727341,0.006912195057403285
"[-0.02172766634579771, 1.1279472017418015, -0.8437393086081242, 0.22681749470234983]",24.745383149545148,0.00754057642625813
"[-0.02140531687299969, 1.1280154931006041, -0.8435678476333647, 0.22695511138506597]",24.74533243566128,0.008168957795112973
"[-0.02108350827968088, 1.128083225461833, -0.8433968039535231, 0.22709220507204086]",24.745279935443605,0.008797339163967818
"[-0.020762239888472613, 1.128150401945504, -0.8432261762548019, 0.227228778113414]",24.745225659074904,0.009425720532822661
"[-0.02044150780696057, 1.1282170263179434, -0.8430559615247502, 0.22736483420753217]",24.745169620685544,0.010054101901677506
"[-0.020121312322478196, 1.1282831014490926, -0.8428861589786358, 0.22750037525972397]",24.74511182608589,0.01068248327053235
"[-0.019801652861782093, 1.1283486303710937, -0.8427167673811217, 0.22763540352804937]",24.745052280824016,0.011310864639387193
"[-0.019482526766620496, 1.1284136165209997, -0.8425477843998213, 0.22776992213509395]",24.74499099886194,0.011939246008242038
"[-0.01916393779246332, 1.1284780620135013, -0.842379211104526, 0.22790393148780358]",24.744927976351356,0.012567627377096883
"[-0.01884587685256837, 1.1285419715405605, -0.8422110417771026, 0.2280374373801322]",24.744863242614002,0.013196008745951726
"[-0.0185283476300606, 1.1286053471904385, -0.8420432774634751, 0.22817044021971158]",24.744796791746833,0.01382439011480657
"[-0.018211347608791825, 1.1286681922815796, -0.8418759159375184, 0.2283029430047904]",24.744728639440716,0.014452771483661413
"[-0.017894878581089062, 1.1287305092591366, -0.8417089572545474, 0.22843494691879912]",24.744658780196747,0.01508115285251626
"[-0.017578935070730814, 1.1287923019803985, -0.8415423976419754, 0.2285664561630864]",24.74458724189783,0.015709534221371103
"[-0.01726352002155519, 1.1288535726294586, -0.8413762377749463, 0.22869747141558108]",24.744514015359787,0.016337915590225946
"[-0.016948628786362815, 1.128914324851672, -0.8412104743346976, 0.22882799649726593]",24.74443911913679,0.01696629695908079
"[-0.016634263676013984, 1.1289745609254405, -0.8410451076735525, 0.22895803232756992]",24.744362556145017,0.017594678327935636
"[-0.016320419267736627, 1.1290342845943615, -0.8408801340816502, 0.22908758301269114]",24.744284342953236,0.01822305969679048
"[-0.016007096949558708, 1.1290934982774319, -0.8407155534386344, 0.2292166498274661]",24.744204479190472,0.018851441065645323
"[-0.01569429556047644, 1.1291522048643423, -0.840551364289521, 0.22934523508824464]",24.74412297429276,0.01947982243450017
"[-0.015382014553560077, 1.12921040711152, -0.8403875655079684, 0.22947334084588802]",24.744039837082678,0.020108203803355013
"[-0.01507025313445551, 1.1292681078051234, -0.8402241558436884, 0.22960096924078144]",24.743955074429568,0.020736585172209856
"[-0.014759008717154553, 1.1293253100423855, -0.8400611331143073, 0.22972812313211124]",24.74386869614367,0.0213649665410647
"[-0.014448279930219797, 1.129382016673524, -0.8398984957815538, 0.22985480486608872]",24.74378070827819,0.021993347909919542
"[-0.01413806673621356, 1.129438230288189, -0.8397362430113816, 0.22998101623265124]",24.743691120254493,0.022621729278774386
"[-0.013828368838765032, 1.1294939535097348, -0.8395743738391793, 0.23010675911723447]",24.743599936034535,0.023250110647629232
"[-0.013519181582543002, 1.129549189723536, -0.8394128850295035, 0.23023203715934307]",24.74350717258799,0.023878492016484076
"[-0.013210509472766285, 1.129603940659932, -0.8392517781378344, 0.2303568502734935]",24.743412821953264,0.024506873385338922
"[-0.012902347337532266, 1.1296582097580716, -0.8390910496720593, 0.23048120228099025]",24.743316903949466,0.025135254754193766
"[-0.01259469567374395, 1.1297119994312828, -0.8389306991056678, 0.23060509469650778]",24.743219419352563,0.025763636123048612
"[-0.012287552607057294, 1.1297653124936047, -0.8387707246812277, 0.23072852997941548]",24.743120380560022,0.026392017491903452
"[-0.011980918209136644, 1.1298181514037076, -0.8386111256609231, 0.2308515097944002]",24.743019791595405,0.0270203988607583
"[-0.011674791330277715, 1.1298705188171547, -0.838451900676114, 0.23097403628600005]",24.74291765756597,0.02764878022961314
"[-0.011369168117587331, 1.1299224178294573, -0.8382930469595721, 0.23109611266493668]",24.74281399376387,0.028277161598467986
"[-0.011064050447442854, 1.1299738505433046, -0.8381345647286417, 0.23121773983937308]",24.7427088016924,0.028905542967322825
"[-0.010759436063029417, 1.1300248197483898, -0.8379764520575747, 0.23133892035761766]",24.742602088759444,0.029533924336177672
"[-0.01045532537715306, 1.1300753277703064, -0.8378187084122408, 0.23145965569352245]",24.742493861544766,0.03016230570503252
"[-0.010151715886345928, 1.13012537740444, -0.8376613317509297, 0.23157994846816932]",24.742384128864437,0.030790687073887362
"[-0.009848607457576602, 1.130174971036443, -0.8375043212670027, 0.23169980035003193]",24.742272893931865,0.031419068442742205
"[-0.009545997629167248, 1.130224111417169, -0.8373476749530154, 0.23181921391699511]",24.742160169039767,0.032047449811597045
"[-0.00924388884754959, 1.1302728004865619, -0.8371913933470913, 0.23193818980004838]",24.7420459508116,0.03267583118045189
"[-0.008942275506810315, 1.1303210414688332, -0.8370354728266078, 0.2320567317915187]",24.741930264298475,0.03330421254930674
"[-0.008641157816734659, 1.1303688366307205, -0.8368799127840675, 0.23217484137924543]",24.74181310253817,0.03393259391816158
"[-0.008340537343939263, 1.1304161880166286, -0.8367247133158005, 0.23229251951329227]",24.741694473172295,0.034560975287016425
"[-0.008040411951577573, 1.1304630982447692, -0.8365698726097709, 0.23240976858621898]",24.741574385088974,0.03518935665587127
"[-0.00774077991834163, 1.1305095698485272, -0.8364153890748535, 0.2325265908143296]",24.741452842789624,0.03581773802472612
"[-0.007441640384192786, 1.1305556052107761, -0.8362612615696519, 0.2326429880661344]",24.74132985744051,0.03644611939358096
"[-0.0071429901020248696, 1.1306012070632243, -0.8361074877289821, 0.23275896312595634]",24.741205435525764,0.037074500762435805
"[-0.006844831859194742, 1.1306463772014694, -0.8359540682997989, 0.23287451642423154]",24.741079580152043,0.037702882131290645
"[-0.006547163102042809, 1.1306911182240984, -0.8358010012833925, 0.23298965045635217]",24.74095229557944,0.03833126350014549
"[-0.0062499837487540585, 1.1307354323406213, -0.8356482859579308, 0.2331043667492866]",24.740823592479455,0.03895964486900034
"[-0.005953290265534759, 1.1307793222590141, -0.8354959198331087, 0.23321866815101389]",24.74069347867142,0.03958802623785518
"[-0.005657082823640716, 1.1308227901194092, -0.8353439023277497, 0.23333255606838682]",24.740561961194818,0.040216407606710025
"[-0.005361364229462039, 1.1308658376711804, -0.8351922342150246, 0.23344603089148966]",24.740429032107688,0.040844788975564865
"[-0.005066129057574583, 1.1309084678512273, -0.8350409120500251, 0.23355909616123666]",24.740294714632537,0.04147317034441971
"[-0.004771376252642521, 1.1309506829382792, -0.8348899346361918, 0.23367175372645269]",24.740159008307263,0.04210155171327455
"[-0.004477108006652599, 1.1309924847374826, -0.8347393024434888, 0.2337840041883671]",24.74002191681629,0.0427299330821294
"[-0.004183318624043294, 1.13103387616169, -0.8345890119087246, 0.23389585114779718]",24.73988345679612,0.043358314450984245
"[-0.0038900123514515007, 1.1310748587047526, -0.8344390645606532, 0.2340072944078031]",24.739743622111526,0.043986695819839085
"[-0.0035971843019727942, 1.1311154351315276, -0.834289457260909, 0.23411833723750897]",24.739602427652233,0.04461507718869393
"[-0.003304835509891361, 1.1311556073651223, -0.8341401899030423, 0.23422898064604497]",24.739459874072406,0.04524345855754877
"[-0.003012967245015311, 1.1311953772925873, -0.8339912625026538, 0.23433922555011147]",24.739315960554016,0.04587183992640362
"[-0.002721573700221073, 1.1312347477501357, -0.8338426714693095, 0.2344490755288586]",24.739170707384073,0.046500221295258465
"[-0.002430655390576906, 1.1312737206953292, -0.833694416444083, 0.23455853176143862]",24.73902411740786,0.047128602664113305
"[-0.002140213775543029, 1.131312297954582, -0.8335464975513571, 0.2346675950678116]",24.738876189245094,0.04775698403296815
"[-0.0018502455742790437, 1.1313504819739582, -0.8333989125048569, 0.2347762680406595]",24.738726932182225,0.048385365401823
"[-0.0015607502685591208, 1.1313882748170487, -0.8332516604303616, 0.23488455222440668]",24.738576355743657,0.049013746770677845
"[-0.0012717262911292253, 1.1314256786718906, -0.8331047399242821, 0.23499244954695084]",24.73842446467622,0.049642128139532685
"[-0.00098317579029439, 1.1314626952365872, -0.8329581514750296, 0.23509996054240523]",24.73827125698731,0.05027050950838753
"[-0.0006950957634008422, 1.131499326862777, -0.8328118929569767, 0.23520708765856074]",24.7381167462413,0.05089889087724238
"[-0.00040748262400094816, 1.1315355759536705, -0.8326659619551469, 0.2353138335448878]",24.737960938088925,0.051527272246097225
"[-0.00012034019885424078, 1.1315714439664648, -0.8325203598198876, 0.23542019809113632]",24.737803830405444,0.05215565361495206
"[0.00016633618917784703, 1.1316069334154866, -0.8323750835915655, 0.23552618433298]",24.737645440608155,0.052784034983806905
"[0.0004525449015449379, 1.1316420460149341, -0.8322301335168759, 0.23563179295858305]",24.737485764620327,0.05341241635266175
"[0.0007382874132415153, 1.1316767838552133, -0.8320855082679431, 0.23573702580045627]",24.737324811292705,0.0540407977215166
"[0.0010235670704036852, 1.1317111492367873, -0.8319412055753665, 0.23584188536821935]",24.737162588301857,0.05466917909037143
"[0.0013083799319315113, 1.1317451435718253, -0.8317972268594174, 0.2359463714854234]",24.73699909519785,0.05529756045922628
"[0.001592731933854967, 1.1317787694447394, -0.8316535685497884, 0.23605048759406314]",24.7368343442396,0.055925941828081124
"[0.0018766191935495034, 1.1318120282613613, -0.8315102320422052, 0.23615423352900503]",24.736668332435237,0.05655432319693597
"[0.0021600474545611977, 1.1318449225489942, -0.8313672138744689, 0.23625761263816]",24.73650107527213,0.05718270456579082
"[0.002443014970080508, 1.1318774539452192, -0.8312245143703416, 0.2363606255235183]",24.73633257115241,0.05781108593464565
"[0.002725523353860937, 1.1319096244687936, -0.831082132160933, 0.23646327400637335]",24.73616282909799,0.0584394673035005
"[0.0030075724858322646, 1.1319414359294604, -0.8309400667550334, 0.23656555926985987]",24.735991851467215,0.059067848672355344
"[0.0032891646062147067, 1.131972890392606, -0.8307983164761353, 0.23666748334554352]",24.735819646558998,0.05969623004121019
"[0.0035703002380721486, 1.132003989717699, -0.8306568805166623, 0.23676904763366788]",24.735646216511302,0.06032461141006504
"[0.003850977494068201, 1.1320347354920703, -0.8305157592838158, 0.2368702526594141]",24.735471562069755,0.06095299277891988
"[0.004131202166578346, 1.1320651301329263, -0.8303749493272894, 0.23697110170905433]",24.735295699671013,0.061581374147774724
"[0.00441097266929039, 1.1320951752371426, -0.8302344509106357, 0.23707159539984185]",24.735118627780256,0.062209755516629564
"[0.004690288607048421, 1.1321248725274493, -0.8300942637003839, 0.23717173477484063]",24.73494035296035,0.06283813688548441
"[0.0049691531707132894, 1.1321542240968923, -0.8299543855668818, 0.23727152215503033]",24.734760878706965,0.06346651825433926
"[0.005247564978413486, 1.132183231544084, -0.8298148166783771, 0.2373709582159962]",24.734580210808144,0.06409489962319409
"[0.005525527592567606, 1.132211896974002, -0.8296755547275312, 0.2374700453928766]",24.73439835372517,0.06472328099204894
"[0.005803039709650643, 1.1322402219757193, -0.8295365998493638, 0.23756878437650522]",24.734215313947473,0.06535166236090378
"[0.006080104314853877, 1.1322682085681097, -0.829397950034224, 0.2376671773778729]",24.734031097795693,0.06598004372975863
"[0.006356717820502825, 1.1322958580973135, -0.8292596065646766, 0.23776522426745195]",24.733845701640885,0.06660842509861348
"[0.00663288575495912, 1.132323172814848, -0.8291215661662277, 0.23786292814251675]",24.733659140876245,0.06723680646746831
"[0.006908607072740009, 1.1323501543026675, -0.8289838288561707, 0.2379602897615781]",24.733471413287266,0.06786518783632316
"[0.007183883629854142, 1.1323768044200622, -0.8288463932047179, 0.23805731090281998]",24.73328252984911,0.068493569205178
"[0.007458715844776183, 1.1324031248752688, -0.8287092585036117, 0.2381539928295159]",24.733092493291686,0.06912195057403285
"[0.007733102420212293, 1.132429117206821, -0.8285724249027425, 0.23825033619725222]",24.732901301313113,0.0697503319428877
"[0.008007048771186945, 1.132454783577758, -0.8284358892083004, 0.23834634401056878]",24.732708970424753,0.07037871331174254
"[0.008280549872483294, 1.1324801251605117, -0.8282996534338812, 0.23844201560650685]",24.732515491490744,0.07100709468059739
"[0.00855361114938185, 1.1325051440942338, -0.8281637143884594, 0.23853735397605869]",24.732320881975436,0.07163547604945224
"[0.008826231899199902, 1.1325298419375731, -0.8280280719374739, 0.23863235995789397]",24.73212514154249,0.07226385741830708
"[0.009098414196219146, 1.132554220493301, -0.8278927245672494, 0.2387270353530415]",24.731928276856436,0.07289223878716192
"[0.009370155171358911, 1.1325782811145377, -0.8277576732246847, 0.2388213802380114]",24.731730282895104,0.07352062015601676
"[0.009641460424665009, 1.132602025897012, -0.827622914650149, 0.2389153976244281]",24.73153117859235,0.07414900152487161
"[0.009912329753203766, 1.1326254564087017, -0.8274884484723386, 0.23900908849969982]",24.731330965314,0.07477738289372646
"[0.010182757854901083, 1.1326485737792515, -0.8273542768510257, 0.23910245208861378]",24.731129631055662,0.07540576426258129
"[0.010452754079123373, 1.132671380384166, -0.8272203946790473, 0.2391954926694518]",24.730927202699444,0.07603414563143614
"[0.010722315513788832, 1.132693877538192, -0.8270868029366415, 0.23928821027868857]",24.73072367211451,0.07666252700029098
"[0.010991442124242032, 1.1327160667979093, -0.8269535011780432, 0.23938060594296928]",24.73051904605399,0.07729090836914583
"[0.011260136531405947, 1.1327379499293064, -0.8268204876452402, 0.2394726815939772]",24.73031333166736,0.07791928973800068
"[0.011528399883475891, 1.1327595285644654, -0.8266877613135754, 0.23956443864925933]",24.730106534226802,0.07854767110685551
"[0.011796228239562258, 1.132780803923604, -0.8265553236774285, 0.23965587678349476]",24.72989864539469,0.07917605247571036
"[0.01206362964643858, 1.1328017781714048, -0.826423170306037, 0.23974699975848174]",24.7296896900974,0.0798044338445652
"[0.012330599893608551, 1.1328224524918922, -0.8262913028320685, 0.23983780714629696]",24.72947965736567,0.08043281521342005
"[0.012597141010505518, 1.1328428285542587, -0.8261597198059627, 0.2399283006421182]",24.729268556394313,0.0810611965822749
"[0.012863254456840357, 1.1328629079715773, -0.8260284200633011, 0.24001848173914864]",24.729056391836632,0.08168957795112973
"[0.013128940642277646, 1.1328826922680801, -0.8258974029608327, 0.24010835156808444]",24.728843167067076,0.08231795931998458
"[0.01339419961741564, 1.1329021829348636, -0.825766668034563, 0.24019791113354128]",24.728628886681953,0.08294634068883942
"[0.01365903371928882, 1.1329213816221333, -0.8256362136964833, 0.2402871622059067]",24.72841355584925,0.08357472205769427
"[0.013923441504381512, 1.132940289697315, -0.8255060402236523, 0.24037610527540715]",24.728197173526222,0.0842031034265491
"[0.014187425427971533, 1.1329589088011784, -0.8253761459756039, 0.2404647421397592]",24.72797974814271,0.08483148479540395
"[0.014450986923213272, 1.132977240489252, -0.8252465298188213, 0.2405530742446069]",24.72776128709968,0.0854598661642588
"[0.014714125553318831, 1.1329952861790262, -0.8251171915420051, 0.24064110240328948]",24.72754179123699,0.08608824753311364
"[0.014976841658818157, 1.133013047336783, -0.8249881305534391, 0.24072882768578127]",24.727321264759336,0.08671662890196849
"[0.015239137433704208, 1.133030525545089, -0.8248593453537566, 0.24081625177471183]",24.727099709038733,0.08734501027082332
"[0.015501013711974623, 1.1330477222843185, -0.8247308351149049, 0.2409033758915724]",24.726877134931353,0.08797339163967817
"[0.01576246830307618, 1.1330646388324788, -0.8246026004944966, 0.24099020024870255]",24.72665353727069,0.08860177300853302
"[0.016023507117716967, 1.1330812769835579, -0.8244746381793847, 0.24107672774302458]",24.726428930151044,0.08923015437738786
"[0.01628412459150778, 1.1330976377890778, -0.8243469504849772, 0.24116295746025318]",24.726203303801494,0.08985853574624271
"[0.016544327342190045, 1.1331137230643071, -0.8242195337588069, 0.2412488925156081]",24.725976678341024,0.09048691711509754
"[0.016804112947114654, 1.1331295340484968, -0.8240923887803883, 0.2413345330272629]",24.725749047810744,0.09111529848395239
"[0.017063482188882022, 1.133145072175879, -0.8239655147609322, 0.24141988016945487]",24.725520416994357,0.09174367985280724
"[0.017322438729875062, 1.133160339041391, -0.8238389095065635, 0.24150493605606632]",24.72529079351634,0.09237206122166208
"[0.01758098108827383, 1.1331753359254135, -0.8237125733418819, 0.24158970110371686]",24.725060181464567,0.09300044259051693
"[0.017839108050045568, 1.133190064124455, -0.823586506460858, 0.24167417581669273]",24.724828578797464,0.09362882395937176
"[0.018096825492295566, 1.133204525329601, -0.8234607055973122, 0.24175836301310155]",24.724595997045036,0.09425720532822661
"[0.01835412873373897, 1.1332187206275657, -0.8233351726425899, 0.24184226205400466]",24.724362431676436,0.09488558669708146
"[0.01861102123877127, 1.1332326515561146, -0.8232099055138516, 0.24192587495707496]",24.72412789125741,0.0955139680659363
"[0.01886750362827989, 1.1332463194852653, -0.8230849035188635, 0.24200920280546642]",24.72389237816647,0.09614234943479115
"[0.019123576146281795, 1.1332597257586816, -0.8229601661511317, 0.24209224655545816]",24.723655898341182,0.096770730803646
"[0.019379242138893662, 1.1332728718727725, -0.8228356913960524, 0.2421750081627709]",24.723418457834132,0.09739911217250084
"[0.019634498060051277, 1.1332857589622476, -0.8227114805969221, 0.2422574873469826]",24.72318005111116,0.09802749354135569
"[0.01988934820561875, 1.1332983885556789, -0.8225875312819675, 0.24233968635981476]",24.72294069286894,0.09865587491021052
"[0.020143788090077615, 1.13331076173837, -0.8224638452528842, 0.24242160461509343]",24.72270037238898,0.09928425627906537
"[0.020397826339704526, 1.1333228802273425, -0.8223404179395251, 0.242503245743881]",24.722459113438973,0.09991263764792022
"[0.0206514582653534, 1.1333347450867124, -0.8222172512463211, 0.24258460908641777]",24.722216904637108,0.10054101901677506
"[0.020904687560349928, 1.1333463577742162, -0.8220943430070197, 0.2426656966724579]",24.721973756022884,0.10116940038562991
"[0.021157510113323612, 1.1333577193826414, -0.8219716948457256, 0.24274650802770215]",24.72172966356689,0.10179778175448476
"[0.021409930246709383, 1.133368831383141, -0.8218493042956856, 0.2428270453727456]",24.721484636463984,0.1024261631233396
"[0.021661950074439235, 1.1333796951326047, -0.8217271699659134, 0.2429073102123863]",24.721238682400784,0.10305454449219445
"[0.021913568275276577, 1.1333903118327706, -0.82160529213242, 0.2429873029524815]",24.720991798092165,0.10368292586104927
"[0.022164785105787645, 1.1334006827505574, -0.821483670307673, 0.24306702449917159]",24.72074399097484,0.10431130722990412
"[0.022415602963647006, 1.13341080923333, -0.8213623029700335, 0.2431464764326373]",24.720495262823295,0.10493968859875896
"[0.02266602156849396, 1.133420692511277, -0.8212411898964895, 0.2432256594786145]",24.720245618489724,0.10556806996761381
"[0.022916041858725568, 1.1334303338580616, -0.8211203302761546, 0.2433045747448781]",24.71999506103599,0.10619645133646866
"[0.023165664357297496, 1.1334397345245357, -0.8209997235011136, 0.2433832232033868]",24.71974359414769,0.1068248327053235
"[0.02341489007917918, 1.1334488957736117, -0.8208793687277897, 0.24346160597663327]",24.71949121848563,0.10745321407417835
"[0.02366371873837101, 1.1334578188145665, -0.8207592657427399, 0.2435397237738824]",24.71923794067314,0.1080815954430332
"[0.02391215145194981, 1.133466504902291, -0.8206394136568713, 0.24361757774151319]",24.718983758794526,0.10870997681188804
"[0.024160189487015406, 1.133474955288816, -0.820519811511201, 0.24369516906742741]",24.71872868483863,0.10933835818074286
"[0.024407834621915474, 1.133483171234615, -0.8204004581029422, 0.24377249909341558]",24.718472719013203,0.10996673954959771
"[0.024655086089210052, 1.1334911539089954, -0.8202813534583637, 0.24384956836170568]",24.718215861204435,0.11059512091845256
"[0.024901945032921435, 1.1334989045393336, -0.8201624966842359, 0.24392637800765016]",24.71795811998726,0.1112235022873074
"[0.025148411039262394, 1.1335064242984416, -0.8200438876391937, 0.24400292867794338]",24.717699494116566,0.11185188365616225
"[0.02539448662952858, 1.1335137144425267, -0.8199255247713425, 0.24407922192664414]",24.717439989082546,0.1124802650250171
"[0.025640171734882224, 1.1335207761419142, -0.8198074077773931, 0.24415525849864184]",24.71717960850845,0.11310864639387194
"[0.025885467333108557, 1.1335276105922134, -0.8196895358524537, 0.24423103945934785]",24.71691835750387,0.11373702776272679
"[0.026130373203809815, 1.1335342189502018, -0.819571908769145, 0.2443065655002055]",24.716656235188818,0.11436540913158164
"[0.02637489002203693, 1.1335406023927679, -0.8194545258713796, 0.24438183758588403]",24.716393244622903,0.11499379050043648
"[0.02661902108943614, 1.133546762156061, -0.8193373852449204, 0.2444568574834122]",24.71612939674932,0.1156221718692913
"[0.026862764072408073, 1.1335526993262683, -0.8192204876818351, 0.2445316252229049]",24.71586468446326,0.11625055323814615
"[0.027106120200514817, 1.133558415076392, -0.8191038322655979, 0.24460614192709776]",24.715599117129585,0.116878934607001
"[0.027349091326735044, 1.1335639105854574, -0.8189874177834228, 0.24468040890385756]",24.71533269561353,0.11750731597585584
"[0.027591675438047834, 1.1335691869402378, -0.8188712448763956, 0.2447544262759789]",24.715065422347152,0.11813569734471069
"[0.027833878531778503, 1.1335742453947788, -0.8187553103516022, 0.24482819660566285]",24.714797307668622,0.11876407871356554
"[0.028075696684248367, 1.133579086984692, -0.8186396157682482, 0.2449017194259835]",24.714528345422504,0.11939246008242038
"[0.02831713416138614, 1.133583712909108, -0.8185241587677232, 0.24497499675934814]",24.714258548203016,0.12002084145127523
"[0.028558185395840267, 1.133588124173389, -0.8184089416954559, 0.24504802764000833]",24.71398790599411,0.12064922282013008
"[0.028798856575019367, 1.1335923219986572, -0.8182939612784567, 0.24512081466357144]",24.71371643230778,0.12127760418898491
"[0.029039146531845132, 1.1335963074626563, -0.8181792177616213, 0.24519335819162824]",24.71344412695856,0.12190598555783975
"[0.029279058160042004, 1.1336000817059866, -0.8180647094521849, 0.24526565980856319]",24.713170996189213,0.1225343669266946
"[0.029518590146626774, 1.1336036457952987, -0.8179504366675451, 0.2453377198257992]",24.712897040427343,0.12316274829554945
"[0.02975774206670479, 1.1336070008105823, -0.8178363993016449, 0.24540953882164834]",24.712622261721226,0.1237911296644043
"[0.02999651605512178, 1.1336101478626617, -0.8177225960294462, 0.2454811181396212]",24.71234666126174,0.12441951103325913
"[0.030234914459673013, 1.133613088054455, -0.8176090254275149, 0.24555245918004634]",24.71207025139064,0.12504789240211397
"[0.030472934149932636, 1.13361582241716, -0.8174956886835442, 0.24562356170095206]",24.71179302478045,0.12567627377096882
"[0.030710578944672558, 1.133618352060416, -0.8173825836768763, 0.2456944275350593]",24.711514991617236,0.12630465513982367
"[0.030947846807618546, 1.1336206780229365, -0.8172697110760451, 0.24576505676341648]",24.711236148692834,0.12693303650867852
"[0.031184740710404734, 1.1336228013899403, -0.8171570691681632, 0.24583545095586387]",24.71095650358723,0.12756141787753333
"[0.03142126185844922, 1.1336247232199734, -0.8170446570832913, 0.24590561115032145]",24.71067605776243,0.12818979924638818
"[0.03165740953002474, 1.133626444551251, -0.8169324748688908, 0.2459755378098146]",24.71039481643175,0.12881818061524303
"[0.03189318249391097, 1.1336279664182782, -0.8168205228146942, 0.2460452312461708]",24.710112775430197,0.12944656198409787
"[0.03212858537516602, 1.1336292898871134, -0.8167087984315934, 0.24611469349809378]",24.709829948368643,0.13007494335295272
"[0.0323636169755521, 1.133630415979909, -0.8165973019974652, 0.24618392487869625]",24.70954633201451,0.13070332472180757
"[0.03259827599928879, 1.1336313457196256, -0.8164860338363497, 0.24625292567281978]",24.709261925516422,0.13133170609066241
"[0.0328325653032689, 1.1336320801416062, -0.816374992304534, 0.24632169738354562]",24.708976735844693,0.13196008745951726
"[0.03306648657048983, 1.1336326202667542, -0.8162641763177451, 0.24639024116236852]",24.70869076953486,0.1325884688283721
"[0.033300037825330024, 1.1336329671035057, -0.8161535865262083, 0.24645855708592274]",24.708404024608726,0.13321685019722695
"[0.03353322259104348, 1.1336331216653024, -0.8160432209774163, 0.24652664683703593]",24.70811650612517,0.1338452315660818
"[0.033766038818833354, 1.13363308495431, -0.8159330803583227, 0.24659451046648342]",24.70782821509114,0.13447361293493662
"[0.0339984888702964, 1.1336328579704118, -0.8158231632700553, 0.24666214930933208]",24.707539158322838,0.13510199430379147
"[0.03423057130002649, 1.1336324417113182, -0.8157134701157125, 0.24672956358891399]",24.70724932980501,0.13573037567264631
"[0.034462289185826375, 1.133631837162986, -0.8156039991616885, 0.24679675483987912]",24.706958743549052,0.13635875704150116
"[0.03469364189238696, 1.133631045312754, -0.8154947504309819, 0.24686372351473201]",24.706667393703004,0.136987138410356
"[0.03492463048819582, 1.1336300671393416, -0.8153857231429802, 0.24693047055713777]",24.706375287471115,0.13761551977921085
"[0.03515525590494228, 1.1336289036159808, -0.8152769165834539, 0.24699699686717183]",24.70608242703574,0.1382439011480657
"[0.035385518461804835, 1.133627555713974, -0.8151683303286863, 0.24706330316481648]",24.70578881594123,0.13887228251692055
"[0.035615419414573864, 1.1336260243942569, -0.8150599635147742, 0.24712939043643828]",24.705494455727976,0.1395006638857754
"[0.03584495805345677, 1.1336243106264667, -0.8149518162056842, 0.24719525910036563]",24.70519934801821,0.14012904525463024
"[0.03607413598076931, 1.1336224153597914, -0.8148438873770776, 0.24726091023614646]",24.704903497151143,0.1407574266234851
"[0.036302953779936996, 1.133620339545247, -0.8147361764863938, 0.2473263446270802]",24.70460690591898,0.14138580799233993
"[0.03653141079102341, 1.1336180841421006, -0.8146286835773591, 0.24739156269874163]",24.704309575031996,0.14201418936119478
"[0.036759509085477635, 1.133615650078859, -0.8145214074097368, 0.2474565656538069]",24.704011506828405,0.14264257073004963
"[0.03698724895524917, 1.1336130382959004, -0.8144143475822745, 0.24752135418314627]",24.703712707932144,0.14327095209890447
"[0.037214631914200394, 1.1336102497146099, -0.8143075031208115, 0.24758592932188403]",24.70341318149925,0.14389933346775932
"[0.03744165874627692, 1.1336072852588022, -0.814200873396078, 0.247650291893541]",24.703112927258474,0.14452771483661417
"[0.037668326202288674, 1.1336041459047048, -0.8140944596733446, 0.24771444157780267]",24.702811944940233,0.145156096205469
"[0.037894638806782725, 1.133600832519383, -0.8139882595689266, 0.2477783802532177]",24.702510241023887,0.14578447757432383
"[0.038120596602177946, 1.1335973460239939, -0.8138822728056591, 0.24784210852462812]",24.70220781887888,0.14641285894317868
"[0.03834620019291777, 1.1335936873277355, -0.8137764988438098, 0.24790562715308367]",24.701904680567765,0.14704124031203353
"[0.03857144822587649, 1.1335898573694354, -0.8136709380621953, 0.2479689363469043]",24.70160082502089,0.14766962168088837
"[0.03879634529907354, 1.1335858569815107, -0.8135655880522318, 0.24803203798357176]",24.701296263359975,0.14829800304974322
"[0.039020888575519594, 1.133581687120488, -0.8134604498904887, 0.24809493184915848]",24.700990990399877,0.14892638441859807
"[0.03924507942155726, 1.1335773486663379, -0.8133555226851942, 0.24815761890774074]",24.700685008562488,0.14955476578745291
"[0.039468917516738776, 1.1335728425269422, -0.8132508063354632, 0.24822009964855912]",24.700378321676084,0.15018314715630776
"[0.03969240577692253, 1.1335681695398305, -0.8131462992279423, 0.24828237546074688]",24.700070935861614,0.15081152852516258
"[0.03991554442184733, 1.1335633305905854, -0.813042001012392, 0.24834444697676028]",24.699762850601324,0.15143990989401743
"[0.040138333724478954, 1.133558326560507, -0.8129379113146931, 0.24840631484167736]",24.699454073132753,0.15206829126287227
"[0.040360772195720665, 1.133553158369311, -0.8128340305844637, 0.24846797921028396]",24.6991445954167,0.15269667263172712
"[0.040582862866743966, 1.133547826828697, -0.8127303571612761, 0.2485294414883765]",24.69883442948046,0.15332505400058197
"[0.04080460685188936, 1.1335423327869087, -0.812626890282146, 0.24859070254518958]",24.698523577827423,0.15395343536943681
"[0.04102600318878438, 1.1335366771402822, -0.8125236301541476, 0.24865176267390396]",24.69821203543539,0.15458181673829166
"[0.0412470525085984, 1.133530860743272, -0.8124205762415999, 0.2487126226062217]",24.697899811193764,0.1552101981071465
"[0.04146775568764948, 1.133524884439368, -0.8123177278958833, 0.24877328313831124]",24.69758690507256,0.15583857947600135
"[0.04168811484514749, 1.133518749032014, -0.8122150838910279, 0.24883374540377173]",24.697273323765124,0.1564669608448562
"[0.04190812735361849, 1.133512455453531, -0.8121126452131101, 0.248894009231537]",24.69695906128911,0.15709534221371102
"[0.042127795496328536, 1.1335060044958987, -0.8120104105618787, 0.24895407579548914]",24.696644124352645,0.15772372358256587
"[0.04234712188548497, 1.1334993969318798, -0.8119083784866535, 0.24901394635333318]",24.696328520333868,0.1583521049514207
"[0.04256610363287493, 1.1334926336960653, -0.8118065500967633, 0.24907362065867122]",24.696012243963583,0.15898048632027556
"[0.0427847452860196, 1.1334857154914966, -0.8117049230445145, 0.24913310049000106]",24.695695303697853,0.1596088676891304
"[0.04300304361725279, 1.1334786432601074, -0.8116034985982283, 0.24919238550601833]",24.695377699039323,0.16023724905798525
"[0.04322100153586084, 1.1334714177456398, -0.8115022751749086, 0.24925147703223213]",24.695059433442022,0.1608656304268401
"[0.04343861772322923, 1.1334640398258355, -0.8114012531568349, 0.2493103752438885]",24.6947405047925,0.16149401179569495
"[0.04365589477481138, 1.1334565102431327, -0.8113004311101311, 0.24936908137375158]",24.694420921745294,0.1621223931645498
"[0.04387283357632083, 1.1334488297912588, -0.8111998083965132, 0.24942759618750934]",24.6941006851518,0.1627507745334046
"[0.044089431779076836, 1.1334409993772652, -0.8110993858783728, 0.24948591957748273]",24.693779793641095,0.16337915590225946
"[0.044305691956725346, 1.1334330197296696, -0.8109991621362422, 0.2495440527608435]",24.693458253078045,0.1640075372711143
"[0.04452161574690527, 1.1334248916028056, -0.8108991361868628, 0.24960199669757252]",24.693136066390228,0.16463591863996915
"[0.044737201897315136, 1.1334166158560464, -0.8107993083868579, 0.24965975156960224]",24.692813232525282,0.165264300008824
"[0.04495245106684201, 1.1334081932749436, -0.810699678208138, 0.2497173180703646]",24.69248975818541,0.16589268137767885
"[0.04516736494438525, 1.133399624599583, -0.8106002446473557, 0.24977469716537032]",24.692165641660033,0.1665210627465337
"[0.04538194339814158, 1.1333909106376292, -0.8105010075449935, 0.24983188933073347]",24.691840886852564,0.16714944411538854
"[0.045596188399743845, 1.1333820521073472, -0.8104019657699315, 0.24988889560054325]",24.691515498501033,0.1677778254842434
"[0.04581009903353853, 1.1333730498417591, -0.81030311952714, 0.24994571623758857]",24.69118947555934,0.1684062068530982
"[0.04602367461663427, 1.1333639046645285, -0.8102044689140618, 0.2500023515665412]",24.690862819194024,0.16903458822195305
"[0.04623691898344024, 1.1333546172009277, -0.8101060119430328, 0.2500588031067]",24.690535536573886,0.1696629695908079
"[0.04644982947891288, 1.1333451883527745, -0.8100077496243542, 0.25011507065548716]",24.690207624235228,0.17029135095966275
"[0.046662408787804525, 1.1333356187853625, -0.8099096805040632, 0.2501711554212747]",24.689879089055175,0.1709197323285176
"[0.0468746563502306, 1.1333259093037988, -0.8098118046268057, 0.25022705775236603]",24.689549927604205,0.17154811369737244
"[0.04708657583859316, 1.1333160605146513, -0.809714120086969, 0.2502827791085475]",24.689220153300084,0.1721764950662273
"[0.04729816274084774, 1.1333060734011726, -0.8096166287526632, 0.2503383187951579]",24.688889755126723,0.17280487643508213
"[0.047509422128147884, 1.1332959484950298, -0.8095193280763612, 0.25039367863329703]",24.688558746745525,0.17343325780393698
"[0.04772035309264246, 1.1332856866043353, -0.80942221826707, 0.25044885887089297]",24.68822712424689,0.17406163917279183
"[0.047930955042372256, 1.133275288522246, -0.8093252993883912, 0.25050385983856505]",24.687894889241207,0.17469002054164665
"[0.04814122711818206, 1.133264755055202, -0.8092285716270005, 0.25055868179700824]",24.687562041545323,0.1753184019105015
"[0.048351174255542737, 1.133254086713722, -0.8091320325055683, 0.2506133265140352]",24.687228592133234,0.17594678327935634
"[0.04856079453266309, 1.1332432843481035, -0.8090356827022896, 0.25066779396715894]",24.686894536721223,0.17657516464821119
"[0.048770088979531986, 1.133232348657035, -0.8089395215386033, 0.2507220849009922]",24.686559878370197,0.17720354601706603
"[0.048979057471844785, 1.1332212803959705, -0.8088435488673401, 0.250776199758362]",24.68622461889426,0.17783192738592088
"[0.04918770162726278, 1.1332100802247576, -0.8087477637422957, 0.250830139430962]",24.685888763690684,0.17846030875477573
"[0.04939602125965046, 1.1331987488955821, -0.8086521660466477, 0.2508839043412209]",24.685552311194158,0.17908869012363057
"[0.04960401707548535, 1.133187287109845, -0.8085567552546584, 0.25093749514038693]",24.6852152662797,0.17971707149248542
"[0.04981169091656421, 1.1331756955013796, -0.8084615303212231, 0.2509909127689788]",24.684877629368625,0.18034545286134024
"[0.05001904228932817, 1.1331639748298523, -0.8083664912733631, 0.2510441575638677]",24.684539404916336,0.18097383423019509
"[0.05022607071500241, 1.1331521258537103, -0.808271638131546, 0.25109722986530325]",24.684200591209024,0.18160221559904993
"[0.05043277706677661, 1.1331401492521878, -0.8081769702974135, 0.25115013035880757]",24.683861189227894,0.18223059696790478
"[0.05063916208047641, 1.1331280457084034, -0.8080824872366926, 0.25120285969207495]",24.68352120660696,0.18285897833675963
"[0.050845229682887884, 1.1331158157111596, -0.8079881869562652, 0.25125541932349166]",24.683180647201667,0.18348735970561447
"[0.05105097461900107, 1.1331034602911123, -0.8078940716656836, 0.25130780836746996]",24.68283950111668,0.18411574107446932
"[0.05125640215811919, 1.1330909798488737, -0.807800138759906, 0.2513600286192601]",24.682497785909426,0.18474412244332417
"[0.051461509973031984, 1.1330783752380749, -0.8077063891097497, 0.2514120799376912]",24.682155490560678,0.185372503812179
"[0.05166629956398493, 1.133065647077947, -0.8076128218365058, 0.2514639631532242]",24.681812623444273,0.18600088518103386
"[0.05187077224996896, 1.1330527959932901, -0.8075194361458659, 0.25151567904674815]",24.681469185369085,0.18662926654988868
"[0.05207492800488696, 1.133039822689487, -0.8074262318589785, 0.2515672280563588]",24.681125179112012,0.18725764791874352
"[0.05227876696998835, 1.1330267278596322, -0.8073332087211308, 0.2516186106612209]",24.680780609504225,0.18788602928759837
"[0.05248229084408948, 1.1330135120929121, -0.8072403657679156, 0.2516698277306091]",24.68043547554506,0.18851441065645322
"[0.05268549834270053, 1.1330001761691058, -0.8071477033967569, 0.2517208793809621]",24.68008977426931,0.18914279202530807
"[0.052888391541129766, 1.132986720645914, -0.807055220473536, 0.25177176657166184]",24.679743515465177,0.1897711733941629
"[0.05309097125735275, 1.1329731461583512, -0.8069629164389266, 0.2518224899428729]",24.67939669859247,0.19039955476301776
"[0.05329323583613253, 1.1329594535058551, -0.8068707918609509, 0.25187304951453704]",24.679049323535498,0.1910279361318726
"[0.053495187737205886, 1.1329456432080045, -0.8067788454338413, 0.25192344633425406]",24.678701393769874,0.19165631750072745
"[0.05369682723043778, 1.1329317159280223, -0.806687076850536, 0.25197368089925665]",24.678352914305595,0.1922846988695823
"[0.05389815463150378, 1.1329176723236012, -0.8065954857838398, 0.2520237537165848]",24.678003883207243,0.19291308023843715
"[0.054099171438241285, 1.132903512966323, -0.8065040713697958, 0.2520736655849122]",24.67765430390204,0.193541461607292
"[0.05429987734770816, 1.1328892385508034, -0.8064128335644558, 0.2521234168533007]",24.677304181728264,0.19416984297614684
"[0.05450027121804639, 1.1328748498314525, -0.8063217727053005, 0.25217300766278]",24.6769535084306,0.19479822434500169
"[0.054700355102035164, 1.132860347331592, -0.8062308876786807, 0.2522224389437467]",24.67660229504073,0.19542660571385653
"[0.05490013072645579, 1.1328457315913918, -0.8061401775208739, 0.2522717115417716]",24.67625054302508,0.19605498708271138
"[0.055099597317698285, 1.1328310033302706, -0.8060496424045338, 0.2523208256833321]",24.675898251951917,0.1966833684515662
"[0.055298755569093826, 1.1328161631584497, -0.8059592818368181, 0.25236978195541243]",24.675545424622943,0.19731174982042105
"[0.05549760672906705, 1.1328012116408022, -0.805869095074157, 0.25241858107887016]",24.67519206231128,0.1979401311892759
"[0.05569614914821745, 1.132786149558163, -0.8057790826878517, 0.25246722306209396]",24.67483816461183,0.19856851255813074
"[0.05589438705500778, 1.132770977242509, -0.805689242585234, 0.252515709351578]",24.674483740001627,0.19919689392698559
"[0.05609231764089687, 1.1327556955585671, -0.8055995758643568, 0.2525640396689629]",24.674128785030128,0.19982527529584043
"[0.05628994278852163, 1.1327403050102667, -0.8055100814978101, 0.2526122148820685]",24.673773302115954,0.20045365666469528
"[0.05648726240527187, 1.1327248062508208, -0.8054207593539352, 0.2526602353742951]",24.673417295191467,0.20108203803355013
"[0.056684277926833525, 1.1327091998106724, -0.805331608610044, 0.25270810189916715]",24.67306076726055,0.20171041940240497
"[0.056880988561923126, 1.132693486393592, -0.8052426294520529, 0.25275581466713015]",24.672703713209163,0.20233880077125982
"[0.05707739778325076, 1.1326776663591662, -0.8051538201381334, 0.2528033749205549]",24.672346143879263,0.20296718214011467
"[0.05727350174888947, 1.1326617406527641, -0.8050651822348397, 0.25285078212838014]",24.671988053658737,0.2035955635089695
"[0.057469304874453675, 1.132645709549738, -0.8049767135763066, 0.2528980377559737]",24.67162945062512,0.20422394487782436
"[0.057664805728413586, 1.1326295737968193, -0.8048884146405291, 0.2529451418529335]",24.671270331053286,0.2048523262466792
"[0.05786000473771545, 1.1326133339879119, -0.8048002850660587, 0.25299209491683694]",24.670910701846342,0.20548070761553405
"[0.05805490309926043, 1.1325969906495674, -0.8047123241447594, 0.2530388976283239]",24.6705505626527,0.2061090889843889
"[0.05824950163604992, 1.1325805443355124, -0.8046245313384023, 0.25308555057556725]",24.670189916602077,0.2067374703532437
"[0.0584438007362054, 1.132563995633109, -0.8045369063058433, 0.25313205424045]",24.669828762404705,0.20736585172209854
"[0.05863779995053711, 1.132547345199468, -0.8044494490840373, 0.2531784089033626]",24.669467103527438,0.20799423309095338
"[0.05883150024831311, 1.132530593568372, -0.8043621590709767, 0.2532246151825239]",24.66910494198714,0.20862261445980823
"[0.05902490177737074, 1.1325137413415494, -0.8042750360357065, 0.25327067349819116]",24.668742279079883,0.20925099582866308
"[0.059218006774249134, 1.132496788934945, -0.8041880788074124, 0.2533165847656112]",24.66837911846699,0.20987937719751792
"[0.05941081263282643, 1.132479737187188, -0.8041012883966953, 0.2533623487470553]",24.66801545811349,0.21050775856637277
"[0.059603324029435585, 1.1324625862911946, -0.8040146625365092, 0.253407966932206]",24.667651306146734,0.21113613993522762
"[0.05979553928524018, 1.1324453369987681, -0.8039282018214445, 0.25345343930024394]",24.66728666123842,0.21176452130408246
"[0.05998745783706107, 1.1324279899635574, -0.8038419063438386, 0.2534987660953374]",24.66692152106476,0.2123929026729373
"[0.06017908101992294, 1.1324105456659277, -0.8037557753430282, 0.2535439480088018]",24.666555890151525,0.21302128404179216
"[0.0603704108334739, 1.1323930045203408, -0.8036698077610784, 0.2535889858852541]",24.66618977480758,0.213649665410647
"[0.06056144545406849, 1.1323753672890287, -0.8035840042587058, 0.25363387966753587]",24.66582317143277,0.21427804677950185
"[0.060752187398624403, 1.1323576343326818, -0.8034983635473424, 0.2536786303179225]",24.66545608365517,0.2149064281483567
"[0.060942634719386504, 1.1323398064236236, -0.8034128863439627, 0.2537232377490027]",24.6650885111316,0.21553480951721155
"[0.06113279108130405, 1.132321883807085, -0.8033275708469371, 0.2537677031868509]",24.664720459484496,0.2161631908860664
"[0.061322654620695916, 1.1323038672440306, -0.8032424177365564, 0.2538120265613816]",24.664351927202347,0.21679157225492124
"[0.06151222666196808, 1.1322857571933556, -0.8031574262632283, 0.25385620854691254]",24.663982917116336,0.21741995362377609
"[0.06170150935973276, 1.1322675540292073, -0.803072595306618, 0.2539002500078351]",24.663613436179286,0.21804833499263093
"[0.061890498496036894, 1.1322492587379258, -0.8029879266026323, 0.25394415032528045]",24.66324347340609,0.21867671636148572
"[0.06207919834674116, 1.132230871485012, -0.8029034180815949, 0.2539879108541402]",24.662873040606755,0.21930509773034057
"[0.06226760989318787, 1.132212392747988, -0.8028190691516409, 0.2540315321797207]",24.662502138173753,0.21993347909919542
"[0.06245573176719178, 1.1321938232333593, -0.8027348802731978, 0.25407501434236274]",24.662130767370193,0.22056186046805026
"[0.0626435656917498, 1.1321751633417936, -0.8026508505235741, 0.2541183580963484]",24.66175893157158,0.2211902418369051
"[0.06283111049342884, 1.1321564137589133, -0.8025669802766144, 0.25416156352578756]",24.66138662471976,0.22181862320575996
"[0.06301836873785963, 1.1321375747946811, -0.8024832682345985, 0.25420463157493517]",24.66101385834276,0.2224470045746148
"[0.06320533920097414, 1.1321186471363258, -0.8023997147950436, 0.25424756231390694]",24.660640627877605,0.22307538594346965
"[0.06339202419660785, 1.1320996311113676, -0.8023163187749193, 0.25429035662411176]",24.660266936081694,0.2237037673123245
"[0.06357842236822916, 1.1320805274177668, -0.802233080631767, 0.25433301454339585]",24.659892787751048,0.22433214868117934
"[0.06376453497440995, 1.132061336485128, -0.8021499996554862, 0.2543755367077659]",24.659518181964227,0.2249605300500342
"[0.06395036294344349, 1.1320420587731748, -0.8020670752844852, 0.25441792367526916]",24.659143119990592,0.22558891141888904
"[0.06413590603256773, 1.1320226948606973, -0.8019843074804344, 0.25446017573526364]",24.65876760470983,0.22621729278774388
"[0.06432116567481312, 1.132003245149464, -0.801901695458073, 0.25450229355732]",24.658391639847494,0.22684567415659873
"[0.06450614081551281, 1.1319837103000379, -0.8018192395421435, 0.2545442772438929]",24.65801521996631,0.22747405552545358
"[0.06469083339524628, 1.131964090655338, -0.8017369387226109, 0.25458612757635535]",24.65763835401589,0.22810243689430842
"[0.06487524365748805, 1.1319443867341856, -0.801654792746869, 0.2546278449487688]",24.65726104070954,0.22873081826316327
"[0.06505937140295949, 1.131924599101388, -0.8015728015599414, 0.25466942965412703]",24.656883281127612,0.22935919963201812
"[0.0652432179842736, 1.131904728152894, -0.8014909644163997, 0.254710882334548]",24.656505081304502,0.22998758100087296
"[0.06542678390949389, 1.1318847743722773, -0.801409280947753, 0.25475220343940574]",24.656126435579118,0.23061596236972776
"[0.06561006887920205, 1.1318647383292408, -0.8013277511453114, 0.2547933932352094]",24.655747351227035,0.2312443437385826
"[0.0657930739968534, 1.1318446204384787, -0.8012463743768354, 0.25483445230263163]",24.65536782788679,0.23187272510743745
"[0.06597579827993595, 1.131824421342097, -0.8011651509382025, 0.25487538075308297]",24.654987864487403,0.2325011064762923
"[0.06615824449056595, 1.1318041412661486, -0.8010840794613486, 0.254916179535357]",24.654607468890994,0.23312948784514714
"[0.066340411465922, 1.131783780868673, -0.8010031603234483, 0.2549568487178524]",24.654226638438825,0.233757869214002
"[0.06652230097280523, 1.131763340479385, -0.8009223926006145, 0.25499738902237246]",24.653845375365247,0.23438625058285684
"[0.06670391374801715, 1.1317428205392925, -0.8008417758275264, 0.2550378009383573]",24.65346368434188,0.23501463195171168
"[0.06688524767699655, 1.131722221811299, -0.8007613108046976, 0.2550780843205055]",24.653081560745807,0.23564301332056653
"[0.06706630479909972, 1.131701544586707, -0.8006809964893823, 0.2551182399463637]",24.652699009325307,0.23627139468942138
"[0.06724708587635503, 1.1316807892979417, -0.8006008324067015, 0.25515826830722027]",24.65231603374973,0.23689977605827622
"[0.06742759220964498, 1.1316599563120933, -0.8005208178437775, 0.2551981700114843]",24.65193263276121,0.23752815742713107
"[0.06760782214704047, 1.1316390463354753, -0.8004409533971115, 0.2552379450137882]",24.651548808064607,0.23815653879598592
"[0.06778777746104074, 1.1316180596770136, -0.8003612381458368, 0.2552775940243423]",24.65116456317291,0.23878492016484076
"[0.06796745974956861, 1.1315969966609432, -0.8002816712477557, 0.2553171177117499]",24.650779900852495,0.2394133015336956
"[0.06814686698783061, 1.1315758580343467, -0.8002022534654113, 0.2553565159465567]",24.650394816401175,0.24004168290255046
"[0.06832600245673894, 1.1315546439183775, -0.8001229832129346, 0.255395789763877]",24.650009320650536,0.2406700642714053
"[0.06850486210060332, 1.1315333553006757, -0.8000438621516767, 0.25543493858883043]",24.649623403987736,0.24129844564026015
"[0.06868345184340448, 1.1315119919808074, -0.7999648875284624, 0.25547396403064004]",24.64923707688956,0.241926827009115
"[0.06886177036514785, 1.1314905546161969, -0.7998860597957517, 0.25551286611025026]",24.64885034018061,0.24255520837796982
"[0.06903981451935982, 1.1314690440876312, -0.7998073802125193, 0.2555516444523228]",24.648463189445163,0.24318358974682466
"[0.06921758882835949, 1.1314474603490305, -0.7997288466489697, 0.2555903003514859]",24.64807562934806,0.2438119711156795
"[0.06939509430748671, 1.1314258037714717, -0.7996504585267888, 0.2556288343345113]",24.647687666647812,0.24444035248453436
"[0.0695723283007297, 1.13140407517383, -0.7995722168890562, 0.2556672461310017]",24.647299294082448,0.2450687338533892
"[0.0697492935433654, 1.1313822747145414, -0.7994941203987398, 0.25570553663923135]",24.646910520151263,0.24569711522224405
"[0.06992598803360207, 1.1313604031323508, -0.7994161698102007, 0.2557437057304501]",24.646521341133766,0.2463254965910989
"[0.07010241564166389, 1.1313384604377108, -0.7993383632877199, 0.25578175454340785]",24.646131761776342,0.24695387795995374
"[0.07027857473473315, 1.1313164473202637, -0.7992607014238604, 0.25581968302681335]",24.64574178211648,0.2475822593288086
"[0.07045446540661174, 1.1312943642552589, -0.7991831840496918, 0.2558574915018623]",24.64535140381799,0.2482106406976634
"[0.07063008967461745, 1.131272211473565, -0.7991058101493489, 0.25589518070139533]",24.64496063333614,0.24883902206651826
"[0.07080544731258497, 1.1312499894853298, -0.7990285796963565, 0.2559327508744807]",24.64456946413909,0.2494674034353731
"[0.07098053789669873, 1.1312276988255032, -0.7989514927514038, 0.25597020222760253]",24.64417790165152,0.25009578480422795
"[0.07115536376269929, 1.131205339675339, -0.7988745481608865, 0.2560075355559899]",24.643785949067528,0.2507241661730828
"[0.07132992362378802, 1.131182912676205, -0.7987977463664148, 0.2560447508792877]",24.643393602508755,0.25135254754193764
"[0.07150421829686288, 1.13116041819937, -0.7987210868840351, 0.2560818486656633]",24.64300086676354,0.2519809289107925
"[0.07167824962266812, 1.1311378564802734, -0.7986445687804611, 0.25611882959889753]",24.642607745025092,0.25260931027964734
"[0.07185201720514113, 1.1311152280410801, -0.7985681921067619, 0.25615569388541654]",24.642214239479156,0.2532376916485022
"[0.07202552009966982, 1.1310925334758721, -0.7984919571550395, 0.2561924416154784]",24.641820346078347,0.25386607301735703
"[0.07219876091101804, 1.1310697729126418, -0.7984158626583578, 0.25622907362991576]",24.641426070760648,0.2544944543862118
"[0.07237173777117822, 1.1310469470640117, -0.7983399093152137, 0.25626558982189596]",24.64103141263512,0.25512283575506667
"[0.07254445296730916, 1.1310240560940303, -0.798264095999708, 0.25630199096152034]",24.640636372851187,0.2557512171239215
"[0.07271690701812925, 1.1310011003965477, -0.7981884223634017, 0.25633827744334364]",24.640240956520998,0.25637959849277636
"[0.07288910029043615, 1.130978080383643, -0.7981128881250712, 0.25637444962867584]",24.639845161697075,0.2570079798616312
"[0.07306103269090487, 1.1309549965275945, -0.7980374932057109, 0.256410507781299]",24.63944899196438,0.25763636123048606
"[0.07323270509661983, 1.1309318491688813, -0.7979622371012044, 0.2564464523675249]",24.63905244720869,0.2582647425993409
"[0.07340411709862676, 1.1309086388196041, -0.7978871198716948, 0.25648228358324626]",24.63865552838063,0.25889312396819575
"[0.07357526949789062, 1.1308853658270508, -0.7978121410474015, 0.25651800187660123]",24.63825823942161,0.2595215053370506
"[0.07374616234826908, 1.1308620306380401, -0.7977373004864043, 0.25655360753849865]",24.63786057637449,0.26014988670590544
"[0.07391679810259638, 1.1308386333687752, -0.7976625969969925, 0.256589101357772]",24.637462548710346,0.2607782680747603
"[0.07408717574059581, 1.130815174608201, -0.7975880309088896, 0.256624483398648]",24.637064153860152,0.26140664944361514
"[0.07425729490474085, 1.130791654854915, -0.7975136022615837, 0.256659753863449]",24.636665387800416,0.26203503081247
"[0.07442715690621234, 1.1307680743753454, -0.7974393103649043, 0.2566949132995124]",24.636266259795555,0.26266341218132483
"[0.07459676384395171, 1.130744433322073, -0.7973651541853158, 0.25672996241446305]",24.635866770162597,0.2632917935501797
"[0.07476611339939589, 1.130720732461579, -0.7972911346212306, 0.25676490100187216]",24.6354669179585,0.2639201749190345
"[0.07493520817958502, 1.130696971871229, -0.797217250418156, 0.2567997298715778]",24.63506670639947,0.26454855628788937
"[0.0751040470083226, 1.1306731521564757, -0.7971435019755763, 0.25683444905198893]",24.634666135075072,0.2651769376567442
"[0.07527263119096848, 1.1306492735723628, -0.7970698886091612, 0.25686905908155]",24.634265205667685,0.26580531902559906
"[0.07544096109170817, 1.1306253365044208, -0.7969964100462991, 0.2569035603037132]",24.633863922267118,0.2664337003944539
"[0.07560903626869343, 1.1306013414516278, -0.796923066366571, 0.25693795289595306]",24.633462277959893,0.26706208176330876
"[0.07577685915325966, 1.1305772885006653, -0.7968498563963436, 0.2569722376223309]",24.633060287243175,0.2676904631321636
"[0.07594442844065998, 1.130553178270566, -0.7967767805926146, 0.25700641448172096]",24.632657942505737,0.2683188445010184
"[0.07611174434728978, 1.1305290111622788, -0.7967038387488706, 0.2570404837836395]",24.63225524443343,0.26894722586987324
"[0.07627881006658745, 1.1305047871430016, -0.7966310293617301, 0.2570744464414797]",24.631852201109417,0.2695756072387281
"[0.07644562272012587, 1.1304805070574928, -0.7965583535747662, 0.25710830213251706]",24.631448808903336,0.27020398860758293
"[0.0766121848304736, 1.1304561709654741, -0.7964858101782487, 0.2571420516307779]",24.631045068459464,0.2708323699764378
"[0.07677849529196888, 1.1304317794533967, -0.7964133995435579, 0.2571756949730233]",24.630640984242977,0.27146075134529263
"[0.07694455445544598, 1.130407332894623, -0.796341121407829, 0.2572092324908953]",24.630236554476287,0.2720891327141475
"[0.07711036448221416, 1.1303828313928008, -0.7962689747210241, 0.2572426648797089]",24.62983178123451,0.2727175140830023
"[0.07727592439780721, 1.1303582755120736, -0.7961969597982915, 0.2572759922007195]",24.629426665178958,0.27334589545185717
"[0.0774412376998187, 1.1303336651509168, -0.7961250750101697, 0.257309215413925]",24.6290212160009,0.273974276820712
"[0.07760629981934905, 1.130309001406954, -0.796053322235297, 0.2573423338570903]",24.62861542364302,0.27460265818956686
"[0.07777111589086341, 1.130284283929079, -0.7959816991339962, 0.2573753488155131]",24.62820929757318,0.2752310395584217
"[0.07793568257029032, 1.1302595136327203, -0.7959102070523454, 0.25740825987306654]",24.627802832827037,0.27585942092727656
"[0.07810000286721751, 1.1302346904782907, -0.7958388445759337, 0.25744106788499416]",24.62739603459044,0.2764878022961314
"[0.0782640741379713, 1.1302098152775775, -0.795767612746197, 0.25747377257616766]",24.626988898819803,0.27711618366498625
"[0.078427901098261, 1.1301848877254834, -0.7956965094098041, 0.25750637513769287]",24.626581437044557,0.2777445650338411
"[0.0785914832105721, 1.1301599083095362, -0.7956255346951167, 0.2575388757111838]",24.62617364680737,0.27837294640269594
"[0.07875481690350863, 1.1301348779835443, -0.7955546900461127, 0.2575712738372046]",24.625765521362457,0.2790013277715508
"[0.07891790709481587, 1.1301097964003202, -0.7954839732247362, 0.25760357074008833]",24.625357071346112,0.27962970914040564
"[0.07908075274451876, 1.1300846641224649, -0.7954133845778804, 0.2576357664604351]",24.624948294741163,0.2802580905092605
"[0.07924335357171926, 1.1300594815963014, -0.7953429241232222, 0.2576678611893753]",24.624539191071825,0.28088647187811533
"[0.07940571035122057, 1.1300342491036663, -0.7952725914212504, 0.25769985532576645]",24.624129766027497,0.2815148532469702
"[0.07956782369191229, 1.1300089669499338, -0.7952023861049285, 0.2577317492343629]",24.62372001471361,0.282143234615825
"[0.07972969437096311, 1.129983635412043, -0.7951323077349286, 0.2577635433116543]",24.623309943812863,0.28277161598467987
"[0.07989132298220153, 1.1299582547933902, -0.7950623559518921, 0.25779523791672293]",24.62289955517353,0.2833999973535347
"[0.0800527077195351, 1.1299328257741672, -0.7949925314351826, 0.2578268329379358]",24.622488843170103,0.28402837872238956
"[0.08021385303675291, 1.1299073480463735, -0.7949228321562649, 0.2578583294880261]",24.622077817949453,0.2846567600912444
"[0.08037475490207854, 1.1298818226401135, -0.794853259757732, 0.25788972701903806]",24.621666473463264,0.28528514146009926
"[0.08053541761397633, 1.129856249265272, -0.7947838122799725, 0.2579210266092409]",24.621254814080196,0.2859135228289541
"[0.08069583786410198, 1.1298306288387345, -0.7947144910524544, 0.2579522278526455]",24.620842841050408,0.28654190419780895
"[0.08085602013025382, 1.1298049610340009, -0.7946452940400811, 0.2579833318576582]",24.6204305579434,0.2871702855666638
"[0.08101596242613926, 1.129779246555355, -0.7945762220014656, 0.25801433847443245]",24.620017962950683,0.28779866693551864
"[0.08117566537249057, 1.1297534856893363, -0.7945072745690469, 0.25804524805929935]",24.619605056969515,0.2884270483043735
"[0.08133512857662759, 1.1297276788847952, -0.7944384518130999, 0.2580760607716986]",24.61919184107976,0.28905542967322834
"[0.08149435535776489, 1.129701825987053, -0.7943697522026202, 0.25810677748657307]",24.618778321730282,0.28968381104208313
"[0.0816533431024436, 1.1296759278016917, -0.7943011767670831, 0.25813739793253737]",24.61836449440256,0.290312192410938
"[0.08181209395372858, 1.129649984360565, -0.7942327244841171, 0.2581679227548814]",24.6179503615299,0.2909405737797928
"[0.08197060637106766, 1.1296239962952292, -0.7941643959203064, 0.2581983518891846]",24.617535923609992,0.29156895514864767
"[0.08212888377970397, 1.1295979634217495, -0.7940961895020412, 0.2582286862234334]",24.617121187319686,0.2921973365175025
"[0.08228692507027482, 1.129571886297731, -0.7940281056109143, 0.25825892577392523]",24.61670614905425,0.29282571788635736
"[0.08244472923144827, 1.1295457654661982, -0.793960144585921, 0.25828907057660894]",24.616290808221446,0.2934540992552122
"[0.08260229800170985, 1.1295196010142967, -0.7938923055820091, 0.25831912119224193]",24.615875169051797,0.29408248062406706
"[0.08275963403006921, 1.1294933928729893, -0.793824587363392, 0.258349078352202]",24.615459236662815,0.2947108619929219
"[0.08291673279655075, 1.1294671421667972, -0.7937569917800353, 0.2583789414224561]",24.615043003185413,0.29533924336177675
"[0.0830735995196929, 1.1294408483941603, -0.7936895164914025, 0.2584087116208313]",24.61462647698602,0.2959676247306316
"[0.08323023264722144, 1.1294145121821877, -0.7936221620709729, 0.25843838887641324]",24.614209659404214,0.29659600609948644
"[0.08338662995492635, 1.1293881342740837, -0.7935549293804196, 0.25846797299277824]",24.6137925419271,0.2972243874683413
"[0.0835427962147481, 1.129361714231613, -0.7934878162742809, 0.2584974650959627]",24.613375140100757,0.29785276883719614
"[0.08369873014612098, 1.129335252634661, -0.7934208232096726, 0.2585268651654549]",24.612957447013937,0.298481150206051
"[0.08385443160163741, 1.1293087498719603, -0.7933539501566225, 0.2585561733950162]",24.612539462602932,0.29910953157490583
"[0.08400990243557178, 1.1292822059896581, -0.7932871962259416, 0.258585390354026]",24.612121195057558,0.2997379129437607
"[0.08416514145799382, 1.1292556215515315, -0.7932205618360767, 0.25861451603846825]",24.61170263900198,0.3003662943126155
"[0.08432014784413691, 1.1292289970603793, -0.7931540472483736, 0.2586435505137125]",24.611283793419613,0.30099467568147037
"[0.08447492616959959, 1.1292023320883158, -0.7930876504076358, 0.25867249485478133]",24.61086466753142,0.30162305705032516
"[0.08462947467411946, 1.1291756272938405, -0.7930213719779403, 0.2587013489487453]",24.61044525975504,0.30225143841918
"[0.08478379142533886, 1.1291488833683376, -0.7929552126964092, 0.2587301126523651]",24.61002556611856,0.30287981978803485
"[0.08493788165342425, 1.12912209975971, -0.7928891702299917, 0.2587587871561078]",24.60960559777725,0.3035082011568897
"[0.08509174225772764, 1.1290952773589937, -0.7928232458174438, 0.25878737209719294]",24.609185348160135,0.30413658252574455
"[0.08524537317860093, 1.129068416530489, -0.7927574393937288, 0.2588158676797846]",24.608764818205174,0.3047649638945994
"[0.0853987766764293, 1.1290415172306056, -0.7926917499006353, 0.25884427453697584]",24.60834401219607,0.30539334526345424
"[0.0855519533007589, 1.1290145797118405, -0.7926261770135583, 0.25887259298267623]",24.60792293013161,0.3060217266323091
"[0.08570490314860765, 1.128987604304907, -0.7925607206019826, 0.25890082324627295]",24.607501576224262,0.30665010800116393
"[0.08585762547243916, 1.1289605914893233, -0.7924953808968914, 0.2589289654011365]",24.607079944322457,0.3072784893700188
"[0.08601012226300477, 1.1289335412591113, -0.7924301569580535, 0.2589570200244816]",24.606658045366583,0.30790687073887363
"[0.08616239211873114, 1.128906454207996, -0.7923650492966926, 0.25898498706818424]",24.606235872588247,0.3085352521077285
"[0.08631443700122778, 1.1288793303311122, -0.7923000569861056, 0.25901286710158944]",24.605813429643014,0.3091636334765833
"[0.08646625643010007, 1.128852170056548, -0.7922351801441316, 0.259040660244615]",24.60539071664163,0.30979201484543817
"[0.08661785198898407, 1.1288249734419629, -0.7921704180069087, 0.25906836699428876]",24.60496774006276,0.310420396214293
"[0.08676922233043141, 1.1287977410693166, -0.7921057710631539, 0.2590959873109654]",24.60454449544702,0.31104877758314786
"[0.08692036765308506, 1.1287704732433637, -0.7920412391410744, 0.2591235214376287]",24.604120981161607,0.3116771589520027
"[0.08707129143418171, 1.1287431696739758, -0.7919768206699421, 0.25915097021245564]",24.60369720816197,0.31230554032085756
"[0.08722199038490472, 1.128715831292562, -0.7919125169676208, 0.2591783332415352]",24.60327316713783,0.3129339216897124
"[0.08737247012888366, 1.1286884574130847, -0.7918483255491882, 0.25920561174880147]",24.602848871252156,0.3135623030585672
"[0.08752272558008722, 1.128661049293923, -0.7917842484992007, 0.25923280501447965]",24.602424311821753,0.31419068442742204
"[0.08767275880128644, 1.1286336068936873, -0.7917202848525458, 0.2592599136150636]",24.60199949105419,0.3148190657962769
"[0.0878225700496791, 1.1286061304979162, -0.7916564344147345, 0.25928693779878703]",24.601574412383115,0.31544744716513173
"[0.08797216178583943, 1.1285786199853252, -0.7915926960528833, 0.25931387820969376]",24.60114907862175,0.3160758285339866
"[0.08812153123219628, 1.1285510761964046, -0.7915290708663977, 0.25934073454751494]",24.600723484642245,0.3167042099028414
"[0.08827068082404628, 1.1285234990114756, -0.7914655577339705, 0.25936750744984516]",24.60029763836014,0.3173325912716963
"[0.0884196112574423, 1.1284958886283545, -0.7914021562759662, 0.25939419723961027]",24.599871537867756,0.3179609726405511
"[0.08856832033738582, 1.1284682457810467, -0.7913388673434749, 0.2594208037217143]",24.599445180988436,0.31858935400940597
"[0.08871681243457968, 1.1284405699820697, -0.7912756889935733, 0.2594473278751225]",24.59901857878703,0.3192177353782608
"[0.08886508520145896, 1.1284128619918163, -0.7912126221428191, 0.2594737694761857]",24.598591722989884,0.31984611674711566
"[0.0890131382588698, 1.128385122205526, -0.7911496668698741, 0.2595001286538345]",24.598164614359025,0.3204744981159705
"[0.08916097513788743, 1.128357350283114, -0.7910868215913791, 0.2595264062315328]",24.59773726274622,0.32110287948482535
"[0.08930859231817773, 1.1283295472068684, -0.7910240877221094, 0.2595526017779874]",24.597309659772794,0.3217312608536802
"[0.08945599443626981, 1.1283017124231385, -0.7909614632102914, 0.25957871630956836]",24.59688181245469,0.32235964222253505
"[0.08960317925700988, 1.1282738466713378, -0.7908989489247762, 0.2596047496224768]",24.5964537198867,0.3229880235913899
"[0.08975014767159374, 1.1282459501005369, -0.7908365444061848, 0.25963070206676797]",24.596025385076004,0.32361640496024474
"[0.08989689911550357, 1.1282180231349266, -0.7907742498135718, 0.2596565737346896]",24.59559680380476,0.3242447863290996
"[0.0900434365073016, 1.1281900655338952, -0.7907120638279674, 0.2596823653313341]",24.595167983824822,0.3248731676979544
"[0.09018975801333196, 1.1281620779607706, -0.7906499871477974, 0.25970807672371116]",24.594738923472388,0.3255015490668092
"[0.09033586456907523, 1.1281340605502508, -0.7905880192964512, 0.2597337082659933]",24.59430962190553,0.3261299304356641
"[0.09048175732652058, 1.1281060133930287, -0.7905261597061287, 0.2597592603488201]",24.593880082753717,0.3267583118045189
"[0.09062743549538471, 1.128077936951859, -0.7904644086329196, 0.2597847330218268]",24.593450303916097,0.32738669317337377
"[0.09077289993517858, 1.1280498313713616, -0.7904027656336519, 0.25981012662298414]",24.59302029011905,0.3280150745422286
"[0.09091815060171612, 1.1280216969692476, -0.7903412306485066, 0.25983544133156655]",24.592590041486126,0.32864345591108346
"[0.09106318897594115, 1.1279935337662976, -0.7902798029719467, 0.2598606775917147]",24.5921595584003,0.3292718372799383
"[0.09120801469820163, 1.127965342138674, -0.7902184826785001, 0.2598858355260725]",24.591728841848553,0.32990021864879315
"[0.09135262840725919, 1.1279371222676609, -0.7901572694201103, 0.2599109154303687]",24.59129789381731,0.330528600017648
"[0.09149703062540318, 1.1279088743556307, -0.79009616289845, 0.25993591757912393]",24.59086671421623,0.33115698138650285
"[0.09164121978507839, 1.1278805990137968, -0.7900351636995613, 0.259960841884993]",24.59043530433641,0.3317853627553577
"[0.09178519981357751, 1.1278522957743764, -0.789974270085277, 0.25998568920955906]",24.590003666289032,0.33241374412421254
"[0.09192896874802786, 1.1278239653237063, -0.7899134828095138, 0.2600104593956476]",24.589571798962222,0.3330421254930674
"[0.09207252769414855, 1.1277956077444977, -0.7898528013285073, 0.26003515281536693]",24.58913970707458,0.33367050686192223
"[0.09221587768719601, 1.12776722313085, -0.7897922251289252, 0.2600597698271678]",24.588707390311143,0.3342988882307771
"[0.09235901677212785, 1.1277388121686418, -0.7897317549611632, 0.260084310275757]",24.588274846054617,0.3349272695996319
"[0.09250194694137959, 1.1277103747606678, -0.7896713899078874, 0.2601087746828349]",24.587842078986462,0.3355556509684868
"[0.09264466902056225, 1.1276819110384433, -0.7896111295454301, 0.2601331633683147]",24.58740909167962,0.3361840323373416
"[0.09278718190211395, 1.1276534215183567, -0.7895509742665373, 0.26015747632133396]",24.586975879152472,0.3368124137061964
"[0.0929294878633468, 1.1276249060393446, -0.7894909230353985, 0.2601817141079924]",24.58654244837994,0.33744079507505126
"[0.09307158460046594, 1.1275963653568188, -0.7894309767497589, 0.26020587651320864]",24.5861087950847,0.3380691764439061
"[0.09321347649631205, 1.1275677988823007, -0.7893711334867056, 0.2602299644583673]",24.585674929275662,0.33869755781276095
"[0.09335515975438066, 1.1275392076710096, -0.7893113947737538, 0.26025397747448986]",24.585240842980536,0.3393259391816158
"[0.09349663709875916, 1.1275105914644854, -0.7892517593885854, 0.2602779161989694]",24.584806539932572,0.33995432055047065
"[0.0936379083481344, 1.1274819505883764, -0.7891922273344655, 0.26030178077544963]",24.584372019826883,0.3405827019193255
"[0.09377897429933363, 1.1274532851692203, -0.7891327982026863, 0.2603255715122981]",24.58393728848477,0.34121108328818034
"[0.09391983466403968, 1.1274245955528752, -0.7890734720420081, 0.2603492885341357]",24.583502342581014,0.3418394646570352
"[0.09406048968107182, 1.1273958819775487, -0.7890142486792661, 0.2603729320541344]",24.58306718616088,0.34246784602589003
"[0.09420094067959958, 1.1273671444572044, -0.7889551274826276, 0.2603965024677359]",24.582631815718894,0.3430962273947449
"[0.0943411873194015, 1.1273383833456299, -0.7888961085234204, 0.260419999889156]",24.582196236209256,0.3437246087635997
"[0.0944812304823271, 1.1273095987452886, -0.7888371913588917, 0.2604434246369103]",24.581760447806094,0.3443529901324546
"[0.09462107040242342, 1.127280790890192, -0.7887783758192363, 0.2604667769201761]",24.581324451263146,0.3449813715013094
"[0.09476070548710336, 1.1272519603910391, -0.7887196625028378, 0.26049005664329267]",24.58088824625797,0.34560975287016427
"[0.09490013965019639, 1.12722310672029, -0.7886610496931044, 0.2605132646278028]",24.580451836523906,0.3462381342390191
"[0.09503937066873898, 1.1271942306169018, -0.7886025382539814, 0.26053640067176365]",24.58001522115896,0.34686651560787396
"[0.09517839931987568, 1.1271653321991923, -0.788544127788254, 0.260559465072661]",24.57957840142475,0.3474948969767288
"[0.09531722719832586, 1.127136411413125, -0.7884858175558314, 0.2605824582621533]",24.57914137923708,0.34812327834558365
"[0.09545585405263948, 1.1271074685871223, -0.7884276075925946, 0.2606053803648344]",24.578704155430966,0.34875165971443844
"[0.0955942781575643, 1.12707850435844, -0.788369498553014, 0.2606282312622377]",24.578266725026488,0.3493800410832933
"[0.0957325036815616, 1.1270495181296818, -0.7883114886178135, 0.26065101180794703]",24.5778291014248,0.35000842245214814
"[0.09587052816419908, 1.1270205106901456, -0.7882535787505597, 0.2606737217610125]",24.57739127649803,0.350636803821003
"[0.09600835360580486, 1.126991481892566, -0.788195768043044, 0.2606963616149524]",24.5769532525959,0.35126518518985783
"[0.09614597954750502, 1.1269624321053064, -0.7881380566191575, 0.26071893145791597]",24.57651503258571,0.3518935665587127
"[0.09628340659635996, 1.1269333614714105, -0.7880804441559032, 0.26074143155263657]",24.576076616101982,0.3525219479275675
"[0.09642063433153178, 1.1269042703505037, -0.7880229307614304, 0.26076386199302193]",24.57563800490069,0.35315032929642237
"[0.09655766374735186, 1.126875158801618, -0.7879655159509379, 0.2607862231039159]",24.575199196483457,0.3537787106652772
"[0.0966944963674391, 1.1268460267687441, -0.7879081990185142, 0.26080851529496896]",24.574760197798746,0.35440709203413207
"[0.09683113023899251, 1.1268168749351968, -0.7878509807146782, 0.260830738408958]",24.574321006129804,0.3550354734029869
"[0.09696756715611712, 1.1267877031854452, -0.7877938602207253, 0.2608528928983986]",24.57388162373382,0.35566385477184176
"[0.09710380858837198, 1.1267585114699141, -0.7877368368546889, 0.260874979161046]",24.573442051430135,0.3562922361406966
"[0.09723985089184539, 1.126729300835055, -0.7876799120747459, 0.26089699676590866]",24.573002286128702,0.35692061750955145
"[0.09737569782419425, 1.1267000707392478, -0.7876230842417266, 0.26091894648055525]",24.572562334688907,0.3575489988784063
"[0.09751135025745673, 1.126670821256527, -0.7875663529248923, 0.26094082860318063]",24.572122195898412,0.35817738024726115
"[0.09764680568977625, 1.1266415531887162, -0.7875097191044426, 0.2609626428878889]",24.571681869768653,0.358805761616116
"[0.09778206664489862, 1.1266122662524745, -0.78745318165921, 0.2609843898985263]",24.57124135706862,0.35943414298497084
"[0.09791713402958545, 1.1265829605107025, -0.78739674014488, 0.26100606993665043]",24.57080066352164,0.3600625243538257
"[0.09805200589468314, 1.1265536366458684, -0.7873403953105924, 0.26102768284532923]",24.57035978422348,0.3606909057226805
"[0.0981866839361111, 1.1265242945485765, -0.7872841463825547, 0.26104922905210076]",24.569918722983946,0.3613192870915353
"[0.09832116912826147, 1.1264949342636768, -0.7872279928890684, 0.2610707088672999]",24.569477480539316,0.36194766846039017
"[0.09845545911626485, 1.126465556562956, -0.7871719357485346, 0.26109212206955035]",24.56903605265333,0.362576049829245
"[0.09858955823183724, 1.126436160754757, -0.7871159730883296, 0.2611134695032643]",24.56859445102184,0.36320443119809986
"[0.0987234635897645, 1.126406747726158, -0.7870601060484463, 0.26113475086201443]",24.56815266712763,0.3638328125669547
"[0.09885717695233065, 1.1263773173450353, -0.7870043338294884, 0.26115596657893786]",24.5677107054593,0.36446119393580956
"[0.09899069926619385, 1.1263478696558042, -0.7869486559730102, 0.26117711695597234]",24.567268569099696,0.3650895753046644
"[0.09912402905774935, 1.1263184052362432, -0.7868930730299116, 0.26119820191140763]",24.56682625380128,0.36571795667351925
"[0.09925716804704353, 1.1262889239584328, -0.786837584219714, 0.26121922186859287]",24.56638376283218,0.3663463380423741
"[0.09939011744429836, 1.1262594258042722, -0.786782188975191, 0.2612401771685468]",24.56594110119493,0.36697471941122894
"[0.09952287415771284, 1.1262299117105163, -0.7867268885215428, 0.2612610674743863]",24.56549826334645,0.3676031007800838
"[0.09965544186298596, 1.12620038110999, -0.7866716812647991, 0.26128189351447567]",24.56505525388207,0.36823148214893864
"[0.0997878199488735, 1.1261708343864474, -0.7866165673972766, 0.2613026553413106]",24.564612073195974,0.3688598635177935
"[0.09992000805372223, 1.1261412718684762, -0.7865615470072559, 0.26132335304682747]",24.564168720811058,0.36948824488664833
"[0.10005200838815898, 1.1261116933079673, -0.7865066191127297, 0.2613439871248533]",24.56372520147824,0.3701166262555032
"[0.10018381977893497, 1.1260820992130494, -0.7864517841402993, 0.2613645575390365]",24.563281512025206,0.370745007624358
"[0.10031544153675409, 1.1260524899845648, -0.7863970423149081, 0.261385064329334]",24.562837655070606,0.37137338899321287
"[0.10044687636485451, 1.1260228652588113, -0.7863423924508878, 0.261405508063429]",24.562393631767787,0.3720017703620677
"[0.10057812395242136, 1.1259932253482903, -0.786287834616588, 0.26142588883830986]",24.56194944309003,0.3726301517309225
"[0.10070918282421082, 1.1259635708294562, -0.7862333693641606, 0.2614462065707033]",24.561505084280785,0.37325853309977736
"[0.1008400556587854, 1.1259339013383476, -0.7861789955196722, 0.2614664618209488]",24.5610605660294,0.3738869144686322
"[0.1009707415378648, 1.1259042173237361, -0.7861247134042488, 0.26148665459109127]",24.560615885227016,0.37451529583748705
"[0.10110124185823306, 1.1258745187083834, -0.7860705223774732, 0.26150678524076054]",24.560171042287195,0.3751436772063419
"[0.10123155552022463, 1.125844805981887, -0.7860164228359294, 0.2615268537437073]",24.55972603632311,0.37577205857519674
"[0.10136168397665984, 1.125815079051817, -0.7859624141165588, 0.261546860466722]",24.559280868309788,0.3764004399440516
"[0.10149162721414218, 1.1257853381587861, -0.7859084961653251, 0.2615668055500229]",24.558835541425886,0.37702882131290644
"[0.10162138430996125, 1.1257555837517579, -0.7858546693054527, 0.26158668899437004]",24.558390055133753,0.3776572026817613
"[0.10175095965571417, 1.125725815058901, -0.7858009316561932, 0.2616065116135589]",24.55794441551467,0.37828558405061613
"[0.10188034860473154, 1.125696033382758, -0.7857472850856841, 0.26162627283744816]",24.5574986156706,0.378913965419471
"[0.10200955405052967, 1.1256662382931, -0.785693728335119, 0.2616459732490956]",24.557052658750678,0.3795423467883258
"[0.10213857679108758, 1.1256364298390713, -0.7856402610152708, 0.26166561310974396]",24.556606550484656,0.38017072815718067
"[0.10226741509871876, 1.1256066086530732, -0.7855868837836342, 0.2616851922960098]",24.556160284756157,0.3807991095260355
"[0.10239607222882541, 1.1255767742136393, -0.7855335952333511, 0.261704711441472]",24.555713868480698,0.38142749089489036
"[0.10252454505932874, 1.1255469274763499, -0.7854803965995197, 0.2617241702110514]",24.5552672957299,0.3820558722637452
"[0.10265283841086591, 1.1255170675514121, -0.7854272858283241, 0.26174356947259414]",24.554820575570737,0.38268425363260006
"[0.10278094851902343, 1.125487195544175, -0.7853742644207292, 0.2617629087940039]",24.554373704364764,0.3833126350014549
"[0.10290887575149514, 1.1254573115998512, -0.7853213321667136, 0.2617821883689247]",24.553926679693127,0.38394101637030975
"[0.10303662441579893, 1.1254274149398675, -0.7852684872269378, 0.26180140898271276]",24.5534795107418,0.3845693977391646
"[0.10316419015944737, 1.1253975068102224, -0.7852157313449173, 0.2618205701165084]",24.553032190059575,0.38519777910801944
"[0.10329157648732441, 1.1253675866167345, -0.785163063014206, 0.2618396724328324]",24.552584723485946,0.3858261604768743
"[0.10341878235313601, 1.1253376548308394, -0.7851104826108928, 0.2618587159097365]",24.55213711145513,0.38645454184572914
"[0.10354580885425889, 1.1253077114196486, -0.7850579896249731, 0.2618777008462207]",24.55168935207214,0.387082923214584
"[0.10367265537610808, 1.1252777567527275, -0.7850055842541818, 0.2618966272847518]",24.551241448518347,0.38771130458343883
"[0.10379932348732053, 1.1252477906834053, -0.7849532657944533, 0.26191549559313454]",24.550793403233175,0.3883396859522937
"[0.1039258119176585, 1.125217813735448, -0.7849010347145743, 0.26193430571559373]",24.55034521197951,0.3889680673211485
"[0.10405212227243213, 1.1251878257511143, -0.7848488902959421, 0.2619530580239453]",24.549896881541518,0.38959644869000337
"[0.10417825532253343, 1.1251578267682878, -0.784796832165046, 0.2619717527646456]",24.54944840860395,0.3902248300588582
"[0.10430420930261747, 1.1251278174280428, -0.7847448609951555, 0.26199038980821343]",24.548999793611372,0.39085321142771307
"[0.10442998658873745, 1.1250977973847776, -0.7846929757507144, 0.26200896963795917]",24.54855104285853,0.3914815927965679
"[0.10455558774307659, 1.1250677667226592, -0.7846411761452072, 0.2620274924673702]",24.5481021519277,0.39210997416542276
"[0.1046810105510841, 1.125037726190248, -0.7845894630371704, 0.26204595810070636]",24.547653122391917,0.39273835553427755
"[0.10480625804977611, 1.1250076752783844, -0.7845378351198481, 0.2620643671154418]",24.54720395862433,0.3933667369031324
"[0.1049313300197153, 1.1249776142558825, -0.7844862924296558, 0.2620827196084197]",24.54675465809927,0.39399511827198724
"[0.10505622321115528, 1.1249475441218522, -0.7844348362513364, 0.26210101523296425]",24.546305216268813,0.3946234996408421
"[0.10518094393496655, 1.1249174635726538, -0.7843834639308693, 0.26211925504240335]",24.54585564720292,0.39525188100969694
"[0.10530548899728998, 1.1248873735921447, -0.7843321767304342, 0.2621374386971515]",24.54540594299667,0.3958802623785518
"[0.1054298593535643, 1.124857274164159, -0.7842809742029505, 0.26215556646484045]",24.544956106306447,0.39650864374740663
"[0.1055540538960058, 1.1248271657712199, -0.7842298567509227, 0.2621736383119791]",24.54450613589004,0.3971370251162615
"[0.10567807666503175, 1.1247970476461373, -0.7841788226583096, 0.26219165495321894]",24.54405603855008,0.3977654064851163
"[0.10580192421871074, 1.1247669208363793, -0.7841278732885765, 0.2622096160148424]",24.543605807521033,0.39839378785397117
"[0.10592559721391578, 1.124736785395301, -0.784077008318269, 0.26222752171927377]",24.543155445195815,0.399022169222826
"[0.10604909835337788, 1.1247066408749478, -0.7840262265832023, 0.26224537258348746]",24.542704957998595,0.39965055059168086
"[0.10617242695479522, 1.1246764876510293, -0.7839755283117009, 0.26226316863365384]",24.542254342024126,0.4002789319605357
"[0.1062955829769422, 1.1246463259429242, -0.7839249134684634, 0.2622809099886709]",24.54180359953416,0.40090731332939056
"[0.10641856650855494, 1.124616155937877, -0.7838743819648594, 0.2622985967859619]",24.54135272975717,0.4015356946982454
"[0.10654137943936404, 1.1245859773797708, -0.7838239329726556, 0.2623162294210305]",24.540901736977894,0.40216407606710025
"[0.10666401970001793, 1.124555790984393, -0.783773567290169, 0.26233380772038506]",24.540450619388604,0.4027924574359551
"[0.10678648892486811, 1.1245255965567247, -0.7837232841944957, 0.26235133204185407]",24.539999376949723,0.40342083880480994
"[0.10690878664139965, 1.124495394419498, -0.7836730838281876, 0.26236880244078137]",24.539548011032135,0.4040492201736648
"[0.10703091608960016, 1.1244651839769524, -0.7836229648103175, 0.2623862195018427]",24.5390965279495,0.40467760154251964
"[0.10715287242304622, 1.1244349666328008, -0.7835729290786415, 0.2624035826560099]",24.538644916266758,0.4053059829113745
"[0.1072746593932673, 1.1244047416629095, -0.7835229750427779, 0.26242089255979856]",24.538193188446577,0.40593436428022933
"[0.1073962776332137, 1.124374509112594, -0.7834731023926302, 0.2624381494238027]",24.537741339838046,0.4065627456490842
"[0.10751772680470098, 1.1243442692678611, -0.783423311216525, 0.2624553533203779]",24.537289373580034,0.407191127017939
"[0.10763900702295225, 1.1243140223018167, -0.783373601416914, 0.26247250438608594]",24.536837289066145,0.40781950838679387
"[0.10776011910328549, 1.124283768212074, -0.783323972609522, 0.26248960285595446]",24.536385088204383,0.4084478897556487
"[0.10788106244108575, 1.1242535073502116, -0.7832744249921191, 0.2625066487640947]",24.535932771763754,0.40907627112450357
"[0.10800183886136304, 1.1242232394591114, -0.7832249577673166, 0.2625236424865742]",24.535480340194393,0.4097046524933584
"[0.10812244605857874, 1.1241929653161629, -0.7831755718296701, 0.2625405838178729]",24.535027793116047,0.41033303386221326
"[0.10824288635988824, 1.124162684536421, -0.7831262661766287, 0.2625574732035138]",24.534575132136982,0.4109614152310681
"[0.10836315986628853, 1.1241323972920072, -0.7830770407176361, 0.2625743107752834]",24.534122355969476,0.41158979659992295
"[0.10848326573593835, 1.1241021039926582, -0.7830278957479778, 0.2625910965330693]",24.533669468739006,0.4122181779687778
"[0.10860320685474795, 1.124071804106624, -0.7829788300379409, 0.2626078309969842]",24.53321647107032,0.41284655933763265
"[0.10872298014608223, 1.12404149860718, -0.7829298447972921, 0.262624513854482]",24.532763359998093,0.4134749407064874
"[0.10884258909558792, 1.1240111868078961, -0.7828809385517701, 0.2626411457074543]",24.53231014012453,0.41410332207534223
"[0.1089620331895104, 1.1239808690324402, -0.7828321114632625, 0.2626577265996298]",24.531856814745403,0.4147317034441971
"[0.10908131118217528, 1.123950545791256, -0.7827833639926168, 0.2626742564737031]",24.531403378427683,0.4153600848130519
"[0.1092004243046696, 1.1239202169653755, -0.7827346955884074, 0.26269073561572903]",24.530949831136446,0.41598846618190677
"[0.10931937414178616, 1.1238898823433312, -0.7826861055552942, 0.26270716435925073]",24.53049618348048,0.4166168475507616
"[0.10943815861093986, 1.123859542648322, -0.7826375946961834, 0.2627235425309289]",24.530042425889363,0.41724522891961646
"[0.10955678003858707, 1.1238291974778039, -0.782589162013263, 0.26273987056557296]",24.52958856487089,0.4178736102884713
"[0.10967523860875239, 1.1237988469746467, -0.7825408073841257, 0.26275614860151675]",24.529134599234023,0.41850199165732616
"[0.10979353192376877, 1.1237684919441548, -0.782492531739976, 0.2627723764228857]",24.528680528380544,0.419130373026181
"[0.10991166282452915, 1.1237381318477848, -0.7824443338740615, 0.26278855453267286]",24.528226353126495,0.41975875439503585
"[0.11002963289457458, 1.1237077664661532, -0.7823962130936207, 0.2628046832593205]",24.527772080853925,0.4203871357638907
"[0.11014743863542902, 1.1236773968882328, -0.7823481707788259, 0.2628207622365967]",24.527317700962325,0.42101551713274554
"[0.1102650839623814, 1.123647022292655, -0.7823002052862353, 0.262836792110654]",24.5268632269148,0.4216438985016004
"[0.11038256691680985, 1.1236166433716686, -0.7822523173680084, 0.26285277272554214]",24.526408648510458,0.42227227987045524
"[0.11049988910699989, 1.1235862598959152, -0.7822045063222032, 0.2628687044109115]",24.525953973843386,0.4229006612393101
"[0.11061705017131192, 1.1235558721445795, -0.7821567722500647, 0.2628845872279435]",24.525499200452256,0.42352904260816493
"[0.11073404954667551, 1.1235254804495263, -0.7821091153348045, 0.2629004212107542]",24.52504432683541,0.4241574239770198
"[0.110850889020624, 1.1234950845312766, -0.7820615348023638, 0.2629162067111208]",24.524589358466187,0.4247858053458746
"[0.11096756944581444, 1.1234646843510823, -0.7820140302600072, 0.2629319439530449]",24.524134294028162,0.42541418671472947
"[0.11108408820336764, 1.123434280775106, -0.7819666027282822, 0.26294763269254456]",24.523679133759998,0.4260425680835843
"[0.11120044892562479, 1.123403873038565, -0.7819192506832082, 0.2629632735274407]",24.523223881043577,0.42667094945243916
"[0.11131665001278322, 1.123373461741099, -0.7818719747306919, 0.26297886635057777]",24.522768531844843,0.427299330821294
"[0.1114326924208972, 1.1233430468142054, -0.7818247744366191, 0.26299441139819524]",24.522313090719482,0.42792771219014886
"[0.11154857706765701, 1.1233126281977375, -0.7817776493829046, 0.26300990890038356]",24.52185755942153,0.4285560935590037
"[0.11166430171546703, 1.1232822066599404, -0.7817306004345426, 0.263025358665349]",24.521401932507544,0.42918447492785855
"[0.1117798689654198, 1.1232517816975036, -0.7816836264892115, 0.2630407611475242]",24.520946216953487,0.4298128562967134
"[0.11189527991369584, 1.1232213531998874, -0.7816367270571309, 0.2630561165987524]",24.520490412479383,0.43044123766556824
"[0.11201053206030884, 1.1231909220049003, -0.7815899031098453, 0.2630714247925093]",24.520034516580832,0.4310696190344231
"[0.11212562760001214, 1.1231604877115946, -0.7815431537113476, 0.26308668612632946]",24.51957853310391,0.43169800040327794
"[0.11224056697500806, 1.1231300503798662, -0.7814964786381194, 0.2631019007638354]",24.519122463256423,0.4323263817721328
"[0.11235534960705038, 1.1230996103395217, -0.781449878081114, 0.26311706873337404]",24.518666306028845,0.43295476314098763
"[0.11246997518726061, 1.1230691678494085, -0.7814033521218122, 0.26313219009915456]",24.518210059201774,0.4335831445098425
"[0.11258444615755217, 1.123038722436495, -0.7813568997254923, 0.26314726528748267]",24.517753730118976,0.4342115258786973
"[0.11269876193893551, 1.1230082744289445, -0.7813105210838784, 0.2631622943254891]",24.51729731717491,0.43483990724755217
"[0.11281292241988711, 1.122977824030805, -0.7812642161989495, 0.2631772773019805]",24.516840818628612,0.435468288616407
"[0.11292692639122602, 1.1229473717395118, -0.7812179855177637, 0.2631922141620407]",24.516384234545185,0.43609666998526186
"[0.11304077711706575, 1.1229169168566113, -0.7811718276736297, 0.26320710543625203]",24.51592756999363,0.4367250513541167
"[0.11315447303454072, 1.1228864599724453, -0.781125743257428, 0.2632219510224145]",24.515470821947094,0.43735343272297145
"[0.1132680156298797, 1.1228560008609707, -0.7810797316240535, 0.26323675121668405]",24.515013994565315,0.4379818140918263
"[0.11338140407538264, 1.122825539915715, -0.7810337930663835, 0.2632515060128997]",24.514557087223064,0.43861019546068114
"[0.11349463896313713, 1.1227950771490054, -0.7809879273020293, 0.2632662155897669]",24.514100097443354,0.439238576829536
"[0.11360772089329846, 1.1227646125699127, -0.7809421340456059, 0.2632808801263876]",24.513643031422752,0.43986695819839083
"[0.11372064924280276, 1.1227341465165461, -0.7808964135072086, 0.2632954996429339]",24.513185884133325,0.4404953395672457
"[0.113833427720778, 1.1227036781565685, -0.7808507641434094, 0.26331007471940626]",24.512728664548494,0.4411237209361005
"[0.11394605197983314, 1.1226732088329374, -0.7808051876721326, 0.2633246048938588]",24.512271363619252,0.4417521023049554
"[0.11405852472902385, 1.1226427379819044, -0.7807596829551514, 0.26333909061609023]",24.511813987619558,0.4423804836738102
"[0.11417084530526757, 1.1226122659509001, -0.7807142502191445, 0.2633535319001772]",24.511356535020923,0.44300886504266507
"[0.11428301511992145, 1.1225817925241746, -0.7806688888518001, 0.26336792902666756]",24.51089901031261,0.4436372464115199
"[0.11439503307022825, 1.1225513181680788, -0.7806235992577406, 0.2633822819528726]",24.51044140814097,0.44426562778037476
"[0.11450690122857494, 1.1225208424848105, -0.7805783805579505, 0.26339659104271423]",24.50998373613455,0.4448940091492296
"[0.11461861850617736, 1.122490365936209, -0.780533233151587, 0.2634108562548547]",24.509525989243656,0.44552239051808445
"[0.11473018582338641, 1.122459888436311, -0.7804881566258056, 0.26342507780466073]",24.509068169478713,0.4461507718869393
"[0.11484160450553259, 1.1224294097867022, -0.78044315040459, 0.26343925595804535]",24.508610283958696,0.44677915325579415
"[0.1149528714467005, 1.1223989310014308, -0.7803982157018041, 0.26345339041720006]",24.50815232002299,0.447407534624649
"[0.11506399032480914, 1.1223684512369143, -0.7803533509915386, 0.2634674817464374]",24.50769429338394,0.44803591599350384
"[0.11517496094841209, 1.1223379707073966, -0.7803085563110278, 0.2634815300173028]",24.507236196727554,0.4486642973623587
"[0.11528578252225077, 1.1223074897933858, -0.7802638319411476, 0.26349553522513264]",24.50677802957685,0.44929267873121354
"[0.11539645581510766, 1.1222770084452884, -0.7802191775315563, 0.26350949756295794]",24.506319794807016,0.4499210601000684
"[0.11550697922651403, 1.1222465272661244, -0.7801745936878388, 0.26352341692494125]",24.505861492583186,0.45054944146892323
"[0.1156173563000072, 1.12221604543939, -0.7801300789407697, 0.26353729385257346]",24.505403124476068,0.4511778228377781
"[0.11572758607986469, 1.1221855633882505, -0.7800856336363624, 0.2635511283200012]",24.50494469103071,0.4518062042066329
"[0.11583766749693526, 1.1221550815684873, -0.7800412581660638, 0.2635649202878581]",24.504486191257616,0.45243458557548777
"[0.11594760421614103, 1.122124599123758, -0.7799969510132562, 0.2635786703091616]",24.50402763119237,0.4530629669443426
"[0.11605739265362461, 1.1220941172060075, -0.7799527135831519, 0.2635923780293616]",24.503569004234276,0.45369134831319746
"[0.11616703465697883, 1.122063635461265, -0.7799085450919425, 0.26360604377326535]",24.50311031469838,0.4543197296820523
"[0.11627653077304323, 1.1220331538949742, -0.7798644452803667, 0.2636196677022506]",24.50265156271698,0.45494811105090716
"[0.11638588141146076, 1.1220026725498435, -0.7798204139446507, 0.2636332499600706]",24.5021927506403,0.455576492419762
"[0.11649508706790548, 1.1219721914437404, -0.7797764508465951, 0.26364679070065056]",24.501733877569013,0.45620487378861685
"[0.1166041466644874, 1.1219417110337304, -0.7797325563814779, 0.26366028988278756]",24.501274944667486,0.4568332551574717
"[0.11671306120813282, 1.1219112311943744, -0.779688730105442, 0.263673747723423]",24.500815950440124,0.45746163652632654
"[0.11682183211355947, 1.1218807516842615, -0.779644971410996, 0.26368716448879187]",24.50035690012802,0.4580900178951814
"[0.11693045815383576, 1.1218502730013709, -0.7796012807536001, 0.2637005401187797]",24.499897788855602,0.45871839926403624
"[0.11703893962426828, 1.1218197952173903, -0.7795576579762534, 0.26371387474118196]",24.499438620681893,0.4593467806328911
"[0.11714727802476399, 1.121789318064232, -0.779514102437894, 0.2637271686310714]",24.498979397988805,0.45997516200174593
"[0.11725547321653709, 1.1217588417333142, -0.7794706141566351, 0.26374042186156205]",24.49852011896203,0.4606035433706008
"[0.1173635254794014, 1.1217283662979518, -0.7794271929823875, 0.26375363455692213]",24.49806078258425,0.4612319247394555
"[0.11747143384519952, 1.1216978921835603, -0.7793838392665366, 0.2637668066888752]",24.497601392951168,0.46186030610831036
"[0.11757919990373662, 1.1216674190929272, -0.7793405523328363, 0.2637799385412396]",24.497141949207702,0.4624886874771652
"[0.11768682376447386, 1.1216369471457464, -0.7792973321000752, 0.2637930302164488]",24.49668245132882,0.46311706884602005
"[0.11779430621772176, 1.1216064762682627, -0.7792541782137924, 0.2638060818993477]",24.49622290208275,0.4637454502148749
"[0.11790164575317943, 1.1215760070388296, -0.7792110912432456, 0.26381909349534577]",24.495763299405755,0.46437383158372975
"[0.11800884425366104, 1.1215455390728335, -0.7791680703956231, 0.2638320653212669]",24.495303644863675,0.4650022129525846
"[0.11811590188702778, 1.1215150724710454, -0.7791251155668624, 0.26384499748521223]",24.494843941237235,0.46563059432143944
"[0.1182228189516129, 1.121484607296652, -0.779082226600666, 0.26385789011076727]",24.494384186049345,0.4662589756902943
"[0.11832959446146772, 1.121454143978857, -0.7790394038559029, 0.26387074316668385]",24.49392438365648,0.46688735705914913
"[0.11843622938154728, 1.1214236823904533, -0.778996646908982, 0.2638835568566533]",24.493464527693547,0.467515738428004
"[0.11854272478289825, 1.1213932223722898, -0.7789539552941785, 0.26389633139614793]",24.493004627552118,0.4681441197968588
"[0.11864908056352703, 1.1213627640996497, -0.7789113290162826, 0.26390906685928855]",24.49254468023841,0.4687725011657137
"[0.11875529705570456, 1.1213323076231854, -0.7788687679061035, 0.2639217633720314]",24.49208468531669,0.4694008825345685
"[0.11886137426360449, 1.1213018530871448, -0.7788262719260416, 0.263934421020823]",24.491624643125828,0.47002926390342337
"[0.11896731199895173, 1.12127140069095, -0.7787838411156179, 0.2639470398690904]",24.49116455626554,0.4706576452722782
"[0.11907311100046761, 1.121240950367146, -0.7787414751431704, 0.26395962009043455]",24.49070442403871,0.47128602664113306
"[0.11917877229684025, 1.121210501963425, -0.7786991735612695, 0.2639721618921109]",24.490244249350248,0.4719144080099879
"[0.11928429524328381, 1.121180055808991, -0.7786569365926449, 0.2639846652822963]",24.489784030898424,0.47254278937884275
"[0.1193896801520166, 1.1211496119571716, -0.7786147640769155, 0.2639971303826991]",24.489323768757828,0.4731711707476976
"[0.1194949271929421, 1.1211191705018133, -0.778572655910802, 0.2640095572978394]",24.488863462860394,0.47379955211655245
"[0.11960003682168162, 1.1210887314535967, -0.778530611876843, 0.26402194616565544]",24.48840311688576,0.4744279334854073
"[0.11970501051950455, 1.1210582945248084, -0.7784886313476568, 0.2640342972441632]",24.48794272997269,0.47505631485426214
"[0.11980984614685564, 1.1210278604772337, -0.7784467151439723, 0.26404661036514376]",24.487482300814055,0.475684696223117
"[0.11991454680824623, 1.1209974285503288, -0.778404861989791, 0.2640588859763153]",24.48702183384365,0.47631307759197183
"[0.12001911097909287, 1.120966999327066, -0.778363072460031, 0.26407112398150145]",24.486561329747378,0.4769414589608267
"[0.12012353792680606, 1.1209365731612992, -0.7783213468127652, 0.2640833243780093]",24.486100783023197,0.4775698403296815
"[0.12022783063112008, 1.120906149324272, -0.7782796838229785, 0.2640954875962835]",24.485640201418438,0.4781982216985364
"[0.12033198624922413, 1.1208757287844424, -0.7782380845919804, 0.2641076133869332]",24.48517957796885,0.4788266030673912
"[0.12043600758524947, 1.1208453108618217, -0.7781965479655161, 0.2641197021584698]",24.484718922439846,0.47945498443624607
"[0.12053989570779705, 1.1208148953807477, -0.7781550734831248, 0.264131754115846]",24.48425823099618,0.4800833658051009
"[0.12064364790641428, 1.120784483272257, -0.7781136621929599, 0.2641437690257784]",24.48379750345926,0.48071174717395576
"[0.12074726547573218, 1.1207540742949533, -0.7780723135442225, 0.26415574711968304]",24.48333674187725,0.4813401285428106
"[0.1208507501576795, 1.120723668073951, -0.7780310268081665, 0.26416768867937807]",24.482875944246565,0.48196850991166545
"[0.12095409971719445, 1.1206932654023833, -0.7779898028428537, 0.2641795935274511]",24.48241511383649,0.4825968912805203
"[0.12105731633450507, 1.1206628657751703, -0.7779486407450247, 0.26419146199545734]",24.48195425054098,0.48322527264937515
"[0.12116040007305977, 1.1206324693085734, -0.7779075404560937, 0.2642032941703183]",24.48149335620266,0.48385365401823
"[0.12126335076542158, 1.1206020761868019, -0.7778665020095678, 0.26421509011236777]",24.481032428729527,0.4844820353870848
"[0.1213661690191267, 1.1205716863649566, -0.777825525130113, 0.2642268499705394]",24.480571471228853,0.48511041675593963
"[0.12146885503363282, 1.120541299917951, -0.7777846097052298, 0.26423857384661664]",24.48011048335241,0.4857387981247945
"[0.1215714077409618, 1.1205109172959768, -0.7777437561273782, 0.2642502616978007]",24.479649463701726,0.4863671794936493
"[0.12167382952698078, 1.1204805379254972, -0.7777029634132433, 0.2642619138746354]",24.479188418489926,0.4869955608625042
"[0.12177611941507001, 1.1204501622286516, -0.7776622319191374, 0.264273530344141]",24.478727342665287,0.487623942231359
"[0.12187827895465911, 1.1204197898772605, -0.7776215609955602, 0.26428511136008953]",24.478266239025974,0.48825232360021387
"[0.12198030699742742, 1.1203894213443364, -0.7775809510672301, 0.2642966568699211]",24.477805110844294,0.4888807049690687
"[0.12208220475262725, 1.120359056401398, -0.7775404016204306, 0.26430816708798793]",24.47734395392428,0.48950908633792356
"[0.12218397116925962, 1.1203286954927925, -0.7774999130410765, 0.26431964197290464]",24.476882769803776,0.4901374677067784
"[0.12228560632333477, 1.1202983387273882, -0.7774594852665077, 0.26433108161079605]",24.476421559174646,0.49076584907563325
"[0.12238711341716865, 1.120267985278378, -0.7774191169909731, 0.2643424864385557]",24.47596032893242,0.4913942304444881
"[0.12248848963040289, 1.1202376361185091, -0.7773788093042158, 0.2643538562155759]",24.475499069715053,0.49202261181334295
"[0.1225897375905019, 1.1202072905904354, -0.7773385611296993, 0.26436519131272607]",24.47503778945961,0.4926509931821978
"[0.12269085497411371, 1.1201769495194789, -0.7772983733592262, 0.26437649154592563]",24.474576484186866,0.49327937455105264
"[0.12279184491351566, 1.120146612094224, -0.7772582447162685, 0.2643877573409254]",24.474115158740847,0.4939077559199075
"[0.12289270492252784, 1.1201162791894124, -0.7772181761572111, 0.2643989884957617]",24.47365380943712,0.49453613728876233
"[0.12299343569174324, 1.1200859507260672, -0.7771781673759972, 0.26441018516318465]",24.473192436708224,0.4951645186576172
"[0.12309404048538262, 1.1200556258479055, -0.7771382170449606, 0.26442134778059073]",24.472731047364558,0.495792900026472
"[0.12319451744832893, 1.120025305239749, -0.7770983258698245, 0.26443247621618843]",24.472269638298453,0.4964212813953268
"[0.12329486574306661, 1.1199949892812682, -0.7770584941518345, 0.2644435704520073]",24.47180820759049,0.49704966276418167
"[0.12339508629740428, 1.1199646778188113, -0.7770187214915233, 0.26445463066523983]",24.471346757703827,0.4976780441330365
"[0.12349518077056479, 1.1199343704757925, -0.776979007199584, 0.2644656571127847]",24.470885290284652,0.49830642550189136
"[0.12359514793493387, 1.1199040677487808, -0.7769393517323476, 0.2644766497329676]",24.470423805143824,0.4989348068707462
"[0.12369498859740569, 1.1198737695181173, -0.77689975473897, 0.26448760868811094]",24.469962301947568,0.49956318823960105
"[0.12379470292712975, 1.1198434758567588, -0.7768602161217657, 0.2644985340699929]",24.4695007837733,0.5001915696084559
"[0.12389429179313723, 1.1198131866243233, -0.7768207355057074, 0.2645094260466534]",24.469039249278968,0.5008199509773108
"[0.12399375396253352, 1.1197829023194439, -0.7767813133491176, 0.2645202845560815]",24.468577698692492,0.5014483323461656
"[0.12409309115958651, 1.1197526225403853, -0.776741948938232, 0.2645311098591176]",24.468116134509668,0.5020767137150205
"[0.12419230288463266, 1.119722347561967, -0.7767026424408957, 0.2645419019734606]",24.46765455512038,0.5027050950838753
"[0.1242913895590745, 1.1196920773780077, -0.7766633936600235, 0.2645526610170328]",24.46719296207039,0.5033334764527302
"[0.12439035196837338, 1.1196618118702157, -0.776624202254546, 0.26456338714676075]",24.466731356839865,0.503961857821585
"[0.12448918990430624, 1.1196315512235047, -0.7765850682770874, 0.2645740804114591]",24.466269738723856,0.5045902391904399
"[0.12458790377744024, 1.1196012954331602, -0.7765459915353138, 0.2645847409267804]",24.46580811079653,0.5052186205592947
"[0.12468649141212021, 1.1195710452877712, -0.7765069728605167, 0.2645953685294378]",24.465346465877335,0.5058470019281496
"[0.12478495819028271, 1.119540799255951, -0.776468010093129, 0.26460596387023094]",24.46488481530825,0.5064753832970044
"[0.12488330103943002, 1.1195105584001783, -0.7764291044197135, 0.2646165266884285]",24.464423153262537,0.5071037646658593
"[0.12498151979285534, 1.1194803228918935, -0.7763902558766546, 0.26462705703685935]",24.46396148038678,0.5077321460347141
"[0.12507961588673297, 1.1194500924084185, -0.7763514638665171, 0.2646375551397959]",24.46349980135342,0.5083605274035689
"[0.12517758919123362, 1.119419867108368, -0.7763127284114651, 0.2646480210531494]",24.463038110252338,0.5089889087724236
"[0.1252754406386805, 1.119389646822208, -0.7762740491138373, 0.26465845494601625]",24.462576414037887,0.5096172901412785
"[0.12537316903381626, 1.1193594320371703, -0.776235426417054, 0.26466885676043916]",24.462114707960385,0.5102456715101333
"[0.12547077591126576, 1.1193292223965594, -0.7761968596856589, 0.2646792267290569]",24.46165299681591,0.5108740528789882
"[0.1255682613400483, 1.1192990179959048, -0.7761583488636292, 0.2646895649279823]",24.46119127950792,0.511502434247843
"[0.12566562596838013, 1.1192688187506925, -0.7761198936662841, 0.26469987149440644]",24.460729558032277,0.5121308156166979
"[0.12576286852546623, 1.1192386251716389, -0.7760814945668723, 0.2647101463623846]",24.460267829369936,0.5127591969855527
"[0.12585999091953318, 1.1192084367823358, -0.7760431507833259, 0.26472038980184204]",24.45980609771725,0.5133875783544076
"[0.1259569918473308, 1.1191782541035367, -0.7760048628017238, 0.26473060174337054]",24.459344360988617,0.5140159597232624
"[0.12605387249160774, 1.1191480768828148, -0.7759666301267911, 0.26474078237948295]",24.458882620213043,0.5146443410921173
"[0.12615063277491817, 1.1191179052592055, -0.7759284527608378, 0.2647509317696337]",24.45842087678864,0.5152727224609721
"[0.12624727423979445, 1.1190877388658051, -0.7758903300671973, 0.26476105014272755]",24.457959134278312,0.515901103829827
"[0.12634379532946874, 1.119057578302483, -0.7758522626319688, 0.2647711374027784]",24.457497386795144,0.5165294851986818
"[0.1264401977015234, 1.1190274231650608, -0.7758142497734393, 0.264781193789932]",24.457035637661036,0.5171578665675367
"[0.1265364796279081, 1.1189972741077585, -0.7757762921450603, 0.26479121919077325]",24.45657388796007,0.5177862479363915
"[0.12663264271789165, 1.1189671307402729, -0.7757383890844778, 0.2648012138396744]",24.456112140294213,0.5184146293052464
"[0.12672868771080667, 1.1189369929431794, -0.7757005402726702, 0.26481117787953007]",24.455650391934768,0.5190430106741012
"[0.12682461469597023, 1.1189068608002515, -0.775662745646962, 0.2648211113853448]",24.455188645499295,0.5196713920429561
"[0.12692042351580904, 1.118876734472696, -0.775625005241981, 0.2648310144064827]",24.45472690010704,0.5202997734118109
"[0.12701611416187983, 1.1188466140748359, -0.7755873190336101, 0.2648408870077225]",24.454265157749074,0.5209281547806658
"[0.12711168733908418, 1.118816499495989, -0.7755496867169094, 0.26485072932716264]",24.45380341534682,0.5215565361495206
"[0.127207142532429, 1.1187863910094173, -0.7755121084673855, 0.2648605413770131]",24.453341679651263,0.5221849175183755
"[0.12730248095272992, 1.1187562883437303, -0.7754745837812144, 0.264870323346705]",24.452879946776513,0.5228132988872303
"[0.12739770302974046, 1.118726191472839, -0.7754371124623167, 0.2648800753447588]",24.452418216447715,0.5234416802560852
"[0.1274928077900559, 1.1186961008141592, -0.7753996948667767, 0.26488979733599227]",24.451956492769657,0.52407006162494
"[0.12758779556270733, 1.1186660163735282, -0.7753623308381326, 0.2648994894186523]",24.451494772923795,0.5246984429937949
"[0.12768266866000014, 1.118635937527132, -0.77532501944016, 0.26490915189246467]",24.451033060965354,0.5253268243626497
"[0.1277774251265149, 1.1186058650031658, -0.7752877614152898, 0.26491878462188967]",24.450571354910203,0.5259552057315046
"[0.1278720660640448, 1.1185757985605118, -0.7752505563036342, 0.26492838778272104]",24.450109655537446,0.5265835871003594
"[0.127966590174491, 1.1185457387200692, -0.7752134045888481, 0.26493796130699826]",24.449647960831022,0.5272119684692143
"[0.128061000528859, 1.118515684612756, -0.7751763050374925, 0.2649475055689419]",24.449186277383063,0.527840349838069
"[0.1281552955552624, 1.1184856368456926, -0.7751392582410412, 0.264957020472356]",24.44872460247025,0.528468731206924
"[0.12824947543402643, 1.118455595468641, -0.7751022641023153, 0.26496650609843103]",24.448262933691044,0.5290971125757787
"[0.12834354258206532, 1.1184255598165553, -0.7750653216459368, 0.26497596275280944]",24.447801280329635,0.5297254939446336
"[0.12843749368217197, 1.1183955310548348, -0.7750284321485704, 0.26498539016440437]",24.447339632449534,0.5303538753134884
"[0.12853133128169436, 1.1183655084757436, -0.7749915945838716, 0.26499478865135423]",24.446877996550082,0.5309822566823433
"[0.12862505557309697, 1.118335492122746, -0.7749548088504925, 0.2650041582946374]",24.446416372216863,0.5316106380511981
"[0.12871866569153276, 1.1183054823780725, -0.7749180752620327, 0.2650134990696147]",24.445954758988208,0.5322390194200529
"[0.12881216292005662, 1.1182754789353027, -0.7748813932892529, 0.26502281116592635]",24.445493158236793,0.5328674007889078
"[0.1289055477202485, 1.1182454817503011, -0.7748447627255297, 0.2650320946906178]",24.44503157177545,0.5334957821577626
"[0.1289988183840421, 1.1182154914761993, -0.7748081842152139, 0.2650413495352331]",24.444569997124646,0.5341241635266175
"[0.1290919780759258, 1.1181855071991407, -0.7747716564918234, 0.2650505760746411]",24.444108437014133,0.5347525448954723
"[0.12918502553838887, 1.118155529426504, -0.7747351800232309, 0.26505977424456933]",24.443646890311392,0.5353809262643272
"[0.12927796009579526, 1.1181255584794023, -0.7746987550489085, 0.2650689440389634]",24.443185360207746,0.536009307633182
"[0.12937078251990136, 1.1180955942122504, -0.774662381241017, 0.2650780855946226]",24.44272384397217,0.5366376890020368
"[0.1294634942572175, 1.1180656362602066, -0.7746260580076588, 0.26508719911395723]",24.44226234499269,0.5372660703708917
"[0.12955609432560256, 1.1180356850424316, -0.7745897857086386, 0.2650962845601899]",24.441800861537423,0.5378944517397465
"[0.1296485832213561, 1.1180057405003125, -0.77455356412454, 0.2651053420418437]",24.44133939547262,0.5385228331086014
"[0.12974096094406962, 1.1179758027355566, -0.774517393230596, 0.26511437161850415]",24.4408779454371,0.5391512144774562
"[0.12983322848251685, 1.117945871528717, -0.7744812726148645, 0.26512337344610415]",24.44041651483875,0.5397795958463111
"[0.12992538452409017, 1.1179159474066414, -0.7744452027664069, 0.26513234745589037]",24.439955101672812,0.5404079772151659
"[0.13001743287006673, 1.11788602923477, -0.7744091821729266, 0.26514129407657994]",24.439493710225214,0.5410363585840208
"[0.130109369378047, 1.1178561184593137, -0.7743732124309451, 0.2651502129641387]",24.439032335093458,0.5416647399528756
"[0.1302011966086266, 1.1178262143476547, -0.7743372925139964, 0.26515910442592366]",24.43857098140609,0.5422931213217305
"[0.13029291519681885, 1.1177963167918397, -0.774301422149433, 0.26516796858142994]",24.438109647448222,0.5429215026905853
"[0.1303845230811858, 1.1177664265632596, -0.7742656021190748, 0.2651768052897712]",24.437648335557473,0.5435498840594402
"[0.13047602216964146, 1.1177365431387563, -0.7742298316525239, 0.2651856147932935]",24.437187044805057,0.544178265428295
"[0.13056741422554186, 1.117706666039986, -0.7741941100364836, 0.265194397319023]",24.4367257754101,0.5448066467971499
"[0.13065869681293218, 1.1176767961610419, -0.774158438199096, 0.26520315269022765]",24.436264528653062,0.5454350281660046
"[0.13074987112640682, 1.1176469332092733, -0.7741228156494335, 0.26521188107912813]",24.435803306310174,0.5460634095348595
"[0.13084093825743412, 1.1176170769242384, -0.7740872419372455, 0.2652205826471565]",24.435342108274707,0.5466917909037143
"[0.13093189615955064, 1.1175872280743233, -0.7740517178380429, 0.26522925725593904]",24.434880930072858,0.5473201722725692
"[0.13102274658306462, 1.1175573861825667, -0.7740162426443411, 0.26523790512955103]",24.434419779328135,0.547948553641424
"[0.13111349031022418, 1.1175275510882015, -0.7739808160271009, 0.2652465263988722]",24.433958653093345,0.5485769350102789
"[0.13120412757754654, 1.1174977228090506, -0.773945437870545, 0.26525512114244393]",24.433497555535837,0.5492053163791337
"[0.13129465742192264, 1.1174679017579061, -0.7739101085270984, 0.26526368932515076]",24.433036478708,0.5498336977479886
"[0.1313850805394552, 1.117438087801327, -0.7738748277016013, 0.26527223106909664]",24.43257543055626,0.5504620791168434
"[0.13147539775320072, 1.1174082807629924, -0.7738395950496106, 0.2652807465077793]",24.432114411066262,0.5510904604856983
"[0.1315656080020389, 1.1173784810881637, -0.773804410961759, 0.2652892355969023]",24.43165341716605,0.5517188418545531
"[0.13165571262376166, 1.1173486884297605, -0.7737692748930244, 0.2652976985179726]",24.431192451580785,0.552347223223408
"[0.13174571152546766, 1.1173189029126651, -0.7737341868565468, 0.26530613531748337]",24.430731514055637,0.5529756045922628
"[0.13183560512689313, 1.11728912449188, -0.7736991466656584, 0.26531454608985205]",24.4302706065985,0.5536039859611177
"[0.13192539335263792, 1.117259353286043, -0.7736641543267894, 0.26532293088294173]",24.429809727797906,0.5542323673299725
"[0.13201507717450303, 1.1172295890660666, -0.7736292094383783, 0.26533128984211074]",24.42934888046245,0.5548607486988274
"[0.13210465488047, 1.1171998324935828, -0.7735943126445965, 0.26533962286257495]",24.42888806124578,0.5554891300676822
"[0.1321941292846625, 1.1171700827265176, -0.7735594628264151, 0.26534793026049414]",24.428427274808808,0.556117511436537
"[0.13228349827090558, 1.117140340560874, -0.773524660785428, 0.2653562118935475]",24.427966517548473,0.5567458928053919
"[0.13237276389299396, 1.1171106054054816, -0.7734899056992148, 0.26536446800618324]",24.427505794528376,0.5573742741742467
"[0.1324619261108909, 1.1170808773649432, -0.7734551975609961, 0.2653726986482007]",24.427045103332574,0.5580026555431016
"[0.13255098431346793, 1.1170511567345258, -0.7734205365862385, 0.2653809038168235]",24.42658444463567,0.5586310369119564
"[0.13263993880685268, 1.1170214435036134, -0.773385922633364, 0.26538908359391206]",24.426123818647238,0.5592594182808113
"[0.1327287910440408, 1.1169917372775144, -0.773351355114769, 0.2653972381662072]",24.425663229892894,0.5598877996496661
"[0.1328175388052906, 1.1169620388892596, -0.7733168348717581, 0.2654053673832605]",24.42520267182541,0.560516181018521
"[0.13290618483698274, 1.1169323475103967, -0.7732823608138722, 0.2654134715497278]",24.42474214807082,0.5611445623873758
"[0.13299472761791012, 1.116902663740338, -0.773247933510676, 0.2654215505792201]",24.424281659280208,0.5617729437562307
"[0.13308316939788808, 1.1168729869143732, -0.7732135520654542, 0.26542960472948696]",24.42382120909377,0.5624013251250854
"[0.13317150798186586, 1.1168433178584098, -0.7731792173096342, 0.2654376338529919]",24.42336079432423,0.5630297064939404
"[0.13325974598403484, 1.116813655783569, -0.7731449282053185, 0.26544563823955575]",24.42290041504089,0.5636580878627951
"[0.13334788043410756, 1.116784001777521, -0.773110685884907, 0.26545361767198256]",24.422440071662454,0.56428646923165
"[0.13343591467788915, 1.1167543548034382, -0.7730764890266927, 0.265461572505285]",24.421979767046757,0.5649148506005048
"[0.13352384799661945, 1.1167247151910125, -0.773042337888409, 0.26546950272586123]",24.42151950146851,0.5655432319693597
"[0.13361167966125062, 1.1166950832741844, -0.7730082327315939, 0.2654774083196346]",24.42105927384591,0.5661716133382145
"[0.13369941047855677, 1.1166654588688534, -0.7729741732213995, 0.2654852894108198]",24.42059908438459,0.5667999947070694
"[0.1337870423789308, 1.1166358414099287, -0.7729401585871446, 0.2654931462236509]",24.420138937863594,0.5674283760759242
"[0.13387457313058093, 1.1166062317385042, -0.7729061896738466, 0.26550097860888]",24.41967882826675,0.5680567574447791
"[0.1339620037385327, 1.1165766296018877, -0.7728722660700954, 0.26550878670756267]",24.419218758916998,0.5686851388136339
"[0.13404933369520325, 1.1165470352588829, -0.7728383879515429, 0.2655165705252934]",24.41875872830721,0.5693135201824888
"[0.13413656557170583, 1.1165174479241424, -0.7728045542997202, 0.26552433034158057]",24.418298743330606,0.5699419015513436
"[0.13422369737072723, 1.1164878683607133, -0.7727707658683401, 0.26553206602888424]",24.41783879853341,0.5705702829201985
"[0.13431072940258715, 1.1164582965495322, -0.7727370225159345, 0.2655397776652841]",24.41737889365376,0.5711986642890533
"[0.13439766332309905, 1.1164287320132755, -0.7727033235796398, 0.26554746544744506]",24.41691903384489,0.5718270456579082
"[0.13448449968906226, 1.1163991746468505, -0.7726696688229832, 0.2655551294739527]",24.41645921862339,0.572455427026763
"[0.13457123563215195, 1.1163696255117244, -0.77263605933678, 0.2655627695415137]",24.415999444219928,0.5730838083956179
"[0.13465787355512845, 1.1163400838746613, -0.7726024941690847, 0.26557038591173554]",24.415539713674768,0.5737121897644727
"[0.13474441445583435, 1.1163105494791077, -0.7725689729128229, 0.26557797872134414]",24.415080031094206,0.5743405711333276
"[0.13483085599820457, 1.116281023206544, -0.7725354964522355, 0.2655855478146993]",24.41462038848274,0.5749689525021824
"[0.13491720036807525, 1.1162515043945584, -0.7725020639201887, 0.26559309343250287]",24.41416079266656,0.5755973338710373
"[0.1350034478782268, 1.1162219930191928, -0.7724686751752616, 0.26560061565066784]",24.4137012442116,0.5762257152398921
"[0.13508959810187465, 1.1161924893094763, -0.7724353303623551, 0.2656081144805592]",24.413241741817885,0.576854096608747
"[0.13517565164769282, 1.1161629931397707, -0.7724020292256063, 0.26561559002363744]",24.412782285887726,0.5774824779776018
"[0.13526160827125608, 1.1161335046764393, -0.772368771839387, 0.2656230423070111]",24.412322879169082,0.5781108593464567
"[0.1353474682959239, 1.1161040238909987, -0.7723355580584047, 0.2656304714069766]",24.41186351758109,0.5787392407153114
"[0.13543323172656244, 1.1160745508640084, -0.7723023878606486, 0.26563787737208516]",24.411404204318107,0.5793676220841663
"[0.13551889949868023, 1.1160450853557478, -0.7722692608642823, 0.26564526033098207]",24.410944939210385,0.579996003453021
"[0.13560447057179983, 1.1160156278057554, -0.7722361774516614, 0.26565262024179526]",24.41048572247145,0.580624384821876
"[0.1356899474372957, 1.1159861774373825, -0.7722031366397484, 0.26565995736621206]",24.410026558903958,0.5812527661907307
"[0.13577532766562758, 1.1159567351685855, -0.7721701393478799, 0.26566727154301817]",24.409567441893433,0.5818811475595856
"[0.13586061256580081, 1.1159273006292687, -0.7721371850502616, 0.2656745629319257]",24.409108374585266,0.5825095289284404
"[0.13594580416430674, 1.1158978731997697, -0.7721042729443376, 0.2656818317528562]",24.40864936135834,0.5831379102972953
"[0.13603089908510063, 1.115868454126518, -0.7720714043147359, 0.2656890777647168]",24.408190397364624,0.5837662916661501
"[0.13611589986057163, 1.1158390426146108, -0.7720385781635769, 0.265696301230302]",24.4077314830104,0.584394673035005
"[0.13620080675183474, 1.1158096386529133, -0.7720057943706384, 0.26570350221815403]",24.407272624028643,0.5850230544038598
"[0.13628561966800487, 1.115780242352003, -0.7719730529516563, 0.2657106807668489]",24.40681381715183,0.5856514357727147
"[0.13637033714737162, 1.1157508542982701, -0.7719403544513952, 0.26571783679932925]",24.406355061226765,0.5862798171415695
"[0.1364549628660207, 1.1157214732951102, -0.7719076974317607, 0.265724970672104]",24.405896360821934,0.5869081985104244
"[0.13653949322319126, 1.1156921006712361, -0.7718750832630584, 0.26573208212759936]",24.40543771166293,0.5875365798792792
"[0.1366239307956834, 1.1156627356101911, -0.7718425109317764, 0.2657391714287709]",24.404979116596138,0.5881649612481341
"[0.1367082762282293, 1.115633377965194, -0.7718099801702591, 0.26574623867505237]",24.4045205790741,0.5887933426169889
"[0.13679252876268705, 1.1156040280775652, -0.7717774912519654, 0.26575328384821845]",24.40406209644411,0.5894217239858438
"[0.13687668793517158, 1.1155746861867533, -0.7717450443367306, 0.2657603069550163]",24.40360366762295,0.5900501053546986
"[0.13696075462521243, 1.1155453520637904, -0.7717126390664556, 0.265767308114276]",24.403145295438748,0.5906784867235535
"[0.1370447294394629, 1.1155160255738588, -0.7716802751884901, 0.2657742874214797]",24.402686978547756,0.5913068680924083
"[0.1371286110987393, 1.1154867072408254, -0.7716479531769626, 0.2657812448154263]",24.402228718970942,0.5919352494612632
"[0.13721240258362008, 1.1154573960992356, -0.7716156718647025, 0.26578818058796777]",24.401770516488916,0.592563630830118
"[0.1372961019338826, 1.115428092910596, -0.7715834319883598, 0.26579509462118045]",24.401312372631146,0.5931920121989729
"[0.13737970923239315, 1.1153987977224449, -0.7715512334972924, 0.26580198696667323]",24.40085428753759,0.5938203935678277
"[0.137463225810854, 1.115369510144023, -0.7715190758600872, 0.26580885777858676]",24.400396258517254,0.5944487749366826
"[0.1375466512680545, 1.1153402303914168, -0.7714869592127895, 0.265815707067999]",24.399938289376752,0.5950771563055374
"[0.1376299859010082, 1.115310958435726, -0.7714548834226312, 0.26582253490335045]",24.399480379272916,0.5957055376743923
"[0.1377132303171058, 1.1152816941385575, -0.7714228482374925, 0.2658293413782332]",24.399022530171237,0.5963339190432471
"[0.137796383811764, 1.115252437822423, -0.7713908539102242, 0.2658361264787837]",24.398564739551965,0.596962300412102
"[0.1378794473796977, 1.115223189212047, -0.77135890003983, 0.26584289032984176]",24.39810701154019,0.5975906817809568
"[0.13796242077971368, 1.1151939484666435, -0.7713269867009289, 0.26584963295519676]",24.397649342731853,0.5982190631498117
"[0.13804530511869423, 1.115164715269972, -0.771295113449736, 0.2658563544879646]",24.39719173644001,0.5988474445186664
"[0.13812809980554833, 1.1151354899040853, -0.7712632804955636, 0.2658630549232234]",24.396734191375025,0.5994758258875214
"[0.13821080512428552, 1.1151062723423282, -0.7712314877112211, 0.26586973432698047]",24.396276709606724,0.6001042072563761
"[0.13829342069753278, 1.1150770627916224, -0.7711997352237767, 0.2658763927117843]",24.395819288862775,0.600732588625231
"[0.13837594693098473, 1.1150478611820283, -0.7711680228593363, 0.2658830301532932]",24.395361929773337,0.6013609699940858
"[0.13845838645400765, 1.115018666655327, -0.7711363495898657, 0.26588964690516975]",24.394904638381483,0.6019893513629407
"[0.13854073587453503, 1.114989480485135, -0.7711047167009034, 0.2658962427374647]",24.394447408631486,0.6026177327317954
"[0.13862299703915462, 1.1149603020900012, -0.7710731234652692, 0.26590281784075404]",24.39399024354606,0.6032461141006503
"[0.13870516988767756, 1.1149311315634416, -0.7710415698884361, 0.26590937225240435]",24.39353314277583,0.6038744954695051
"[0.13878725617795956, 1.1149019683528165, -0.7710100552779542, 0.2659159061543484]",24.393076108293656,0.60450287683836
"[0.13886925281260082, 1.1148728136304278, -0.7709785808054098, 0.26592241934204136]",24.392619136268312,0.6051312582072148
"[0.13895116384952694, 1.1148436660248526, -0.7709471448957079, 0.26592891217954734]",24.39216223248469,0.6057596395760697
"[0.13903298677467898, 1.1148145265014682, -0.7709157484963967, 0.2659353845089358]",24.39170539598655,0.6063880209449245
"[0.13911472304682057, 1.1147853946117434, -0.7708843910303858, 0.26594183648707426]",24.391248625789892,0.6070164023137794
"[0.13919637207939956, 1.1147562706354108, -0.7708530727054249, 0.26594826810896044]",24.390791920483203,0.6076447836826342
"[0.13927793445467032, 1.1147271544353623, -0.7708217932809253, 0.26595467946169965]",24.390335285934185,0.6082731650514891
"[0.13935941014125922, 1.114698046093076, -0.7707905527517417, 0.26596107058388824]",24.38987871897396,0.6089015464203439
"[0.1394408005204323, 1.1146689451847265, -0.7707593505712272, 0.2659674416245708]",24.389422217601833,0.6095299277891988
"[0.13952210368061024, 1.1146398524636052, -0.770728187455151, 0.2659737924749009]",24.388965785713214,0.6101583091580536
"[0.1396033213144955, 1.1146107673938457, -0.7706970627376415, 0.26598012330789844]",24.388509424964695,0.6107866905269085
"[0.13968445364952842, 1.114581689962965, -0.7706659763146838, 0.2659864341815828]",24.38805313299861,0.6114150718957633
"[0.13976549962166482, 1.114552620621571, -0.7706349285770474, 0.26599272505364757]",24.387596910904115,0.6120434532646182
"[0.139846461769483, 1.1145235585277067, -0.7706039185354763, 0.2659989961611986]",24.38714075824709,0.612671834633473
"[0.13992733775999489, 1.1144945045872447, -0.7705729470668286, 0.2660052473634995]",24.386684677525782,0.6133002160023279
"[0.14000812904289603, 1.1144654583481346, -0.7705420135991459, 0.26601147881275355]",24.386228666636786,0.6139285973711827
"[0.14008883582594833, 1.1144364198036554, -0.7705111180362713, 0.2660176905646901]",24.385772727687538,0.6145569787400376
"[0.14016945863277855, 1.1144073888330335, -0.7704802601612281, 0.266023882699112]",24.385316862814314,0.6151853601088924
"[0.14024999536822227, 1.1143783662588798, -0.7704494407592701, 0.2660300550949213]",24.384861065761143,0.6158137414777473
"[0.1403304495396188, 1.1143493508849034, -0.7704186584717004, 0.26603620806041955]",24.38440534428571,0.616442122846602
"[0.1404108195919765, 1.1143203433384983, -0.7703879138772004, 0.2660423415155809]",24.38394969658665,0.617070504215457
"[0.14049110595777523, 1.1142913435307553, -0.770357206793914, 0.2660484555326429]",24.38349412074746,0.6176988855843117
"[0.14057130834007356, 1.1142623516358443, -0.7703265373190656, 0.26605455012807017]",24.383038617818553,0.6183272669531666
"[0.14065142922316867, 1.1142333668217566, -0.7702959044865272, 0.266060625529203]",24.382583193171982,0.6189556483220214
"[0.14073146449986323, 1.1142043906409542, -0.7702653098503373, 0.2660666814635063]",24.38212783882871,0.6195840296908763
"[0.1408114182255084, 1.1141754216918187, -0.770234751844011, 0.26607271827671547]",24.381672562815776,0.6202124110597311
"[0.1408912891256289, 1.1141464605014904, -0.7702042309386798, 0.26607873591077363]",24.381217358943832,0.620840792428586
"[0.14097107797849778, 1.1141175068532914, -0.770173746820937, 0.26608473446257713]",24.380762233563374,0.6214691737974408
"[0.14105078407545715, 1.1140885610697988, -0.7701432997455528, 0.2660907139170459]",24.380307183578406,0.6220975551662957
"[0.14113040823328396, 1.1140596229197763, -0.7701128893845537, 0.2660966743736251]",24.379852210994578,0.6227259365351505
"[0.1412099498054901, 1.1140306927033454, -0.7700825159689323, 0.26610261582196626]",24.37939731351959,0.6233543179040054
"[0.14128941106225684, 1.1140017696593028, -0.7700521786160546, 0.2661085384692928]",24.378942495761322,0.6239826992728602
"[0.14136878927868257, 1.1139728548441015, -0.7700218783504726, 0.26611444215022745]",24.378487752567327,0.6246110806417151
"[0.14144808776142023, 1.1139439471175336, -0.7699916138942678, 0.26612032714823364]",24.37803308993916,0.6252394620105699
"[0.14152730341301092, 1.1139150476729716, -0.7699613864139081, 0.2661261932709229]",24.377578503796496,0.6258678433794248
"[0.14160643958499713, 1.1138861553516957, -0.7699311946148687, 0.26613204080383934]",24.377123998640048,0.6264962247482795
"[0.14168549437456848, 1.113857270911765, -0.7699010392076333, 0.2661378696433595]",24.376669571774876,0.6271246061171344
"[0.14176446807007345, 1.1138283943117828, -0.7698709200665925, 0.26614367984807596]",24.376215223760642,0.6277529874859892
"[0.14184336192698968, 1.1137995251560535, -0.7698408366974524, 0.2661494715473383]",24.375760956501228,0.6283813688548441
"[0.141922176091269, 1.1137706634537285, -0.7698107890292851, 0.2661552447883786]",24.375306770076563,0.6290097502236989
"[0.14200090922450917, 1.1137418097580478, -0.7697807775569387, 0.2661609995099944]",24.374852661945237,0.6296381315925538
"[0.14207956316023826, 1.1137129634598972, -0.769750801566168, 0.2661667358828671]",24.37439863792425,0.6302665129614086
"[0.1421581369896326, 1.113684124955009, -0.7697208613880937, 0.2661724538771436]",24.373944691708875,0.6308948943302635
"[0.14223663319067922, 1.1136552933955348, -0.769690956063444, 0.2661781537091246]",24.373490832652678,0.6315232756991183
"[0.14231504804044176, 1.1136264702111958, -0.7696610869953617, 0.26618383514482385]",24.373037050192192,0.6321516570679732
"[0.14239338529672302, 1.113597654082698, -0.7696312527373314, 0.2661894984926743]",24.37258335341018,0.632780038436828
"[0.14247164255218409, 1.1135688459570912, -0.769601454191152, 0.2661951436145356]",24.372129737779826,0.6334084198056829
"[0.14254982169670963, 1.1135400452003377, -0.7695716906221424, 0.26620077068271875]",24.371676206569802,0.6340368011745376
"[0.14262792267335322, 1.1135112518942765, -0.7695419620371231, 0.26620637972863614]",24.371222759866498,0.6346651825433925
"[0.1427059459001873, 1.1134824659453855, -0.7695122682621638, 0.2662119708176786]",24.370769398068607,0.6352935639122473
"[0.14278389048153928, 1.1134536877449428, -0.7694826096232839, 0.26621754392115266]",24.37031611826791,0.6359219452811022
"[0.1428617570665054, 1.1134249171141186, -0.7694529858586476, 0.2662230991209567]",24.36986292257324,0.636550326649957
"[0.14293954608560305, 1.1133961539542037, -0.7694233967897326, 0.2662286364830206]",24.36940981393604,0.6371787080188119
"[0.14301725750991623, 1.1133673983360317, -0.7693938424128565, 0.26623415604037287]",24.368956789808898,0.6378070893876667
"[0.14309489213521948, 1.1133386500249183, -0.7693643224107864, 0.2662396578844085]",24.368503853770896,0.6384354707565216
"[0.1431724484772104, 1.1133099096305035, -0.7693348373332721, 0.2662451419449379]",24.368050999370272,0.6390638521253764
"[0.14324992917831678, 1.1132811762331, -0.7693053861611935, 0.26625060844353426]",24.367598234638013,0.6396922334942313
"[0.14332733217011018, 1.1132524506589432, -0.7692759696663394, 0.2662560572687794]",24.367145555425292,0.6403206148630861
"[0.14340465913913697, 1.1132237323414564, -0.7692465871932673, 0.26626148857400556]",24.366692965374124,0.640948996231941
"[0.14348190875597655, 1.113195021833491, -0.7692172392326966, 0.266266902300321]",24.366240459608047,0.6415773776007958
"[0.1435590838425392, 1.1131663181447295, -0.7691879246982817, 0.2662722986795938]",24.365788047308456,0.6422057589696507
"[0.14363618123835184, 1.1131376225092007, -0.76915864477622, 0.2662776775249841]",24.36533571807187,0.6428341403385055
"[0.14371320386504263, 1.1131089338980835, -0.7691293983426357, 0.266283039074508]",24.364883478995573,0.6434625217073604
"[0.1437901498584012, 1.1130802530638746, -0.7691001860912052, 0.26628838323230264]",24.364431327912502,0.6440909030762152
"[0.14386702212214098, 1.1130515789819078, -0.7690710069054715, 0.26629371023367204]",24.363979268998552,0.6447192844450701
"[0.14394381796205816, 1.1130229127146816, -0.7690418617940604, 0.2662990199254707]",24.3635272981784,0.6453476658139249
"[0.14402053945590176, 1.1129942535443549, -0.7690127499543463, 0.2663043124850266]",24.363075418658724,0.6459760471827798
"[0.14409718615273504, 1.112965601696408, -0.7689836715435183, 0.2663095879144928]",24.36262363071001,0.6466044285516346
"[0.14417375638272928, 1.1129369578529011, -0.7689546271809631, 0.26631484613267126]",24.362171928848248,0.6472328099204895
"[0.1442502535487542, 1.1129083207979618, -0.7689256155619836, 0.26632008740653557]",24.361720320890367,0.6478611912893443
"[0.1443266759339003, 1.1128796912307068, -0.7688966373239606, 0.2663253116513293]",24.361268804763764,0.6484895726581992
"[0.14440302463996507, 1.1128510687949518, -0.768867692035305, 0.2663305189753589]",24.360817380002846,0.649117954027054
"[0.14447929881269894, 1.1128224538673694, -0.7688387800061127, 0.26633570935325984]",24.36036604718884,0.6497463353959088
"[0.144555499275693, 1.1127938461954319, -0.7688099009104228, 0.26634088287398777]",24.359914805935517,0.6503747167647637
"[0.1446316269437108, 1.1127652454913268, -0.7687810543879833, 0.26634603963207765]",24.35946365955035,0.6510030981336185
"[0.14470768103635914, 1.1127366521038233, -0.7687522407209415, 0.26635117960707066]",24.359012607485496,0.6516314795024734
"[0.1447836606498056, 1.1127080664289224, -0.7687234602380111, 0.2663563027706442]",24.35856164550327,0.6522598608713281
"[0.14485956852416307, 1.1126794874911183, -0.7686947118877421, 0.2663614093398584]",24.358110779873375,0.652888242240183
"[0.14493540232879745, 1.1126509162231337, -0.7686659965393278, 0.2663664991901324]",24.357660005397566,0.6535166236090378
"[0.14501116415694684, 1.112622351891537, -0.768637313386669, 0.2663715724941525]",24.357209328609237,0.6541450049778927
"[0.1450868545677114, 1.1125937943396993, -0.7686086622048781, 0.2663766293209364]",24.356758747558825,0.6547733863467475
"[0.14516247084478834, 1.112565244647456, -0.7685800440087449, 0.266381669521064]",24.35630825990228,0.6554017677156024
"[0.1452380157656433, 1.1125367018210472, -0.7685514577337003, 0.266386693311668]",24.35585786745643,0.6560301490844572
"[0.1453134889647028, 1.112508166052506, -0.7685229035049275, 0.2663917006998624]",24.355407571208442,0.6566585304533121
"[0.1453888887347662, 1.112479638041996, -0.7684943819549814, 0.26639669160425383]",24.35495736970787,0.6572869118221669
"[0.14546421800673534, 1.112451116734769, -0.768465891961971, 0.2664016662504235]",24.354507265969215,0.6579152931910218
"[0.14553947707138298, 1.1124226020735606, -0.7684374334030395, 0.26640662468836696]",24.35405726133824,0.6585436745598766
"[0.14561466316937857, 1.1123940951576246, -0.7684090073084847, 0.2664115667676295]",24.353607351251274,0.6591720559287315
"[0.14568977880985048, 1.1123655950894615, -0.768380612716533, 0.26641649268451745]",24.353157540340145,0.6598004372975863
"[0.14576482349641928, 1.1123371021104074, -0.7683522498018936, 0.26642140243736845]",24.35270782662951,0.6604288186664412
"[0.1458397977084139, 1.1123086160914337, -0.7683239183704882, 0.2664262960884086]",24.35225821173139,0.661057200035296
"[0.14591470180655602, 1.1122801369480806, -0.768295618273179, 0.2664311736918329]",24.351808696133062,0.6616855814041508
"[0.14598953464777306, 1.112251665167818, -0.7682673499289461, 0.2664360352040127]",24.351359279308873,0.6623139627730057
"[0.14606429755645703, 1.1122232002995007, -0.7682391128246319, 0.26644088074172506]",24.350909959474652,0.6629423441418605
"[0.146138990432118, 1.1121947424336207, -0.7682109069854519, 0.26644571032889286]",24.350460740015986,0.6635707255107154
"[0.14621361326198679, 1.1121662916272734, -0.7681827324034902, 0.2664505239951251]",24.350011622400245,0.6641991068795702
"[0.14628816746907933, 1.1121378473895578, -0.7681545885288811, 0.26645532186230597]",24.349562603522052,0.6648274882484251
"[0.1463626509366594, 1.112109410579931, -0.7681264761480326, 0.2664601038244384]",24.34911368493761,0.6654558696172799
"[0.14643706525420125, 1.112080980643596, -0.7680983946483365, 0.2664648700138912]",24.348664866390518,0.6660842509861348
"[0.14651141071744403, 1.1120525575188254, -0.7680703439056917, 0.26646962047947215]",24.34821614994487,0.6667126323549896
"[0.14658568722669124, 1.1120241412948835, -0.7680423239452412, 0.26647435524461127]",24.347767536233384,0.6673410137238445
"[0.14665989563147988, 1.1119957316975675, -0.7680143344341183, 0.2664790743930645]",24.347319024632668,0.6679693950926993
"[0.1467340342128205, 1.111967329436094, -0.7679863760082156, 0.2664837778453]",24.34687061320049,0.6685977764615542
"[0.14680810584036702, 1.111938933461726, -0.7679584475730146, 0.26648846581286206]",24.346422306416514,0.669226157830409
"[0.14688210816526118, 1.1119105447253101, -0.7679305500018576, 0.26649313817644954]",24.345974100095255,0.6698545391992639
"[0.1469560425936777, 1.1118821627381255, -0.7679026827522754, 0.2664977950543877]",24.345525997917083,0.6704829205681186
"[0.14702990837344893, 1.111853787839343, -0.767874846095479, 0.2665024364286758]",24.34507799762392,0.6711113019369735
"[0.1471037069481055, 1.1118254195245594, -0.7678470394752487, 0.26650706241921135]",24.344630103830035,0.6717396833058283
"[0.14717743898612057, 1.1117970575860536, -0.7678192626277058, 0.2665116730965815]",24.34418231499349,0.6723680646746832
"[0.1472511025313167, 1.1117687028260612, -0.7677915162776608, 0.26651626836744835]",24.343734627428745,0.672996446043538
"[0.1473246991910495, 1.1117403546756541, -0.7677637998075474, 0.2665208483610767]",24.343287045929458,0.6736248274123928
"[0.14739822915465028, 1.1117120131110052, -0.7677361131340936, 0.2665254131178476]",24.3428395696372,0.6742532087812477
"[0.14747169171025476, 1.1116836784557511, -0.7677084565133346, 0.26652996262225503]",24.34239219820051,0.6748815901501025
"[0.1475450874445612, 1.1116553505328743, -0.7676808297123835, 0.2665344969393296]",24.341944933243933,0.6755099715189574
"[0.14761841791840352, 1.1116270287883405, -0.7676532321319337, 0.26653901619368087]",24.34149777507762,0.6761383528878122
"[0.1476916800970854, 1.1115987144431567, -0.7676256649021477, 0.26654352022678796]",24.34105071987761,0.6767667342566671
"[0.1477648766701813, 1.1115704065068814, -0.7675981269990371, 0.26654800923255123]",24.340603773075497,0.6773951156255219
"[0.1478380085808132, 1.1115421046623697, -0.7675706180561805, 0.26655248329653025]",24.340156934871022,0.6780234969943768
"[0.1479110731484947, 1.111513809995181, -0.7675431390701049, 0.26655694228281795]",24.33971020306686,0.6786518783632316
"[0.14798407238345176, 1.1114855217753108, -0.7675156892729654, 0.2665613863423165]",24.339263576629964,0.6792802597320865
"[0.14805700681437975, 1.1114572398453069, -0.7674882684544003, 0.2665658155348297]",24.33881705987092,0.6799086411009413
"[0.14812987538398517, 1.1114289646627646, -0.7674608770003113, 0.2665702298238704]",24.33837064981679,0.6805370224697962
"[0.14820267939293524, 1.1114006957704794, -0.7674335144102005, 0.26657462931588577]",24.337924351487093,0.681165403838651
"[0.14827541717885198, 1.111372433861502, -0.7674061812972599, 0.2665790139381178]",24.337478158831008,0.6817937852075059
"[0.1483480914785578, 1.1113441779195905, -0.7673788766215701, 0.2665833838829877]",24.33703207747236,0.6824221665763607
"[0.14842070065743015, 1.1113159286269891, -0.7673516009858989, 0.26658773907939437]",24.336586104886525,0.6830505479452156
"[0.14849324542332626, 1.1112876857552791, -0.7673243541128916, 0.2665920795971498]",24.336140241012295,0.6836789293140704
"[0.14856572445338512, 1.1112594498666892, -0.7672971364878893, 0.26659640538459245]",24.335694486012212,0.6843073106829253
"[0.14863814069175943, 1.1112312198608034, -0.7672699469939493, 0.2666007166445389]",24.335248843707863,0.6849356920517801
"[0.14871049242182682, 1.111202996452859, -0.7672427862643764, 0.2666050133015987]",24.3348033111356,0.685564073420635
"[0.14878278081999255, 1.1111747792301618, -0.7672156538462901, 0.2666092954525336]",24.334357889413052,0.6861924547894898
"[0.1488550056660415, 1.111146568324538, -0.7671885498111687, 0.26661356311099815]",24.333912577934505,0.6868208361583447
"[0.14892716718626486, 1.1111183636933413, -0.7671614740629461, 0.2666178163169944]",24.33346737907624,0.6874492175271995
"[0.14899926407273623, 1.1110901658939658, -0.767134427081115, 0.26662205502031683]",24.333022292681218,0.6880775988960544
"[0.14907129941125968, 1.111061973764981, -0.7671074076969673, 0.26662627942884676]",24.33257731854602,0.6887059802649091
"[0.14914327086252238, 1.1110337882670518, -0.7670804167769463, 0.266630489431675]",24.332132456102528,0.689334361633764
"[0.14921517973242016, 1.111005608934269, -0.7670534538202243, 0.2666346851316773]",24.331687706627985,0.6899627430026188
"[0.14928702562483642, 1.1109774359669857, -0.7670265189643349, 0.26663886653200697]",24.33124306786734,0.6905911243714737
"[0.14935880933305734, 1.1109492690990759, -0.7669996119009261, 0.2666430337049933]",24.33079854470381,0.6912195057403285
"[0.1494305313719997, 1.1109211081729018, -0.766972732426171, 0.2666471867063762]",24.330354135326573,0.6918478871091834
"[0.1495021910894129, 1.110892953489005, -0.7669458807736882, 0.2666513255242535]",24.3299098404662,0.6924762684780382
"[0.14957378798693402, 1.1108648052880263, -0.766919057119296, 0.2666554501559371]",24.329465657543803,0.6931046498468931
"[0.14964532311883488, 1.1108366632000914, -0.7668922610571451, 0.26665956068812396]",24.32902158959974,0.6937330312157479
"[0.14971679766647117, 1.1108085268041594, -0.7668654921340696, 0.26666365721413543]",24.32857763745307,0.6943614125846028
"[0.1497882103580876, 1.110780396644607, -0.7668387508157164, 0.2666677396865375]",24.32813379904965,0.6949897939534576
"[0.1498595606279959, 1.110752272988646, -0.7668120373031024, 0.26667180809881874]",24.327690077395562,0.6956181753223125
"[0.1499308499049326, 1.1107241553171625, -0.7667853510505807, 0.2666758625580746]",24.327246470498736,0.6962465566911673
"[0.15000207978352742, 1.1106960430440582, -0.7667586914507851, 0.26667990317993373]",24.326802979721815,0.6968749380600221
"[0.15007324768555746, 1.110667937230109, -0.7667320594581505, 0.26668392984329786]",24.32635960527124,0.6975033194288769
"[0.15014435482645744, 1.1106398374389765, -0.7667054546072102, 0.2666879426423438]",24.325916347116138,0.6981317007977318
"[0.15021540163322306, 1.110611743544984, -0.7666788767277138, 0.2666919416262241]",24.325473206098742,0.6987600821665866
"[0.1502863874612542, 1.1105836558461055, -0.7666523260503069, 0.26669592678372417]",24.3250301811885,0.6993884635354415
"[0.15035731407675273, 1.1105555736861366, -0.7666258019039935, 0.266699898238813]",24.32458727388116,0.7000168449042963
"[0.15042818035801903, 1.1105274975515649, -0.7665993046979327, 0.26670385595333507]",24.32414448584004,0.7006452262731512
"[0.15049898642052656, 1.1104994274393627, -0.7665728343785433, 0.26670779995859567]",24.323701814275637,0.701273607642006
"[0.1505697333913152, 1.1104713629449603, -0.7665463905142053, 0.2667117303419416]",24.323259261183725,0.7019019890108609
"[0.1506404205787154, 1.1104433043847588, -0.7665199733532174, 0.2667156470893971]",24.32281682781898,0.7025303703797157
"[0.1507110483281836, 1.110415251663779, -0.766493582756212, 0.26671955024462374]",24.322374511572885,0.7031587517485706
"[0.15078161615520613, 1.1103872050166324, -0.7664672188939621, 0.26672343980537505]",24.321932313447967,0.7037871331174254
"[0.15085212591309907, 1.1103591637483365, -0.766440881063945, 0.26672731589800663]",24.32149023748883,0.7044155144862803
"[0.15092257676741133, 1.1103311282319623, -0.7664145695678215, 0.2667311785006238]",24.321048280346194,0.705043895855135
"[0.1509929683872264, 1.1103030986408136, -0.7663882845190451, 0.26673502761929324]",24.320606440908648,0.70567227722399
"[0.1510633022769673, 1.1102750744169971, -0.7663620253458249, 0.2667388633602218]",24.32016472550731,0.7063006585928447
"[0.1511335763048797, 1.1102470564512552, -0.7663357928339813, 0.2667426856312082]",24.31972312772564,0.7069290399616996
"[0.1512037928803057, 1.1102190438242243, -0.7663095860740944, 0.2667464945872818]",24.319281650691273,0.7075574213305544
"[0.15127395157060852, 1.1101910367489705, -0.7662834052177834, 0.26675029022851265]",24.31884029606194,0.7081858026994093
"[0.15134405139534673, 1.110163035657827, -0.7662572506209471, 0.26675407252567473]",24.318399060414357,0.7088141840682641
"[0.15141409417922239, 1.110135039862605, -0.7662311215928735, 0.266757841600881]",24.317957947927397,0.709442565437119
"[0.1514840797550669, 1.1101070494700458, -0.7662050181862059, 0.2667615974683603]",24.317516958787298,0.7100709468059738
"[0.15155400695218454, 1.1100790649888332, -0.7661789408277395, 0.2667653400888225]",24.31707608961023,0.7106993281748287
"[0.15162387680394815, 1.110051086045899, -0.7661528891222515, 0.2667690695411193]",24.316635343121458,0.7113277095436835
"[0.15169368963530375, 1.1100231125510647, -0.766126862938858, 0.26677278586582653]",24.316194719904836,0.7119560909125384
"[0.15176344656376708, 1.109995144095936, -0.7661008618513623, 0.26677648914533925]",24.31575422034466,0.7125844722813932
"[0.15183314486014488, 1.1099671818147165, -0.7660748868673123, 0.266780179258006]",24.315313842351227,0.7132128536502481
"[0.1519027874116653, 1.109939224588957, -0.7660489369009944, 0.26678385637987934]",24.314873586774606,0.7138412350191029
"[0.15197237340938982, 1.109911272782468, -0.7660230122443226, 0.26678752049096977]",24.314433457754138,0.7144696163879578
"[0.15204190250336203, 1.1098833265753176, -0.7659971130180604, 0.26679117159581595]",24.31399345230432,0.7150979977568126
"[0.1521113764167187, 1.109855385313853, -0.765971238570871, 0.266794809807546]",24.31355357028556,0.7157263791256675
"[0.15218079394695838, 1.109827449520438, -0.7659453893411784, 0.2667984350857139]",24.313113812522786,0.7163547604945223
"[0.15225015471707823, 1.1097995193860726, -0.7659195654598064, 0.2668020474334717]",24.312674178665787,0.7169831418633772
"[0.15231946009367542, 1.109771594399386, -0.7658937664084774, 0.2668056469446279]",24.312234672565758,0.717611523232232
"[0.15238871099184584, 1.1097436742296687, -0.7658679918372963, 0.26680923368881165]",24.311795292496043,0.7182399046010869
"[0.15245790548006122, 1.1097157596940546, -0.7658422424558166, 0.26681280758830356]",24.311356033794148,0.7188682859699417
"[0.15252704401291003, 1.109687850648064, -0.765816518085401, 0.2668163686892071]",24.31091690370604,0.7194966673387966
"[0.15259612793974783, 1.1096599465852208, -0.7657908182146939, 0.26681991708324243]",24.31047789971176,0.7201250487076514
"[0.15266515733316274, 1.1096320475138766, -0.7657651428075248, 0.26682345279604036]",24.310039021998076,0.7207534300765062
"[0.15273413162894542, 1.1096041536998873, -0.7657394920645456, 0.26682697582069215]",24.3096002703355,0.721381811445361
"[0.15280305094307517, 1.109576265134321, -0.7657138659333843, 0.2668304861851978]",24.309161646159843,0.7220101928142159
"[0.1528719170868341, 1.109548381121453, -0.7656882637314989, 0.266833984003452]",24.308723150878876,0.7226385741830706
"[0.15294072663033975, 1.1095205030878659, -0.7656626867248055, 0.26683746912323164]",24.308284779827417,0.7232669555519255
"[0.15300948283995564, 1.109492629748118, -0.7656371336899429, 0.26684094173201334]",24.30784653794018,0.7238953369207803
"[0.15307818535024278, 1.1094647612870114, -0.7656116047538097, 0.2668444018326532]",24.307408423690845,0.7245237182896352
"[0.15314683379611016, 1.1094368978896754, -0.7655861000430567, 0.26684784942829093]",24.30697043888853,0.72515209965849
"[0.15321542942227656, 1.1094090390875757, -0.7655606190863137, 0.2668512846027596]",24.306532582730295,0.7257804810273449
"[0.15328396962526142, 1.1093811859751812, -0.7655351628416548, 0.26685470724725374]",24.306094854106558,0.7264088623961997
"[0.15335245742623144, 1.1093533373617284, -0.7655097301780056, 0.26685811753412714]",24.305657254275655,0.7270372437650546
"[0.15342089184772315, 1.109325493680862, -0.765484321449539, 0.26686151543574227]",24.30521978387626,0.7276656251339094
"[0.1534892735095514, 1.1092976547166977, -0.7654589364172965, 0.26686490100397225]",24.304782446031474,0.7282940065027643
"[0.15355760103052787, 1.109269821068088, -0.7654335755851162, 0.2668682741916808]",24.30434523307867,0.7289223878716191
"[0.15362587640030007, 1.1092419919608336, -0.7654082382056798, 0.2668716351181891]",24.303908153226413,0.729550769240474
"[0.1536940989096563, 1.1092141677198708, -0.7653829245334539, 0.2668749837694276]",24.3034712033971,0.7301791506093288
"[0.15376226862431297, 1.1091863483544049, -0.7653576345352965, 0.26687832016954877]",24.303034382525993,0.7308075319781837
"[0.15383038648570418, 1.1091585335158822, -0.7653323678532803, 0.2668816443853409]",24.302597694898544,0.7314359133470385
"[0.15389845086593953, 1.109130723904924, -0.7653071250824983, 0.26688495635822285]",24.302161135138157,0.7320642947158934
"[0.15396646442982592, 1.1091029184682109, -0.7652819052260381, 0.2668882562384724]",24.301724709197075,0.7326926760847482
"[0.1540344259913788, 1.1090751177255154, -0.7652567087151785, 0.2668915439888395]",24.3012884152155,0.7333210574536031
"[0.15410233475704782, 1.1090473220370802, -0.7652315358354577, 0.2668948195916385]",24.30085225055974,0.7339494388224579
"[0.1541701926486362, 1.109019530651459, -0.7652063858659356, 0.2668980831600049]",24.30041622051499,0.7345778201913128
"[0.15423799869961397, 1.1089917439993515, -0.7651812591563568, 0.26690133466770605]",24.29998032103168,0.7352062015601676
"[0.15430575344099903, 1.1089639618980722, -0.7651561555014494, 0.2669045741605016]",24.299544553343843,0.7358345829290225
"[0.15437345743626676, 1.108936184151102, -0.765131074684045, 0.26690780168539596]",24.299108922709284,0.7364629642978773
"[0.15444110928908808, 1.1089084113662064, -0.7651060172129265, 0.26691101719608784]",24.298673419930008,0.7370913456667322
"[0.15450871108537476, 1.1088806427215765, -0.7650809823071043, 0.26691422081177496]",24.29823805486883,0.737719727035587
"[0.1545762621199632, 1.1088528785409026, -0.7650559702194455, 0.26691741251881373]",24.29780282111039,0.7383481084044419
"[0.15464376165350877, 1.108825119162604, -0.7650309812153058, 0.26692059230233917]",24.297367720483322,0.7389764897732967
"[0.1547112118565272, 1.1087973637280455, -0.7650060144828716, 0.26692376028435316]",24.29693275635607,0.7396048711421516
"[0.1547786110781728, 1.1087696129503317, -0.7649810706249884, 0.2669269164069509]",24.296497923441358,0.7402332525110064
"[0.1548459591600158, 1.1087418669291147, -0.7649561496919185, 0.2669300606827105]",24.29606322678538,0.7408616338798613
"[0.15491325875899684, 1.1087141246032917, -0.7649312506923636, 0.26693319325514103]",24.295628664627547,0.741490015248716
"[0.15498050780864386, 1.1086863868580126, -0.7649063743827624, 0.2669363140474029]",24.29519423734742,0.742118396617571
"[0.1550477071921115, 1.1086586533626361, -0.7648815204282493, 0.26693942312001845]",24.294759945221518,0.7427467779864257
"[0.15511485747237472, 1.108630923917979, -0.7648566886125429, 0.26694252051829637]",24.294325790264192,0.7433751593552806
"[0.15518195741200558, 1.108603199068393, -0.7648318793851266, 0.266945606204539]",24.293891768736962,0.7440035407241354
"[0.1552490081343867, 1.1085754783830981, -0.764807092322528, 0.26694868024980095]",24.2934578843824,0.7446319220929902
"[0.1553160094253863, 1.1085477619836621, -0.7647823274958733, 0.26695174266345806]",24.29302413403547,0.745260303461845
"[0.1553829627287665, 1.1085200493054206, -0.7647575843636045, 0.2669547935304229]",24.292590523900724,0.7458886848306999
"[0.15544986669409408, 1.1084923409398593, -0.7647328634168782, 0.2669578328080546]",24.292157048620115,0.7465170661995547
"[0.15551672194946076, 1.1084646366596194, -0.7647081644156494, 0.2669608605439174]",24.29172371028553,0.7471454475684096
"[0.15558352833699177, 1.1084369365627116, -0.7646834874103208, 0.2669638767497913]",24.291290510370207,0.7477738289372644
"[0.1556502861534895, 1.1084092405585806, -0.764658832283357, 0.26696688145795777]",24.29085744540459,0.7484022103061193
"[0.15571699580692072, 1.1083815485102182, -0.7646341988762477, 0.2669698747055083]",24.290424519867027,0.7490305916749741
"[0.15578365710060826, 1.1083538605314165, -0.7646095872538053, 0.26697285650229036]",24.28999173097142,0.749658973043829
"[0.15585027053381126, 1.1083261764468304, -0.7645849972239168, 0.2669758268892348]",24.28955908065989,0.7502873544126838
"[0.15591683633068323, 1.1082984961950504, -0.764560428696121, 0.2669787858947755]",24.289126568660844,0.7509157357815387
"[0.1559833539579598, 1.1082708200296678, -0.7645358818594993, 0.26698173351370064]",24.288694196527473,0.7515441171503935
"[0.15604982379469934, 1.1082431478248451, -0.76451135656642, 0.26698466978132046]",24.28826196167002,0.7521724985192484
"[0.15611624652692624, 1.1082154793264647, -0.764486852556111, 0.2669875947462231]",24.287829866454405,0.7528008798881032
"[0.1561826224545882, 1.1081878144406863, -0.7644623697103599, 0.26699050843968064]",24.287397909595057,0.7534292612569581
"[0.1562489505575165, 1.1081601536240708, -0.7644379083978349, 0.2669934108351229]",24.286966094051234,0.7540576426258129
"[0.15631523211067447, 1.1081324963761685, -0.7644134681407453, 0.2669963020064866]",24.286534416822867,0.7546860239946678
"[0.15638146601177627, 1.1081048431880824, -0.7643890493379705, 0.266999181923781]",24.286102880245057,0.7553144053635226
"[0.15644765310733985, 1.1080771937376188, -0.7643646516698306, 0.26700205064195054]",24.28567148368912,0.7559427867323775
"[0.15651379434181387, 1.1080495476608663, -0.7643402747807424, 0.26700490821971384]",24.28524022749617,0.7565711681012323
"[0.1565798882397338, 1.1080219056052618, -0.7643159192070388, 0.2670077546111606]",24.284809111257765,0.7571995494700872
"[0.15664593697419218, 1.1079942666924811, -0.7642915841405209, 0.2670105899275948]",24.284378136880335,0.757827930838942
"[0.1567119383888769, 1.1079666318553283, -0.7642672703682605, 0.2670134140941416]",24.28394730228711,0.7584563122077969
"[0.15677789382589133, 1.1079390005626133, -0.7642429773883779, 0.26701622718608203]",24.283516610470294,0.7590846935766516
"[0.15684380360449107, 1.107911372710727, -0.7642187050759612, 0.2670190292345324]",24.283086060536192,0.7597130749455066
"[0.15690966825867655, 1.107883748105649, -0.764194453227113, 0.2670218202795079]",24.28265565186284,0.7603414563143613
"[0.15697548719675222, 1.1078561270253748, -0.7641702220524536, 0.2670246003132536]",24.28222538525153,0.7609698376832162
"[0.15704125964591334, 1.1078285098245038, -0.7641460118291307, 0.2670273693207133]",24.281795260603932,0.761598219052071
"[0.1571069873310654, 1.1078008958087209, -0.7641218219149458, 0.26703012739189524]",24.281365276952492,0.7622266004209259
"[0.1571726703217006, 1.1077732849781088, -0.764097652277212, 0.2670328745467132]",24.280935439392348,0.7628549817897807
"[0.15723830655223817, 1.107745678230954, -0.7640735036687247, 0.26703561071618415]",24.28050574186577,0.7634833631586356
"[0.1573038988756369, 1.1077180743969852, -0.7640493750326228, 0.26703833603647376]",24.280076187910183,0.7641117445274904
"[0.157369446841841, 1.107690473694427, -0.7640252665274628, 0.26704105050561494]",24.279646778237435,0.7647401258963453
"[0.15743494919527495, 1.1076628766813845, -0.7640011786079012, 0.26704375408868436]",24.27921751203914,0.7653685072652001
"[0.15750040718347008, 1.1076352828616585, -0.7639771108080275, 0.2670464468542407]",24.278788387929698,0.765996888634055
"[0.15756582055180268, 1.1076076923716205, -0.7639530632144104, 0.26704912880866327]",24.278359409319734,0.7666252700029098
"[0.15763119035958562, 1.1075801047932006, -0.7639290354306426, 0.2670518000120617]",24.277930574670275,0.7672536513717647
"[0.15769651524459694, 1.1075525207301198, -0.7639050279504297, 0.267054460425507]",24.27750188398623,0.7678820327406195
"[0.15776179701593324, 1.107524939447125, -0.7638810401019542, 0.2670571101393085]",24.27707333786841,0.7685104141094743
"[0.1578270339782183, 1.1074973616891073, -0.7638570725012382, 0.2670597491012526]",24.27664493790265,0.7691387954783292
"[0.15789222890132243, 1.1074697863133545, -0.7638331241238041, 0.2670623774397544]",24.276216683343282,0.769767176847184
"[0.15795737796109494, 1.107442214965955, -0.7638091963674513, 0.26706499501723746]",24.275788571989544,0.7703955582160389
"[0.15802248509252398, 1.1074146460100949, -0.7637852877800319, 0.2670676020083376]",24.27536060662045,0.7710239395848937
"[0.15808754890832305, 1.1073870800607963, -0.7637613988642873, 0.2670701983735182]",24.27493278888706,0.7716523209537486
"[0.15815256807337708, 1.1073595177123234, -0.7637375301034707, 0.2670727840761017]",24.274505116046573,0.7722807023226034
"[0.15821754628326481, 1.107331957425719, -0.7637136801342146, 0.2670753592790979]",24.274077588998715,0.7729090836914583
"[0.15828247976645937, 1.1073044008284156, -0.7636898503341036, 0.26707792384913753]",24.27365020726242,0.7735374650603131
"[0.15834737141198957, 1.10727684672236, -0.7636660396361014, 0.26708047791657236]",24.27322297383785,0.774165846429168
"[0.15841222054893123, 1.1072492954196629, -0.7636422482797823, 0.2670830214707935]",24.27279588748853,0.7747942277980228
"[0.1584770263294396, 1.1072217473082762, -0.763618476569462, 0.2670855544946446]",24.272368947035552,0.7754226091668777
"[0.15854179028672988, 1.1071942017639367, -0.763594723936062, 0.2670880770640031]",24.27194215367615,0.7760509905357325
"[0.15860651256196337, 1.1071666587534956, -0.7635709903212848, 0.26709058919997036]",24.27151550980049,0.7766793719045874
"[0.15867119093261053, 1.1071391192503675, -0.7635472765334299, 0.26709309083229593]",24.271089011062724,0.7773077532734421
"[0.15873582912349712, 1.1071115816956194, -0.7635235812002512, 0.2670955821207537]",24.270662660224126,0.777936134642297
"[0.15880042436038871, 1.1070840472978627, -0.7634999053322563, 0.2670980629739192]",24.270236458437005,0.7785645160111518
"[0.1588649789418295, 1.1070565151041993, -0.7634762480804435, 0.2671005334956665]",24.269810405527235,0.7791928973800067
"[0.15892949151292546, 1.1070289857189983, -0.7634526099349063, 0.26710299364952667]",24.26938450133689,0.7798212787488615
"[0.1589939619857613, 1.1070014592068316, -0.7634289909212902, 0.26710544344784243]",24.268958742870204,0.7804496601177164
"[0.15905839170492655, 1.1069739350201515, -0.7634053905405591, 0.26710788295710686]",24.268533135966166,0.7810780414865712
"[0.1591227801031776, 1.1069464134275766, -0.7633818089941123, 0.267110312171096]",24.26810767855073,0.7817064228554261
"[0.15918712730523701, 1.1069188944022268, -0.7633582462298586, 0.2671127311098479]",24.267682369187597,0.7823348042242809
"[0.15925143391442373, 1.106891377712251, -0.7633347020205239, 0.2671151398112224]",24.267257210027743,0.7829631855931358
"[0.15931569895702308, 1.1068638638005792, -0.7633111767162329, 0.26711753825399237]",24.26683220011971,0.7835915669619906
"[0.15937992417409108, 1.106836351947808, -0.7632876696733357, 0.26711992651821637]",24.266407339658883,0.7842199483308455
"[0.15944410864349792, 1.1068088425746507, -0.7632641812231039, 0.2671223045845157]",24.265982631068567,0.7848483296997003
"[0.15950825225365275, 1.1067813357549872, -0.7632407114000541, 0.26712467246386756]",24.26555806842893,0.7854767110685551
"[0.15957235588587548, 1.1067538311366534, -0.7632172598754638, 0.26712703020375583]",24.26513366083351,0.7861050924374099
"[0.15963641981160545, 1.1067263286285416, -0.763193826543879, 0.2671293778288727]",24.264709403785048,0.7867334738062648
"[0.1597004435071864, 1.1066988284808914, -0.7631704115906741, 0.2671317153347809]",24.264285295402694,0.7873618551751196
"[0.1597644265266286, 1.1066713309110336, -0.7631470151727068, 0.2671340427201412]",24.263861340105283,0.7879902365439745
"[0.15982837042195058, 1.1066438352773005, -0.7631236367163139, 0.26713636005610225]",24.2634375355624,0.7886186179128293
"[0.1598922749261266, 1.1066163417195145, -0.7631002763130555, 0.2671386673474851]",24.26301388135289,0.7892469992816842
"[0.1599561396837055, 1.1065888504156176, -0.7630769340868041, 0.2671409645959676]",24.262590379183248,0.789875380650539
"[0.160019964976132, 1.1065613612696212, -0.7630536099285884, 0.2671432518262655]",24.26216703129745,0.7905037620193939
"[0.16008375104343808, 1.1065338742030781, -0.7630303037446462, 0.2671455290614398]",24.26174383331141,0.7911321433882487
"[0.16014749797483727, 1.1065063892023588, -0.7630070154963625, 0.26714779631906665]",24.261320787992204,0.7917605247571036
"[0.16021120638134914, 1.1064789060285694, -0.7629837449545651, 0.26715005363511524]",24.260897896206657,0.7923889061259584
"[0.1602748750173864, 1.1064514252438136, -0.7629604925682183, 0.2671523009798163]",24.260475154716087,0.7930172874948133
"[0.1603385050647095, 1.1064239463627947, -0.7629372578997237, 0.2671545384092503]",24.260052567322848,0.793645668863668
"[0.16040209794314472, 1.1063964687962213, -0.762914040424844, 0.26715676598718235]",24.259630134505226,0.794274050232523
"[0.16046565024782858, 1.1063689940398278, -0.7628908413807283, 0.26715898360857454]",24.25920785307582,0.7949024316013777
"[0.16052916555819777, 1.1063415205706362, -0.7628676594548106, 0.26716119141252087]",24.258785727053553,0.7955308129702326
"[0.16059264316360414, 1.1063140487194967, -0.762844494900779, 0.2671633893879215]",24.25836375463977,0.7961591943390874
"[0.16065608035686896, 1.1062865796826864, -0.7628213487005695, 0.2671655774553374]",24.25794193339395,0.7967875757079423
"[0.16071948181461623, 1.1062591114590996, -0.7627982191420323, 0.26716775578994756]",24.25752026863548,0.7974159570767971
"[0.1607828439470246, 1.1062316456275778, -0.7627751075290597, 0.26716992428208286]",24.257098757366833,0.798044338445652
"[0.16084616858645015, 1.1062041814180126, -0.7627520131874327, 0.2671720830084658]",24.256677399871894,0.7986727198145068
"[0.16090945675055776, 1.1061767184121862, -0.7627289357404026, 0.2671742320172096]",24.256256199634134,0.7993011011833617
"[0.1609727066374286, 1.1061492574154512, -0.7627058758393437, 0.2671763712607144]",24.2558351514303,0.7999294825522165
"[0.1610359189699423, 1.1061217981377516, -0.7626828332149375, 0.267178500777224]",24.255414258816117,0.8005578639210714
"[0.1610990949783812, 1.1060943400677625, -0.7626598074131139, 0.2671806206215793]",24.254993524264407,0.8011862452899262
"[0.16116223293250703, 1.106066883980764, -0.7626367990588556, 0.2671827307492125]",24.254572940868567,0.8018146266587811
"[0.16122533418399623, 1.1060394293123605, -0.7626138076539233, 0.267184831218858]",24.254152514925966,0.8024430080276359
"[0.16128839942290582, 1.1060119757849898, -0.7625908329413982, 0.2671869220666294]",24.253732245490696,0.8030713893964908
"[0.1613514266325822, 1.105984524299685, -0.7625678756503392, 0.26718900323908223]",24.25331213147483,0.8036997707653456
"[0.16141441761932832, 1.1059570740928826, -0.7625449351171979, 0.26719107480929244]",24.25289217345933,0.8043281521342005
"[0.16147737246040092, 1.1059296251534543, -0.7625220113083782, 0.2671931367928646]",24.25247237238521,0.8049565335030553
"[0.16154029108083157, 1.10590217753659, -0.7624991042457283, 0.26719518920038665]",24.25205272593179,0.8055849148719102
"[0.16160317281917358, 1.105874731553656, -0.7624762141645354, 0.26719723202350515]",24.25163323941895,0.806213296240765
"[0.16166601867070507, 1.1058472867928506, -0.7624533406970248, 0.267199265307657]",24.25121390664047,0.8068416776096199
"[0.16172882830349075, 1.105819843421534, -0.7624304839585819, 0.2672012890550871]",24.250794732578157,0.8074700589784747
"[0.161791602232361, 1.1057924012371056, -0.7624076437564453, 0.2672033032953335]",24.250375716191417,0.8080984403473296
"[0.1618543416486133, 1.105764959740515, -0.762384819651901, 0.26720530807921744]",24.24995685763415,0.8087268217161844
"[0.16191704427619746, 1.1057375199493846, -0.7623620124676053, 0.26720730334681986]",24.249538154783522,0.8093552030850393
"[0.16197971105572992, 1.10571008147463, -0.7623392218559609, 0.2672092891411382]",24.249119611031713,0.8099835844538941
"[0.16204234331835327, 1.1056826437552008, -0.762316447327584, 0.267211265516978]",24.24870122450127,0.810611965822749
"[0.16210493963356198, 1.1056552074395494, -0.7622936893973649, 0.26721323244182166]",24.24828299629573,0.8112403471916038
"[0.16216750153611792, 1.1056277718767193, -0.7622709475020523, 0.2672151899764917]",24.247864928536387,0.8118687285604587
"[0.16223002815690044, 1.1056003374693657, -0.7622482219523733, 0.26721713810625985]",24.247447017650398,0.8124971099293135
"[0.16229251952788012, 1.1055729042252527, -0.7622255127314309, 0.26721907684474927]",24.24702926410683,0.8131254912981684
"[0.16235497589780915, 1.1055454720568625, -0.7622028197435795, 0.26722100621224076]",24.246611670824308,0.8137538726670231
"[0.16241739800878027, 1.1055180406595906, -0.7621801427140211, 0.2672229262440219]",24.24619423611448,0.814382254035878
"[0.16247978586277514, 1.105490610053649, -0.7621574816369338, 0.2672248369523674]",24.245776962237372,0.8150106354047328
"[0.16254213893630798, 1.1054631804904331, -0.7621348366973245, 0.2672267383335457]",24.245359846172683,0.8156390167735877
"[0.16260445820988964, 1.1054357515597082, -0.7621122075339913, 0.2672286304296799]",24.244942890614674,0.8162673981424425
"[0.16266674219966729, 1.105408323935803, -0.7620895946806073, 0.2672305132080183]",24.2445260935284,0.8168957795112974
"[0.16272899310997832, 1.1053808966690037, -0.7620669973317835, 0.26723238674736]",24.244109458102862,0.8175241608801522
"[0.1627912103820799, 1.1053534700259111, -0.7620444156854056, 0.2672342510427194]",24.243692983906566,0.8181525422490071
"[0.16285339327048398, 1.1053260443560085, -0.7620218500070003, 0.26723610608384024]",24.243276667021657,0.8187809236178619
"[0.1629155433018703, 1.1052986190065426, -0.7619992997375672, 0.26723795192819183]",24.242860514481446,0.8194093049867168
"[0.16297765896596716, 1.1052711946645297, -0.7619767654201106, 0.26723978854283414]",24.242444520429984,0.8200376863555716
"[0.16303974132358445, 1.1052437708823482, -0.7619542466647743, 0.2672416159711399]",24.242028686370155,0.8206660677244265
"[0.16310179013325335, 1.105216347787085, -0.761931743554204, 0.26724343421783137]",24.241613014226004,0.8212944490932813
"[0.163163805356613, 1.1051889254162137, -0.7619092560973483, 0.2672452432936692]",24.24119750206322,0.8219228304621362
"[0.16322578808902513, 1.105161503305535, -0.7618867838921409, 0.2672470432422806]",24.240782151910462,0.822551211830991
"[0.16328773827595736, 1.105134081498962, -0.7618643269535686, 0.26724883407354183]",24.240366966066944,0.8231795931998459
"[0.16334965488264325, 1.105106660474683, -0.761841885651859, 0.26725061576921416]",24.239951938386497,0.8238079745687007
"[0.16341153847522502, 1.105079240002278, -0.7618194597769052, 0.2672523883573494]",24.239537073133782,0.8244363559375556
"[0.16347339027485522, 1.1050518195603474, -0.7617970488814155, 0.2672541518843294]",24.23912237170969,0.8250647373064104
"[0.16353520893193074, 1.1050243997669364, -0.7617746534496234, 0.2672559063231009]",24.238707831896605,0.8256931186752653
"[0.16359699508087996, 1.1049969803606001, -0.7617522732468646, 0.26725765170322624]",24.23829345317327,0.8263215000441201
"[0.16365874959482615, 1.104969560973322, -0.7617299079521721, 0.26725938806063715]",24.237879236603302,0.8269498814129748
"[0.16372047191739683, 1.1049421418714565, -0.7617075577623751, 0.267261115390878]",24.237465185785414,0.8275782627818296
"[0.1637821619315914, 1.1049147231265335, -0.7616852227151124, 0.267262833701997]",24.237051296385967,0.8282066441506845
"[0.16384382104839135, 1.1048873041305403, -0.7616629022949161, 0.2672645430443618]",24.236637571126355,0.8288350255195392
"[0.16390544630930912, 1.104859886218681, -0.761640597568011, 0.2672662433473069]",24.236224007698546,0.8294634068883942
"[0.16396704063861947, 1.1048324681095967, -0.7616183074712184, 0.2672679347029157]",24.235810606489963,0.8300917882572489
"[0.16402860361296992, 1.1048050500104567, -0.7615960321532237, 0.2672696171104008]",24.235397371102962,0.8307201696261038
"[0.16409013545833204, 1.1047776318394769, -0.761573771527707, 0.2672712905868539]",24.23498429962966,0.8313485509949586
"[0.16415163618640585, 1.1047502136101937, -0.7615515255859059, 0.26727295514344773]",24.234571390869153,0.8319769323638135
"[0.1642131050553857, 1.1047227956723058, -0.7615292945915573, 0.2672746107710969]",24.234158647261545,0.8326053137326683
"[0.16427454270306632, 1.1046953777603614, -0.7615070783093946, 0.2672762574979986]",24.23374606687067,0.8332336951015232
"[0.16433594975829116, 1.1046679596122966, -0.7614848765075383, 0.2672778953517585]",24.233333650448465,0.833862076470378
"[0.16439732612896626, 1.1046405412876203, -0.7614626892148437, 0.2672795243405654]",24.232921399485267,0.8344904578392329
"[0.16445867104657855, 1.1046131231483654, -0.761440516704602, 0.26728114445485607]",24.23250931403008,0.8351188392080877
"[0.16451998547904567, 1.1045857047804943, -0.7614183586224836, 0.2672827557309454]",24.23209739295001,0.8357472205769426
"[0.1645812696812472, 1.1045582860882324, -0.7613962148719832, 0.2672843581860658]",24.231685636856923,0.8363756019457974
"[0.16464252303427823, 1.1045308673667837, -0.7613740856723086, 0.2672859518146287]",24.231274045571027,0.8370039833146523
"[0.16470374620405565, 1.1045034483363494, -0.7613519707784667, 0.2672875366445414]",24.230862620305782,0.8376323646835071
"[0.16476493920963034, 1.1044760290064524, -0.7613298701792165, 0.26728911268674627]",24.230451360143277,0.838260746052362
"[0.16482610188590213, 1.1044486094691455, -0.7613077839298223, 0.26729067994745187]",24.230040264706435,0.8388891274212168
"[0.16488723493350801, 1.1044211894282654, -0.7612857117729486, 0.26729223845499034]",24.229629337411495,0.8395175087900717
"[0.1649483376016178, 1.1043937692384735, -0.7612636539753658, 0.2672937882005741]",24.229218573340827,0.8401458901589265
"[0.16500941106588263, 1.1043663483899588, -0.7612416101083794, 0.26729532922430355]",24.22880797771774,0.8407742715277814
"[0.16507045526894545, 1.1043389269258594, -0.7612195801884973, 0.26729686153479204]",24.228397548709705,0.8414026528966362
"[0.1651314687133076, 1.1043115055367674, -0.7611975647518217, 0.26729838510481047]",24.22798728364699,0.8420310342654911
"[0.16519245407900765, 1.1042840830356861, -0.7611755628270929, 0.2672999000114067]",24.227577189749717,0.8426594156343459
"[0.16525340924544968, 1.1042566603934605, -0.7611535751751929, 0.26730140621191595]",24.22716725868633,0.8432877970032008
"[0.1653143354917955, 1.104229237052202, -0.7611316013304603, 0.26730290374812]",24.22675749705006,0.8439161783720556
"[0.16537523205585986, 1.104201813372383, -0.7611096415635874, 0.2673043926113551]",24.22634790102422,0.8445445597409105
"[0.16543610067809106, 1.1041743885872901, -0.7610876952428387, 0.26730587285404783]",24.225938471426797,0.8451729411097653
"[0.1654969400417807, 1.1041469633070982, -0.7610657628388758, 0.2673073444539665]",24.225529212059023,0.8458013224786202
"[0.16555774991295882, 1.1041195376547124, -0.7610438444318373, 0.26730880741553903]",24.225120118330775,0.846429703847475
"[0.16561853222564865, 1.1040921107747386, -0.7610219393205537, 0.26731026179504885]",24.224711192977626,0.8470580852163299
"[0.16567928487876876, 1.1040646836321548, -0.7610000482581502, 0.2673117075519998]",24.224302434460398,0.8476864665851847
"[0.16574001046405828, 1.1040372550736672, -0.7609781703067007, 0.26731314475776424]",24.22389384642885,0.8483148479540396
"[0.16580070664750704, 1.1040098261701226, -0.7609563063030865, 0.26731457336671627]",24.223485423481883,0.8489432293228943
"[0.16586137493848055, 1.1039823962563955, -0.7609344556995112, 0.26731599342419315]",24.22307717229832,0.8495716106917492
"[0.16592201558086894, 1.103954965238509, -0.7609126184042087, 0.2673174049453273]",24.222669086981227,0.850199992060604
"[0.16598262807332584, 1.1039275333596723, -0.7608907945937603, 0.26731880792794666]",24.222261173652264,0.8508283734294589
"[0.1660432121890492, 1.1039001007391795, -0.7608689843458134, 0.2673202023764302]",24.22185342618826,0.8514567547983137
"[0.16610376914033803, 1.1038726668444152, -0.7608471872200093, 0.267321588328117]",24.221445848991284,0.8520851361671686
"[0.16616429745684014, 1.1038452323578865, -0.7608254037416404, 0.2673229657588382]",24.221038440085007,0.8527135175360234
"[0.16622479971665619, 1.103817796127084, -0.7608036329790183, 0.26732433473652456]",24.220631200892417,0.8533418989048783
"[0.16628527290529177, 1.1037903595351652, -0.7607818760129669, 0.2673256952023124]",24.22022413114579,0.8539702802737331
"[0.1663457200769068, 1.10376292121262, -0.7607601317407707, 0.2673270472342536]",24.219817230410857,0.854598661642588
"[0.1664061396490898, 1.1037354818933713, -0.7607384007278976, 0.2673283908059913]",24.219410502115547,0.8552270430114428
"[0.1664665321896715, 1.1037080413355274, -0.7607166827662658, 0.26732972593939597]",24.219003941167028,0.8558554243802977
"[0.16652689689350986, 1.103680599920979, -0.7606949781415463, 0.26733105262595225]",24.218597549147397,0.8564838057491525
"[0.16658723583250948, 1.103653156723479, -0.7606732861050065, 0.2673323709202302]",24.21819132997887,0.8571121871180074
"[0.16664754628849202, 1.1036257129951415, -0.7606516076300252, 0.26733368077200015]",24.217785280031702,0.8577405684868622
"[0.1667078314315034, 1.1035982673091609, -0.7606299415733557, 0.2673349822591836]",24.2173794001142,0.8583689498557171
"[0.1667680902760976, 1.1035708201291066, -0.7606082882855701, 0.2673362753691361]",24.216973693202604,0.8589973312245719
"[0.16682832229815936, 1.1035433717091485, -0.7605866479512863, 0.26733756009953663]",24.216568154548852,0.8596257125934268
"[0.16688852764385503, 1.1035159219983155, -0.7605650205142214, 0.2673388364625408]",24.21616278761358,0.8602540939622816
"[0.16694870667985798, 1.1034884708447592, -0.7605434058389688, 0.2673401044747843]",24.215757592117168,0.8608824753311365
"[0.1670088602021876, 1.103461017900379, -0.7605218036360092, 0.26734136416171556]",24.21535256821909,0.8615108566999913
"[0.16706898716230315, 1.1034335636588097, -0.7605002142782582, 0.2673426155101026]",24.214947715444133,0.8621392380688462
"[0.16712908780455762, 1.1034061080238458, -0.7604786376742793, 0.2673438585339122]",24.214543031181893,0.862767619437701
"[0.16718916311352713, 1.103378650560605, -0.760457073467019, 0.2673450932621184]",24.21413852326519,0.8633960008065559
"[0.16724921260360864, 1.1033511915058136, -0.760435521827231, 0.2673463196932814]",24.213734184814925,0.8640243821754107
"[0.16730923693170222, 1.1033237305737886, -0.7604139825156208, 0.26734753784931153]",24.213330018706106,0.8646527635442656
"[0.16736923485138047, 1.1032962683496599, -0.7603924559758785, 0.26734874771351935]",24.21292602435395,0.8652811449131204
"[0.1674292077201069, 1.1032688042269552, -0.7603709417173864, 0.26734994932186734]",24.212522203076055,0.8659095262819753
"[0.1674891559810313, 1.103241338016971, -0.7603494395777529, 0.26735114269145777]",24.212118552502925,0.86653790765083
"[0.16754907890177473, 1.103213870069625, -0.7603279498162134, 0.2673523278160106]",24.211715078201358,0.867166289019685
"[0.16760897571437872, 1.1031864007517573, -0.7603064727046127, 0.26735350468889896]",24.211311772435167,0.8677946703885397
"[0.16766884783536856, 1.103158929428368, -0.7602850077315112, 0.2673546733464088]",24.210908639700126,0.8684230517573946
"[0.16772869593843595, 1.103131455804257, -0.7602635546520403, 0.2673558338097265]",24.21050568208816,0.8690514331262494
"[0.16778851843476045, 1.1031039806230072, -0.7602421140323095, 0.2673569860562605]",24.21010289669954,0.8696798144951043
"[0.1678483159571315, 1.103076503608526, -0.7602206856420304, 0.26735813010659554]",24.209700284527106,0.8703081958639591
"[0.16790808920029812, 1.1030490244556679, -0.7601992692288555, 0.267359265982163]",24.209297844750395,0.870936577232814
"[0.16796783771926208, 1.1030215433830117, -0.7601778649488621, 0.2673603936825931]",24.20889557906913,0.8715649586016688
"[0.16802756301715807, 1.1029940597128436, -0.7601564722602933, 0.2673615132441366]",24.208493488765296,0.8721933399705237
"[0.16808726290189888, 1.1029665744677664, -0.7601350919449894, 0.2673626246337152]",24.20809156983695,0.8728217213393785
"[0.1681469393974928, 1.1029390867298725, -0.7601137232747482, 0.26736372789705054]",24.20768982638418,0.8734501027082334
"[0.16820659114675784, 1.102911597137998, -0.760092366732255, 0.26736482301696357]",24.20728825645279,0.8740784840770881
"[0.16826621921393833, 1.1028841052154807, -0.7600710219331803, 0.26736591002094795]",24.206886861003134,0.8747068654459429
"[0.168325823982094, 1.1028566107990705, -0.7600496887371964, 0.2673669889237006]",24.20648564018759,0.8753352468147978
"[0.1683854043938025, 1.1028291143900129, -0.7600283675195331, 0.26736805971386407]",24.20608459509081,0.8759636281836526
"[0.168444961795141, 1.1028016153805427, -0.7600070577952608, 0.26736912242339556]",24.20568372202529,0.8765920095525075
"[0.16850449456824312, 1.1027741145311845, -0.7599857601400112, 0.2673701770312309]",24.205283023133557,0.8772203909213623
"[0.16856400319471362, 1.1027466116333566, -0.7599644743781553, 0.2673712235539238]",24.204882499327248,0.8778487722902172
"[0.16862349027432766, 1.1027191054984047, -0.759943199576689, 0.26737226204462416]",24.204482152256478,0.878477153659072
"[0.1686829541666074, 1.1026915968973672, -0.7599219363193169, 0.2673732924819084]",24.20408198108913,0.8791055350279269
"[0.16874239334772986, 1.102664086548881, -0.7599006851476399, 0.26737431484727686]",24.20368198213897,0.8797339163967817
"[0.1688018111487953, 1.1026365729240932, -0.7598794448676108, 0.2673753292054651]",24.20328216094916,0.8803622977656366
"[0.16886120476138966, 1.1026090573362985, -0.7598582164800841, 0.26737633551594275]",24.202882514969268,0.8809906791344914
"[0.1689205761372208, 1.1025815388944127, -0.7598369992843431, 0.267377333819334]",24.20248304421508,0.8816190605033463
"[0.16897992415770455, 1.102554018129713, -0.7598157936770585, 0.26737832410422696]",24.202083748286764,0.882247441872201
"[0.16903924952483543, 1.1025264947296207, -0.7597945994042977, 0.2673793063898074]",24.20168463007525,0.882875823241056
"[0.16909855272155383, 1.1024989684826396, -0.7597734162905208, 0.2673802806913173]",24.201285686173726,0.8835042046099107
"[0.1691578337475057, 1.1024714394013224, -0.7597522443328885, 0.267381247015898]",24.20088691965196,0.8841325859787657
"[0.1692170926948859, 1.1024439074552133, -0.7597310834955167, 0.2673822053721811]",24.200488331279455,0.8847609673476204
"[0.16927632892572927, 1.1024163729532523, -0.7597099340032138, 0.26738315575708327]",24.200089916656264,0.8853893487164753
"[0.16933554215398303, 1.102388836041244, -0.7596887959550351, 0.267384098173423]",24.19969167843843,0.8860177300853301
"[0.16939473446953016, 1.1023612957595386, -0.7596676686020005, 0.2673850326615233]",24.199293618000187,0.886646111454185
"[0.16945390494033713, 1.1023337525536294, -0.759646552273946, 0.26738595921350355]",24.198895736279493,0.8872744928230398
"[0.1695130527061018, 1.1023062068364249, -0.75962544727491, 0.26738687782307097]",24.198498029164394,0.8879028741918947
"[0.16957217901146512, 1.102278658040598, -0.7596043531578347, 0.26738778851665934]",24.19810049859328,0.8885312555607495
"[0.1696312845430205, 1.1022511058579207, -0.7595832696749786, 0.26738869131157594]",24.197703147376806,0.8891596369296044
"[0.16969036715260166, 1.102223551301912, -0.7595621975897069, 0.2673895861820141]",24.197305971174288,0.8897880182984592
"[0.16974942908313936, 1.1021959933386551, -0.7595411360991665, 0.26739047316893844]",24.196908974417692,0.8904163996673141
"[0.16980846951144332, 1.1021684323638883, -0.7595200854941265, 0.2673913522666981]",24.196512154838455,0.8910447810361689
"[0.1698674884710962, 1.1021408683738434, -0.7594990457597653, 0.2673922234826596]",24.196115512898384,0.8916731624050238
"[0.1699264865242473, 1.102113301117686, -0.7594780166928842, 0.26739308683187135]",24.195719047271144,0.8923015437738786
"[0.1699854636287474, 1.1020857306266398, -0.7594569983057529, 0.2673939423203623]",24.195322762451184,0.8929299251427335
"[0.170044420001424, 1.1020581568108136, -0.7594359905183589, 0.2673947899578897]",24.194926654162796,0.8935583065115883
"[0.17010335524569598, 1.1020305798672185, -0.7594149934692612, 0.26739562974539777]",24.194530725875115,0.8941866878804432
"[0.17016226914150873, 1.102002999910561, -0.7593940072340539, 0.26739646168651693]",24.19413497384204,0.894815069249298
"[0.17022116173444282, 1.101975416931274, -0.7593730317936875, 0.2673972857886773]",24.193739399439483,0.8954434506181529
"[0.17028003526089797, 1.1019478298929593, -0.7593520663490021, 0.2673981020895348]",24.19334400494916,0.8960718319870077
"[0.17033888765559946, 1.1019202397743362, -0.7593311116328472, 0.26739891056677473]",24.19294878790406,0.8967002133558626
"[0.17039772029397174, 1.1018926459417877, -0.7593101671528265, 0.26739971124573714]",24.192553752869152,0.8973285947247174
"[0.17045653188908444, 1.1018650490100874, -0.7592892333644227, 0.2674005041153449]",24.192158894655886,0.8979569760935723
"[0.1705153233908081, 1.1018374485447857, -0.7592683099268429, 0.26740128919489786]",24.191764215665557,0.8985853574624271
"[0.17057409551939162, 1.1018098442184738, -0.7592473965812019, 0.26740206650018933]",24.191369717092023,0.899213738831282
"[0.17063284665129352, 1.1017822368047192, -0.7592264939025896, 0.2674028360160933]",24.190975396642745,0.8998421202001368
"[0.17069157800969068, 1.1017546257398922, -0.7592056014531616, 0.2674035977650513]",24.190581256865208,0.9004705015689917
"[0.17075029028982422, 1.1017270107076538, -0.7591847189830974, 0.26740435176213356]",24.190187295657584,0.9010988829378465
"[0.1708089819093874, 1.1016993924630354, -0.7591638470526099, 0.26740509799324064]",24.189793514012614,0.9017272643067014
"[0.17086765457088385, 1.1016717702156529, -0.7591429850536917, 0.2674058364862129]",24.18939991325227,0.9023556456755562
"[0.1709263079502451, 1.1016441441283802, -0.7591221330991184, 0.26740656724290474]",24.189006492247003,0.902984027044411
"[0.17098494139310053, 1.101616514520074, -0.7591012914189905, 0.26740729026129173]",24.18861325028631,0.9036124084132658
"[0.171043555142967, 1.1015888812867078, -0.7590804599241936, 0.2674080055505544]",24.18822018981469,0.9042407897821207
"[0.1711021510921649, 1.1015612435462192, -0.7590596379397996, 0.26740871313957665]",24.18782730960776,0.9048691711509755
"[0.17116072609809094, 1.1015336027913292, -0.7590388265800377, 0.26740941299643173]",24.187434607770115,0.9054975525198304
"[0.17121928246721263, 1.1015059579443802, -0.7590180250228763, 0.26741010515485736]",24.187042087509724,0.9061259338886852
"[0.1712778203807912, 1.1014783089297109, -0.7589972332015694, 0.26741078962270065]",24.186649747777093,0.9067543152575401
"[0.17133633897061668, 1.1014506561675452, -0.7589764514220801, 0.2674114663956476]",24.186257589336225,0.9073826966263949
"[0.17139483975451747, 1.101422998950549, -0.7589556791430271, 0.26741213549695464]",24.185865613134332,0.9080110779952498
"[0.17145332010370437, 1.1013953385318092, -0.758934917295386, 0.26741279690247327]",24.185473815159618,0.9086394593641046
"[0.17151178331764164, 1.1013676733608069, -0.7589141647053754, 0.26741345065532146]",24.185082200000664,0.9092678407329595
"[0.1715702270695468, 1.1013400045483115, -0.7588934221966226, 0.26741409673507266]",24.18469076548167,0.9098962221018143
"[0.17162865337926939, 1.101312331147912, -0.7588726890499183, 0.26741473516971515]",24.184299513451453,0.9105246034706692
"[0.17168706141941387, 1.1012846535609613, -0.7588519655566287, 0.26741536595564763]",24.183908443268766,0.911152984839524
"[0.17174545003260303, 1.1012569723459926, -0.7588312521249989, 0.2674159890861768]",24.1835175518021,0.9117813662083789
"[0.17180382132944969, 1.1012292865121698, -0.7588105480039656, 0.26741660458945055]",24.183126844402775,0.9124097475772337
"[0.17186217405932597, 1.1012015966621729, -0.7587898536348707, 0.26741721245774325]",24.182736318355122,0.9130381289460886
"[0.17192050951352442, 1.1011739021927318, -0.758769168557518, 0.2674178127099582]",24.182345974159592,0.9136665103149434
"[0.17197882705513037, 1.1011462034154853, -0.7587484929955552, 0.26741840534486777]",24.18195581292122,0.9142948916837982
"[0.17203712618944217, 1.1011185005750315, -0.7587278271220858, 0.26741899036298394]",24.18156583175628,0.9149232730526531
"[0.17209540834501635, 1.1010907930018716, -0.7587071704285047, 0.2674195677840045]",24.181176034198348,0.9155516544215079
"[0.17215367253064626, 1.1010630811764086, -0.7586865232639476, 0.2674201376033843]",24.18078641817093,0.9161800357903628
"[0.17221191975845648, 1.101035364626422, -0.7586658852675752, 0.2674206998362916]",24.180396984595188,0.9168084171592176
"[0.17227014876356658, 1.1010076439630558, -0.7586452568853634, 0.26742125447583887]",24.18000773547445,0.9174367985280725
"[0.1723283611908947, 1.1009799184123472, -0.7586246375324202, 0.2674218015429353]",24.17961866781058,0.9180651798969273
"[0.17238655612641196, 1.10095218841852, -0.7586040275303995, 0.2674223410340969]",24.17922978343307,0.9186935612657822
"[0.17244473437583283, 1.1009244536065679, -0.7585834265918464, 0.26742287296191564]",24.178841083173428,0.919321942634637
"[0.17250289514658917, 1.1008967143632395, -0.7585628349953015, 0.26742339732426557]",24.17845256442193,0.9199503240034919
"[0.17256103908290554, 1.100868970390237, -0.7585422525105603, 0.26742391413210204]",24.178064229252218,0.9205787053723467
"[0.17261916541199146, 1.100841222065307, -0.7585216794090547, 0.2674244233837264]",24.177676076557304,0.9212070867412016
"[0.17267727567804023, 1.1008134686600297, -0.7585011151421704, 0.2674249250976904]",24.17728810722404,0.9218354681100562
"[0.1727353688136968, 1.1007857106927168, -0.7584805600856117, 0.26742541926968466]",24.176900322124823,0.922463849478911
"[0.17279344539076275, 1.1007579478990308, -0.7584600140349553, 0.26742590590966975]",24.176512718671418,0.9230922308477659
"[0.1728515067147312, 1.1007301796628812, -0.7584394765264759, 0.2674263850331686]",24.17612530193481,0.9237206122166207
"[0.1729095508105659, 1.100702406937287, -0.7584189482567921, 0.26742685662872606]",24.17573806755502,0.9243489935854756
"[0.17296757869127485, 1.1006746292461576, -0.7583984288656043, 0.26742732070951747]",24.175351018072693,0.9249773749543304
"[0.1730255892372194, 1.100646847134174, -0.7583779187467725, 0.267427777271591]",24.174964150241074,0.9256057563231853
"[0.17308358426114562, 1.1006190597416559, -0.7583574172573868, 0.26742822633407426]",24.174577468368465,0.9262341376920401
"[0.17314156406878486, 1.1005912669298925, -0.7583369242875433, 0.2674286679037931]",24.17419097179134,0.926862519060895
"[0.17319952750715537, 1.1005634692596256, -0.7583164402428676, 0.26742910197658604]",24.17380465835436,0.9274909004297498
"[0.17325747476032946, 1.1005356666509174, -0.758295965056345, 0.26742952855861635]",24.17341852876512,0.9281192817986047
"[0.17331540543244423, 1.100507859302159, -0.7582754988658542, 0.2674299476518229]",24.17303258261836,0.9287476631674595
"[0.1733733221001283, 1.1004800459842392, -0.7582550407592975, 0.2674303592792593]",24.172646825148576,0.9293760445363144
"[0.17343122272656694, 1.1004522276828301, -0.7582345914543799, 0.267430763430765]",24.172261251023734,0.9300044259051692
"[0.17348910706170226, 1.1004244045263978, -0.7582141510374536, 0.2674311601093698]",24.17187586041047,0.9306328072740241
"[0.17354697649033868, 1.1003965758571828, -0.7581937190176603, 0.26743154932907703]",24.171490654643797,0.9312611886428789
"[0.17360483064681492, 1.100368741858618, -0.7581732955223233, 0.26743193109177593]",24.171105635941657,0.9318895700117338
"[0.17366266860243695, 1.1003409029855038, -0.7581528808774058, 0.26743230539592494]",24.1707207995097,0.9325179513805886
"[0.173720492577788, 1.1003130581765828, -0.7581324742973514, 0.2674326722602289]",24.170336150948245,0.9331463327494435
"[0.17377830097822827, 1.1002852082071468, -0.7581120763431863, 0.26743303167880894]",24.169951686556974,0.9337747141182983
"[0.17383609443717696, 1.100257352779687, -0.7580916867896129, 0.26743338365998615]",24.169567409230467,0.9344030954871532
"[0.17389387297716824, 1.1002294918908198, -0.7580713056269278, 0.26743372820817973]",24.169183315256173,0.935031476856008
"[0.1739516362658131, 1.1002016257083762, -0.75805093297061, 0.26743406532573405]",24.168799408714715,0.9356598582248629
"[0.17400938537774463, 1.1001737537212926, -0.7580305684399201, 0.2674343950231343]",24.168415686595324,0.9362882395937177
"[0.17406711973583763, 1.1001458762152379, -0.7580102122367096, 0.2674347173011635]",24.16803214992249,0.9369166209625726
"[0.17412483963085978, 1.100117993057066, -0.7579898642567624, 0.26743503216559705]",24.167648801717664,0.9375450023314273
"[0.17418254465159172, 1.1000901044527325, -0.7579695246433348, 0.2674353396183723]",24.167265637863846,0.9381733837002822
"[0.17424023511190195, 1.1000622102578468, -0.7579491932840879, 0.26743563966534056]",24.166882659711916,0.938801765069137
"[0.17429791211852919, 1.1000343099441268, -0.757928869787389, 0.26743593231617097]",24.166499870392876,0.9394301464379919
"[0.17435557420224518, 1.1000064042293114, -0.7579085546693041, 0.2674362175674246]",24.166117265530747,0.9400585278068467
"[0.17441322215399385, 1.0999784927377512, -0.7578882476495092, 0.26743649542709536]",24.165734847710738,0.9406869091757016
"[0.17447085693452172, 1.099950575010938, -0.7578679483880216, 0.26743676590361676]",24.165352617314298,0.9413152905445564
"[0.17452847668538435, 1.0999226519559704, -0.7578476575377903, 0.2674370289922056]",24.164970572291438,0.9419436719134113
"[0.17458608267229814, 1.0998947229665792, -0.7578273746514305, 0.2674372847027069]",24.16458871313022,0.9425720532822661
"[0.1746436749678936, 1.0998667880142154, -0.7578070997018185, 0.26743753303925094]",24.16420704352182,0.943200434651121
"[0.1747012536762668, 1.0998388470549914, -0.7577868326507725, 0.2674377740060593]",24.163825558871135,0.9438288160199758
"[0.1747588190145402, 1.0998108999900384, -0.7577665734203589, 0.2674380076077488]",24.16344426244999,0.9444571973888307
"[0.1748163700623551, 1.0997829472729075, -0.7577463223329167, 0.2674382338444312]",24.16306315200645,0.9450855787576855
"[0.17487390840697137, 1.0997549881391457, -0.7577260788284146, 0.2674384527260491]",24.162682231083195,0.9457139601265404
"[0.17493143260158991, 1.0997270232983087, -0.757705843414357, 0.26743866425082313]",24.162301495635173,0.9463423414953952
"[0.17498894340801432, 1.0996990523866694, -0.757685615821225, 0.2674388684253351]",24.16192094802888,0.9469707228642501
"[0.17504644168799083, 1.0996710749912806, -0.7576653957444979, 0.26743906525616457]",24.161540587540504,0.9475991042331049
"[0.17510392658266696, 1.0996430915361932, -0.7576451834847793, 0.26743925474388025]",24.16116041517327,0.9482274856019598
"[0.1751613985352131, 1.099615101811948, -0.7576249788847923, 0.2674394368935237]",24.160780431780058,0.9488558669708146
"[0.17521885700754936, 1.0995871060869256, -0.7576047821322343, 0.26743961170699954]",24.160400633612014,0.9494842483396695
"[0.1752763035363657, 1.0995591036183603, -0.75758459268558, 0.267439779192382]",24.160021026184666,0.9501126297085243
"[0.17533373676319566, 1.0995310950743848, -0.7575644110208865, 0.2674399393490979]",24.159641606121028,0.9507410110773792
"[0.17539115676113065, 1.0995030804257195, -0.7575442371109932, 0.26744009218098197]",24.15926237316937,0.951369392446234
"[0.17544856442994725, 1.0994750592393099, -0.7575240706384045, 0.26744023769381575]",24.158883329995067,0.9519977738150889
"[0.17550595996035945, 1.0994470314278855, -0.7575039115347808, 0.26744037589139275]",24.158504473014546,0.9526261551839437
"[0.17556334246109873, 1.0994189974324526, -0.7574837601118359, 0.2674405067748587]",24.15812580592649,0.9532545365527986
"[0.1756207127482753, 1.0993909568602511, -0.7574636160815974, 0.2674406303494637]",24.1577473278534,0.9538829179216534
"[0.1756780715637119, 1.0993629093541162, -0.7574434791823534, 0.2674407466198826]",24.15736903872758,0.9545112992905083
"[0.17573541662341946, 1.0993348560367988, -0.7574233502145765, 0.26744085558485714]",24.156990936162806,0.955139680659363
"[0.17579275050106752, 1.0993067956550406, -0.7574032282735378, 0.26744095725257294]",24.15661302431257,0.955768062028218
"[0.17585007295239924, 1.0992787283335157, -0.75738311344379, 0.26744105162550785]",24.156235301182484,0.9563964433970727
"[0.17590738173177273, 1.0992506551775658, -0.7573630065120126, 0.2674411387032618]",24.15585776580165,0.9570248247659277
"[0.17596467932381288, 1.0992225749759057, -0.7573429066051249, 0.2674412184929273]",24.15548041957621,0.9576532061347824
"[0.1760219651977864, 1.0991944879937634, -0.7573228139081377, 0.26744129099667713]",24.15510326512975,0.9582815875036373
"[0.1760792394583867, 1.0991663941851073, -0.7573027283831186, 0.2674413562176547]",24.15472629738482,0.9589099688724921
"[0.17613650187046287, 1.0991382936706016, -0.7572826501113156, 0.26744141415861444]",24.154349519787864,0.959538350241347
"[0.17619375266470041, 1.0991101863423718, -0.7572625790106221, 0.26744146482281866]",24.153972931130003,0.9601667316102018
"[0.17625099187547372, 1.0990820721887717, -0.7572425150677928, 0.2674415082132682]",24.15359653073141,0.9607951129790567
"[0.17630821976354072, 1.0990539510868964, -0.7572224581902439, 0.2674415443330949]",24.15322032271346,0.9614234943479115
"[0.1763654365298989, 1.0990258229429386, -0.757202408306404, 0.2674415731852407]",24.152844303270935,0.9620518757167664
"[0.17642264176469968, 1.0989976879634478, -0.7571823655587375, 0.26744159477237234]",24.152468473061326,0.9626802570856212
"[0.17647983572186962, 1.0989695460286522, -0.7571623298571115, 0.2674416090974885]",24.15209283383165,0.9633086384544761
"[0.17653701918731285, 1.0989413967566095, -0.7571423009251375, 0.26744161616348067]",24.15171738513239,0.9639370198233309
"[0.17659419124246378, 1.0989132406043078, -0.7571222790834584, 0.26744161597296207]",24.15134212445549,0.9645654011921858
"[0.17665135218429684, 1.0988850774305037, -0.7571022642269328, 0.26744160852877286]",24.15096705537648,0.9651937825610406
"[0.17670850217424816, 1.0988569071605168, -0.7570822562979316, 0.26744159383364596]",24.150592175791804,0.9658221639298955
"[0.1767656414236601, 1.09882872969491, -0.7570622552213923, 0.2674415718902087]",24.150217486572387,0.9664505452987503
"[0.17682277018149456, 1.0988005449154974, -0.7570422609091332, 0.2674415427009606]",24.14984298884351,0.9670789266676052
"[0.17687988851483516, 1.0987723527936626, -0.7570222733366682, 0.26744150626839974]",24.149468679938646,0.96770730803646
"[0.17693699605162175, 1.0987441535176194, -0.757002292633161, 0.2674414625953504]",24.149094563357174,0.9683356894053149
"[0.17699409232030766, 1.0987159473250856, -0.7569823189624902, 0.2674414116849324]",24.148720635190433,0.9689640707741696
"[0.17705117914934623, 1.0986877333171794, -0.7569623516840316, 0.2674413535379988]",24.148346898865487,0.9695924521430244
"[0.17710825581570797, 1.0986595118552875, -0.756942391049779, 0.26744128815756374]",24.14797335508902,0.9702208335118793
"[0.1771653221301965, 1.0986312830373248, -0.7569224371249168, 0.2674412155463102]",24.14760000219662,0.9708492148807341
"[0.17722237807353905, 1.0986030468771977, -0.7569024899152036, 0.26744113570673256]",24.14722683965246,0.971477596249589
"[0.17727942394655657, 1.0985748032304095, -0.7568825493144864, 0.2674410486408785]",24.146853865635002,0.9721059776184438
"[0.17733645928754557, 1.0985465523298745, -0.7568626154831873, 0.2674409543518942]",24.146481084313393,0.9727343589872987
"[0.17739348491841883, 1.0985182937727431, -0.7568426881330945, 0.26744085284082497]",24.146108494550024,0.9733627403561534
"[0.177450501282971, 1.0984900273429443, -0.7568227671082741, 0.26744074410904345]",24.145736096514756,0.9739911217250083
"[0.1775075069782436, 1.0984617537401522, -0.7568028528979835, 0.2674406281615607]",24.145363890321665,0.9746195030938631
"[0.1775645032485906, 1.0984334723513904, -0.7567829450665857, 0.26744050499821137]",24.14499187397571,0.975247884462718
"[0.17762149011599804, 1.0984051831695378, -0.7567630436055659, 0.2674403746210766]",24.144620050462304,0.9758762658315728
"[0.17767846748549787, 1.0983768862455447, -0.7567431485472482, 0.26744023703251174]",24.144248418890744,0.9765046472004277
"[0.17773543600352787, 1.0983485812619946, -0.7567232596651176, 0.2674400922329906]",24.143876979840698,0.9771330285692825
"[0.17779239441526917, 1.0983202688461704, -0.7567033773964114, 0.2674399402278498]",24.14350573051235,0.9777614099381374
"[0.1778493429312944, 1.0982919488975709, -0.7566835016666967, 0.26743978101887567]",24.143134672769396,0.9783897913069922
"[0.17790628311560655, 1.0982636206420127, -0.7566636319293325, 0.2674396146037026]",24.14276380978073,0.9790181726758471
"[0.17796321368395318, 1.0982352847219161, -0.7566437686317068, 0.26743944098803907]",24.142393137374746,0.9796465540447019
"[0.17802013551796717, 1.0982069407020876, -0.7566239114654196, 0.267439260171226]",24.142022656768535,0.9802749354135568
"[0.17807704770610472, 1.098178589040058, -0.7566040607476672, 0.2674390721581945]",24.14165237024219,0.9809033167824116
"[0.1781339517993947, 1.098150228966565, -0.756584215936716, 0.26743887694572516]",24.14128227313835,0.9815316981512665
"[0.17819084664974355, 1.0981218610571295, -0.7565643774322313, 0.2674386745396153]",24.140912371078063,0.9821600795201213
"[0.17824773209670491, 1.0980934853954034, -0.7565445452893579, 0.2674384649424857]",24.140542659306995,0.9827884608889762
"[0.1783046103853577, 1.0980651008645932, -0.7565247187247218, 0.2674382481477871]",24.140173143369175,0.983416842257831
"[0.1783614783012673, 1.0980367090721228, -0.7565048988580946, 0.2674380241696121]",24.139803816033968,0.9840452236266859
"[0.1784183387428967, 1.098008308574377, -0.7564850846785347, 0.26743779299848286]",24.139434684377186,0.9846736049955407
"[0.1784751901434061, 1.0979799001569466, -0.7564652767314027, 0.26743755464243213]",24.139065744626034,0.9853019863643956
"[0.1785320336191066, 1.0979514832652466, -0.7564454746270595, 0.26743730909857893]",24.138696999339547,0.9859303677332504
"[0.17858886829254758, 1.0979230583409334, -0.7564256786705352, 0.2674370563723864]",24.13832844326738,0.9865587491021053
"[0.17864569434641198, 1.0978946252959736, -0.7564058887974785, 0.2674367964649016]",24.13796008241153,0.9871871304709601
"[0.17870251362703118, 1.0978661832091903, -0.7563861043643467, 0.2674365293691363]",24.137591915697243,0.987815511839815
"[0.17875932364168243, 1.0978377333312195, -0.7563663262385025, 0.2674362550983894]",24.13722394140871,0.9884438932086698
"[0.17881612525131155, 1.097809275234296, -0.7563465541194762, 0.26743597365039506]",24.136856159638175,0.9890722745775247
"[0.17887291983192705, 1.0977808082316767, -0.75632678752774, 0.26743568501979775]",24.136488571235027,0.9897006559463795
"[0.17892970628058436, 1.0977523328787475, -0.7563070268466284, 0.2674353892136129]",24.13612117747656,0.9903290373152344
"[0.17898648463075878, 1.0977238491616335, -0.7562872720638757, 0.26743508623328]",24.135753976141636,0.9909574186840892
"[0.17904325528133527, 1.0976953568829957, -0.7562675230401172, 0.267434776078201]",24.135386969438176,0.991585800052944
"[0.17910001865239983, 1.097666855834495, -0.7562477796287024, 0.26743445874745336]",24.135020155560596,0.9922141814217988
"[0.17915677414899442, 1.0976383463174189, -0.7562280420360403, 0.2674341342457706]",24.13465353549513,0.9928425627906536
"[0.17921352175731114, 1.0976098283414535, -0.7562083102663562, 0.2674338025747516]",24.13428710938164,0.9934709441595085
"[0.17927026226445375, 1.097581301513546, -0.7561885840454508, 0.26743346373116955]",24.1339208776789,0.9940993255283633
"[0.17932699545516217, 1.0975527659441886, -0.7561688634477043, 0.26743311771755]",24.133554840630808,0.9947277068972182
"[0.17938372140460826, 1.0975242215980485, -0.7561491484464757, 0.2674327645347921]",24.133188995628764,0.995356088266073
"[0.17944043970782225, 1.097495668681239, -0.7561294391820413, 0.2674324041866969]",24.132823346639235,0.9959844696349279
"[0.1794971502078041, 1.0974671072754985, -0.7561097357083916, 0.2674320366757518]",24.13245788797999,0.9966128510037827
"[0.17955385451450143, 1.097438536572143, -0.7560900374657425, 0.26743166199268903]",24.13209262719899,0.9972412323726376
"[0.1796105521670282, 1.0974099568052031, -0.756070344613855, 0.2674312801415263]",24.131727561622498,0.9978696137414924
"[0.1796672423033874, 1.0973813684114067, -0.7560506574516835, 0.2674308911292783]",24.131362687508588,0.9984979951103473
"[0.1797239252810496, 1.09735277121282, -0.7560309758546147, 0.26743049495477034]",24.130998009787398,0.9991263764792021
"[0.1797806023541647, 1.0973241645786884, -0.7560112993867922, 0.2674300916103033]",24.13063352653289,0.999754757848057
"[0.17983727185111628, 1.097295549354595, -0.7559916286281941, 0.2674296811087805]",24.13026923693199,1.0003831392169118
"[0.17989393509732104, 1.0972669248734426, -0.7559719631183166, 0.26742926344178014]",24.129905142365846,1.0010115205857666
"[0.17995059124542404, 1.0972382915652068, -0.7559523031508728, 0.26742883861658306]",24.12954124310243,1.0016399019546216
"[0.18000724160665169, 1.0972096487690128, -0.755932648270521, 0.267428406624323]",24.129177538452755,1.0022682833234764
"[0.1800638849306044, 1.0971809971188438, -0.7559129989107541, 0.2674279674754838]",24.12881402930901,1.0028966646923312
"[0.18012052189218303, 1.0971523362752649, -0.7558933548370763, 0.26742752116588364]",24.128450712902193,1.003525046061186
"[0.1801771528536569, 1.097123666056606, -0.755873715923533, 0.267427067693546]",24.128087594955407,1.004153427430041
"[0.18023377743638622, 1.0970949866561448, -0.7558540823011461, 0.2674266070623438]",24.1277246703617,1.0047818087988958
"[0.1802903958462576, 1.097066297971294, -0.7558344538982157, 0.2674261392715015]",24.127361940332612,1.0054101901677506
"[0.18034700775054763, 1.0970376001723665, -0.7558148308297701, 0.26742566432468595]",24.126999405780875,1.0060385715366054
"[0.18040361420138015, 1.0970088927274737, -0.7557952127308643, 0.2674251822138341]",24.126637067914935,1.0066669529054604
"[0.18046021457319558, 1.0969801759552678, -0.7557755998180559, 0.2674246929450061]",24.126274923829545,1.0072953342743152
"[0.1805168087542062, 1.0969514499139796, -0.7557559921298148, 0.2674241965199666]",24.125912974481363,1.00792371564317
"[0.18057339733029878, 1.0969227143076792, -0.7557363894629002, 0.2674236929343368]",24.1255512240649,1.0085520970120248
"[0.18062997995173, 1.096893969315302, -0.7557167919382424, 0.2674231821919227]",24.125189667657853,1.0091804783808798
"[0.1806865573601051, 1.096865214561318, -0.7556971992987899, 0.2674226642866545]",24.12482830704924,1.0098088597497346
"[0.18074312856592495, 1.0968364505499213, -0.7556776118869913, 0.2674221392282577]",24.124467141771948,1.0104372411185893
"[0.180799694419292, 1.0968076768502124, -0.7556580294082804, 0.2674216070095371]",24.124106171816546,1.0110656224874441
"[0.18085625505451167, 1.09677889339489, -0.7556384518160177, 0.2674210676297352]",24.12374539826314,1.0116940038562992
"[0.18091280962192566, 1.0967501006175884, -0.7556188794040984, 0.2674205210975944]",24.123384821221965,1.012322385225154
"[0.18096935953043514, 1.0967212978020746, -0.7555993116847763, 0.26741996740003077]",24.12302444059323,1.0129507665940087
"[0.18102590399264698, 1.0966924853502695, -0.7555797489304003, 0.26741940654517615]",24.122664255540613,1.0135791479628635
"[0.18108244303311072, 1.0966636632507547, -0.7555601911323154, 0.2674188385333359]",24.12230426598975,1.0142075293317185
"[0.18113897709791235, 1.0966348312770864, -0.7555406381360847, 0.2674182633605003]",24.12194447260308,1.0148359107005733
"[0.18119550602259812, 1.0966059895139828, -0.7555210899984849, 0.26741768102874947]",24.121584876071534,1.0154642920694281
"[0.1812520299340349, 1.0965771378976084, -0.7555015466755314, 0.26741709153720894]",24.121225475592176,1.016092673438283
"[0.18130854875020128, 1.096548276470641, -0.7554820081954926, 0.2674164948871203]",24.120866272953805,1.0167210548071377
"[0.18136506280494605, 1.096519405063429, -0.7554624744428593, 0.2674158910753535]",24.120507265779498,1.0173494361759925
"[0.18142157188788494, 1.0964905237841314, -0.7554429454902921, 0.267415280104465]",24.12014845476172,1.0179778175448473
"[0.1814780775070172, 1.0964616318623304, -0.7554234208166755, 0.2674146619582421]",24.119789842766615,1.0186061989137023
"[0.18153457696482816, 1.096432730677964, -0.7554039013540393, 0.26741403666649677]",24.119431424469198,1.019234580282557
"[0.18159107171991018, 1.0964038194860823, -0.7553843865982875, 0.2674134042136736]",24.119073203646302,1.0198629616514119
"[0.18164756268526053, 1.0963748978196994, -0.7553648762340995, 0.2674127645896057]",24.118715179894767,1.0204913430202667
"[0.1817040489503973, 1.096345966145295, -0.7553453705759549, 0.2674121178047116]",24.11835735260521,1.0211197243891217
"[0.18176053097582484, 1.0963170242274416, -0.7553258694648353, 0.2674114638538847]",24.11799972474991,1.0217481057579765
"[0.18181700831908554, 1.096288072293338, -0.7553063730534966, 0.2674108027424372]",24.117642290443545,1.0223764871268313
"[0.18187348157384842, 1.096259110039048, -0.7552868811370108, 0.2674101344635616]",24.11728505488299,1.023004868495686
"[0.18192995042315596, 1.0962301376274062, -0.7552673938248187, 0.2674094590210845]",24.11692801654695,1.023633249864541
"[0.18198641587257353, 1.0962011545425776, -0.7552479107699896, 0.2674087764029411]",24.116571174915173,1.0242616312333959
"[0.1820428761104081, 1.0961721617148266, -0.7552284325976625, 0.2674080866311421]",24.116214530635983,1.0248900126022507
"[0.18209933354488336, 1.0961431579076417, -0.7552089584771056, 0.2674073896762544]",24.115858084316905,1.0255183939711054
"[0.18215578621587933, 1.0961141441280229, -0.7551894890845344, 0.26740668556240205]",24.11550183533664,1.0261467753399605
"[0.18221223523316865, 1.0960851198058414, -0.7551700240372647, 0.26740597427579177]",24.115145783683083,1.0267751567088153
"[0.18226868017877623, 1.0960560851560646, -0.755150563479521, 0.26740525582163327]",24.114789929096315,1.02740353807767
"[0.18232512204888462, 1.0960270396661136, -0.7551311070679997, 0.2674045301870666]",24.114434273447845,1.0280319194465248
"[0.18238156027511976, 1.0959979836281957, -0.7551116549988095, 0.267403797379144]",24.1140788154681,1.0286603008153798
"[0.1824379942911259, 1.095968917333973, -0.7550922074672424, 0.2674030574051768]",24.113723553161996,1.0292886821842346
"[0.18249442431043528, 1.095939840673652, -0.7550727643997802, 0.2674023102623828]",24.113368489803896,1.0299170635530894
"[0.1825508516440734, 1.0959107529713692, -0.7550533253449018, 0.2674015559331201]",24.113013624632686,1.0305454449219442
"[0.18260727551955447, 1.0958816546249335, -0.7550338905689358, 0.2674007944273883]",24.112658956395894,1.0311738262907992
"[0.1826636959729638, 1.0958525456154018, -0.7550144600596503, 0.2674000257444172]",24.11230448666349,1.031802207659654
"[0.18272011309845232, 1.0958234258939346, -0.7549950337847985, 0.26739924988267766]",24.111950215761958,1.0324305890285088
"[0.18277652644686074, 1.095794295692195, -0.7549756118991966, 0.26739846684815427]",24.11159614199176,1.0330589703973636
"[0.18283293761325065, 1.0957651541859978, -0.7549561938539462, 0.2673976766182993]",24.11124226670693,1.0336873517662186
"[0.18288934578964874, 1.09573600179187, -0.7549367799274997, 0.26739687920383615]",24.1108885911583,1.0343157331350734
"[0.18294575000287192, 1.0957068390126194, -0.7549173704549441, 0.2673960746183433]",24.110535111786053,1.0349441145039282
"[0.18300215110620063, 1.0956776654068208, -0.7548979651428308, 0.2673952628494103]",24.110181830410934,1.035572495872783
"[0.18305855034218366, 1.0956484803308837, -0.7548785635639811, 0.2673944438785481]",24.109828748706956,1.036200877241638
"[0.1831149455482242, 1.0956192849033133, -0.7548591664625953, 0.26739361773672854]",24.109475862278074,1.0368292586104928
"[0.18317133899457416, 1.0955900779481995, -0.7548397730580886, 0.2673927843902425]",24.109123179985648,1.0374576399793476
"[0.18322772994140563, 1.0955608598475812, -0.7548203836052776, 0.26739194384927145]",24.1087706932939,1.0380860213482024
"[0.18328411741965378, 1.0955316311029961, -0.7548009984376209, 0.26739109612783524]",24.108418405017705,1.0387144027170574
"[0.18334050214805936, 1.0955023913414004, -0.75478161730826, 0.26739024121475374]",24.10806631611104,1.0393427840859122
"[0.18339688496425888, 1.095473140127415, -0.7547622399296374, 0.26738937909664906]",24.107714425786387,1.039971165454767
"[0.18345326495480005, 1.095443877933955, -0.7547428666160415, 0.26738850978682294]",24.10736273360407,1.0405995468236218
"[0.18350964274445622, 1.0954146044358801, -0.7547234971531196, 0.2673876332750388]",24.10701124011912,1.0412279281924768
"[0.18356601831137187, 1.0953853196434438, -0.7547041315487669, 0.26738674956090436]",24.106659947280466,1.0418563095613316
"[0.18362239104404715, 1.0953560238734208, -0.7546847700133723, 0.26738585865340053]",24.10630885200676,1.0424846909301864
"[0.18367876298198374, 1.09532671606457, -0.7546654118469092, 0.2673849605194117]",24.105957957262802,1.0431130722990412
"[0.1837351310758882, 1.0952973978012126, -0.7546460580968727, 0.26738405520683645]",24.105607259957676,1.0437414536678962
"[0.18379149769434258, 1.0952680678505902, -0.7546267079503364, 0.2673831426770681]",24.105256762407013,1.044369835036751
"[0.18384786216823443, 1.0952387265595194, -0.7546073616374518, 0.26738222294005504]",24.104906463095702,1.0449982164056058
"[0.1839042249963635, 1.0952093736670352, -0.7545880189874536, 0.2673812959868006]",24.10455636458587,1.0456265977744605
"[0.18396058649384156, 1.095180009007454, -0.75456867989271, 0.2673803618111068]",24.104206465877304,1.0462549791433156
"[0.18401694488831435, 1.0951506335030756, -0.7545493449617527, 0.26737942044160823]",24.103856765035147,1.0468833605121703
"[0.1840733020080273, 1.0951212461998883, -0.7545300135677481, 0.2673784718470391]",24.103507262922356,1.0475117418810251
"[0.18412965750093468, 1.0950918472798241, -0.7545106858319786, 0.26737751603227367]",24.10315796215111,1.04814012324988
"[0.184186011557999, 1.0950624366417085, -0.7544913616894543, 0.26737655299306967]",24.102808860443925,1.048768504618735
"[0.18424236389065227, 1.095033014434646, -0.754472041239615, 0.26737558273338735]",24.102459957907644,1.0493968859875897
"[0.1842987139934976, 1.0950035809212169, -0.7544527246561757, 0.26737460526107937]",24.10211125427312,1.0500252673564445
"[0.1843550637556948, 1.0949741351129247, -0.7544334112920855, 0.26737362054227165]",24.1017627531711,1.0506536487252993
"[0.18441141200048608, 1.0949446776227432, -0.7544141015512684, 0.26737262859629596]",24.101414449439133,1.0512820300941543
"[0.18446775743228774, 1.0949152091268366, -0.7543947958781019, 0.26737162944519893]",24.10106634499465,1.0519104114630091
"[0.18452410323214738, 1.094885727959711, -0.7543754931832303, 0.2673706230314177]",24.100718442649978,1.052538792831864
"[0.1845804470569407, 1.094856235345326, -0.7543561942699671, 0.2673696093955346]",24.10037073863548,1.0531671742007187
"[0.18463678995071975, 1.0948267307355257, -0.7543368987812331, 0.26736858851770356]",24.10002323491514,1.0537955555695737
"[0.18469313109091584, 1.094797214559368, -0.7543176069992671, 0.2673675604117444]",24.099675930441474,1.0544239369384285
"[0.18474947180877346, 1.0947676861175681, -0.7542983184688205, 0.2673665250521768]",24.09932882783043,1.0550523183072833
"[0.18480581181089123, 1.0947381455616645, -0.7542790332910145, 0.2673654824429917]",24.098981924879997,1.055680699676138
"[0.18486215063501057, 1.0947085931321068, -0.7542597516246763, 0.26736443259152104]",24.098635222174348,1.056309081044993
"[0.18491848742443695, 1.094679029276697, -0.7542404737635161, 0.2673633755127115]",24.09828871857075,1.056937462413848
"[0.1849748247964219, 1.0946494526198747, -0.7542211988125798, 0.26736231115612646]",24.097942415429593,1.0575658437827027
"[0.18503116104277476, 1.0946198640559923, -0.7542019273570226, 0.267361239552521]",24.097596313735817,1.0581942251515575
"[0.18508749651601586, 1.0945902633979498, -0.7541826592768581, 0.26736016069394986]",24.09725041098851,1.0588226065204125
"[0.1851438316291038, 1.0945606504265082, -0.7541633944315256, 0.26735907457109076]",24.096904710784962,1.0594509878892673
"[0.18520016541305517, 1.0945310256489782, -0.7541441331530135, 0.26735798120133303]",24.096559209574373,1.060079369258122
"[0.18525650013222714, 1.0945013878720973, -0.754124874667846, 0.26735688053918033]",24.096213909542463,1.0607077506269769
"[0.1853128333712888, 1.0944717383641407, -0.7541056198024476, 0.26735577263030336]",24.09586880986177,1.0613361319958319
"[0.1853691665318451, 1.0944420763853073, -0.7540863680783892, 0.26735465744580866]",24.095523910539363,1.0619645133646867
"[0.1854254987995761, 1.0944124023620803, -0.7540671197746531, 0.2673535350003783]",24.095179212758055,1.0625928947335415
"[0.18548183134608634, 1.094382715674875, -0.7540478744916329, 0.2673524052691546]",24.094834714109172,1.0632212761023963
"[0.18553816314598226, 1.0943530168615931, -0.7540286325803766, 0.2673512682711585]",24.094490417851564,1.063849657471251
"[0.1855944958666053, 1.0943233050405043, -0.7540093934721392, 0.26735012397106905]",24.09414632295916,1.0644780388401058
"[0.18565082699152272, 1.0942935815364563, -0.7539901580270685, 0.26734897241849714]",24.093802427479172,1.0651064202089606
"[0.18570715909122656, 1.0942638449906854, -0.7539709253681398, 0.26734781355937864]",24.0934587351844,1.0657348015778156
"[0.1857634908415087, 1.0942340960993604, -0.7539516959482898, 0.2673466474191891]",24.0931152401875,1.0663631829466704
"[0.18581982281622367, 1.0942043345568582, -0.7539324695723866, 0.2673454739844475]",24.092771949214203,1.0669915643155252
"[0.1858761547809522, 1.094174560484289, -0.7539132463212427, 0.2673442932583367]",24.092428858337243,1.06761994568438
"[0.18593248687282268, 1.0941447738065002, -0.7538940261488493, 0.2673431052363209]",24.092085968605367,1.068248327053235
"[0.1859888189925278, 1.0941149745733054, -0.753874809089882, 0.26734190991881723]",24.091743279158617,1.0688767084220898
"[0.18604515185805529, 1.0940851624019874, -0.7538555949002534, 0.26734070728879195]",24.091400793017108,1.0695050897909446
"[0.18610148509934746, 1.094055337485365, -0.753836383707057, 0.26733949735227985]",24.09105850830188,1.0701334711597994
"[0.18615781819561528, 1.0940255000964314, -0.7538171756886983, 0.2673382801187691]",24.090716422453966,1.0707618525286544
"[0.18621415252864376, 1.0939956495002865, -0.753797970374902, 0.2673370555565351]",24.0903745410294,1.0713902338975092
"[0.18627048727293144, 1.093965786131145, -0.7537787680480152, 0.26733582368154885]",24.090032858687657,1.072018615266364
"[0.18632682303056608, 1.0939359096666985, -0.7537595685037133, 0.26733458447871]",24.089691379656298,1.0726469966352188
"[0.18638315741396966, 1.0939060213706056, -0.7537403725564519, 0.2673333379989488]",24.089350098580482,1.0732753780040736
"[0.1864394944999533, 1.0938761190767525, -0.7537211788179663, 0.2673320841501162]",24.08900902370867,1.0739037593729286
"[0.18649583182741208, 1.0938462040879133, -0.7537019881277371, 0.26733082298482735]",24.08866814857977,1.0745321407417834
"[0.1865521693008697, 1.0938162764518522, -0.753682800519144, 0.2673295545034055]",24.088327475166757,1.0751605221106382
"[0.18660850830511277, 1.093786335429751, -0.7536636155214688, 0.2673282786727033]",24.08798700346914,1.075788903479493
"[0.18666484816615744, 1.0937563813763123, -0.7536444333652114, 0.26732699550584743]",24.087646733662137,1.076417284848348
"[0.18672118911152633, 1.0937264141672636, -0.7536252539738535, 0.26732570499562075]",24.087306666382716,1.0770456662172028
"[0.18677753093045119, 1.0936964339113493, -0.7536060774201055, 0.267324407144785]",24.086966799470847,1.0776740475860576
"[0.1868338728993483, 1.093666440990587, -0.7535869039511207, 0.26732310196814324]",24.08662713471279,1.0783024289549124
"[0.1868902170773902, 1.0936364343053182, -0.7535677328671435, 0.2673217894158559]",24.086287672483166,1.0789308103237674
"[0.18694656191733822, 1.0936064146758937, -0.7535485646956537, 0.26732046952173216]",24.085948411641205,1.0795591916926222
"[0.18700290944479137, 1.0935763810192927, -0.7535293987486298, 0.26731914223598907]",24.08560935478637,1.080187573061477
"[0.1870592572693284, 1.0935463346059324, -0.7535102358401898, 0.26731780761267193]",24.085270499537568,1.0808159544303317
"[0.18711560542360495, 1.0935162754154928, -0.7534910759600774, 0.2673164656492024]",24.084931843793537,1.0814443357991868
"[0.18717195635397493, 1.0934862021392122, -0.7534719182775237, 0.26731511628502824]",24.08459339247543,1.0820727171680415
"[0.18722830807985058, 1.0934561158301934, -0.7534527634669663, 0.2673137595651967]",24.084255143937867,1.0827010985368963
"[0.18728466160851825, 1.093426015947034, -0.7534336111870386, 0.2673123954632423]",24.083917097088392,1.0833294799057511
"[0.18734101692290614, 1.093395902495019, -0.753414461444621, 0.26731102397723167]",24.08357925142197,1.0839578612746061
"[0.1873973733240673, 1.0933657758438875, -0.7533953144782779, 0.2673096451218837]",24.083241609245864,1.084586242643461
"[0.18745373207417929, 1.0933356353150614, -0.7533761698602726, 0.2673082588639615]",24.082904170144676,1.0852146240123157
"[0.1875100923207251, 1.0933054813604615, -0.7533570278813212, 0.2673068652219889]",24.08256693153762,1.0858430053811705
"[0.1875664540325276, 1.0932753139930542, -0.7533378885530639, 0.2673054641944608]",24.082229896620582,1.0864713867500255
"[0.18762281830113398, 1.09324513262452, -0.7533187515059748, 0.26730405575175753]",24.081893064206902,1.0870997681188803
"[0.18767918405712444, 1.09321493782342, -0.7532996171042913, 0.26730263991811065]",24.08155643544711,1.087728149487735
"[0.18773555132200884, 1.0931847295744956, -0.7532804853417687, 0.2673012166906905]",24.081220007407712,1.08835653085659
"[0.18779192092202623, 1.0931545074309286, -0.7532613559391003, 0.26729978604617743]",24.080883782626433,1.088984912225445
"[0.18784829351499616, 1.0931242710355071, -0.7532422286743053, 0.2672983479651251]",24.080547762482556,1.0896132935942997
"[0.1879046669234766, 1.0930940215521086, -0.7532231042873242, 0.26729690250061894]",24.080211942907386,1.0902416749631545
"[0.18796104285813856, 1.093063758058972, -0.7532039821989016, 0.267295449606448]",24.079876327225936,1.0908700563320093
"[0.18801742106357888, 1.093033480688852, -0.7531848624968788, 0.26729398928654513]",24.07954091427584,1.0914984377008643
"[0.18807380169311222, 1.0930031893550431, -0.7531657451304795, 0.26729252153428007]",24.079205703903316,1.092126819069719
"[0.18813018485835406, 1.0929728839931865, -0.75314663006308, 0.2672910463440712]",24.078870695041324,1.0927552004385739
"[0.1881865703060981, 1.092942564735002, -0.7531275173817411, 0.2672895637198786]",24.07853589195116,1.0933835818074287
"[0.1882429582372127, 1.0929122314681214, -0.7531084070195901, 0.26728807365376483]",24.078201292297287,1.0940119631762837
"[0.1882993483385723, 1.0928818843566503, -0.7530892990839584, 0.26728657615136125]",24.077866892894004,1.0946403445451385
"[0.18835574044307737, 1.0928515234863936, -0.7530701936326227, 0.2672850712145854]",24.07753269753135,1.0952687259139933
"[0.18841213586796474, 1.0928211481435668, -0.7530510902205847, 0.2672835588054888]",24.07719870628814,1.095897107282848
"[0.1884685347251992, 1.09279075826283, -0.7530319888113008, 0.26728203891801844]",24.076864918544175,1.096525488651703
"[0.18852493524277167, 1.0927603547945441, -0.7530128900061654, 0.2672805115972068]",24.076531332312687,1.0971538700205579
"[0.18858133814845826, 1.0927299373422374, -0.7529937935598985, 0.2672789768208084]",24.07619794955657,1.0977822513894127
"[0.18863774451899235, 1.0926995053204969, -0.7529746991092601, 0.26727743455664243]",24.07586477100648,1.0984106327582674
"[0.18869415418608995, 1.092669058815055, -0.7529556067126084, 0.26727588480624376]",24.075531797060293,1.0990390141271225
"[0.1887505660941155, 1.0926385983910316, -0.7529365167285224, 0.26727432759578656]",24.075199024847258,1.0996673954959773
"[0.18880698126604104, 1.0926081234914153, -0.7529174288121125, 0.2672727628942082]",24.074866456619613,1.100295776864832
"[0.18886339920358525, 1.092577634380549, -0.7528983431333048, 0.26727119071239797]",24.074534090731067,1.1009241582336868
"[0.18891982014083955, 1.092547130927194, -0.7528792596142183, 0.2672696110409563]",24.07420192941041,1.1015525396025418
"[0.18897624410506828, 1.0925166131117843, -0.7528601782469657, 0.26726802387618653]",24.0738699720414,1.1021809209713966
"[0.18903267177784117, 1.092486080560602, -0.7528410988024526, 0.2672664291958371]",24.073538217822193,1.1028093023402514
"[0.18908910195834933, 1.092455533918499, -0.7528220216880515, 0.26726482703086957]",24.073206667285298,1.1034376837091062
"[0.18914553599852896, 1.0924249724486939, -0.7528029464480861, 0.26726321733989183]",24.072875319963885,1.1040660650779612
"[0.18920197342007528, 1.092394396404954, -0.75278387324567, 0.2672616001333629]",24.07254417688774,1.104694446446816
"[0.18925841424891834, 1.0923638057681242, -0.752764802073446, 0.2672599754074421]",24.072213239676675,1.1053228278156708
"[0.18931485839243845, 1.0923332005833364, -0.7527457329641059, 0.2672583431617205]",24.071882501648062,1.1059512091845256
"[0.18937130560291343, 1.0923025809799165, -0.7527266660027182, 0.26725670340032925]",24.07155197079733,1.1065795905533806
"[0.18942775651466162, 1.0922719466086768, -0.7527076009764258, 0.26725505610174505]",24.071221643718804,1.1072079719222354
"[0.18948421149322656, 1.0922412972657989, -0.7526885377632663, 0.2672534012520035]",24.070891520159275,1.1078363532910902
"[0.189540669004212, 1.0922106337792439, -0.7526694768827558, 0.2672517388930087]",24.07056159969333,1.108464734659945
"[0.18959713125862765, 1.092179954942861, -0.7526504175898802, 0.2672500689564499]",24.070231883868058,1.1090931160288
"[0.18965359641319604, 1.0921492617527893, -0.7526313605083339, 0.2672483914935679]",24.069902371492038,1.1097214973976548
"[0.18971006653095893, 1.0921185530820925, -0.7526123049433473, 0.2672467064397378]",24.06957306522755,1.1103498787665094
"[0.18976653912299382, 1.0920878302789054, -0.7525932517362631, 0.26724501386598454]",24.06924396214494,1.1109782601353644
"[0.18982301650600694, 1.0920570920775619, -0.7525742001069091, 0.26724331369965576]",24.068915062711117,1.1116066415042192
"[0.1898794971403594, 1.0920263393104512, -0.7525551505761789, 0.2672416059837281]",24.06858636655654,1.112235022873074
"[0.1899359823360042, 1.0919955712588119, -0.7525361027037676, 0.2672398906752563]",24.068257876515702,1.1128634042419288
"[0.18999247163715846, 1.0919647881651646, -0.752517056644942, 0.2672381677846045]",24.067929590030005,1.1134917856107838
"[0.19004896469695307, 1.0919339902129497, -0.7524980125181818, 0.2672364373189744]",24.06760150789834,1.1141201669796386
"[0.19010546128096592, 1.0919031775246968, -0.7524789704039607, 0.2672346992823475]",24.067273629576654,1.1147485483484934
"[0.1901619629332857, 1.0918723492524578, -0.7524599297834321, 0.2672329536237065]",24.06694595629648,1.1153769297173481
"[0.19021846852005428, 1.0918415060089381, -0.7524408910403185, 0.2672312003744905]",24.066618487563634,1.1160053110862032
"[0.1902749779384116, 1.0918106478448597, -0.7524218542107632, 0.26722943953459993]",24.066291221471282,1.116633692455058
"[0.19033149222021925, 1.0917797741908501, -0.7524028189487654, 0.26722767106831624]",24.065964163814165,1.1172620738239127
"[0.19038801088149235, 1.0917488853053177, -0.7523837854189722, 0.2672258949871637]",24.065637307529077,1.1178904551927675
"[0.1904445335554793, 1.0917179813829687, -0.7523647537464601, 0.2672241112991975]",24.065310656333626,1.1185188365616225
"[0.1905010614730223, 1.0916870617448096, -0.7523457235184347, 0.26722231996193413]",24.064984210201356,1.1191472179304773
"[0.19055759307699965, 1.091656127236629, -0.7523266952607197, 0.267220521021135]",24.06465796693947,1.1197755992993321
"[0.19061413002505734, 1.0916251769453869, -0.7523076684169848, 0.2672187144204456]",24.06433193180401,1.120403980668187
"[0.1906706709473656, 1.0915942116149155, -0.7522886434498807, 0.2672169001999755]",24.064006099049852,1.121032362037042
"[0.19072721666131712, 1.091563230791683, -0.7522696200859735, 0.26721507832994157]",24.063680471993997,1.1216607434058967
"[0.1907837668929354, 1.09153223461972, -0.7522505984190909, 0.2672132488154984]",24.06335504817882,1.1222891247747515
"[0.1908403218496789, 1.091501222979268, -0.7522315783810976, 0.2672114116462786]",24.063029831047615,1.1229175061436063
"[0.19089688209116698, 1.0914701955571129, -0.7522125597855115, 0.26720956680027197]",24.062704817969898,1.1235458875124613
"[0.19095344692802438, 1.0914391527252412, -0.7521935428658186, 0.2672077142962243]",24.062380008887953,1.124174268881316
"[0.19101001634314296, 1.091408094486909, -0.7521745276294419, 0.2672058541309919]",24.062055406278414,1.124802650250171
"[0.19106659149014302, 1.0913770202023418, -0.7521555136903402, 0.26720398626277475]",24.06173100899786,1.1254310316190257
"[0.191123170518414, 1.091345930881803, -0.7521365016721586, 0.26720211074892714]",24.0614068148703,1.1260594129878807
"[0.19117975531955508, 1.0913148254796565, -0.7521174909409661, 0.26720022752298045]",24.061082827080927,1.1266877943567355
"[0.1912363455014497, 1.091283704204748, -0.7520984816303139, 0.26719833659394254]",24.06075904599996,1.1273161757255903
"[0.19129293972675623, 1.0912525677863585, -0.7520794741911148, 0.2671964380027648]",24.060435465843945,1.127944557094445
"[0.1913495402225548, 1.091221414992763, -0.7520604678771441, 0.26719453167083956]",24.060112094391744,1.1285729384633
"[0.19140614534677933, 1.0911902467211017, -0.7520414632416039, 0.26719261764946084]",24.059788926065384,1.1292013198321549
"[0.19146275634051124, 1.091159062281459, -0.7520224598695877, 0.2671906958927151]",24.059465964050144,1.1298297012010097
"[0.19151937226904872, 1.091127862182077, -0.7520034580766588, 0.26718876642832495]",24.059143206400407,1.1304580825698645
"[0.19157599320016874, 1.091096646379281, -0.7519844578417892, 0.2671868292501577]",24.058820654919813,1.1310864639387195
"[0.1916326194906215, 1.0910654146698688, -0.7519654590470346, 0.26718488434207194]",24.058498307810517,1.1317148453075743
"[0.19168925143245685, 1.0910341668860475, -0.751946461596227, 0.2671829316899846]",24.058176166570416,1.132343226676429
"[0.19174588930883887, 1.0910029028646464, -0.75192746539625, 0.26718097127995716]",24.057854230840046,1.1329716080452839
"[0.19180253272536138, 1.090971622816483, -0.7519084705812503, 0.2671790031214852]",24.05753250159608,1.1335999894141389
"[0.1918591813808691, 1.0909403269012092, -0.7518894772540208, 0.26717702722101627]",24.05721097511966,1.1342283707829937
"[0.19191583596457518, 1.0909090147312608, -0.7518704851853223, 0.26717504355040667]",24.056889655840887,1.1348567521518484
"[0.1919724958949635, 1.0908776866211953, -0.7518514945719441, 0.2671730521258935]",24.05656854237098,1.1354851335207032
"[0.19202916138782083, 1.0908463424449808, -0.7518325053433831, 0.26717105293583565]",24.056247633796293,1.1361135148895583
"[0.19208583274836974, 1.0908149820268889, -0.7518135173992212, 0.2671690459653055]",24.055926930312054,1.136741896258413
"[0.19214251106924948, 1.090783604754886, -0.7517945303753563, 0.2671670311711581]",24.055606434170738,1.1373702776272678
"[0.1921991939119597, 1.0907522119720052, -0.7517755450905513, 0.26716500863589815]",24.055286142234372,1.1379986589961226
"[0.1922558828777512, 1.0907208027847737, -0.7517565610102896, 0.2671629782983752]",24.054966054774646,1.1386270403649776
"[0.19231257792579176, 1.090689377208601, -0.7517375781501919, 0.26716094015570574]",24.054646175533545,1.1392554217338324
"[0.19236927892431352, 1.090657935309466, -0.7517185965562831, 0.26715889420836914]",24.05432650066569,1.1398838031026872
"[0.19242598580270592, 1.090626477119377, -0.7516996162541334, 0.2671568404546073]",24.054007032868622,1.140512184471542
"[0.19248269974193422, 1.0905950019757358, -0.7516806368504705, 0.26715477884716066]",24.053687769690992,1.141140565840397
"[0.19253941907670727, 1.0905635107955165, -0.7516616589045366, 0.2671527094422058]",24.05336871269752,1.1417689472092518
"[0.19259614440097053, 1.0905320032419596, -0.7516426822194954, 0.26715063221385343]",24.05304986063133,1.1423973285781066
"[0.19265287635018744, 1.0905004789547577, -0.7516237065847421, 0.2671485471344085]",24.052731215556186,1.1430257099469614
"[0.19270961445621837, 1.0904689381866242, -0.7516047321588579, 0.2671464542166081]",24.05241277680568,1.1436540913158164
"[0.19276635876595125, 1.090437380904205, -0.751585758928131, 0.2671443534543298]",24.052094543158685,1.1442824726846712
"[0.19282311002227664, 1.0904058066867943, -0.7515667866462008, 0.26714224481551896]",24.051776516790945,1.144910854053526
"[0.19287986685669525, 1.0903742162884211, -0.7515478157725487, 0.26714012834659256]",24.05145869424897,1.1455392354223808
"[0.19293663041045547, 1.090342609066587, -0.7515288459276824, 0.2671380040005999]",24.051141079626287,1.1461676167912358
"[0.19299340043271215, 1.0903109851534063, -0.7515098771974689, 0.2671358717823734]",24.050823668421586,1.1467959981600906
"[0.19305017645705166, 1.0902793448013197, -0.7514909097397431, 0.26713373170498594]",24.050506465042037,1.1474243795289454
"[0.19310696038300926, 1.090247686943905, -0.751471942922025, 0.26713158369211937]",24.050189468984552,1.1480527608978002
"[0.19316375003699682, 1.0902160127852099, -0.7514529774724179, 0.2671294278213256]",24.049872678310276,1.1486811422666552
"[0.19322054657327828, 1.0901843216740335, -0.7514340130074461, 0.2671272640443161]",24.049556094619625,1.14930952363551
"[0.19327734966907006, 1.0901526137827764, -0.7514150496369612, 0.26712509236874754]",24.049239716078826,1.1499379050043648
"[0.19333416032565012, 1.090120888544576, -0.7513960870288268, 0.2671229127515619]",24.048923543719987,1.1505662863732196
"[0.19339097659564503, 1.0900891470392868, -0.7513771258351056, 0.26712072526287495]",24.048607578149397,1.1511946677420746
"[0.1934478004359547, 1.0900573881660196, -0.7513581654047818, 0.2671185298227455]",24.048291818320394,1.1518230491109294
"[0.19350463102786744, 1.0900256123743157, -0.7513392060131932, 0.2671163264579715]",24.047976265631874,1.1524514304797842
"[0.19356146812546912, 1.0899938197940087, -0.7513202477444454, 0.26711411517346884]",24.04766091747134,1.153079811848639
"[0.1936183125523507, 1.089962009956527, -0.7513012903259473, 0.267111895932448]",24.04734577735535,1.153708193217494
"[0.19367516351514782, 1.089930183297954, -0.7512823340244027, 0.2671096687611378]",24.04703084338448,1.1543365745863488
"[0.19373202237143308, 1.0898983390501764, -0.7512633783893232, 0.2671074336014766]",24.04671611721101,1.1549649559552035
"[0.1937888879250665, 1.0898664778749587, -0.7512444238216642, 0.2671051904955863]",24.04640159645433,1.1555933373240583
"[0.19384576071822662, 1.0898345994605663, -0.7512254701428468, 0.2671029394172894]",24.04608728026253,1.1562217186929133
"[0.19390264025285664, 1.0898027040782576, -0.7512065175209844, 0.26710068038153223]",24.04577317285145,1.1568501000617681
"[0.19395952795229263, 1.089770790921555, -0.75118756548405, 0.26709841332677425]",24.04545927170711,1.1574784814306227
"[0.19401642201315195, 1.0897388609940342, -0.7511686146350118, 0.26709613832000717]",24.045145578127702,1.1581068627994775
"[0.1940733230637998, 1.089706913935234, -0.7511496647666738, 0.2670938553313983]",24.044832089129198,1.1587352441683325
"[0.19413023250776074, 1.0896749489487156, -0.7511307154138783, 0.2670915642995657]",24.04451880916405,1.1593636255371873
"[0.19418714907599807, 1.089642966738742, -0.7511117670014671, 0.2670892652704679]",24.04420573321077,1.159992006906042
"[0.19424407279099706, 1.0896109672845833, -0.7510928195241315, 0.26708695823832324]",24.043892865800263,1.1606203882748969
"[0.19430100428216465, 1.0895789502240953, -0.7510738727746045, 0.2670846431726125]",24.043580203455875,1.161248769643752
"[0.19435794256557987, 1.0895469161024132, -0.7510549270825384, 0.2670823201084088]",24.043267750443118,1.1618771510126067
"[0.19441488941066098, 1.0895148639155503, -0.7510359818614529, 0.26707998896841256]",24.042955501884656,1.1625055323814615
"[0.1944718429394488, 1.0894827947120567, -0.7510170377383791, 0.26707764982441706]",24.042643460216965,1.1631339137503163
"[0.19452880490145025, 1.089450707498415, -0.7509980941336469, 0.26707530259950585]",24.04233162837721,1.1637622951191713
"[0.19458577423432333, 1.0894186028643789, -0.750979151402879, 0.2670729473322403]",24.04202000113589,1.164390676488026
"[0.19464275130551514, 1.0893864805944427, -0.7509602094261608, 0.2670705840023545]",24.041708580902654,1.1650190578568809
"[0.19469973554735684, 1.0893543410002935, -0.7509412683944574, 0.26706821262836594]",24.041397366479252,1.1656474392257357
"[0.1947567285902306, 1.0893221831536353, -0.7509223277681881, 0.26706583313716875]",24.041086361874015,1.1662758205945907
"[0.19481372849947176, 1.089290008137444, -0.7509033881926221, 0.2670634456043379]",24.040775561215543,1.1669042019634455
"[0.19487073681277126, 1.0892578150752492, -0.7508844491591025, 0.26706104996035723]",24.040464970391202,1.1675325833323003
"[0.19492775323438513, 1.089225604125085, -0.7508655107682822, 0.267058646212263]",24.040154584815852,1.168160964701155
"[0.1949847776793247, 1.0891933753261336, -0.750846573050757, 0.26705623435832726]",24.039844407806335,1.16878934607001
"[0.1950418098853135, 1.0891611288179732, -0.7508276360959494, 0.26705381440443493]",24.03953443514147,1.1694177274388649
"[0.19509884998615276, 1.0891288645162251, -0.7508086998617732, 0.26705138633965986]",24.0392246729126,1.1700461088077196
"[0.19515589794002888, 1.0890965824358774, -0.7507897643644343, 0.26704895016056657]",24.03891511553127,1.1706744901765744
"[0.19521295450281637, 1.0890642821402097, -0.7507708293554483, 0.2670465058294733]",24.03860576575579,1.1713028715454294
"[0.19527001915833653, 1.089031963912347, -0.7507518950085492, 0.26704405336303166]",24.038296623689675,1.1719312529142842
"[0.19532709234096804, 1.0889996274973845, -0.7507329611819895, 0.2670415927372172]",24.037987687792697,1.172559634283139
"[0.1953841730119007, 1.0889672734749298, -0.7507140282227945, 0.267039123991432]",24.037678962493082,1.1731880156519938
"[0.195441262718804, 1.0889349009587783, -0.7506950956200228, 0.2670366470533452]",24.037370442371024,1.1738163970208488
"[0.19549836009886884, 1.0889025107126145, -0.7506761638280556, 0.2670341619766183]",24.037062127373755,1.1744447783897036
"[0.19555546671171067, 1.0888701018425686, -0.7506572323322152, 0.26703166868788103]",24.036754022529614,1.1750731597585584
"[0.1956125807053917, 1.0888376753905538, -0.7506383017488748, 0.2670291672625235]",24.036446123285916,1.1757015411274132
"[0.1956697042641797, 1.0888052301072753, -0.7506193713565102, 0.2670266575993633]",24.036138433062753,1.1763299224962682
"[0.19572683508890798, 1.0887727672894714, -0.7506004419195018, 0.26702413979390743]",24.03583094919939,1.176958303865123
"[0.1957839747476781, 1.0887402860372144, -0.7505815129206714, 0.26702161377169004]",24.03552367298131,1.1775866852339778
"[0.1958411235925713, 1.0887077861407848, -0.7505625842459412, 0.26701907951139203]",24.035216605133147,1.1782150666028326
"[0.19589828078276114, 1.0886752680689271, -0.7505436561763281, 0.26701653704463685]",24.03490974248302,1.1788434479716876
"[0.19595544663097206, 1.0886427316344922, -0.7505247286107427, 0.2670139863519601]",24.03460308913303,1.1794718293405424
"[0.1960126209879237, 1.088610176913129, -0.7505058016011055, 0.26701142743442136]",24.03429664419189,1.1801002107093972
"[0.19606980379190575, 1.0885776039307435, -0.7504868751703182, 0.2670088602892291]",24.033990404987087,1.180728592078252
"[0.1961269957793591, 1.0885450122583573, -0.7504679490771685, 0.2670062848776229]",24.033684374822577,1.181356973447107
"[0.1961841966786778, 1.088512402041096, -0.7504490234141161, 0.2670037012060327]",24.033378551674375,1.1819853548159618
"[0.19624140644662108, 1.0884797732940616, -0.7504300981980215, 0.2670011092706718]",24.033072935365265,1.1826137361848166
"[0.196298624670637, 1.0884471262431537, -0.7504111735678739, 0.26699850908458106]",24.032767527168605,1.1832421175536714
"[0.1963558517969457, 1.088414460624359, -0.7503922493786085, 0.26699590062182077]",24.032462326759752,1.1838704989225264
"[0.1964130881603399, 1.0883817762368784, -0.750373325522106, 0.26699328386130267]",24.032157333951996,1.1844988802913812
"[0.19647033327998947, 1.0883490733456347, -0.7503544021599226, 0.26699065881920725]",24.031852550320938,1.185127261660236
"[0.19652758743082097, 1.08831635178396, -0.7503354792037474, 0.2669880254771514]",24.031547971959924,1.1857556430290908
"[0.19658485082758012, 1.088283611419424, -0.7503165565851979, 0.2669853838194239]",24.031243603647944,1.1863840243979458
"[0.1966421236665962, 1.0882508521297898, -0.7502976342420642, 0.2669827338309712]",24.03093944092589,1.1870124057668006
"[0.1966994050218322, 1.0882180744350909, -0.7502787124828804, 0.266980075548839]",24.030635486502465,1.1876407871356554
"[0.1967566956088169, 1.0881852779162853, -0.7502597910738552, 0.2669774089340458]",24.0303317422311,1.1882691685045101
"[0.19681399573244687, 1.0881524623888623, -0.7502408699169536, 0.2669747339664094]",24.030028204314604,1.1888975498733652
"[0.1968713049683254, 1.0881196280859358, -0.7502219491549708, 0.26697205065977037]",24.029724873921353,1.18952593124222
"[0.19692862352989574, 1.088086774875356, -0.750203028720075, 0.2669693589982051]",24.029421751924936,1.1901543126110747
"[0.1969859508371845, 1.0880539030797935, -0.7501841088063207, 0.26696665900308447]",24.029118836049975,1.1907826939799295
"[0.19704328799515766, 1.0880210120557197, -0.7501651890516877, 0.26696395061639366]",24.028816132190602,1.1914110753487845
"[0.19710063525097082, 1.087988101650929, -0.750146269377401, 0.2669612338201972]",24.0285136340856,1.1920394567176393
"[0.19715799115922955, 1.0879551726848955, -0.7501273502629919, 0.26695850867695403]",24.028211342940534,1.1926678380864941
"[0.19721535672951832, 1.0879222245681397, -0.7501084313780821, 0.2669557751327647]",24.027909261379353,1.193296219455349
"[0.1972727317089977, 1.087889257435744, -0.7500895128087649, 0.2669530331935836]",24.02760738736606,1.193924600824204
"[0.1973301161189687, 1.087856271265407, -0.7500705945507065, 0.26695028285234385]",24.027305721109173,1.1945529821930587
"[0.1973875107402679, 1.0878232655979263, -0.7500516763492471, 0.2669475240653989]",24.027004262934046,1.1951813635619135
"[0.1974449139802182, 1.08779024133912, -0.7500327587320529, 0.2669447569032458]",24.026703013555288,1.1958097449307683
"[0.1975023273317853, 1.0877571976200384, -0.7500138412097934, 0.2669419812878744]",24.026401971068797,1.1964381262996233
"[0.19755975084174648, 1.087724134403154, -0.7499949237698824, 0.26693919721065507]",24.026101138259744,1.197066507668478
"[0.1976171836226372, 1.087691052189139, -0.7499760067074382, 0.26693640470841645]",24.025800514159382,1.197694889037333
"[0.19767462644496106, 1.0876579505238955, -0.7499570897714196, 0.26693360373751757]",24.025500097676613,1.1983232704061877
"[0.19773207833074039, 1.087624829960777, -0.7499381732866216, 0.2669307943395055]",24.025199887914027,1.1989516517750427
"[0.1977895408356631, 1.0875916895925157, -0.7499192567436056, 0.2669279764320404]",24.02489988690537,1.1995800331438975
"[0.1978470130281376, 1.0875585299457355, -0.7499003404518918, 0.2669251500544064]",24.024600095023796,1.2002084145127523
"[0.19790449493360748, 1.087525350995392, -0.7498814244058749, 0.26692231519912124]",24.02430051174734,1.200836795881607
"[0.19796198722493213, 1.0874921523425822, -0.7498625083869404, 0.26691947182667364]",24.024001136069817,1.201465177250462
"[0.19801948941884073, 1.087458934255624, -0.7498435925569605, 0.26691661995451094]",24.023701969349165,1.2020935586193169
"[0.19807700158694241, 1.0874256966826406, -0.7498246768951853, 0.26691375957276287]",24.023403011800784,1.2027219399881717
"[0.19813452329256984, 1.0873924398655812, -0.7498057615480166, 0.2669108906968864]",24.023104261042533,1.2033503213570265
"[0.1981920555274822, 1.0873591632204263, -0.749786846192162, 0.2669080132710316]",24.022805719813803,1.2039787027258815
"[0.1982495972404265, 1.0873258673446333, -0.7497679311760791, 0.26690512734141036]",24.022507385126357,1.2046070840947363
"[0.19830714973594424, 1.0872925514726022, -0.7497490160738081, 0.2669022328361399]",24.022209259579483,1.2052354654635908
"[0.19836471264742622, 1.0872592158055783, -0.7497301010087636, 0.26689932976706215]",24.021911343729435,1.2058638468324459
"[0.19842228552288638, 1.0872258605944962, -0.7497111861323559, 0.2668964181504711]",24.02161363617552,1.2064922282013006
"[0.19847986903734788, 1.0871924854374357, -0.7496922712257069, 0.26689349794571293]",24.021316137593928,1.2071206095701554
"[0.19853746216965945, 1.087159090915522, -0.7496733566271075, 0.266890569198121]",24.02101884515126,1.2077489909390102
"[0.19859506575517674, 1.0871256765337123, -0.749654442065065, 0.26688763185879527]",24.020721762831577,1.2083773723078652
"[0.1986526794340004, 1.0870922424899203, -0.7496355276606528, 0.2668846859395622]",24.020424888135867,1.20900575367672
"[0.198710303970012, 1.0870587883298457, -0.7496166131660275, 0.2668817313947464]",24.020128223865306,1.2096341350455748
"[0.19876793920613126, 1.0870253141334385, -0.7495976986357453, 0.2668787682256478]",24.01983176704952,1.2102625164144296
"[0.19882558470329043, 1.0869918201446933, -0.7495787842168371, 0.2668757964482187]",24.019535520230406,1.2108908977832846
"[0.19888324044357097, 1.0869583063631596, -0.7495598699180827, 0.2668728160568509]",24.019239478943916,1.2115192791521394
"[0.19894090713152243, 1.0869247723681448, -0.7495409555113273, 0.26686982700841927]",24.018943650313982,1.2121476605209942
"[0.19899858438252893, 1.0868912183720663, -0.7495220411257209, 0.2668668293161041]",24.018648026836907,1.212776041889849
"[0.19905627203621665, 1.086857644457135, -0.7495031268168152, 0.2668638229815753]",24.018352614995027,1.213404423258704
"[0.19911396977771648, 1.086824050795775, -0.7494842126907407, 0.26686080801472467]",24.018057410069662,1.2140328046275588
"[0.19917167899221985, 1.0867904365701109, -0.7494652982964447, 0.26685778433634083]",24.01776241478653,1.2146611859964136
"[0.19922939890692443, 1.0867568022187781, -0.7494463838902805, 0.2668547519800032]",24.01746762912579,1.2152895673652684
"[0.19928712955402028, 1.0867231477117525, -0.7494274694647057, 0.2668517109372475]",24.017173051746013,1.2159179487341234
"[0.19934487035745851, 1.0866894733737684, -0.7494085552114113, 0.266848661231755]",24.016878680488777,1.2165463301029782
"[0.19940262251339955, 1.0866557784959177, -0.7493896407415868, 0.2668456027935479]",24.01658452265238,1.217174711471833
"[0.19946038544903139, 1.0866220634008499, -0.7493707262459133, 0.26684253564602056]",24.016290569279114,1.2178030928406878
"[0.19951815873863477, 1.086588328325858, -0.7493518118667818, 0.266839459805046]",24.015996827984363,1.2184314742095428
"[0.19957594344157928, 1.0865545726409223, -0.7493328972604153, 0.2668363752073521]",24.015703293916282,1.2190598555783976
"[0.19963373919988905, 1.0865207965434636, -0.7493139825471054, 0.26683328186502003]",24.0154099681937,1.2196882369472524
"[0.19969154594241542, 1.0864870000635127, -0.7492950677532177, 0.2668301797749161]",24.01511685350209,1.2203166183161072
"[0.19974936333150756, 1.0864531833870714, -0.7492761529922782, 0.26682706894830005]",24.014823947044434,1.2209449996849622
"[0.1998071915191762, 1.0864193464138763, -0.7492572382175885, 0.2668239493701641]",24.01453124983013,1.221573381053817
"[0.19986503168112915, 1.0863854884441462, -0.7492383230477465, 0.26682082096996945]",24.014238761301424,1.2222017624226718
"[0.19992288223257587, 1.0863516103938717, -0.749219408004138, 0.26681768382639903]",24.013946481389123,1.2228301437915265
"[0.19998074438228663, 1.0863177115436047, -0.7492004926946274, 0.2668145378669416]",24.013654410678267,1.2234585251603816
"[0.2000386178766925, 1.0862837920299737, -0.7491815772052852, 0.2668113830982175]",24.01336254984452,1.2240869065292364
"[0.20009650230626141, 1.0862498520813046, -0.7491626616730847, 0.26680821953551553]",24.013070898164607,1.2247152878980911
"[0.2001543976226635, 1.086215891714393, -0.7491437461169015, 0.26680504717453346]",24.012779454667115,1.225343669266946
"[0.20021230443269158, 1.0861819105615533, -0.7491248303416189, 0.2668018659749557]",24.012488220446215,1.225972050635801
"[0.20027022327185362, 1.0861479082963585, -0.749105914175551, 0.2667986759000471]",24.012197195309863,1.2266004320046557
"[0.20032815251895653, 1.0861138858587671, -0.7490869981513226, 0.2667954770320099]",24.01190637954008,1.2272288133735105
"[0.20038609317028097, 1.0860798426520775, -0.7490680819467032, 0.26679226930886235]",24.011615772283886,1.2278571947423653
"[0.20044404570632973, 1.0860457783818445, -0.7490491654080509, 0.26678905269671677]",24.01132537586769,1.2284855761112203
"[0.20050200922681113, 1.0860116935652868, -0.7490302488324263, 0.2667858272383457]",24.011035187217463,1.2291139574800751
"[0.20055998444177986, 1.0859775877729339, -0.7490113319912837, 0.2667825928870626]",24.010745208551022,1.22974233884893
"[0.2006179713621266, 1.0859434609862333, -0.7489924148843058, 0.2667793496349577]",24.01045543968249,1.2303707202177847
"[0.2006759693174791, 1.0859093135877038, -0.7489734977333943, 0.26677609751230164]",24.01016587809125,1.2309991015866397
"[0.20073397927334008, 1.085875144996832, -0.7489545802268471, 0.2667728364577059]",24.00987652730823,1.2316274829554945
"[0.2007920006231111, 1.0858409555586972, -0.7489356625657367, 0.26676956649792655]",24.00958738422661,1.2322558643243493
"[0.20085003324503475, 1.0858067453330842, -0.748916744792955, 0.2667662876326295]",24.009298451671093,1.232884245693204
"[0.2009080783281935, 1.0857725136066716, -0.7488978265241713, 0.2667629997872027]",24.009009729415336,1.233512627062059
"[0.20096613466057253, 1.085738261081876, -0.7488789081577047, 0.266759703022866]",24.00872121599622,1.234141008430914
"[0.20102420224518114, 1.0857039877449943, -0.7488599896957605, 0.2667563973322703]",24.008432910736964,1.2347693897997687
"[0.2010822820867604, 1.0856696929906904, -0.7488410708142745, 0.26675308265081715]",24.00814481635164,1.2353977711686235
"[0.20114037417602695, 1.085635376811766, -0.748822151519647, 0.266749758971416]",24.007856931108602,1.2360261525374785
"[0.20119847774302654, 1.0856010396506417, -0.7488032320659426, 0.2667464263306585]",24.0075692555271,1.2366545339063333
"[0.2012565925158717, 1.085566681655963, -0.748784312544906, 0.26674308473689784]",24.007281786909314,1.237282915275188
"[0.20131471974109352, 1.0855323020783594, -0.7487653925540325, 0.2667397341109952]",24.00699453041875,1.2379112966440429
"[0.20137285830844193, 1.0854979015620576, -0.748746472458017, 0.2667363745094678]",24.006707482645748,1.2385396780128979
"[0.2014310096199548, 1.0854634792648739, -0.7487275518039513, 0.26673300584372256]",24.006420646317125,1.2391680593817527
"[0.20148917273702657, 1.0854290357296592, -0.7487086309006253, 0.2667296281604665]",24.00613401672,1.2397964407506075
"[0.20154734796557874, 1.0853945707627162, -0.7486897096518635, 0.26672624143439505]",24.005847598178164,1.2404248221194623
"[0.20160553476260118, 1.0853600846732823, -0.7486707882376025, 0.266722845689623]",24.005561388841777,1.2410532034883173
"[0.20166373319836542, 1.085325577407419, -0.7486518666382723, 0.26671944091465116]",24.005275386859115,1.241681584857172
"[0.20172194462778137, 1.085291048148951, -0.7486329444167776, 0.26671602702250685]",24.00498959827523,1.2423099662260269
"[0.20178016775452404, 1.0852564976539412, -0.7486140219979334, 0.2667126040814724]",24.004704016791813,1.2429383475948816
"[0.20183840294410055, 1.0852219256929712, -0.7485950992662922, 0.26670917206252476]",24.004418645560225,1.2435667289637367
"[0.20189665035190282, 1.0851873321610634, -0.7485761761747556, 0.26670573094884886]",24.004133484531774,1.2441951103325914
"[0.2019549101912151, 1.0851527169186699, -0.7485572526574656, 0.2667022807201001]",24.003848532420985,1.2448234917014462
"[0.20201318194350645, 1.0851180802611105, -0.7485383288862529, 0.2666988213993054]",24.003563790432022,1.245451873070301
"[0.20207146646744154, 1.0850834216650809, -0.7485194045857089, 0.2666953529277217]",24.00327925725025,1.2460802544391558
"[0.2021297628496654, 1.0850487416608088, -0.7485004800558271, 0.2666918753519453]",24.00299493608464,1.2467086358080108
"[0.20218807194880184, 1.085014039724615, -0.7484815550213143, 0.2666883886130002]",24.002710823114825,1.2473370171768656
"[0.2022463931197508, 1.0849793162274477, -0.7484626296950061, 0.2666848927416562]",24.00242691896431,1.2479653985457204
"[0.20230472715867298, 1.0849445706822392, -0.7484437038220254, 0.2666813876823419]",24.002143226789055,1.2485937799145752
"[0.20236307343248103, 1.084909803452956, -0.748424777611268, 0.2666778734652059]",24.001859744773288,1.2492221612834302
"[0.20242143103398297, 1.084875015067635, -0.7484058513603566, 0.26667435013733587]",24.0015764693604,1.249850542652285
"[0.20247980218695547, 1.0848402041875593, -0.7483869243515731, 0.26667081755660793]",24.00129340476026,1.2504789240211398
"[0.20253818601752843, 1.0848053713203212, -0.7483679968718815, 0.26666727576775767]",24.00101055087604,1.2511073053899946
"[0.20259658219744076, 1.0847705166486366, -0.7483490690312028, 0.2666637247827978]",24.000727906853413,1.2517356867588496
"[0.20265499026616116, 1.084735640434539, -0.7483301409822374, 0.26666016462199965]",24.000445471801445,1.2523640681277042
"[0.20271341140098975, 1.0847007419619188, -0.7483112123469654, 0.26665659520570184]",24.000163247814385,1.252992449496559
"[0.20277184508008245, 1.08466582152913, -0.7482922832980305, 0.2666530165577423]",23.99988123316049,1.253620830865414
"[0.2028302916264893, 1.08463087892978, -0.7482733537343401, 0.266649428650313]",23.99959942850815,1.2542492122342688
"[0.20288875064194256, 1.0845959143887387, -0.7482544237884139, 0.26664583149989485]",23.99931783412818,1.2548775936031236
"[0.20294722220738104, 1.0845609278443467, -0.7482354934375792, 0.2666422250935335]",23.999036449552406,1.2555059749719784
"[0.20300570672023335, 1.0845259190454433, -0.7482165625567295, 0.2666386093986773]",23.99875527441083,1.2561343563408334
"[0.2030642041385353, 1.084490888003626, -0.7481976311630529, 0.266634984409784]",23.998474309932533,1.2567627377096882
"[0.20312271445053467, 1.0844558347124171, -0.7481786992639562, 0.2666313501194491]",23.998193556336446,1.257391119078543
"[0.20318123683957232, 1.0844207596478683, -0.7481597671272076, 0.26662770657044643]",23.997913010293082,1.2580195004473977
"[0.2032397727748594, 1.084385661915938, -0.748140834281109, 0.266624053663192]",23.997632676281707,1.2586478818162528
"[0.20329832151197932, 1.0843505419492263, -0.7481219009700976, 0.2666203914358699]",23.997352552233107,1.2592762631851075
"[0.20335688252289036, 1.0843154000511865, -0.748102967368478, 0.26661671991350755]",23.997072636042688,1.2599046445539623
"[0.20341545748396583, 1.0842802352021175, -0.7480840329379143, 0.2666130389827431]",23.99679293080434,1.2605330259228171
"[0.20347404483061782, 1.084245048327522, -0.748065098187835, 0.2666093487336055]",23.996513438794526,1.2611614072916721
"[0.2035326454662873, 1.084209838871265, -0.7480461628298715, 0.26660564910103757]",23.996234154025636,1.261789788660527
"[0.20359125896264105, 1.0841746070769696, -0.7480272270060924, 0.2666019401038137]",23.99595508079402,1.2624181700293817
"[0.20364988496830624, 1.0841393531423904, -0.7480082908336052, 0.2665982217560668]",23.99567621527199,1.2630465513982365
"[0.20370852463790257, 1.0841040763594496, -0.7479893539431389, 0.26659449397628]",23.995397562035233,1.2636749327670915
"[0.20376717658503693, 1.0840687775484867, -0.7479704167860651, 0.26659075684434197]",23.99511911797702,1.2643033141359463
"[0.203825842790409, 1.0840334555035451, -0.747951478726576, 0.2665870102256797]",23.994840883575417,1.2649316955048011
"[0.20388452148615022, 1.083998111275, -0.7479325403390981, 0.2665832542247506]",23.99456286047194,1.265560076873656
"[0.20394321346331926, 1.083962744372717, -0.7479136013719652, 0.26657948878269616]",23.99428504681406,1.266188458242511
"[0.2040019190929929, 1.0839273545589845, -0.7478946617091967, 0.2665757138672197]",23.994007445236257,1.2668168396113657
"[0.20406063798938887, 1.0838919420522521, -0.7478757214790174, 0.26657192949463243]",23.993730054000462,1.2674452209802205
"[0.2041193693805566, 1.0838565073043969, -0.7478567809340774, 0.26656813570644716]",23.99345287221967,1.2680736023490753
"[0.20417811391981067, 1.08382104990758, -0.7478378398673399, 0.2665643324522253]",23.99317589818595,1.2687019837179303
"[0.20423687281290667, 1.0837855691196594, -0.747818897893859, 0.26656051964525973]",23.992899137122603,1.269330365086785
"[0.20429564434328332, 1.083750065962991, -0.7477999555707772, 0.26655669738840576]",23.99262258670266,1.2699587464556399
"[0.20435442934231315, 1.0837145399214705, -0.7477810126338464, 0.2665528656192315]",23.99234624560886,1.2705871278244947
"[0.20441322871589626, 1.0836789904331072, -0.7477620687950178, 0.2665490242699499]",23.9920701158492,1.2712155091933497
"[0.20447204010872497, 1.0836434189078719, -0.7477431248168629, 0.26654517348598594]",23.99179419459052,1.2718438905622045
"[0.20453086530712436, 1.0836078242515994, -0.7477241801276485, 0.26654131314210117]",23.99151848514993,1.2724722719310593
"[0.20458970362550064, 1.0835722068648674, -0.7477052349519788, 0.26653744327469603]",23.991242984622225,1.273100653299914
"[0.20464855659090705, 1.0835365658087357, -0.7476862888020399, 0.2665335637745762]",23.99096769703637,1.273729034668769
"[0.2047074219543369, 1.0835009024309166, -0.7476673424056497, 0.26652967478139383]",23.99069261647953,1.2743574160376239
"[0.20476630166678142, 1.0834652155352031, -0.7476483951386553, 0.26652577615769846]",23.99041774816068,1.2749857974064787
"[0.20482519472805327, 1.083429505713291, -0.7476294473267839, 0.26652186796097266]",23.99014309134628,1.2756141787753335
"[0.2048841011848593, 1.0833937729226084, -0.7476104989588147, 0.2665179501795317]",23.98986864409713,1.2762425601441885
"[0.20494302140139348, 1.083358016927877, -0.7475915499214298, 0.26651402278050335]",23.9895944068517,1.2768709415130433
"[0.20500195531594811, 1.0833222377520348, -0.7475726002383466, 0.2665100857592613]",23.989320381036087,1.277499322881898
"[0.2050609027137859, 1.0832864355110408, -0.7475536499824591, 0.2665061391214687]",23.98904656638694,1.2781277042507528
"[0.2051198639474075, 1.0832506099763308, -0.7475346990443081, 0.26650218283480714]",23.988772959266186,1.2787560856196079
"[0.20517883916353435, 1.0832147610440717, -0.747515747380654, 0.26649821688058806]",23.988499565710608,1.2793844669884626
"[0.20523782764637002, 1.083178889134901, -0.7474967952253799, 0.2664942412982275]",23.988226381106813,1.2800128483573174
"[0.20529683059993953, 1.0831429935019605, -0.747477842195566, 0.2664902559977414]",23.98795340730895,1.2806412297261722
"[0.20535584693125225, 1.083107074795469, -0.7474588886462337, 0.26648626104408435]",23.987680644755415,1.2812696110950272
"[0.20541487722262886, 1.0830711326464684, -0.7474399343942498, 0.26648225638907236]",23.987408093878244,1.281897992463882
"[0.20547392185220037, 1.0830351668098042, -0.7474209793221791, 0.2664782419980663]",23.987135752125475,1.2825263738327368
"[0.2055329793673029, 1.0829991781558128, -0.74740202390025, 0.2664742179610758]",23.98686361979471,1.2831547552015916
"[0.2055920512690334, 1.0829631657551966, -0.7473830676505511, 0.2664701841670456]",23.986591700276065,1.2837831365704466
"[0.20565113648220118, 1.0829271302487025, -0.7473641109220456, 0.26646614068051894]",23.986319989657595,1.2844115179393014
"[0.20571023656696236, 1.0828910706698793, -0.7473451532181612, 0.26646208738573307]",23.98604849220044,1.2850398993081562
"[0.20576935015269526, 1.082854987839993, -0.7473261949825617, 0.2664580243676461]",23.985777201988565,1.285668280677011
"[0.20582847782533023, 1.0828188813866693, -0.7473072360312687, 0.2664539515771081]",23.985506124252055,1.286296662045866
"[0.20588761997091592, 1.082782751059059, -0.7472882762445285, 0.2664498689784265]",23.985235259146826,1.2869250434147208
"[0.20594677572137493, 1.082746597372539, -0.7472693159046184, 0.26644577662252017]",23.984964602479653,1.2875534247835756
"[0.20600594572277053, 1.082710419917397, -0.7472503548084365, 0.2664416744557339]",23.984694155624123,1.2881818061524304
"[0.20606513009822305, 1.0826742186031835, -0.7472313929205772, 0.26643756246038963]",23.98442392256912,1.2888101875212854
"[0.2061243279676181, 1.082637993953346, -0.7472124305269969, 0.26643344068865565]",23.98415389790961,1.2894385688901402
"[0.20618354078552814, 1.0826017450626668, -0.7471934671658036, 0.2664293090301358]",23.983884085363396,1.290066950258995
"[0.20624276708126146, 1.0825654728163423, -0.7471745033120384, 0.2664251675783277]",23.983614482759215,1.2906953316278498
"[0.20630200746465238, 1.0825291768260703, -0.7471555387743986, 0.26642101628164927]",23.983345090732257,1.2913237129967048
"[0.2063612625987714, 1.082492856670279, -0.7471365733447051, 0.2664168550844045]",23.983075910557613,1.2919520943655596
"[0.20642053262267096, 1.0824565122480985, -0.7471176069826231, 0.2664126839674071]",23.982806942390987,1.2925804757344144
"[0.20647981598895318, 1.0824201444932822, -0.7470986401873574, 0.26640850303044145]",23.98253818316503,1.2932088571032692
"[0.20653911383025092, 1.0823837526960534, -0.7470796726005388, 0.2664043121846053]",23.98226963560039,1.2938372384721242
"[0.2065984258755451, 1.0823473370074237, -0.7470607043129492, 0.26640011143981873]",23.982001298126114,1.294465619840979
"[0.2066577526187742, 1.082310897108722, -0.7470417351707399, 0.26639590075180813]",23.98173317053407,1.2950940012098338
"[0.2067170934492155, 1.0822744333597034, -0.7470227653732886, 0.26639168015465337]",23.981465256577806,1.2957223825786885
"[0.20677644872764103, 1.0822379455233813, -0.7470037948093539, 0.266387449613467]",23.981197552795187,1.2963507639475436
"[0.20683581823960243, 1.0822014337162427, -0.7469848235515758, 0.2663832091342793]",23.980930059431163,1.2969791453163984
"[0.20689520308256923, 1.0821648972476097, -0.7469658512534652, 0.2663789586292147]",23.980662776921765,1.2976075266852531
"[0.2069546015667509, 1.0821283371416426, -0.7469468784590138, 0.2663746982098833]",23.98039570442884,1.298235908054108
"[0.20701401471353612, 1.0820917527544123, -0.7469279048460546, 0.2663704277938174]",23.98012884579686,1.298864289422963
"[0.2070734424897623, 1.0820551440906871, -0.7469089304293597, 0.2663661473739621]",23.97986219631373,1.2994926707918175
"[0.20713288451845563, 1.082018511367188, -0.746889955333435, 0.26636185696811654]",23.979595757642436,1.3001210521606723
"[0.20719234136013873, 1.0819818542228896, -0.746870979383516, 0.26635755652642035]",23.979329530272835,1.3007494335295273
"[0.20725181287532873, 1.0819451727280223, -0.7468520026283316, 0.2663532460494539]",23.97906351388268,1.3013778148983821
"[0.207311299133339, 1.0819084668240844, -0.7468330250499722, 0.2663489255226934]",23.978797708486596,1.302006196267237
"[0.2073707993468623, 1.0818717369813957, -0.7468140469037512, 0.26634459499397406]",23.978532113514547,1.3026345776360917
"[0.2074303151237635, 1.0818349821915925, -0.7467950676810515, 0.26634025433673114]",23.978266732700785,1.3032629590049467
"[0.20748984497312978, 1.0817982033595321, -0.7467760878615588, 0.26633590365012383]",23.97800156020098,1.3038913403738015
"[0.20754938917760496, 1.081761400295171, -0.7467571073592848, 0.2663315429041849]",23.977736599014758,1.3045197217426563
"[0.2076089490909421, 1.0817245721457096, -0.7467381257469959, 0.2663271719900777]",23.9774718496129,1.305148103111511
"[0.20766852302690547, 1.0816877199378563, -0.7467191435663568, 0.26632279102192485]",23.977207311664138,1.305776484480366
"[0.20772811249242426, 1.0816508427235332, -0.7467001603414597, 0.26631839987931527]",23.97694298561652,1.3064048658492209
"[0.2077877155790455, 1.081613941668036, -0.7466811766844903, 0.26631399869337097]",23.976678868373583,1.3070332472180757
"[0.2078473342732855, 1.0815770155256879, -0.7466621919669668, 0.2663095873078665]",23.976414963457835,1.3076616285869305
"[0.20790696780587875, 1.0815400647566602, -0.7466432064382023, 0.2663051657698969]",23.976151268660686,1.3082900099557855
"[0.2079666161686797, 1.0815030893500035, -0.7466242201050678, 0.2663007340704111]",23.975887785702128,1.3089183913246403
"[0.20802627919359845, 1.0814660893939672, -0.7466052330253325, 0.26629629221227064]",23.97562451560116,1.309546772693495
"[0.20808595745091377, 1.0814290645187792, -0.7465862450218211, 0.2662918401432924]",23.975361455950388,1.3101751540623499
"[0.2081456504896986, 1.0813920149880227, -0.7465672562423302, 0.26628737788735424]",23.975098605888455,1.3108035354312049
"[0.20820535854603045, 1.0813549406390661, -0.7465482666160707, 0.26628290541708505]",23.97483596961419,1.3114319168000597
"[0.20826508152410042, 1.0813178415152245, -0.7465292761778392, 0.26627842272989716]",23.974573543975573,1.3120602981689145
"[0.20832481933606561, 1.0812807176549475, -0.7465102849598798, 0.2662739298226527]",23.974311329809197,1.3126886795377692
"[0.20838457257873733, 1.0812435686710182, -0.7464912927768272, 0.2662694266406083]",23.974049325435804,1.3133170609066243
"[0.20844434064319076, 1.0812063949256712, -0.7464722998265932, 0.2662649132197908]",23.973787532625977,1.313945442275479
"[0.20850412351358572, 1.0811691964126475, -0.7464533061185246, 0.2662603895516662]",23.973525952102598,1.3145738236443338
"[0.2085639215925084, 1.0811319728651676, -0.7464343115290699, 0.2662558555959413]",23.973264582818732,1.3152022050131886
"[0.20862373471439113, 1.0810947243699025, -0.7464153161152065, 0.2662513113552723]",23.973003424925846,1.3158305863820436
"[0.20868356283362813, 1.081057450938995, -0.7463963198957688, 0.2662467568233024]",23.972742477646538,1.3164589677508984
"[0.2087434068154761, 1.0810201520166727, -0.7463773226004939, 0.26624219192407894]",23.972481742674475,1.3170873491197532
"[0.20880326502194607, 1.080982828607498, -0.7463583247537313, 0.26623761677267305]",23.9722212191442,1.317715730488608
"[0.20886313943526016, 1.0809454794589974, -0.7463393257307762, 0.2662330312076141]",23.971960907762806,1.318344111857463
"[0.2089230285165024, 1.0809081055144294, -0.7463203260244162, 0.2662284353366773]",23.971700805805927,1.3189724932263178
"[0.20898293242623428, 1.0808707066573888, -0.7463013255880555, 0.2662238291377475]",23.971440917189632,1.3196008745951726
"[0.20904285237208756, 1.0808332821173028, -0.7462823240431039, 0.2662192125079194]",23.97118123875368,1.3202292559640274
"[0.20910278735790197, 1.0807958324994262, -0.7462633217099859, 0.2662145855137295]",23.970921771123212,1.3208576373328824
"[0.20916273699761528, 1.0807583580287556, -0.7462443187154504, 0.2662099481751704]",23.97066251654689,1.3214860187017372
"[0.20922270268241538, 1.0807208578189145, -0.7462253146229969, 0.2662053003745136]",23.97040347205643,1.322114400070592
"[0.20928268372501846, 1.0806833322827494, -0.7462063096549706, 0.26620064215479067]",23.970144640647817,1.3227427814394468
"[0.2093426800018878, 1.0806457814808277, -0.7461873038549909, 0.2661959735154945]",23.96988601957324,1.3233711628083016
"[0.2094026910888937, 1.0806082056621278, -0.7461682973618299, 0.26619129447966783]",23.9696276108752,1.3239995441771566
"[0.20946271875283282, 1.0805706037033385, -0.746149289620471, 0.2661866048992664]",23.969369414321832,1.3246279255460114
"[0.20952276095197897, 1.0805329768664773, -0.7461302812819605, 0.26618190492356314]",23.969111428269407,1.3252563069148662
"[0.20958281879105742, 1.080495324442662, -0.7461112720010046, 0.2661771944560576]",23.968853654801475,1.325884688283721
"[0.209642891471665, 1.0804576469157154, -0.7460922620347911, 0.2661724735492621]",23.9685960909592,1.326513069652576
"[0.20970298090844924, 1.0804199430675971, -0.7460732507820265, 0.2661677420423356]",23.968338740402377,1.3271414510214308
"[0.20976308465713417, 1.0803822144150137, -0.7460542390205848, 0.26616300011748006]",23.968081601352278,1.3277698323902856
"[0.20982320438899177, 1.0803444598921599, -0.7460352262262945, 0.2661582476327377]",23.96782467250095,1.3283982137591404
"[0.20988334012797222, 1.0803066794666434, -0.7460162123962227, 0.26615348457573457]",23.967567956597215,1.3290265951279954
"[0.20994349046881358, 1.0802688740044921, -0.7459971979791991, 0.2661487110475959]",23.967311452674334,1.3296549764968502
"[0.2100036576939395, 1.0802310420539094, -0.7459781822583357, 0.26614392685676275]",23.967055160250606,1.330283357865705
"[0.21006383959019087, 1.080193184989257, -0.7459591659377093, 0.2661391321688012]",23.966799079913944,1.3309117392345597
"[0.21012403740322197, 1.0801553020100745, -0.7459401486282452, 0.26613432687425675]",23.96654321056605,1.3315401206034148
"[0.21018425024057347, 1.0801173936609643, -0.7459211306164466, 0.26612951103407245]",23.966287551733572,1.3321685019722695
"[0.21024447975053492, 1.0800794588868365, -0.7459021113863596, 0.26612468450591803]",23.96603210612173,1.3327968833411243
"[0.21030472463040228, 1.0800414984907125, -0.7458830913540275, 0.2661198473836272]",23.965776872628435,1.3334252647099791
"[0.21036498452194882, 1.0800035126814107, -0.7458640706370808, 0.2661149996857395]",23.965521849680524,1.3340536460788341
"[0.21042526061486977, 1.079965500691799, -0.7458450488646053, 0.2661101413061515]",23.965267038748053,1.334682027447689
"[0.21048555293146182, 1.079927462490099, -0.7458260260343068, 0.2661052722323605]",23.965012440992986,1.3353104088165437
"[0.21054586049066926, 1.0798893986779297, -0.7458070024603614, 0.26610039253311657]",23.96475805463825,1.3359387901853985
"[0.21060618433746375, 1.0798513085783565, -0.7457879778178004, 0.26609550211335165]",23.964503877934213,1.3365671715542535
"[0.21066652310654976, 1.0798131930361916, -0.7457689525418358, 0.2660906010733013]",23.964249915353214,1.3371955529231083
"[0.21072687816433963, 1.0797750511710003, -0.7457499262062613, 0.266085689291523]",23.963996164890077,1.3378239342919631
"[0.21078724919802164, 1.0797368831627434, -0.7457308989144354, 0.26608076678275827]",23.963742625450944,1.338452315660818
"[0.21084763602248657, 1.0796986891109077, -0.7457118707294011, 0.26607583355149034]",23.963489297203143,1.339080697029673
"[0.21090803856395585, 1.0796604690447413, -0.7456928416790768, 0.2660708895932074]",23.963236182122344,1.3397090783985277
"[0.21096845689745963, 1.0796222228992614, -0.7456738117445201, 0.26606593489117886]",23.96298327627014,1.3403374597673825
"[0.21102889149957246, 1.079583950355099, -0.7456547807803647, 0.2660609693956234]",23.96273058652649,1.3409658411362373
"[0.21108934182810415, 1.0795456517379192, -0.7456357489620922, 0.2660559931403835]",23.962478105450334,1.3415942225050923
"[0.2111498083556903, 1.0795073267305992, -0.7456167161456411, 0.26605100607585425]",23.96222583698474,1.342222603873947
"[0.2112102904632185, 1.0794689757079166, -0.7455976825306159, 0.26604600824242985]",23.961973781934923,1.3428509852428019
"[0.21127078899857127, 1.0794305981144832, -0.7455786478549502, 0.26604099955930466]",23.96172193749091,1.3434793666116567
"[0.21133130314725132, 1.079392194449209, -0.7455596123796753, 0.26603598008315793]",23.961470305605694,1.3441077479805117
"[0.2113918335828048, 1.079353764266909, -0.7455405758976769, 0.26603094974738584]",23.96121888555589,1.3447361293493665
"[0.2114523795442626, 1.0793153080329798, -0.7455215386530337, 0.26602590860449576]",23.960967677554162,1.3453645107182213
"[0.21151294239417484, 1.0792768248640718, -0.745502500222128, 0.2660208565301956]",23.960716681155816,1.345992892087076
"[0.21157352112743533, 1.079238315380648, -0.745483460925804, 0.26601579359731947]",23.96046589831152,1.3466212734559309
"[0.21163411536492016, 1.0791997798061852, -0.745464420887923, 0.26601071982693364]",23.96021532520495,1.3472496548247856
"[0.2116947267407239, 1.0791612170833014, -0.7454453795998873, 0.26600563507122266]",23.959964966228192,1.3478780361936404
"[0.2117553531666719, 1.0791226285226223, -0.7454263377225155, 0.2660005394945093]",23.9597148182748,1.3485064175624955
"[0.21181599654560296, 1.0790840128951045, -0.7454072946629565, 0.2659954329260301]",23.959464881935382,1.3491347989313502
"[0.2118766553814346, 1.079045371135332, -0.7453882508958539, 0.2659903154808261]",23.959215157758354,1.349763180300205
"[0.21193733121357716, 1.0790067022445418, -0.7453692059427701, 0.2659851870180649]",23.958965646549903,1.3503915616690598
"[0.2119980225997685, 1.0789680071237326, -0.7453501602612745, 0.2659800476486567]",23.958716347913118,1.3510199430379148
"[0.21205873053862856, 1.0789292851182137, -0.7453311135428219, 0.2659748972771375]",23.958467261568384,1.3516483244067696
"[0.21211945498782966, 1.0788905362365846, -0.7453120658056264, 0.26596973589596207]",23.958218385199917,1.3522767057756244
"[0.21218019505906105, 1.0788517610276387, -0.7452930173331751, 0.2659645635697032]",23.95796972137371,1.3529050871444792
"[0.21224095155731162, 1.0788129589594704, -0.7452739678778577, 0.26595938021889765]",23.957721272175572,1.3535334685133342
"[0.21230172477118614, 1.0787741298292486, -0.7452549173541526, 0.265954185807717]",23.95747303409467,1.354161849882189
"[0.21236251399898948, 1.078735274067042, -0.7452358659869205, 0.2659489803850761]",23.957225007586356,1.3547902312510438
"[0.21242331935785405, 1.0786963915797807, -0.745216813744341, 0.26594376392992214]",23.956977193886253,1.3554186126198986
"[0.21248414169601018, 1.078657481806599, -0.7451977603655905, 0.2659385363583064]",23.956729590798346,1.3560469939887536
"[0.21254497998193075, 1.078618545388892, -0.7451787061787751, 0.265933297747682]",23.95648220288999,1.3566753753576084
"[0.2126058352201873, 1.0785795816652757, -0.7451596508742252, 0.26592804800036757]",23.956235025257822,1.3573037567264632
"[0.21266670631895315, 1.078540591316363, -0.745140594798774, 0.26592278719937323]",23.95598806202509,1.357932138095318
"[0.21272759359331225, 1.0785015741221773, -0.7451215378586621, 0.2659175153064646]",23.955741309062137,1.358560519464173
"[0.2127884977247933, 1.0784625296274113, -0.7451024798455685, 0.26591223225137856]",23.955494768520968,1.3591889008330278
"[0.21284941822345904, 1.0784234581274716, -0.7450834209178196, 0.2659069380652969]",23.95524844072956,1.3598172822018826
"[0.21291035467026834, 1.078384359872823, -0.7450643612114285, 0.2659016327735488]",23.95500232406536,1.3604456635707374
"[0.2129713085702195, 1.0783452338790316, -0.745045300260707, 0.2658963162337215]",23.95475642018131,1.3610740449395924
"[0.2130322786508985, 1.0783060809439637, -0.7450262384686249, 0.2658909885453559]",23.954510730231974,1.3617024263084472
"[0.21309326513557297, 1.0782669009057595, -0.7450071757703481, 0.26588564967773676]",23.954265252157438,1.362330807677302
"[0.2131542680409325, 1.0782276937351039, -0.7449881121656566, 0.2658802996181331]",23.95401998566358,1.3629591890461568
"[0.21321528735002512, 1.078188459424293, -0.7449690476648481, 0.26587493835675624]",23.95377493112168,1.3635875704150118
"[0.21327632346979877, 1.0781491976928663, -0.7449499821458291, 0.265869565846457]",23.95353008988652,1.3642159517838666
"[0.2133373764055365, 1.0781099085184591, -0.7449309156120448, 0.26586418207527607]",23.953285461625434,1.3648443331527214
"[0.21339844602904914, 1.0780705919646203, -0.7449118481086175, 0.2658587870430365]",23.953041046152688,1.3654727145215761
"[0.21345953139517046, 1.0780312486213284, -0.7448927799356347, 0.26585338082200427]",23.952796841035312,1.3661010958904312
"[0.21352063454732287, 1.077991877153486, -0.7448737104603311, 0.2658479632198217]",23.952552850987434,1.366729477259286
"[0.21358175403290244, 1.0779524784778196, -0.7448546401412162, 0.2658425343536156]",23.952309072650177,1.3673578586281407
"[0.21364288948434754, 1.077913052812762, -0.7448355690979551, 0.2658370942448069]",23.95206550460148,1.3679862399969955
"[0.21370404159680373, 1.077873599691336, -0.7448164971187273, 0.265831642820204]",23.951822150049864,1.3686146213658505
"[0.21376521130816584, 1.0778341184890747, -0.7447974239162273, 0.26582617998445873]",23.951579009742407,1.3692430027347053
"[0.21382639798592534, 1.077794609594744, -0.7447783496929079, 0.26582070578225236]",23.951336081095683,1.3698713841035601
"[0.21388760079848643, 1.077755073526443, -0.744759274713086, 0.2658152202765363]",23.951093366496707,1.370499765472415
"[0.21394882056195128, 1.0777155097379678, -0.7447401987275242, 0.265809723382633]",23.950850861400657,1.37112814684127
"[0.21401005603565487, 1.0776759190123721, -0.744721122127856, 0.2658042152005694]",23.950608570861856,1.3717565282101247
"[0.2140713093397329, 1.0776362999597615, -0.7447020442587516, 0.265798695528017]",23.950366492882793,1.3723849095789795
"[0.2141325797102117, 1.0775966530545682, -0.7446829653634515, 0.2657931644218707]",23.95012462742554,1.3730132909478343
"[0.21419386599866516, 1.0775569790209407, -0.7446638858046716, 0.2657876219742882]",23.949882974213583,1.3736416723166893
"[0.2142551699006381, 1.0775172767420613, -0.7446448050597217, 0.2657820680202845]",23.949641532978152,1.3742700536855441
"[0.21431649028270902, 1.0774775469325164, -0.7446257234866095, 0.2657765026507465]",23.949400306296297,1.374898435054399
"[0.21437782781098338, 1.0774377891414533, -0.7446066408832444, 0.2657709257935199]",23.949159290920615,1.3755268164232537
"[0.2144391815053323, 1.0773980039850086, -0.7445875575597121, 0.265765337526088]",23.948918488561,1.3761551977921087
"[0.21450055296924259, 1.0773581904039504, -0.7445684730224986, 0.2657597376906042]",23.948677899351527,1.3767835791609635
"[0.2145619411708163, 1.0773183490480052, -0.7445493875977873, 0.265754126369276]",23.948437521658157,1.3774119605298183
"[0.2146233453438676, 1.077278480395452, -0.7445303015288985, 0.2657485036206111]",23.948197356983396,1.378040341898673
"[0.2146847674286247, 1.0772385831670606, -0.7445112142179993, 0.26574286925512397]",23.947957406072888,1.378668723267528
"[0.21474620618368698, 1.077198658149458, -0.7444921260561702, 0.26573722337471617]",23.94771766800352,1.3792971046363829
"[0.21480766228033155, 1.0771587048867952, -0.7444730368401395, 0.26573156590578934]",23.947478142166148,1.3799254860052377
"[0.21486913513948747, 1.0771187237359334, -0.7444539467550508, 0.26572589688975357]",23.947238830000313,1.3805538673740925
"[0.21493062463390003, 1.077078714760289, -0.7444348558456356, 0.2657202163265945]",23.946999728854053,1.3811822487429475
"[0.21499213154672595, 1.077038677430652, -0.7444157638740316, 0.26571452413203983]",23.94676084155299,1.3818106301118023
"[0.21505365614510472, 1.0769986115530392, -0.744396670762721, 0.26570882026917686]",23.946522167939463,1.382439011480657
"[0.2151151963986476, 1.0769585184302903, -0.7443775771470251, 0.265703104914465]",23.946283705133318,1.3830673928495119
"[0.21517675452664067, 1.0769183965970772, -0.7443584823436322, 0.26569737784996506]",23.94604545711148,1.3836957742183669
"[0.2152383294296534, 1.0768782467500182, -0.7443393866989492, 0.2656916391658461]",23.94580741958759,1.3843241555872217
"[0.21529992178552718, 1.0768380684273202, -0.744320290008098, 0.2656858887869063]",23.945569597518894,1.3849525369560765
"[0.2153615310330561, 1.0767978619751857, -0.7443011924504362, 0.2656801267534662]",23.945331986527485,1.3855809183249312
"[0.21542315748874027, 1.0767576271673185, -0.7442820939331771, 0.2656743530239272]",23.945094589237808,1.3862092996937863
"[0.21548480080873872, 1.076717364208326, -0.7442629945682359, 0.2656685676184324]",23.94485740545533,1.386837681062641
"[0.21554646145345088, 1.0766770727777666, -0.7442438942182801, 0.26566277048178083]",23.944620434773544,1.3874660624314958
"[0.21560813963270736, 1.07663675271824, -0.744224792823775, 0.2656569615819316]",23.944383676884843,1.3880944438003506
"[0.21566983421676786, 1.0765964047485157, -0.7442056907399229, 0.2656511410132741]",23.944147131050403,1.3887228251692056
"[0.21573154675182954, 1.0765560278374127, -0.7441865874933681, 0.26564530861779645]",23.943910798844364,1.3893512065380604
"[0.21579327649537305, 1.0765156224503765, -0.7441674833194433, 0.26563946445330694]",23.94367467989803,1.3899795879069152
"[0.2158550228011912, 1.0764751889906043, -0.7441483784234728, 0.26563360856896023]",23.94343877427298,1.39060796927577
"[0.21591678671346048, 1.0764347267543681, -0.744129272487763, 0.2656277408535936]",23.9432030800896,1.391236350644625
"[0.2159785682261991, 1.0763942357251584, -0.7441101655196661, 0.2656218612953669]",23.94296760144642,1.3918647320134798
"[0.2160403662714327, 1.0763537165829207, -0.7440910578548652, 0.2656159699837622]",23.94273233370779,1.3924931133823346
"[0.21610218221440677, 1.0763131684123668, -0.7440719490766616, 0.2656100667763884]",23.942497280847892,1.3931214947511894
"[0.21616401488496736, 1.0762725919608187, -0.7440528395522363, 0.26560415177268976]",23.94226243975601,1.3937498761200442
"[0.2162258654001258, 1.0762319864750227, -0.7440337289418311, 0.26559822485351076]",23.942027811036375,1.394378257488899
"[0.21628773291234968, 1.076191352491023, -0.7440146175128095, 0.26559228608768654]",23.941793397514754,1.3950066388577538
"[0.21634961770509104, 1.0761506898024973, -0.743995505183048, 0.26558633543575405]",23.941559194931,1.3956350202266088
"[0.21641152022646476, 1.0761099980945175, -0.7439763918196753, 0.2655803728421734]",23.941325207566788,1.3962634015954636
"[0.21647343994992413, 1.076069277692763, -0.7439572775907857, 0.26557439834523183]",23.94109143447047,1.3968917829643184
"[0.21653537722945712, 1.0760285283440052, -0.7439381623926172, 0.2655684118983507]",23.940857871241096,1.3975201643331732
"[0.21659733138638065, 1.0759877504744702, -0.7439190464401019, 0.2655624135547872]",23.94062452318442,1.3981485457020282
"[0.21665930311130188, 1.0759469436092817, -0.7438999295256382, 0.2655564032353172]",23.94039138743476,1.398776927070883
"[0.21672129237207602, 1.075906107748988, -0.7438808116647038, 0.2655503809305213]",23.940158464751224,1.3994053084397378
"[0.21678329924309947, 1.0758652428239222, -0.7438616928399272, 0.26554434662061166]",23.93992575645321,1.4000336898085926
"[0.216845323438349, 1.075824349002, -0.7438425731450539, 0.265538300320903]",23.93969326140021,1.4006620711774476
"[0.21690736526703872, 1.0757834260587282, -0.74382345249033, 0.2655322419887101]",23.93946097986567,1.4012904525463024
"[0.21696942424786403, 1.0757424742910178, -0.7438043310296388, 0.26552617165852477]",23.93922891112037,1.4019188339151571
"[0.21703150052669448, 1.0757014935821645, -0.7437852087235579, 0.26552008930363685]",23.93899705389952,1.402547215284012
"[0.2170935946708496, 1.0756604835368802, -0.743766085402931, 0.265513994855829]",23.938765412713817,1.4031755966528667
"[0.21715570628466963, 1.0756194443956186, -0.74374696119524, 0.26550788834124667]",23.938533982780662,1.4038039780217217
"[0.21721783533350733, 1.07557837616058, -0.7437278361167409, 0.26550176975070544]",23.938302768389367,1.4044323593905765
"[0.21727998219095832, 1.0755372785639477, -0.7437087100580623, 0.2654956390347185]",23.938071765696815,1.4050607407594313
"[0.21734214627536635, 1.0754961519695843, -0.7436895832038264, 0.26548949623801715]",23.937840978881017,1.4056891221282861
"[0.21740432818598865, 1.075454995960211, -0.7436704553752748, 0.2654833412887138]",23.937610404101633,1.4063175034971411
"[0.21746652753191129, 1.075413810773629, -0.7436513266983091, 0.2654771742127647]",23.93738004138957,1.406945884865996
"[0.2175287447501236, 1.0753725960995186, -0.7436321970442017, 0.26547099495408166]",23.9371498938166,1.4075742662348507
"[0.21759097914250736, 1.075331352379461, -0.7436130666332386, 0.26546480356929353]",23.93691995874747,1.4082026476037055
"[0.2176532308531767, 1.0752900794972846, -0.7435939354267082, 0.2654586000314775]",23.936690237268294,1.4088310289725605
"[0.21771550098078682, 1.0752487767033672, -0.7435748030926991, 0.2654523842182412]",23.936460729530218,1.4094594103414153
"[0.21777778836637166, 1.0752074447452293, -0.7435556699930274, 0.26544615623236634]",23.936231435839975,1.41008779171027
"[0.21784009323536888, 1.0751660834524457, -0.743536536064077, 0.2654399160386251]",23.936002354448025,1.410716173079125
"[0.21790241613571054, 1.075124692440074, -0.7435174011433036, 0.26543366356923614]",23.935773487967488,1.41134455444798
"[0.21796475689168926, 1.0750832718034902, -0.7434982652904122, 0.2654273988288482]",23.935544834724833,1.4119729358168347
"[0.21802711431734, 1.075041822309836, -0.7434791288750799, 0.2654211219239453]",23.935316393546355,1.4126013171856895
"[0.2180894905183451, 1.0750003425382482, -0.7434599912568391, 0.26541483262965937]",23.935088168377998,1.4132296985545443
"[0.21815188349207557, 1.074958833799183, -0.7434408530558667, 0.2654085311349539]",23.934860154359253,1.4138580799233993
"[0.21821429524627659, 1.0749172947356098, -0.7434217136620772, 0.26540221722406987]",23.93463235725759,1.414486461292254
"[0.2182767245988698, 1.0748757261126531, -0.7434025734438122, 0.265395891003425]",23.93440477126695,1.4151148426611089
"[0.2183391712676325, 1.0748341280971105, -0.743383432493312, 0.2653895524887506]",23.93417739842213,1.4157432240299637
"[0.21840163511238175, 1.0747925007614745, -0.7433642908592006, 0.26538320168154084]",23.93395024123529,1.4163716053988187
"[0.2184641175573551, 1.0747508431351118, -0.7433451481108392, 0.26537683842390275]",23.933723296572705,1.4169999867676735
"[0.21852661843635035, 1.0747091553067905, -0.7433260043050989, 0.2653704627193449]",23.933496567595075,1.4176283681365283
"[0.21858913519029746, 1.074667438962506, -0.7433068602314737, 0.26536407481617685]",23.93327004800197,1.418256749505383
"[0.21865167156038604, 1.0746256915843984, -0.7432877147501225, 0.2653576743190687]",23.93304374510795,1.418885130874238
"[0.21871422512031513, 1.0745839147702, -0.7432685686097981, 0.2653512614629554]",23.93281765757953,1.4195135122430929
"[0.21877679632802738, 1.0745421081928692, -0.7432494216760765, 0.26534483618796284]",23.932591781523865,1.4201418936119476
"[0.21883938523830895, 1.0745002717943795, -0.7432302739379913, 0.26533839847540636]",23.932366119831684,1.4207702749808024
"[0.218901992395942, 1.0744584051888757, -0.7432111252347496, 0.26533194825602363]",23.93214067267365,1.4213986563496575
"[0.21896461742650028, 1.0744165086049422, -0.7431919756867693, 0.26532548555510427]",23.931915437794256,1.4220270377185122
"[0.21902726033683148, 1.0743745820163317, -0.7431728252978195, 0.2653190103587347]",23.931690416546594,1.422655419087367
"[0.2190899213094828, 1.074332625279101, -0.7431536740179853, 0.26531252263477734]",23.9314656119977,1.4232838004562218
"[0.21915259923698896, 1.0742906391134004, -0.7431345221915387, 0.2653060224848488]",23.93124101814219,1.4239121818250768
"[0.2192152958259431, 1.0742486223543597, -0.7431153693028826, 0.2652995097187476]",23.93101664022168,1.4245405631939316
"[0.21927801055348914, 1.074206575330172, -0.7430962155177475, 0.2652929843772554]",23.930792475581896,1.4251689445627864
"[0.21934074266116163, 1.0741644985276764, -0.7430770610736473, 0.2652864465260702]",23.930568524563757,1.4257973259316412
"[0.2194034930452795, 1.0741223913239326, -0.743057905702792, 0.26527989605851504]",23.930344788902147,1.4264257073004962
"[0.21946626155588625, 1.0740802537974576, -0.7430387494569418, 0.2652733329767652]",23.93012126728339,1.427054088669351
"[0.2195290476523224, 1.0740380862893875, -0.7430195925070094, 0.2652667573240432]",23.929897957546498,1.4276824700382058
"[0.21959185186024918, 1.0739958884248515, -0.7430004346985242, 0.2652601690319759]",23.92967486266673,1.4283108514070606
"[0.21965467430833543, 1.073953660095239, -0.7429812759982354, 0.2652535680735525]",23.92945198121125,1.4289392327759156
"[0.21971751423214486, 1.073911401792543, -0.742962116645192, 0.2652469545157607]",23.929229314868806,1.4295676141447704
"[0.21978037242481874, 1.0738691129614342, -0.7429429564035221, 0.26524032826172833]",23.929006862269738,1.4301959955136252
"[0.21984324926794457, 1.0738267933227512, -0.7429237951629873, 0.2652336892575435]",23.928784624975005,1.43082437688248
"[0.2199061431130885, 1.073784443964055, -0.7429046334318793, 0.26522703766387745]",23.92856259928122,1.431452758251335
"[0.21996905560461114, 1.0737420637561723, -0.7428854707151646, 0.26522037329342657]",23.92834078980503,1.4320811396201898
"[0.2200319858914045, 1.0736996532501273, -0.7428663072781303, 0.2652136962227343]",23.928119194977416,1.4327095209890446
"[0.22009493429137192, 1.0736572122095704, -0.7428471430299617, 0.26520700640457845]",23.927897812664774,1.4333379023578994
"[0.22015790138560545, 1.0736147402201908, -0.7428279777998504, 0.2652003037634594]",23.927676645180007,1.4339662837267544
"[0.22022088503580514, 1.0735722387024398, -0.7428088122445597, 0.26519358851364394]",23.927455690245367,1.4345946650956092
"[0.22028388846691413, 1.0735297054577733, -0.7427896453888149, 0.2651868602976523]",23.92723495282337,1.435223046464464
"[0.2203469094989706, 1.0734871419350023, -0.7427704779019949, 0.26518011933433694]",23.9270144287776,1.4358514278333188
"[0.22040994814345966, 1.0734445481044728, -0.742751309786551, 0.26517336560909]",23.92679411662608,1.4364798092021738
"[0.2204730054296484, 1.073401923248333, -0.7427321407355881, 0.26516659899796546]",23.92657402022848,1.4371081905710286
"[0.22053608088057605, 1.0733592676663386, -0.7427129709002405, 0.2651598195383158]",23.92635413840331,1.4377365719398834
"[0.22059917410918994, 1.0733165815979502, -0.7426938004041884, 0.265153027258128]",23.926134468751034,1.4383649533087381
"[0.22066228587335118, 1.0732738645079336, -0.7426746290232632, 0.26514622206207544]",23.92591501719593,1.4389933346775932
"[0.220725415361163, 1.0732311169233393, -0.7426554570101929, 0.26513940402397246]",23.925695776564133,1.439621716046448
"[0.2207885630966813, 1.0731883384669278, -0.7426362842118982, 0.2651325730735483]",23.92547675230033,1.4402500974153027
"[0.22085172941289574, 1.073145528890334, -0.7426171105334577, 0.26512572916086785]",23.92525794186165,1.4408784787841575
"[0.2209149136215494, 1.0731026886373707, -0.7425979361899285, 0.2651188723466734]",23.925039346103386,1.4415068601530123
"[0.2209781160047513, 1.0730598174942607, -0.7425787611018084, 0.2651120025866011]",23.92482096368772,1.4421352415218671
"[0.22104133696595368, 1.0730169151645237, -0.7425595851528825, 0.2651051198228638]",23.924602797051342,1.442763622890722
"[0.22110457577904272, 1.072973982118207, -0.7425404085695541, 0.2650982241206415]",23.92438484333716,1.443392004259577
"[0.22116783329755488, 1.0729310177530669, -0.7425212310991778, 0.26509131537294744]",23.924167106062622,1.4440203856284317
"[0.22123110834364004, 1.0728880228464368, -0.7425020531049896, 0.26508439369457276]",23.923949580244415,1.4446487669972865
"[0.22129440268643863, 1.0728449961732591, -0.7424828740570077, 0.2650774588779736]",23.923732272746978,1.4452771483661413
"[0.22135771403833202, 1.0728019392658894, -0.742463694654587, 0.26507051115989383]",23.923515177008642,1.4459055297349963
"[0.22142104461612072, 1.0727588505939756, -0.7424445142323534, 0.26506355028315826]",23.923298296704328,1.446533911103851
"[0.22148439327860955, 1.0727157309107904, -0.7424253331422186, 0.265056576359041]",23.923081632239594,1.447162292472706
"[0.22154776063747036, 1.0726725797769108, -0.7424061512052427, 0.2650495893061028]",23.92286518133815,1.4477906738415607
"[0.22161114535499646, 1.0726293980805683, -0.7423869688325336, 0.2650425892579576]",23.922648944671085,1.4484190552104157
"[0.22167454895128516, 1.0725861847633669, -0.742367785570256, 0.2650355760327793]",23.922432924398247,1.4490474365792705
"[0.22173797086182406, 1.0725429401867703, -0.7423486015955296, 0.2650285496787791]",23.922217116080013,1.4496758179481253
"[0.2218014114411686, 1.0724996640858302, -0.742329416807407, 0.2650215101424963]",23.922001524370412,1.45030419931698
"[0.22186486977034847, 1.072456357064444, -0.7423102314900359, 0.2650144575118482]",23.921786146392865,1.450932580685835
"[0.22192834646572035, 1.0724130186790972, -0.7422910454632954, 0.26500739170433474]",23.92157098327363,1.4515609620546899
"[0.22199184144679132, 1.0723696489616898, -0.7422718587577805, 0.2650003127148101]",23.921356033543255,1.4521893434235447
"[0.22205535548554992, 1.0723262473613924, -0.7422526711466055, 0.26499322044282386]",23.921141300966397,1.4528177247923995
"[0.22211888776477118, 1.0722828144132164, -0.7422334828830196, 0.2649861149653017]",23.920926783534334,1.4534461061612545
"[0.22218243780926847, 1.072239350419097, -0.7422142941167751, 0.26497899632136135]",23.920712479604557,1.4540744875301093
"[0.22224600631452773, 1.0721958548803432, -0.742195104644136, 0.26497186441900483]",23.920498389959807,1.454702868898964
"[0.2223095947947419, 1.0721523267368533, -0.7421759140145376, 0.26496471907365515]",23.920284515967534,1.4553312502678188
"[0.22237319953884854, 1.0721087685058732, -0.7421567233542379, 0.26495756068818893]",23.92007085659789,1.4559596316366739
"[0.22243682400473197, 1.0720651777963557, -0.7421375316261911, 0.2649503888593595]",23.919857411852252,1.4565880130055286
"[0.222500466534452, 1.072021555720371, -0.7421183393369734, 0.2649432037594799]",23.91964418378931,1.4572163943743834
"[0.22256412746454923, 1.0719779020239872, -0.7420991463914254, 0.2649360053363162]",23.919431166946087,1.4578447757432382
"[0.22262780693005316, 1.0719342165911248, -0.7420799527552256, 0.26492879356022436]",23.919218367520916,1.4584731571120932
"[0.2226915044020377, 1.071890499761292, -0.7420607585941514, 0.2649215684768123]",23.919005783210583,1.459101538480948
"[0.22275522112243376, 1.0718467506584421, -0.7420415635404091, 0.2649143299307141]",23.91879341269484,1.4597299198498028
"[0.22281895563063095, 1.0718029702618435, -0.7420223680404416, 0.26490707807340624]",23.918581257631015,1.4603583012186576
"[0.22288270939030336, 1.0717591575424439, -0.7420031716598497, 0.264899812723883]",23.918369318854236,1.4609866825875126
"[0.2229464812756809, 1.0717153132500712, -0.7419839747440852, 0.26489253399585433]",23.9181575937783,1.4616150639563674
"[0.22301027165971615, 1.0716714371048166, -0.7419647771872774, 0.26488524183236045]",23.91794608467201,1.4622434453252222
"[0.22307407999335954, 1.0716275294608786, -0.7419455791610474, 0.26487793628180173]",23.917734789178102,1.462871826694077
"[0.2231379077880861, 1.0715835892542815, -0.7419263802171422, 0.2648706171564902]",23.91752370958011,1.463500208062932
"[0.22320175357944394, 1.0715396174692293, -0.7419071808025753, 0.26486328460968855]",23.91731284468555,1.4641285894317868
"[0.22326561794082783, 1.0714956136872478, -0.7418879807513384, 0.2648559385611036]",23.917102195594662,1.4647569708006416
"[0.2233295014614007, 1.0714515774782638, -0.7418687798928725, 0.26484857892819175]",23.916891762568522,1.4653853521694964
"[0.2233934028041157, 1.0714075097401257, -0.7418495786355241, 0.2648412058504014]",23.91668154292945,1.4660137335383514
"[0.22345732298532517, 1.0713634097482423, -0.7418303766803525, 0.26483381919594334]",23.916471539483254,1.4666421149072062
"[0.22352126147311877, 1.0713192778456562, -0.7418111741936646, 0.264826419011621]",23.916261750203486,1.467270496276061
"[0.22358521886381907, 1.0712751135967922, -0.741791971002901, 0.26481900521372237]",23.91605217858745,1.4678988776449158
"[0.2236491954781884, 1.071230916755719, -0.7417727670184022, 0.2648115777501005]",23.91584282101656,1.4685272590137708
"[0.22371318969078863, 1.0711866884214731, -0.7417535627345834, 0.2648041367948355]",23.915633676994712,1.4691556403826256
"[0.223777202246634, 1.0711424280556687, -0.741734357934277, 0.26479668224689473]",23.915424750296424,1.4697840217514804
"[0.22384123453152557, 1.0710981346756339, -0.7417151522083865, 0.26478921392989685]",23.91521603818782,1.4704124031203352
"[0.2239052843715859, 1.0710538097609692, -0.7416959462155208, 0.2647817320825868]",23.91500754187763,1.4710407844891902
"[0.22396935371917764, 1.0710094519364939, -0.7416767393768061, 0.2647742364621448]",23.914799261192993,1.471669165858045
"[0.22403344056273564, 1.0709650625708256, -0.7416575323018371, 0.26476672728914835]",23.914591193907647,1.4722975472268998
"[0.22409754741413068, 1.0709206398998061, -0.7416383242444256, 0.2647592042543635]",23.914383344605124,1.4729259285957546
"[0.22416167226604147, 1.0708761852898274, -0.7416191158127117, 0.26475166757828944]",23.914175709875845,1.4735543099646096
"[0.2242258158804186, 1.0708316981886254, -0.7415999067850141, 0.2647441171566253]",23.913968290619202,1.4741826913334644
"[0.22428997769450917, 1.0707871789623469, -0.7415806973364479, 0.26473655304079674]",23.91376108630588,1.4748110727023191
"[0.22435415837823552, 1.070742627121932, -0.7415614872730545, 0.2647289751369632]",23.913554097291055,1.475439454071174
"[0.22441835829222845, 1.0706980423923185, -0.7415422764936304, 0.2647213833873858]",23.913347325620713,1.476067835440029
"[0.22448257674037253, 1.0706534252323405, -0.7415230652131831, 0.2647137778592967]",23.913140768028157,1.4766962168088837
"[0.22454681347273167, 1.0706087757914542, -0.7415038535130856, 0.26470615856745067]",23.912934425996287,1.4773245981777385
"[0.22461106903959951, 1.0705640936628078, -0.7414846412354038, 0.2646985254316298]",23.91272829957391,1.4779529795465933
"[0.2246753438591224, 1.0705193785308067, -0.7414654282618812, 0.26469087838693645]",23.912522390949167,1.4785813609154483
"[0.22473963626830978, 1.070474631528093, -0.7414462150962469, 0.2646832176163208]",23.912316694530148,1.4792097422843031
"[0.22480394833104436, 1.0704298511937311, -0.7414270011284129, 0.26467554285882977]",23.912111215573457,1.479838123653158
"[0.22486827892045474, 1.0703850382874132, -0.7414077867018489, 0.26466785423363715]",23.9119059527121,1.4804665050220127
"[0.22493262873634753, 1.0703401922968776, -0.7413885716142938, 0.2646601516419013]",23.911700905152006,1.4810948863908677
"[0.22499699627054667, 1.0702953142487492, -0.7413693563227702, 0.26465243524914467]",23.911496072548452,1.4817232677597225
"[0.22506138296786798, 1.0702504031112694, -0.7413501404026324, 0.2646447048671697]",23.91129145638473,1.4823516491285773
"[0.22512578896270058, 1.070205458765499, -0.7413309238206461, 0.2646369604643823]",23.91108705700066,1.482980030497432
"[0.22519021337324724, 1.0701604818019326, -0.7413117068466946, 0.2646292021315567]",23.910882872609914,1.4836084118662871
"[0.22525465596612554, 1.0701154723591177, -0.7412924895570572, 0.2646214298818177]",23.910678902756672,1.484236793235142
"[0.22531911800099266, 1.070070429532387, -0.7412732715828863, 0.2646136435479699]",23.910475151265217,1.4848651746039967
"[0.22538359873598393, 1.0700253538149587, -0.7412540531522207, 0.2646058432041789]",23.9102716135786,1.4854935559728515
"[0.22544809790566075, 1.06998024536774, -0.7412348343509104, 0.2645980288674094]",23.910068292588914,1.4861219373417065
"[0.22551261616861176, 1.0699351037051774, -0.7412156149895357, 0.26459020044254217]",23.90986518751581,1.4867503187105613
"[0.22557715354564925, 1.0698899287874726, -0.7411963950687865, 0.2645823579115555]",23.909662297958725,1.487378700079416
"[0.2256417089606761, 1.069844721343083, -0.7411771749159137, 0.2645745013899826]",23.909459626358544,1.4880070814482709
"[0.2257062839424825, 1.069799480276389, -0.7411579540825876, 0.26456663067639213]",23.909257168750283,1.4886354628171257
"[0.22577087778023472, 1.0697542060599672, -0.7411387327873331, 0.2645587458418067]",23.909054929228443,1.4892638441859805
"[0.22583548984970173, 1.0697088991065042, -0.7411195112226976, 0.26455084694715525]",23.908852903652615,1.4898922255548352
"[0.2259001211872552, 1.0696635586642234, -0.7411002890872197, 0.26454293385034106]",23.90865109467382,1.49052060692369
"[0.2259647714447352, 1.0696181849519597, -0.7410810664913882, 0.2645350065783814]",23.908449503066535,1.491148988292545
"[0.22602944038538297, 1.0695727781107263, -0.7410618435124766, 0.26452706514484725]",23.908248126538485,1.4917773696613998
"[0.2260941281417039, 1.069527338022334, -0.7410426201179764, 0.2645191095180061]",23.908046965249703,1.4924057510302546
"[0.22615883460739264, 1.0694818647362965, -0.7410233963463602, 0.26451113969546214]",23.907846020878658,1.4930341323991094
"[0.22622356001215307, 1.0694363580659052, -0.7410041721362991, 0.26450315563338184]",23.90764529337587,1.4936625137679644
"[0.22628830464837582, 1.0693908177800722, -0.7409849474079259, 0.26449515728001344]",23.907444780924198,1.4942908951368192
"[0.2263530675854107, 1.0693452445081248, -0.7409657224444958, 0.2644871447347845]",23.90724448509428,1.494919276505674
"[0.22641785044155063, 1.069299637085678, -0.740946496772617, 0.26447911778173805]",23.90704440610348,1.4955476578745288
"[0.22648265145175436, 1.0692539967297532, -0.7409272709230982, 0.26447107662384856]",23.90684454435272,1.4961760392433838
"[0.22654747103646544, 1.069208323119257, -0.7409080447780371, 0.2644630211935759]",23.9066448975186,1.4968044206122386
"[0.2266123095545034, 1.069162615975994, -0.7408888182379464, 0.2644549514307265]",23.90644546664517,1.4974328019810934
"[0.22667716786366382, 1.069116874669315, -0.7408695910555618, 0.26444686721258237]",23.90624625286189,1.4980611833499482
"[0.22674204444607973, 1.069071100244017, -0.7408503636878798, 0.26443876871254385]",23.906047255509794,1.4986895647188032
"[0.2268069400978244, 1.0690252921130547, -0.7408311359059169, 0.26443065581562636]",23.905848474966785,1.499317946087658
"[0.22687185489148126, 1.0689794501993923, -0.7408119076952284, 0.2644225284968849]",23.905649911160026,1.4999463274565128
"[0.22693678847703633, 1.0689335747244701, -0.7407926791665361, 0.2644143867843097]",23.905451561922074,1.5005747088253676
"[0.22700174047613023, 1.0688876659303173, -0.7407734504388092, 0.2644062307097714]",23.90525343163894,1.5012030901942226
"[0.22706671203734097, 1.0688417229792262, -0.7407542211791032, 0.2643980601131217]",23.90505551798176,1.5018314715630774
"[0.22713170263800464, 1.0687957462147253, -0.74073499154924, 0.2643898750440555]",23.90485781850192,1.5024598529319322
"[0.2271967116937415, 1.0687497360246183, -0.7407157617291449, 0.264381675560405]",23.904660337328117,1.503088234300787
"[0.2272617402412966, 1.0687036916492954, -0.740696531419228, 0.26437346151549324]",23.90446307293957,1.503716615669642
"[0.22732678755901448, 1.0686576135737393, -0.7406773008400174, 0.26436523298447445]",23.904266024110868,1.5043449970384968
"[0.22739185369951043, 1.0686115017349163, -0.7406580699830189, 0.26435698994482953]",23.904069193173473,1.5049733784073516
"[0.2274569391609247, 1.0685653557537842, -0.7406388387081294, 0.2643487323174345]",23.903872578016355,1.5056017597762064
"[0.22752204323675243, 1.0685191761053052, -0.7406196072312183, 0.264340460175944]",23.90367617804783,1.5062301411450614
"[0.22758716665795753, 1.0684729622449973, -0.7406003753434854, 0.2643321734114739]",23.90347999794775,1.5068585225139162
"[0.2276523086047044, 1.0684267147286675, -0.740581143294162, 0.26432387211234537]",23.903284035012412,1.507486903882771
"[0.22771746962054132, 1.0683804331445428, -0.7405619109298713, 0.26431555619334735]",23.903088285660356,1.5081152852516257
"[0.22778265019146735, 1.0683341171210443, -0.7405426781144013, 0.26430722557620606]",23.902892755289308,1.5087436666204808
"[0.22784784972298638, 1.0682877670542301, -0.7405234450303987, 0.26429888032065835]",23.90269744109943,1.5093720479893356
"[0.2279130676097928, 1.0682413833486, -0.740504211863504, 0.26429052048827123]",23.902502344457606,1.5100004293581903
"[0.2279783050373667, 1.0681949651348694, -0.7404849782712853, 0.2642821459109696]",23.90230746458878,1.5106288107270451
"[0.2280435612203805, 1.0681485129454762, -0.7404657444925006, 0.2642737566733351]",23.902112801180245,1.5112571920959001
"[0.2281088368954167, 1.0681020262297283, -0.7404465103172766, 0.2642653526644315]",23.901918354976395,1.511885573464755
"[0.22817413150487711, 1.0680555053582526, -0.740427275917175, 0.26425693393973715]",23.901724124973956,1.5125139548336097
"[0.2282394447733523, 1.0680089505011603, -0.7404080413804925, 0.264248500518663]",23.901530113235,1.5131423362024645
"[0.22830477705988744, 1.0679623613763596, -0.7403888066086743, 0.2642400523387141]",23.901336318180444,1.5137707175713195
"[0.22837012865404632, 1.0679157377508444, -0.7403695715237434, 0.26423158934610347]",23.901142739966158,1.5143990989401743
"[0.22843549938475585, 1.067869079720059, -0.7403503361833502, 0.2642231115465882]",23.90094938025212,1.5150274803090291
"[0.2285008890823331, 1.0678223873786592, -0.7403311006446851, 0.26421461894586223]",23.900756235008686,1.515655861677884
"[0.2285662979279, 1.0677756605708029, -0.7403118648617444, 0.26420611150405626]",23.900563308952254,1.516284243046739
"[0.22863172598485837, 1.0677288992245528, -0.7402926288231954, 0.26419758919649583]",23.900370599394428,1.5169126244155937
"[0.22869717330400932, 1.0676821032768589, -0.7402733925214428, 0.26418905200007575]",23.90017810867832,1.5175410057844485
"[0.22876263926966742, 1.0676352731414973, -0.7402541561447129, 0.2641804999787898]",23.899985833252824,1.5181693871533033
"[0.22882812418225984, 1.0675884085771497, -0.7402349196119857, 0.2641719330770971]",23.89979377632898,1.5187977685221583
"[0.22889362797669746, 1.0675415096039111, -0.740215682949659, 0.2641633512871694]",23.899601935242032,1.519426149891013
"[0.22895915165456554, 1.0674945754776735, -0.7401964458710055, 0.2641547544611364]",23.899410314078263,1.520054531259868
"[0.22902469400583042, 1.0674476070382608, -0.7401772087386695, 0.26414614274115505]",23.899218907117394,1.5206829126287227
"[0.2290902552512017, 1.067400604101036, -0.7401579714951488, 0.26413751608188424]",23.899027719790748,1.5213112939975777
"[0.22915583618428315, 1.0673535660700335, -0.7401387339149983, 0.26412887436223953]",23.898836749789098,1.5219396753664325
"[0.22922143571963233, 1.0673064936969558, -0.7401194963239951, 0.2641202177086905]",23.898645995742083,1.5225680567352873
"[0.22928705438745872, 1.0672593865746496, -0.7401002585739901, 0.26411154603479386]",23.898455459796025,1.523196438104142
"[0.22935269299131097, 1.067212244098956, -0.7400810204368984, 0.26410285921751725]",23.898265143392628,1.523824819472997
"[0.22941834987706217, 1.0671650674309494, -0.7400617824049367, 0.2640941574591423]",23.898075042476133,1.5244532008418519
"[0.2294840259984733, 1.0671178558587022, -0.7400425442059675, 0.26408544061682226]",23.897885159477816,1.5250815822107067
"[0.2295497214177713, 1.0670706093103288, -0.740023305829226, 0.26407670866553584]",23.89769549403869,1.5257099635795615
"[0.22961543608038276, 1.0670233277978889, -0.7400040672981675, 0.2640679615957531]",23.897506046394653,1.5263383449484165
"[0.22968116963951082, 1.0669760115439026, -0.7399848287217449, 0.26405919943695905]",23.897316817071857,1.5269667263172713
"[0.22974692254705484, 1.0669286601959653, -0.7399655899751568, 0.2640504221121697]",23.897127805138357,1.527595107686126
"[0.22981269449170338, 1.066881273951076, -0.739946351156968, 0.2640416296461496]",23.896939011692954,1.5282234890549808
"[0.22987848558937765, 1.0668338526985863, -0.7399271122407345, 0.2640328220066419]",23.89675043363777,1.5288518704238359
"[0.22994429601268157, 1.0667863962867457, -0.7399078731835022, 0.2640239991536551]",23.896562074962425,1.5294802517926906
"[0.23001012556345157, 1.0667389048312264, -0.7398886340506928, 0.2640151610969319]",23.896373935184627,1.5301086331615454
"[0.23007597418230102, 1.066691378347549, -0.7398693948671806, 0.2640063078275685]",23.896186011397127,1.5307370145304002
"[0.23014184173069016, 1.066643816908573, -0.7398501556809128, 0.26399743934742104]",23.895998305938225,1.5313653958992552
"[0.23020772926213895, 1.0665962197259413, -0.7398309161917687, 0.2639885554975711]",23.89581082040931,1.53199377726811
"[0.23027363503216353, 1.0665485880325367, -0.7398116769166705, 0.2639796564963409]",23.89562355107433,1.5326221586369648
"[0.23033956056520155, 1.0665009206993539, -0.7397924374181094, 0.2639707421210401]",23.895436499688007,1.5332505400058196
"[0.23040550524548176, 1.0664532181438793, -0.7397731978834241, 0.2639618124377898]",23.895249665475767,1.5338789213746746
"[0.23047146877514108, 1.0664054805543133, -0.7397539584070272, 0.263952867470062]",23.895063050742706,1.5345073027435294
"[0.23053745232063177, 1.066357707058674, -0.7397347186563595, 0.26394390704248755]",23.894876654986415,1.5351356841123842
"[0.23060345415901362, 1.066309898876906, -0.7397154791413776, 0.2639349313720313]",23.894690476111265,1.535764065481239
"[0.23066947530582, 1.0662620552461868, -0.7396962395735575, 0.26392594030374755]",23.894504515169853,1.5363924468500938
"[0.23073551623661545, 1.066214175793914, -0.7396769998220132, 0.26391693375558034]",23.894318772149873,1.5370208282189486
"[0.23080157631541262, 1.0661662609532496, -0.7396577600797166, 0.263907911796999]",23.894133248168334,1.5376492095878034
"[0.2308676552311033, 1.0661183109223504, -0.7396385204448559, 0.2638988744534805]",23.893947943252414,1.5382775909566584
"[0.2309337534561381, 1.0660703253307797, -0.7396192807874797, 0.26388982164333125]",23.893762854123636,1.5389059723255132
"[0.23099987077613188, 1.066022304306407, -0.7396000411776431, 0.2638807533787356]",23.89357798362868,1.539534353694368
"[0.2310660073283962, 1.0659742477217493, -0.7395808015830393, 0.2638716696236888]",23.89339333407262,1.5401627350632228
"[0.23113216348435842, 1.0659261552788757, -0.7395615619033434, 0.26386257030982996]",23.893208901424636,1.5407911164320778
"[0.23119833882059587, 1.0658780272575505, -0.7395423222694247, 0.2638534554780487]",23.893024688140162,1.5414194978009326
"[0.23126453262702296, 1.0658298641466837, -0.7395230828953245, 0.26384432520910983]",23.892840691983864,1.5420478791697874
"[0.23133074665537165, 1.0657816646436387, -0.7395038432796348, 0.26383517924402716]",23.892656916025256,1.5426762605386422
"[0.23139697946645016, 1.0657334297678043, -0.7394846038483224, 0.26382601776411313]",23.892473356871843,1.5433046419074972
"[0.23146323142977068, 1.0656851592223215, -0.7394653645017095, 0.26381684070106887]",23.89229001504224,1.543933023276352
"[0.2315295029153948, 1.0656368527094222, -0.7394461251400933, 0.2638076479862118]",23.892106893698486,1.5445614046452067
"[0.23159579325035826, 1.0655885106915903, -0.7394268859665809, 0.26379843969552336]",23.891923990476982,1.5451897860140615
"[0.23166210326483144, 1.065540132535318, -0.7394076467479903, 0.2637892156962796]",23.89174130769156,1.5458181673829166
"[0.23172843262835066, 1.0654917184532358, -0.7393884075880524, 0.2637799760168301]",23.891558843020913,1.5464465487517713
"[0.23179478061144834, 1.065443268949906, -0.7393691687060494, 0.2637707207415154]",23.891376594534467,1.5470749301206261
"[0.23186114797615587, 1.0653947834408455, -0.7393499298887528, 0.26376144974667537]",23.891194567340083,1.547703311489481
"[0.23192753544754227, 1.0653462613676028, -0.739330690933902, 0.2637521629132318]",23.89101275756989,1.548331692858336
"[0.2319939412477076, 1.0652977040013982, -0.7393114523645228, 0.26374286047240014]",23.890831166761195,1.5489600742271907
"[0.23206036673184652, 1.065249110323189, -0.739292213795758, 0.26373354221692785]",23.89064979578272,1.5495884555960455
"[0.23212681156684595, 1.0652004805480402, -0.7392729753319851, 0.2637242081758159]",23.890468643810422,1.5502168369649003
"[0.2321932757148284, 1.0651518146752026, -0.7392537369920311, 0.2637148583367444]",23.89028770929506,1.5508452183337553
"[0.23225975922688902, 1.065103112638759, -0.7392344987689767, 0.2637054926748635]",23.890106995711747,1.5514735997026101
"[0.23232626169782167, 1.0650543747071721, -0.7392152607879121, 0.2636961112296716]",23.889926499599017,1.552101981071465
"[0.23239278336274619, 1.0650056006798183, -0.7391960229886438, 0.26368671395044857]",23.889746222778435,1.5527303624403197
"[0.2324593244175787, 1.0649567903844759, -0.7391767853224068, 0.26367730079180624]",23.889566165073575,1.5533587438091747
"[0.2325258847549169, 1.0649079438713256, -0.7391575478281535, 0.2636678717512063]",23.889386326449856,1.5539871251780295
"[0.23259246487565818, 1.0648590607438715, -0.7391383103690945, 0.2636584267397796]",23.889206708355974,1.5546155065468843
"[0.2326590636695287, 1.0648101417886755, -0.7391190732739329, 0.26364896589729414]",23.88902730751987,1.555243887915739
"[0.2327256821425771, 1.064761186238184, -0.7390998362599712, 0.2636394890631092]",23.888848127788933,1.555872269284594
"[0.23279231944950737, 1.0647121946850073, -0.7390805995791971, 0.26362999633974815]",23.888669164695035,1.556500650653449
"[0.23285897655271, 1.0646631663926163, -0.7390613629617997, 0.26362048757215245]",23.888490422888736,1.5571290320223037
"[0.23292565264348075, 1.0646141019271083, -0.7390421266491054, 0.263610962857858]",23.88831189940225,1.5577574133911585
"[0.23299234785990017, 1.0645650011581826, -0.7390228906092134, 0.26360142215934224]",23.888133595193448,1.5583857947600135
"[0.2330590630490787, 1.0645158634331184, -0.7390036546058402, 0.2635918653373884]",23.887955511904973,1.5590141761288683
"[0.23312579715381762, 1.0644666895015273, -0.7389844189518382, 0.2635822925254205]",23.887777646810317,1.559642557497723
"[0.23319255096258115, 1.0644174787534744, -0.738965183427943, 0.26357270359237556]",23.8876000024731,1.5602709388665779
"[0.2332593232664186, 1.0643682320514285, -0.7389459483904816, 0.2635630986940582]",23.887422574870648,1.5608993202354329
"[0.23332611577984885, 1.0643189481018238, -0.7389267133535905, 0.26355347756581265]",23.887245370580068,1.5615277016042877
"[0.23339292709606085, 1.0642696279134545, -0.7389074787304934, 0.26354384039213696]",23.88706838317592,1.5621560829731425
"[0.23345975786690373, 1.0642202709762285, -0.7388882443415248, 0.263534187061063]",23.886891616574918,1.5627844643419972
"[0.23352660798790278, 1.0641708773380987, -0.7388690102248341, 0.263524517569554]",23.886715069683277,1.5634128457108523
"[0.2335934771141453, 1.0641214472248957, -0.738849776487692, 0.26351483194948194]",23.886538741056825,1.564041227079707
"[0.23366036600277784, 1.0640719800476732, -0.7388305429204152, 0.2635051300730131]",23.88636263372782,1.5646696084485618
"[0.23372727389134032, 1.064022476341028, -0.7388113097503488, 0.2634954120325603]",23.886186745513868,1.5652979898174166
"[0.23379420155410058, 1.0639729355027556, -0.7387920767630455, 0.26348567769744624]",23.886011078156564,1.5659263711862716
"[0.2338611484844864, 1.0639233578783343, -0.7387728441122413, 0.2634759271230364]",23.885835629891425,1.5665547525551264
"[0.23392811451450077, 1.063873743562991, -0.7387536118542828, 0.2634661603156675]",23.885660400383443,1.5671831339239812
"[0.23399509956770348, 1.0638240925842424, -0.7387343800191909, 0.2634563772683949]",23.885485391489635,1.567811515292836
"[0.2340621044411209, 1.0637744043218438, -0.7387151483862953, 0.2634465778465069]",23.88531060417229,1.568439896661691
"[0.23412912858277102, 1.0637246791554371, -0.7386959171222445, 0.26343676211229283]",23.88513603393035,1.5690682780305458
"[0.2341961719246552, 1.0636749171060984, -0.7386766862546881, 0.263426930057456]",23.884961685597208,1.5696966593994006
"[0.23426323475473768, 1.0636251179305676, -0.7386574557092056, 0.2634170816214202]",23.88478755854999,1.5703250407682554
"[0.23433031686787734, 1.0635752817515878, -0.7386382255528202, 0.2634072168159223]",23.884613649241807,1.5709534221371102
"[0.23439741867889405, 1.0635254082312164, -0.738618995674864, 0.2633973355614628]",23.884439961783805,1.5715818035059652
"[0.23446453927065283, 1.0634754980216183, -0.7385997663463446, 0.2633874379747574]",23.884266492596364,1.5722101848748198
"[0.23453167953721363, 1.063425550428409, -0.7385805373193216, 0.2633775239055832]",23.88409324616338,1.5728385662436748
"[0.23459883919268174, 1.063375565634405, -0.7385613086839533, 0.26336759337758914]",23.883920218864553,1.5734669476125296
"[0.2346660181034485, 1.063325543709308, -0.7385420804867382, 0.2633576463920408]",23.883747411215566,1.5740953289813846
"[0.23473321624117982, 1.0632754846446129, -0.7385228527439973, 0.2633476829347182]",23.883574824274298,1.5747237103502392
"[0.23480043358687647, 1.0632253884247345, -0.7385036254694157, 0.26333770298994374]",23.883402459041026,1.5753520917190942
"[0.23486767065089562, 1.0631752546393578, -0.7384843985253122, 0.2633277064633165]",23.883230313479643,1.575980473087949
"[0.23493492744707062, 1.0631250832479457, -0.738465171916109, 0.26331769333398686]",23.883058387243658,1.576608854456804
"[0.23500220249538425, 1.0630748753249524, -0.7384459460731109, 0.26330766380388365]",23.88288668129409,1.5772372358256586
"[0.23506949818939257, 1.0630246290540089, -0.7384267203206203, 0.2632976174974822]",23.88271519859761,1.5778656171945136
"[0.2351368127188464, 1.0629743457563516, -0.7384074951842332, 0.26328755466613174]",23.882543934050293,1.5784939985633684
"[0.23520414601036563, 1.0629240254573336, -0.7383882706930918, 0.26327747530245454]",23.882372891532544,1.5791223799322234
"[0.23527149942165168, 1.0628736671121508, -0.7383690464679218, 0.2632673791844497]",23.882202070015587,1.579750761301078
"[0.23533887217676103, 1.062823271270473, -0.7383498227386507, 0.26325726640946623]",23.88203146821595,1.580379142669933
"[0.23540626418275215, 1.062772837971746, -0.7383305995401473, 0.26324713697273194]",23.88186108858038,1.5810075240387877
"[0.2354736751273647, 1.062722367419741, -0.7383113769697913, 0.2632369909025557]",23.8816909271368,1.5816359054076428
"[0.2355411058163867, 1.0626718589809927, -0.7382921548061862, 0.2632268280588708]",23.8815209886484,1.5822642867764973
"[0.23560855611870474, 1.0626213127231172, -0.7382729330951979, 0.2632166484423986]",23.881351271124736,1.5828926681453523
"[0.23567602542485389, 1.062570729072591, -0.7382537120189102, 0.2632064521262845]",23.88118177306041,1.5835210495142071
"[0.2357435141325978, 1.0625201077011086, -0.7382344914723673, 0.26319623903166817]",23.881012497805784,1.5841494308830621
"[0.23581102199754767, 1.0624694487616426, -0.7382152715335986, 0.2631860091766404]",23.88084344160899,1.5847778122519167
"[0.23587854965518995, 1.0624187517468233, -0.7381960520301455, 0.26317576244591206]",23.880674608180357,1.5854061936207717
"[0.23594609673964193, 1.0623680169006562, -0.7381768330746663, 0.26316549887589336]",23.880505994661057,1.5860345749896265
"[0.23601366283778982, 1.062317244503109, -0.7381576147931317, 0.26315521851046125]",23.880337602893434,1.5866629563584815
"[0.23608124879552428, 1.0622664338879684, -0.7381383969534346, 0.2631449212018636]",23.880169432389152,1.587291337727336
"[0.23614885332054913, 1.062215585996376, -0.7381191799314859, 0.26313460712804876]",23.880001482115464,1.5879197190961911
"[0.23621647822468825, 1.0621646994349099, -0.7380999632207907, 0.2631242759934778]",23.879833754746613,1.588548100465046
"[0.23628412194165077, 1.0621137753513092, -0.7380807472750129, 0.2631139280182031]",23.879666247040596,1.589176481833901
"[0.23635178509383722, 1.0620628132466288, -0.7380615319257964, 0.26310356308806426]",23.879498961836212,1.5898048632027555
"[0.23641946793985158, 1.0620118128951832, -0.7380423171082938, 0.2630931811441839]",23.87933189817737,1.5904332445716105
"[0.23648717039108036, 1.0619607743327286, -0.7380231028562829, 0.26308278218082465]",23.879165057354946,1.5910616259404653
"[0.23655489099259092, 1.0619096986258305, -0.7380038895911046, 0.2630723664025815]",23.878998434039897,1.5916900073093203
"[0.23662263227348498, 1.061858583836148, -0.7379846766038023, 0.26306193340122475]",23.87883203605633,1.5923183886781749
"[0.23669039202960823, 1.0618074315958195, -0.7379654645281527, 0.2630514834968744]",23.8786658577394,1.59294677004703
"[0.23675817157577667, 1.0617562408816166, -0.7379462529998996, 0.26304101646763084]",23.878499901761106,1.5935751514158847
"[0.2368259707963081, 1.0617050117496303, -0.7379270420605297, 0.2630305323118559]",23.87833416729447,1.5942035327847397
"[0.23689378891114704, 1.0616537447584005, -0.7379078319396648, 0.26302003113091554]",23.878168654866318,1.5948319141535943
"[0.23696162629943626, 1.0616024395906238, -0.7378886225384567, 0.26300951284694574]",23.878003362506405,1.5954602955224493
"[0.23702948397481782, 1.0615510954482192, -0.7378694135786262, 0.2629989772831582]",23.877838293878696,1.596088676891304
"[0.23709736035724122, 1.061499713495557, -0.7378502055161243, 0.2629884246654239]",23.877673446214903,1.596717058260159
"[0.2371652562492309, 1.0614482930942615, -0.7378309981324473, 0.26297785484970665]",23.877508821160177,1.5973454396290137
"[0.2372331713126124, 1.0613968344693654, -0.737811791531919, 0.26296726786925073]",23.8773444186474,1.5979738209978687
"[0.23730110584068595, 1.0613453373674953, -0.7377925856402664, 0.2629566636588962]",23.87718023604572,1.5986022023667235
"[0.23736906001178038, 1.0612938016220492, -0.7377733804158229, 0.2629460421711964]",23.877016276766422,1.5992305837355785
"[0.23743703349226064, 1.0612422274547377, -0.7377541759616016, 0.26293540343874966]",23.876852538439397,1.599858965104433
"[0.23750502656077416, 1.0611906146227135, -0.7377349722076307, 0.26292474739832683]",23.876689024677308,1.600487346473288
"[0.23757303864106313, 1.0611389635321673, -0.7377157693253722, 0.2629140741207295]",23.87652573080407,1.6011157278421428
"[0.23764107031677162, 1.0610872737085577, -0.7376965671587599, 0.26290338349481684]",23.876362660250383,1.6017441092109979
"[0.23770912124921958, 1.0610355453777394, -0.7376773658121568, 0.2628926755541556]",23.876199812833008,1.6023724905798524
"[0.23777719148954338, 1.06098377846947, -0.7376581652798802, 0.2628819502711021]",23.876037184424366,1.6030008719487074
"[0.23784528119654377, 1.0609319728315638, -0.7376389655258955, 0.26287120760100297]",23.875874780818847,1.6036292533175622
"[0.23791339048749374, 1.0608801283430174, -0.7376197665259899, 0.26286044750551335]",23.875712601131994,1.6042576346864172
"[0.23798151957639369, 1.0608282448090622, -0.7376005682287211, 0.26284966993091713]",23.87555064233789,1.6048860160552718
"[0.23804966714973946, 1.0607763231986438, -0.7375813710129718, 0.26283887506540415]",23.875388904390185,1.6055143974241268
"[0.23811783512116266, 1.0607243620220586, -0.7375621743485121, 0.26282806258603325]",23.875227392140516,1.6061427787929816
"[0.23818602141537376, 1.0606723628295212, -0.737542978828597, 0.2628172328021769]",23.875066100058813,1.6067711601618362
"[0.238254227555015, 1.0606203244284476, -0.7375237840333455, 0.26280638545235774]",23.874905031390504,1.6073995415306912
"[0.2383224534651787, 1.0605682468437787, -0.7375045899928167, 0.2627955205283646]",23.87474418652945,1.608027922899546
"[0.23839069820159994, 1.0605161307645463, -0.7374853969815173, 0.2627846381607284]",23.87458356352767,1.608656304268401
"[0.23845896275292064, 1.0604639754040206, -0.7374662047302617, 0.2627737381719495]",23.87442316308999,1.6092846856372556
"[0.2385272461041665, 1.0604117815058174, -0.7374470135332927, 0.26276282070418006]",23.874262985226657,1.6099130670061106
"[0.23859554944864483, 1.0603595481258796, -0.7374278230641385, 0.26275188554666223]",23.87410303221895,1.6105414483749654
"[0.238663871867417, 1.060307275934816, -0.73740863358995, 0.2627409328264246]",23.873943300287312,1.6111698297438204
"[0.23873221386843677, 1.0602549645120602, -0.7373894449769769, 0.2627299624420565]",23.873783791023257,1.611798211112675
"[0.2388005754312182, 1.0602026138410658, -0.7373702572399666, 0.26271897437669034]",23.87362450532369,1.61242659248153
"[0.23886895569119895, 1.0601502245520842, -0.7373510706304744, 0.26270796874937474]",23.87346544349632,1.6130549738503848
"[0.23893735593854018, 1.0600977956245763, -0.7373318847954603, 0.26269694533238414]",23.87330660398337,1.6136833552192398
"[0.23900577524445774, 1.0600453277381543, -0.7373127000044613, 0.26268590425519117]",23.87314798749832,1.6143117365880943
"[0.23907421484458088, 1.0599928199127533, -0.7372935159200835, 0.2626748452980587]",23.87298959604337,1.6149401179569494
"[0.23914267258081398, 1.0599402737720354, -0.7372743331562155, 0.2626637687896358]",23.872831426205604,1.6155684993258042
"[0.23921114994588916, 1.0598876881384776, -0.7372551513034522, 0.2626526744685117]",23.87267347901523,1.6161968806946592
"[0.23927964706616747, 1.0598350628823945, -0.7372359703355154, 0.26264156229378377]",23.872515757772323,1.6168252620635137
"[0.23934816400776632, 1.059782397920195, -0.7372167902430475, 0.26263043223420496]",23.872358258349863,1.6174536434323687
"[0.23941669968591134, 1.0597296940533971, -0.7371976113387374, 0.2626192844457704]",23.8722009831689,1.6180820248012235
"[0.23948525482708455, 1.0596769506911976, -0.7371784334282767, 0.2626081187901784]",23.872043929851547,1.6187104061700786
"[0.23955382932448926, 1.0596241678832536, -0.7371592565506285, 0.2625969352644647]",23.871887102746243,1.6193387875389331
"[0.2396224235132003, 1.0595713453389821, -0.7371400806212209, 0.2625857337935241]",23.871730496416014,1.6199671689077881
"[0.2396910366599855, 1.059518483590527, -0.7371209058541226, 0.2625745144767345]",23.871574113601227,1.620595550276643
"[0.23975966966734832, 1.0594655819099317, -0.7371017320062446, 0.2625632771460761]",23.871417957602777,1.621223931645498
"[0.2398283216889293, 1.0594126409168965, -0.7370825593231688, 0.2625520219196566]",23.87126202360282,1.6218523130143525
"[0.23989699349449364, 1.0593596599850796, -0.7370633875990766, 0.2625407486507657]",23.87110631430921,1.6224806943832075
"[0.23996568425705056, 1.0593066397198065, -0.7370442170739965, 0.26252945745466694]",23.870950829088436,1.6231090757520623
"[0.24003439467577098, 1.0592535795487679, -0.7370250475619359, 0.26251814819596964]",23.87079556697544,1.6237374571209173
"[0.24010312469207087, 1.0592004794840872, -0.7370058790884998, 0.26250682086356986]",23.870640529795917,1.624365838489772
"[0.24017187387266262, 1.0591473398277025, -0.7369867117837144, 0.2624954755083044]",23.87048571570173,1.624994219858627
"[0.2402406416959802, 1.0590941609503788, -0.7369675458020643, 0.2624841121959311]",23.87033112678693,1.6256226012274817
"[0.24030942958438012, 1.0590409417193014, -0.7369483807563375, 0.2624727306707942]",23.87017676036627,1.6262509825963367
"[0.24037823700484162, 1.0589876825134314, -0.7369292168043889, 0.26246133100014063]",23.870022620091234,1.6268793639651913
"[0.24044706355520226, 1.0589343836111105, -0.7369100540674519, 0.26244991322993544]",23.86986870295252,1.6275077453340463
"[0.2405159093683997, 1.058881044876536, -0.7368908925177177, 0.26243847731751363]",23.869715009086136,1.628136126702901
"[0.24058477448668697, 1.0588276662439915, -0.7368717321526647, 0.2624270232351653]",23.869561541237566,1.628764508071756
"[0.24065365951014775, 1.0587742472149606, -0.7368525728146761, 0.2624155508621474]",23.869408298455543,1.6293928894406107
"[0.24072256330179506, 1.058720788638039, -0.7368334148292653, 0.2624040603670397]",23.86925527921235,1.6300212708094657
"[0.24079148752475554, 1.0586672891894395, -0.7368142577433874, 0.2623925514515083]",23.869102484538146,1.6306496521783205
"[0.24086042983061412, 1.0586137506588977, -0.7367951022190519, 0.2623810244869027]",23.868949914913003,1.6312780335471755
"[0.24092939220896598, 1.058560171468388, -0.7367759477126965, 0.2623694791198698]",23.868797567453868,1.63190641491603
"[0.2409983738453887, 1.058506552217008, -0.7367567944599557, 0.2623579154656416]",23.86864544910729,1.632534796284885
"[0.24106737486692909, 1.0584528927726917, -0.7367376424348915, 0.26234633348200753]",23.868493553021697,1.6331631776537399
"[0.24113639485347627, 1.05839919342894, -0.736718491763422, 0.2623347332186345]",23.868341881053446,1.6337915590225949
"[0.24120543469145292, 1.0583454534625942, -0.7366993422089863, 0.2623231145055088]",23.868190435584566,1.6344199403914494
"[0.2412744937626114, 1.0582916733212209, -0.7366801939525053, 0.2623114774255359]",23.86803921385518,1.6350483217603045
"[0.24134357210475563, 1.0582378529419487, -0.7366610469928737, 0.2622998219513493]",23.867888216882616,1.6356767031291592
"[0.24141266929514052, 1.0581839926209309, -0.7366419014565885, 0.2622881481334052]",23.867737447113132,1.6363050844980143
"[0.24148178660424366, 1.058130091334079, -0.7366227570010936, 0.2622764557358532]",23.867586900092235,1.6369334658668688
"[0.2415509227251454, 1.058076150066834, -0.736603613997855, 0.2622647449585738]",23.867436579257173,1.6375618472357238
"[0.2416200789428474, 1.058022167782814, -0.7365844721005519, 0.26225301556267244]",23.867286484072714,1.6381902286045786
"[0.24168925465367883, 1.0579681449190128, -0.7365653314858693, 0.26224126762904604]",23.867136613714116,1.6388186099734336
"[0.24175844892723664, 1.0579140821686124, -0.7365461924206297, 0.2622295012946928]",23.86698696904955,1.6394469913422882
"[0.24182766307127654, 1.057859978476171, -0.7365270545525615, 0.2622177163160683]",23.866837550449834,1.6400753727111432
"[0.24189689611175128, 1.0578058345691939, -0.7365079181605032, 0.2622059128377198]",23.866688355365508,1.640703754079998
"[0.2419661489857857, 1.0577516496808794, -0.7364887829949506, 0.26219409067855537]",23.866539386488025,1.641332135448853
"[0.24203542069926517, 1.0576974245551147, -0.7364696493401125, 0.26218224998695044]",23.866390643139347,1.6419605168177076
"[0.24210471207313225, 1.0576431585153974, -0.7364505169787489, 0.26217039060127656]",23.866242127065995,1.6425888981865626
"[0.24217402257556936, 1.0575888519441454, -0.7364313860672715, 0.262158512591129]",23.866093835209913,1.6432172795554174
"[0.24224335268325622, 1.0575345044337738, -0.7364122564836844, 0.26214661585337623]",23.86594576909226,1.6438456609242724
"[0.2423127019645047, 1.057480116288519, -0.7363931283566928, 0.26213470044061044]",23.86579792866946,1.644474042293127
"[0.2423820708087632, 1.057425687168771, -0.7363740015884804, 0.2621227662644187]",23.8656503144546,1.645102423661982
"[0.2424514587086952, 1.0573712174384327, -0.7363548763285328, 0.26211081339058717]",23.86550292579186,1.6457308050308368
"[0.242520866000692, 1.0573167067993519, -0.7363357524937114, 0.2620988417397196]",23.86535576403712,1.6463591863996918
"[0.24259029258738574, 1.0572621552936896, -0.7363166301204856, 0.26208685130702447]",23.865208827308777,1.6469875677685464
"[0.24265973838412933, 1.057207562953739, -0.7362975092417885, 0.26207484208558435]",23.865062116748557,1.6476159491374014
"[0.24272920436996717, 1.0571529289750865, -0.736278389597822, 0.2620628138842225]",23.86491563315616,1.6482443305062562
"[0.24279868895587184, 1.0570982545730019, -0.7362592716356373, 0.2620507669563833]",23.864769375733495,1.6488727118751112
"[0.24286819295899117, 1.0570435390704214, -0.7362401551399944, 0.262038701138928]",23.86462334368202,1.6495010932439658
"[0.24293771657740226, 1.0569887822767345, -0.7362210400661618, 0.26202661637564206]",23.864477539050647,1.6501294746128208
"[0.24300725869781087, 1.0569339850345105, -0.7362019267298731, 0.26201451283846355]",23.864331959840804,1.6507578559816756
"[0.24307682095009406, 1.056879146024833, -0.7361828146929, 0.2620023902219219]",23.86418660763366,1.6513862373505306
"[0.2431464023057545, 1.056824266023763, -0.7361637042475906, 0.2619902486833678]",23.864041482268053,1.6520146187193852
"[0.24321600297338095, 1.0567693448320563, -0.7361445953464264, 0.2619780881645395]",23.863896582663866,1.6526430000882402
"[0.2432856230704788, 1.0567143823222966, -0.7361254879669072, 0.2619659086230515]",23.86375191106279,1.653271381457095
"[0.24335526221410794, 1.0566593787621466, -0.7361063822238847, 0.2619537101040626]",23.863607464143524,1.6538997628259495
"[0.24342492089305834, 1.0566043337307836, -0.7360872779930407, 0.261941492500053]",23.863463245343063,1.6545281441948045
"[0.24349459857859745, 1.0565492476112355, -0.7360681754291734, 0.26192925588184035]",23.86331925271632,1.655156525563659
"[0.2435642964436655, 1.0564941194409971, -0.7360490742206157, 0.2619170000212661]",23.86317548755154,1.6557849069325141
"[0.24363401283576538, 1.05643895049219, -0.7360299748300821, 0.2619047251868908]",23.863031949592628,1.656413288301369
"[0.2437037487663724, 1.056383739929723, -0.7360108769902397, 0.26189243117876215]",23.862888638014688,1.657041669670224
"[0.24377350367300274, 1.0563284881639774, -0.7359917808649699, 0.2618801180740138]",23.862745552933568,1.6576700510390785
"[0.2438432779996933, 1.0562731948083242, -0.7359726863425489, 0.2618677857722489]",23.86260269630322,1.6582984324079335
"[0.24391307211931942, 1.0562178595318454, -0.7359535933309082, 0.26185543418523444]",23.862460067557624,1.6589268137767883
"[0.24398288465029833, 1.0561624833949896, -0.7359345022178369, 0.261843063535446]",23.862317663608838,1.6595551951456433
"[0.24405271685889418, 1.0561070653584592, -0.7359154126668922, 0.26183067357649664]",23.862175487281903,1.6601835765144979
"[0.24412256861890622, 1.0560516054868283, -0.7358963247225907, 0.26181826430834887]",23.862033539964393,1.660811957883353
"[0.24419243987598643, 1.055996103787725, -0.7358772384097892, 0.26180583571825816]",23.861891820735792,1.6614403392522077
"[0.24426232996102581, 1.0559405607574943, -0.735858153921176, 0.2617933879030606]",23.861750326748044,1.6620687206210627
"[0.2443322397446399, 1.0558849756689224, -0.7358390710289722, 0.26178092068541053]",23.86160906168306,1.6626971019899173
"[0.24440216868983225, 1.0558293489134187, -0.7358199898897796, 0.26176843413864165]",23.86146802593396,1.6633254833587723
"[0.24447211646742412, 1.0557736807177274, -0.7358009106033233, 0.2617559282993663]",23.86132721436944,1.663953864727627
"[0.24454208413525896, 1.0557179702044022, -0.7357818328910867, 0.26174340295601445]",23.861186632658132,1.664582246096482
"[0.24461207056717044, 1.0556622182345439, -0.7357627570701704, 0.2617308582877257]",23.861046278048264,1.6652106274653367
"[0.24468207653700177, 1.0556064241562884, -0.7357436829396431, 0.26171829413343356]",23.860906152314634,1.6658390088341917
"[0.24475210198639896, 1.0555505879802636, -0.7357246105255196, 0.2617057104809666]",23.86076625461984,1.6664673902030465
"[0.24482214642072686, 1.0554947100652685, -0.7357055399725675, 0.2616931073967261]",23.86062658303506,1.6670957715719015
"[0.2448922098173598, 1.0554387903939964, -0.7356864712969284, 0.2616804848624454]",23.8604871420119,1.667724152940756
"[0.24496229280628107, 1.0553828284278886, -0.7356674043372317, 0.26166784274204924]",23.860347926383234,1.668352534309611
"[0.24503239501338714, 1.0553268244297225, -0.7356483392053996, 0.26165518108032004]",23.860208941809258,1.6689809156784658
"[0.24510251677283626, 1.0552707780965709, -0.7356292758207038, 0.26164249979418464]",23.86007018374179,1.6696092970473209
"[0.2451726575690988, 1.0552146898045744, -0.7356102143334327, 0.2616297989541895]",23.859931655383242,1.6702376784161754
"[0.2452428177129909, 1.055158559269349, -0.7355911546692376, 0.2616170784814065]",23.85979335403228,1.6708660597850304
"[0.24531299690436448, 1.055102386695115, -0.7355720969197967, 0.2616043384075616]",23.859655282299375,1.6714944411538852
"[0.24538319545819393, 1.0550461717938209, -0.7355530410097263, 0.2615915786527589]",23.859517438147293,1.6721228225227402
"[0.2454534134335142, 1.054989914481973, -0.7355339869332267, 0.2615787991833812]",23.85937982378911,1.6727512038915948
"[0.24552365028702022, 1.054933615158874, -0.7355149348478931, 0.2615660000755588]",23.85924243777712,1.6733795852604498
"[0.2455939070126922, 1.0548772729914946, -0.735495884494352, 0.2615531811252224]",23.859105281279838,1.6740079666293046
"[0.2456641820616275, 1.0548208891859558, -0.7354768363027728, 0.26154034259220554]",23.8589683524676,1.6746363479981596
"[0.24573447737273899, 1.0547644621503107, -0.7354577897578639, 0.2615274840993377]",23.85883165284387,1.6752647293670142
"[0.24580479124702018, 1.0547079932119128, -0.7354387453302729, 0.2615146059343488]",23.85869518133688,1.6758931107358692
"[0.24587512435792533, 1.0546514817939734, -0.7354197028477597, 0.26150170795115135]",23.858558941026864,1.676521492104724
"[0.24594547707407896, 1.0545949275637194, -0.7354006622208586, 0.2614887900590083]",23.858422927844742,1.677149873473579
"[0.24601584867683235, 1.0545383310624235, -0.7353816236543657, 0.2614758523668308]",23.858287145429816,1.6777782548424336
"[0.24608623943327207, 1.0544816920390543, -0.7353625870862683, 0.26146289480258955]",23.858151590724752,1.6784066362112886
"[0.24615664977500135, 1.0544250101096837, -0.7353435524102027, 0.2614499172636504]",23.85801626732532,1.6790350175801434
"[0.24622707897523846, 1.0543682858228247, -0.735324519832986, 0.26143691986083106]",23.857881171064815,1.6796633989489984
"[0.24629752757170317, 1.054311518708888, -0.7353054892196321, 0.2614239024717919]",23.857746306680937,1.680291780317853
"[0.24636799540769305, 1.0542547088574423, -0.735286460622853, 0.2614108651022564]",23.857611667663424,1.680920161686708
"[0.246438482566731, 1.0541978561643424, -0.7352674340305059, 0.26139780771347415]",23.857477264141114,1.6815485430555628
"[0.2465089886707233, 1.0541409608979213, -0.7352484095550142, 0.26138473035229365]",23.857343086880636,1.6821769244244178
"[0.24657951426188027, 1.0540840225838577, -0.7352293870604829, 0.2613716328948559]",23.85720914071424,1.6828053057932724
"[0.24665005909239618, 1.054027041385211, -0.73521036662422, 0.2613585153637536]",23.857075424323003,1.6834336871621274
"[0.24672062276530532, 1.053970017585944, -0.7351913483636414, 0.2613453778095647]",23.85694193471558,1.6840620685309822
"[0.2467912058949475, 1.0539129506527443, -0.7351723321236038, 0.2613322200945664]",23.856808678088015,1.6846904498998372
"[0.24686180795879092, 1.0538558409711116, -0.7351533180553522, 0.26131904229274694]",23.85667565148965,1.6853188312686918
"[0.24693242954520603, 1.0537986880280834, -0.7351343060109157, 0.2613058442708258]",23.85654285392115,1.6859472126375468
"[0.24700307009555067, 1.0537414922386896, -0.7351152961511833, 0.2612926261097138]",23.856410288773443,1.6865755940064016
"[0.24707372958738374, 1.0536842535842115, -0.7350962884926453, 0.26127938779023024]",23.856277950380193,1.6872039753752566
"[0.24714440871083698, 1.0536269714683644, -0.7350772828601984, 0.26126612915947994]",23.85614584397467,1.6878323567441111
"[0.2472151067251142, 1.0535696464542457, -0.7350582794636029, 0.2612528503327991]",23.856013967019788,1.6884607381129662
"[0.24728582411889127, 1.0535122781084312, -0.7350392781820402, 0.26123955119482883]",23.855882323589263,1.689089119481821
"[0.247356560337417, 1.0534548668437616, -0.7350202791751077, 0.26122623182631377]",23.855750907674594,1.689717500850676
"[0.2474273164041119, 1.0533974117920795, -0.7350012821785565, 0.2612128920107608]",23.855619725423892,1.6903458822195305
"[0.2474980912711419, 1.0533399137666863, -0.7349822874843552, 0.2611995319219099]",23.855488771349947,1.6909742635883855
"[0.24756888508221714, 1.0532823726137546, -0.7349632950644507, 0.2611861515091088]",23.855358049333063,1.6916026449572403
"[0.2476396984803848, 1.0532247877730279, -0.7349443047569807, 0.26117275062698]",23.855227556703955,1.6922310263260953
"[0.2477105306004407, 1.053167159910575, -0.7349253168046056, 0.26115932941546366]",23.855097295062812,1.69285940769495
"[0.24778138197573155, 1.053109488555107, -0.73490633107495, 0.2611458877497886]",23.85496726624087,1.693487789063805
"[0.24785225271637185, 1.053051773579202, -0.7348873475492207, 0.2611324255850916]",23.854837467436628,1.6941161704326597
"[0.24792314256078873, 1.052994015158105, -0.7348683663081943, 0.26111894294709476]",23.85470789980242,1.6947445518015147
"[0.2479940515985424, 1.0529362131811848, -0.7348493873385741, 0.2611054397948594]",23.854578563909154,1.6953729331703693
"[0.24806497982866968, 1.0528783676113749, -0.7348304106513543, 0.2610919161045493]",23.8544494595878,1.6960013145392243
"[0.24813592662128947, 1.0528204789249003, -0.7348114364256969, 0.26107837197246253]",23.854320585727418,1.696629695908079
"[0.2482068932968718, 1.0527625460063874, -0.7347924643192167, 0.2610648071224287]",23.85419194467838,1.6972580772769341
"[0.2482778786851161, 1.0527045697731137, -0.7347734946555845, 0.2610512217539673]",23.85406353316307,1.6978864586457887
"[0.2483488830610194, 1.0526465499628643, -0.7347545273719942, 0.2610376157905532]",23.853935354851938,1.6985148400146437
"[0.24841990710527073, 1.052588485981211, -0.7347355622974594, 0.2610239890774873]",23.853807408731164,1.6991432213834985
"[0.24849094978727584, 1.0525303786326148, -0.7347165997179819, 0.26101034178831706]",23.853679692037336,1.6997716027523535
"[0.24856201143916865, 1.0524722276077103, -0.7346976395556215, 0.2609966738352761]",23.853552208224368,1.700399984121208
"[0.24863309284003715, 1.052414032230537, -0.7346786816134131, 0.2609829850441159]",23.853424958016163,1.7010283654900629
"[0.24870419293668491, 1.0523557933250383, -0.7346597261831332, 0.26096927559331523]",23.853297937023427,1.7016567468589179
"[0.24877531238855366, 1.0522975103129804, -0.7346407730997917, 0.260955545331518]",23.853171149721188,1.7022851282277724
"[0.24884645071619213, 1.0522391835489437, -0.7346218225020499, 0.26094179432692804]",23.853044594677037,1.7029135095966275
"[0.2489176081394773, 1.0521808128144794, -0.7346028743421816, 0.2609280225127766]",23.852918272708504,1.7035418909654823
"[0.24898878481846812, 1.0521223979398304, -0.7345839285884922, 0.26091422983364104]",23.85279218143472,1.7041702723343373
"[0.24905998061508083, 1.0520639389998008, -0.734564985288682, 0.2609004162917918]",23.852666323187265,1.7047986537031918
"[0.24913119519479593, 1.0520054362307643, -0.7345460445426468, 0.2608865819277757]",23.85254069807465,1.7054270350720468
"[0.24920242918681354, 1.0519468890772998, -0.7345271061939925, 0.2608727265948599]",23.85241530327652,1.7060554164409016
"[0.249273682018737, 1.0518882979712498, -0.7345081704058729, 0.26085885037982415]",23.852290143119575,1.7066837978097567
"[0.24934495398762135, 1.0518296626298453, -0.7344892371102925, 0.26084495320032663]",23.85216521550825,1.7073121791786112
"[0.2494162449635407, 1.0517709831213204, -0.7344703063527582, 0.2608310350571119]",23.852040522294295,1.7079405605474662
"[0.24948755531427455, 1.0517122591041062, -0.7344513780466551, 0.26081709585366525]",23.851916059648627,1.708568941916321
"[0.24955888415108254, 1.0516534912714894, -0.734432452438866, 0.2608031357391525]",23.851791830495284,1.709197323285176
"[0.24963023306306414, 1.0515946782751353, -0.7344135291188673, 0.2607891543777063]",23.85166783550286,1.7098257046540306
"[0.24970160040675946, 1.0515358214306894, -0.7343946085336491, 0.26077515206652174]",23.851544072109228,1.7104540860228856
"[0.24977298651639107, 1.0514769204241399, -0.7343756906055348, 0.2607611287155814]",23.851420542857856,1.7110824673917404
"[0.24984439197783073, 1.0514179747331298, -0.734356775190346, 0.26074708418499914]",23.851297245087444,1.7117108487605954
"[0.2499158168606522, 1.051358984260818, -0.7343378622808617, 0.26073301843601415]",23.851174183679955,1.71233923012945
"[0.2499872603462985, 1.0512999496442468, -0.7343189521049357, 0.2607189316049853]",23.85105135351967,1.712967611498305
"[0.25005872278776864, 1.0512408705529452, -0.7343000445801803, 0.2607048235976027]",23.850928757716375,1.7135959928671598
"[0.2501302042531285, 1.0511817468915508, -0.7342811396997169, 0.26069069437553094]",23.850806395767766,1.7142243742360148
"[0.25020170485492726, 1.0511225785277152, -0.734262237444957, 0.260676543891521]",23.850684266053328,1.7148527556048694
"[0.2502732247442817, 1.0510633652969146, -0.7342433377871865, 0.2606623720905285]",23.85056237235606,1.7154811369737244
"[0.25034476388526733, 1.0510041071893066, -0.734224440747168, 0.2606481789544612]",23.850440712054485,1.7161095183425792
"[0.2504163210646439, 1.0509448051708985, -0.7342055466564826, 0.2606339646991901]",23.85031928410663,1.7167378997114342
"[0.2504878978784201, 1.0508854578800177, -0.7341866551048354, 0.2606197289828064]",23.850198092133546,1.7173662810802888
"[0.25055949386008747, 1.050826065663374, -0.7341677662267654, 0.26060547187257005]",23.850077132497717,1.7179946624491438
"[0.2506311085498734, 1.0507666288630142, -0.7341488801547892, 0.26059119343494347]",23.849956408117492,1.7186230438179986
"[0.25070274225268346, 1.0507071471865204, -0.7341299968197188, 0.2605768935840379]",23.849835918117662,1.7192514251868536
"[0.2507743949352815, 1.0506476206218878, -0.7341111162416031, 0.26056257230124014]",23.849715662981318,1.7198798065557082
"[0.25084606715748853, 1.050588048664074, -0.7340922382843145, 0.26054822944918665]",23.849595640579576,1.7205081879245632
"[0.25091775802704414, 1.0505284320148756, -0.7340733631942191, 0.26053386518104205]",23.849475855392832,1.721136569293418
"[0.2509894678358964, 1.0504687703919988, -0.7340544909057237, 0.2605194794131008]",23.849356302502297,1.721764950662273
"[0.2510611964381611, 1.050409063877194, -0.7340356214685233, 0.2605050721493485]",23.84923698685445,1.7223933320311275
"[0.2511329442874512, 1.0503493120529435, -0.7340167547746749, 0.2604906432732033]",23.849117904825636,1.7230217133999826
"[0.2512047107289636, 1.0502895154247482, -0.7339978910077235, 0.26047619289094043]",23.848999056078277,1.7236500947688373
"[0.2512764966062702, 1.05022967324974, -0.7339790299573458, 0.26046172080718605]",23.848880442994442,1.7242784761376924
"[0.25134830120819507, 1.050169786080619, -0.7339601718218486, 0.2604472271396964]",23.848762066441203,1.724906857506547
"[0.25142012500226624, 1.0501098534874163, -0.7339413164898683, 0.26043271176854815]",23.848643925375676,1.725535238875402
"[0.2514919677879639, 1.0500498755971774, -0.7339224640255364, 0.26041817470856315]",23.848526018139278,1.7261636202442567
"[0.2515638293324892, 1.049989852564208, -0.7339036145013746, 0.26040361598127804]",23.848408346418,1.7267920016131117
"[0.25163570989031486, 1.049929784135822, -0.7338847678620909, 0.26038903550951165]",23.84829091008073,1.7274203829819663
"[0.25170760928678976, 1.0498696704177408, -0.7338659241649631, 0.2603744333030022]",23.848173709582245,1.7280487643508213
"[0.25177952786011576, 1.049809511086811, -0.733847083332884, 0.2603598092672727]",23.84805674540934,1.7286771457196761
"[0.2518514653182615, 1.0497493063468395, -0.7338282454539138, 0.2603451634358577]",23.84794001494646,1.7293055270885311
"[0.25192342143623336, 1.0496890563459118, -0.7338094105984585, 0.2603304958288715]",23.84782352119764,1.7299339084573857
"[0.25199539646288754, 1.0496287608353532, -0.733790578712893, 0.26031580636983526]",23.847707264540862,1.7305622898262407
"[0.2520673909257075, 1.0495684193325086, -0.7337717496708447, 0.2603010949250526]",23.847591242850076,1.7311906711950955
"[0.2521394039017592, 1.0495080325702386, -0.733752923725315, 0.2602863616571242]",23.84747545653262,1.7318190525639505
"[0.2522114363167143, 1.0494475997316404, -0.7337341006459317, 0.26027160635067065]",23.847359908120715,1.732447433932805
"[0.252283487162379, 1.0493871216218569, -0.7337152807077799, 0.26025682918620086]",23.847244594751857,1.73307581530166
"[0.25235555696151035, 1.0493265977616377, -0.7336964637858815, 0.26024203003063073]",23.84712951902053,1.733704196670515
"[0.25242764582962607, 1.0492660280130661, -0.7336776498617649, 0.2602272088340923]",23.847014679134293,1.73433257803937
"[0.2524997534657531, 1.049205412588148, -0.7336588390256624, 0.2602123656323325]",23.846900076547513,1.7349609594082245
"[0.25257188022156896, 1.0491447511503609, -0.7336400311975233, 0.26019750032680755]",23.846785709101514,1.7355893407770795
"[0.2526440255981972, 1.0490840440783213, -0.7336212265191455, 0.260182612994145]",23.846671578520496,1.7362177221459343
"[0.2527161901232481, 1.049023290887102, -0.7336024248647233, 0.26016770349926666]",23.846557685299025,1.7368461035147893
"[0.25278837329669773, 1.0489624919565963, -0.7335836263762758, 0.2601527719192137]",23.846444028908074,1.7374744848836439
"[0.25286057540728735, 1.0489016470026122, -0.7335648309903338, 0.26013781816803144]",23.846330607713835,1.7381028662524989
"[0.2529327964803473, 1.048840755962564, -0.7335460387120989, 0.26012284221408954]",23.846217428080372,1.7387312476213537
"[0.25300503634969207, 1.04877981893535, -0.7335272495966053, 0.2601078440654747]",23.846104481973867,1.7393596289902087
"[0.2530772955212629, 1.0487188354527075, -0.7335084635241272, 0.2600928235906037]",23.845991774932195,1.7399880103590633
"[0.2531495729194625, 1.0486578063812035, -0.7334896807860899, 0.2600777809866943]",23.84587930290024,1.7406163917279183
"[0.2532218693846434, 1.0485967309701694, -0.7334709011758783, 0.2600627160525309]",23.84576707161947,1.741244773096773
"[0.2532941848815276, 1.0485356092077447, -0.7334521247145782, 0.26004762876879933]",23.845655074993715,1.741873154465628
"[0.25336651875294874, 1.0484744416080847, -0.7334333515846435, 0.26003251924616266]",23.8455433163488,1.7425015358344826
"[0.2534388717924063, 1.0484132274587525, -0.7334145815919983, 0.2600173872923352]",23.84543179574288,1.7431299172033377
"[0.2535112440475951, 1.0483519666773755, -0.733395814736294, 0.2600022328704442]",23.845320515549407,1.7437582985721924
"[0.25358363505273457, 1.048290659616401, -0.7333770511502856, 0.25998705605124084]",23.845209472132264,1.7443866799410475
"[0.2536560445956513, 1.048229306414067, -0.7333582909008448, 0.25997185685264634]",23.845098665544494,1.745015061309902
"[0.2537284730504031, 1.0481679067118186, -0.7333395339029816, 0.2599566351694786]",23.84498809661436,1.745643442678757
"[0.25380092010006106, 1.048106460736614, -0.7333207802507232, 0.25994139104161434]",23.844877767390354,1.7462718240476118
"[0.2538733863727739, 1.048044967913728, -0.7333020297934884, 0.2599261243099926]",23.844767675829065,1.7469002054164668
"[0.25394587121926754, 1.0479834287521046, -0.7332832827113125, 0.25991083508447577]",23.844657824783514,1.7475285867853214
"[0.25401837507780034, 1.0479218428377186, -0.7332645389028679, 0.2598955232457342]",23.84454821031825,1.7481569681541762
"[0.25409089735712576, 1.047860210630887, -0.7332457985330171, 0.2598801888917672]",23.84443883351113,1.7487853495230312
"[0.2541634387146398, 1.0477985315309204, -0.7332270614439268, 0.2598648318566373]",23.844329697096605,1.7494137308918858
"[0.2542359989949778, 1.047736805627535, -0.7332083276878743, 0.25984945214606453]",23.84422079827796,1.7500421122607408
"[0.25430857776238713, 1.047675033249349, -0.7331895973894278, 0.2598340498254272]",23.84411214019672,1.7506704936295956
"[0.2543811755218994, 1.0476132139243406, -0.7331708704303537, 0.25981862476049083]",23.84400372017067,1.7512988749984506
"[0.25445379203431784, 1.04755134781381, -0.7331521468845077, 0.2598031769748932]",23.843895538532326,1.7519272563673052
"[0.2545264274335044, 1.0474894347612924, -0.7331334267295421, 0.2597877064129455]",23.8437875975567,1.7525556377361602
"[0.25459908152402155, 1.0474274748909496, -0.7331147100279964, 0.25977221308905474]",23.843679894910885,1.753184019105015
"[0.25467175431976324, 1.0473654681485842, -0.7330959967884447, 0.259756696973077]",23.843572430729346,1.75381240047387
"[0.25474444586180955, 1.0473034144566578, -0.733077287012501, 0.2597411580289744]",23.843465207868526,1.7544407818427246
"[0.25481715673600913, 1.0472413132721416, -0.7330585805616848, 0.2597255961039785]",23.843358224171716,1.7550691632115796
"[0.2548898854379467, 1.0471791658375076, -0.7330398778352214, 0.2597100114928313]",23.843251480275086,1.7556975445804344
"[0.25496263319897156, 1.047116971058312, -0.7330211785285939, 0.2596944039045366]",23.843144975335424,1.7563259259492894
"[0.2550354002288678, 1.0470547287118825, -0.7330024826003049, 0.2596787732662921]",23.843038711888557,1.756954307318144
"[0.2551081856671103, 1.0469924394913768, -0.7329837902837647, 0.2596631197353924]",23.84293268886036,1.757582688686999
"[0.25518098972103476, 1.0469301031767917, -0.7329651015379554, 0.2596474432398992]",23.842826904839214,1.7582110700558538
"[0.25525381237662914, 1.0468677197373755, -0.7329464163787548, 0.2596317437553648]",23.842721360527648,1.7588394514247088
"[0.2553266536839052, 1.0468052890874473, -0.7329277348056373, 0.2596160212434835]",23.842616055585534,1.7594678327935633
"[0.2553995139262619, 1.0467428109410009, -0.7329090567583032, 0.2596002756153885]",23.842510993065527,1.7600962141624183
"[0.25547239332470617, 1.0466802850650132, -0.7328903821925871, 0.25958450679537737]",23.84240617265311,1.7607245955312731
"[0.2555452908275968, 1.0466177123187084, -0.732871711390324, 0.2595687149833418]",23.842301588839135,1.7613529769001282
"[0.25561820747985875, 1.0465550917620232, -0.7328530440962805, 0.2595528999251964]",23.842197249252347,1.7619813582689827
"[0.25569114284636335, 1.046492423725187, -0.732834380434339, 0.25953706168738516]",23.842093148212467,1.7626097396378377
"[0.255764096289592, 1.0464297087129957, -0.7328157205799964, 0.25952120038070986]",23.84198928880518,1.7632381210066925
"[0.2558370690249487, 1.0463669456372604, -0.7327970642348438, 0.25950531571304414]",23.841885671847095,1.7638665023755475
"[0.25591006044645925, 1.0463041349753712, -0.7327784115663917, 0.25948940778814195]",23.84178229492839,1.764494883744402
"[0.2559830701085002, 1.046241277067598, -0.7327597627009448, 0.2594734766753323]",23.841679158922197,1.7651232651132571
"[0.25605609888576963, 1.0461783711173345, -0.7327411174275978, 0.2594575221557509]",23.841576265144734,1.765751646482112
"[0.2561291462259226, 1.0461154175565557, -0.7327224758999684, 0.2594415443218941]",23.841473613667954,1.766380027850967
"[0.25620221194664283, 1.0460524164989748, -0.7327038381770743, 0.25942554318570477]",23.841371202088304,1.7670084092198215
"[0.2562752966788404, 1.0459893673568388, -0.7326852041105681, 0.259409518580866]",23.84126903387378,1.7676367905886765
"[0.25634840040048473, 1.0459262701049374, -0.7326665737187799, 0.2593934704837701]",23.841167106988493,1.7682651719575313
"[0.2564215222846669, 1.045863125413269, -0.7326479472250299, 0.25937739904780027]",23.84106542053658,1.7688935533263863
"[0.2564946628703944, 1.0457999327727583, -0.7326293245045724, 0.2593613041264064]",23.84096397832701,1.7695219346952409
"[0.2565678222267632, 1.0457366920796412, -0.7326107055524963, 0.25934518567601944]",23.84086277613973,1.770150316064096
"[0.2566410001167618, 1.0456734034947814, -0.7325920904417896, 0.25932904372051974]",23.84076181754077,1.7707786974329507
"[0.25671419660058237, 1.0456100669221426, -0.7325734791698048, 0.25931287821830795]",23.840661101329243,1.7714070788018057
"[0.2567874117145985, 1.0455466822861497, -0.7325548717399908, 0.25929668913294956]",23.840560627972444,1.7720354601706603
"[0.2568606453790917, 1.0454832496116822, -0.7325362681853189, 0.25928047645364327]",23.840460396344145,1.7726638415395153
"[0.2569338980252718, 1.0454197684808046, -0.7325176684090429, 0.2592642400563097]",23.84036040814464,1.77329222290837
"[0.25700716921779826, 1.0453562392262816, -0.7324990725345157, 0.2592479800087785]",23.840260662679807,1.773920604277225
"[0.25708045868901114, 1.0452926620360994, -0.7324804806423733, 0.2592316963420317]",23.84016115957629,1.7745489856460797
"[0.25715376730029577, 1.0452290361184515, -0.7324618925269404, 0.25921538883596784]",23.84006190118392,1.7751773670149347
"[0.25722709428085244, 1.0451653620976453, -0.7324433083965325, 0.2591990576332611]",23.83996288410331,1.7758057483837895
"[0.25730043961238797, 1.045101639945329, -0.7324247282685395, 0.25918270270946137]",23.839864110629733,1.7764341297526445
"[0.2573738037747671, 1.0450378692000164, -0.7324061520342496, 0.25916632392882594]",23.83976558160378,1.777062511121499
"[0.2574471864332398, 1.044974050107833, -0.7323875797913478, 0.2591499213371827]",23.839667293932038,1.777690892490354
"[0.25752058805281325, 1.044910182219662, -0.732369011435037, 0.25913349480175324]",23.839569252598007,1.7783192738592088
"[0.25759400772676283, 1.0448462662795346, -0.7323504472076394, 0.2591170444964982]",23.839471453736177,1.7789476552280639
"[0.2576674463894367, 1.0447823014294213, -0.7323318868857774, 0.25910057018327126]",23.83937389827796,1.7795760365969184
"[0.25774090295813146, 1.0447182885675237, -0.7323133307560143, 0.25908407207603706]",23.839276586606253,1.7802044179657734
"[0.25781437896583015, 1.0446542263128527, -0.7322947784441008, 0.25906754980140856]",23.839179520678307,1.7808327993346282
"[0.25788787309919947, 1.0445901157651507, -0.7322762302947153, 0.2590510036254753]",23.83908269841048,1.7814611807034832
"[0.25796138541526537, 1.0445259568301053, -0.732257686306333, 0.2590344335066221]",23.838986117526158,1.7820895620723378
"[0.2580349168810159, 1.0444617486184806, -0.7322391462480877, 0.2590178391976643]",23.838889785033675,1.7827179434411928
"[0.2581084667397414, 1.0443974917454946, -0.7322206103239108, 0.25900122083998833]",23.838793696120174,1.7833463248100476
"[0.25818203468194423, 1.0443331864366487, -0.7322020786247639, 0.25898457847453343]",23.83869785002455,1.7839747061789026
"[0.25825562161158294, 1.0442688318565292, -0.7321835509360085, 0.25896791186757684]",23.838602248491796,1.7846030875477572
"[0.25832922743508396, 1.044204428040957, -0.732165027294474, 0.2589512210106275]",23.838506894518112,1.7852314689166122
"[0.2584028511636385, 1.0441399758098386, -0.7321465079620822, 0.2589345060986574]",23.838411784617374,1.785859850285467
"[0.2584764936428326, 1.0440754743776623, -0.732127992739207, 0.2589177669104501]",23.83831691937709,1.786488231654322
"[0.25855015433870565, 1.044010924166564, -0.7321094817732505, 0.2589010035379569]",23.83822229913224,1.7871166130231766
"[0.25862383394837823, 1.0439463245199154, -0.7320909749022307, 0.2588842157929918]",23.838127925109962,1.7877449943920316
"[0.2586975318473066, 1.0438816759394522, -0.7320724722962596, 0.2588674037882425]",23.83803379558447,1.7883733757608864
"[0.2587712479789576, 1.0438169784292806, -0.7320539739826749, 0.25885056750720586]",23.837939913135298,1.7890017571297414
"[0.2588449836088398, 1.0437522308324805, -0.7320354796572611, 0.2588337066309769]",23.83784627626136,1.789630138498596
"[0.2589187368455138, 1.043687434763833, -0.732016989807744, 0.25881682156228125]",23.837752882526896,1.790258519867451
"[0.2589925087951752, 1.0436225892060274, -0.7319985041699487, 0.25879991201845975]",23.83765973698816,1.7908869012363058
"[0.2590662991960563, 1.0435576943429645, -0.7319800228228154, 0.25878297802965655]",23.837566837773487,1.7915152826051608
"[0.2591401080555768, 1.0434927501220566, -0.7319615457778007, 0.25876601956438533]",23.837474183278154,1.7921436639740154
"[0.25921393525624403, 1.043427756600627, -0.7319430730776335, 0.2587490366198546]",23.837381776582404,1.7927720453428704
"[0.25928778149488946, 1.0433627131186995, -0.7319246045614007, 0.25873202900569064]",23.837289615412114,1.7934004267117252
"[0.25936164541253653, 1.0432976208271092, -0.7319061405823204, 0.25871499700502837]",23.837197701320026,1.7940288080805802
"[0.25943552779165424, 1.043232478990479, -0.7318876809580595, 0.25869794040777555]",23.837106033254543,1.7946571894494348
"[0.25950942967421264, 1.0431672866429793, -0.7318692254418968, 0.2586808589429164]",23.83701461434894,1.7952855708182895
"[0.2595833490844168, 1.043102045480977, -0.7318507745407177, 0.2586637530369974]",23.836923438402028,1.7959139521871446
"[0.2596572868860057, 1.0430367546962518, -0.7318323280522127, 0.25864662246042025]",23.836832510781573,1.7965423335559991
"[0.2597312434500792, 1.0429714139142632, -0.7318138858973451, 0.25862946709689955]",23.83674183155356,1.7971707149248541
"[0.25980521823187924, 1.0429060235696708, -0.7317954482254528, 0.2586122870426065]",23.836651398923514,1.797799096293709
"[0.2598792115002713, 1.0428405833780534, -0.7317770149830541, 0.2585950822048365]",23.836561214073697,1.798427477662564
"[0.25995322355551403, 1.0427750930268163, -0.7317585861089592, 0.25857785248332094]",23.83647127550385,1.7990558590314185
"[0.2600272539687349, 1.0427095528483517, -0.7317401617235856, 0.2585605979474096]",23.836381587356794,1.7996842404002735
"[0.2601013023641903, 1.042643963128729, -0.7317217419339389, 0.2585433186544975]",23.83629214534368,1.8003126217691283
"[0.26017536941572417, 1.042578323224187, -0.7317033265859771, 0.2585260144169664]",23.83620295097057,1.8009410031379833
"[0.2602494543979225, 1.0425126337306825, -0.7316849158736499, 0.2585086853738948]",23.83611400436071,1.801569384506838
"[0.2603235583388588, 1.0424468936894489, -0.7316665095551398, 0.25849133125423307]",23.836025307232937,1.802197765875693
"[0.2603976805492671, 1.0423811036644695, -0.7316481078153984, 0.25847395218863867]",23.835936858610427,1.8028261472445477
"[0.2604718214438695, 1.0423152632402426, -0.7316297105651925, 0.25845654804916274]",23.835848657865956,1.8034545286134027
"[0.26054597988039946, 1.042249373384194, -0.7316113181015752, 0.2584391190734983]",23.83576070371204,1.8040829099822573
"[0.2606201570677528, 1.0421834329751354, -0.7315929301383685, 0.2584216649469961]",23.835672999327407,1.8047112913511123
"[0.26069435276443453, 1.0421174421799293, -0.7315745467492861, 0.2584041856954951]",23.83558554456945,1.805339672719967
"[0.26076856697219414, 1.042051400949294, -0.7315561679477223, 0.2583866812876473]",23.835498338468774,1.805968054088822
"[0.2608427992853816, 1.0419853095966811, -0.73153779384791, 0.25836915178831005]",23.835411382957343,1.8065964354576767
"[0.26091704950154954, 1.0419191682551583, -0.7315194245136449, 0.25835159721467704]",23.8353246744512,1.8072248168265317
"[0.26099131887628507, 1.0418529757582822, -0.7315010596482022, 0.2583340172387863]",23.835238216542223,1.8078531981953865
"[0.26106560635498577, 1.0417867329977726, -0.7314826995263227, 0.2583164120790198]",23.83515200693891,1.8084815795642415
"[0.2611399121114806, 1.0417204397709736, -0.7314643441188668, 0.25829878166326]",23.835066048191642,1.809109960933096
"[0.26121423595406024, 1.0416540962011935, -0.7314459934870378, 0.2582811260060172]",23.83498033708261,1.809738342301951
"[0.2612885784385207, 1.041587701744269, -0.7314276475075431, 0.25826344494408654]",23.83489487767708,1.8103667236708059
"[0.2613629387846801, 1.041521257049004, -0.7314093063868299, 0.25824573863188427]",23.834809667779883,1.8109951050396609
"[0.26143731782943874, 1.0414547613195055, -0.7313909699324251, 0.2582280068389212]",23.834724708917182,1.8116234864085154
"[0.2615117152126089, 1.0413882148292983, -0.7313726382471879, 0.258210249619599]",23.83464000001928,1.8122518677773705
"[0.2615861307593833, 1.041321617686545, -0.731354311388179, 0.25819246698434417]",23.834555539672042,1.812880249146225
"[0.26166056465314735, 1.0412549696788604, -0.7313359893242439, 0.25817465885799057]",23.834471330721506,1.8135086305150803
"[0.26173501676571376, 1.0411882708726485, -0.7313176721009785, 0.2581568252397878]",23.83438737328437,1.8141370118839348
"[0.2618094874779962, 1.041121520877994, -0.7312993596387917, 0.2581389660068927]",23.834303666608022,1.8147653932527898
"[0.26188397612587755, 1.0410547202416653, -0.7312810521150716, 0.2581210812870645]",23.83422020941341,1.8153937746216444
"[0.2619584831570851, 1.0409878685136984, -0.7312627494338481, 0.2581031709413237]",23.834137004686202,1.8160221559904997
"[0.26203300809460983, 1.0409209660735816, -0.7312444517263885, 0.25808523505280945]",23.83405405001642,1.8166505373593542
"[0.26210755179221507, 1.04085401210604, -0.7312261587972547, 0.2580672733843142]",23.833971348142423,1.8172789187282092
"[0.26218211332025865, 1.0407870073971992, -0.7312078708887721, 0.25804928612808414]",23.833888895821943,1.8179073000970638
"[0.26225669351151576, 1.0407199511498118, -0.7311895878108815, 0.2580312730514503]",23.8338066971723,1.818535681465919
"[0.2623312919214772, 1.040652843714309, -0.7311713096868518, 0.2580132342297768]",23.83372474911609,1.8191640628347736
"[0.2624059081550493, 1.040585685397437, -0.7311530366276385, 0.25799516972694214]",23.833643052814846,1.8197924442036286
"[0.26248054305324636, 1.0405184753930978, -0.7311347684415622, 0.2579770793073846]",23.833561609137668,1.8204208255724832
"[0.2625551961063171, 1.0404512141109354, -0.7311165052677454, 0.2579589630625442]",23.833480417027445,1.8210492069413384
"[0.26262986745780553, 1.0403839013723795, -0.7310982470853836, 0.25794082092556014]",23.833399476346326,1.821677588310193
"[0.2627045568205686, 1.0403165373870724, -0.7310799939789929, 0.2579226529341854]",23.83331878955102,1.822305969679048
"[0.2627792646303583, 1.0402491217126, -0.7310617458564433, 0.25790445895028596]",23.833238356625024,1.8229343510479026
"[0.2628539904534311, 1.0401816546908988, -0.7310435028380651, 0.25788623904730545]",23.83315817312953,1.8235627324167578
"[0.2629287341834381, 1.0401141363688082, -0.7310252649641295, 0.25786799321915826]",23.833078243357782,1.8241911137856124
"[0.26300349667956435, 1.0400465659204337, -0.7310070320394617, 0.2578497212237231]",23.832998568841663,1.8248194951544674
"[0.2630782772009648, 1.0399789439653964, -0.730988804259262, 0.25783142320955676]",23.832919145809374,1.825447876523322
"[0.2631530757265198, 1.039911270473309, -0.7309705816430794, 0.25781309914960215]",23.832839975459553,1.8260762578921772
"[0.26322789271426333, 1.0398435449798988, -0.730952364093834, 0.25779474889918325]",23.83276105832093,1.8267046392610318
"[0.2633027275517476, 1.0397757679897168, -0.7309341517751586, 0.25777637257605457]",23.83268239625882,1.8273330206298868
"[0.2633775805982392, 1.0397079391276363, -0.7309159446141, 0.2577579700595914]",23.832603987651364,1.8279614019987414
"[0.263452451966171, 1.039640058241618, -0.7308977425979051, 0.25773954128948784]",23.83252583196984,1.8285897833675964
"[0.26352734170860026, 1.0395721252331955, -0.7308795457283291, 0.25772108621988726]",23.832447931064422,1.8292181647364512
"[0.26360224931439424, 1.0395041405159244, -0.730861354144154, 0.2577026049441057]",23.832370283658715,1.8298465461053062
"[0.26367717479521313, 1.0394361040293705, -0.7308431678570698, 0.25768409742676956]",23.832292889818195,1.8304749274741607
"[0.26375211901151524, 1.0393680149416626, -0.7308249866729299, 0.25766556342241537]",23.83221575105397,1.8311033088430158
"[0.2638270810255121, 1.0392998740542385, -0.7308068108339624, 0.2576470031300085]",23.832138867270373,1.8317316902118705
"[0.26390206117520076, 1.0392316810096456, -0.7307886402728421, 0.25762841643312256]",23.83206223782079,1.8323600715807256
"[0.2639770593136375, 1.0391634358910824, -0.7307704750398752, 0.2576098033352946]",23.83198586354913,1.8329884529495801
"[0.2640520756043986, 1.0390951384991869, -0.7307523151101597, 0.2575911637629876]",23.831909744076434,1.8336168343184351
"[0.264127110722243, 1.0390267881684252, -0.7307341603352595, 0.2575724975151677]",23.831833879515486,1.83424521568729
"[0.26420216326721424, 1.0389583861232474, -0.7307160110686923, 0.25755380490697843]",23.831758269455236,1.834873597056145
"[0.26427723438566825, 1.0388899312682198, -0.7306978670480118, 0.2575350856198576]",23.831682917547443,1.8355019784249995
"[0.2643523229431468, 1.0388214245870455, -0.7306797285622066, 0.25751633990356254]",23.831607819231404,1.8361303597938545
"[0.2644274299521805, 1.0387528651051894, -0.7306615953814878, 0.25749756747219216]",23.831532974375673,1.8367587411627093
"[0.26450255511553145, 1.0386842530426268, -0.7306434675925824, 0.2574787683665432]",23.831458388222217,1.8373871225315643
"[0.2645776979585439, 1.0386155887819712, -0.7306253453248672, 0.2574599426721719]",23.831384059345112,1.838015503900419
"[0.2646528593698484, 1.0385468714599657, -0.7306072283789715, 0.25744109013300365]",23.831309984031044,1.838643885269274
"[0.26472803877235784, 1.0384781015526259, -0.7305891169090366, 0.25742221086012246]",23.83123616702314,1.8392722666381287
"[0.2648032363073865, 1.0384092788793584, -0.7305710108959883, 0.2574033047845302]",23.831162604544595,1.8399006480069837
"[0.26487845149869155, 1.0383404038248445, -0.7305529104694323, 0.2573843719925317]",23.831089298972653,1.8405290293758383
"[0.2649536851879982, 1.0382714755667812, -0.7305348154418406, 0.2573654122386035]",23.831016251551695,1.8411574107446933
"[0.26502893653030707, 1.0382024948277433, -0.7305167260315057, 0.257346425701993]",23.830943460707704,1.841785792113548
"[0.2651042061726316, 1.0381334609630744, -0.7304986420979414, 0.25732741218577254]",23.830870923770345,1.842414173482403
"[0.2651794938618216, 1.0380643741530302, -0.7304805637171159, 0.25730837171997745]",23.830798648295644,1.8430425548512577
"[0.2652547995851964, 1.037995234357433, -0.7304624909071968, 0.25728930427396207]",23.830726629234913,1.8436709362201125
"[0.2653301232340719, 1.0379260416242675, -0.7304444237093897, 0.25727020984139237]",23.83065486649814,1.8442993175889675
"[0.26540546482919214, 1.0378567958826086, -0.7304263621338628, 0.2572510883831107]",23.830583361550445,1.844927698957822
"[0.26548082455541616, 1.037787496910568, -0.7304083061514789, 0.25723193981821546]",23.83051211446862,1.845556080326677
"[0.26555620243701544, 1.0377181446334598, -0.7303902557717089, 0.25721276410632066]",23.830441125709857,1.8461844616955319
"[0.2656315984544845, 1.0376487390168223, -0.7303722110145233, 0.2571935612181343]",23.83037039580992,1.8468128430643869
"[0.26570701227304105, 1.0375792803166952, -0.7303541719752792, 0.2571743312048192]",23.830299923682695,1.8474412244332414
"[0.2657824437048705, 1.0375097686540689, -0.7303361387140955, 0.25715507408025595]",23.830229709539758,1.8480696058020964
"[0.2658578933457059, 1.0374402034276773, -0.7303181111038289, 0.2571357896581556]",23.83015975439973,1.8486979871709512
"[0.2659333611792283, 1.0373705845997467, -0.7303000891638043, 0.25711647790815045]",23.830090057608437,1.8493263685398063
"[0.2660088470638664, 1.0373009122480463, -0.7302820729432605, 0.2570971388319178]",23.830020620274787,1.8499547499086608
"[0.2660843504195196, 1.0372311868557809, -0.7302640625959206, 0.25707777254388664]",23.829951442745518,1.8505831312775158
"[0.2661598724562639, 1.037161407252451, -0.7302460578486274, 0.2570583786989963]",23.829882523172326,1.8512115126463706
"[0.2662354120106805, 1.0370915744600382, -0.7302280589942259, 0.25703895756134365]",23.829813864520734,1.8518398940152256
"[0.2663109692990292, 1.0370216882262056, -0.7302100659965207, 0.2570195090410028]",23.829745464001824,1.8524682753840802
"[0.26638654475055923, 1.036951748100968, -0.7301920787687738, 0.25700003299281743]",23.829677321713795,1.8530966567529352
"[0.2664621381746383, 1.036881754207491, -0.7301740973719227, 0.2569805294310579]",23.829609440095002,1.85372503812179
"[0.26653774981357203, 1.036811706268031, -0.7301561217639382, 0.2569609982582615]",23.829541820329762,1.854353419490645
"[0.2666133790239219, 1.036741604825601, -0.7301381521133149, 0.256941439605865]",23.829474459330473,1.8549818008594996
"[0.2666890263863592, 1.0366714492887381, -0.7301201882976567, 0.25692185328883244]",23.829407359488158,1.8556101822283546
"[0.2667646914657771, 1.036601240007545, -0.7301022304359125, 0.25690223938483236]",23.82934052120989,1.8562385635972094
"[0.26684037521710136, 1.0365309760421118, -0.7300842783171899, 0.2568825976110711]",23.82927394344796,1.8568669449660644
"[0.266916075648746, 1.0364606591882048, -0.7300663324294653, 0.256862928449543]",23.829207622766756,1.857495326334919
"[0.2669917950224324, 1.0363902872914834, -0.7300483922522129, 0.2568432312775446]",23.829141566515354,1.858123707703774
"[0.2670675315546934, 1.0363198619555345, -0.7300304582237683, 0.2568235065236818]",23.829075769445268,1.8587520890726288
"[0.26714328635083295, 1.0362493820990664, -0.7300125300980655, 0.25680375386501114]",23.82901023502988,1.8593804704414838
"[0.2672190591681582, 1.03617884789363, -0.7299946079484123, 0.25678397332926917]",23.828944962260607,1.8600088518103384
"[0.2672948496580759, 1.0361082596098259, -0.729976691873038, 0.2567641649721197]",23.828879951228522,1.8606372331791934
"[0.2673706576548357, 1.03603761734845, -0.7299587819268206, 0.25674432880173287]",23.828815200695026,1.8612656145480482
"[0.2674464844030327, 1.0359669198952175, -0.7299408778316714, 0.2567244644567175]",23.828750713039142,1.8618939959169032
"[0.2675223284665266, 1.0358961685346761, -0.7299229799426296, 0.25670457227759885]",23.828686488191533,1.8625223772857578
"[0.2675981904228946, 1.0358253626741547, -0.7299050881391852, 0.2566846520775341]",23.828622525055568,1.8631507586546128
"[0.267674070789809, 1.0357545017756673, -0.7298872023152949, 0.2566647036846455]",23.828558826248575,1.8637791400234676
"[0.26774996794779543, 1.0356835872975227, -0.7298693228685262, 0.2566447274892069]",23.828495386457327,1.8644075213923226
"[0.2678258837381585, 1.0356126174649714, -0.7298514493810364, 0.25662472297092564]",23.828432210784573,1.8650359027611771
"[0.26790181732667434, 1.0355415930027008, -0.729833582065393, 0.25660469031343186]",23.828369299085445,1.8656642841300322
"[0.26797776817505187, 1.0354705143599787, -0.729815721064157, 0.25658462962312467]",23.82830664953997,1.866292665498887
"[0.26805373704051383, 1.035399380773673, -0.729797866215232, 0.2565645406642203]",23.82824426350534,1.866921046867742
"[0.2681297242445834, 1.0353281918873318, -0.7297800174592773, 0.2565444233153472]",23.828182140682657,1.8675494282365965
"[0.26820572894650063, 1.0352569484335303, -0.7297621750099287, 0.2565242777629216]",23.82812028284662,1.8681778096054515
"[0.2682817515967946, 1.0351856499350705, -0.7297443387775198, 0.2565041038514716]",23.828058688690824,1.8688061909743063
"[0.2683577918663761, 1.0351142966455127, -0.7297265088554113, 0.25648390163214774]",23.827997356035816,1.8694345723431613
"[0.2684338504039988, 1.0350428879006806, -0.7297086851077303, 0.2564636708961978]",23.827936291499068,1.870062953712016
"[0.2685099258834883, 1.0349714248906805, -0.7296908678613906, 0.25644341196022763]",23.82787548726287,1.870691335080871
"[0.2685860200301823, 1.0348999059393904, -0.7296730567285571, 0.256423124328382]",23.827814950629346,1.8713197164497257
"[0.26866213109086984, 1.0348283326391345, -0.7296552521358728, 0.2564028084316335]",23.827754676496948,1.8719480978185807
"[0.2687382609570592, 1.0347567031555525, -0.7296374536571771, 0.2563824637285336]",23.827694669489663,1.8725764791874353
"[0.2688144079513351, 1.0346850190109316, -0.7296196617010496, 0.2563620906305754]",23.827634925698657,1.8732048605562903
"[0.26889057294742114, 1.0346132793274005, -0.7296018760795958, 0.2563416888675844]",23.82757544823021,1.873833241925145
"[0.26896675542600335, 1.0345414845382952, -0.7295840969304601, 0.25632125854197524]",23.827516236064103,1.8744616232940001
"[0.2690429556830322, 1.0344696343090303, -0.7295663242009228, 0.25630079953775614]",23.82745728859893,1.8750900046628547
"[0.2691191740746589, 1.0343977282475016, -0.7295485578244334, 0.2562803117222987]",23.827398608336683,1.8757183860317097
"[0.2691954102040269, 1.0343257666717598, -0.7295307979100366, 0.25625979516522396]",23.827340192399333,1.8763467674005645
"[0.2692716635775141, 1.034253749991984, -0.7295130445891085, 0.25623924996267294]",23.827282042166942,1.8769751487694195
"[0.2693479350983625, 1.0341816772989456, -0.7294952976678527, 0.2562186758343217]",23.827224161020727,1.877603530138274
"[0.2694242241309131, 1.0341095491368255, -0.7294775573107601, 0.2561980729144766]",23.82716654317204,1.878231911507129
"[0.2695005311921737, 1.0340373649603365, -0.7294598234141932, 0.2561774410263452]",23.82710919420036,1.8788602928759839
"[0.2695768556506855, 1.033965125310325, -0.7294420961414995, 0.25615678030347605]",23.827052109562,1.879488674244839
"[0.26965319805303417, 1.0338928296129364, -0.7294243753823348, 0.25613609056069997]",23.826995295189878,1.8801170556136935
"[0.269729558222544, 1.0338204779785738, -0.7294066611944252, 0.25611537180844124]",23.826938746574633,1.8807454369825485
"[0.2698059357375466, 1.033748070750229, -0.7293889536922099, 0.25609462412387113]",23.82688246417825,1.8813738183514033
"[0.26988233103774706, 1.033675607454397, -0.7293712527904016, 0.2560738473502261]",23.826826450254607,1.8820021997202583
"[0.2699587443037242, 1.0336030878625637, -0.7293535584639749, 0.2560530414007129]",23.82677070509111,1.8826305810891129
"[0.2700351749449101, 1.033530512478167, -0.7293358708664484, 0.2560322063985623]",23.82671522502208,1.8832589624579679
"[0.27011162390735066, 1.0334578803455667, -0.7293181897957338, 0.2560113420481267]",23.8266600159729,1.8838873438268227
"[0.2701880897228913, 1.0333851928024642, -0.7293005156081901, 0.25599044871243604]",23.826605073889468,1.8845157251956777
"[0.2702645737787477, 1.0333124484730911, -0.729282847999972, 0.25596952597481615]",23.826550401016135,1.8851441065645322
"[0.27034107538589697, 1.0332396479550288, -0.7292651871472182, 0.2559485739857052]",23.826495994494277,1.8857724879333873
"[0.2704175943698669, 1.0331667913571128, -0.7292475331070352, 0.25592759275517535]",23.82644185771848,1.886400869302242
"[0.2704941312593715, 1.0330938781183734, -0.7292298857743722, 0.2559065821003076]",23.82638799078031,1.887029250671097
"[0.27057068592494976, 1.0330209083041737, -0.7292122451961268, 0.2558855420184324]",23.82633439339582,1.8876576320399516
"[0.2706472580318789, 1.0329478821758336, -0.7291946114664144, 0.25586447256347744]",23.82628106428921,1.8882860134088066
"[0.27072384813125494, 1.032874799149815, -0.7291769844753767, 0.25584337354558045]",23.826228007606048,1.8889143947776614
"[0.2708004553196615, 1.0328016600303684, -0.7291593644479439, 0.25582224517548546]",23.82617521713326,1.8895427761465164
"[0.27087708065673743, 1.0327284637477636, -0.7291417511574817, 0.255801087122643]",23.826122698882962,1.890171157515371
"[0.27095372314740057, 1.032655211194382, -0.7291241448498431, 0.2557798996234422]",23.82607044831513,1.8907995388842258
"[0.2710303835779466, 1.0325819015605848, -0.7291065453615116, 0.2557586824221592]",23.8260184691073,1.8914279202530808
"[0.2711070616094727, 1.0325085351118897, -0.7290889527875303, 0.25573743557394885]",23.825966761662993,1.8920563016219354
"[0.27118375719346743, 1.032435111836339, -0.7290713671562173, 0.25571615905372463]",23.825915324929827,1.8926846829907904
"[0.2712604701670512, 1.0323616318315545, -0.7290537885220938, 0.2556948528681741]",23.825864156805142,1.8933130643596452
"[0.27133720097981634, 1.0322880946082547, -0.7290362167994041, 0.25567351685371836]",23.82581326136775,1.8939414457285002
"[0.27141394934189883, 1.0322145003853758, -0.7290186520718624, 0.2556521510520992]",23.82576263507654,1.8945698270973548
"[0.2714907153784693, 1.0321408489840518, -0.7290010943281527, 0.25563075538961716]",23.82571228336275,1.8951982084662098
"[0.271567498805315, 1.032067140618147, -0.7289835436506084, 0.2556093299066383]",23.825662202465367,1.8958265898350646
"[0.27164430006766505, 1.0319933748012164, -0.7289659999548571, 0.2555878744399278]",23.825612392997158,1.8964549712039196
"[0.27172111870202786, 1.0319195519192874, -0.7289484633642, 0.25556638907989826]",23.82556285598143,1.8970833525727742
"[0.2717979547055322, 1.03184567191627, -0.7289309338966425, 0.25554487378845697]",23.825513590335408,1.8977117339416292
"[0.271874808345571, 1.031771734475849, -0.7289134115086316, 0.2555233284516042]",23.825464595391548,1.898340115310484
"[0.27195167981352236, 1.0316977393542615, -0.7288958961741098, 0.2555017529762804]",23.825415875499,1.898968496679339
"[0.2720285689956617, 1.0316236866011577, -0.728878387936616, 0.2554801473548817]",23.825367429599773,1.8995968780481935
"[0.2721054753766519, 1.0315495766534335, -0.7288608869310198, 0.2554585116929243]",23.82531925441796,1.9002252594170486
"[0.27218239915929904, 1.031475409256375, -0.728843393128657, 0.2554368458941453]",23.82527135223722,1.9008536407859034
"[0.2722593413277367, 1.0314011834007792, -0.7288259063234983, 0.2554151496414911]",23.825223727247884,1.9014820221547584
"[0.27233629993205016, 1.0313269009080435, -0.728808426976308, 0.25539342344532845]",23.825176369417434,1.902110403523613
"[0.2724132765701246, 1.0312525601763642, -0.728790954741718, 0.25537166681519724]",23.825129289655926,1.902738784892468
"[0.2724902709033562, 1.0311781614721236, -0.728773489714456, 0.2553498798067216]",23.825082482857326,1.9033671662613227
"[0.27256728264680236, 1.0311037050104543, -0.7287560319769162, 0.255328062460705]",23.825035951359208,1.9039955476301778
"[0.2726443119440996, 1.0310291905922746, -0.728738581514304, 0.2553062146966146]",23.824989693639854,1.9046239289990323
"[0.27272135860341973, 1.0309546183428582, -0.7287211383878675, 0.25528433652896043]",23.824943711406426,1.9052523103678873
"[0.27279842285033384, 1.0308799879834678, -0.7287037025643659, 0.25526242785370673]",23.824898001485877,1.9058806917367421
"[0.2728755045895725, 1.030805299545735, -0.7286862740832458, 0.25524048865781046]",23.82485256888881,1.9065090731055971
"[0.27295260376449365, 1.0307305530239266, -0.728668852975207, 0.2552185189172643]",23.824807410379616,1.9071374544744517
"[0.27302972059659575, 1.030655748142456, -0.7286514392081598, 0.25519651852866987]",23.824762527912533,1.9077658358433067
"[0.27310685451924765, 1.03058088539027, -0.7286340329279775, 0.25517448761348227]",23.824717921863545,1.9083942172121615
"[0.27318400593009023, 1.0305059643207808, -0.7286166340628422, 0.25515242601794624]",23.824673589328246,1.9090225985810165
"[0.27326117506625036, 1.0304309846424344, -0.7285992425773695, 0.2551303336336763]",23.824629533696857,1.909650979949871
"[0.273338361833601, 1.0303559463851824, -0.7285818585109284, 0.25510821044689075]",23.824585755353322,1.910279361318726
"[0.2734155658682167, 1.030280849841575, -0.7285644819635717, 0.255086056521322]",23.8245422524571,1.910907742687581
"[0.2734927871432534, 1.0302056949766802, -0.7285471129593789, 0.255063871824214]",23.824499025751148,1.911536124056436
"[0.2735700262508493, 1.0301304811525975, -0.7285297513833597, 0.2550416561446321]",23.824456076802083,1.9121645054252905
"[0.2736472826914478, 1.0300552087939947, -0.728512397366054, 0.2550194095853172]",23.8244134032924,1.9127928867941455
"[0.273724556369815, 1.0299798779322307, -0.7284950509470092, 0.2549971321329648]",23.824371009849564,1.9134212681630003
"[0.27380184739333063, 1.0299044884010828, -0.7284777121203113, 0.2549748237158092]",23.824328892692286,1.9140496495318553
"[0.27387915616655645, 1.02982903974387, -0.7284603808135452, 0.25495248417593636]",23.82428705102986,1.9146780309007099
"[0.2739564824388658, 1.0297535321428801, -0.7284430571013065, 0.25493011354446304]",23.82424548998571,1.9153064122695649
"[0.27403382577378804, 1.0296779659624564, -0.7284257410996703, 0.25490771190662703]",23.824204204688737,1.9159347936384197
"[0.2741111867198278, 1.0296023406046289, -0.7284084327041859, 0.2548852790623856]",23.824163199779704,1.9165631750072747
"[0.2741885652483904, 1.0295266560347505, -0.7283911319397532, 0.25486281497851615]",23.824122473830528,1.9171915563761293
"[0.2742659607423363, 1.0294509127942582, -0.7283738389627498, 0.2548403197929138]",23.824082025463067,1.9178199377449843
"[0.2743433738213164, 1.0293751102144268, -0.7283565536531512, 0.2548177932841258]",23.824041854850545,1.918448319113839
"[0.27442080465163643, 1.0292992480693488, -0.7283392759924651, 0.2547952353619286]",23.824001966124158,1.919076700482694
"[0.27449825254058835, 1.02922332697495, -0.7283220061538186, 0.2547726461864836]",23.823962356054075,1.9197050818515486
"[0.27457571795593205, 1.0291473464100265, -0.7283047440514486, 0.2547500255797555]",23.823923023565705,1.9203334632204037
"[0.27465320024502116, 1.0290713069520683, -0.7282874898493272, 0.254727373690721]",23.823883971365245,1.9209618445892584
"[0.274730700339879, 1.0289952076234075, -0.7282702433585467, 0.254704690205074]",23.823845199861587,1.9215902259581135
"[0.2748082178320974, 1.0289190487616062, -0.7282530046887654, 0.2546819752002174]",23.823806708907654,1.922218607326968
"[0.27488575287708705, 1.0288428301504728, -0.7282357738242101, 0.2546592285884486]",23.823768498488324,1.922846988695823
"[0.274963304844978, 1.0287665523460645, -0.7282185509235447, 0.2546364505126164]",23.82373056828006,1.9234753700646778
"[0.2750408744347965, 1.028690214597485, -0.7282013358502831, 0.2546136407253166]",23.823692918637203,1.9241037514335328
"[0.2751184614351468, 1.0286138170489312, -0.7281841286702334, 0.2545907992463049]",23.823655550755262,1.9247321328023874
"[0.2751960654969876, 1.0285373599805812, -0.7281669294796127, 0.25456792613612855]",23.823618463401385,1.9253605141712424
"[0.27527368683555786, 1.0284608431168643, -0.7281497382495292, 0.25454502128912715]",23.82358165744496,1.9259888955400972
"[0.27535132595380285, 1.0283842658977747, -0.7281325548876015, 0.25452208451421937]",23.82354513444502,1.9266172769089522
"[0.27542898199493543, 1.0283076291043258, -0.7281153796024263, 0.2544991160219459]",23.8235088937533,1.9272456582778068
"[0.2755066559024662, 1.0282309317411513, -0.7280982122043498, 0.25447611549053906]",23.82347293613869,1.9278740396466618
"[0.2755843466952485, 1.0281541747127387, -0.7280810529292746, 0.254453083167766]",23.823437258465912,1.9285024210155166
"[0.27566205458935117, 1.0280773577418045, -0.7280639017483932, 0.25443001894711315]",23.82340186275161,1.9291308023843716
"[0.27573978017043377, 1.0280004801848093, -0.728046758551577, 0.25440692261179776]",23.823366751813673,1.9297591837532262
"[0.27581752270981963, 1.0279235426978839, -0.7280296235186818, 0.2543837943353814]",23.823331923701662,1.9303875651220812
"[0.27589528312599865, 1.0278465443071783, -0.7280124964664852, 0.2543606338014659]",23.823297379480085,1.931015946490936
"[0.27597306050596804, 1.0277694858517359, -0.727995377615342, 0.2543374412387383]",23.823263117596234,1.931644327859791
"[0.2760508552699709, 1.0276923668505302, -0.7279782668919281, 0.2543142164788415]",23.823229140171453,1.9322727092286456
"[0.27612866729633717, 1.0276151873590587, -0.7279611643423037, 0.254290959514769]",23.823195447661284,1.9329010905975006
"[0.2762064963326576, 1.0275379475628066, -0.7279440700411831, 0.254267670378771]",23.82316203775032,1.9335294719663554
"[0.27628434315580497, 1.0274606466253378, -0.7279269838373331, 0.25424434879482277]",23.823128912444684,1.9341578533352104
"[0.2763622067102381, 1.0273832855294578, -0.7279099059818019, 0.25422099503564666]",23.82309607336398,1.934786234704065
"[0.2764400877251964, 1.0273058634854524, -0.7278928363339794, 0.25419760883910736]",23.823063517147887,1.93541461607292
"[0.27651798611412204, 1.0272283805135178, -0.7278757749323604, 0.25417419018735365]",23.82303124713919,1.9360429974417748
"[0.27659590181238314, 1.0271508366121251, -0.7278587218106195, 0.254150739055983]",23.822999263616392,1.9366713788106298
"[0.276673834668375, 1.0270732318663427, -0.7278416770214596, 0.2541272554467879]",23.822967564192474,1.9372997601794844
"[0.2767517844544092, 1.0269955664373598, -0.7278246406341297, 0.2541037393846946]",23.822936150131206,1.9379281415483391
"[0.27682975252578834, 1.0269178389081113, -0.7278076123721974, 0.25408019041641633]",23.82290502462882,1.9385565229171942
"[0.2769077365687701, 1.026840051519273, -0.7277905927605525, 0.2540566091968346]",23.822874182214907,1.9391849042860487
"[0.27698573798133513, 1.026762202811033, -0.7277735815135051, 0.25403299525962547]",23.8228436275079,1.9398132856549037
"[0.2770637572973456, 1.0266842921835055, -0.7277565785345169, 0.25400934839849104]",23.822813360514207,1.9404416670237585
"[0.2771417936572337, 1.0266063204281333, -0.7277395840307718, 0.25398566882935786]",23.822783380453124,1.9410700483926135
"[0.2772198472599879, 1.0265282872795718, -0.7277225979786819, 0.25396195644748937]",23.822753686715554,1.9416984297614681
"[0.2772979178318102, 1.026450192945042, -0.7277056204575801, 0.2539382112917041]",23.822724281573542,1.9423268111303231
"[0.27737600565277476, 1.0263720370776495, -0.7276886514263755, 0.2539144332323085]",23.822695162594584,1.942955192499178
"[0.2774541109006825, 1.0262938194322426, -0.7276716908663785, 0.25389062217035097]",23.822666332513368,1.943583573868033
"[0.27753223340836, 1.0262155401088966, -0.7276547388338822, 0.25386677811188413]",23.82263779039598,1.9442119552368875
"[0.27761037293888424, 1.0261371992778847, -0.7276377954002339, 0.2538429010844338]",23.822609537226505,1.9448403366057425
"[0.2776885294084751, 1.0260587969562276, -0.7276208606035003, 0.25381899106889466]",23.822581572249813,1.9454687179745973
"[0.27776670336139364, 1.0259803325304526, -0.7276039343458011, 0.2537950478537205]",23.82255389593462,1.9460970993434523
"[0.27784489434576926, 1.0259018063864025, -0.7275870167450859, 0.25377107153212686]",23.822526510086007,1.9467254807123069
"[0.27792310254520747, 1.0258232182720783, -0.7275701077817177, 0.2537470620026813]",23.82249941248529,1.947353862081162
"[0.2780013281640583, 1.0257445679140884, -0.7275532074317292, 0.25372301915722856]",23.822472603534102,1.9479822434500167
"[0.278079570459707, 1.0256658559913279, -0.7275363158756963, 0.2536989431787695]",23.822446084675715,1.9486106248188717
"[0.2781578305734625, 1.0255870812874381, -0.7275194328874892, 0.2536748336705743]",23.822419858952344,1.9492390061877263
"[0.27823610735765153, 1.0255082448893138, -0.7275025587349992, 0.25365069094058074]",23.822393920900502,1.9498673875565813
"[0.2783144013425742, 1.0254293461949204, -0.7274856933241124, 0.2536265147798318]",23.822368274716556,1.950495768925436
"[0.27839271256615483, 1.0253503850975276, -0.7274688366670248, 0.2536023051308493]",23.822342918056414,1.951124150294291
"[0.27847104099570374, 1.0252713615613802, -0.727451988791199, 0.25357806195783766]",23.822317854055576,1.9517525316631457
"[0.27854938660801026, 1.0251922755410718, -0.7274351497220869, 0.25355378522200184]",23.822293081531708,1.9523809130320007
"[0.27862774957060427, 1.0251131267986688, -0.7274183194441463, 0.2535294748254278]",23.822268598386042,1.9530092944008555
"[0.27870612907712367, 1.0250339160798145, -0.7274014981510252, 0.25350513097228966]",23.822244409989246,1.9536376757697105
"[0.27878452625911637, 1.0249546421720126, -0.7273846856203873, 0.25348075326504305]",23.822220511179587,1.954266057138565
"[0.27886293999504663, 1.0248753061401823, -0.7273678821133204, 0.2534563420061936]",23.822196905818267,1.95489443850742
"[0.278941371121811, 1.0247959070685426, -0.7273510874710271, 0.2534318968890305]",23.822173589797252,1.9555228198762749
"[0.2790198195540997, 1.024716444973625, -0.7273343017325415, 0.25340741789346105]",23.822150572438897,1.9561512012451299
"[0.2790982849289038, 1.0246369201535572, -0.7273175249962366, 0.25338290508622946]",23.822127846455782,1.9567795826139844
"[0.27917676769826083, 1.0245573320803907, -0.7273007571862316, 0.25335835827943]",23.822105412458946,1.9574079639828394
"[0.27925526755590235, 1.0244776809947174, -0.7272839983887848, 0.2533337775220361]",23.822083272648342,1.9580363453516942
"[0.27933378365686584, 1.024397967684657, -0.7272672488049052, 0.2533091630322827]",23.82206142652912,1.9586647267205493
"[0.279412317698853, 1.0243181903565841, -0.7272505080932752, 0.2532845142310773]",23.822039874268448,1.9592931080894038
"[0.2794908686505425, 1.0242383499873693, -0.7272337764947918, 0.2532598313947713]",23.82201861684346,1.9599214894582588
"[0.279569436478487, 1.0241584465410298, -0.7272170540374208, 0.25323511448702035]",23.82199765389011,1.9605498708271136
"[0.27964802156067087, 1.0240784795627356, -0.7272003406616774, 0.25321036334177166]",23.8219769857855,1.9611782521959686
"[0.279726624041512, 1.023998448834513, -0.7271836363579839, 0.2531855778660124]",23.821956613388508,1.9618066335648232
"[0.2798052428636535, 1.023918355362592, -0.727166941372, 0.25316075834604085]",23.821936535724046,1.9624350149336782
"[0.2798838794300567, 1.0238381976468955, -0.7271502554268876, 0.25313590429153615]",23.821916754407038,1.963063396302533
"[0.27996253287009915, 1.0237579765034914, -0.727133578728641, 0.2531110159298686]",23.821897267883028,1.963691777671388
"[0.2800412031390334, 1.0236776919072195, -0.7271169113078425, 0.25308609322776365]",23.821878077388064,1.9643201590402426
"[0.2801198904422767, 1.0235973435776513, -0.7271002531420727, 0.2530611360726865]",23.821859185583456,1.9649485404090976
"[0.28019859490119636, 1.023516931319208, -0.7270836042269764, 0.25303614437816]",23.8218405880197,1.9655769217779524
"[0.2802773164535761, 1.0234364551238944, -0.7270669645970362, 0.2530111181159862]",23.821822287866617,1.9662053031468074
"[0.2803560554679473, 1.023355914542928, -0.7270503341958117, 0.25298605712074407]",23.82180428614203,1.966833684515662
"[0.2804348110003378, 1.0232753104702041, -0.7270337132440408, 0.25296096164483406]",23.821786581594857,1.967462065884517
"[0.2805135836753947, 1.023194642194886, -0.7270171016312199, 0.25293583144124726]",23.821769173826468,1.9680904472533718
"[0.28059237349914407, 1.0231139096385664, -0.7270004993776059, 0.2529106664596387]",23.821752066211015,1.9687188286222268
"[0.2806711802064965, 1.0230331130007444, -0.7269839065605584, 0.2528854667363106]",23.821735255297448,1.9693472099910814
"[0.2807500042405333, 1.0229522517546992, -0.7269673231083827, 0.252860232081]",23.82171874351506,1.9699755913599364
"[0.28082884479761716, 1.0228713266525729, -0.7269507492117017, 0.2528349627025062]",23.8217025292783,1.9706039727287912
"[0.28090770258164743, 1.0227903368995401, -0.7269341847441099, 0.25280965832670094]",23.82168661512095,1.9712323540976462
"[0.28098657733669696, 1.0227092826855853, -0.7269176297810901, 0.2527843189868327]",23.821671001069728,1.9718607354665008
"[0.2810654690879977, 1.0226281639119856, -0.7269010843390573, 0.2527589446259511]",23.821655684817745,1.9724891168353558
"[0.28114437823782845, 1.0225469800917852, -0.7268845483555059, 0.2527335350654807]",23.82164067012738,1.9731174982042106
"[0.28122330389818784, 1.022465732065542, -0.7268680220383126, 0.2527080905423435]",23.821625955735346,1.9737458795730656
"[0.2813022469056293, 1.0223844188989557, -0.7268515052341289, 0.2526826107377526]",23.821611542093073,1.9743742609419201
"[0.2813812062150287, 1.0223030415954417, -0.7268349981834319, 0.2526570959399566]",23.82159742684041,1.9750026423107752
"[0.2814601835164432, 1.022221598339368, -0.7268185005549219, 0.2526315455532832]",23.82158361571204,1.97563102367963
"[0.2815391772609366, 1.0221400906539513, -0.7268020126942555, 0.252605960029109]",23.821570102631014,1.976259405048485
"[0.2816181879370367, 1.0220585179618296, -0.7267855345213462, 0.2525803391599632]",23.82155689128306,1.9768877864173395
"[0.28169721564033656, 1.021976880090357, -0.7267690660383296, 0.2525546828651767]",23.82154398463678,1.9775161677861945
"[0.281776260336058, 1.0218951770013063, -0.726752607274585, 0.25252899110622984]",23.82153137605332,1.9781445491550493
"[0.2818553219388889, 1.0218134087086463, -0.7267361582700297, 0.25250326386099364]",23.821519074504383,1.9787729305239043
"[0.28193440076956083, 1.0217315748061524, -0.7267197189801766, 0.25247750097503635]",23.821507072947984,1.979401311892759
"[0.2820134961939382, 1.0216496758755889, -0.7267032895590858, 0.25245170260491095]",23.821495374768997,1.980029693261614
"[0.2820926090572768, 1.021567710966988, -0.7266868698535024, 0.2524258684246862]",23.82148397983408,1.9806580746304687
"[0.2821717386970027, 1.0214856806917336, -0.7266704600233548, 0.25239999860027174]",23.821472889722326,1.9812864559993237
"[0.28225088474379817, 1.0214035853583887, -0.7266540601674328, 0.2523740932024362]",23.82146210097512,1.9819148373681783
"[0.2823300482075998, 1.0213214238443635, -0.7266376700988746, 0.2523481518501735]",23.821451618609608,1.9825432187370333
"[0.28240922867452595, 1.0212391965034915, -0.7266212899259785, 0.25232217462821316]",23.821441439646485,1.983171600105888
"[0.28248842630649085, 1.021156903091992, -0.7266049196378384, 0.25229616143257927]",23.82143156532601,1.9837999814747431
"[0.28256764054343425, 1.0210745441163855, -0.7265885593727565, 0.2522701123964892]",23.821421996523586,1.9844283628435977
"[0.28264687126662547, 1.0209921196251597, -0.7265722091776651, 0.2522440275085326]",23.82141273047853,1.9850567442124523
"[0.2827261198541996, 1.0209096281083614, -0.7265558687909478, 0.2522179062637001]",23.821403772495568,1.9856851255813073
"[0.28280538494467594, 1.0208270709067453, -0.7265395385161642, 0.2521917490593391]",23.82139512021025,1.986313506950162
"[0.2828846669524702, 1.0207444475129808, -0.7265232182905684, 0.2521655557077315]",23.821386772788216,1.986941888319017
"[0.2829639656862865, 1.0206617580503337, -0.7265069081762844, 0.2521393262208583]",23.821378733321318,1.9875702696878716
"[0.28304328129314194, 1.0205790022893162, -0.7264906081658509, 0.25211306049879995]",23.821370998123403,1.9881986510567267
"[0.28312261433766855, 1.0204961795638028, -0.7264743181662415, 0.2520867583027563]",23.821363572891322,1.9888270324255815
"[0.28320196346660775, 1.020413291210152, -0.7264580384781844, 0.2520604200299187]",23.821356451469835,1.9894554137944365
"[0.283281330166451, 1.020330335598854, -0.726441768819643, 0.25203404513521344]",23.82134963988651,1.990083795163291
"[0.2833607137750259, 1.0202473133444165, -0.7264255093495523, 0.2520076337864502]",23.82134313546372,1.990712176532146
"[0.2834401141886462, 1.0201642244781834, -0.7264092601122052, 0.251981185966198]",23.821336940148488,1.9913405579010008
"[0.28351953099225163, 1.0200810693577385, -0.7263930212155104, 0.25195470176097984]",23.821331051627777,1.9919689392698559
"[0.28359896501546994, 1.0199978470371454, -0.7263767925129394, 0.2519281808420692]",23.821325473415293,1.9925973206387104
"[0.2836784161540991, 1.0199145575474171, -0.7263605740491486, 0.2519016231916179]",23.821320203669025,1.9932257020075654
"[0.2837578837704296, 1.019831201479483, -0.7263443659775285, 0.25187502897049546]",23.821315241237404,1.9938540833764202
"[0.28383736873511234, 1.0197477778421191, -0.7263281681438278, 0.2518483978347855]",23.821310591485798,1.9944824647452752
"[0.28391687047205605, 1.0196642871615584, -0.7263119806888978, 0.25182172992467033]",23.82130625062735,1.9951108461141298
"[0.28399638862074733, 1.0195807297387234, -0.7262958037093976, 0.25179502530868747]",23.821302217375575,1.9957392274829848
"[0.2840759241081629, 1.019497104521153, -0.726279637040205, 0.251768283622674]",23.821298498980653,1.9963676088518396
"[0.28415547636696575, 1.0194134120264802, -0.7262634808202377, 0.25174150500420867]",23.821295089795093,1.9969959902206946
"[0.284235045476207, 1.0193296520929647, -0.7262473350569618, 0.25171468937368435]",23.821291991373787,1.9976243715895492
"[0.2843146311524699, 1.0192458249403924, -0.7262311998314072, 0.2516878367736163]",23.821289203466545,1.9982527529584042
"[0.28439423408275033, 1.0191619297660568, -0.7262150750279678, 0.2516609469188554]",23.82128672738324,1.998881134327259
"[0.28447385363590716, 1.0190779671558232, -0.7261989607982315, 0.2516340199691022]",23.82128456477058,1.999509515696114
"[0.2845534902231251, 1.0189939365968126, -0.726182857082712, 0.2516070557318091]",23.821282714227316,2.0001378970649686
"[0.2846331433616412, 1.0189098385190558, -0.7261667640027989, 0.2515800543168702]",23.821281174960305,2.0007662784338236
"[0.2847128137449645, 1.018825672110617, -0.7261506814422483, 0.25155301543538977]",23.82127995018601,2.001394659802678
"[0.2847925008524929, 1.0187414378414281, -0.7261346095301191, 0.25152593921002897]",23.821279037511527,2.002023041171533
"[0.28487220462265106, 1.0186571356968992, -0.7261185483027006, 0.25149882560790837]",23.821278437203485,2.002651422540388
"[0.2849519252311439, 1.0185727654112455, -0.726102497748535, 0.251471674515273]",23.821278153292713,2.003279803909243
"[0.28503166294319887, 1.0184883266232423, -0.7260864578383407, 0.2514444857874259]",23.82127818328052,2.0039081852780978
"[0.2851114171022894, 1.0184038199477976, -0.7260704287282492, 0.2514172595939756]",23.821278527891415,2.004536566646953
"[0.28519118848843916, 1.018319244477796, -0.7260544102856425, 0.25138999561419356]",23.82127918496138,2.0051649480158074
"[0.28527097623741055, 1.0182346010488228, -0.7260384027082446, 0.25136269408893935]",23.821280159127245,2.0057933293846624
"[0.2853507809421371, 1.0181498889512481, -0.7260224059012589, 0.25133535476084967]",23.82128144839539,2.006421710753517
"[0.2854306024841755, 1.018065108229567, -0.7260064199127687, 0.25130797761561957]",23.821283053033618,2.007050092122372
"[0.28551044122123176, 1.0179802584222588, -0.7259904446955827, 0.25128056247543906]",23.82128497404639,2.007678473491227
"[0.28559029648349227, 1.0178953401596298, -0.7259744804081663, 0.25125310951520347]",23.82128721217783,2.008306854860082
"[0.2856701685328809, 1.0178103530818845, -0.725958527022523, 0.2512256185899212]",23.821289767968935,2.0089352362289365
"[0.28575005713519774, 1.0177252973567494, -0.7259425846098609, 0.25119808972511143]",23.821292637124593,2.0095636175977916
"[0.2858299630789218, 1.0176401720625579, -0.7259266530374686, 0.2511705225935149]",23.82129582710063,2.010191998966646
"[0.28590988545298, 1.0175549780876623, -0.7259107325116473, 0.25114291745384837]",23.821299332670087,2.010820380335501
"[0.28598982438836384, 1.0174697152107695, -0.7258948230308029, 0.2511152742056155]",23.82130315644877,2.0114487617043557
"[0.2860697809024908, 1.0173843822637656, -0.7258789244173087, 0.25108759244091516]",23.821307299328826,2.0120771430732107
"[0.28614975343188453, 1.017298980832672, -0.7258630370068164, 0.2510598726451735]",23.821311760803777,2.0127055244420657
"[0.286229743096039, 1.017213509639666, -0.725847160601629, 0.2510321143746353]",23.821316539923185,2.0133339058109208
"[0.28630974965696493, 1.0171279688556876, -0.7258312952739784, 0.25100431765550524]",23.821321639254027,2.0139622871797753
"[0.2863897726245237, 1.0170423589219506, -0.7258154411459113, 0.2509764826020094]",23.821327058179275,2.0145906685486303
"[0.2864698126050299, 1.016956679106694, -0.725799598122244, 0.25094860894698884]",23.821332797516856,2.015219049917485
"[0.2865498692934517, 1.0168709296528513, -0.7257837662884303, 0.25092069674009576]",23.821338857259352,2.01584743128634
"[0.2866299427391206, 1.0167851104240708, -0.7257679456597756, 0.2508927459075904]",23.82134523613845,2.0164758126551945
"[0.2867100333610703, 1.0166992208871004, -0.7257521361787331, 0.25086475624624555]",23.82135193760035,2.0171041940240495
"[0.2867901401136187, 1.0166132620796187, -0.7257363380768435, 0.250836728064803]",23.821358958617488,2.0177325753929045
"[0.28687026417361045, 1.016527232654772, -0.7257205511472412, 0.250808660894587]",23.821366305034896,2.0183609567617595
"[0.2869504044598046, 1.0164411336892265, -0.7257047756282582, 0.250780555057275]",23.821373967298527,2.018989338130614
"[0.2870305618663818, 1.0163549641379928, -0.7256890113691911, 0.2507524101821455]",23.821381956217852,2.019617719499469
"[0.287110735938365, 1.016268724405279, -0.7256732584849991, 0.25072422637144626]",23.821390265453477,2.0202461008683237
"[0.2871909265829863, 1.016182414506325, -0.7256575170192987, 0.25069600360049005]",23.821398900059304,2.0208744822371787
"[0.28727113431048107, 1.0160960338068183, -0.7256417868974915, 0.2506677416320112]",23.82140785577368,2.0215028636060333
"[0.287351358840324, 1.0160095825233277, -0.7256260682002741, 0.250639440506894]",23.82141713705822,2.0221312449748883
"[0.2874315997077471, 1.0159230610716958, -0.7256103610442421, 0.25061110033146705]",23.82142674046627,2.0227596263437433
"[0.28751185749341995, 1.01583646874051, -0.7255946653413506, 0.25058272084281163]",23.821436667937405,2.0233880077125983
"[0.28759213182542714, 1.015749805845352, -0.7255789811900701, 0.2505543021143425]",23.821446920945323,2.024016389081453
"[0.287672423363583, 1.0156630715877488, -0.7255633084873567, 0.25052584385406873]",23.82145750111007,2.024644770450308
"[0.28775273104206284, 1.0155762670331008, -0.7255476474670769, 0.2504973463814648]",23.821468401719105,2.0252731518191625
"[0.28783305607373605, 1.0154893907841709, -0.725531997918617, 0.2504688092076425]",23.821479631909284,2.0259015331880175
"[0.287913397350534, 1.015402443952821, -0.7255163600838687, 0.25044023266754434]",23.82149118584149,2.026529914556872
"[0.28799375602326155, 1.0153154252068477, -0.7255007337649086, 0.2504116162929745]",23.82150306805974,2.027158295925727
"[0.2880741308710112, 1.0152283357814365, -0.7254851192252642, 0.25038296045974406]",23.821515276026652,2.027786677294582
"[0.2881545226559703, 1.015141174764098, -0.7254695163429047, 0.250354264837312]",23.821527810399594,2.028415058663437
"[0.2882349311661342, 1.0150539422973022, -0.7254539251852359, 0.25032552944205577]",23.82154067337421,2.0290434400322916
"[0.28831535616483767, 1.0149666385506864, -0.7254383458243343, 0.25029675429941267]",23.821553864093456,2.0296718214011467
"[0.2883957978968926, 1.0148792631711814, -0.7254227782390285, 0.25026793926250734]",23.821567380855658,2.0303002027700012
"[0.28847625617970496, 1.0147918162695613, -0.7254072224909793, 0.2502390843372925]",23.821581227888355,2.0309285841388562
"[0.28855673186500186, 1.0147042968316822, -0.7253916784420906, 0.2502101891582869]",23.821595403893507,2.031556965507711
"[0.28863722394100283, 1.0146167058694286, -0.7253761463143775, 0.2501812540287222]",23.821609909089606,2.032185346876566
"[0.28871773227394554, 1.0145290434408512, -0.7253606261599789, 0.2501522789372143]",23.821624742843245,2.032813728245421
"[0.2887982579566334, 1.0144413082673807, -0.7253451177948835, 0.25012326343024777]",23.8216399073137,2.0334421096142754
"[0.28887879999358046, 1.0143535013446792, -0.7253296214375551, 0.2500942078061065]",23.821655401208464,2.0340704909831304
"[0.28895935879195395, 1.014265622140249, -0.7253141370363064, 0.25006511185769525]",23.8216712267858,2.034698872351985
"[0.28903993438150655, 1.0141776705326002, -0.7252986646121994, 0.2500359755137593]",23.82168738176182,2.03532725372084
"[0.28912052655659487, 1.0140896466568403, -0.7252832042315982, 0.25000679878794396]",23.821703868950788,2.0359556350896946
"[0.2892011353877499, 1.0140015503467201, -0.7252677559078144, 0.24997758159406472]",23.821720687454732,2.0365840164585496
"[0.28928176113510917, 1.0139133812281418, -0.7252523196180053, 0.24994832377679949]",23.821737837475546,2.0372123978274046
"[0.28936240373248673, 1.0138251392832949, -0.7252368954019702, 0.24991902529886717]",23.821755322231375,2.0378407791962596
"[0.28944306237260353, 1.0137368253060246, -0.725221483441056, 0.24988968639268047]",23.821773136493903,2.038469160565114
"[0.2895237380739778, 1.0136484380912307, -0.7252060835677092, 0.2498603066266042]",23.821791285013564,2.039097541933969
"[0.2896044304628743, 1.0135599779576019, -0.7251906958805802, 0.24983088607502532]",23.82180976693099,2.0397259233028238
"[0.28968513973265675, 1.013471444602354, -0.7251753203701198, 0.24980142460568755]",23.821828582886276,2.0403543046716788
"[0.28976586541489446, 1.013382838448674, -0.7251599571528544, 0.24977192232790343]",23.821847734045356,2.0409826860405333
"[0.28984660784417854, 1.01329415903848, -0.7251446061924491, 0.24974237905759206]",23.82186721864823,2.0416110674093884
"[0.2899273667502667, 1.0132054065775362, -0.7251292675676915, 0.24971279483167771]",23.821887038023608,2.0422394487782434
"[0.29000814266831637, 1.0131165803862692, -0.7251139412044686, 0.2496831693918842]",23.821907193437664,2.0428678301470984
"[0.2900889352288652, 1.013027680778998, -0.7250986272005605, 0.2496535028111448]",23.821927685230524,2.043496211515953
"[0.2901697443365046, 1.0129387077691334, -0.7250833256016286, 0.24962379506214824]",23.821948511473362,2.044124592884808
"[0.2902505700777903, 1.0128496611695401, -0.7250680364189382, 0.24959404605054852]",23.821969676444866,2.0447529742536625
"[0.29033141281708846, 1.0127605404863227, -0.7250527596114063, 0.2495642555792884]",23.821991176562463,2.0453813556225175
"[0.2904122718714323, 1.0126713463800467, -0.7250374953359007, 0.24953442383716154]",23.822013011676862,2.046009736991372
"[0.2904931477808493, 1.0125820781625667, -0.7250222435183248, 0.24950455056196502]",23.822035188410272,2.046638118360227
"[0.2905740402345263, 1.0124927360841005, -0.7250070042452574, 0.24947463580526608]",23.822057699413058,2.047266499729082
"[0.2906549495321141, 1.0124033197206388, -0.7249917774882785, 0.2494446793928612]",23.822080552316496,2.047894881097937
"[0.2907358753185642, 1.0123138293713594, -0.7249765633422837, 0.24941468139270842]",23.822103741923023,2.0485232624667917
"[0.29081681797476255, 1.0122242645216126, -0.7249613617638196, 0.24938464159994372]",23.822127269448284,2.0491516438356467
"[0.2908977770994314, 1.0121346255217896, -0.7249461728564596, 0.24935456009968593]",23.82215114054638,2.0497800252045013
"[0.2909787530587942, 1.0120449118725963, -0.7249309965797616, 0.24932443669192464]",23.822175346896206,2.0504084065733563
"[0.29105974563167286, 1.0119551237249063, -0.7249158330035526, 0.24929427139475624]",23.822199897989844,2.051036787942211
"[0.29114075482967305, 1.0118652609716852, -0.7249006821540395, 0.24926406413965954]",23.822224786259635,2.051665169311066
"[0.2912217804223462, 1.0117753237744194, -0.724885544102703, 0.24923381494836153]",23.822250016898643,2.052293550679921
"[0.2913028230862334, 1.0116853112873267, -0.7248704187517233, 0.2492035235036349]",23.822275589170324,2.052921932048776
"[0.29138388202752663, 1.011595224297161, -0.7248553062778619, 0.24917319003745558]",23.822301500700984,2.0535503134176305
"[0.29146495800954486, 1.0115050618604724, -0.7248402065674773, 0.24914281419930742]",23.822327756543594,2.0541786947864855
"[0.29154605040012044, 1.0114148245848296, -0.724825119767078, 0.24911239616093572]",23.822354356013857,2.05480707615534
"[0.29162715941713685, 1.0113245121325272, -0.7248100458648497, 0.24908193577561927]",23.822381295164295,2.055435457524195
"[0.29170828543525773, 1.0112341239903357, -0.7247949848201171, 0.24905143283712924]",23.82240858174954,2.0560638388930497
"[0.29178942768899657, 1.0111436609152167, -0.7247799368039161, 0.24902088756783142]",23.822436209333926,2.0566922202619047
"[0.2918705867622849, 1.0110531221602712, -0.724764901736877, 0.24899029968245423]",23.822464182571718,2.0573206016307597
"[0.2919517623418635, 1.0109625079785303, -0.7247498797061127, 0.2489596692332452]",23.82249249973377,2.0579489829996147
"[0.29203295474231034, 1.0108718179222045, -0.7247348706825528, 0.24892899603553786]",23.822521160429844,2.0585773643684693
"[0.29211416379910354, 1.0107810520780187, -0.724719874725875, 0.24889828008524567]",23.82255016767195,2.0592057457373243
"[0.2921953894606317, 1.0106902104067086, -0.7247048918748561, 0.24886752133568515]",23.82257952101463,2.059834127106179
"[0.29227663169780554, 1.0105992928435905, -0.7246899221641884, 0.24883671973148655]",23.822609221137057,2.060462508475034
"[0.2923578909204788, 1.01050829883225, -0.7246749655478362, 0.24880587505051088]",23.82263926889433,2.0610908898438884
"[0.29243916643470447, 1.0104172290520632, -0.7246600221830057, 0.24877498748943305]",23.82266966062278,2.0617192712127435
"[0.2925204582712225, 1.010326083371366, -0.7246450920933919, 0.2487440569701248]",23.822700398044066,2.0623476525815985
"[0.2926017674057464, 1.0102348605976386, -0.7246301751295197, 0.24871308305403791]",23.82273148836762,2.0629760339504535
"[0.2926830928846459, 1.010143561702075, -0.7246152714961219, 0.2486820660370136]",23.822762924825334,2.063604415319308
"[0.29276443498258264, 1.010052186278002, -0.7246003811725433, 0.24865100574709242]",23.822794709305263,2.064232796688163
"[0.292845793677012, 1.0099607342519978, -0.724585504192715, 0.24861990212538881]",23.82282684232854,2.0648611780570176
"[0.29292716905428706, 1.009869205427936, -0.7245706405707454, 0.24858875507117767]",23.822859326419113,2.0654895594258726
"[0.29300856125540387, 1.009777599547689, -0.7245557903109215, 0.2485575644624558]",23.822892159827994,2.066117940794727
"[0.2930899696418765, 1.0096859172306232, -0.7245409535596998, 0.24852633047603537]",23.822925341689814,2.0667463221635822
"[0.293171395463209, 1.0095941569694502, -0.724526130119568, 0.24849505256408935]",23.822958878436115,2.0673747035324372
"[0.2932528373189801, 1.0095023202421132, -0.7245113202757214, 0.24846373119603482]",23.822992763078,2.0680030849012923
"[0.29333429553846296, 1.0094104065780534, -0.7244965239982704, 0.24843236617730538]",23.823026998021007,2.068631466270147
"[0.2934157710499237, 1.0093184148289969, -0.7244817411490495, 0.24840095708150337]",23.82306158809907,2.069259847639002
"[0.2934972627365399, 1.0092263461550208, -0.7244669719611567, 0.24836950427015297]",23.823096527865097,2.0698882290078564
"[0.2935787714869734, 1.009134199451258, -0.724452216303996, 0.2483380073312482]",23.823131823076466,2.0705166103767114
"[0.2936602965345136, 1.009041975483255, -0.724437474346937, 0.2483064664917974]",23.823167470308753,2.071144991745566
"[0.29374183842956697, 1.0089496735270815, -0.7244227460210448, 0.24827488146953366]",23.823203471831132,2.071773373114421
"[0.2938233966616554, 1.0088572940590794, -0.7244080314491835, 0.24824325239271172]",23.823239825159973,2.072401754483276
"[0.29390497154016715, 1.0087648366272464, -0.7243933306062182, 0.24821157907181082]",23.8232765350358,2.073030135852131
"[0.29398656311205174, 1.0086723010761993, -0.7243786435145512, 0.2481798614186578]",23.823313597224693,2.0736585172209856
"[0.2940681716537749, 1.0085796869896215, -0.7243639701554558, 0.24814809925543393]",23.82335101804636,2.0742868985898406
"[0.2941497965286294, 1.0084869949874715, -0.7243493106744139, 0.2481162927596798]",23.823388793402554,2.074915279958695
"[0.2942314381632069, 1.0083942244826847, -0.7243346650258262, 0.24808444169486932]",23.823426923528366,2.07554366132755
"[0.29431309636086045, 1.0083013755955847, -0.7243200332761294, 0.248052546067086]",23.823465413490315,2.0761720426964048
"[0.2943947715112145, 1.0082084477795992, -0.724305415386797, 0.2480206056532157]",23.82350425882882,2.0768004240652598
"[0.2944764626413899, 1.0081154420384233, -0.7242908115631516, 0.2479886207629886]",23.823543460766054,2.077428805434115
"[0.2945581707908551, 1.0080223570851616, -0.7242762216506414, 0.24795659091851197]",23.823583021427346,2.07805718680297
"[0.29463989520973755, 1.007929193669996, -0.7242616458146282, 0.24792451634240462]",23.823622939347043,2.0786855681718244
"[0.2947216364917957, 1.0078359510119324, -0.7242470839806889, 0.24789239673026126]",23.823663218136197,2.079313949540679
"[0.2948033947132551, 1.0077426289188944, -0.7242325361670119, 0.24786023198009804]",23.823703854262448,2.079942330909534
"[0.2948851693254856, 1.0076492279122546, -0.7242180025029151, 0.2478280222358763]",23.823744849783953,2.0805707122783885
"[0.2949669605346793, 1.007555747651778, -0.7242034829834197, 0.24779576734456424]",23.823786208487117,2.0811990936472435
"[0.29504876843527394, 1.0074621879242338, -0.7241889776235966, 0.24776346719671893]",23.82382792642555,2.0818274750160985
"[0.2951305929615829, 1.0073685486991406, -0.7241744864670219, 0.24773112174585954]",23.82387000389907,2.0824558563849536
"[0.2952124341345797, 1.0072748298467071, -0.7241600095419699, 0.2476987309111389]",23.823912445370457,2.083084237753808
"[0.29529429185681205, 1.007181031372564, -0.724145546897724, 0.2476662946584382]",23.823955246820525,2.083712619122663
"[0.29537616639720676, 1.0070871528621386, -0.7241310985189504, 0.24763381280819677]",23.823998410184984,2.0843410004915177
"[0.29545805731321295, 1.0069931947164406, -0.7241166645159355, 0.24760128546295979]",23.824041936878405,2.0849693818603727
"[0.29553996494605156, 1.0068991564373144, -0.7241022448607968, 0.24756871241400558]",23.82408582806899,2.0855977632292273
"[0.2956218892430921, 1.0068050379779832, -0.7240878395952229, 0.24753609360870266]",23.824130081701107,2.0862261445980823
"[0.2957038301292399, 1.006710839317478, -0.7240734487648605, 0.24750342900333802]",23.824174698413717,2.0868545259669373
"[0.2957857874903067, 1.0066165604796538, -0.7240590724222604, 0.2474707185696956]",23.824219682203296,2.0874829073357923
"[0.29586776182376884, 1.0065222007842374, -0.724044710512832, 0.24743796203508261]",23.824265032239115,2.088111288704647
"[0.29594975269204077, 1.0064277606265422, -0.7240303631460275, 0.2474051594999532]",23.82431074526717,2.088739670073502
"[0.29603176007790366, 1.006333239918287, -0.7240160303575762, 0.24737231089694525]",23.824356824086912,2.0893680514423565
"[0.296113784101298, 1.006238638412718, -0.7240017121593524, 0.2473394161034904]",23.824403270816795,2.0899964328112115
"[0.29619582503168024, 1.006143955689912, -0.7239874085373443, 0.2473064749365676]",23.824450084808714,2.090624814180066
"[0.2962778821357795, 1.0060491924871293, -0.7239731196523848, 0.24727348761572215]",23.824497264676207,2.091253195548921
"[0.29635995637488655, 1.0059543475848094, -0.7239588453701964, 0.24724045367933736]",23.82454481343561,2.091881576917776
"[0.29644204697246446, 1.0058594217703536, -0.7239445858591105, 0.24720737336441972]",23.82459272957647,2.092509958286631
"[0.29652415464033555, 1.005764414110518, -0.7239303410288102, 0.24717424630845716]",23.824641015920278,2.0931383396554857
"[0.29660627806985557, 1.0056693260098264, -0.7239161111395537, 0.2471410729640048]",23.824689670579737,2.0937667210243407
"[0.2966884189351447, 1.0055741554194575, -0.7239018959346837, 0.24710785257891746]",23.82473869675555,2.0943951023931953
"[0.29677057619669567, 1.0054789034324174, -0.7238876956278084, 0.24707458549705968]",23.824788090444617,2.0950234837620503
"[0.29685274993451594, 1.0053835698453641, -0.7238735102385865, 0.24704127160999007]",23.82483785758936,2.095651865130905
"[0.29693494042425983, 1.0052881542272445, -0.723859339753118, 0.24700791072945802]",23.824887995535708,2.09628024649976
"[0.29701714736770674, 1.0051926568127618, -0.7238451842565834, 0.24697450289983114]",23.824938502022434,2.096908627868615
"[0.2970993713103431, 1.0050970768561829, -0.7238310436889819, 0.24694104782237314]",23.824989384004066,2.09753700923747
"[0.29718161177553626, 1.005001414799143, -0.723816918166321, 0.2469075456137052]",23.825040637080562,2.0981653906063245
"[0.29726386881599787, 1.0049056704681314, -0.7238028077135298, 0.24687399617516317]",23.825092263743368,2.0987937719751795
"[0.2973461426271561, 1.0048098435228994, -0.7237887123312385, 0.2468403993494556]",23.825144263505173,2.099422153344034
"[0.29742843289945836, 1.0047139342110933, -0.7237746321066769, 0.2468067551853034]",23.825196639607313,2.100050534712889
"[0.29751073972945247, 1.0046179423072374, -0.7237605670575433, 0.24677306356549453]",23.825249386403268,2.1006789160817436
"[0.2975930635275899, 1.0045218672188145, -0.7237465171481703, 0.24673932424369316]",23.82530250961045,2.1013072974505986
"[0.29767540348972116, 1.0044257097706664, -0.723732482550225, 0.246705537471247]",23.825356009573817,2.1019356788194536
"[0.29775776092767364, 1.0043294683163073, -0.7237184630747976, 0.24667170263105542]",23.825409886090938,2.1025640601883087
"[0.2978401343108544, 1.0042331445298633, -0.7237044590171243, 0.2466378202731051]",23.825464136370975,2.1031924415571632
"[0.29792252467184255, 1.0041367370895942, -0.7236904702362934, 0.24660388989396115]",23.825518765877533,2.1038208229260182
"[0.2980049315415475, 1.0040402464292293, -0.7236764968468433, 0.24656991160750671]",23.825573774218828,2.104449204294873
"[0.29808735517241286, 1.0039436721379607, -0.7236625388408827, 0.2465358852302978]",23.825629157774237,2.105077585663728
"[0.2981697953363887, 1.0038470143674543, -0.723648596292043, 0.246501810776899]",23.825684921020024,2.1057059670325824
"[0.2982522523840987, 1.003750272590652, -0.723634669176167, 0.24646768802250818]",23.825741064312165,2.1063343484014374
"[0.29833472616930795, 1.003653446862628, -0.7236207575532541, 0.24643351694739907]",23.825797585992735,2.1069627297702924
"[0.2984172162765261, 1.0035565375550446, -0.723606861528592, 0.2463992976436886]",23.825854486927224,2.1075911111391474
"[0.29849972307557104, 1.0034595441170713, -0.7235929810751609, 0.24636502987775835]",23.825911769760136,2.108219492508002
"[0.2985822470730707, 1.0033624658354383, -0.7235791161433908, 0.2463307133581095]",23.82596943456098,2.108847873876857
"[0.29866478692759174, 1.003265304171157, -0.7235652669941308, 0.2462963485618985]",23.82602747822333,2.1094762552457116
"[0.298747343721631, 1.0031680577329765, -0.7235514334812299, 0.24626193495775944]",23.826085905930114,2.1101046366145666
"[0.29882991751296945, 1.0030707263342007, -0.7235376156309596, 0.24622747243984847]",23.826144714340657,2.110733017983421
"[0.2989125078426189, 1.002973310397379, -0.7235238135560409, 0.24619296111805264]",23.826203907354078,2.111361399352276
"[0.2989951148498255, 1.0028758096399302, -0.7235100272690889, 0.2461584008525684]",23.826263484760087,2.111989780721131
"[0.2990777381787876, 1.0027782243633423, -0.7234962568654102, 0.2461237917105377]",23.82632344211974,2.112618162089986
"[0.29916037852687816, 1.0026805536248529, -0.7234825022648954, 0.2460891333176902]",23.82638378902121,2.1132465434588408
"[0.29924303572373323, 1.0025827975057424, -0.7234687635322999, 0.2460544256626758]",23.826444520064054,2.113874924827696
"[0.29932570924088897, 1.0024849565115053, -0.7234550407917083, 0.24601966888493645]",23.826505635107754,2.1145033061965504
"[0.2994083995196155, 1.002387030000165, -0.7234413340061998, 0.24598486271631753]",23.826567135508316,2.1151316875654054
"[0.2994911067530144, 1.002289017622258, -0.7234276431803915, 0.24595000699220895]",23.826629027768373,2.11576006893426
"[0.29957383054866527, 1.0021909197219638, -0.7234139684158991, 0.2459151017945867]",23.826691301795815,2.116388450303115
"[0.29965657089768316, 1.0020927361891279, -0.7234003097508062, 0.24588014704388078]",23.826753965337712,2.11701683167197
"[0.2997393281320405, 1.0019944665084501, -0.7233866671671273, 0.24584514251606626]",23.826817018337284,2.117645213040825
"[0.2998221017759643, 1.001896111123349, -0.7233730407801658, 0.24581008832847417]",23.826880459178955,2.1182735944096795
"[0.2999048923006926, 1.0017976693520552, -0.7233594305493072, 0.24577498419741672]",23.8269442900175,2.1189019757785346
"[0.2999876996487473, 1.0016991411402805, -0.7233458365212002, 0.24573983006259734]",23.827008509894856,2.119530357147389
"[0.3000705235919187, 1.001600526636949, -0.7233322587705109, 0.2457046259362205]",23.82707312122307,2.120158738516244
"[0.3001533640839184, 1.0015018257745947, -0.723318697342028, 0.24566937175327908]",23.827138121106632,2.1207871198850987
"[0.30023622134174976, 1.0014030381715442, -0.7233051522375903, 0.24563406733636586]",23.82720351438584,2.1214155012539537
"[0.30031909553046754, 1.0013041635071211, -0.7232916234678047, 0.2455987125295791]",23.82726929968642,2.1220438826228087
"[0.300401986425644, 1.0012052019249291, -0.7232781111069817, 0.2455633073428902]",23.827335477436918,2.1226722639916638
"[0.3004848937892258, 1.0011061535853214, -0.7232646152315222, 0.24552785179237394]",23.82740204944045,2.1233006453605183
"[0.3005678180279215, 1.0010070178779185, -0.7232511358130057, 0.24549234561806632]",23.82746901376934,2.1239290267293733
"[0.30065075879359204, 1.0009077950941845, -0.7232376729458861, 0.24545678888280667]",23.82753637194183,2.124557408098228
"[0.3007337162989116, 1.0008084848546515, -0.7232242266336003, 0.24542118140897937]",23.827604123991186,2.125185789467083
"[0.30081669084930845, 1.000709086667773, -0.7232107968648568, 0.2453855229784561]",23.827672272803962,2.1258141708359375
"[0.3008996819105729, 1.000609601047507, -0.7231973837643652, 0.24534981373370626]",23.82774081776925,2.1264425522047925
"[0.30098268969409436, 1.000510027614574, -0.7231839873361802, 0.245314053496714]",23.827809760165948,2.1270709335736475
"[0.3010657140707285, 1.0004103663975232, -0.7231706076395128, 0.2452782422357159]",23.82787909494059,2.127699314942502
"[0.30114875550497766, 1.000310616711678, -0.723157244638091, 0.24524237966246015]",23.827948831233456,2.128327696311357
"[0.30123181339018706, 1.000210779158544, -0.7231438984681627, 0.2452064659509414]",23.828018965297716,2.1289560776802117
"[0.301314888158862, 1.0001108530908582, -0.7231305690989125, 0.24517050082601538]",23.828089497542,2.1295844590490667
"[0.30139797997552126, 1.0000108381823094, -0.7231172565429307, 0.24513448412762784]",23.82816043002444,2.1302128404179212
"[0.30148108807733387, 0.9999107352230653, -0.7231039609613168, 0.24509841609783195]",23.828231760061755,2.1308412217867763
"[0.3015642131863103, 0.9998105432151544, -0.7230906822775376, 0.24506229633446988]",23.828303491989942,2.1314696031556313
"[0.3016473548909441, 0.9997102625255527, -0.7230774205965106, 0.2450261249270543]",23.828375624015084,2.1320979845244863
"[0.30173051356989256, 0.9996098925681987, -0.7230641758971218, 0.24498990162131737]",23.828448158743097,2.132726365893341
"[0.30181368865416397, 0.9995094339004152, -0.723050948309311, 0.24495362657549327]",23.82852109392312,2.133354747262196
"[0.3018968806731028, 0.9994088857531275, -0.7230377377883064, 0.24491729946888566]",23.828594432316066,2.1339831286310504
"[0.3019800894348459, 0.9993082482277492, -0.7230245444042066, 0.24488092029493216]",23.82866817475143,2.1346115099999055
"[0.30206331520971524, 0.9992075208663839, -0.7230113681539263, 0.24484448884477145]",23.828742320319506,2.13523989136876
"[0.30214655739477825, 0.9991067042679005, -0.7229982091726772, 0.24480800529169386]",23.82881686987878,2.135868272737615
"[0.30222981644092545, 0.9990057977551833, -0.7229850674289977, 0.24477146934730293]",23.828891824160106,2.13649665410647
"[0.3023130925548644, 0.9989048009455178, -0.7229719429304157, 0.24473488082933223]",23.82896718430797,2.137125035475325
"[0.3023963849610071, 0.9988037146477016, -0.7229588358392263, 0.2446982399871967]",23.829042948762726,2.1377534168441796
"[0.30247969488276527, 0.9987025372442129, -0.7229457460032418, 0.24466154619073777]",23.829119123892102,2.1383817982130346
"[0.3025630209394594, 0.9986012702789436, -0.7229326736797808, 0.24462479995597736]",23.82919570414361,2.139010179581889
"[0.3026463638317381, 0.9984999127679852, -0.722919618799173, 0.24458800088213256]",23.82927269048411,2.1396385609507442
"[0.3027297237350178, 0.9983984643641556, -0.7229065813746122, 0.24455114879898546]",23.829350088022156,2.140266942319599
"[0.3028131005408034, 0.9982969250651745, -0.7228935614638806, 0.24451424366140487]",23.829427896091,2.140895323688454
"[0.3028964939779473, 0.9981952950670812, -0.7228805591501005, 0.24447728549637843]",23.829506109336034,2.141523705057309
"[0.3029799042789471, 0.9980935739520382, -0.7228675744379035, 0.24444027410760288]",23.82958473517469,2.142152086426164
"[0.30306333122807194, 0.9979917618482602, -0.7228546074018714, 0.24440320949726507]",23.82966377108408,2.1427804677950184
"[0.30314677482545244, 0.9978898586206215, -0.7228416580830157, 0.2443660915716821]",23.829743217657047,2.1434088491638734
"[0.30323023592377574, 0.9977878630913872, -0.7228287263904676, 0.2443289198569647]",23.829823078273918,2.144037230532728
"[0.30331371360872894, 0.9976857762412078, -0.7228158125074412, 0.24429169466551903]",23.829903351860988,2.144665611901583
"[0.3033972077468972, 0.9975835980975079, -0.7228029164958526, 0.24425441596263509]",23.829984038185376,2.1452939932704376
"[0.3034807189280453, 0.9974813278018594, -0.7227900383061703, 0.24421708339014025]",23.83006513627534,2.1459223746392926
"[0.30356424669041926, 0.9973789657825208, -0.7227771780513209, 0.24417969705923154]",23.830146647953573,2.146550756008147
"[0.30364779181939794, 0.9972765109390141, -0.7227643356523403, 0.2441422565226152]",23.830228578401552,2.1471791373770026
"[0.3037313534712705, 0.9971739641677096, -0.7227515112809717, 0.24410476206241194]",23.830310921806593,2.147807518745857
"[0.30381493204355253, 0.9970713248426589, -0.7227387049182105, 0.24406721340436305]",23.83039368321953,2.148435900114712
"[0.3038985272676743, 0.9969685931550574, -0.7227259166473661, 0.24402961057287628]",23.83047685967269,2.1490642814835668
"[0.3039821398058835, 0.9968657681514942, -0.7227131464095646, 0.24399195317317496]",23.83056045597073,2.1496926628524218
"[0.3040657686304512, 0.9967628509564133, -0.7227003944041792, 0.24395424157129353]",23.830644469048476,2.1503210442212763
"[0.30414941477823426, 0.9966598401539715, -0.7226876605156397, 0.24391647520254647]",23.830728900164242,2.1509494255901314
"[0.304233077653033, 0.9965567363376083, -0.7226749448775203, 0.24387865423835287]",23.8308137528327,2.151577806958986
"[0.3043167573453193, 0.9964535392553007, -0.7226622475188167, 0.2438407785401861]",23.83089902297628,2.1522061883278414
"[0.3044004539072168, 0.9963502487016775, -0.7226495684745369, 0.2438028479864319]",23.83098471444457,2.152834569696696
"[0.3044841672793504, 0.9962468646085454, -0.7226369077967095, 0.24376486250570142]",23.831070828094635,2.153462951065551
"[0.30456789800670714, 0.9961433861603599, -0.7226242654462497, 0.2437268217517094]",23.831157363980807,2.1540913324344055
"[0.3046516452352759, 0.9960398142700687, -0.7226116415954448, 0.24368872601343985]",23.83124432124169,2.1547197138032606
"[0.30473540925242726, 0.9959361484401493, -0.7225990362442262, 0.2436505750613595]",23.83133170284894,2.155348095172115
"[0.3048191902005619, 0.9958323883512699, -0.722586449414701, 0.24361236873113928]",23.83141950682494,2.15597647654097
"[0.3049029884844353, 0.9957285333579421, -0.722573881089926, 0.24357410673797467]",23.83150773633376,2.1566048579098247
"[0.3049868032733819, 0.9956245843456318, -0.7225613314383051, 0.24353578936101575]",23.831596390977666,2.15723323927868
"[0.30507063515721244, 0.9955205404386903, -0.7225488004153909, 0.24349741623037474]",23.83168547186407,2.1578616206475347
"[0.30515448375095516, 0.9954164019701274, -0.7225362881227835, 0.24345898742158392]",23.83177497511778,2.1584900020163897
"[0.3052383495254382, 0.9953121682098635, -0.7225237945344424, 0.24342050261779216]",23.831864908859497,2.1591183833852443
"[0.30532223194415403, 0.9952078396790779, -0.7225113197746079, 0.24338196196389972]",23.83195527079167,2.1597467647540993
"[0.3054061312858335, 0.9951034158854066, -0.722498863846172, 0.24334336523047287]",23.832046060601172,2.160375146122954
"[0.3054900476793876, 0.9949988965217668, -0.7224864267746202, 0.24330471225619504]",23.832137278012816,2.161003527491809
"[0.3055739812538483, 0.9948942812800509, -0.7224740085856807, 0.2432660028790953]",23.832228926155793,2.1616319088606635
"[0.30565793145612113, 0.9947895707023942, -0.7224616094060019, 0.24322723725178746]",23.832321004620017,2.1622602902295185
"[0.30574189869584056, 0.9946847641304, -0.7224492292199703, 0.2431884150824736]",23.832413513065273,2.1628886715983735
"[0.3058258831377849, 0.9945798612097523, -0.7224368680485285, 0.24314953619152851]",23.832506456512935,2.1635170529672285
"[0.3059098840907562, 0.9944748626554547, -0.7224245260385718, 0.2431106007956442]",23.83259982728464,2.164145434336083
"[0.3059939023300059, 0.9943697673495634, -0.7224122031215253, 0.2430716084318126]",23.832693632807572,2.164773815704938
"[0.30607793733378913, 0.9942645757951022, -0.722399899419455, 0.24303255923800812]",23.832787874670213,2.1654021970737927
"[0.30616198969570985, 0.9941592870988158, -0.722387614891173, 0.24299345283381674]",23.83288254755434,2.1660305784426477
"[0.30624605857211046, 0.9940539021672764, -0.7223753497057239, 0.24295428950712414]",23.832977656146944,2.1666589598115022
"[0.3063301449414985, 0.9939484196230147, -0.722363103766278, 0.2429150686970254]",23.833073202541932,2.1672873411803573
"[0.3064142480861367, 0.9938428402147534, -0.7223508772235271, 0.24287579063268439]",23.833169183321868,2.1679157225492123
"[0.3064983678642004, 0.9937371639696285, -0.7223386701440493, 0.24283645527517392]",23.833265600948888,2.1685441039180673
"[0.3065825051286972, 0.9936313896637439, -0.7223264824504304, 0.24279706211951546]",23.833362454912365,2.169172485286922
"[0.30666665918300723, 0.9935255180199145, -0.7223143142901468, 0.24275761138530882]",23.833459750229952,2.169800866655777
"[0.30675083051925733, 0.9934195482658981, -0.7223021656386635, 0.24271810273515204]",23.83355748320265,2.1704292480246314
"[0.3068350186435413, 0.9933134808700067, -0.722290036614013, 0.24267853629389016]",23.83365565715392,2.1710576293934865
"[0.30691922371288305, 0.9932073154808599, -0.7222779272403397, 0.24263891188068265]",23.83375426892236,2.171686010762341
"[0.3070034458793694, 0.9931010517523138, -0.7222658375427919, 0.24259922931633454]",23.83385332090973,2.172314392131196
"[0.3070876850148543, 0.9929946896912742, -0.7222537675869062, 0.24255948855330794]",23.833952818314177,2.172942773500051
"[0.30717194151510285, 0.9928882286423015, -0.7222417173634008, 0.24251968929632992]",23.834052758985344,2.1735711548689056
"[0.30725621475076614, 0.9927816692448328, -0.7222296870097289, 0.24247983173405543]",23.83415314031324,2.1741995362377606
"[0.3073405052239798, 0.9926750107078841, -0.7222176765017454, 0.242439915520151]",23.83425396705283,2.174827917606615
"[0.30742481281444106, 0.9925682530266394, -0.7222056859044226, 0.24239994060206715]",23.83435523844216,2.17545629897547
"[0.30750913750163494, 0.9924613960697798, -0.722193715268591, 0.2423599068798119]",23.83445695493175,2.176084680344325
"[0.30759347900246936, 0.9923544400387115, -0.72218176468237, 0.24231981437801173]",23.834559116853985,2.17671306171318
"[0.30767783761474815, 0.9922473843979723, -0.7221698341516419, 0.2422796628449842]",23.834661724145644,2.177341443082035
"[0.3077622135844275, 0.9921402286764118, -0.7221579236900594, 0.24223945205272127]",23.834764782295586,2.17796982445089
"[0.30784660643498135, 0.9920329733200516, -0.7221460334133759, 0.24219918211725322]",23.834868285399512,2.1785982058197444
"[0.30793101650435634, 0.9919256177399628, -0.7221341633225524, 0.24215885276604282]",23.834972237901567,2.1792265871885994
"[0.3080154435438899, 0.9918181620923877, -0.7221223135013105, 0.2421184640062024]",23.835076641786866,2.179854968557454
"[0.30809988798228444, 0.9917106056709543, -0.7221104839384499, 0.2420780155204483]",23.835181495349843,2.180483349926309
"[0.3081843495010871, 0.9916029487199194, -0.7220986747277413, 0.2420375073486808]",23.835286800110943,2.1811117312951636
"[0.3082688277621216, 0.9914951915094217, -0.7220868859655071, 0.2419969395407113]",23.835392555609904,2.1817401126640186
"[0.3083533236303231, 0.991387332774067, -0.7220751175804463, 0.24195631156798114]",23.835498765232405,2.1823684940328736
"[0.3084378364755488, 0.9912793731553082, -0.7220633697099634, 0.2419156236197171]",23.83560542837283,2.1829968754017286
"[0.30852236618609885, 0.9911713126334779, -0.7220516424190722, 0.24187487563626753]",23.835712542930697,2.183625256770583
"[0.30860691341348023, 0.9910631502121159, -0.7220399356672379, 0.2418340671892999]",23.835820114731394,2.184253638139438
"[0.3086914775513873, 0.9909548865027376, -0.7220282495884328, 0.24179319845679717]",23.835928141965386,2.1848820195082927
"[0.30877605882730674, 0.9908465210500086, -0.7220165842012374, 0.24175226921415086]",23.836036623604855,2.1855104008771478
"[0.30886065751685443, 0.9907380533355381, -0.7220049395180054, 0.24171127921251465]",23.836145562983276,2.1861387822460023
"[0.3089452734823364, 0.9906294833699144, -0.7219933156082647, 0.2416702284026482]",23.836254960836655,2.1867671636148573
"[0.3090299062225167, 0.9905208116306959, -0.7219817125913448, 0.24162911691198333]",23.836364816851344,2.1873955449837124
"[0.3091145565607735, 0.9904120368941441, -0.7219701304051089, 0.24158794422417756]",23.836475130398767,2.1880239263525674
"[0.30919922397335076, 0.990303159665862, -0.7219585691722467, 0.2415467104769591]",23.836585907081012,2.188652307721422
"[0.3092839085389798, 0.9901941796773256, -0.7219470289330024, 0.24150541551502094]",23.836697142168372,2.189280689090277
"[0.3093686104747033, 0.990085096481022, -0.7219355097090722, 0.24146405911492327]",23.836808842002362,2.1899090704591315
"[0.30945332949612325, 0.9899759102746092, -0.7219240115905314, 0.24142264129762342]",23.836920998894175,2.1905374518279865
"[0.30953806565732644, 0.9898666208195994, -0.7219125346214988, 0.24138116191862605]",23.837033621939305,2.191165833196841
"[0.30962281925548346, 0.9897572275629269, -0.7219010788134844, 0.24133962071371368]",23.8371467091571,2.191794214565696
"[0.30970758998492415, 0.9896477307288538, -0.7218896442597157, 0.24129801771360387]",23.83726025976487,2.192422595934551
"[0.3097923782400525, 0.9895381296370042, -0.721878230959103, 0.24125635260516395]",23.837374278397952,2.193050977303406
"[0.3098771834334396, 0.9894284248755457, -0.7218668390429093, 0.2412146255572956]",23.83748875888259,2.1936793586722607
"[0.30996200602218765, 0.9893186156817426, -0.7218554685020063, 0.2411728362251181]",23.8376037087939,2.1943077400411157
"[0.31004684584991155, 0.9892087020855451, -0.7218441194099519, 0.24113098456497192]",23.83771912693252,2.1949361214099703
"[0.31013170306341165, 0.9890986837239009, -0.7218327917998203, 0.24108907038344957]",23.83783501218333,2.1955645027788253
"[0.3102165773739606, 0.988988560797843, -0.7218214857630013, 0.2410470937018577]",23.837951368120123,2.19619288414768
"[0.31030146896639593, 0.9888783328939417, -0.7218102013278171, 0.2410050543072339]",23.838068190776585,2.196821265516535
"[0.3103863780884781, 0.9887679995157148, -0.7217989385146284, 0.24096295195453407]",23.83818548654852,2.19744964688539
"[0.31047130445615295, 0.9886575608570097, -0.7217876974145573, 0.24092078666190242]",23.838303255969095,2.198078028254245
"[0.3105562481008405, 0.988547016701549, -0.721776478076945, 0.24087855829089355]",23.83842149418717,2.1987064096230995
"[0.31064120932726325, 0.9884363664763295, -0.7217652805153507, 0.24083626656646398]",23.83854020832214,2.1993347909919545
"[0.31072618747599695, 0.9883256108636976, -0.7217541048705061, 0.24079391169325365]",23.83865939429728,2.199963172360809
"[0.3108111833733522, 0.9882147486094243, -0.7217429510878058, 0.24075149313524405]",23.838779056278387,2.200591553729664
"[0.310896196261215, 0.9881037805245162, -0.7217318193209726, 0.2407090111462063]",23.838899195961947,2.2012199350985187
"[0.31098122665851685, 0.9879927057534064, -0.7217207095564112, 0.24066646534197098]",23.839019807775003,2.2018483164673737
"[0.311066274456722, 0.9878815242588495, -0.7217096218629114, 0.2406238556513908]",23.839140899039116,2.2024766978362287
"[0.3111513396848768, 0.9877702358230348, -0.7216985562915352, 0.24058118193391131]",23.8392624679606,2.2031050792050837
"[0.31123642221180103, 0.987658840437583, -0.7216875129142564, 0.2405384441291787]",23.83938451523448,2.2037334605739383
"[0.3113215224666277, 0.9875473373595892, -0.7216764917306006, 0.24049564189474426]",23.83950704428679,2.2043618419427933
"[0.31140663951620184, 0.987435727630865, -0.721665492916598, 0.24045277557314865]",23.83963005147148,2.204990223311648
"[0.3114917743379999, 0.9873240097882091, -0.7216545164013096, 0.24040984454486908]",23.839753541937938,2.205618604680503
"[0.31157692688816424, 0.9872121837057302, -0.7216435622463382, 0.24036684870344383]",23.83987751544491,2.2062469860493574
"[0.3116620964935487, 0.9871002500844995, -0.7216326305940897, 0.24032378826048223]",23.840001969209276,2.2068753674182124
"[0.3117472834253129, 0.9869882083852488, -0.7216217214655716, 0.24028066295059253]",23.840126909615428,2.2075037487870675
"[0.3118324876031637, 0.986876058529834, -0.7216108349271346, 0.24023747268552617]",23.84025232881585,2.2081321301559225
"[0.3119177102553304, 0.9867637987155435, -0.7215999708785961, 0.2401942167122366]",23.84037824274289,2.208760511524777
"[0.31200294936949596, 0.9866514314076673, -0.7215891296330638, 0.2401508959220145]",23.84050463448157,2.209388892893632
"[0.312088206595886, 0.9865389542452802, -0.7215783110372584, 0.24010750934600653]",23.84063151799433,2.2100172742624866
"[0.31217348101351017, 0.9864263682563081, -0.7215675152651335, 0.2400640573216265]",23.84075888979601,2.2106456556313416
"[0.31225877300112487, 0.9863136727537176, -0.7215567423257931, 0.24002053952466593]",23.84088674981002,2.211274037000196
"[0.31234408253699714, 0.9862008675781812, -0.7215459922793594, 0.23997695583425088]",23.841015101099405,2.211902418369051
"[0.312429409240644, 0.9860879530447522, -0.7215352652311712, 0.23993330631275403]",23.84114393889311,2.2125307997379062
"[0.3125147538998416, 0.98597492792185, -0.721524561139899, 0.23988959042443397]",23.841273270968795,2.2131591811067612
"[0.3126001157470597, 0.9858617930359345, -0.7215138801597859, 0.23984580842907224]",23.841403094851106,2.213787562475616
"[0.31268549534696694, 0.9857485474485239, -0.7215032222781935, 0.23980195990357112]",23.841533411163272,2.214415943844471
"[0.3127708925040722, 0.9856351912275778, -0.7214925875779116, 0.2397580448139959]",23.84166422158918,2.2150443252133254
"[0.3128563073984064, 0.9855217239422683, -0.7214819760950693, 0.23971406293304584]",23.841795530633583,2.2156727065821804
"[0.3129417393746757, 0.9854081462713001, -0.7214713879696206, 0.23967001446342148]",23.84192733253422,2.216301087951035
"[0.3130271891671674, 0.9852944570459795, -0.7214608231693165, 0.23962589889130312]",23.84205963027392,2.21692946931989
"[0.31311265682256484, 0.9851806560098857, -0.7214502817476787, 0.23958171605612835]",23.842192428137327,2.217557850688745
"[0.3131981417649306, 0.9850667437357656, -0.7214397638349918, 0.23953746611925247]",23.842325721968187,2.2181862320576
"[0.31328364443787704, 0.9849527194379647, -0.7214292694360525, 0.23949314871436106]",23.842459515814795,2.2188146134264546
"[0.3133691647861709, 0.9848385829943906, -0.7214187986173841, 0.23944876373254473]",23.842593814169867,2.2194429947953096
"[0.31345470264206243, 0.9847243344328972, -0.7214083514593624, 0.23940431112310337]",23.84272860676045,2.220071376164164
"[0.3135402577979509, 0.9846099738347003, -0.721397928047201, 0.23935979085609282]",23.842863902586465,2.2206997575330187
"[0.3136258309284192, 0.9844955001006669, -0.7213875283589787, 0.2393152024417107]",23.842999704838622,2.2213281389018737
"[0.31371142169726385, 0.9843809134819633, -0.7213771524961667, 0.23927054591556027]",23.843136008545578,2.2219565202707288
"[0.31379703004412146, 0.9842662138607993, -0.7213668005267115, 0.2392258211695027]",23.8432728183257,2.2225849016395838
"[0.3138826563175053, 0.9841514005705211, -0.7213564724694325, 0.23918102788105688]",23.843410133831664,2.2232132830084383
"[0.3139683002167746, 0.9840364738138858, -0.7213461684217553, 0.23913616606661145]",23.843547956080183,2.2238416643772934
"[0.31405396189136897, 0.9839214331895014, -0.7213358884270177, 0.2390912355066381]",23.843686285270966,2.224470045746148
"[0.314139641059593, 0.9838062788744206, -0.72132563258047, 0.23904623620733145]",23.84382512367881,2.225098427115003
"[0.31422533791210955, 0.9836910104106322, -0.7213154009208917, 0.2390011679266198]",23.84396446849902,2.2257268084838575
"[0.3143110527836467, 0.9835756271446495, -0.7213051934703668, 0.23895603034550272]",23.844104328552493,2.2263551898527125
"[0.3143967852456904, 0.983460129449548, -0.7212950103421326, 0.2389108235462912]",23.84424469528697,2.2269835712215675
"[0.3144825353100099, 0.983344517105714, -0.7212848515970088, 0.23886554737939106]",23.84438557631484,2.2276119525904226
"[0.31456830297258837, 0.983228789914128, -0.7212747172978976, 0.23882020170304225]",23.84452696805757,2.228240333959277
"[0.31465408882580825, 0.9831129468694425, -0.7212646074377078, 0.23877478605906513]",23.844668876762444,2.228868715328132
"[0.3147398923514327, 0.9829969884646359, -0.7212545221406602, 0.23872930057626068]",23.844811300276216,2.2294970966969867
"[0.31482571356574124, 0.9828809144710221, -0.7212444614679571, 0.23868374510049634]",23.84495423859933,2.2301254780658417
"[0.31491155253470954, 0.9827647245918386, -0.7212344254752361, 0.23863811945064514]",23.845097692659,2.2307538594346963
"[0.31499740957890343, 0.9826484181843507, -0.7212244141887776, 0.238592423309312]",23.84524166547236,2.2313822408035513
"[0.31508328411342146, 0.9825319958318773, -0.7212144277406133, 0.23854665684061557]",23.8453861565141,2.2320106221724063
"[0.315169176966748, 0.9824154562010056, -0.7212044660985851, 0.23850081945500418]",23.845531170720047,2.2326390035412613
"[0.3152550870433314, 0.9822988005678086, -0.7211945294539998, 0.23845491158895404]",23.84567670247586,2.233267384910116
"[0.3153410155132269, 0.9821820271322355, -0.721184617736038, 0.2384089324684229]",23.845822757408982,2.233895766278971
"[0.31542696115605856, 0.9820651373409114, -0.7211747311501592, 0.23836288259719587]",23.845969328806323,2.2345241476478255
"[0.3155129255422994, 0.9819481288447905, -0.7211648695807916, 0.23831676098367535]",23.846116431869756,2.2351525290166805
"[0.31559890716789235, 0.9818310034771648, -0.7211550332658023, 0.23827056828411228]",23.846264055729158,2.235780910385535
"[0.315684906815612, 0.9817137599582657, -0.721145222180845, 0.2382243039275226]",23.84641220513629,2.23640929175439
"[0.3157709247876906, 0.9815963976601044, -0.7211354363573822, 0.2381779675991725]",23.84656088313285,2.237037673123245
"[0.31585696007542946, 0.9814789177434584, -0.7211256759759845, 0.23813155969054825]",23.846710086153823,2.2376660544921
"[0.315943013705658, 0.9813613185899331, -0.7211159409862202, 0.23808507949532148]",23.846859818100118,2.2382944358609547
"[0.3160290852065716, 0.9812436006263978, -0.7211062315080042, 0.23803852711475895]",23.84701008149002,2.2389228172298097
"[0.31611517468263367, 0.9811257634919661, -0.7210965475961407, 0.23799190233866094]",23.847160873942236,2.2395511985986643
"[0.31620128170033107, 0.9810078075618268, -0.7210868893660477, 0.2379452052479445]",23.847312197534944,2.2401795799675193
"[0.3162874074383779, 0.9808897310011118, -0.7210772567527568, 0.2378984350481468]",23.8474640536112,2.240807961336374
"[0.31637355062234657, 0.9807715353362897, -0.7210676499662259, 0.23785159227568575]",23.847616443247187,2.241436342705229
"[0.3164597120554385, 0.980653219244594, -0.7210580689843017, 0.2378046763381194]",23.847769368284496,2.242064724074084
"[0.31654589162361074, 0.980534782660026, -0.7210485138876523, 0.23775768714056225]",23.847922829473127,2.242693105442939
"[0.31663208872910115, 0.9804162261819288, -0.7210389848104236, 0.2377106248522017]",23.84807682433358,2.2433214868117934
"[0.3167183042394707, 0.98029754839368, -0.7210294817249409, 0.23766348884177194]",23.848231357065682,2.2439498681806485
"[0.3168045377253966, 0.9801787496613938, -0.721020004747207, 0.2376162791853649]",23.848386429160463,2.244578249549503
"[0.31689078921808755, 0.9800598297171341, -0.7210105539425086, 0.2375689957071609]",23.848542042041224,2.245206630918358
"[0.316977058911492, 0.9799407880673928, -0.7210011293586616, 0.23752163814128502]",23.84869819450374,2.2458350122872126
"[0.3170633464384777, 0.9798216249921912, -0.7209917311049914, 0.23747420652935564]",23.84885488870972,2.2464633936560676
"[0.3171496523200836, 0.9797023395443747, -0.7209823591942764, 0.23742670042431344]",23.84901212625095,2.2470917750249226
"[0.31723597646982193, 0.9795829316143624, -0.7209730137058927, 0.23737911971205908]",23.849169908313005,2.2477201563937776
"[0.3173223180836622, 0.9794634020859361, -0.7209636947966696, 0.2373314646744871]",23.849328230062824,2.248348537762632
"[0.3174086782567184, 0.9793437492133755, -0.7209544024185797, 0.23728373454499238]",23.84948710224641,2.2489769191314872
"[0.31749505651158205, 0.9792239734266293, -0.7209451366937103, 0.23723592942398766]",23.849646520598988,2.249605300500342
"[0.31758145326177956, 0.9791040739200995, -0.7209358976486316, 0.23718804891866374]",23.849806486337535,2.250233681869197
"[0.317667867498854, 0.9789840518613101, -0.7209266854620693, 0.23714009342403208]",23.849967000443037,2.2508620632380514
"[0.3177543007885629, 0.9788639048418273, -0.72091750003851, 0.2370920619061005]",23.850128067629758,2.2514904446069064
"[0.3178407513132473, 0.9787436351542037, -0.7209083416426433, 0.2370439552095819]",23.850289682369215,2.2521188259757614
"[0.3179272207689011, 0.9786232402042602, -0.7208992101665159, 0.23699577222487822]",23.850451851474123,2.2527472073446164
"[0.3180137081979496, 0.9785027210884817, -0.7208901057835864, 0.23694751331830935]",23.850614571159603,2.253375588713471
"[0.3181002138733052, 0.9783820771901366, -0.7208810285373688, 0.23689917817051157]",23.850777848047226,2.254003970082326
"[0.31818673792770336, 0.978261308086143, -0.7208719784866391, 0.23685076653916554]",23.850941681596357,2.2546323514511806
"[0.3182732798420954, 0.978140414262901, -0.7208629557584378, 0.23680227854640012]",23.851106068150166,2.2552607328200356
"[0.31835984051401284, 0.9780193942269789, -0.7208539603324067, 0.2367537135199749]",23.851271014679973,2.25588911418889
"[0.3184464191971705, 0.97789824878107, -0.7208449923596366, 0.23670507170847013]",23.851436518382798,2.256517495557745
"[0.3185330162140628, 0.9777769772331166, -0.7208360518803079, 0.2366563527604437]",23.851602583092372,2.2571458769266
"[0.3186196315669459, 0.9776555793377448, -0.7208271389681967, 0.23660755650337645]",23.851769207688747,2.257774258295455
"[0.31870626519143386, 0.9775340549422397, -0.7208182537041675, 0.23655868280174505]",23.851936394961466,2.2584026396643098
"[0.31879291712065777, 0.9774124037563707, -0.7208093961593071, 0.23650973146447482]",23.852104145751998,2.2590310210331648
"[0.3188795875311433, 0.9772906252873336, -0.7208005663904271, 0.23646070221859058]",23.852272460996332,2.2596594024020193
"[0.31896627627177987, 0.9771687195015517, -0.7207917644880594, 0.2364115949756558]",23.852441339089882,2.2602877837708744
"[0.3190529835564903, 0.9770466858513481, -0.720782990505912, 0.2363624094398796]",23.85261078965909,2.260916165139729
"[0.31913970867438, 0.9769245250903622, -0.7207742445913726, 0.23631314583983554]",23.852780801858167,2.261544546508584
"[0.31922645279615847, 0.9768022353209856, -0.7207655267023315, 0.23626380333465863]",23.852951384011277,2.262172927877439
"[0.3193132150073717, 0.9766798175825133, -0.7207568370070462, 0.23621438226772112]",23.853122537200466,2.262801309246294
"[0.3193999957757399, 0.9765572709650148, -0.7207481755350724, 0.2361648821956757]",23.853294261531065,2.2634296906151485
"[0.31948679505179306, 0.976434595286729, -0.7207395423682365, 0.23611530296867528]",23.853466558915542,2.2640580719840036
"[0.31957361256945405, 0.9763117906717563, -0.7207309376100018, 0.23606564456035675]",23.85363942587075,2.264686453352858
"[0.3196604485916717, 0.9761888564952969, -0.720722361311583, 0.23601590664131553]",23.85381287085482,2.265314834721713
"[0.31974730346848956, 0.9760657920069363, -0.7207138135162824, 0.23596608883066061]",23.853986893634332,2.2659432160905677
"[0.3198341766391656, 0.9759425977458082, -0.7207052943573281, 0.23591619126921942]",23.85416149013229,2.2665715974594227
"[0.3199210682434413, 0.9758192732581853, -0.7206968038991232, 0.23586621369575064]",23.854336664035188,2.2671999788282777
"[0.3200079782666522, 0.9756958183081715, -0.720688342221557, 0.2358161559368887]",23.854512416778995,2.2678283601971323
"[0.3200949072503491, 0.9755722318679444, -0.7206799093509142, 0.23576601749762333]",23.854688753030317,2.2684567415659873
"[0.3201818544041792, 0.9754485148021244, -0.7206715054430267, 0.23571579865034933]",23.85486566645528,2.269085122934842
"[0.3202688201834352, 0.9753246662034256, -0.7206631305331854, 0.23566549894829794]",23.855043167310917,2.269713504303697
"[0.3203558046371429, 0.9752006857408141, -0.7206547846964996, 0.2356151181780697]",23.85522124824109,2.2703418856725515
"[0.3204428076176481, 0.9750765733627376, -0.7206464680272109, 0.2355646562395564]",23.85539991626337,2.2709702670414065
"[0.3205298294299558, 0.9749523283708461, -0.720638180576616, 0.23551411276933512]",23.855579170149607,2.2715986484102615
"[0.3206168695574564, 0.9748279512389076, -0.7206299224745463, 0.23546348788050228]",23.855759009927752,2.2722270297791165
"[0.3207039284281877, 0.9747034410906493, -0.720621693761272, 0.23541278113654565]",23.85593944044883,2.272855411147971
"[0.3207910057506685, 0.9745787980771059, -0.7206134945455941, 0.23536199251881107]",23.856120458034983,2.273483792516826
"[0.3208781022720313, 0.9744540208611756, -0.7206053248389586, 0.2353111214018293]",23.85630207260899,2.2741121738856807
"[0.32096521707196957, 0.9743291104930204, -0.7205971848096898, 0.23526016813293965]",23.856484275519684,2.2747405552545357
"[0.32105235064233095, 0.9742040659988813, -0.7205890744939061, 0.23520913223406417]",23.856667071909,2.2753689366233902
"[0.32113950293183174, 0.974078887182055, -0.7205809939789942, 0.23515801354359017]",23.856850464750156,2.2759973179922453
"[0.3212266738938583, 0.9739535738383368, -0.7205729433521529, 0.23510681189657726]",23.857034450637943,2.2766256993611003
"[0.3213138639548421, 0.9738281250819744, -0.720564922657355, 0.23505552684914707]",23.857219037544816,2.2772540807299553
"[0.3214010726126998, 0.9737025413615513, -0.7205569320244689, 0.23500415850244924]",23.857404222521016,2.27788246209881
"[0.32148829958044295, 0.9735768228171996, -0.7205489715632929, 0.23495270683172464]",23.857590004230314,2.278510843467665
"[0.3215755459304065, 0.9734509676275996, -0.7205410412602525, 0.23490117100882466]",23.857776390273173,2.2791392248365194
"[0.3216628108123974, 0.9733249767420392, -0.7205331412773278, 0.23484955133935612]",23.857963374732325,2.2797676062053744
"[0.321750094539869, 0.9731988494307757, -0.7205252716708703, 0.23479784744121313]",23.85815096614712,2.280395987574229
"[0.32183739718169774, 0.9730725853153459, -0.7205174325199264, 0.2347460590756718]",23.858339160511033,2.281024368943084
"[0.321924718872882, 0.9729461839201242, -0.7205096238980663, 0.23469418596369812]",23.85852796389791,2.281652750311939
"[0.32201205879952943, 0.9728196461431592, -0.7205018459636947, 0.23464222838995494]",23.858717371020752,2.282281131680794
"[0.32209941799457703, 0.9726929702063043, -0.720494098710912, 0.23459018554004252]",23.858907389707618,2.2829095130496486
"[0.32218679628180985, 0.9725661560808077, -0.7204863822422237, 0.23453805731718522]",23.859098017003337,2.2835378944185036
"[0.32227419347969216, 0.9724392037454808, -0.7204786966606662, 0.23448584362760982]",23.859289256239606,2.284166275787358
"[0.3223616093380657, 0.9723121132787755, -0.7204710420753352, 0.23443354441844955]",23.859481105931827,2.284794657156213
"[0.3224490440361047, 0.9721848841343396, -0.7204634185579258, 0.23438115937949955]",23.859673572110882,2.285423038525068
"[0.3225364975344791, 0.9720575160821975, -0.7204558261996621, 0.2343286883303465]",23.859866649541335,2.286051419893923
"[0.32262397065528653, 0.9719300076352403, -0.7204482650177437, 0.23427613057196178]",23.860060346055494,2.286679801262778
"[0.32271146249242516, 0.9718023598235628, -0.7204407351793495, 0.23422348644230812]",23.860254662109874,2.287308182631633
"[0.3227989730913235, 0.971674572290686, -0.720433236769286, 0.23417075570787038]",23.860449593271042,2.2879365640004874
"[0.32288650297260235, 0.9715466439840023, -0.7204257698323118, 0.23411793784723742]",23.860645148512354,2.2885649453693424
"[0.3229740517333226, 0.9714185751987029, -0.7204183344925801, 0.23406503289487898]",23.860841323102083,2.289193326738197
"[0.3230616195378661, 0.9712903653999369, -0.72041093082612, 0.23401204054226926]",23.8610381217376,2.289821708107052
"[0.3231492068626464, 0.9711620135933923, -0.7204035588833597, 0.2339589602902402]",23.8612355453714,2.2904500894759066
"[0.32323681269162335, 0.9710335209712518, -0.7203962188405276, 0.23390579254362964]",23.861433592832544,2.2910784708447616
"[0.3233244378688471, 0.9709048859977849, -0.7203889107179235, 0.23385253657854319]",23.861632268787126,2.2917068522136166
"[0.3234120821933026, 0.9707761086680644, -0.7203816346240156, 0.2337991923039095]",23.86183157323801,2.2923352335824716
"[0.32349974586732255, 0.9706471883836056, -0.7203743906340696, 0.23374575938248135]",23.862031511326663,2.292963614951326
"[0.32358742839247295, 0.9705181255756188, -0.7203671788815263, 0.2336922379034931]",23.86223207571794,2.293591996320181
"[0.3236751301152165, 0.9703889194314521, -0.7203599994304185, 0.23363862744023128]",23.862433273321155,2.2942203776890358
"[0.32376285067951166, 0.970259570171851, -0.7203528524027609, 0.23358492799428657]",23.86263510314046,2.2948487590578908
"[0.32385059106925573, 0.970130076039805, -0.7203457378119827, 0.23353113874561587]",23.86283757330858,2.2954771404267453
"[0.3239383503052855, 0.9700004381729308, -0.7203386558314713, 0.2334772600758144]",23.863040676003735,2.2961055217956003
"[0.32402612904140293, 0.9698706552974784, -0.7203316065026042, 0.23342329136443066]",23.863244418888478,2.2967339031644554
"[0.32411392656533067, 0.969740728157487, -0.7203245899770656, 0.23336923282950892]",23.86344880002181,2.2973622845333104
"[0.3242017434195982, 0.9696106556401531, -0.7203176063062494, 0.2333150839164709]",23.863653819882394,2.297990665902165
"[0.32428958024258303, 0.9694804364864033, -0.7203106555352079, 0.2332608440086743]",23.86385948919143,2.29861904727102
"[0.3243774356612073, 0.969350072418551, -0.7203037378683629, 0.2332065137310782]",23.86406579755921,2.2992474286398745
"[0.3244653109235345, 0.9692195612704336, -0.7202968533034998, 0.23315209208824164]",23.864272752559256,2.2998758100087295
"[0.3245532050418173, 0.9690889041930055, -0.720290002014606, 0.23309757946696563]",23.864480352482477,2.300504191377584
"[0.32464111883987185, 0.968958099644689, -0.7202831840343542, 0.23304297513070674]",23.864688601485195,2.301132572746439
"[0.32472905193340423, 0.9688271478781829, -0.7202763994900773, 0.2329882790910414]",23.864897501274157,2.301760954115294
"[0.3248170042676591, 0.9686960486555888, -0.720269648483651, 0.23293349115459944]",23.865107048172337,2.302389335484149
"[0.3249049759754363, 0.9685648014580712, -0.7202629311029733, 0.2328786110101812]",23.86531725111589,2.3030177168530037
"[0.3249929671377831, 0.9684334058421462, -0.7202562474404574, 0.23282363837754416]",23.865528105963808,2.3036460982218587
"[0.32508097784347645, 0.968301861350985, -0.7202495975884738, 0.23276857297033401]",23.8657396170946,2.3042744795907133
"[0.3251690079881425, 0.9681701678151204, -0.7202429816543954, 0.23271341462207032]",23.865951783965524,2.3049028609595683
"[0.3252570575816787, 0.9680383248931518, -0.7202363997373099, 0.2326581630939363]",23.86616461230353,2.305531242328423
"[0.3253451264956662, 0.9679063324497088, -0.720229851946979, 0.23260281823310652]",23.866378096936135,2.306159623697278
"[0.3254332149542988, 0.9677741898196279, -0.7202233383673511, 0.23254737966419886]",23.86659224207616,2.306788005066133
"[0.3255213232110363, 0.9676418962911925, -0.7202168590810072, 0.2324918469915534]",23.86680705262501,2.307416386434988
"[0.32560945064581115, 0.9675094524633912, -0.720210414235042, 0.23243622036939876]",23.86702252647512,2.3080447678038425
"[0.3256975979526058, 0.9673768569597001, -0.7202040038806645, 0.2323804991220007]",23.867238666898594,2.3086731491726975
"[0.3257857645620608, 0.9672441103014248, -0.7201976281617256, 0.23232468337043227]",23.86745547207568,2.309301530541552
"[0.32587395107424105, 0.9671112112485117, -0.7201912871377121, 0.2322687724949341]",23.867672948712553,2.309929911910407
"[0.32596215704377635, 0.9669781601338769, -0.720184980944042, 0.23221276653677905]",23.867891094455246,2.3105582932792617
"[0.3260503827224946, 0.9668449562384254, -0.720178709666406, 0.2321566650942447]",23.868109913846844,2.3111866746481167
"[0.32613862761733264, 0.9667115999664765, -0.7201724734438198, 0.23210046823836777]",23.86832940174285,2.3118150560169717
"[0.32622689257288673, 0.9665780896994305, -0.7201662723212083, 0.23204417518727452]",23.868549569548982,2.3124434373858267
"[0.3263151774439755, 0.9664444253117861, -0.7201601064142436, 0.23198778578753604]",23.86877041462735,2.3130718187546813
"[0.32640348151660664, 0.9663106075398206, -0.7201539758781634, 0.2319313002493546]",23.868991933145168,2.3137002001235363
"[0.32649180556509977, 0.966176634863864, -0.7201478807650513, 0.23187471783046448]",23.86921413213892,2.314328581492391
"[0.3265801494621352, 0.9660425071279908, -0.7201418211903753, 0.2318180383635056]",23.869437013651567,2.3149569628612454
"[0.32666851254664264, 0.9659082249870594, -0.7201357973061053, 0.2317612620237621]",23.86966057713986,2.3155853442301004
"[0.32675689577006095, 0.965773786644336, -0.7201298091546287, 0.23170438794958645]",23.86988482348057,2.316213725598955
"[0.32684529880602464, 0.9656391922425955, -0.7201238568661457, 0.23164741609871453]",23.870109756409388,2.31684210696781
"[0.3269337218570298, 0.9655044411186818, -0.7201179405354795, 0.2315903460874756]",23.870335379904965,2.317470488336665
"[0.32702216442229953, 0.9653695336800644, -0.7201120603048542, 0.2315331779852674]",23.870561689069575,2.31809886970552
"[0.3271106268671548, 0.9652344690126183, -0.7201062162590663, 0.2314759113012493]",23.870788688781808,2.3187272510743746
"[0.3271991092079469, 0.9650992467321863, -0.7201004085068208, 0.23141854576848578]",23.87101638180317,2.3193556324432296
"[0.32728761143643154, 0.9649638664906944, -0.720094637158897, 0.23136108113488527]",23.871244769548866,2.319984013812084
"[0.3273761335958999, 0.9648283278596104, -0.7200889023232088, 0.23130351711371425]",23.871473851380294,2.320612395180939
"[0.32746467543175084, 0.9646926308654259, -0.7200832041273062, 0.2312458536111312]",23.87170363207047,2.3212407765497938
"[0.3275532373991912, 0.9645567744451965, -0.7200775426535476, 0.23118809006985883]",23.87193411026704,2.321869157918649
"[0.3276418195450053, 0.9644207581592154, -0.720071918011389, 0.2311302261966965]",23.872165289618597,2.322497539287504
"[0.3277304213232392, 0.9642845824773916, -0.7200663303480942, 0.23107226208519452]",23.872397168594585,2.323125920656359
"[0.3278190431406996, 0.9641482464048367, -0.7200607797509924, 0.2310141972052004]",23.87262975335887,2.3237543020252134
"[0.3279076849929625, 0.9640117495762625, -0.7200552663340832, 0.23095603129385714]",23.8728630428717,2.3243826833940684
"[0.32799634691847895, 0.9638750915587138, -0.7200497902092019, 0.23089776405897317]",23.873097040030707,2.325011064762923
"[0.32808502898359393, 0.9637382718743415, -0.7200443514870373, 0.23083939518865426]",23.873331745944082,2.325639446131778
"[0.32817373118932963, 0.9636012901443166, -0.7200389502828234, 0.23078092441271522]",23.87356716277112,2.3262678275006325
"[0.32826245318621006, 0.9634641465301207, -0.7200335867334325, 0.23072235169128244]",23.873803289211168,2.3268962088694876
"[0.3283511955107553, 0.9633268398222584, -0.720028260922618, 0.23066367639849938]",23.874040131650432,2.3275245902383426
"[0.32843995774112117, 0.96318937029132, -0.7200229729924739, 0.23060489854022398]",23.87427768766021,2.3281529716071976
"[0.32852874036261953, 0.9630517368019749, -0.7200177230313592, 0.2305460175208397]",23.874515964522686,2.328781352976052
"[0.3286175425482675, 0.9629139402513742, -0.7200125112057981, 0.23048703361370682]",23.874754953465562,2.329409734344907
"[0.3287063655821347, 0.9627759782596295, -0.7200073375588117, 0.23042794568902744]",23.874994669248203,2.3300381157137617
"[0.3287952085181759, 0.9626378519063105, -0.7200022022646361, 0.23036875409747376]",23.875235105800225,2.3306664970826168
"[0.32888407174838763, 0.9624995601917099, -0.7199971054198845, 0.23030945829883867]",23.875476263999452,2.3312948784514713
"[0.328972955314956, 0.9623611026572091, -0.7199920471422245, 0.2302500579840098]",23.875718152996612,2.3319232598203263
"[0.3290618586985083, 0.9622224797182872, -0.7199870275814945, 0.23019055321861587]",23.875960765864228,2.3325516411891813
"[0.32915078262077035, 0.9620836898538462, -0.7199820468178874, 0.2301309432365594]",23.87620410620109,2.3331800225580364
"[0.32923972713838323, 0.9619447325762321, -0.7199771049702257, 0.23007122771436914]",23.876448182126396,2.333808403926891
"[0.32932869165970585, 0.9618056084100021, -0.7199722021935452, 0.23001140676331858]",23.876692991711867,2.334436785295746
"[0.3294176767356107, 0.9616663160922931, -0.7199673385801523, 0.22995147972584395]",23.87693853410758,2.3350651666646005
"[0.3295066817838788, 0.9615268561313278, -0.719962514285067, 0.2298914467056127]",23.877184810806238,2.3356935480334555
"[0.32959570761168344, 0.9613872268570144, -0.7199577293884069, 0.2298313068681723]",23.877431830279434,2.33632192940231
"[0.3296847534728212, 0.9612474290323673, -0.7199529840547505, 0.22977106042614368]",23.877679586989363,2.336950310771165
"[0.32977381995564076, 0.9611074613249507, -0.7199482783776521, 0.22971070668894197]",23.87792808746522,2.33757869214002
"[0.3298629067101177, 0.9609673238737281, -0.7199436125012237, 0.2296502455995434]",23.878177327528142,2.338207073508875
"[0.32995201395918633, 0.9608270159153743, -0.7199389865398799, 0.22958967671129615]",23.878427315553214,2.3388354548777297
"[0.33004114168915144, 0.9606865370565054, -0.7199344006211239, 0.22952899973649185]",23.87867805212544,2.3394638362465847
"[0.33013029015604395, 0.9605458864762115, -0.7199298548593065, 0.22946821420207061]",23.87892953899651,2.3400922176154393
"[0.33021945868259917, 0.9604050648247892, -0.7199253494167599, 0.22940732027037905]",23.879181773406827,2.3407205989842943
"[0.33030864821012357, 0.9602640701949334, -0.7199208843744743, 0.22934631699735547]",23.879434762851066,2.341348980353149
"[0.3303978578285242, 0.9601229036026785, -0.71991645990716, 0.22928520470281494]",23.879688508074956,2.341977361722004
"[0.3304870883038568, 0.9599815634115823, -0.7199120761064468, 0.22922398255816323]",23.879943009553642,2.342605743090859
"[0.3305763391023704, 0.9598400500404046, -0.7199077331289292, 0.22916265062401892]",23.88019826694766,2.343234124459714
"[0.33066561063030087, 0.9596983624167245, -0.7199034310857058, 0.22910120831443248]",23.8804542876594,2.3438625058285685
"[0.33075490293686877, 0.9595565000311429, -0.7198991701061698, 0.22903965528661144]",23.880711070125514,2.3444908871974235
"[0.3308442155187088, 0.9594144632511464, -0.7198949503464035, 0.22897799157788834]",23.880968618043845,2.345119268566278
"[0.3309335494078887, 0.9592722500000286, -0.7198907718906576, 0.2289162161637908]",23.88122693393078,2.345747649935133
"[0.3310229033397992, 0.9591298618540904, -0.7198866349315524, 0.22885432960579194]",23.881486013781526,2.3463760313039876
"[0.3311122780856687, 0.958987297146811, -0.7198825395670727, 0.22879233105614635]",23.881745862773585,2.3470044126728427
"[0.3312016736070736, 0.958844555498051, -0.7198784859338357, 0.2287302202251768]",23.88200648738705,2.3476327940416977
"[0.33129109003498824, 0.9587016362550561, -0.7198744741614282, 0.22866799670395374]",23.88226788348629,2.3482611754105527
"[0.3313805272901738, 0.9585585390987129, -0.7198705043895834, 0.22860566022812148]",23.882530057509936,2.3488895567794073
"[0.3314699851583549, 0.95841526392475, -0.7198665767644049, 0.2285432106265135]",23.882793012085514,2.3495179381482623
"[0.331559463678879, 0.9582718102214168, -0.7198626914212568, 0.22848064754993447]",23.883056741661438,2.350146319517117
"[0.33164896305562386, 0.9581281772104665, -0.7198588484891826, 0.2284179705321916]",23.883321254777254,2.350774700885972
"[0.33173848370303066, 0.9579843637717863, -0.719855048089372, 0.2283551789568407]",23.88358655305008,2.3514030822548264
"[0.3318280250443474, 0.95784037037523, -0.7198512903858141, 0.22829227290095783]",23.883852640045504,2.3520314636236814
"[0.3319175867930606, 0.9576961970248665, -0.7198475755300506, 0.2282292522382573]",23.884119507362808,2.3526598449925364
"[0.3320071695212317, 0.9575518423403088, -0.7198439036387262, 0.22816611623660005]",23.884387166503902,2.3532882263613915
"[0.33209677379004054, 0.9574073049528069, -0.7198402748307009, 0.22810286416738795]",23.88465562190764,2.353916607730246
"[0.3321863984934896, 0.9572625861811386, -0.7198366892928836, 0.22803949647759678]",23.88492486793815,2.354544989099101
"[0.33227604436172814, 0.957117684379844, -0.7198331471385581, 0.22797601231629805]",23.885194910871228,2.3551733704679556
"[0.3323657112090274, 0.9569725993790571, -0.719829648518643, 0.2279124114777671]",23.885465754226793,2.3558017518368106
"[0.33245539881316455, 0.9568273310671487, -0.7198261935857394, 0.2278486937814949]",23.885737395931052,2.356430133205665
"[0.3325451074250031, 0.9566818785642494, -0.7198227824748276, 0.2277848587094162]",23.886009837923453,2.35705851457452
"[0.33263483716253217, 0.956536241202419, -0.7198194153270014, 0.22772090583550403]",23.886283085448383,2.357686895943375
"[0.3327245883912654, 0.9563904179082315, -0.719816092275193, 0.2276568345546541]",23.886557144891974,2.3583152773122302
"[0.33281436058509684, 0.9562444090544867, -0.7198128134860875, 0.22759264489649045]",23.88683200966975,2.358943658681085
"[0.3329041532753802, 0.9560982149216374, -0.7198095791239588, 0.22752833685019372]",23.887107678950738,2.35957204004994
"[0.33299396751127586, 0.955951833315981, -0.7198063892993082, 0.2274639093157744]",23.887384166407152,2.3602004214187944
"[0.3330838031189425, 0.9558052640307714, -0.7198032441679705, 0.2273993620661185]",23.88766147060632,2.3608288027876494
"[0.33317365933241, 0.9556585078257049, -0.7198001439064181, 0.22733469529969397]",23.887939587664057,2.361457184156504
"[0.33326353704809886, 0.9555115627440212, -0.7197970886341957, 0.2272699080175344]",23.88821852585578,2.362085565525359
"[0.3333534359466401, 0.955364428811319, -0.7197940785137952, 0.227205000093262]",23.888498285079105,2.362713946894214
"[0.3334433561211356, 0.9552171053769404, -0.7197911136942691, 0.22713997110175957]",23.888778866507202,2.3633423282630686
"[0.3335332972724691, 0.9550695924307103, -0.7197881943382469, 0.2270748208999961]",23.88906027634405,2.3639707096319236
"[0.3336232598919203, 0.9549218886637688, -0.7197853205834202, 0.22700954877067367]",23.88934251355541,2.364599091000778
"[0.33371324374529954, 0.9547739939544113, -0.7197824925918465, 0.22694415452003955]",23.889625579958455,2.365227472369633
"[0.33380324899045444, 0.95462590753474, -0.7197797105138302, 0.22687863766804664]",23.889909479873147,2.3658558537384877
"[0.3338932752156642, 0.9544776295718929, -0.719776974517917, 0.22681299814770547]",23.89019421138798,2.3664842351073427
"[0.333983322949984, 0.9543291586814227, -0.7197742847446968, 0.22674723520454973]",23.890479780857646,2.3671126164761978
"[0.3340733921125608, 0.9541804944799197, -0.7197716413543582, 0.22668134852627786]",23.89076619016269,2.3677409978450528
"[0.3341634831372226, 0.9540316357311097, -0.7197690444929996, 0.22661533742167655]",23.89105344261939,2.3683693792139073
"[0.3342535947424615, 0.9538825840319589, -0.7197664943564894, 0.22654920245555157]",23.89134153423013,2.3689977605827623
"[0.33434372805497836, 0.9537333369961625, -0.7197639910725324, 0.22648294242521125]",23.89163047477905,2.369626141951617
"[0.3344338829446346, 0.9535838943113462, -0.7197615348059014, 0.22641655704685087]",23.891920261897702,2.370254523320472
"[0.3345240592135468, 0.9534342557759328, -0.7197591257236791, 0.2263500460853984]",23.892210901602237,2.3708829046893265
"[0.3346142570572125, 0.9532844205333072, -0.7197567639831275, 0.2262834090139602]",23.89250239258454,2.3715112860581815
"[0.3347044765085847, 0.9531343879932677, -0.7197544497468567, 0.22621664542313488]",23.89279474018598,2.3721396674270365
"[0.3347947170547819, 0.9529841584719265, -0.7197521831919096, 0.2261497553063601]",23.893087941162694,2.3727680487958915
"[0.33488497945091555, 0.9528337301720372, -0.7197499644642263, 0.2260827377153813]",23.893382005682533,2.373396430164746
"[0.3349752631715005, 0.9526831034258965, -0.7197477937426298, 0.22601559264943438]",23.89367692708649,2.374024811533601
"[0.3350655686190031, 0.9525322770162232, -0.719745671184069, 0.22594831941652743]",23.893972716868145,2.3746531929024557
"[0.3351558956243892, 0.9523812506761169, -0.7197435969601723, 0.2258809177474501]",23.894269373909168,2.3752815742713107
"[0.3352462443058487, 0.9522300236561391, -0.7197415712366758, 0.2258133871569573]",23.894566896963415,2.3759099556401653
"[0.3353366147770512, 0.9520785952107969, -0.7197395941805124, 0.22574572716056637]",23.894865295308385,2.3765383370090203
"[0.3354270066697222, 0.9519269653998486, -0.7197376659698651, 0.22567793763290467]",23.895164563136138,2.3771667183778753
"[0.3355174202468159, 0.9517751332223521, -0.719735786770016, 0.22561001797381577]",23.89546470862394,2.3777950997467303
"[0.3356078558157086, 0.9516230975978429, -0.7197339567468077, 0.22554196754626282]",23.895765735791482,2.378423481115585
"[0.33569831282654355, 0.9514708588842514, -0.7197321760842637, 0.225473786356237]",23.8960676415198,2.37905186248444
"[0.3357887916509805, 0.9513184158872215, -0.7197304449486961, 0.22540547371406194]",23.89637043310923,2.3796802438532945
"[0.3358792920126711, 0.9511657685003758, -0.7197287635199703, 0.2253370294165566]",23.896674107724426,2.3803086252221495
"[0.33596981431979606, 0.9510129154598925, -0.7197271319660977, 0.2252684527407529]",23.896978669580815,2.380937006591004
"[0.336060358629411, 0.9508598560898829, -0.7197255504629184, 0.22519974322613245]",23.897284124241406,2.381565387959859
"[0.3361509243557856, 0.950706590799451, -0.7197240191979912, 0.22513090089871832]",23.897590473203344,2.382193769328714
"[0.3362415120074008, 0.9505531181442319, -0.7197225383409054, 0.2250619249514635]",23.897897716961754,2.382822150697569
"[0.3363321217239488, 0.9503994372989929, -0.7197211080689885, 0.22499281485408412]",23.898205859927284,2.3834505320664237
"[0.33642275318516074, 0.9502455482156543, -0.7197197285677295, 0.22492357042494643]",23.898514902178473,2.3840789134352787
"[0.3365134067005381, 0.950091449774494, -0.7197184000137412, 0.22485419099951687]",23.898824851574254,2.3847072948041332
"[0.3366040819768987, 0.9499371418765336, -0.719717122593601, 0.2247846763718015]",23.899135704913167,2.3853356761729883
"[0.3366947790458522, 0.9497826238682495, -0.719715896489871, 0.22471502608541324]",23.89944746597015,2.385964057541843
"[0.33678549816503, 0.9496278947070684, -0.7197147218832645, 0.22464523950750603]",23.899760137992136,2.386592438910698
"[0.3368762396399244, 0.9494729532634696, -0.719713598955478, 0.22457531596461908]",23.900073726252035,2.387220820279553
"[0.33696700243667754, 0.9493178006932463, -0.7197125279052874, 0.22450525581409495]",23.90038822747696,2.387849201648408
"[0.3370577876992778, 0.9491624344277565, -0.7197115089062515, 0.2244350577309693]",23.900703649353606,2.3884775830172624
"[0.3371485948240312, 0.9490068548822898, -0.7197105421536467, 0.22436472173668878]",23.901019993774394,2.3891059643861174
"[0.33723942415035135, 0.9488510608549738, -0.7197096278331261, 0.22429424712113225]",23.901337260898067,2.389734345754972
"[0.33733027526113607, 0.9486950524378311, -0.7197087661390816, 0.22422363375845705]",23.90165545506366,2.390362727123827
"[0.337421148585013, 0.9485388282680779, -0.7197079572586579, 0.22415288086359134]",23.901974578090275,2.3909911084926816
"[0.33751204402107077, 0.9483823878881688, -0.719707201385256, 0.2240819880600821]",23.902294635085052,2.3916194898615366
"[0.3376029615292476, 0.9482257307330525, -0.7197064987126176, 0.22401095492195433]",23.90261562629294,2.3922478712303916
"[0.3376939014544438, 0.9480688555701695, -0.7197058494327778, 0.22393978071942347]",23.902937554734894,2.3928762525992466
"[0.33778486318580037, 0.9479117628123721, -0.7197052537456027, 0.2238684654682957]",23.90326042213275,2.393504633968101
"[0.3378758471996716, 0.9477544509930457, -0.7197047118444004, 0.22379700833057117]",23.903584236005766,2.394133015336956
"[0.337966853314662, 0.9475969197775359, -0.719704223927995, 0.2237254089810336]",23.903908992287622,2.394761396705811
"[0.33805788185591873, 0.9474391679507754, -0.7197037901935834, 0.22365366669331269]",23.90423469716798,2.395389778074666
"[0.3381489325857084, 0.947281195268821, -0.7197034108423614, 0.2235817811815025]",23.90456135553015,2.3960181594435204
"[0.3382400054013689, 0.947123001251193, -0.7197030860756296, 0.22350975205139922]",23.904888966365146,2.3966465408123754
"[0.3383311006860108, 0.9469645845694928, -0.7197028160942092, 0.22343757852159057]",23.905217534343244,2.3972749221812304
"[0.33842221815029955, 0.9468059450600294, -0.7197026011023313, 0.22336526034004095]",23.905547063034756,2.3979033035500854
"[0.3385133580098524, 0.9466470816771427, -0.7197024413038984, 0.22329279685183256]",23.905877552593463,2.39853168491894
"[0.3386045198960735, 0.9464879943898554, -0.7197023369049412, 0.22322018786386935]",23.906209007192,2.399160066287795
"[0.33869570433168167, 0.9463286816083383, -0.7197022881115075, 0.22314743247061947]",23.90654142851628,2.3997884476566496
"[0.33878691096802305, 0.9461691432598538, -0.7197022951317197, 0.22307453045797318]",23.90687482244742,2.4004168290255046
"[0.3388781401385711, 0.9460093780754864, -0.7197023581746673, 0.22300148106435444]",23.90720919089066,2.401045210394359
"[0.3389693914542983, 0.9458493860473223, -0.7197024774502373, 0.2229282841035902]",23.907544534122536,2.401673591763214
"[0.3390606655489939, 0.9456891653703225, -0.7197026531708071, 0.22285493856626315]",23.907880860095112,2.402301973132069
"[0.3391519619998801, 0.9455287160883155, -0.7197028855484752, 0.22278144428780697]",23.908218166052972,2.402930354500924
"[0.3392432803512085, 0.9453680383028628, -0.719703174795337, 0.22270780112987695]",23.90855645495618,2.4035587358697788
"[0.33933462203233616, 0.945207128792518, -0.7197035211312965, 0.2226340074295197]",23.9088957383179,2.4041871172386338
"[0.33942598557813464, 0.9450459894280716, -0.7197039247673215, 0.22256006385735616]",23.909236009103974,2.4048154986074883
"[0.339517371559816, 0.9448846184906703, -0.719704385922829, 0.22248596943705842]",23.909577273751825,2.4054438799763433
"[0.3396087802570267, 0.9447230147684236, -0.7197049048181405, 0.22241172342307078]",23.909919536276455,2.406072261345198
"[0.3397002114531246, 0.9445611779220132, -0.7197054816722216, 0.22233732546943194]",23.910262799564237,2.406700642714053
"[0.33979166524171256, 0.9443991070597365, -0.7197061167069804, 0.2222627749753186]",23.910607066642026,2.407329024082908
"[0.3398831414410484, 0.9442368017738292, -0.7197068101436321, 0.22218807156140635]",23.910952338865126,2.407957405451763
"[0.3399746402878645, 0.9440742609100815, -0.7197075622077617, 0.22211321450371774]",23.911298619645027,2.4085857868206175
"[0.3400661619885768, 0.9439114833620623, -0.7197083731265406, 0.2220382030986939]",23.91164591729999,2.4092141681894725
"[0.3401577055347165, 0.9437484701819813, -0.7197092431170234, 0.22196303763685957]",23.911994223409096,2.409842549558327
"[0.34024927234047, 0.9435852181045854, -0.719710172420323, 0.221887716416991]",23.912343552721644,2.4104709309271817
"[0.3403408616551939, 0.9434217277149033, -0.7197111612583943, 0.22181223951196]",23.9126939051574,2.4110993122960367
"[0.3404324736181824, 0.9432579980084401, -0.7197122098630967, 0.22173660626043504]",23.91304527821331,2.4117276936648917
"[0.34052410839195363, 0.9430940279337069, -0.7197133184682178, 0.22166081597791618]",23.913397683384247,2.4123560750337467
"[0.34061576561798823, 0.942929817367412, -0.7197144873024972, 0.2215848684077997]",23.91375111648272,2.4129844564026013
"[0.34070744562163596, 0.9427653649575157, -0.7197157166044721, 0.22150876272418263]",23.914105584604606,2.4136128377714563
"[0.3407991480356552, 0.9426006705892884, -0.7197170066049179, 0.22143249867242273]",23.91446108823373,2.414241219140311
"[0.3408908735273045, 0.9424357322853831, -0.7197183575505827, 0.2213560751341005]",23.914817633501936,2.414869600509166
"[0.3409826217502085, 0.9422705498840643, -0.719719769675421, 0.22127949183023862]",23.915175226003743,2.4154979818780205
"[0.3410743924268954, 0.942105123097786, -0.7197212432149893, 0.221202748422937]",23.915533862265438,2.4161263632468755
"[0.3411661859394478, 0.9419394504457441, -0.7197227784167515, 0.22112584401954302]",23.915893548949402,2.4167547446157305
"[0.3412580024554512, 0.9417735308269042, -0.7197243755268034, 0.22104877790181154]",23.916254290313947,2.4173831259845855
"[0.3413498417521197, 0.941607363840768, -0.719726034785933, 0.22097154967556684]",23.916616089231674,2.41801150735344
"[0.3414417035961799, 0.9414409491031098, -0.7197277564355649, 0.220894158953382]",23.916978946410172,2.418639888722295
"[0.34153358866181804, 0.9412742845800153, -0.71972954073587, 0.22081660457913507]",23.917342870898352,2.4192682700911496
"[0.3416254958931965, 0.9411073713704995, -0.7197313879149543, 0.22073888685320625]",23.917707856081243,2.4198966514600047
"[0.3417174265044352, 0.9409402064480858, -0.7197332982474621, 0.22066100415418763]",23.918073914129284,2.4205250328288592
"[0.34180937978666154, 0.9407727902736409, -0.719735271970908, 0.22058295648309384]",23.91844104432661,2.4211534141977142
"[0.3419013560383801, 0.940605121471986, -0.719737309345028, 0.22050474298435088]",23.918809255516255,2.4217817955665693
"[0.34199335534341324, 0.9404371990523084, -0.7197394106269122, 0.22042636297988566]",23.919178545422806,2.4224101769354243
"[0.3420853772417505, 0.9402690230125106, -0.7197415760624211, 0.2203478162520252]",23.919548919555805,2.423038558304279
"[0.34217742189105166, 0.9401005922186624, -0.7197438059128628, 0.22026910205358716]",23.919920378441365,2.423666939673134
"[0.34226948955219716, 0.9399319053410288, -0.7197461004441371, 0.22019021954410223]",23.92029292839001,2.4242953210419884
"[0.34236158021478785, 0.9397629615402547, -0.7197484599173934, 0.2201111681106958]",23.92066657316953,2.4249237024108434
"[0.34245369401652526, 0.9395937596996178, -0.7197508845992909, 0.2200319470092144]",23.921041317856474,2.425552083779698
"[0.3425458305541412, 0.939424299691533, -0.719753374743632, 0.21995255595737329]",23.921417158862468,2.426180465148553
"[0.3426379901999898, 0.9392545799574598, -0.7197559306265158, 0.2198729940012926]",23.921794110046566,2.426808846517408
"[0.3427301724259839, 0.9390846005915164, -0.7197585525007586, 0.21979326096034973]",23.922172165264662,2.427437227886263
"[0.34282237787080494, 0.9389143595317836, -0.7197612406537486, 0.2197133556413325]",23.922551332442815,2.4280656092551176
"[0.34291460636222265, 0.9387438562049145, -0.7197639953518354, 0.21963327754754589]",23.922931615996564,2.4286939906239726
"[0.34300685799544106, 0.9385730895383262, -0.7197668168708192, 0.21955302594651802]",23.923313019038524,2.429322371992827
"[0.3430991323287539, 0.9384020594487775, -0.7197697054714527, 0.21947260056947485]",23.923695545624085,2.429950753361682
"[0.3431914301544888, 0.9382307635599281, -0.719772661454879, 0.21939200006780152]",23.924079197995905,2.4305791347305368
"[0.34328375021930374, 0.9380592032861198, -0.7197756850585045, 0.2193112248749794]",23.924463975636275,2.431207516099392
"[0.3433760936770136, 0.9378873755660676, -0.7197787765992945, 0.21923027331649425]",23.924849890923785,2.431835897468247
"[0.3434684602754564, 0.9377152799429984, -0.7197819363506571, 0.2191491449420111]",23.925236943631887,2.432464278837102
"[0.3435608498014635, 0.9375429158837157, -0.7197851645884736, 0.21906783926411566]",23.925625134212343,2.4330926602059564
"[0.34365326231944127, 0.9373702823325387, -0.7197884615997323, 0.21898635554765156]",23.926014470958094,2.4337210415748114
"[0.3437456983726134, 0.9371973773310185, -0.719791827691009, 0.2189046926292608]",23.926404958662378,2.434349422943666
"[0.34383815679309604, 0.937024202116315, -0.7197952631081045, 0.21882285085350503]",23.926796596093347,2.434977804312521
"[0.3439306389116443, 0.9368507532419226, -0.7197987681907847, 0.21874082835040554]",23.9271893912048,2.4356061856813755
"[0.3440231437960403, 0.9366770314946593, -0.7198023431963181, 0.21865862524922253]",23.9275833445415,2.4362345670502306
"[0.3441156717525398, 0.9365030353339998, -0.719805988430305, 0.21857624057737277]",23.927978462759505,2.4368629484190856
"[0.344208222888026, 0.9363287635858568, -0.719809704193049, 0.2184936735336433]",23.9283747473061,2.4374913297879406
"[0.3443007968673577, 0.9361542159028424, -0.7198134907688087, 0.21841092370700138]",23.92877220163214,2.438119711156795
"[0.34439339451922124, 0.9359793897357547, -0.7198173484916867, 0.21832798964068603]",23.929170838281735,2.43874809252565
"[0.34448601481879737, 0.9358042860272047, -0.7198212776208737, 0.21824487153243186]",23.929570647510847,2.4393764738945047
"[0.3445786582284058, 0.9356289029065691, -0.7198252784791763, 0.21816156824396707]",23.929971640305883,2.4400048552633598
"[0.34467132488686303, 0.9354532391057033, -0.7198293513784284, 0.2180780789207261]",23.930373821972534,2.4406332366322143
"[0.34476401482407537, 0.9352772935553297, -0.7198334966279666, 0.2179944028007295]",23.93077719520445,2.4412616180010693
"[0.3448567274385755, 0.9351010663803024, -0.7198377145102138, 0.2179105396886779]",23.931181761285345,2.4418899993699243
"[0.3449494639696371, 0.9349245541988211, -0.7198420053936836, 0.21782648771855845]",23.93158753064555,2.4425183807387794
"[0.3450422228825444, 0.934747758900365, -0.7198463695211516, 0.2177422475322668]",23.93199450072966,2.443146762107634
"[0.3451350051352665, 0.9345706776228652, -0.7198508072528554, 0.217657817507281]",23.932402677655727,2.443775143476489
"[0.3452278105058813, 0.934393309743872, -0.7198553188962976, 0.21757319708593006]",23.93281206458209,2.4444035248453435
"[0.34532063903409616, 0.9342156541353277, -0.7198599047733905, 0.21748838546782598]",23.93322267118351,2.4450319062141985
"[0.34541349045331343, 0.93403771024917, -0.719864565192791, 0.21740338212783727]",23.933634492313132,2.445660287583053
"[0.34550636553918024, 0.933859475531546, -0.7198693005180006, 0.21731818558055888]",23.934047542784793,2.446288668951908
"[0.34559926322550644, 0.9336809509552859, -0.7198741110210143, 0.2172327960243256]",23.934461817072606,2.446917050320763
"[0.34569218445120414, 0.9335021336359794, -0.7198789970788577, 0.21714721181139748]",23.93487732671798,2.447545431689618
"[0.3457851286055603, 0.9333230236603048, -0.7198839589903905, 0.2170614327133392]",23.93529406912696,2.4481738130584727
"[0.345878095722669, 0.9331436198689449, -0.71988899708993, 0.2169754579039709]",23.935712053686075,2.4488021944273277
"[0.34597108623459555, 0.9329639203252343, -0.7198941117361837, 0.2168892861822595]",23.936131285261776,2.4494305757961823
"[0.34606409993632525, 0.9327839243140559, -0.7198993032557057, 0.2168029169305691]",23.936551765313975,2.4500589571650373
"[0.34615713651533114, 0.9326036313234524, -0.7199045719705303, 0.21671634962740172]",23.93697349731402,2.450687338533892
"[0.3462501964167056, 0.932423039366, -0.7199099182477986, 0.21662958304094185]",23.937396489397397,2.451315719902747
"[0.3463432796154787, 0.9322421473558189, -0.7199153424308591, 0.21654261636991481]",23.937820743419458,2.451944101271602
"[0.34643638521696646, 0.9320609558932721, -0.7199208448135637, 0.21645544962260135]",23.93824625874258,2.452572482640457
"[0.3465295147449325, 0.9318794608642271, -0.7199264258350995, 0.21636808053722625]",23.93867305406376,2.4532008640093115
"[0.34662266690459775, 0.9316976636343777, -0.7199320857696866, 0.2162805094867832]",23.939101119515193,2.4538292453781665
"[0.34671584221217167, 0.9315155620338815, -0.7199378250019438, 0.21619273514066975]",23.939530465215103,2.454457626747021
"[0.3468090407222611, 0.9313331547831525, -0.7199436438916429, 0.21610475659451167]",23.939961096203803,2.455086008115876
"[0.3469022623413821, 0.931150440884287, -0.7199495427917705, 0.216016573077729]",23.940393018675536,2.4557143894847306
"[0.3469955069442786, 0.9309674193945633, -0.7199555220554421, 0.21592818384454276]",23.94082623261167,2.4563427708535857
"[0.3470887743927077, 0.9307840893900534, -0.7199615820369658, 0.21583958815648954]",23.941260741750106,2.4569711522224407
"[0.34718206521756567, 0.9306004486216073, -0.7199677231371153, 0.2157507846322473]",23.941696559066198,2.4575995335912952
"[0.34727537913042467, 0.9304164964420377, -0.719973945706007, 0.215661772662489]",23.942133684028665,2.4582279149601503
"[0.3473687156465969, 0.9302322325865501, -0.7199802500820285, 0.21557255182165333]",23.942572114047493,2.458856296329005
"[0.34746207578525223, 0.9300476538118828, -0.7199866367080295, 0.21548312023962474]",23.943011869289975,2.45948467769786
"[0.3475554586616268, 0.9298627606267026, -0.7199931059003097, 0.2153934778612024]",23.943452942161912,2.4601130590667144
"[0.34764886471552997, 0.9296775509127405, -0.7199996580682458, 0.2153036233563124]",23.943895343150825,2.4607414404355694
"[0.3477422935717151, 0.9294920241573593, -0.7200062935672029, 0.21521355617127855]",23.944339072838822,2.4613698218044244
"[0.3478357454188221, 0.9293061787210687, -0.7200130127947405, 0.21512327520352925]",23.944784139591995,2.4619982031732794
"[0.34792922011176697, 0.929120013618197, -0.7200198161273906, 0.21503277966567244]",23.94523054423251,2.462626584542134
"[0.34802271793075085, 0.9289335270067537, -0.720026703975449, 0.21494206835172977]",23.945678297822553,2.463254965910989
"[0.3481162387226911, 0.9287467178981735, -0.7200336767205374, 0.21485114046821693]",23.946127400655755,2.4638833472798436
"[0.34820978233325717, 0.9285595852988651, -0.7200407347464537, 0.21475999521726336]",23.94657785734327,2.4645117286486986
"[0.34830334879929314, 0.9283721278242892, -0.7200478784539831, 0.2146686316084345]",23.947029673325822,2.465140110017553
"[0.3483969382705686, 0.9281843438531069, -0.7200551082557127, 0.21457704853329473]",23.94748285730256,2.465768491386408
"[0.3484905506180866, 0.927996232313117, -0.7200624245457673, 0.21448524514871065]",23.947937410471077,2.466396872755263
"[0.3485841857960151, 0.9278077919563501, -0.7200698277273778, 0.214393220523591]",23.94839333694504,2.467025254124118
"[0.3486778442157189, 0.9276190206033393, -0.720077318243353, 0.2143009732691762]",23.94885064983951,2.467653635492973
"[0.34877152497120906, 0.9274299187207854, -0.7200848964338555, 0.21420850328756]",23.949309341612086,2.468282016861828
"[0.34886522853933133, 0.9272404839786703, -0.7200925627525264, 0.21411580911177236]",23.949769424754756,2.4689103982306824
"[0.3489589550729889, 0.9270507146873123, -0.7201003176308863, 0.21402288958472826]",23.95023090612191,2.4695387795995374
"[0.34905270427488044, 0.9268606100584543, -0.7201081614662511, 0.21392974398822295]",23.950693788281548,2.470167160968392
"[0.34914647634014695, 0.9266701682962305, -0.720116094699859, 0.21383637110808737]",23.951158074280638,2.470795542337247
"[0.34924027061950946, 0.9264793893106814, -0.7201241177042278, 0.21374277056428762]",23.951623767413334,2.471423923706102
"[0.34933408829303475, 0.9262882692799037, -0.7201322310116753, 0.21364894014311472]",23.95209088334735,2.472052305074957
"[0.34942792811756634, 0.9260968093041863, -0.7201404349492505, 0.21355488004403902]",23.95255941852529,2.4726806864438116
"[0.34952179066966416, 0.9259050067673366, -0.7201487300042203, 0.21346058863955536]",23.95302937969518,2.4733090678126666
"[0.3496156760874811, 0.9257128599328166, -0.7201571166299838, 0.21336606473081088]",23.95350077377061,2.473937449181521
"[0.3497095841427856, 0.9255203678028001, -0.7201655952505627, 0.21327130747963724]",23.953973607659403,2.474565830550376
"[0.34980351437412066, 0.9253275298503865, -0.7201741662710723, 0.21317631627781283]",23.95444788189388,2.4751942119192307
"[0.34989746749195755, 0.9251343431315777, -0.7201828302069142, 0.21308108932375192]",23.954923609958318,2.4758225932880857
"[0.3499914425813457, 0.9249408080318763, -0.7201915874274236, 0.212985626454019]",23.95540078359846,2.4764509746569403
"[0.35008544076963205, 0.9247469207211378, -0.7202004384951627, 0.2128899254233656]",23.955879424983635,2.4770793560257958
"[0.3501794609286045, 0.9245526820063402, -0.7202093837649247, 0.2127939862717764]",23.956359524730406,2.4777077373946503
"[0.350273503630705, 0.9243580891755755, -0.7202184237549492, 0.21269780729965337]",23.95684109870167,2.4783361187635053
"[0.35036756865774354, 0.9241631411373451, -0.7202275589121571, 0.21260138760464697]",23.95732414653582,2.47896450013236
"[0.35046165600994, 0.9239678363371698, -0.7202367897077876, 0.21250472605287363]",23.957808679529617,2.479592881501215
"[0.3505557655524705, 0.9237721734894162, -0.7202461166032842, 0.2124078216407116]",23.95829469535362,2.4802212628700695
"[0.35064989759677617, 0.9235761503676925, -0.7202555401082045, 0.212310672895531]",23.958782210446472,2.4808496442389245
"[0.3507440516409828, 0.9233797664267888, -0.7202650606544434, 0.21221327917488117]",23.95927122178422,2.481478025607779
"[0.35083822817809523, 0.9231830190354444, -0.7202746787777897, 0.21211563879908552]",23.95976173963827,2.4821064069766345
"[0.3509324263945089, 0.9229859082792886, -0.7202843948844361, 0.21201775143371637]",23.960253765355358,2.482734788345489
"[0.3510266471593265, 0.9227884307123914, -0.7202942095572884, 0.2119196149879528]",23.96074730929783,2.483363169714344
"[0.3511208900011332, 0.9225905856803934, -0.7203041232450356, 0.21182122875408224]",23.961242378653907,2.4839915510831987
"[0.35121515417654203, 0.9223923730944945, -0.7203141363693766, 0.21172259230411564]",23.961738967744754,2.4846199324520537
"[0.3513094408574488, 0.9221937888255614, -0.7203242495593665, 0.21162370319636253]",23.96223710014995,2.4852483138209083
"[0.35140374959880727, 0.9219948321287369, -0.7203344632770302, 0.2115245606695632]",23.962736770218577,2.4858766951897633
"[0.35149807984995085, 0.9217955024750085, -0.7203447779750478, 0.21142516406815823]",23.96323798424336,2.486505076558618
"[0.3515924321599973, 0.9215957969995169, -0.7203551942299277, 0.21132551156892665]",23.96374075368969,2.4871334579274733
"[0.3516868063062536, 0.921395714453424, -0.720365712538261, 0.21122560215097255]",23.964245083375605,2.487761839296328
"[0.35178120192806145, 0.9211952538701079, -0.7203763333843505, 0.2111254349317727]",23.964750974017953,2.488390220665183
"[0.35187561919508104, 0.9209944131447512, -0.7203870573157705, 0.21102500845715916]",23.965258433858544,2.4890186020340375
"[0.35197005817184573, 0.9207931903798735, -0.7203978848730495, 0.21092432137284528]",23.965767474579753,2.4896469834028925
"[0.35206451877037737, 0.9205915839882272, -0.7204088165836555, 0.210823372476307]",23.966278099665008,2.490275364771747
"[0.3521590008348661, 0.9203895925141674, -0.7204198529711611, 0.2107221606277681]",23.96679031134861,2.490903746140602
"[0.3522535045796103, 0.9201872136960993, -0.7204309946067877, 0.2106206842801489]",23.967304124037245,2.4915321275094566
"[0.35234802932951176, 0.9199844471636406, -0.72044224196093, 0.21051894283145675]",23.9678195321897,2.4921605088783116
"[0.35244257566170056, 0.9197812898479338, -0.7204535956566751, 0.210416934322723]",23.968336554232053,2.4927888902471667
"[0.3525371429999092, 0.9195777411409094, -0.7204650561838869, 0.21031465802652213]",23.96885518864778,2.4934172716160217
"[0.352631731909241, 0.919373797964295, -0.7204766241748007, 0.21021211197101852]",23.969375447519727,2.4940456529848762
"[0.3527263416914479, 0.9191694599465515, -0.7204883001123068, 0.21010929554139232]",23.96989733181862,2.4946740343537313
"[0.3528209726816748, 0.9189647244727867, -0.7205000846102575, 0.21000620699124561]",23.970420853749808,2.495302415722586
"[0.3529156246692548, 0.9187595900908173, -0.7205119782199879, 0.20990284515545346]",23.970946018689,2.495930797091441
"[0.3530102974639318, 0.918554055290869, -0.720523981499406, 0.2097992088366817]",23.971472828457184,2.4965591784602954
"[0.35310499128309875, 0.9183481176621097, -0.7205360950629208, 0.2096952963795174]",23.97200129642236,2.4971875598291504
"[0.35319970594493894, 0.9181417756441114, -0.7205483194792146, 0.2095911065535484]",23.972531426331603,2.4978159411980054
"[0.35329444111909475, 0.9179350279866165, -0.7205606553018256, 0.20948663828177358]",23.97306322188185,2.4984443225668604
"[0.35338919729657525, 0.9177278716299989, -0.7205731031962992, 0.20938188956902712]",23.97359669583998,2.499072703935715
"[0.35348397346582755, 0.917520306783285, -0.7205856636356692, 0.20927686006915375]",23.97413184657342,2.49970108530457
"[0.35357877075278715, 0.9173123289598567, -0.7205983373805721, 0.20917154705655597]",23.97466869268171,2.5003294666734246
"[0.3536735885975834, 0.917103937346161, -0.7206111249739131, 0.20906594965990186]",23.975207238271643,2.5009578480422796
"[0.3537684262775807, 0.9168951314780548, -0.7206240269391302, 0.20896006718273413]",23.97574748119126,2.501586229411134
"[0.3538632844125813, 0.9166859079207902, -0.720637043986764, 0.20885389741873944]",23.976289437159384,2.502214610779989
"[0.3539581626951065, 0.9164762652622082, -0.7206501767069144, 0.20874743918287553]",23.976833107721358,2.502842992148844
"[0.3540530609884026, 0.9162662016980607, -0.7206634257177635, 0.20864069108749406]",23.977378503060528,2.503471373517699
"[0.3541479791931475, 0.9160557153242476, -0.7206767916478133, 0.20853365169027493]",23.977925633993404,2.504099754886554
"[0.3542429171891117, 0.915844804265605, -0.7206902751278463, 0.2084263195595946]",23.9784744998312,2.5047281362554084
"[0.35433787556105245, 0.9156334650590743, -0.7207038768952876, 0.20831869245087004]",23.979025115543998,2.5053565176242634
"[0.3544328535093828, 0.9154216973019073, -0.7207175974954746, 0.2082107696733444]",23.979577486393914,2.505984898993118
"[0.3545278507524134, 0.9152094994265204, -0.7207314375515739, 0.20810254994008345]",23.980131614500866,2.506613280361973
"[0.3546228672585339, 0.9149968692897537, -0.720745397728271, 0.20799403166668215]",23.980687510094643,2.507241661730828
"[0.3547179039955529, 0.9147838024858428, -0.7207594788449148, 0.20788521210824382]",23.98124518994293,2.507870043099683
"[0.354812959265941, 0.9145703005646255, -0.7207736813319231, 0.20777609155704369]",23.98180464244204,2.5084984244685375
"[0.3549080340189715, 0.9143563591215745, -0.7207880060179828, 0.2076666672596853]",23.982365893095743,2.5091268058373926
"[0.35500312823401764, 0.9141419759039445, -0.7208024535948785, 0.20755693755665647]",23.98292894452392,2.509755187206247
"[0.3550982412187451, 0.9139271501564473, -0.7208170246573893, 0.20744690155099624]",23.983493800160623,2.510383568575102
"[0.355193373230884, 0.9137118789618166, -0.7208317199506623, 0.2073365572346036]",23.98406047250457,2.5110119499439567
"[0.35528852382821235, 0.9134961609649114, -0.7208465401182484, 0.20722590339520758]",23.98462896400942,2.5116403313128117
"[0.3553836931003192, 0.9132799935867987, -0.7208614858919499, 0.20711493818863333]",23.985199286260247,2.5122687126816667
"[0.3554788810603613, 0.9130633743986074, -0.7208765579986224, 0.20700365984250513]",23.98577144626326,2.5128970940505218
"[0.35557408748041164, 0.9128463014986302, -0.7208917571333794, 0.20689206685043318]",23.986345455545216,2.5135254754193763
"[0.35566931204393165, 0.9126287731685826, -0.7209070839827544, 0.20678015779607187]",23.986921316893756,2.5141538567882313
"[0.3557645545231686, 0.9124107874690602, -0.7209225392530473, 0.2066679311451168]",23.98749903829737,2.514782238157086
"[0.3558598156142187, 0.9121923403202624, -0.7209381238082438, 0.2065553842556274]",23.988078633264408,2.515410619525941
"[0.3559550941775154, 0.9119734318278117, -0.7209538382192131, 0.20644251663672317]",23.98866010351855,2.5160390008947955
"[0.3560503908205389, 0.9117540580676107, -0.7209696833496727, 0.20632932571613743]",23.9892434624156,2.5166673822636505
"[0.35614570496762726, 0.9115342178116727, -0.7209856598748561, 0.20621581030672265]",23.98982871531879,2.5172957636325055
"[0.3562410368083006, 0.911313908047325, -0.7210017686041774, 0.20610196829531546]",23.990415875692296,2.5179241450013605
"[0.35633638589793293, 0.9110931272030082, -0.7210180102471945, 0.2059877983080421]",23.991004944047567,2.518552526370215
"[0.35643175219739825, 0.9108718727479622, -0.7210343855885958, 0.2058732984704281]",23.99159593116538,2.51918090773907
"[0.3565271358977953, 0.9106501415904662, -0.7210508954606336, 0.20575846661184266]",23.992188851426423,2.5198092891079247
"[0.35662253608788663, 0.9104279331791407, -0.7210675405113877, 0.20564330187231508]",23.992783705346213,2.5204376704767797
"[0.35671795349012614, 0.9102052431362313, -0.7210843216802946, 0.20552780140401905]",23.993380509748167,2.5210660518456343
"[0.3568133870379501, 0.9099820712314391, -0.7211012396004917, 0.20541196450419208]",23.99397926279661,2.5216944332144893
"[0.3569088375203476, 0.9097584128747316, -0.7211182952401806, 0.2052957882025414]",23.994579984405387,2.5223228145833443
"[0.35700430410275896, 0.9095342672493323, -0.7211354892867503, 0.20517927148207415]",23.99518267204642,2.5229511959521993
"[0.3570997867922498, 0.9093096315441545, -0.7211528225846139, 0.20506241228491162]",23.995787344765244,2.523579577321054
"[0.35719528582043725, 0.9090845023896041, -0.7211702960279934, 0.20494520825613063]",23.996394011534417,2.524207958689909
"[0.3572908005826096, 0.9088588783604062, -0.7211879103662353, 0.20482765804710718]",23.9970026738841,2.5248363400587635
"[0.3573863306379608, 0.9086327576253153, -0.7212056663845108, 0.20470976009341413]",23.997613338923827,2.5254647214276185
"[0.3574818764369805, 0.9084061362158345, -0.7212235650418892, 0.20459151171029574]",23.99822602577445,2.526093102796473
"[0.3575774373547721, 0.9081790126832432, -0.7212416071052303, 0.20447291152116046]",23.998840739740462,2.526721484165328
"[0.3576730140100724, 0.9079513825956426, -0.7212597935843771, 0.20435395658570554]",23.99945749295529,2.527349865534183
"[0.3577686051381588, 0.9077232459777609, -0.7212781251394863, 0.20423464628629553]",24.000076288824047,2.527978246903038
"[0.3578642109286384, 0.9074945993664008, -0.7212966027146757, 0.20411497817722765]",24.000697135863234,2.5286066282718926
"[0.35795983154895206, 0.9072654393160955, -0.721315227260336, 0.20399494981462726]",24.00132005028674,2.5292350096407477
"[0.35805546638768443, 0.9070357642183127, -0.7213339995840128, 0.2038745597103895]",24.00194503655545,2.5298633910096022
"[0.35815111533400756, 0.9068055712382637, -0.7213529205986824, 0.20375380572833424]",24.00257210676183,2.5304917723784572
"[0.35824677855848774, 0.9065748568310207, -0.7213719912828281, 0.2036326853527653]",24.003201269771985,2.531120153747312
"[0.35834245507041246, 0.9063436202242695, -0.721391212391812, 0.20351119751748506]",24.003832531004242,2.531748535116167
"[0.3584381458280171, 0.9061118559067086, -0.7214105850810847, 0.20338933866033515]",24.004465914674448,2.532376916485022
"[0.3585338490533806, 0.9058795649610359, -0.7214301099620216, 0.20326710867920308]",24.005101409772134,2.533005297853877
"[0.358629565940108, 0.905646741236302, -0.7214497882585215, 0.2031445036609275]",24.005739042144405,2.5336336792227314
"[0.35872529566562417, 0.9054133834412179, -0.7214696207933124, 0.20302152224227096]",24.00637881692416,2.5342620605915864
"[0.3588210381767444, 0.9051794883842471, -0.7214896085558782, 0.20289816205312358]",24.007020745366923,2.534890441960441
"[0.3589167928018832, 0.9049450543541644, -0.7215097524156726, 0.20277442149762023]",24.007664831144155,2.535518823329296
"[0.3590125599844116, 0.9047100768785739, -0.721530053486086, 0.20265029751577776]",24.008311091924202,2.5361472046981506
"[0.3591083388453005, 0.9044745546932597, -0.72155051261108, 0.2025257887346672]",24.00895953444714,2.5367755860670056
"[0.3592041295228185, 0.9042384840052592, -0.7215711308600152, 0.2024008924386434]",24.009610170309987,2.5374039674358606
"[0.3592999317257239, 0.9040018620419937, -0.721591909221187, 0.20227560644397868]",24.010263011455972,2.5380323488047156
"[0.35939574547206926, 0.9037646852317675, -0.7216128487604756, 0.20214992813643806]",24.010918068690533,2.53866073017357
"[0.3594915698874141, 0.9035269521792013, -0.7216339503585316, 0.20202385604805623]",24.011575349713162,2.539289111542425
"[0.35958740506706105, 0.9032886590542297, -0.7216552151181325, 0.20189738741353008]",24.01223486267748,2.5399174929112798
"[0.35968325054716627, 0.9030498033787614, -0.721676644029428, 0.20177052017713318]",24.012896624487958,2.540545874280135
"[0.3597791064462367, 0.9028103811875171, -0.7216982382234777, 0.2016432514857165]",24.013560641249235,2.5411742556489894
"[0.35987497221209996, 0.9025703901512138, -0.7217199986919388, 0.20151557934767247]",24.014226927843204,2.5418026370178444
"[0.3599708475449168, 0.9023298272767274, -0.7217419264933165, 0.20138750141142756]",24.014895494859314,2.5424310183866994
"[0.36006673227006386, 0.9020886892190062, -0.7217640227260012, 0.20125901513022082]",24.015566348701192,2.5430593997555544
"[0.36016262616930256, 0.9018469727032951, -0.72178628849008, 0.20113011798660124]",24.01623950786113,2.543687781124409
"[0.36025852894735094, 0.9016046746099661, -0.7218087248793951, 0.20100080753778213]",24.016914980431885,2.544316162493264
"[0.36035443992726973, 0.9013617927486537, -0.7218313329089135, 0.20087108182958663]",24.017592771463985,2.5449445438621185
"[0.36045035924505564, 0.9011183228330814, -0.7218541137963198, 0.20074093778066548]",24.01827290162617,2.5455729252309736
"[0.3605462863356044, 0.9008742623129026, -0.7218770686058055, 0.2006103732286914]",24.018955377496063,2.546201306599828
"[0.36064222094179677, 0.9006296078174949, -0.7219001984861758, 0.2004793855648997]",24.01964021258398,2.546829687968683
"[0.36073816278809767, 0.9003843559814394, -0.7219235045942365, 0.20034797217477004]",24.020327417182706,2.547458069337538
"[0.36083411186829295, 0.9001385027062145, -0.7219469881655239, 0.2002161300419004]",24.021017008953578,2.548086450706393
"[0.3609300668785529, 0.899892047180625, -0.7219706501291603, 0.20008385790498992]",24.021708982223256,2.5487148320752477
"[0.36102602877826395, 0.8996449827412984, -0.7219944919840281, 0.1999511513538224]",24.022403371132775,2.5493432134441028
"[0.3611219960759978, 0.8993973089826555, -0.7220185146356447, 0.1998180093290523]",24.02310017110531,2.5499715948129573
"[0.361217969082928, 0.899149020815244, -0.7220427194501444, 0.19968442824673172]",24.02379940639862,2.5505999761818123
"[0.3613139473665861, 0.8989001150199435, -0.7220671076220743, 0.1995504055185265]",24.024501082425953,2.551228357550667
"[0.3614099303789605, 0.8986505886356948, -0.7220916803289827, 0.19941593868657997]",24.025205212363158,2.551856738919522
"[0.36150591770814167, 0.8984004383058597, -0.7221164387956722, 0.19928102507135792]",24.025911807056726,2.552485120288377
"[0.36160190927671326, 0.898149659754151, -0.72214138434749, 0.1991456614877241]",24.026620881226524,2.5531135016572315
"[0.36169790462888085, 0.897898249642315, -0.7221665182264843, 0.1990098452468064]",24.027332450387167,2.5537418830260865
"[0.36179390299596687, 0.8976462054094022, -0.7221918416052941, 0.19887357407108797]",24.028046521419355,2.554370264394941
"[0.36188990460330117, 0.8973935218371145, -0.7222173559329157, 0.19873684423679433]",24.028763111803745,2.554998645763796
"[0.3619859084009883, 0.8971401970114661, -0.7222430623349578, 0.19859965379780817]",24.029482230419624,2.5556270271326507
"[0.3620819147009487, 0.8968862253796163, -0.7222689623151709, 0.1984619988282181]",24.03020389448954,2.5562554085015057
"[0.3621779223143739, 0.8966316053045674, -0.7222950569885551, 0.19832387751386865]",24.030928111426928,2.5568837898703607
"[0.36227393145282766, 0.8963763313916069, -0.7223213478637269, 0.19818528599335444]",24.03165490291865,2.5575121712392157
"[0.3623699412049313, 0.8961204011747638, -0.7223478361587615, 0.19804622198415472]",24.032384272264032,2.5581405526080703
"[0.36246595157012446, 0.8958638097118895, -0.7223745233573398, 0.19790668184867147]",24.03311624063135,2.5587689339769253
"[0.36256196142154723, 0.8956065550178505, -0.7224014106458451, 0.19776666354694217]",24.033850813704554,2.55939731534578
"[0.3626579711924967, 0.8953486308763082, -0.7224284996626671, 0.1976261627259975]",24.03458801268705,2.560025696714635
"[0.36275397962558253, 0.8950900355515717, -0.7224557915874026, 0.19748517746176084]",24.035327846498,2.5606540780834894
"[0.36284998719544254, 0.8948307625918599, -0.7224832881071184, 0.19734370324890052]",24.03607033860615,2.5612824594523445
"[0.362945992197319, 0.8945708113715307, -0.722510990302365, 0.19720173874962657]",24.03681548532031,2.5619108408211995
"[0.3630419952919403, 0.89431017481302, -0.7225388999501496, 0.19705927909328336]",24.037563318960967,2.5625392221900545
"[0.36313799527385865, 0.8940488508348636, -0.7225670183058921, 0.19691632212658036]",24.038313841707,2.563167603558909
"[0.3632339917556699, 0.8937868350823663, -0.7225953468783486, 0.1967728644434055]",24.039067068075994,2.563795984927764
"[0.36332998460953303, 0.8935241224267236, -0.7226238872723838, 0.1966289022012477]",24.039823023563688,2.5644243662966186
"[0.3634259726073787, 0.8932607106912359, -0.7226526407832548, 0.1964844331638752]",24.040581705438978,2.5650527476654736
"[0.36352195576196505, 0.8929965942403606, -0.7226816090938307, 0.19633945318754892]",24.04134314134367,2.565681129034328
"[0.3636179336623481, 0.8927317685311305, -0.7227107937809146, 0.19619395871440123]",24.04210734690767,2.5663095104031832
"[0.36371390525517305, 0.8924662307338012, -0.7227401962435595, 0.196047947116357]",24.042874328217973,2.5669378917720382
"[0.3638098702558158, 0.8921999758345829, -0.7227698181332397, 0.19590141455334956]",24.043644103617652,2.5675662731408933
"[0.3639058278894701, 0.8919330001122794, -0.7227996609701335, 0.19575435788387957]",24.044416688210596,2.568194654509748
"[0.36400177807613426, 0.8916652978456874, -0.7228297265103591, 0.19560677285205838]",24.045192102846187,2.568823035878603
"[0.36409771964397475, 0.8913968662899533, -0.7228600161886438, 0.195458656829695]",24.045970351795475,2.5694514172474574
"[0.36419365240204304, 0.8911276998953843, -0.7228905317672903, 0.19531000562932185]",24.04675145870501,2.5700797986163124
"[0.36428957564985914, 0.8908577944663695, -0.7229212748689534, 0.19516081579714123]",24.047535441871904,2.570708179985167
"[0.3643854883199408, 0.8905871467776456, -0.7229522470171037, 0.19501108440382955]",24.048322302631455,2.571336561354022
"[0.3644813906182971, 0.8903157499387231, -0.7229834501676978, 0.19486080647887621]",24.049112074197158,2.571964942722877
"[0.36457728121452865, 0.8900436013267967, -0.7230148858006229, 0.19470997939997745]",24.049904762879194,2.572593324091732
"[0.36467315977975595, 0.8897706954139628, -0.7230465557426168, 0.19455859892288432]",24.050700383679892,2.5732217054605866
"[0.3647690253386175, 0.8894970284358052, -0.7230784616295978, 0.1944066617672948]",24.051498953665327,2.5738500868294416
"[0.36486487751799873, 0.8892225948362957, -0.7231106053193532, 0.19425416364470202]",24.052300492564548,2.574478468198296
"[0.36496071572952105, 0.8889473895919867, -0.723142988622327, 0.1941011005471253]",24.053105018506198,2.575106849567151
"[0.3650565387070176, 0.8886714095534369, -0.7231756131413309, 0.19394746949538322]",24.053912537346694,2.5757352309360058
"[0.36515234642700206, 0.8883946479168524, -0.7232084809245557, 0.1937932654620395]",24.05472307942332,2.5763636123048608
"[0.36524813805812, 0.8881171001188477, -0.7232415937707352, 0.1936384846509986]",24.055536656859974,2.576991993673716
"[0.3653439122054271, 0.8878387631588363, -0.7232749533045028, 0.19348312412460947]",24.056353280738985,2.577620375042571
"[0.36543966869858646, 0.8875596304016996, -0.7233085615993875, 0.19332717890254866]",24.05717297197344,2.5782487564114254
"[0.365535406226212, 0.8872796984494579, -0.7233424203548238, 0.19317064579682422]",24.057995744638216,2.5788771377802804
"[0.36563112471744524, 0.8869989601946802, -0.7233765317332904, 0.1930135195301503]",24.05882162321963,2.579505519149135
"[0.3657268230905521, 0.8867174113965102, -0.723410897566162, 0.192855796411971]",24.059650624233143,2.58013390051799
"[0.36582250068319005, 0.8864350464970899, -0.7234455198599935, 0.19269747199879786]",24.060482761282216,2.5807622818868445
"[0.36591815661984056, 0.8861518604760732, -0.7234804005713177, 0.19253854213200597]",24.061318056533132,2.5813906632556995
"[0.36601378957981, 0.885867849548534, -0.7235155415186992, 0.19237900333130448]",24.062156522581557,2.5820190446245546
"[0.3661093990857769, 0.8855830073391835, -0.7235509448559276, 0.19221885064578612]",24.062998177420738,2.5826474259934096
"[0.36620498452672495, 0.8852973277651998, -0.7235866127186478, 0.19205807927021715]",24.063843047630925,2.583275807362264
"[0.3663005445159824, 0.8850108069682421, -0.723622546980783, 0.19189668563444778]",24.06469113863954,2.583904188731119
"[0.36639607862702844, 0.8847234381199814, -0.7236587499042269, 0.19173466447903373]",24.06554248589467,2.5845325700999737
"[0.3664915853561999, 0.8844352175313506, -0.7236952233725018, 0.19157201229659984]",24.06639708954011,2.5851609514688287
"[0.3665870642601932, 0.884146138221024, -0.723731969701319, 0.19140872370536216]",24.067254979078438,2.5857893328376833
"[0.36668251457334816, 0.8838561940676963, -0.7237689911166758, 0.19124479378906642]",24.068116177598395,2.5864177142065383
"[0.3667779346002189, 0.8835653816779194, -0.7238062895124254, 0.19108021915663534]",24.06898069383118,2.5870460955753933
"[0.36687332418519847, 0.8832736928665672, -0.7238438674134524, 0.19091499368787923]",24.06984855595057,2.5876744769442483
"[0.3669686815682652, 0.8829811242389172, -0.7238817267468204, 0.19074911395598868]",24.070719776372492,2.588302858313103
"[0.36706400640345066, 0.8826876679627853, -0.7239198700301918, 0.1905825740007826]",24.071594379423416,2.588931239681958
"[0.36715929710682005, 0.8823933198983447, -0.723958299320975, 0.19041536993700298]",24.072472382045547,2.5895596210508125
"[0.36725455326628126, 0.8820980721783676, -0.7239970171809256, 0.190247495743298]",24.073353812174638,2.5901880024196675
"[0.3673497732722492, 0.8818019205252762, -0.7240360257211331, 0.1900789474183538]",24.07423868061652,2.590816383788522
"[0.3674449559178871, 0.8815048593093001, -0.7240753272469863, 0.1899097201738679]",24.075127007747888,2.591444765157377
"[0.36754010042521323, 0.8812068814425779, -0.724114924276282, 0.18973980837035034]",24.076018817437856,2.592073146526232
"[0.36763520539804717, 0.8809079816490437, -0.7241548191062495, 0.18956920738018987]",24.07691412376078,2.592701527895087
"[0.36773027016948306, 0.8806081522383475, -0.7241950143761267, 0.1893979111768956]",24.077812963234056,2.5933299092639417
"[0.36782529335839886, 0.8803073876389321, -0.7242355124627018, 0.1892259149218269]",24.07871534744045,2.5939582906327967
"[0.36792027363245616, 0.8800056820071601, -0.7242763157982256, 0.18905321360064148]",24.07962129824738,2.5945866720016513
"[0.3680152095179039, 0.8797030298289595, -0.7243174267894408, 0.18887980236727178]",24.080530828801272,2.5952150533705063
"[0.3681101001479692, 0.8793994235261253, -0.724358848144008, 0.18870567517116119]",24.081443970045203,2.595843434739361
"[0.3682049443932501, 0.879094856215271, -0.7244005824979168, 0.18853082633597773]",24.08236074474372,2.596471816108216
"[0.36829974076369937, 0.8787893220361076, -0.7244426323682743, 0.1883552507501081]",24.083281174132132,2.597100197477071
"[0.3683944880006987, 0.8784828142504693, -0.7244850004137212, 0.18817894277534783]",24.084205274048294,2.597728578845926
"[0.3684891845910134, 0.8781753268062035, -0.7245276892196132, 0.18800189714514903]",24.085133072241984,2.5983569602147805
"[0.3685838296876106, 0.8778668513422621, -0.7245707017145854, 0.18782410723941834]",24.086064594231757,2.598985341583635
"[0.36867842125079836, 0.8775573832367737, -0.7246140403289001, 0.18764556856871373]",24.08699985649487,2.59961372295249
"[0.36877295827842976, 0.8772469143392968, -0.7246577080076313, 0.18746627458559906]",24.087938881177777,2.6002421043213446
"[0.3688674390987237, 0.8769354385407893, -0.7247017074330591, 0.1872862198957444]",24.088881694323685,2.6008704856901996
"[0.36896186252619384, 0.8766229479791705, -0.7247460415580609, 0.18710539806687823]",24.08982831928777,2.6014988670590546
"[0.3690562271418835, 0.876309435399847, -0.7247907132745971, 0.1869238029914575]",24.09077878450665,2.6021272484279097
"[0.3691505311484033, 0.8759948946510272, -0.7248357253409551, 0.18674142917555975]",24.09173310406134,2.6027556297967642
"[0.3692447730197244, 0.8756793185241092, -0.724881080689563, 0.18655827048782808]",24.09269130618411,2.6033840111656192
"[0.36933895133123706, 0.8753626993039888, -0.7249267823508112, 0.18637432047605348]",24.093653416036318,2.604012392534474
"[0.369433064334758, 0.8750450301949676, -0.7249728332476545, 0.18618957319514143]",24.09461945293411,2.604640773903329
"[0.3695271110174308, 0.8747263017422333, -0.725019236715018, 0.18600402112526665]",24.095589454437615,2.6052691552721834
"[0.36962108878811434, 0.8744065096651588, -0.7250659953605045, 0.18581765973097958]",24.09656342775608,2.6058975366410384
"[0.3697149963154838, 0.8740856452450616, -0.72511311246285, 0.18563048186617961]",24.09754140712032,2.6065259180098934
"[0.3698088321327827, 0.8737637000291544, -0.7251605912908528, 0.18544248050893328]",24.09852341729496,2.6071542993787484
"[0.36990259418328014, 0.8734406674037998, -0.7252084348692333, 0.18525364968213365]",24.099509481466484,2.607782680747603
"[0.3699962811139898, 0.8731165381464451, -0.7252566466360161, 0.1850639818546235]",24.100499631428484,2.608411062116458
"[0.3700898908721329, 0.8727913052555945, -0.7253052297279897, 0.184873470763747]",24.101493887669296,2.6090394434853126
"[0.37018342150820827, 0.8724649611886401, -0.7253541873890763, 0.184682109801324]",24.10249227447065,2.6096678248541676
"[0.370276870910262, 0.8721374987819716, -0.7254035228333291, 0.18448989255213083]",24.10349481760114,2.610296206223022
"[0.37037023790727214, 0.8718089073660026, -0.725453239832976, 0.18429681051077812]",24.104501552810287,2.610924587591877
"[0.37046352011477834, 0.8714791803186993, -0.7255033415797394, 0.18410285751611447]",24.105512499780623,2.611552968960732
"[0.37055671510639054, 0.8711483109845659, -0.7255538312960493, 0.18390802735911174]",24.106527677270464,2.612181350329587
"[0.3706498212145677, 0.870816289810484, -0.7256047126751892, 0.1837123120933021]",24.107547120745085,2.6128097316984418
"[0.3707428369292338, 0.8704831064382008, -0.7256559895682223, 0.183515703260867]",24.1085708643889,2.613438113067297
"[0.37083575981795, 0.8701487535782159, -0.7257076653869001, 0.18331819417937334]",24.10959893315353,2.6140664944361514
"[0.37092858725687455, 0.8698132244297286, -0.7257597434951211, 0.18311977842460114]",24.110631344344906,2.6146948758050064
"[0.3710213170598309, 0.8694765104007033, -0.7258122275636574, 0.1829204484814085]",24.1116681255647,2.615323257173861
"[0.3711139479458092, 0.8691385993552878, -0.7258651218512022, 0.18272019469857534]",24.11270932151277,2.615951638542716
"[0.3712064770680081, 0.8687994846060251, -0.7259184297998538, 0.1825190106147556]",24.113754952875073,2.616580019911571
"[0.37129890151282585, 0.8684591595073475, -0.7259721548725474, 0.18231688976290894]",24.114805034536836,2.617208401280426
"[0.3713912199930579, 0.8681176111757156, -0.7260263015507812, 0.182113821934443]",24.11585961910948,2.6178367826492805
"[0.37148342969044573, 0.8677748321036421, -0.726080873502886, 0.1819098000751045]",24.116918721656813,2.6184651640181356
"[0.37157552784266173, 0.8674308143449067, -0.7261358744978498, 0.1817048168354349]",24.117982369102226,2.61909354538699
"[0.3716675123801612, 0.8670855471055966, -0.7261913087946182, 0.18149886313128122]",24.11905060211859,2.619721926755845
"[0.3717593806361388, 0.866739021549825, -0.7262471803755389, 0.1812919310054739]",24.12012344203712,2.6203503081246997
"[0.37185113006784254, 0.866391228104804, -0.7263034933772577, 0.18108401202192148]",24.12120092222112,2.6209786894935547
"[0.37194275809624827, 0.8660421570523539, -0.7263602519971288, 0.1808750976170114]",24.12228307377525,2.6216070708624097
"[0.37203426163331155, 0.8656918003374353, -0.726417460198076, 0.18066518018293717]",24.123369921394158,2.6222354522312648
"[0.37212563825396006, 0.8653401470863487, -0.7264751224395924, 0.1804542503831013]",24.12446150227068,2.6228638336001193
"[0.3722168854876175, 0.8649871862792631, -0.7265332432467642, 0.1802422987480092]",24.125557852165553,2.6234922149689743
"[0.37230799987695606, 0.8646329104129015, -0.7265918266041702, 0.18002931787748816]",24.126658993184037,2.624120596337829
"[0.37239897906051583, 0.8642773074284984, -0.7266508772871892, 0.1798152975912915]",24.12776496266816,2.624748977706684
"[0.372489819708962, 0.8639203687191344, -0.7267103995401258, 0.17960022974061235]",24.128875787130564,2.6253773590755385
"[0.3725805190193435, 0.8635620833004471, -0.7267703980426653, 0.1793841047011098]",24.129991504251574,2.6260057404443935
"[0.37267107354743173, 0.8632024423936643, -0.7268308771462306, 0.17916691413363464]",24.131112136900075,2.6266341218132485
"[0.3727614808252438, 0.862841433006029, -0.7268918419528875, 0.17894864710790298]",24.132237733444256,2.6272625031821035
"[0.37285173717837694, 0.8624790465995488, -0.7269532968574779, 0.1787292953376001]",24.133368316894693,2.627890884550958
"[0.3729418393530019, 0.8621152726243191, -0.7270152466356854, 0.1785088492743939]",24.134503918147722,2.628519265919813
"[0.37303178433730777, 0.8617500991860902, -0.7270776963371517, 0.1782872985056971]",24.13564457686921,2.6291476472886677
"[0.373121568843596, 0.8613835151253085, -0.7271406509328888, 0.17806463301299086]",24.136790331219586,2.6297760286575227
"[0.37321118890519484, 0.8610155116944201, -0.7272041150231602, 0.17784084419450522]",24.137941202329106,2.6304044100263773
"[0.37330064128585716, 0.8606460767866039, -0.7272680938306653, 0.17761592135755302]",24.13909723158708,2.6310327913952323
"[0.3733899224643102, 0.860275199064789, -0.7273325924935432, 0.17738985422433826]",24.140258456030438,2.6316611727640873
"[0.3734790288678031, 0.8599028670018418, -0.7273976162309317, 0.17716263234810334]",24.141424906240214,2.6322895541329423
"[0.3735679563462162, 0.8595290710878851, -0.727463169956183, 0.17693424646133965]",24.142596616646816,2.632917935501797
"[0.3736567017830338, 0.8591537970546466, -0.727529259465569, 0.176704684335349]",24.14377362865056,2.633546316870652
"[0.3737452606797694, 0.8587770360346694, -0.7275958896558601, 0.17647393698805133]",24.144955970393116,2.6341746982395065
"[0.3738336295369717, 0.858398774499669, -0.7276630662953695, 0.17624199252985254]",24.146143685723416,2.6348030796083615
"[0.3739218040874091, 0.8580190017451865, -0.7277307947041097, 0.17600884074369916]",24.147336804480783,2.635431460977216
"[0.37400978018487974, 0.8576377061105444, -0.7277990804220623, 0.1757744707700706]",24.148535360111616,2.636059842346071
"[0.3740975539964858, 0.8572548741026746, -0.7278679293711219, 0.17553887056329673]",24.14973940440045,2.636688223714926
"[0.3741851206481522, 0.8568704962973525, -0.727937346794492, 0.1753020305224279]",24.150948953938293,2.637316605083781
"[0.37427247666838664, 0.8564845566348789, -0.7280073391870914, 0.17506393689819694]",24.152164066601035,2.6379449864526356
"[0.37435961684279145, 0.8560970462313017, -0.7280779118007376, 0.17482458030340198]",24.153384764129797,2.6385733678214907
"[0.37444653678463885, 0.8557079520658728, -0.7281490706904672, 0.17458394873907232]",24.154611087907107,2.6392017491903452
"[0.37453323179358133, 0.8553172619982079, -0.7282208218074888, 0.17434203068665413]",24.1558430735065,2.6398301305592002
"[0.37461969780959176, 0.8549249604498499, -0.7282931717944113, 0.17409881243170655]",24.157080771664113,2.640458511928055
"[0.37470592952715764, 0.8545310369247894, -0.7283661264177935, 0.17385428334232908]",24.1583242114959,2.64108689329691
"[0.37479192220420526, 0.8541354778304181, -0.7284396920732554, 0.17360843080145844]",24.15957343603057,2.641715274665765
"[0.37487767045758075, 0.8537382719624126, -0.728513874771565, 0.17336124360957444]",24.16082847543617,2.64234365603462
"[0.3749631697164677, 0.8533394037792844, -0.7285886813937937, 0.17311270780007143]",24.16208937644447,2.6429720374034744
"[0.3750484143186595, 0.852938862217407, -0.7286641180452916, 0.17286281212452392]",24.163356174891117,2.6436004187723294
"[0.37513339963099496, 0.8525366307752003, -0.7287401919178672, 0.17261154187142153]",24.16462892111489,2.644228800141184
"[0.3752181193451922, 0.8521327002466988, -0.7288169088884731, 0.17235888681351857]",24.165907636630998,2.644857181510039
"[0.3753025685906187, 0.8517270539794372, -0.7288942763082924, 0.17210483199746318]",24.16719237550378,2.6454855628788936
"[0.37538674182294784, 0.8513196778433189, -0.728972301119825, 0.17184936396854855]",24.16848318137973,2.646113944247748
"[0.375470632428128, 0.8509105622583916, -0.7290509894565674, 0.1715924720541646]",24.169780072021553,2.646742325616603
"[0.3755542360060243, 0.850499686163979, -0.7291303497280469, 0.17133413829579378]",24.171083124886792,2.647370706985458
"[0.3756375451310603, 0.8500870426134532, -0.7292103876922604, 0.17107435352504333]",24.172392349264975,2.647999088354313
"[0.37572055434170887, 0.8496726143184485, -0.7292911111722988, 0.170813101994189]",24.173707796526337,2.6486274697231678
"[0.3758032576554193, 0.8492563857819871, -0.7293725277210736, 0.17055036899621523]",24.175029520006056,2.6492558510920228
"[0.37588564810580327, 0.8488383457205644, -0.7294546441379244, 0.1702861424032072]",24.17635753907043,2.6498842324608773
"[0.375967719959419, 0.8484184758426581, -0.7295374686700784, 0.1700204055763081]",24.177691920362296,2.6505126138297324
"[0.376049465878062, 0.8479967652464775, -0.7296210081843783, 0.16975314646585093]",24.179032684407048,2.651140995198587
"[0.3761308795128155, 0.8475731971719381, -0.7297052707781758, 0.16948434922889663]",24.180379888012062,2.651769376567442
"[0.376211953984914, 0.8471477567451404, -0.7297902642542144, 0.16921399912789054]",24.18173356709917,2.652397757936297
"[0.3762926821753983, 0.8467204295109696, -0.7298759964084863, 0.16894208160334212]",24.18309376818691,2.653026139305152
"[0.37637305687644923, 0.8462912006302195, -0.7299624751913225, 0.1686685817626909]",24.18446052950866,2.6536545206740065
"[0.3764530711176783, 0.845860053086204, -0.7300497090734276, 0.168393483232535]",24.185833904731364,2.6542829020428615
"[0.376532716667022, 0.8454269757633427, -0.7301377054110981, 0.16811677331327612]",24.187213913482715,2.654911283411716
"[0.3766119867480947, 0.8449919487286112, -0.7302264734312983, 0.16783843358030298]",24.188600626339966,2.655539664780571
"[0.3766908731869386, 0.8445549586855141, -0.7303160210971303, 0.16755844975222864]",24.189994073856695,2.6561680461494257
"[0.37676936829027347, 0.8441159887253241, -0.730406357193434, 0.1672768051390451]",24.191394303309014,2.6567964275182807
"[0.37684746370932837, 0.8436750245862448, -0.7304974900471696, 0.16699348464912372]",24.192801355250577,2.6574248088871357
"[0.37692515133885524, 0.8432320496208153, -0.730589428563348, 0.1667084715597254]",24.19421527490081,2.6580531902559907
"[0.3770024228526064, 0.842787047352433, -0.7306821817024877, 0.16642174915335822]",24.19563610753276,2.6586815716248453
"[0.3770792692979904, 0.8423400038411379, -0.730775757984518, 0.16613330224488512]",24.197063891306406,2.6593099529937003
"[0.37715568211112155, 0.8418909018043083, -0.7308701667169948, 0.16584311339028576]",24.19849867448455,2.659938334362555
"[0.3772316526508984, 0.8414397232103039, -0.7309654174622207, 0.16555116454952118]",24.199940509320392,2.66056671573141
"[0.3773071712626903, 0.8409864548725476, -0.7310615188531508, 0.16525744070928983]",24.20138942322163,2.6611950971002645
"[0.3773822288701425, 0.8405310789883736, -0.7311584805912235, 0.1649619237601535]",24.202845469429125,2.6618234784691195
"[0.37745681610136456, 0.840073578259134, -0.7312563123711393, 0.16466459580347254]",24.204308694465034,2.6624518598379745
"[0.3775309232059004, 0.8396139364202448, -0.7313550237655551, 0.16436543949760274]",24.20577914132131,2.6630802412068295
"[0.3776045399865855, 0.8391521387134288, -0.7314546241193559, 0.16406443836943482]",24.207256848514348,2.663708622575684
"[0.3776776565859703, 0.8386881669391563, -0.7315551236176603, 0.1637615735883052]",24.208741862245727,2.664337003944539
"[0.37775026305136666, 0.8382220020451626, -0.7316565327386098, 0.16345682564139802]",24.210234239108498,2.6649653853133937
"[0.37782234807439224, 0.8377536322957727, -0.7317588604698949, 0.1631501796805642]",24.21173399967018,2.6655937666822487
"[0.37789390151682845, 0.8372830369876941, -0.7318621178562444, 0.162841614871248]",24.213241203030982,2.6662221480511032
"[0.37796491220054235, 0.8368102006811503, -0.7319663149000484, 0.1625311136992257]",24.214755887898143,2.6668505294199583
"[0.3780353691660773, 0.8363351049727951, -0.7320714623623538, 0.16221865658021797]",24.216278104667584,2.6674789107888133
"[0.3781052607467185, 0.8358577346490981, -0.7321775704075054, 0.16190422589969936]",24.217807886736992,2.6681072921576683
"[0.3781745753277314, 0.8353780725875068, -0.7322846497297615, 0.16158780266114559]",24.21934527622595,2.668735673526523
"[0.37824330158258684, 0.8348960979391564, -0.7323927119720376, 0.16126936527322738]",24.22089033368616,2.669364054895378
"[0.3783114266874706, 0.8344117986297226, -0.7325017669243086, 0.16094889780745972]",24.22244307887407,2.6699924362642324
"[0.37837893860933597, 0.8339251553432354, -0.7326118261120882, 0.16062637941866134]",24.224003563787242,2.6706208176330875
"[0.3784458247908704, 0.8334361506642277, -0.7327229007521431, 0.16030179037907502]",24.225571827870716,2.671249199001942
"[0.3785120725053921, 0.8329447665398534, -0.7328350023247034, 0.15997511039788048]",24.227147919131976,2.671877580370797
"[0.37857766823522965, 0.8324509889204283, -0.7329481415124321, 0.15964632170846044]",24.228731868268188,2.672505961739652
"[0.3786425990771217, 0.8319547972173977, -0.7330623306130808, 0.15931540205147715]",24.2303237256525,2.673134343108507
"[0.3787068510753423, 0.8314561768034735, -0.7331775806781584, 0.15898233299495143]",24.23192351854669,2.6737627244773616
"[0.3787704106638327, 0.8309551079989751, -0.7332939040466934, 0.1586470925895474]",24.233531302462254,2.6743911058462166
"[0.37883326340335555, 0.8304515758309986, -0.7334113120918127, 0.15830966188474918]",24.235147103475843,2.675019487215071
"[0.37889539516213616, 0.8299455606995719, -0.7335298173888942, 0.1579700186823119]",24.236770973003967,2.6756478685839262
"[0.3789567904191374, 0.8294370521252677, -0.7336494304999673, 0.15762814675924652]",24.23840292099041,2.676276249952781
"[0.3790174351387491, 0.8289260250797635, -0.7337701655324128, 0.15728401996385893]",24.240043016338632,2.676904631321636
"[0.3790773135357661, 0.8284124666441445, -0.7338920338761425, 0.1569376201295496]",24.241691280691082,2.677533012690491
"[0.3791364100652316, 0.8278963595456379, -0.7340150480746576, 0.15658892600772192]",24.243347751550086,2.678161394059346
"[0.37919470856047366, 0.8273776894553359, -0.7341392200984358, 0.1562379181843537]",24.245012452442317,2.6787897754282004
"[0.37925219314776626, 0.8268564368623805, -0.7342645632891985, 0.15588457358169172]",24.246685428820996,2.6794181567970554
"[0.37930884736162046, 0.8263325847833284, -0.7343910905229134, 0.1555288706659396]",24.248366719396945,2.68004653816591
"[0.3793646540432418, 0.8258061199453842, -0.734518813910328, 0.15517079026491884]",24.25005633978645,2.680674919534765
"[0.37941959623728677, 0.8252770244092121, -0.734647746824495, 0.15481030987503897]",24.251754330008822,2.6813033009036196
"[0.37947365654602677, 0.8247452814457088, -0.7347779024860038, 0.1544474076463715]",24.25346072275405,2.6819316822724746
"[0.3795268165650511, 0.8242108813601485, -0.7349092925230262, 0.15408206637251992]",24.255175522298494,2.6825600636413296
"[0.3795790590568626, 0.8236737996517006, -0.7350419323401427, 0.15371425856012702]",24.256898792206247,2.6831884450101846
"[0.3796303647623772, 0.8231340291630245, -0.7351758332086138, 0.1533439684131915]",24.258630519930733,2.683816826379039
"[0.3796807154521542, 0.8225915488610703, -0.7353110099686527, 0.15297117046128372]",24.26037076422623,2.684445207747894
"[0.3797300918124312, 0.8220463456848839, -0.7354474756277152, 0.1525958445276996]",24.26211953262959,2.6850735891167488
"[0.37977847386544533, 0.8214984106995606, -0.735585242286828, 0.15221797312055083]",24.26387682480812,2.6857019704856038
"[0.3798258424854231, 0.8209477217388507, -0.735724325512498, 0.15183752945395157]",24.265642697369675,2.6863303518544583
"[0.37987217708280463, 0.8203942695589163, -0.7358647377635603, 0.1514544954812013]",24.26741714468779,2.6869587332233134
"[0.3799174572242678, 0.8198380394438658, -0.7360064930176091, 0.15106884920748062]",24.26920019203543,2.6875871145921684
"[0.3799616617854033, 0.8192790212090656, -0.7361496042374828, 0.15068057160796916]",24.270991838924473,2.6882154959610234
"[0.38000477003921557, 0.8187171954327583, -0.7362940868955836, 0.1502896370649263]",24.27279212518304,2.688843877329878
"[0.3800467595261497, 0.8181525610060265, -0.7364399518963614, 0.14989603252944114]",24.274601017478954,2.689472258698733
"[0.3800876090160486, 0.8175850962957526, -0.7365872155721963, 0.14949973048822324]",24.27641855912303,2.6901006400675875
"[0.3801272959486839, 0.81701479291788, -0.7367358909816791, 0.14910071248149248]",24.27824474924489,2.6907290214364425
"[0.3801657976304971, 0.8164416399272892, -0.7368859919829406, 0.1486989580934628]",24.280079589622353,2.691357402805297
"[0.38020309084037773, 0.8158656294617225, -0.7370375317624484, 0.14829444890079752]",24.281923069862586,2.691985784174152
"[0.3802391522945859, 0.8152867496668798, -0.7371905246923262, 0.14788716350830755]",24.28377519930639,2.692614165543007
"[0.38027395809678183, 0.8147049931620289, -0.7373449841034951, 0.14747708349346483]",24.285635965824714,2.6932425469118617
"[0.3803074841339438, 0.8141203508810683, -0.7375009239067826, 0.14706418908018248]",24.287505363562293,2.6938709282807167
"[0.3803397058831952, 0.813532815195048, -0.7376583577663878, 0.14664846133697423]",24.28938338281498,2.6944993096495713
"[0.38037059843910126, 0.8129423796348072, -0.7378172991676406, 0.14622988198771478]",24.291270010379087,2.6951276910184263
"[0.38040013672264666, 0.8123490347857706, -0.7379777625243198, 0.14580843049876008]",24.293165236465125,2.695756072387281
"[0.38042829495295044, 0.811752778860214, -0.7381397603198385, 0.14538409158791923]",24.29506903029317,2.696384453756136
"[0.38045504727905816, 0.8111536052732172, -0.7383033064600386, 0.144956846407433]",24.29698137617947,2.697012835124991
"[0.38048036726775897, 0.8105515135772821, -0.7384684132996753, 0.144526680328734]",24.298902230404625,2.697641216493846
"[0.3805042284924343, 0.8099464959951571, -0.7386350953237691, 0.14409357333354764]",24.300831587009696,2.6982695978627005
"[0.3805266039136263, 0.809338552032654, -0.738803365142216, 0.1436575104521016]",24.30276940382737,2.6988979792315555
"[0.3805474661637449, 0.8087276825888828, -0.738973235086185, 0.14321847757579065]",24.3047156319383,2.69952636060041
"[0.38056678773424674, 0.8081138842243716, -0.7391447188055974, 0.14277645733379574]",24.306670248762817,2.700154741969265
"[0.38058454058374286, 0.8074971611605145, -0.7393178279229866, 0.14233143772751067]",24.308633186077166,2.7007831233381197
"[0.38060069654270084, 0.8068775129196611, -0.7394925754783931, 0.14188340323888865]",24.310604413965645,2.7014115047069747
"[0.3806152270797828, 0.8062549418640348, -0.7396689738207376, 0.1414323402623092]",24.312583873689974,2.7020398860758297
"[0.38062810326473107, 0.805629456931157, -0.7398470335245012, 0.14097823983873786]",24.314571489623823,2.7026682674446847
"[0.3806392961126355, 0.8050010579892801, -0.7400267678319712, 0.1405210863106414]",24.316567220307757,2.7032966488135393
"[0.3806487761622269, 0.8043697572588777, -0.7402081865451678, 0.14006087288521538]",24.318570974996813,2.7039250301823943
"[0.3806565138861949, 0.8037355570068863, -0.7403913023988326, 0.13959758541512712]",24.32058270651615,2.704553411551249
"[0.38066247938201214, 0.8030984703448414, -0.7405761250815381, 0.13913121756285995]",24.322602316938173,2.705181792920104
"[0.38066664260372235, 0.8024585053011949, -0.7407626658159022, 0.13866175918657905]",24.324629734018696,2.7058101742889584
"[0.3806689732661433, 0.8018156740123874, -0.7409509346963833, 0.1381892030640879]",24.326664873170284,2.7064385556578134
"[0.38066944090181926, 0.8011699935451823, -0.7411409404190216, 0.1377135455306129]",24.328707619649066,2.7070669370266685
"[0.38066801489749374, 0.8005214768410881, -0.7413326929313615, 0.13723477982493307]",24.33075788801476,2.7076953183955235
"[0.3806646644895597, 0.7998701414841358, -0.7415262008510193, 0.13675290255046907]",24.33281556800329,2.708323699764378
"[0.38065935875346063, 0.799216001668381, -0.7417214738368684, 0.13626790775024278]",24.334880564594144,2.708952081133233
"[0.3806520666907996, 0.7985590792769449, -0.7419185192826334, 0.1357797951208219]",24.336952751274477,2.7095804625020876
"[0.38064275723533575, 0.7978993969859289, -0.7421173443454042, 0.1352885649338433]",24.339032002801034,2.7102088438709426
"[0.3806313992399912, 0.7972369769638559, -0.7423179563347142, 0.13479421707162945]",24.34111819632842,2.710837225239797
"[0.38061796155051336, 0.7965718446494008, -0.7425203615638967, 0.13429675385240608]",24.343211191059492,2.711465606608652
"[0.38060241296943537, 0.7959040252971689, -0.7427245663848102, 0.13379617746618444]",24.345310852745772,2.7120939879775072
"[0.38058472233356444, 0.7952335468575619, -0.7429305763020008, 0.13329249214027125]",24.347417039870244,2.7127223693463622
"[0.3805648586709252, 0.794560443672187, -0.743138394808703, 0.13278570694853084]",24.34952957982602,2.713350750715217
"[0.3805427908209777, 0.7938847424210035, -0.7433480277088208, 0.13227582525087017]",24.351648337033147,2.713979132084072
"[0.38051848811358996, 0.793206483474493, -0.7435594765011599, 0.13176286079694433]",24.353773122062833,2.7146075134529264
"[0.38049191957456957, 0.7925256959358584, -0.7437727461125624, 0.13124681890544207]",24.355903783456824,2.7152358948217814
"[0.38046305478181347, 0.7918424212360247, -0.7439878375370141, 0.13072771431591806]",24.358040135565066,2.715864276190636
"[0.3804318634066924, 0.7911566991301808, -0.7442047521808272, 0.13020556062242958]",24.36018199192396,2.716492657559491
"[0.38039831529753293, 0.7904685698301857, -0.7444234911946008, 0.12968037189133824]",24.362329164979982,2.717121038928346
"[0.38036238072630346, 0.7897780784008713, -0.7446440540605759, 0.12915216603521787]",24.364481456027068,2.717749420297201
"[0.38032403039567614, 0.7890852734126159, -0.7448664389867853, 0.12862096382464935]",24.36663864665638,2.7183778016660556
"[0.38028323510398443, 0.788390200346518, -0.7450906450100595, 0.1280867838489835]",24.368800536658476,2.7190061830349106
"[0.3802399659976018, 0.787692906289107, -0.7453166704929167, 0.12754964611320735]",24.37096692193509,2.719634564403765
"[0.38019419546422933, 0.7869934527645354, -0.7455445089187687, 0.12700958197581294]",24.373137538532106,2.72026294577262
"[0.38014589485936245, 0.786291879942711, -0.745774160518892, 0.1264666065508592]",24.37531221394001,2.7208913271414747
"[0.3800950380301814, 0.7855882591142578, -0.7460056151376244, 0.12592075927425025]",24.377490649580633,2.7215197085103298
"[0.38004159758769535, 0.7848826375612453, -0.7462388702471452, 0.12537206127413206]",24.379672647931642,2.7221480898791848
"[0.37998554768192405, 0.7841750778787723, -0.7464739180447981, 0.12482054584077013]",24.381857949016595,2.72277647124804
"[0.3799268633676561, 0.783465647219719, -0.7467107489247633, 0.12426625016017824]",24.384046279963282,2.7234048526168944
"[0.3798655195473213, 0.7827544042676731, -0.7469493558182075, 0.12370920514758899]",24.386237403874794,2.7240332339857494
"[0.3798014926630924, 0.7820414192519185, -0.7471897274955385, 0.12314945110594498]",24.38843103914971,2.724661615354604
"[0.3797347595570089, 0.781326759709968, -0.7474318533026761, 0.1225870266227675]",24.390626914019176,2.725289996723459
"[0.37966529790419806, 0.7806104952556783, -0.7476757215522964, 0.12202197231698315]",24.3928247563965,2.7259183780923135
"[0.3795930864565436, 0.7798926994899931, -0.7479213188472723, 0.12145433237795693]",24.395024276297203,2.7265467594611685
"[0.37951810413360826, 0.7791734406419308, -0.748168633269035, 0.12088414718213832]",24.397225208998794,2.7271751408300235
"[0.37944033216492834, 0.7784528018798459, -0.7484176473833893, 0.1203114694083265]",24.39942723389733,2.7278035221988786
"[0.3793597514504207, 0.7777308555158091, -0.7486683470886332, 0.1197363436151492]",24.401630075993623,2.728431903567733
"[0.37927634510790903, 0.7770076863490216, -0.7489207135377426, 0.11915882480690401]",24.40383341190265,2.729060284936588
"[0.3791900959659546, 0.776283368903719, -0.7491747310286825, 0.11857896031848518]",24.406036960919646,2.7296886663054427
"[0.3791009889481015, 0.7755579879826475, -0.7494303798270804, 0.1179968062366764]",24.408240404130495,2.7303170476742977
"[0.3790090103899787, 0.7748316317390349, -0.7496876385320804, 0.11741242192869496]",24.410443415891617,2.7309454290431523
"[0.37891414585228017, 0.7741043745576481, -0.7499464901500984, 0.11682585625909926]",24.41264572258542,2.7315738104120073
"[0.37881638487136177, 0.7733763137642202, -0.7502069090480857, 0.1162371771775574]",24.414846966302935,2.7322021917808623
"[0.3787157162115866, 0.7726475324736846, -0.7504688741335583, 0.11564644180571346]",24.417046844094767,2.7328305731497173
"[0.3786121304460107, 0.7719181193144407, -0.7507323618325493, 0.11505371234937252]",24.419245036382843,2.733458954518572
"[0.3785056194287042, 0.7711881640324691, -0.7509973476352878, 0.1144590525764527]",24.42144122489129,2.734087335887427
"[0.378396176869825, 0.7704577610309554, -0.7512638047865461, 0.1138625307305177]",24.423635065050217,2.7347157172562815
"[0.37828379620230845, 0.7697269949802876, -0.7515317095269141, 0.11326420778957999]",24.425826265780476,2.7353440986251365
"[0.3781684745503614, 0.768995966766395, -0.7518010315921253, 0.11266415869918871]",24.42801446112718,2.735972479993991
"[0.37805020769924313, 0.7682647606988148, -0.7520717462312604, 0.11206244552924305]",24.430199370552398,2.736600861362846
"[0.3779289952792941, 0.767533477288194, -0.7523438221272576, 0.11145914438437778]",24.432380631962324,2.737229242731701
"[0.3778048364824434, 0.7668022063218431, -0.7526172313350098, 0.11085432328347561]",24.43455794607273,2.737857624100556
"[0.3776777332492022, 0.7660710461198229, -0.7528919421216287, 0.11024805804171858]",24.436730969119115,2.7384860054694107
"[0.3775476878898707, 0.7653400892589222, -0.7531679242859185, 0.10964042048489034]",24.43889939201443,2.7391143868382657
"[0.3774147038607582, 0.7646094273340645, -0.753445147395128, 0.1090314823690285]",24.44106290150752,2.7397427682071203
"[0.37727878732589454, 0.7638791592769665, -0.7537235776095597, 0.10842132233601293]",24.443221164717436,2.740371149575975
"[0.37713994495319825, 0.7631493790223705, -0.7540031823460887, 0.10781001565362125]",24.445373871546096,2.74099953094483
"[0.37699818399751195, 0.7624201763702436, -0.754283929986799, 0.10719763489382973]",24.44752072687913,2.741627912313685
"[0.376853515329263, 0.7616916524264894, -0.7545657839245055, 0.10658426291139245]",24.44966139103123,2.74225629368254
"[0.37670594796698975, 0.760963891679698, -0.7548487133333542, 0.10596996937157685]",24.451795597595602,2.7428846750513944
"[0.37655549552847156, 0.7602369944459603, -0.7551326806151624, 0.10535483806834776]",24.45392301677285,2.7435130564202495
"[0.376402171022535, 0.759511050814505, -0.7554176514972819, 0.10473894496789095]",24.456043354244727,2.744141437789104
"[0.37624598803685594, 0.7587861470268089, -0.7557035926023965, 0.10412236353629038]",24.458156345212107,2.744769819157959
"[0.37608696362755173, 0.7580623788022287, -0.7559904661861887, 0.10350517608053197]",24.46026168416698,2.7453982005268136
"[0.3759251149461934, 0.7573398354590448, -0.7562782363816276, 0.10288746026387657]",24.462359082537656,2.7460265818956686
"[0.3757604602438354, 0.7566186047993949, -0.756566867296065, 0.10226929323303154]",24.464448273507347,2.7466549632645236
"[0.375593018057534, 0.7558987697201508, -0.7568563243875113, 0.10165074868997848]",24.46652900107541,2.7472833446333786
"[0.3754228101174532, 0.7551804207550974, -0.7571465694280345, 0.10103190766079746]",24.46860098607826,2.747911726002233
"[0.3752498577490547, 0.7544636405586977, -0.7574375667401436, 0.10041284516520206]",24.470663977625826,2.7485401073710882
"[0.37507418296597816, 0.7537485089513241, -0.7577292812060343, 0.09979363450764542]",24.47271773822897,2.749168488739943
"[0.37489581069341293, 0.753035111927924, -0.7580216745902298, 0.09917435507939285]",24.474762009139987,2.749796870108798
"[0.3747147650734075, 0.7523235266820425, -0.7583147116575408, 0.09855507937977094]",24.476796563022724,2.7504252514776524
"[0.3745310725902455, 0.7516138342712537, -0.7586083550023177, 0.09793588398619622]",24.47882115813175,2.7510536328465074
"[0.37434475822950847, 0.7509061047813405, -0.7589025711891934, 0.09731683660607039]",24.480835603024563,2.7516820142153624
"[0.3741558506500209, 0.7502004173447908, -0.7591973224762072, 0.09669801353414276]",24.482839658436387,2.7523103955842174
"[0.3739643769988837, 0.7494968404696213, -0.759492574996995, 0.09607948243937516]",24.4848331406722,2.752938776953072
"[0.3737703679972757, 0.7487954510877118, -0.7597882908122454, 0.09546131905812927]",24.486815827003085,2.753567158321927
"[-0.06651921577806402, 1.0589362722116311, -1.007813768280404, 0.2222816720235874]",33.45639033180234,2.7541955396907816
"[-0.09161518328200849, 1.0306837168962089, -1.0412406262323868, 0.17396544653758614]",33.31103897622483,2.7548239210596366
"[0.3413480404757892, 0.9051919577913446, -1.0537848660016764, 0.1704520315790447]",44.073788886982,2.756080683797346
"[0.2690405878232082, 0.7128012721151882, -0.9683787481046483, 0.29357540662248]",97.41907266796889,2.7598509720104754
"[-0.13604486678795386, 0.6943236875356379, -0.8390067074720483, 0.21862264349546734]",46.11501371352615,2.8308580666910728
"[0.12273994146907999, 1.0780852447297609, -0.847128776856534, 0.3327153549101881]",39.58355592265603,2.837141880379621
"[0.3112510993910721, 0.9136786916832662, -0.7105738690539749, 0.2701086638253269]",52.208713195253424,2.844682456805879
"[0.029277614347531695, 1.0361314986382788, -1.0543331310222386, 0.27493558964297116]",44.79422257091059,2.8515946518632824
"[-0.1638274104585737, 0.7134998117009224, -0.8478160398852361, 0.18245884013666017]",35.65438282560048,2.856621702814121
"[0.268293954043295, 0.6380056946360686, -0.9861114726969457, 0.17254993677121364]",52.63693721175107,2.9301423229701378
"[-0.03669290793197985, 1.0562095818984096, -1.02222586130193, 0.24403626066909823]",32.57175694087057,2.970358730576848
"[0.02861039660261998, 1.0743436942388724, -0.9608751913581008, 0.3061808240019859]",32.77984818842907,2.970987111945703
"[0.09161739617229323, 1.0680404915297195, -0.9104689665747019, 0.3390489615180162]",32.95131604921718,2.971615493314558
"[0.14864050868428647, 1.0473623842108875, -0.8654870927285826, 0.35446160941477706]",33.1295234252977,2.972243874683413
"[0.19986112785365806, 1.0173736968937575, -0.8205901831896921, 0.35506291389811034]",33.35761669164356,2.9728722560522676
"[0.2505438326272783, 0.9794416634303248, -0.767324385402027, 0.3339474630683149]",33.733551261123516,2.9735006374211226
"[0.34024947656943333, 0.8836661760601706, -0.7029155518057236, 0.22395228254901295]",34.7531737562396,2.974129018789977
"[0.33841896436184477, 0.9459113529287649, -0.71949587690979, 0.22370824675754933]",41.18747787263054,2.974757400158832
"[0.4026026673486669, 0.9012984429769612, -0.9450203673569935, 0.1307771692942303]",31.8894147424182,2.9753857815276867
"[0.3721331024405548, 0.7473418481206888, -0.9446365645512637, 0.1753529931321955]",32.474487480040224,2.9760141628965417
"[-0.08810872706933137, 0.6940255303313343, -0.7659935194799087, 0.2581922009928338]",39.83971502604381,2.989838553011348
"[0.3538067458451506, 0.7854151062566368, -0.9836871927486829, 0.22344966226648103]",66.25885631092994,2.9973791294376064
"[0.16420386930037498, 0.9710363700470048, -1.0752851498665432, 0.3026349397342804]",52.73881675731775,3.003662943126155
"[-0.06740319476272831, 1.0219871333252526, -1.0712009053280405, 0.1745326966384641]",49.51388510407319,3.0130886636589778
"[0.004656894240795934, 0.7222068469707886, -0.6477809221008536, 0.2503172016599973]",38.52978089982515,3.0168589518721065
"[-0.12841801519297302, 0.7375488846735141, -0.7108567193038663, 0.18509802423683305]",38.56851693767431,3.0174873332409615
"[0.3772173676479641, 0.893882882993931, -1.005881897580606, 0.15305330403913506]",53.15538066967932,3.018744095978671
"[0.14598286445216083, 0.9905202826319052, -1.0293566688078275, 0.33602859823205367]",39.69282052318572,3.0363387743066066
"[0.29219406378282264, 0.8674657433298314, -1.0355348751458966, 0.285272519245023]",39.540421839809454,3.0369671556754616
"[0.29743945596274424, 0.7346652441454969, -0.9781091414112825, 0.2766335343256325]",39.97658270118392,3.0375955370443166
"[-0.11912297749084784, 0.6785835180975939, -0.8682764565122145, 0.22979057356881893]",56.67238891538027,3.04325096936401
"[0.14616875872541682, 0.5897946205133261, -1.0101772526332247, 0.12802221555585278]",46.98531826651468,3.0646159359050746
"[0.06076066595934475, 0.690358510934494, -0.754676289286339, 0.33495274444232714]",55.08638037356147,3.0847241397084297
"[0.344559601712433, 0.9223693629417161, -1.0534800678914973, 0.1433209923853681]",69.38332133856267,3.0928930975035427
"[0.12978944604030956, 0.5912164938175493, -1.011501773693175, 0.14928770339139483]",59.80392793000968,3.0935214788723977
"[0.31358505908219847, 0.8352994331247284, -1.0165780915863234, 0.2754172895113288]",98.42499785428708,3.0979201484543815
"[0.09007055718002097, 1.1292394798740677, -0.788787677612667, 0.2570162092568192]",77.26844707899028,3.1035755807740752
"[0.2532207086994532, 0.9633254905992773, -0.7715773881984418, 0.3411134170537251]",77.11862276583108,3.1060891062494944
"[0.17234877794433293, 0.6102424385861468, -0.9954499720513907, 0.2122052145546115]",78.69184374836549,3.116143208151172
"[0.39239789906957484, 0.8573545917498246, -0.7612770142266201, 0.15878826858653353]",94.58942697179523,3.116771589520027
"[0.23330150296079322, 0.7320487209704639, -0.9160005916774865, 0.34856274532924775]",91.30780396259829,3.1255689286839945
"[0.20975638984017544, 0.656168863317649, -0.9670572079184796, 0.28359286986695087]",95.17091376865156,4.956043856158155
"[0.19617634562901182, 0.6340493436115698, -0.9806974142766128, 0.25423212394897143]",88.85054205317931,4.979293966805785
"[0.01572216335623144, 0.7028828004180987, -0.7000554295012928, 0.2968138837936845]",97.24168165166307,4.993118356920591
"[0.07765084678624264, 0.7412975228011355, -0.5992235770149917, 0.2129613043857479]",93.76659899916062,5.002544077453414
"[-0.03793813809600642, 1.1116651845346632, -0.8890521612716153, 0.24178835146517816]",95.23277652088706,5.003800840191124
"[0.19889132417045677, 0.6344386045781426, -0.9814731939130769, 0.25251186246194246]",82.50775942484434,5.006314365666543
"[0.09097679180701533, 0.7247641025185979, -0.6677857324100872, 0.3016552979020813]",86.37082631753614,5.0163684675682205
"[-0.14549125506165117, 0.7782662803268574, -0.6874723718037727, 0.11229612576076922]",99.77041049431091,5.022652281256769
"[0.2315916631136109, 0.6944564649945815, -0.9492223493508426, 0.31523475948354235]",76.14100670183053,5.03836181547814
"[0.2217417820156693, 0.9660312636806883, -0.8430835578008049, 0.3732241537655899]",88.54950306360715,5.038990196846995
"[0.2290251602147741, 0.6751697826010056, -0.9632900279148859, 0.2935619611054884]",69.7589905081284,5.076693078978285
"[0.07252687478139382, 1.047529894211367, -0.9861339933195455, 0.32776144112968064]",81.57714984462409,5.07732146034714
"[0.3575255826406064, 0.9112778055634573, -1.0369832362859288, 0.14905317446648592]",77.28116883385113,5.0905174690930926
"[-0.14555344563085543, 0.7031077956540608, -0.8285518495692448, 0.20843012051258641]",71.32602435712919,5.099943189625915
"[-0.06967683481759757, 0.6982335437331525, -0.7386291811325136, 0.263786036892138]",92.09780466738975,5.114395961109576
"[0.15558248642477204, 0.5982105039922528, -1.0043022740565752, 0.17787986774439804]",63.481118539821495,5.123821681642399
"[0.24461065560382347, 0.7305957957751776, -0.9340649080346991, 0.3368907035357642]",63.38532896080293,5.1244500630112535
"[0.2558939089797619, 0.972588641521885, -0.7626842441854179, 0.33165053472558603]",74.2968510498157,5.13827445312606
"[0.19822736753892256, 1.0040299722229828, -0.8437321365527931, 0.36609985643100584]",67.69385135278428,5.156497512822851
"[0.1298615669860656, 0.740180559291619, -0.6560863884690811, 0.2979822511745271]",74.11796882752293,5.172207047044222
"[0.12197096500512192, 1.0060429721591002, -1.0298256352569903, 0.3303949682886514]",72.07520644699781,5.181632767577044
"[0.32425874841772767, 0.9393152855577767, -0.7149397343884262, 0.24666194970381136]",75.25142481106077,5.182889530314754
"[0.1819217371257108, 0.6068725619390082, -0.9994268050764025, 0.19128362220619904]",57.00917314451224,5.184774674421319
"[0.24764403863753062, 0.7055808794288027, -0.955546819433078, 0.3108191371753466]",56.91333466204646,5.185403055790174
"[0.18434126304556453, 1.131133855118722, -0.7316888524987376, 0.1675111203260586]",93.71800131107887,5.204882878224674
"[0.2394231255005598, 1.0612403386311513, -0.7365692169197183, 0.26029166220017175]",69.51040143790783,5.214308598757497
"[0.00796294804235372, 0.7325976407972515, -0.6225791067034389, 0.22025021234380937]",55.415621438179905,5.219335649708335
"[0.012441043844559145, 0.6630055896066961, -0.8189679097054369, 0.3211379128489957]",52.261180590063915,5.2444709044625295
"[0.05372255482816664, 0.6902845928810288, -0.7505991035295486, 0.33162541885736224]",92.25243306290602,5.250754718151077
"[-0.11433467245463878, 0.6790264063714118, -0.854746147179964, 0.23771275002967843]",53.454483580604176,5.254525006364207
"[0.06783446280160114, 0.7245454379653156, -0.6511207604263843, 0.28101047414916763]",53.5964404323952,5.255153387733061
"[0.07663993554578187, 0.7291439375241483, -0.6407349013397069, 0.27309523705558497]",53.61676194600005,5.255781769101916
"[-0.14279595860894034, 0.6927728587402207, -0.8683822976244691, 0.20501487118639533]",53.484709192731,5.256410150470771
"[0.23208432529388148, 0.6434445351577612, -0.9863925022252799, 0.23610014528275486]",50.42627208961154,5.267721015110158
"[0.2575790772948987, 0.7115014711736666, -0.9605179575763746, 0.30582115033996954]",50.387015194889386,5.268349396479013
"[0.2549510853012136, 0.7872595748882257, -0.9150362908905502, 0.3595843568232513]",50.4711950590662,5.268977777847868
"[0.3897825239210852, 0.8819425883221362, -0.9799475840861721, 0.1528627364181943]",90.5342091579218,5.275261591536416
"[0.02000690888590063, 0.7542167520778008, -0.5821392269261368, 0.1225514825750581]",72.05280570302249,5.312964473667707
"[0.015770837101736317, 0.7319623255098198, -0.6224643042451704, 0.22494210640218157]",48.889629060734826,5.317991524618545
"[-0.09577987889881273, 0.6800500007994565, -0.8198085919972038, 0.2579474431928861]",64.99197546295288,5.326788863782514
"[0.20441402141317022, 1.0848928857553526, -0.7469098338378625, 0.26433568834657795]",78.7131662032847,5.328674007889078
"[0.3344273679759852, 0.691568971593645, -0.9625362699100162, 0.17276273174368853]",54.21876589628794,5.330559151995643
"[0.031143431355760916, 0.7546504107525169, -0.5784602578678251, 0.11267559606636808]",66.84307693539695,5.333072677471062
"[0.06808053180243152, 0.6967760386812175, -0.7402555919149026, 0.33349037321578323]",45.81919194052928,5.353180881274417
"[0.2468157107057046, 0.9893782716499704, -0.7671774386670911, 0.331210503376223]",52.30115767050235,5.359464694962965
"[-0.047395959218134005, 0.7052092449991582, -0.7066994424700186, 0.26440143652337683]",56.6750654312016,5.360721457700675
"[-0.07229212494751912, 0.7807710372249379, -0.6162847948323091, 0.07398567887054373]",47.328077942779984,5.362606601807239
"[-0.04280081269778786, 0.6756882931084508, -0.7896703370138731, 0.2937772328495569]",46.887009916911666,5.367005271389223
"[0.014022370828668362, 1.0256882504420386, -1.0841811397898173, 0.23972722543302655]",69.56473779561038,5.373289085077772
"[-0.04392985412064388, 0.6792725136148607, -0.7789566607437253, 0.29190255102897966]",46.86264140784225,5.375174229184337
"[0.3172015950364435, 0.9864476263372316, -0.7218476944613079, 0.23241881876605805]",56.1512583923644,5.387113475192578
"[0.2134507520342688, 0.6127022512252163, -0.9972553933393058, 0.17572976351307026]",43.853067131364234,5.390255382036853
"[0.2568967923670736, 0.6601884218827302, -0.9845405506721328, 0.2377268796739135]",43.75065916352626,5.390883763405708
"[0.2716925082551578, 0.70211940113707, -0.973905169349494, 0.2789370310663572]",43.70712342788233,5.391512144774562
"[0.2748999637684381, 0.742272229110224, -0.962664492772773, 0.31155623581298136]",43.69029093036903,5.392140526143417
"[0.2698668776556903, 0.7835164801438788, -0.947208905246286, 0.3403055565016699]",43.7055248561532,5.392768907512272
"[0.2524677740291883, 0.844417757628052, -0.8937280568903992, 0.3748076609577244]",43.8857377926126,5.393397288881127
"[-0.06891005119105563, 0.6597936635956269, -0.8651452337874755, 0.27010905104110966]",68.48581398418095,5.394025670249982
"[0.20583564294279508, 0.9600768395566507, -1.137108783917047, 0.1804173185821957]",42.73277171397637,5.398424339831966
"[0.1718431247803888, 0.9710329856156149, -1.1474496921568158, 0.16791423336723657]",42.722966438215586,5.39905272120082
"[-0.11601001159661442, 0.6694707663378572, -0.918778905386027, 0.20919257052128376]",51.39687303183453,5.427958264168144
"[0.330299189856356, 1.0325196693969678, -0.7412005826918564, 0.1605037743356108]",78.18657928740349,5.432356933750127
"[0.06278569967021407, 1.0543660225978222, -0.979749740147443, 0.32407517148213644]",51.52451933284077,5.4336136964878365
"[0.12297295120519934, 0.7428268967651387, -0.6297916314562033, 0.2687838149607685]",67.24441679702282,5.451836756184627
"[0.12864685947882398, 1.0245850040260955, -0.9568765246544007, 0.35648447214183415]",81.56469156697669,5.471944959987982
"[-0.11198460785020985, 0.729435600218359, -0.7052138105688961, 0.20269071566530178]",42.15274037678038,5.473830104094547
"[-0.07498833624215426, 0.7067446445206512, -0.7201997899129441, 0.25080985460690763]",42.06790739301556,5.475715248201112
"[-0.17831443013338802, 0.7268258248427133, -0.8632331412187663, 0.15618503779244297]",67.99449200270656,5.476343629569966
"[0.20834204209840665, 1.0456423606626517, -0.7753723812000248, 0.318590439434269]",49.37518924096894,5.491424782422483
"[0.21730200941860395, 0.6474783878201227, -0.9785754234973617, 0.26065470258312684]",94.32196415886682,5.530384427291483
"[0.1767702172230033, 0.7610792415997789, -0.6119291776308396, 0.23611665821912933]",39.435261992234246,5.5335263341357575
"[-0.08239065503052237, 0.655582707287617, -0.9053467707404069, 0.24457299384531586]",39.01067531069724,5.534154715504612
"[0.24336445550223545, 0.8111184609501055, -0.8500208868701313, 0.3759994854442242]",86.43733518904739,5.539181766455451
"[0.2773551380159999, 0.6985273098982974, -0.9774022541676608, 0.2675850254722933]",57.66347267589,5.549864249725983
"[-0.16120305077300381, 0.721147502574118, -0.80874443062394, 0.1866155304870734]",78.1855125246454,5.5511210124636925
"[0.002783299613294398, 0.6888564790827093, -0.7400781369776137, 0.3080802039355139]",40.108754527531595,5.558661588889951
"[-0.11514946653568141, 0.6949775483465458, -0.7959317907027846, 0.2397863498510193]",64.89585427889652,5.585681987750709
"[0.24496386634366157, 0.6184090265690537, -0.9898592514354442, 0.1483403078742095]",36.828909574018475,5.612074005242613
"[0.27553450854756106, 0.6470043343622998, -0.985079965031489, 0.18392507911477865]",36.74040267932392,5.612702386611467
"[0.2913980494440071, 0.6709044326822263, -0.9824058988644407, 0.2083982180208393]",36.68269821174259,5.613330767980322
"[0.30115898569360333, 0.692505814695784, -0.980894750057255, 0.2274011301522924]",36.63577313458396,5.613959149349178
"[0.30740638996936553, 0.7125997948486851, -0.9804067524142037, 0.2426887487092503]",36.59352248873211,5.614587530718032
"[0.31135884486848564, 0.7315594881282924, -0.9809623318816855, 0.25503502437250153]",36.55285304208174,5.615215912086887
"[0.31374407426067796, 0.7495877559813668, -0.9826516135225738, 0.2647849267823192]",36.511620541852295,5.6158442934557415
"[0.31509136373674546, 0.7668063368645073, -0.9856182302693194, 0.2720140629680118]",36.467908473409594,5.616472674824597
"[0.31586795145167973, 0.78330449782802, -0.9900587566075773, 0.27656162278721835]",36.419644392797466,5.617101056193452
"[0.3165645143998264, 0.7991873864016172, -0.9962169123733366, 0.27799624048402877]",36.36431836537375,5.617729437562306
"[0.3177553403070631, 0.8146525357125659, -1.0043437237568307, 0.2755319986607585]",36.298789818641275,5.618357818931162
"[0.32010712765002025, 0.830130309302522, -1.0145674711453396, 0.2679275104738401]",36.21935520538326,5.618986200300016
"[0.32422161811923395, 0.8464901727670882, -1.026589952024441, 0.25349940249256814]",36.12259989391484,5.619614581668872
"[0.3300727354514843, 0.8651050072663435, -1.0392187447790864, 0.23065127594950105]",36.00802833534467,5.620242963037725
"[0.33601287167204935, 0.8870357517809405, -1.050249028686172, 0.19958988759027724]",35.88291029839853,5.620871344406581
"[0.33886591737292476, 0.9111213971705202, -1.0578006083141345, 0.16427826868940199]",35.763601481449314,5.621499725775435
"[0.33664886816482364, 0.9341837989217726, -1.0620719703964434, 0.13029009884856324]",35.664149496074074,5.62212810714429
"[0.20860490037496218, 0.9537896055714833, -0.92160361809817, 0.3782327848994863]",36.71804309122861,5.6227564885131445
"[0.19926006162173782, 0.9628552301501954, -0.934570099911144, 0.37581343246064675]",36.662299187333915,5.623384869882
"[0.1889578996352596, 0.9720331011330592, -0.9464905620809589, 0.3727163700543882]",36.613879984055586,5.624013251250855
"[0.17775593218187274, 0.9810448055184539, -0.957856996144309, 0.3688708070429499]",36.57036090744267,5.624641632619709
"[0.16572151145646777, 0.9896706877510081, -0.9690223022543482, 0.36416692751039603]",36.52999792883133,5.6252700139885645
"[0.1529238326215944, 0.9977268692553143, -0.98024534424397, 0.3584716563472397]",36.491489825722056,5.625898395357419
"[0.13943426276556217, 1.0050474824257105, -0.9917236525575731, 0.35163018663458656]",36.45380945856772,5.6265267767262745
"[0.1253302113524213, 1.0114712520187916, -1.0036166216510485, 0.3434595292655713]",36.41608084283884,5.627155158095128
"[0.11070271365064371, 1.0168298594612846, -1.0160613161236947, 0.33373637516879706]",36.377484441301725,5.627783539463984
"[0.09566668039701952, 1.0209371455212952, -1.02918509039871, 0.3221767118246265]",36.33716645221446,5.628411920832838
"[0.08037829840261172, 1.0235762412548048, -1.0431155443051632, 0.3084029859890659]",36.29413518440351,5.629040302201694
"[0.06506446552884286, 1.0244823975850896, -1.0579906173981952, 0.29188602426726723]",36.24710664142989,5.629668683570548
"[0.0500796234458154, 1.023316256574625, -1.0739700484459793, 0.2718329665396307]",36.19422739179081,5.630297064939403
"[0.03602976292759948, 1.0196162666914228, -1.0912515445764586, 0.24693822206737592]",36.13247128943973,5.630925446308258
"[0.024104574501748324, 1.0126952445789483, -1.110099191761513, 0.21469885880981654]",36.05598314363475,5.631553827677113
"[0.017395439684913493, 1.0013013401698885, -1.1309310803623895, 0.16857033007772965]",35.949165031476916,5.6321822090459674
"[0.2387078920800734, 0.7413496562587897, -0.9158558255278703, 0.3504655819119576]",86.74449247665409,5.639094404103371
"[-0.071251749637725, 1.0816103022065848, -0.9556278719984634, 0.22715104210459866]",70.3934316307716,5.684966244029774
"[0.26247366905637753, 0.9456686382981886, -0.7625276261156718, 0.3377971237781564]",50.220655455284316,5.6887365322429035
"[0.1421085374411074, 1.0718947827650587, -0.8315395953309166, 0.3337849415338714]",42.9310253989871,5.691878439087177
"[-0.08883618012985242, 1.103346796965014, -0.8794257595497442, 0.18854311875103436]",89.16207030713288,5.692506820456033
"[0.32075513299708647, 0.6778203007161199, -0.9686512626452378, 0.17289680053038223]",44.54252718715732,5.699419015513436
"[0.3286553631179496, 0.9356274899958122, -1.070457174185417, 0.13286222395311661]",90.19564469102822,5.713243405628242
"[-0.13826548107457495, 0.7554354092946282, -0.6981316616493155, 0.15301985476130875]",42.228369508214406,5.732723228062743
"[-0.048178493000221784, 0.6715645016697354, -0.8057938776759149, 0.291311931210674]",48.6990727141599,5.742148948595565
"[0.0030736869560555875, 1.0470482212430852, -1.039211939770171, 0.26686057998311874]",44.965646477786905,5.754088194603807
"[0.41036687803542193, 0.8423493333940301, -0.8315935445529222, 0.143889540659191]",65.86772849802263,5.755344957341517
"[0.3414358515446145, 0.913307726657666, -0.7125289891898495, 0.2261426265750192]",48.09211888036531,5.755973338710373
"[0.003347340994054737, 1.1188719141099142, -0.8657479725207784, 0.26348342042911466]",43.017319720737554,5.76477067787434
"[0.2346653576601615, 1.107600460073589, -0.7288695056469183, 0.1685200206599826]",52.697147577522756,5.772939635669453
"[0.1348415599130918, 1.071419486217435, -0.842605985492245, 0.33675064403541666]",43.57224559969813,5.775453161144872
"[0.30836498984632904, 1.0774324544660658, -0.7571744753405508, 0.10652420917341045]",98.75646706395601,5.776709923882581
"[0.1904098171986572, 1.0428027464121237, -0.8033184308772143, 0.3379993101595298]",43.7288249182444,5.792419458103953
"[0.3676769744647825, 0.7073781891770231, -0.9141941426570707, 0.12932356107484178]",42.86039306735397,5.793047839472808
"[-0.08853240479071267, 0.700307536615982, -0.7485992395929612, 0.2523293038395595]",71.61134917695011,5.7980748904236465
"[0.005115306830514079, 1.1137098712048015, -0.8782386646322758, 0.2717560358773052]",46.185779421333216,5.804358704112195
"[0.36861422249367753, 0.8238605904347074, -0.9894960886015819, 0.20403613785644953]",44.509740577114,5.805615466849905
"[-0.11382996565103248, 0.7064770381381822, -0.7601063044698938, 0.2326733176252232]",49.58937366083194,5.818811475595856
"[-0.08101928173489069, 0.6573131373086735, -0.8935319171521219, 0.25137569549002564]",47.275494214174316,5.825723670653259
"[0.3074919171486612, 0.7357109803710159, -0.9807174767646301, 0.26374059900924773]",52.16868809668427,5.827608814759825
"[0.061241110559080505, 1.1230578424180138, -0.8230100523244642, 0.27487639497129945]",62.060165259360545,5.8345210098172275
"[0.002705784166810926, 0.7564441819903788, -0.5864827539366898, 0.11953710090123677]",34.97492886502786,5.837034535292647
"[-0.09467815032915848, 0.7400851334652164, -0.6688384219930587, 0.18577155885458232]",34.80457341724567,5.837662916661502
"[-0.16046758807523898, 0.7557300932062795, -0.7336746660888488, 0.14974798747857412]",34.82793109706566,5.838291298030357
"[0.10554855030990651, 1.1165528439619572, -0.7981334894442109, 0.2805433556649953]",39.690987016007675,5.838919679399211
"[0.39228085786460615, 0.8804401411783269, -0.7636142404497059, 0.162258084585227]",38.12737801056646,5.839548060768067
"[0.2467831267927561, 1.1014199675592382, -0.729156480372509, 0.1656582884202185]",37.11645595710846,5.8439467303500505
"[-0.13348506912202515, 0.7060367688355229, -0.7917419361855754, 0.21987629300973416]",34.6608168014227,5.8452034930877605
"[-0.06751903623400743, 0.700773615233231, -0.7302391434387352, 0.261837296014196]",34.644217208027506,5.845831874456614
"[0.006044878432175019, 0.7207367655602985, -0.6512857247904468, 0.2547595457466507]",34.72223229650138,5.84646025582547
"[0.08491241278164363, 1.0996392483497042, -0.850338040245893, 0.312016138453107]",86.11641897565619,5.870338747841953
"[-0.006845157544055337, 0.7075207029834035, -0.6876016569990151, 0.27783514477294247]",37.924187708203725,5.8791360870059215
"[0.2823963554222945, 1.080514008471112, -0.7332982953401866, 0.1557648874494993]",40.47490260147851,5.880392849743631
"[-0.03603816895426278, 1.1144372417074575, -0.8815954116271482, 0.2397953869877578]",47.4826065896581,5.881649612481341
"[0.20367079080382733, 1.0629666854660063, -0.7649271863195621, 0.30061318283987487]",41.86030732667006,5.884791519325615
"[0.35674885711406557, 1.029812047574738, -0.781393327710036, 0.10955883810236093]",39.5270299862853,5.88541990069447
"[-0.061757613603908516, 1.0839999500820097, -0.9543275861734217, 0.23610399036354082]",41.086643431875366,5.8898185702764545
"[0.2537405379108716, 0.9543975366727696, -0.7751917689509344, 0.34556763613020014]",49.61297191698998,5.895474002596147
"[0.0250756544429969, 1.0950588791454685, -0.9133506439435395, 0.2992243239436036]",46.14895194481908,5.899872672178132
"[-0.017590054788562952, 1.0455021762670305, -1.0456900206431312, 0.2472456878929675]",39.858510375412,5.903014579022406
"[0.3582433202259731, 0.8297287275912371, -0.7030727137910971, 0.17375201475163418]",42.40212561309478,5.90364296039126
"[0.34429902022704756, 1.0370058054758675, -0.7636389063808455, 0.12450910245125164]",52.33433478772905,5.904271341760116
"[0.4098866615390662, 0.8369982227070352, -0.8309797626775339, 0.1435830563209798]",69.05977554103941,5.905528104497825
"[-0.10073214981439786, 0.7031465875957204, -0.7533559524451919, 0.24311774873426806]",45.65757099257348,5.910555155448663
"[0.3020814075963283, 0.7938622042645738, -0.9868611370752183, 0.29837918968234234]",61.092304472901276,5.911183536817519
"[0.24154385801297792, 0.7962555717530645, -0.8633713611729179, 0.3740263908001065]",79.67840121830017,5.926264689670035
"[0.039759681947244004, 0.6773814817155327, -0.7823554749025697, 0.3319135997484291]",56.55051611506221,6.021150276367116
"[-0.04950464155643312, 1.091535505985891, -0.9397087844558756, 0.24616536994445917]",68.71146619246967,6.021778657735971
"[0.1081353457199817, 0.7300228041689888, -0.667177605262397, 0.30468674131656837]",31.383505154861666,6.040001717432761
"[0.06066909752355197, 0.6989867276465876, -0.7283020152222024, 0.32711985608360905]",31.26246601051776,6.040630098801617
"[0.021822176751521198, 0.6761183402051852, -0.7805605282737164, 0.32476496659571275]",31.19890237286214,6.041258480170471
"[-0.016645028791033144, 0.6606761333451918, -0.8287785142499319, 0.3069741133775275]",31.167854413555244,6.041886861539326
"[-0.06108357405101407, 0.6552100651535349, -0.8753043775715301, 0.271822221538273]",31.170492661897054,6.0425152429081805
"[-0.13114458877877266, 0.6790189287167444, -0.9189266895285828, 0.19382010087217277]",31.26313069834997,6.043143624277036
"[0.3203174591151909, 0.8463727263959412, -1.0264187173177723, 0.25921047218787946]",43.445670879745315,6.045657149752455
"[0.1876268389316379, 0.9990455211114834, -0.8786605348961264, 0.3728874107520141]",98.33000862737408,6.048170675227874
"[0.03819913580131727, 1.0766409904705534, -0.9479958435899098, 0.3123736679234338]",37.20948700866614,6.058853158498406
"[-0.16274644067916133, 1.0230430530245431, -0.9442574923293976, 0.11376611998484555]",24.498340708511574,6.0883870828345845
"[-0.1622072686405005, 1.0241815015786133, -0.9435930802204, 0.11473949032136284]",24.50191798133571,6.089015464203439
"[-0.16166554981371722, 1.025303963960802, -0.9429340530394611, 0.11570159159440915]",24.50543316077756,6.0896438455722945
"[-0.16112150450862145, 1.0264106522503587, -0.9422804051200104, 0.11665252920702901]",24.508887373487106,6.090272226941149
"[-0.16057534920291316, 1.0275017713085628, -0.941632132533878, 0.11759240423597916]",24.5122817081508,6.090900608310005
"[-0.16002728164461497, 1.0285775484837885, -0.940989215422893, 0.11852133901174071]",24.51561731417188,6.091528989678858
"[-0.15947748943922913, 1.029638215362049, -0.9403516286178064, 0.11943946151526524]",24.518895333312972,6.092157371047714
"[-0.15892615604568988, 1.0306839962294871, -0.9397193485697074, 0.1203468953750742]",24.522116871369054,6.092785752416568
"[-0.1583734451767451, 1.031715137624091, -0.9390923354645418, 0.12124378550304883]",24.52528309460566,6.093414133785424
"[-0.15781951608721007, 1.0327318788049697, -0.9384705509558355, 0.12213027252657287]",24.528395132425157,6.094042515154278
"[-0.15726451680197762, 1.0337344645527118, -0.937853950404473, 0.1230065038917737]",24.531454115786737,6.094670896523133
"[-0.15670858618588993, 1.034723141177191, -0.9372424852665487, 0.12387263039922063]",24.53446116421122,6.095299277891988
"[-0.15615185619369765, 1.0356981525760656, -0.9366361055320863, 0.12472880273529614]",24.53741738015347,6.095927659260842
"[-0.15559445371223685, 1.036659737341107, -0.936034761587655, 0.1255751688791286]",24.540323834879285,6.0965560406296975
"[-0.15503649006789477, 1.0376081469268277, -0.9354383928574843, 0.12641189007865142]",24.543181631182033,6.097184421998552
"[-0.1544780789367893, 1.0385436150135035, -0.9348469470104184, 0.12723911384314024]",24.54599179450924,6.0978128033674075
"[-0.15391931693344887, 1.0394663906631307, -0.934260359136345, 0.12805700316711432]",24.54875540026304,6.098441184736262
"[-0.15336030558319783, 1.0403767017872942, -0.9336785748971438, 0.12886570418165838]",24.551473433404556,6.099069566105117
"[-0.1528011327163912, 1.0412747863323741, -0.9331015308016565, 0.12966537372499984]",24.554146905211898,6.099697947473972
"[-0.1522418821275622, 1.042160876463223, -0.932529164280537, 0.13045616530103177]",24.556776803116037,6.100326328842827
"[-0.15168263374369115, 1.0430351987405062, -0.9319614136721154, 0.13123822916783248]",24.559364073962108,6.100954710211681
"[-0.15112346109941924, 1.0438979784079023, -0.9313982155141277, 0.1320117161180628]",24.56190966173939,6.101583091580536
"[-0.1505644373222373, 1.0447494304675968, -0.9308395104389203, 0.1327767694279017]",24.564414464596013,6.102211472949391
"[-0.15000562623287178, 1.0455897736698745, -0.9302852340976164, 0.1335335373570622]",24.566879379319058,6.102839854318246
"[-0.14944708693333048, 1.0464192235512084, -0.9297353217243248, 0.13428216688779462]",24.569305291864428,6.1034682356871
"[-0.14888887926122002, 1.047237984719767, -0.9291897133448663, 0.13502279669879083]",24.571693040355925,6.104096617055956
"[-0.14833105483352374, 1.0480462644500717, -0.9286483448335244, 0.13575556938680092]",24.57404346491575,6.10472499842481
"[-0.1477736634264312, 1.048844263478319, -0.9281111540790186, 0.13648062311466044]",24.576357374951403,6.105353379793666
"[-0.1472167589814484, 1.0496321679695497, -0.9275780865427135, 0.13719808421733934]",24.578635527740957,6.10598176116252
"[-0.14666037740340931, 1.0504101812542672, -0.9270490738707953, 0.1379080960455739]",24.580878729484915,6.106610142531375
"[-0.14610456265040064, 1.0511784870162721, -0.9265240588193889, 0.13861078542794442]",24.583087720445672,6.10723852390023
"[-0.14554935519308546, 1.05193726610709, -0.9260029840098065, 0.13930627789924524]",24.5852632124779,6.107866905269085
"[-0.14499478921963907, 1.0526867004804348, -0.9254857892521753, 0.13999470128681887]",24.58740592659267,6.10849528663794
"[-0.14444090063624437, 1.053426962517283, -0.9249724189452628, 0.14067617588062378]",24.589516550818843,6.109123668006794
"[-0.1438877180006363, 1.0541582274825219, -0.9244628135336269, 0.1413508258397951]",24.59159576056793,6.10975204937565
"[-0.14333527275264163, 1.0548806600795213, -0.9239569188938533, 0.14201876677442643]",24.59364420739752,6.110380430744504
"[-0.14278359022553544, 1.0555944265910289, -0.9234546779463675, 0.1426801168998829]",24.595662539335024,6.111008812113359
"[-0.14223270033728097, 1.0562996811936867, -0.9229560403244454, 0.1433349843296041]",24.597651353021813,6.111637193482213
"[-0.141682620089825, 1.056996588651828, -0.9224609464147908, 0.14398348809360242]",24.59961128962394,6.112265574851069
"[-0.14113338091275263, 1.0576852896751192, -0.9219693519609401, 0.1446257259031328]",24.601542891310306,6.112893956219923
"[-0.14058499620733036, 1.0583659422223552, -0.9214811987737969, 0.1452618125513012]",24.60344676140004,6.113522337588778
"[-0.14003748656389808, 1.0590386898163424, -0.9209964373206, 0.14589185037911415]",24.605323456040143,6.114150718957633
"[-0.1394908733026785, 1.059703670082731, -0.9205150207687566, 0.14651593715395125]",24.607173499160496,6.114779100326488
"[-0.13894517341847756, 1.0603610211030188, -0.9200369004497359, 0.14713417199224474]",24.608997413929398,6.115407481695343
"[-0.13840039581421962, 1.0610108858678786, -0.9195620225851082, 0.147746659565918]",24.610795750223726,6.116035863064197
"[-0.13785655977249875, 1.0616533903276193, -0.9190903443496626, 0.14835348939902912]",24.612568979994425,6.116664244433053
"[-0.1373136786131769, 1.0622886632350919, -0.9186218194874894, 0.14895475449922144]",24.614317593540402,6.117292625801907
"[-0.1367717638282384, 1.062916831245485, -0.9181564018986926, 0.1495505467338853]",24.61604206722524,6.117921007170763
"[-0.13623082866010705, 1.0635380149249152, -0.9176940486478421, 0.15014095301257593]",24.617742853275026,6.118549388539617
"[-0.1356908798527312, 1.0641523383729043, -0.9172347128513807, 0.15072606440193276]",24.619420418165888,6.119177769908472
"[-0.13515192944608428, 1.0647599158258139, -0.9167783536977937, 0.15130596336248558]",24.621075189981905,6.119806151277327
"[-0.13461398637618469, 1.0653608614426895, -0.9163249292102165, 0.15188073302093724]",24.62270759159212,6.120434532646182
"[-0.13407705875357145, 1.0659552867965283, -0.9158743981485676, 0.15245045476382538]",24.624318040702562,6.121062914015036
"[-0.13354115303872227, 1.06654330188807, -0.9154267192750699, 0.15301520918793876]",24.62590694654385,6.121691295383891
"[-0.13300627565651008, 1.0671250134648762, -0.91498185266444, 0.153575074466748]",24.627474701239052,6.122319676752746
"[-0.13247243747272175, 1.0677005203557683, -0.9145397633464014, 0.15413012181516375]",24.629021673018837,6.122948058121601
"[-0.13193963643539186, 1.0682699322810858, -0.9141004068899857, 0.15468043361010123]",24.63054826615751,6.1235764394904555
"[-0.13140788345062057, 1.0688333420851726, -0.9136637507801201, 0.15522607658188992]",24.63205481840662,6.124204820859311
"[-0.13087718253755576, 1.0693908472076517, -0.9132297579505648, 0.1557671225056326]",24.633541690780156,6.1248332022281655
"[-0.13034753353476433, 1.0699425466796015, -0.9127983890539725, 0.15630364532514532]",24.635009246044213,6.125461583597021
"[-0.12981894464128632, 1.0704885281538934, -0.912369612637263, 0.1568357085189576]",24.636457804764035,6.126089964965875
"[-0.12929141882444692, 1.0710288822371907, -0.9119433940030091, 0.15736337899767702]",24.637887695839417,6.12671834633473
"[-0.12876495397438362, 1.0715637022083495, -0.9115196953772391, 0.15788672686005528]",24.63929925967587,6.127346727703585
"[-0.12823955724435893, 1.0720930695155486, -0.9110984874230109, 0.15840581118639438]",24.640692791566416,6.12797510907244
"[-0.12771522971451088, 1.0726170695147814, -0.9106797368354255, 0.15892069540154244]",24.642068599598254,6.128603490441295
"[-0.12719197377986255, 1.073135784014196, -0.9102634122660869, 0.15943143996802556]",24.643426982010766,6.129231871810149
"[-0.12666978741850551, 1.0736492970248865, -0.9098494797341456, 0.15993810803222624]",24.644768239836214,6.129860253179005
"[-0.12614867437254498, 1.0741576847760343, -0.9094379106838238, 0.1604407555668094]",24.646092650784382,6.130488634547859
"[-0.12562863498938717, 1.0746610248452768, -0.9090286746756907, 0.16093944034889918]",24.647400491229163,6.131117015916714
"[-0.1251096710664943, 1.0751593914670372, -0.9086217431975364, 0.16143421731342888]",24.648692027418225,6.1317453972855684
"[-0.12459177988339344, 1.0756528613214846, -0.9082170849607751, 0.16192514428628887]",24.649967535548036,6.132373778654424
"[-0.12407496143365788, 1.0761415066240747, -0.9078146715559888, 0.16241227511560435]",24.651227273089912,6.1330021600232785
"[-0.12355922164856414, 1.0766253922778848, -0.9074144798865423, 0.16289565678059617]",24.65247146673229,6.133630541392133
"[-0.12304455226741337, 1.077104594817306, -0.9070164765254045, 0.16337534830108827]",24.653700397892,6.1342589227609885
"[-0.12253095660357483, 1.0775791782456616, -0.9066206377017655, 0.16385139659792344]",24.654914289617324,6.134887304129843
"[-0.12201843482711902, 1.0780492079455741, -0.9062269378412513, 0.16432385036232736]",24.65611337025804,6.1355156854986985
"[-0.12150698294910055, 1.0785147515437798, -0.9058353488082178, 0.16479276094441087]",24.65729788709085,6.136144066867552
"[-0.12099660234688796, 1.0789758702488828, -0.9054458471937543, 0.1652581736269106]",24.65846805305242,6.136772448236408
"[-0.12048729066936482, 1.07943262720824, -0.905058407321544, 0.16572013602158123]",24.659624085741232,6.137400829605262
"[-0.11997904658920622, 1.0798850832169669, -0.9046730048717901, 0.16617869373834004]",24.660766210142626,6.138029210974118
"[-0.11947187089114371, 1.0803332958398053, -0.9042896176713853, 0.16663388947030208]",24.661894615884073,6.138657592342972
"[-0.11896575596937523, 1.0807773287036941, -0.9039082177489306, 0.16708577242878062]",24.66300953866025,6.139285973711827
"[-0.11846070648590232, 1.0812172333460246, -0.9035287869108303, 0.16753437987938322]",24.66411115094738,6.139914355080682
"[-0.11795671846790778, 1.0816530676521656, -0.9031513009516116, 0.16797975587761524]",24.665199658305813,6.140542736449537
"[-0.11745378431688391, 1.0820848913398182, -0.9027757334712363, 0.16842194670925664]",24.666275271360295,6.141171117818391
"[-0.11695191247338121, 1.0825127491836335, -0.9024020705185092, 0.16886098368067654]",24.66733814137319,6.141799499187246
"[-0.11645109109534738, 1.082936702173348, -0.9020302834764213, 0.1692969150340536]",24.668388486625826,6.1424278805561014
"[-0.11595132498571013, 1.0833567960110222, -0.9016603565624028, 0.16972977362850933]",24.669426457397606,6.143056261924956
"[-0.11545260555687496, 1.0837730866205577, -0.9012922644993282, 0.17015960314576384]",24.67045225636185,6.143684643293811
"[-0.11495493414264801, 1.0841856205328664, -0.9009259897766269, 0.17058643788583364]",24.671466041349454,6.144313024662666
"[-0.11445830920987196, 1.084594445694781, -0.9005615131615196, 0.17101031388700003]",24.67246797873944,6.144941406031521
"[-0.11396272619988673, 1.0849996115452494, -0.9001988136010356, 0.17143126902235734]",24.673458237849307,6.145569787400375
"[-0.11346818127828064, 1.085401165925414, -0.8998378709738049, 0.17184933979776967]",24.67443698427272,6.14619816876923
"[-0.11297467436150566, 1.0857991526953297, -0.8994786682709703, 0.1722645588477321]",24.675404370410448,6.146826550138085
"[-0.11248220238710727, 1.0861936172356401, -0.8991211866698192, 0.1726769606521492]",24.676360550966223,6.14745493150694
"[-0.11199076215985987, 1.0865846041353562, -0.8987654076103198, 0.17308657913000253]",24.677305678823174,6.148083312875794
"[-0.1115003485741074, 1.0869721586136987, -0.8984113115043045, 0.17349344912712542]",24.67823991120693,6.14871169424465
"[-0.11101096150196718, 1.0873563211054118, -0.8980588826975338, 0.17389760072285024]",24.679163386179223,6.149340075613504
"[-0.11052259810445406, 1.0877371333900212, -0.8977081038979347, 0.17429906564801903]",24.680076242030616,6.14996845698236
"[-0.11003525454114298, 1.0881146372234292, -0.8973589574152181, 0.1746978758545772]",24.68097862523237,6.1505968383512135
"[-0.10954892812575268, 1.088488872680868, -0.8970114266996213, 0.17509406176133496]",24.681870672474226,6.151225219720069
"[-0.10906361512154433, 1.0888598798871938, -0.896665494753393, 0.1754876540749243]",24.68275251879061,6.1518536010889235
"[-0.10857931282690726, 1.0892276974321315, -0.8963211456129956, 0.1758786821058527]",24.683624297037777,6.152481982457779
"[-0.10809601848181719, 1.0895923632381095, -0.8959783635573191, 0.17626717467888847]",24.6844861320183,6.153110363826634
"[-0.1076137289719837, 1.089953914798641, -0.8956371328915297, 0.17665316038232304]",24.68533815491132,6.153738745195488
"[-0.1071324404751597, 1.090312389450534, -0.8952974376934209, 0.17703666785662836]",24.68618049204105,6.154367126564344
"[-0.10665215062582685, 1.0906678227779152, -0.8949592633345747, 0.17741772408182868]",24.687013262601756,6.154995507933198
"[-0.10617285736961853, 1.091020249503652, -0.8946225956574111, 0.1777963553183205]",24.68783657907624,6.155623889302053
"[-0.10569455486997469, 1.0913697064938588, -0.8942874181009971, 0.17817259033714258]",24.68865057421358,6.156252270670907
"[-0.10521724233984696, 1.0917162262948434, -0.8939537178928869, 0.17854645346586334]",24.689455351416775,6.156880652039763
"[-0.10474091681616166, 1.0920598424610852, -0.8936214809676432, 0.17891797030784148]",24.69025102235779,6.157509033408617
"[-0.10426557261810827, 1.0924005899069842, -0.89329069160204, 0.1792871681371021]",24.691037711179593,6.158137414777472
"[-0.10379120684408219, 1.0927385009569939, -0.8929613362429267, 0.17965407162255687]",24.69181551818317,6.158765796146327
"[-0.10331782246336682, 1.0930736032406245, -0.8926334056187445, 0.1800187005070963]",24.69258453911172,6.159394177515182
"[-0.1028454060889808, 1.093405935422269, -0.8923068793428484, 0.1803810867254645]",24.693344905249194,6.160022558884037
"[-0.10237396171661169, 1.0937355233423216, -0.8919817492764076, 0.18074124843448675]",24.694096700671118,6.160650940252891
"[-0.10190348454160553, 1.0940623985435256, -0.8916580013927207, 0.1810992101752619]",24.694840031694476,6.1612793216217465
"[-0.10143397233887436, 1.0943865902591656, -0.8913356236444188, 0.18145499413955707]",24.69557498972816,6.161907702990601
"[-0.10096541923776033, 1.0947081297389338, -0.8910146016788509, 0.1818086249071745]",24.696301687752033,6.1625360843594565
"[-0.1004978215379422, 1.095027046229381, -0.8906949228320987, 0.18216012503650875]",24.69702021856509,6.163164465728311
"[-0.10003118130757452, 1.0953433645995372, -0.890376578560392, 0.18250951241723506]",24.69773066333298,6.163792847097166
"[-0.09956548861557542, 1.0956571174048377, -0.8900595523113723, 0.18285681358808656]",24.698433132182952,6.164421228466021
"[-0.09910074472117926, 1.0959683291697215, -0.8897438353428693, 0.18320204637590135]",24.699127705928596,6.165049609834876
"[-0.09863694839471525, 1.0962770257033918, -0.8894294173752764, 0.1835452301688513]",24.699814464084188,6.16567799120373
"[-0.09817409150193185, 1.096583236970735, -0.88911628362127, 0.18388638913542524]",24.70049351065329,6.166306372572585
"[-0.09771217211420616, 1.0968869883693113, -0.8888044236719341, 0.18422554252605866]",24.701164933740504,6.16693475394144
"[-0.09725118667307284, 1.0971883059684717, -0.8884938261760597, 0.18456271048840833]",24.701828812203583,6.167563135310295
"[-0.09679113587499281, 1.0974872126743322, -0.888184482800637, 0.18489790977169182]",24.702485221047805,6.1681915166791494
"[-0.09633201175571734, 1.0977837366373369, -0.8878763795402109, 0.18523116314891067]",24.703134254693783,6.168819898048005
"[-0.09587381606478489, 1.098077899332521, -0.8875695090651696, 0.18556248604253284]",24.703775984397755,6.1694482794168595
"[-0.09541653945623642, 1.0983697289944918, -0.8872638567584172, 0.18589190162585764]",24.70441050196089,6.170076660785715
"[-0.09496018506121584, 1.098659245504762, -0.8869594164950995, 0.18621942379284198]",24.705037870108384,6.170705042154569
"[-0.09450474361321112, 1.0989464762755854, -0.886656174012267, 0.186545075084253]",24.705658182659896,6.171333423523424
"[-0.09405021938762229, 1.099231439811394, -0.8863541242069576, 0.18686886808397843]",24.706271497431224,6.171961804892279
"[-0.09359660423174332, 1.0995141621051325, -0.886053253838177, 0.18719082400128573]",24.706877895597888,6.172590186261134
"[-0.09314389439144852, 1.0997946660216429, -0.8857535527316235, 0.18751096063634473]",24.707477456715267,6.173218567629989
"[-0.09269208995292848, 1.1000729717284392, -0.8854550133804845, 0.18782929283567826]",24.70807024403823,6.173846948998843
"[-0.09224118494951956, 1.1003491028122356, -0.8851576244002048, 0.18814583947892488]",24.70865633576804,6.174475330367699
"[-0.09179117816662899, 1.1006230796179763, -0.8848613776694904, 0.18846061586242155]",24.709235795941375,6.175103711736553
"[-0.09134206806216284, 1.1008949224054814, -0.8845662649640009, 0.1887736372980938]",24.70980868660727,6.175732093105408
"[-0.09089384754461466, 1.101164654482776, -0.8842722745340343, 0.1890849227337889]",24.71037509344282,6.176360474474262
"[-0.0904465188968401, 1.1014322932124654, -0.8839794008971036, 0.18939448438004844]",24.710935060691842,6.176988855843118
"[-0.09000007160424926, 1.101697863330797, -0.883687630303003, 0.18970234309177467]",24.711488678259844,6.177617237211972
"[-0.08955450912041392, 1.1019613809494018, -0.8833969582519944, 0.19000850985719908]",24.71203599173775,6.178245618580827
"[-0.08910982891883391, 1.1022228654956736, -0.8831073764322386, 0.1903129996064734]",24.71257706110375,6.1788739999496824
"[-0.08866602410395295, 1.1024823386769316, -0.8828188737987465, 0.19061583004603672]",24.713111964647528,6.179502381318537
"[-0.08822309401651218, 1.102739818265436, -0.882531443472156, 0.19091701441201653]",24.713640751053838,6.1801307626873925
"[-0.08778103614611134, 1.1029953228688116, -0.8822450774667372, 0.19121656701869744]",24.714163483156586,6.180759144056246
"[-0.08733984351129788, 1.1032488734054362, -0.8819597650061005, 0.19151450500655703]",24.714680233604724,6.181387525425102
"[-0.08689951725478462, 1.1035004858597126, -0.8816755006701636, 0.19181083983243857]",24.715191044049217,6.182015906793956
"[-0.08646005480612591, 1.103750178125769, -0.8813922767259896, 0.19210558529241362]",24.715695975892015,6.182644288162812
"[-0.08602145187147427, 1.1039979688305914, -0.8811100844255464, 0.19239875615471605]",24.716195090861277,6.183272669531666
"[-0.08558370530484412, 1.1042438757026418, -0.8808289158558742, 0.19269036623420924]",24.716688442544637,6.183901050900521
"[-0.08514681122207099, 1.1044879166452584, -0.88054876272268, 0.19298042965882495]",24.71717608764332,6.184529432269376
"[-0.08471076959369843, 1.1047301071857296, -0.8802696192902771, 0.19326895783071943]",24.71765807728638,6.185157813638231
"[-0.08427557562552007, 1.1049704652866814, -0.8799914768552975, 0.19355596514681417]",24.718134467579077,6.185786195007085
"[-0.0838412290080921, 1.1052090062105429, -0.8797143296671065, 0.1938414628799239]",24.718605303502624,6.18641457637594
"[-0.08340772305891628, 1.1054457485056652, -0.8794381679916463, 0.1941254663320954]",24.71907065189989,6.187042957744795
"[-0.08297505965097804, 1.105680705828288, -0.8791629876298266, 0.19440798503674156]",24.719530545637568,6.18767133911365
"[-0.0825432304368074, 1.1059138971875155, -0.8788887779591388, 0.1946890350533689]",24.719985056447715,6.1882997204825045
"[-0.08211223735313122, 1.1061453358143205, -0.8786155349733338, 0.19496862558154593]",24.720434218387766,6.18892810185136
"[-0.08168207580254971, 1.1063750382756823, -0.8783432505918594, 0.19524676992963966]",24.720878086240766,6.189556483220215
"[-0.08125274604781364, 1.1066030183465654, -0.8780719198865916, 0.1955234781167417]",24.721316695869323,6.190184864589069
"[-0.08082423793397521, 1.106829295130445, -0.877801531423601, 0.1957987667250677]",24.72175012226178,6.190813245957924
"[-0.08039655642661017, 1.107053879536256, -0.8775320833900213, 0.19607264246720219]",24.722178388941018,6.191441627326779
"[-0.0799696967426268, 1.1072767874536389, -0.8772635678870702, 0.19634511819321954]",24.72260154604093,6.192070008695634
"[-0.0795436543504537, 1.1074980344351142, -0.8769959772523366, 0.19661620644028818]",24.723019647755677,6.192698390064488
"[-0.0791184274335708, 1.1077176344345125, -0.8767293056009507, 0.19688591787777268]",24.723432734556013,6.193326771433344
"[-0.078694015083818, 1.107935600774337, -0.8764635476809328, 0.1971542624774056]",24.723840846179126,6.193955152802198
"[-0.07827041389808784, 1.1081519478947985, -0.8761986967415253, 0.197421251666089]",24.724244029389844,6.194583534171054
"[-0.07784762091429992, 1.1083666898342275, -0.8759347463753406, 0.19768689646146817]",24.724642326877944,6.1952119155399075
"[-0.07742562991222691, 1.108579842101546, -0.8756716882108725, 0.19795120979184547]",24.725035796329244,6.195840296908763
"[-0.07700444660305555, 1.1087914140248223, -0.8754095213741354, 0.1982141969970456]",24.725424450940018,6.1964686782776175
"[-0.076584061144465, 1.1090014226116383, -0.8751482353625635, 0.19847587302790265]",24.725808355757575,6.197097059646473
"[-0.0761644729816156, 1.1092098800299093, -0.8748878255206936, 0.19873624690707228]",24.726187542037227,6.1977254410153275
"[-0.0757456817419536, 1.1094167982244405, -0.8746282873582975, 0.19899532744437048]",24.726562054584935,6.198353822384182
"[-0.07532768368665153, 1.1096221906604866, -0.8743696143542738, 0.1992531254253706]",24.726931924961395,6.1989822037530375
"[-0.07491047702982828, 1.1098260696883144, -0.8741118012553721, 0.1995096503157691]",24.72729719780132,6.199610585121892
"[-0.07449405656454758, 1.1100284491765322, -0.8738548407527816, 0.19976491357080697]",24.727657916788438,6.200238966490747
"[-0.07407842134454119, 1.1102293407662323, -0.8735987282262533, 0.2000189239177926]",24.728014112762043,6.200867347859601
"[-0.07366357096355551, 1.1104287557135772, -0.8733434594367395, 0.20027168966092831]",24.7283658252666,6.201495729228457
"[-0.07324950019180372, 1.1106267074558016, -0.8730890272299152, 0.20052322194090327]",24.728713095054445,6.202124110597311
"[-0.07283620890618106, 1.110823206842036, -0.8728354276449782, 0.20077352868750462]",24.72905595411022,6.202752491966166
"[-0.07242369257240616, 1.1110182666901551, -0.872582654063894, 0.2010226204061692]",24.72939444251786,6.203380873335021
"[-0.0720119506683221, 1.1112118977813727, -0.872330702380047, 0.20127050507620728]",24.72972859182178,6.204009254703876
"[-0.07160097810141502, 1.1114041129170502, -0.8720795657395556, 0.20151719333231885]",24.730058445167835,6.204637636072731
"[-0.07119077530977673, 1.111594922176627, -0.871829240719418, 0.20176269238919628]",24.730384031489113,6.205266017441585
"[-0.07078133955848333, 1.111784337005378, -0.8715797220032191, 0.20200701127785303]",24.73070538462457,6.2058943988104405
"[-0.0703726674207145, 1.1119723690376162, -0.8713310039024861, 0.2022501593450586]",24.731022542971544,6.206522780179295
"[-0.06996475785720588, 1.1121590286846754, -0.8710830822291245, 0.20249214442463834]",24.731335535519467,6.2071511615481505
"[-0.06955760669223665, 1.1123443276737335, -0.8708359509342727, 0.20273297612226718]",24.73164440049342,6.207779542917005
"[-0.06915121339073689, 1.1125282759515362, -0.8705896062255993, 0.20297266179859888]",24.731949165701767,6.20840792428586
"[-0.06874557470460683, 1.1127108845835545, -0.8703440427081877, 0.20321121033282732]",24.732249868237574,6.209036305654715
"[-0.06834069072585643, 1.1128921630196005, -0.8700992570518842, 0.20344862855652035]",24.732546532557794,6.20966468702357
"[-0.06793655502898936, 1.1130721235137737, -0.869855242029359, 0.2036849270385274]",24.732839203346785,6.210293068392424
"[-0.06753316849068425, 1.1132507749434377, -0.8696119948690246, 0.2039201119858854]",24.733127897072613,6.210921449761279
"[-0.06713052855767136, 1.1134281276132776, -0.8693695107667977, 0.2041541915363715]",24.733412653804127,6.211549831130134
"[-0.06672863249890625, 1.113604191794777, -0.8691277848536211, 0.20438717384849805]",24.733693500540355,6.212178212498989
"[-0.06632747645114402, 1.1137789781404162, -0.8688868116225533, 0.2046190676521939]",24.73397047284696,6.212806593867843
"[-0.0659270599381279, 1.1139524957188713, -0.8686465876419448, 0.20484987963945434]",24.734243596235324,6.213434975236699
"[-0.06552738198013697, 1.1141247537286436, -0.868407109212373, 0.20507961672617225]",24.734512897983265,6.214063356605553
"[-0.06512844032755064, 1.1142957618210514, -0.8681683719096654, 0.2053082864877065]",24.734778405355854,6.214691737974409
"[-0.06473022911535596, 1.114465531084042, -0.8679303691881337, 0.20553589848847556]",24.735040157530666,6.215320119343263
"[-0.0643327500471686, 1.1146340692725847, -0.8676930990654083, 0.20576245788836237]",24.735298173687806,6.215948500712118
"[-0.0639360010756561, 1.1148013856579944, -0.8674565573493275, 0.2059879719291032]",24.735552483298886,6.216576882080973
"[-0.06353997817897006, 1.1149674902429603, -0.8672207387084349, 0.20621244889992502]",24.735803113833644,6.217205263449828
"[-0.06314467775282001, 1.1151323927453036, -0.8669856381004202, 0.20643589677282834]",24.73605009987474,6.217833644818683
"[-0.06275010080755612, 1.1152961008676128, -0.8667512532616233, 0.20665832084434]",24.73629346151467,6.218462026187537
"[-0.062356246393417775, 1.1154586230561105, -0.8665175807915113, 0.20687972746317876]",24.736533222103297,6.219090407556393
"[-0.061963110017589786, 1.1156199691275572, -0.8662846152218373, 0.20710012490207694]",24.73676941280572,6.219718788925247
"[-0.061570686773399025, 1.115780148957194, -0.8660523508797225, 0.20731952158445957]",24.73700206924536,6.220347170294102
"[-0.06117897888586446, 1.1159391694207443, -0.8658207863465531, 0.20753792188105458]",24.7372312012807,6.220975551662956
"[-0.06078798488762651, 1.1160970388327298, -0.8655899180450095, 0.20775533217535386]",24.737456839837197,6.221603933031812
"[-0.06039770052556719, 1.1162537665437124, -0.8653597407859995, 0.2079717603343318]",24.73767901015356,6.222232314400666
"[-0.06000812432755699, 1.1164093606938013, -0.8651302510551646, 0.2081872126139596]",24.737897741438122,6.222860695769521
"[-0.05961925369125896, 1.1165638297934672, -0.8649014447028551, 0.20840169583519297]",24.73811305752656,6.223489077138376
"[-0.0592310883157574, 1.1167171813603962, -0.8646733189631745, 0.20861521549130135]",24.73832497612086,6.224117458507231
"[-0.058843624398402246, 1.1168694242191943, -0.8644458690411254, 0.2088277789449544]",24.738533529347247,6.224745839876086
"[-0.058456860323235306, 1.1170205662481436, -0.8642190914575109, 0.20903939229516255]",24.738738737684997,6.22537422124494
"[-0.05807079570857118, 1.1171706147725948, -0.8639929834836875, 0.2092500609130018]",24.738940624102526,6.226002602613796
"[-0.0576854282372701, 1.1173195778010112, -0.8637675412837691, 0.20945979117413516]",24.7391392082232,6.22663098398265
"[-0.05730075329293484, 1.1174674641448925, -0.8635427597082647, 0.2096685906426983]",24.739334524093152,6.227259365351506
"[-0.05691677287318386, 1.1176142799970892, -0.8633186375008235, 0.20987646323670084]",24.739526585833108,6.22788774672036
"[-0.056533482983531474, 1.117760033782366, -0.8630951699305504, 0.21008341607350395]",24.739715413353533,6.228516128089215
"[-0.056150878908169104, 1.1179047341080472, -0.8628723518791266, 0.21028945659318063]",24.739901044323954,6.22914450945807
"[-0.055768966322102174, 1.1180483855894692, -0.8626501843033009, 0.21049458659363798]",24.740083480462413,6.229772890826925
"[-0.05538773653560796, 1.1181909981928544, -0.8624286598240535, 0.2106988155486468]",24.740262757192482,6.230401272195779
"[-0.05500719018398902, 1.1183325782996487, -0.862207776515303, 0.21090214786671027]",24.740438893453252,6.231029653564634
"[-0.05462732533630032, 1.1184731331904179, -0.8619875309828944, 0.21110458928569495]",24.74061190671249,6.231658034933489
"[-0.054248139170817014, 1.118612670404723, -0.8617679193423052, 0.2113061459662016]",24.740781826897578,6.232286416302344
"[-0.05386963006750587, 1.1187511969693418, -0.8615489384310152, 0.21150682337816734]",24.740948669044197,6.2329147976711985
"[-0.05349179808991627, 1.1188887192361714, -0.8613305860827631, 0.2117066260551709]",24.741112451909594,6.233543179040054
"[-0.053114640544016, 1.1190252445030788, -0.8611128585595283, 0.21190555994600443]",24.741273196978202,6.2341715604089085
"[-0.05273815498203728, 1.119160779908777, -0.8608957522911042, 0.21210363081822523]",24.741430923903952,6.234799941777764
"[-0.05236233939120355, 1.1192953323686883, -0.860679263982676, 0.2123008441615135]",24.741585658170372,6.235428323146618
"[-0.051987194196782285, 1.1194289078688213, -0.8604633917651691, 0.21249720414411702]",24.741737411657986,6.236056704515473
"[-0.051612713771727145, 1.1195615144885307, -0.8602481303096369, 0.2126927180567215]",24.74188621389949,6.236685085884328
"[-0.05123889884021799, 1.1196931579862757, -0.8600334779639578, 0.21288738982170016]",24.742032079031414,6.237313467253182
"[-0.05086574788583728, 1.1198238448628335, -0.8598194318074919, 0.21308122449303712]",24.742175021857285,6.237941848622038
"[-0.05049325900224129, 1.1199535816974358, -0.8596059887174927, 0.2132742272843549]",24.74231506867579,6.238570229990892
"[-0.0501214274851433, 1.120082375976487, -0.8593931439923136, 0.21346640480988538]",24.742452239394293,6.239198611359748
"[-0.04975025821548147, 1.1202102318137943, -0.8591808984368083, 0.21365775869084191]",24.742586542044236,6.239826992728601
"[-0.04937974170269318, 1.1203371582264974, -0.8589692446557791, 0.21384829792223253]",24.74271800729247,6.240455374097457
"[-0.0490098819161058, 1.1204631595442536, -0.8587581829699162, 0.21403802452204104]",24.74284664645989,6.2410837554663114
"[-0.048640674676791854, 1.120588242837436, -0.8585477090642539, 0.21422694466095582]",24.742972478647662,6.241712136835167
"[-0.048272117801326446, 1.120712414432931, -0.8583378197855125, 0.2144150634396598]",24.74309552499066,6.2423405182040215
"[-0.04790421250270082, 1.1208356794655197, -0.8581285139326185, 0.21460238418966388]",24.743215798778607,6.242968899572876
"[-0.04753695394248137, 1.1209580450491425, -0.8579197868798661, 0.21478891328770452]",24.74333331962009,6.2435972809417315
"[-0.047170342305767166, 1.1210795165621141, -0.8577116368788354, 0.21497465451409298]",24.743448104155828,6.244225662310586
"[-0.046804374449483176, 1.1212001004383019, -0.8575040603091196, 0.21515961330032135]",24.74356017323056,6.244854043679441
"[-0.046439049243111596, 1.121319802392054, -0.8572970547122608, 0.2153437940195432]",24.743669542720035,6.245482425048295
"[-0.04607436669791743, 1.1214386277201667, -0.8570906182931635, 0.2155272004368862]",24.743776226349546,6.246110806417151
"[-0.045710321617595716, 1.121556583364288, -0.8568847463278328, 0.21570983889837658]",24.74388024481124,6.246739187786005
"[-0.04534691657691523, 1.1216736736942658, -0.8566794385064141, 0.21589171181200506]",24.743981610057592,6.24736756915486
"[-0.04498415000032567, 1.1217899043877726, -0.8564746921862494, 0.2160728236400682]",24.744080334383543,6.247995950523715
"[-0.04462201508354374, 1.1219052827359712, -0.8562705017954163, 0.21625318141069685]",24.74417645093372,6.24862433189257
"[-0.04426051408533921, 1.1220198130822623, -0.8560668668935165, 0.2164327875947482]",24.74426996352119,6.249252713261425
"[-0.043899644462603075, 1.1221335012593554, -0.8558637843478478, 0.21661164702438865]",24.74436089012652,6.249881094630279
"[-0.0435394056122601, 1.1222463524409778, -0.8556612521348871, 0.21678976353519616]",24.744449244978515,6.250509475999134
"[-0.04317979643062888, 1.1223583719176469, -0.8554592679646493, 0.21696714118050361]",24.744535044551615,6.251137857367989
"[-0.04282081219449443, 1.1224695660560582, -0.8552578275325398, 0.21714378576165055]",24.74461830738222,6.2517662387368444
"[-0.04246245327200893, 1.1225799395925933, -0.8550569294098833, 0.21731970053607202]",24.744699046527185,6.252394620105699
"[-0.042104720339652804, 1.1226894971390042, -0.8548565723525533, 0.21749488858717525]",24.744777272854932,6.253023001474554
"[-0.041747607807247, 1.1227982451818859, -0.8546567516227694, 0.2176693560347428]",24.74485301391188,6.253651382843409
"[-0.041391115954400426, 1.1229061883646358, -0.8544574657867319, 0.2178431060907367]",24.744926273441344,6.254279764212264
"[-0.04103524458128876, 1.1230133314447037, -0.8542587131546557, 0.21801614217724807]",24.744997067016673,6.254908145581118
"[-0.04067998957379724, 1.1231196803151338, -0.8540604898662165, 0.21818846958819946]",24.745065417551647,6.255536526949973
"[-0.04032535302699844, 1.1232252389669375, -0.8538627955413055, 0.218360090573924]",24.74513132376464,6.256164908318828
"[-0.03997133039369622, 1.123330013334865, -0.85366562610964, 0.2185310105742394]",24.745194812450823,6.256793289687683
"[-0.03961791904319781, 1.1234340087302497, -0.8534689785878192, 0.2187012340634243]",24.74525590209634,6.257421671056537
"[-0.03926512293481094, 1.1235372284943062, -0.8532728536710883, 0.21887076231837901]",24.74531459338802,6.258050052425393
"[-0.03891293152025267, 1.1236396801734059, -0.8530772440040221, 0.21903960355839122]",24.745370917367318,6.258678433794247
"[-0.0385613522406933, 1.1237413660262037, -0.8528821522415692, 0.21920775733949677]",24.745424868165994,6.259306815163103
"[-0.03821038013927307, 1.123842291887132, -0.8526875741643648, 0.21937522913832053]",24.74547647249279,6.2599351965319565
"[-0.03786001367959509, 1.1239424625541452, -0.8524935074676384, 0.21954202276152407]",24.745525741611644,6.260563577900812
"[-0.03751025068584623, 1.124041882968211, -0.8522999495067508, 0.2197081422911409]",24.745572687353693,6.2611919592696665
"[-0.03716109078317199, 1.1241405575207974, -0.8521068986473042, 0.2198735909263331]",24.745617325519103,6.261820340638522
"[-0.03681253328578391, 1.1242384906606526, -0.8519143530944392, 0.22003837199080065]",24.745659664046944,6.262448722007377
"[-0.036464573837657485, 1.1243356878272632, -0.8517223090402368, 0.22020249051396582]",24.745699723442087,6.263077103376231
"[-0.03611721651675828, 1.1244321520696752, -0.851530767344204, 0.22036594752190358]",24.74573750597381,6.263705484745087
"[-0.03577045271922903, 1.1245278899280786, -0.8513397218841631, 0.22052874998562091]",24.74577304040264,6.264333866113941
"[-0.03542428721658975, 1.1246229042005653, -0.8511491739239003, 0.22069089856132726]",24.745806323073385,6.264962247482796
"[-0.035078714048169535, 1.124717200610127, -0.8509591188279961, 0.22085239891620181]",24.745837379142355,6.26559062885165
"[-0.034733735527685265, 1.1248107825780869, -0.8507695565269506, 0.22101325281900203]",24.745866214230144,6.266219010220506
"[-0.0343893462867275, 1.1249036555810428, -0.8505804827406646, 0.2211734655991491]",24.745892845968083,6.26684739158936
"[-0.03404554893027882, 1.124995822905381, -0.8503918975805543, 0.22133303884794203]",24.745917277769106,6.267475772958215
"[-0.033702339389020605, 1.1250872896029358, -0.8502037975060991, 0.22149197723651856]",24.745939535726613,6.26810415432707
"[-0.033359716546256524, 1.1251780598957282, -0.850016180609844, 0.22165028403794032]",24.74595962082197,6.268732535695925
"[-0.033017681918531806, 1.1252681372834146, -0.8498290464356438, 0.2218079612900131]",24.74597754533665,6.26936091706478
"[-0.03267623011019504, 1.125357527055647, -0.8496423907565808, 0.2219650141947355]",24.745993327615114,6.269989298433634
"[-0.03233536058923649, 1.1254462331831203, -0.8494562120200397, 0.2221214456845672]",24.746006979502056,6.2706176798024895
"[-0.031995075404931184, 1.1255342589444535, -0.8492705100912459, 0.2222772574917951]",24.7460185019085,6.271246061171344
"[-0.031655367792589574, 1.125621609867662, -0.8490852800364498, 0.2224324553621094]",24.746027922720238,6.2718744425401995
"[-0.03131624050788507, 1.1257082889904733, -0.8489005221274684, 0.2225870406616435]",24.746035239720246,6.272502823909053
"[-0.0309776928451061, 1.1257943002220108, -0.8487162347561534, 0.22274101632351367]",24.746040466516266,6.273131205277909
"[-0.030639720986016722, 1.1258796482286355, -0.8485324146318695, 0.2228943866722041]",24.74604361736711,6.273759586646764
"[-0.030302323264707266, 1.1259643370930141, -0.8483490596483686, 0.2230471550268533]",24.74604471009437,6.274387968015619
"[-0.02996549958827574, 1.1260483704749198, -0.8481661685643602, 0.22319932397381068]",24.746043746343826,6.275016349384473
"[-0.02962924899022674, 1.1261317522282832, -0.8479837396730364, 0.22335089647639275]",24.7460407395922,6.275644730753328
"[-0.02929356934486772, 1.1262144864649892, -0.8478017706491839, 0.22350187599898647]",24.74603570331916,6.276273112122183
"[-0.02895845905322811, 1.1262965771347107, -0.8476202594644573, 0.22365226574571628]",24.746028642543397,6.276901493491038
"[-0.028623918286058214, 1.1263780277274564, -0.8474392050585318, 0.22380206810730593]",24.746019576552595,6.2775298748598924
"[-0.028289945822678728, 1.126458842049575, -0.847258605626374, 0.22395128608083684]",24.746008506077214,6.278158256228748
"[-0.027956537074992818, 1.126539024687458, -0.8470784575539548, 0.2240999241430583]",24.745995451896295,6.2787866375976025
"[-0.027623693806716764, 1.1266185786668763, -0.8468987606707019, 0.22424798391531148]",24.745980420276126,6.279415018966458
"[-0.02729141475941654, 1.1266975077201389, -0.8467195131807373, 0.22439546835103932]",24.74596341845905,6.280043400335312
"[-0.026959697726974124, 1.12677581577573, -0.8465407127871246, 0.22454238080339903]",24.745944460615696,6.280671781704167
"[-0.026628541101247325, 1.1268535065901502, -0.8463623575259467, 0.22468872433856757]",24.745923556648574,6.281300163073022
"[-0.026297944846881874, 1.1269305835259575, -0.8461844462893118, 0.22483450130943808]",24.745900714804804,6.281928544441877
"[-0.025967906926505285, 1.1270070503891678, -0.846006976900376, 0.22497971493456612]",24.74587594816622,6.282556925810731
"[-0.02563842462066803, 1.1270829111119582, -0.8458299468264672, 0.22512436870984562]",24.74584926635362,6.283185307179586
